relative_time_s,lord_ch1_norm,lord_ch2_norm,lord_ch3_norm,our_x_norm_original,our_y_norm_original,our_z_norm_original,our_mapped_to_lord_ch1_norm,our_mapped_to_lord_ch2_norm,our_mapped_to_lord_ch3_norm,lord_dynamic_magnitude_norm,our_dynamic_magnitude_norm,our_x_raw,our_y_raw,our_z_raw,sample_ts_utc,sample_ts_et,batch_id,sample_in_batch
0.000,0.13785204,-0.01055705,-0.02297296,0.43679340,-0.01902636,-0.04951179,-0.43679340,-0.01902636,-0.04951179,-1.21421284,-1.29303522,3835,-50,68,2026-05-03T23:57:11.577Z,2026-05-03 19:57:11.577,102629,15
0.040,0.13407120,-0.00846707,-0.02008350,0.28895778,-0.02004178,-0.05088234,-0.28895778,-0.02004178,-0.05088234,-1.21710362,-1.30835811,3818,-51,67,2026-05-03T23:57:11.617Z,2026-05-03 19:57:11.617,102629,16
0.080,0.13354875,-0.01061675,-0.01949027,0.26286914,-0.02207263,-0.05773512,-0.26286914,-0.02207263,-0.05773512,-1.21682162,-1.30471220,3815,-53,62,2026-05-03T23:57:11.657Z,2026-05-03 19:57:11.657,102629,17
0.120,0.13226058,-0.01152624,-0.02156796,0.20199564,-0.01801093,-0.02895345,-0.20199564,-0.01801093,-0.02895345,-1.21595510,-1.33265575,3808,-49,83,2026-05-03T23:57:11.697Z,2026-05-03 19:57:11.697,102629,18
0.160,0.13272726,-0.00998287,-0.01807677,0.17590700,-0.01902636,-0.04128845,-0.17590700,-0.01902636,-0.04128845,-1.21781428,-1.32603400,3805,-50,74,2026-05-03T23:57:11.737Z,2026-05-03 19:57:11.737,102629,19
0.200,0.12753748,-0.01032738,-0.02188018,0.28026156,-0.01801093,-0.03854734,-0.28026156,-0.01801093,-0.03854734,-1.21745449,-1.31845485,3817,-49,76,2026-05-03T23:57:11.777Z,2026-05-03 19:57:11.777,102629,20
0.240,0.12538133,-0.00824659,-0.02228040,0.28026156,-0.01394923,-0.04677067,-0.28026156,-0.01394923,-0.04677067,-1.21846315,-1.31485018,3817,-45,70,2026-05-03T23:57:11.817Z,2026-05-03 19:57:11.817,102629,21
0.280,0.13063610,-0.00984507,-0.02082715,0.25417292,-0.00785668,-0.03306512,-0.25417292,-0.00785668,-0.03306512,-1.21728327,-1.32902561,3814,-39,80,2026-05-03T23:57:11.857Z,2026-05-03 19:57:11.857,102629,22
0.320,0.13662872,-0.01235306,-0.02345832,0.31504642,-0.02105721,-0.05636457,-0.31504642,-0.02105721,-0.05636457,-1.21367794,-1.30141634,3821,-52,63,2026-05-03T23:57:11.897Z,2026-05-03 19:57:11.897,102629,23
0.360,0.13335291,-0.01125754,-0.01684776,0.20199564,-0.02004178,-0.02484178,-0.20199564,-0.02004178,-0.02484178,-1.21765409,-1.33348526,3808,-51,86,2026-05-03T23:57:11.937Z,2026-05-03 19:57:11.937,102629,24
0.400,0.13005749,-0.00995991,-0.01987913,0.18460322,-0.02613433,-0.03580623,-0.18460322,-0.02613433,-0.03580623,-1.21780641,-1.32390555,3806,-57,78,2026-05-03T23:57:11.977Z,2026-05-03 19:57:11.977,102629,25
0.440,0.13192453,-0.00984968,-0.01839183,0.16721079,-0.03527316,-0.06732901,-0.16721079,-0.03527316,-0.06732901,-1.21795170,-1.29508805,3804,-66,55,2026-05-03T23:57:12.017Z,2026-05-03 19:57:12.017,102629,26
0.480,0.13493024,-0.01740805,-0.05033769,0.24547671,-0.02308806,-0.04540012,-0.24547671,-0.02308806,-0.04540012,-1.19568232,-1.31457867,3813,-54,71,2026-05-03T23:57:12.057Z,2026-05-03 19:57:12.057,102629,27
0.520,0.12988042,-0.00819835,-0.02278846,0.21938807,-0.01598008,-0.02347123,-0.21938807,-0.01598008,-0.02347123,-1.21706771,-1.33507920,3810,-47,87,2026-05-03T23:57:12.097Z,2026-05-03 19:57:12.097,102629,28
0.560,0.12273987,-0.00138871,-0.00799771,0.18460322,-0.01801093,-0.02895345,-0.18460322,-0.01801093,-0.02895345,-1.22545364,-1.33439480,3806,-49,83,2026-05-03T23:57:12.137Z,2026-05-03 19:57:12.137,102629,29
0.600,0.12935733,-0.00877711,-0.01678531,0.27156535,-0.00988753,-0.02895345,-0.27156535,-0.00988753,-0.02895345,-1.21959940,-1.32866650,3816,-41,83,2026-05-03T23:57:12.177Z,2026-05-03 19:57:12.177,102629,30
0.640,0.14208894,-0.01175361,0.00893600,0.32374263,-0.02613433,-0.01798900,-0.32374263,-0.02613433,-0.01798900,-1.21719594,-1.31732260,3822,-57,91,2026-05-03T23:57:12.217Z,2026-05-03 19:57:12.217,102629,31
0.680,0.13666615,-0.01950032,-0.01608991,0.17590700,-0.02105721,-0.02895345,-0.17590700,-0.02105721,-0.02895345,-1.21305987,-1.33294379,3805,-52,83,2026-05-03T23:57:12.257Z,2026-05-03 19:57:12.257,102629,32
0.720,0.13307231,-0.01577281,-0.01455435,0.19329943,-0.02410348,-0.03991790,-0.19329943,-0.02410348,-0.03991790,-1.21649484,-1.32212904,3807,-55,75,2026-05-03T23:57:12.297Z,2026-05-03 19:57:12.297,102629,33
0.760,0.12941345,-0.00660906,-0.02549059,0.37591991,-0.00379498,-0.04402956,-0.37591991,-0.00379498,-0.04402956,-1.21621375,-1.30780777,3828,-35,72,2026-05-03T23:57:12.337Z,2026-05-03 19:57:12.337,102629,34
0.800,0.11521680,0.00458956,-0.03622815,0.12372972,-0.00785668,-0.02484178,-0.12372972,-0.00785668,-0.02484178,-1.21326057,-1.34894906,3799,-39,86,2026-05-03T23:57:12.377Z,2026-05-03 19:57:12.377,102629,35
0.840,0.12640817,0.00554497,0.00633606,0.21069186,-0.03222688,-0.03854734,-0.21069186,-0.03222688,-0.03854734,-1.22409670,-1.31494388,3809,-63,76,2026-05-03T23:57:12.417Z,2026-05-03 19:57:12.417,102629,36
0.880,0.12660394,-0.02173269,-0.03974489,0.23678050,-0.04644283,-0.06047623,-0.23678050,-0.04644283,-0.06047623,-1.20248024,-1.28680486,3812,-77,60,2026-05-03T23:57:12.457Z,2026-05-03 19:57:12.457,102629,37
0.920,0.14350796,-0.02976419,-0.03643819,0.30635020,-0.02816518,-0.05910568,-0.30635020,-0.02816518,-0.05910568,-1.19619859,-1.29640957,3820,-59,61,2026-05-03T23:57:12.497Z,2026-05-03 19:57:12.497,102629,38
0.960,0.14439435,-0.01550181,-0.03458757,0.27156535,0.00128214,-0.07966401,-0.27156535,0.00128214,-0.07966401,-1.20479151,-1.29116401,3816,-30,46,2026-05-03T23:57:12.537Z,2026-05-03 19:57:12.537,102629,39
1.000,0.13085131,-0.00584884,-0.06902551,0.17590700,-0.00176413,-0.07007012,-0.17590700,-0.00176413,-0.07007012,-1.18434354,-1.30639203,3805,-33,53,2026-05-03T23:57:12.577Z,2026-05-03 19:57:12.577,102629,40
1.040,0.12466290,0.00981682,-0.00424823,0.24547671,-0.02308806,-0.03169456,-0.24547671,-0.02308806,-0.03169456,-1.22362926,-1.32304474,3813,-54,81,2026-05-03T23:57:12.617Z,2026-05-03 19:57:12.617,102629,41
1.080,0.12499873,-0.01145046,-0.02040991,0.31504642,-0.04847368,-0.00702456,-0.31504642,-0.04847368,-0.00702456,-1.21836433,-1.29927090,3821,-79,99,2026-05-03T23:57:12.657Z,2026-05-03 19:57:12.657,102629,42
1.120,0.14824983,-0.03218030,0.00134904,0.21938807,-0.03222688,-0.02210067,-0.21938807,-0.03222688,-0.02210067,-1.20355843,-1.32216229,3810,-63,88,2026-05-03T23:57:12.697Z,2026-05-03 19:57:12.697,102629,43
1.160,0.14784800,-0.03471812,0.00258657,0.28895778,-0.02308806,-0.02210067,-0.28895778,-0.02308806,-0.02210067,-1.20150053,-1.32252273,3818,-54,88,2026-05-03T23:57:12.737Z,2026-05-03 19:57:12.737,102629,44
1.200,0.14233204,-0.01846911,0.00275687,0.22808428,0.00331299,-0.01387733,-0.22808428,0.00331299,-0.01387733,-1.21464040,-1.34340969,3811,-28,94,2026-05-03T23:57:12.777Z,2026-05-03 19:57:12.777,102629,45
1.240,0.13228839,-0.00393573,0.00103398,0.21069186,-0.01191838,-0.04540012,-0.21069186,-0.01191838,-0.04540012,-1.22309421,-1.32347408,3809,-43,71,2026-05-03T23:57:12.817Z,2026-05-03 19:57:12.817,102629,46
1.280,0.10283961,0.00716183,-0.02566941,0.22808428,-0.07487473,-0.06184679,-0.22808428,-0.07487473,-0.06184679,-1.22246584,-1.25741795,3811,-105,59,2026-05-03T23:57:12.857Z,2026-05-03 19:57:12.857,102629,47
1.320,0.13674072,-0.02402938,-0.01760560,0.21938807,-0.21398796,-0.10981624,-0.21938807,-0.21398796,-0.10981624,-1.20970174,-1.06817989,3810,-242,24,2026-05-03T23:57:12.897Z,2026-05-03 19:57:12.897,102629,48
1.360,0.25279155,-0.15824739,-0.00833265,0.09764108,-0.41402669,-0.15778570,-0.09764108,-0.41402669,-0.15778570,-1.05359274,-0.79516098,3796,-439,-11,2026-05-03T23:57:12.937Z,2026-05-03 19:57:12.937,102629,49
1.400,0.26848222,-0.29029274,-0.11842736,0.05416002,-0.58766436,-0.23590738,-0.05416002,-0.58766436,-0.23590738,-0.87796123,-0.54566255,3791,-610,-68,2026-05-03T23:57:12.977Z,2026-05-03 19:57:12.977,102629,50
1.440,0.46608414,-0.49391413,-0.16807045,0.10633730,-0.53790854,-0.35651629,-0.10633730,-0.53790854,-0.35651629,-0.61594913,-0.56442873,3797,-561,-156,2026-05-03T23:57:13.017Z,2026-05-03 19:57:13.017,102629,51
1.480,0.53064745,-0.53221817,-0.34153461,0.28895778,-0.31959216,-0.51001855,-0.28895778,-0.31959216,-0.51001855,-0.50734083,-0.70550382,3818,-346,-268,2026-05-03T23:57:13.057Z,2026-05-03 19:57:13.057,102629,52
1.520,0.39470569,-0.34587700,-0.45425766,0.16721079,-0.24648156,-0.55387633,-0.16721079,-0.24648156,-0.55387633,-0.63213324,-0.72864523,3804,-274,-300,2026-05-03T23:57:13.097Z,2026-05-03 19:57:13.097,102629,53
1.560,0.32999373,-0.18986808,-0.42795448,0.16721079,-0.17540181,-0.06047623,-0.16721079,-0.17540181,-0.06047623,-0.76931393,-1.13408330,3804,-204,60,2026-05-03T23:57:13.137Z,2026-05-03 19:57:13.137,102629,54
1.600,0.24733955,-0.23876671,-0.29765624,0.38461612,0.01651352,0.32602051,-0.38461612,0.01651352,0.32602051,-0.84027964,-1.04650843,3829,-15,342,2026-05-03T23:57:13.177Z,2026-05-03 19:57:13.177,102629,55
1.640,0.13862649,-0.03547832,0.22262841,0.37591991,-0.06268963,0.32327940,-0.37591991,-0.06268963,0.32327940,-1.03520964,-1.03940392,3828,-93,340,2026-05-03T23:57:13.217Z,2026-05-03 19:57:13.217,102629,56
1.680,-0.02178827,0.02821782,0.40787181,0.17590700,-0.07182846,0.32190884,-0.17590700,-0.07182846,0.32190884,-0.85856756,-1.04147565,3805,-102,339,2026-05-03T23:57:13.257Z,2026-05-03 19:57:13.257,102629,57
1.720,0.18866625,-0.15612295,0.23629231,0.34983127,0.14141080,0.50145166,-0.34983127,0.14141080,0.50145166,-0.95533686,-0.83713814,3825,108,470,2026-05-03T23:57:13.297Z,2026-05-03 19:57:13.297,102629,58
1.760,0.03233946,0.11106601,0.39624018,0.39331234,0.08251614,0.45211165,-0.39331234,0.08251614,0.45211165,-0.84824269,-0.90756734,3830,50,434,2026-05-03T23:57:13.337Z,2026-05-03 19:57:13.337,102629,59
1.800,0.06490613,0.11675949,0.52013502,0.21069186,0.05611509,0.22734049,-0.21069186,0.05611509,0.22734049,-0.72883453,-1.13797721,3809,24,270,2026-05-03T23:57:13.377Z,2026-05-03 19:57:13.377,102629,60
1.840,0.09421480,0.02227399,0.28726378,0.25417292,0.16578100,0.07794991,-0.25417292,0.16578100,0.07794991,-0.97672975,-1.13959898,3814,132,161,2026-05-03T23:57:13.417Z,2026-05-03 19:57:13.417,102629,61
1.880,0.01531467,0.12275609,0.09717810,0.02807138,0.22975277,-0.13311569,-0.02807138,0.22975277,-0.13311569,-1.08429574,-1.04130817,3788,195,7,2026-05-03T23:57:13.457Z,2026-05-03 19:57:13.457,102629,62
1.920,-0.07162236,0.23920009,-0.04307146,0.00198274,0.23584532,-0.31951128,-0.00198274,0.23584532,-0.31951128,-0.96469128,-0.92649385,3785,201,-129,2026-05-03T23:57:13.497Z,2026-05-03 19:57:13.497,102629,63
1.960,-0.06731953,0.21284108,-0.21878645,0.01067895,0.41252927,-0.38940963,-0.01067895,0.41252927,-0.38940963,-0.92272970,-0.69545273,3786,375,-180,2026-05-03T23:57:13.537Z,2026-05-03 19:57:13.537,102629,64
2.000,-0.16737088,0.33205031,-0.35016610,0.11503351,0.57398185,-0.35377518,-0.11503351,0.57398185,-0.35377518,-0.72459992,-0.52109000,3798,534,-154,2026-05-03T23:57:13.577Z,2026-05-03 19:57:13.577,102629,65
2.040,-0.29688016,0.52890340,-0.29908396,0.13242594,0.66435468,-0.21397849,-0.13242594,0.66435468,-0.21397849,-0.54120845,-0.45004499,3800,623,-52,2026-05-03T23:57:13.617Z,2026-05-03 19:57:13.617,102629,66
2.080,-0.33926669,0.59479735,-0.20104949,0.12372972,0.76894345,-0.01798900,-0.12372972,0.76894345,-0.01798900,-0.49603557,-0.33263268,3799,726,91,2026-05-03T23:57:13.657Z,2026-05-03 19:57:13.657,102629,67
2.120,-0.39477590,0.70540780,-0.01898788,0.35852748,0.85525458,0.16429492,-0.35852748,0.85525458,0.16429492,-0.38448822,-0.20200524,3826,811,224,2026-05-03T23:57:13.697Z,2026-05-03 19:57:13.697,102629,68
2.160,-0.44066163,0.78338013,0.15460401,0.40200855,0.81362215,0.34246718,-0.40200855,0.81362215,0.34246718,-0.27549665,-0.21746900,3831,770,354,2026-05-03T23:57:13.737Z,2026-05-03 19:57:13.737,102629,69
2.200,-0.40501486,0.76913150,0.30305646,0.30635020,0.76792803,0.39317775,-0.30635020,0.76792803,0.39317775,-0.26041696,-0.26041272,3820,725,391,2026-05-03T23:57:13.777Z,2026-05-03 19:57:13.777,102629,70
2.240,-0.36931267,0.72890748,0.40336447,0.32374263,0.67146265,0.41099497,-0.32374263,0.67146265,0.41099497,-0.27294783,-0.37487591,3822,630,404,2026-05-03T23:57:13.817Z,2026-05-03 19:57:13.817,102629,71
2.280,-0.30687720,0.64422200,0.41175472,0.34983127,0.74152698,0.34109663,-0.34983127,0.74152698,0.34109663,-0.36528394,-0.31177907,3825,699,353,2026-05-03T23:57:13.857Z,2026-05-03 19:57:13.857,102629,72
2.320,-0.32240882,0.65375086,0.35082057,0.21938807,1.09895658,0.27805106,-0.21938807,1.09895658,0.27805106,-0.37973651,0.14404749,3810,1051,307,2026-05-03T23:57:13.897Z,2026-05-03 19:57:13.897,102629,73
2.360,-0.53232212,0.88794110,0.26563538,0.47157826,1.55995954,0.00393989,-0.47157826,1.55995954,0.00393989,-0.12489063,0.74815141,3839,1505,107,2026-05-03T23:57:13.937Z,2026-05-03 19:57:13.937,102629,74
2.400,-0.93238738,1.43160899,0.30065803,-0.21542260,1.24517778,0.06561490,0.21542260,1.24517778,0.06561490,0.55090697,0.31876188,3760,1195,152,2026-05-03T23:57:13.977Z,2026-05-03 19:57:13.977,102629,75
2.440,-0.77467954,1.13615486,-0.07187524,0.14112215,1.53558934,-0.15093292,-0.14112215,1.53558934,-0.15093292,0.16038834,0.71922534,3801,1481,-6,2026-05-03T23:57:14.017Z,2026-05-03 19:57:14.017,102629,76
2.480,-1.07492729,1.47375310,0.01654568,-0.47630900,1.34367401,0.09302602,0.47630900,1.34367401,0.09302602,0.58504309,0.45555514,3730,1292,172,2026-05-03T23:57:14.057Z,2026-05-03 19:57:14.057,102629,77
2.520,-1.01457329,1.16193969,-0.05406447,-0.45891657,1.48380266,-0.01935956,0.45891657,1.48380266,-0.01935956,0.20472159,0.64427652,3732,1430,90,2026-05-03T23:57:14.097Z,2026-05-03 19:57:14.097,102629,78
2.560,-1.32015096,1.48389525,0.13243633,-0.53718249,1.45029364,0.13688381,0.53718249,1.45029364,0.13688381,0.61656500,0.60379986,3723,1397,204,2026-05-03T23:57:14.137Z,2026-05-03 19:57:14.137,102629,79
2.600,-1.27251921,1.22893845,0.03920155,4.35008939,0.94156571,0.02998045,-4.35008939,0.94156571,0.02998045,0.30287832,0.07808291,4285,896,126,2026-05-03T23:57:14.177Z,2026-05-03 19:57:14.177,102629,80
2.640,1.81057445,1.53705889,-0.13015833,-0.78067646,-3.10896467,4.01692736,0.78067646,-3.10896467,4.01692736,0.71698722,4.49369596,3695,-3093,3035,2026-05-03T23:57:14.217Z,2026-05-03 19:57:14.217,102629,81
2.680,8.65081697,-4.45657217,1.28692652,-0.70241054,0.20842885,-0.87047473,0.70241054,0.20842885,-0.87047473,4.97228926,-0.45068963,3704,174,-531,2026-05-03T23:57:14.257Z,2026-05-03 19:57:14.257,102629,82
2.720,-1.33038065,1.41591573,5.57243132,-1.38941139,-1.94630303,-1.14321534,1.38941139,-1.94630303,-1.14321534,4.53660253,1.52333883,3625,-1948,-730,2026-05-03T23:57:14.297Z,2026-05-03 19:57:14.297,102629,83
2.760,3.18749321,-3.41177562,-2.19695189,-1.33723411,-0.86589082,0.31231495,1.33723411,-0.86589082,0.31231495,3.57547210,-0.14073098,3631,-884,332,2026-05-03T23:57:14.337Z,2026-05-03 19:57:14.337,102629,84
2.800,-2.69525778,0.10723972,-0.30856979,-2.46774184,-1.01414287,-1.82164048,2.46774184,-1.01414287,-1.82164048,-0.37495945,0.95519137,3501,-1030,-1225,2026-05-03T23:57:14.377Z,2026-05-03 19:57:14.377,102629,85
2.840,1.39961605,-1.60198670,-1.18832839,-0.65023326,-1.34212515,-2.46169005,0.65023326,-1.34212515,-2.46169005,1.07665109,1.71021863,3710,-1353,-1692,2026-05-03T23:57:14.417Z,2026-05-03 19:57:14.417,102629,86
2.880,1.09220962,-0.87330049,0.09630106,-1.98075390,-0.50236866,-2.87285680,1.98075390,-0.50236866,-2.87285680,-0.13118254,1.61934644,3557,-526,-1992,2026-05-03T23:57:14.457Z,2026-05-03 19:57:14.457,102629,87
2.920,-1.59173318,-0.53615927,-3.42846968,-0.97199315,-1.34517142,-1.40773261,0.97199315,-1.34517142,-1.40773261,2.22783252,0.94606388,3673,-1356,-923,2026-05-03T23:57:14.497Z,2026-05-03 19:57:14.497,102629,88
2.960,1.97453613,-1.69878723,-0.95890855,-0.80676510,-1.05983700,-1.03357087,0.80676510,-1.05983700,-1.03357087,1.11598909,0.40686477,3692,-1075,-650,2026-05-03T23:57:14.537Z,2026-05-03 19:57:14.537,102629,89
3.000,-0.78178319,-0.55142531,-1.57243941,-0.91111966,-0.90752324,0.00256934,0.91111966,-0.90752324,0.00256934,0.45171058,-0.13531751,3680,-925,106,2026-05-03T23:57:14.577Z,2026-05-03 19:57:14.577,102629,90
3.040,0.37469311,-1.04785969,-0.45350548,-0.11976425,-1.44163680,0.65358335,0.11976425,-1.44163680,0.65358335,0.11020392,0.69343694,3771,-1451,581,2026-05-03T23:57:14.617Z,2026-05-03 19:57:14.617,102629,91
3.080,0.84848941,-1.07230328,0.84951090,-0.08497940,-0.67600634,0.30546217,0.08497940,-0.67600634,0.30546217,0.32573209,-0.40940832,3775,-697,327,2026-05-03T23:57:14.657Z,2026-05-03 19:57:14.657,102629,92
3.120,0.00253598,-0.71146721,1.31342552,-0.48500521,-1.54927185,1.10997845,0.48500521,-1.54927185,1.10997845,0.30511556,1.01295485,3729,-1557,914,2026-05-03T23:57:14.697Z,2026-05-03 19:57:14.697,102629,93
3.160,0.96245771,-1.48754773,0.25097805,-0.57196734,-0.75927119,0.69195892,0.57196734,-0.75927119,0.69195892,0.61249824,-0.12872023,3719,-779,609,2026-05-03T23:57:14.737Z,2026-05-03 19:57:14.737,102629,94
3.200,-0.36067853,-0.66842970,0.88997469,-0.40673929,-1.47413040,1.07845566,0.40673929,-1.47413040,1.07845566,-0.05177027,0.90716338,3738,-1483,891,2026-05-03T23:57:14.777Z,2026-05-03 19:57:14.777,102629,95
3.240,1.36079661,-1.48592165,0.84612190,-0.81546131,-0.82832009,-0.16875014,0.81546131,-0.82832009,-0.16875014,0.79517622,-0.23175091,3691,-847,-19,2026-05-03T23:57:14.817Z,2026-05-03 19:57:14.817,102629,96
3.280,-0.31861922,-0.60849552,0.78470522,-0.62414462,-1.36344907,0.11495491,0.62414462,-1.36344907,0.11495491,-0.17890717,0.48484916,3713,-1374,188,2026-05-03T23:57:14.857Z,2026-05-03 19:57:14.857,102629,97
3.320,1.04621093,-1.47857455,-0.24964521,-1.38941139,-0.90041527,-0.79783527,1.38941139,-0.90041527,-0.79783527,0.60569491,0.10427185,3625,-918,-478,2026-05-03T23:57:14.897Z,2026-05-03 19:57:14.897,102629,98
3.360,-0.41157711,-0.70264335,-0.29289630,-1.31984169,-1.27409167,-1.15829145,1.31984169,-1.27409167,-1.15829145,-0.34064215,0.72484335,3633,-1286,-741,2026-05-03T23:57:14.937Z,2026-05-03 19:57:14.937,102629,99
3.400,0.85185859,-1.36787233,-1.37136919,-1.71986750,-0.84152062,-1.59549876,1.71986750,-0.84152062,-1.59549876,0.91836207,0.61699854,3587,-860,-1060,2026-05-03T23:57:14.977Z,2026-05-03 19:57:14.977,102629,100
3.440,-0.37370916,-0.63328590,-1.18559783,1.35859201,-0.00176413,-1.46940763,-1.35859201,-0.00176413,-1.46940763,0.15089292,0.11916259,3941,-33,-968,2026-05-03T23:57:15.017Z,2026-05-03 19:57:15.017,102630,1
3.480,1.69910808,-0.79570944,-1.37660885,2.81085963,2.43220962,-2.27255334,-2.81085963,2.43220962,-2.27255334,0.49445888,2.68020127,4108,2364,-1554,2026-05-03T23:57:15.057Z,2026-05-03 19:57:15.057,102630,2
3.520,-1.14483946,2.68506384,-1.98766459,-2.05032360,0.87150138,-1.30768204,2.05032360,0.87150138,-1.30768204,2.60668397,0.42601298,3549,827,-850,2026-05-03T23:57:15.097Z,2026-05-03 19:57:15.097,102630,3
3.560,-1.33111817,0.55726732,-1.49165081,0.39331234,1.95597529,-0.47164298,-0.39331234,1.95597529,-0.47164298,0.41514304,1.33041093,3830,1895,-240,2026-05-03T23:57:15.137Z,2026-05-03 19:57:15.137,102630,4
3.600,-1.89948563,2.33467521,0.77973243,0.84551543,1.34875114,1.31693238,-0.84551543,1.34875114,1.31693238,1.77589822,0.89374659,3882,1297,1065,2026-05-03T23:57:15.177Z,2026-05-03 19:57:15.177,102630,5
3.640,-0.78810216,0.86535552,1.19354413,0.34983127,1.23908523,1.15657734,-0.34983127,1.23908523,1.15657734,0.34707485,0.67462492,3825,1189,948,2026-05-03T23:57:15.217Z,2026-05-03 19:57:15.217,102630,6
3.680,-1.21497486,1.48585884,1.51725180,0.43679340,1.55691326,0.82079117,-0.43679340,1.55691326,0.82079117,1.13578589,0.90009042,3835,1502,703,2026-05-03T23:57:15.257Z,2026-05-03 19:57:15.257,102630,7
3.720,-1.17781626,1.22932432,0.98140712,-0.14585289,1.03701566,1.71850524,0.14585289,1.03701566,1.71850524,0.57369450,0.85906468,3768,990,1358,2026-05-03T23:57:15.297Z,2026-05-03 19:57:15.297,102630,8
3.760,-0.61288401,0.96658631,1.54448306,1.15857911,1.69704192,1.36627239,-1.15857911,1.69704192,1.36627239,0.68453647,1.32107222,3918,1640,1101,2026-05-03T23:57:15.337Z,2026-05-03 19:57:15.337,102630,9
3.800,-1.11038709,1.61298944,1.69787427,-0.71110675,0.85119288,1.83226137,0.71110675,0.85119288,1.83226137,1.36386691,0.80753702,3703,807,1441,2026-05-03T23:57:15.377Z,2026-05-03 19:57:15.377,102630,10
3.840,-0.49254977,0.59294170,1.30276740,0.71507223,1.44013939,1.28266848,-0.71507223,1.44013939,1.28266848,0.22658510,0.97545063,3867,1387,1040,2026-05-03T23:57:15.417Z,2026-05-03 19:57:15.417,102630,11
3.880,-1.21968834,1.47054236,1.53396694,1.73252918,1.26650171,1.34708461,-1.73252918,1.26650171,1.34708461,1.13203941,0.83577555,3984,1216,1087,2026-05-03T23:57:15.457Z,2026-05-03 19:57:15.457,102630,12
3.920,-0.44382593,0.97634035,1.36395131,1.53251628,-0.69225314,2.08718475,-1.53251628,-0.69225314,2.08718475,0.55107003,0.94299294,3961,-713,1627,2026-05-03T23:57:15.497Z,2026-05-03 19:57:15.497,102630,13
3.960,1.69073588,-0.84439214,0.87761079,0.11503351,-1.71072443,2.78753878,-0.11503351,-1.71072443,2.78753878,0.18824011,2.27820697,3798,-1716,2138,2026-05-03T23:57:15.537Z,2026-05-03 19:57:15.537,102630,14
4.000,1.23413295,-1.54479708,0.35807827,0.48897068,-1.10756197,1.36627239,-0.48897068,-1.10756197,1.36627239,0.71224914,0.66706710,3841,-1122,1101,2026-05-03T23:57:15.577Z,2026-05-03 19:57:15.577,102630,15
4.040,0.24019925,-0.92560965,2.37897808,-1.27636062,-1.35126397,-2.04778219,1.27636062,-1.35126397,-2.04778219,1.35459320,1.39820843,3638,-1362,-1390,2026-05-03T23:57:15.617Z,2026-05-03 19:57:15.617,102630,16
4.080,-0.05843311,-1.00515980,-2.27844424,-1.78074099,-0.62625051,-3.41696746,1.78074099,-0.62625051,-3.41696746,1.31034558,2.18862525,3580,-648,-2389,2026-05-03T23:57:15.657Z,2026-05-03 19:57:15.657,102630,17
4.120,-0.06970913,-0.69963467,-1.88177062,-1.74595614,-1.35532567,-3.41148524,1.74595614,-1.35532567,-3.41148524,0.78942277,2.54223716,3584,-1366,-2385,2026-05-03T23:57:15.697Z,2026-05-03 19:57:15.697,102630,18
4.160,0.58565244,-1.25030290,-4.33382468,-1.87639934,-0.84152062,-3.36351578,1.87639934,-0.84152062,-3.36351578,3.29870575,2.22026079,3569,-860,-2350,2026-05-03T23:57:15.737Z,2026-05-03 19:57:15.737,102630,19
4.200,-0.37589280,-0.67511305,-3.88549842,-1.23287955,-1.11974707,-2.57681674,1.23287955,-1.11974707,-2.57681674,2.67312545,1.64503413,3643,-1134,-1776,2026-05-03T23:57:15.777Z,2026-05-03 19:57:15.777,102630,20
4.240,0.84224537,-0.96771239,-1.66253771,-0.99808179,-1.01312744,-0.81291138,0.99808179,-1.01312744,-0.81291138,0.78595252,0.23411976,3670,-1029,-489,2026-05-03T23:57:15.817Z,2026-05-03 19:57:15.817,102630,21
4.280,-0.02017337,-0.92809469,-0.86446751,-0.26759988,-1.32283207,1.58967299,0.26759988,-1.32283207,1.58967299,0.16617215,1.03550584,3754,-1334,1264,2026-05-03T23:57:15.857Z,2026-05-03 19:57:15.857,102630,22
4.320,0.68013103,-1.30353764,0.52695277,0.23678050,-1.12583962,2.16941810,-0.23678050,-1.12583962,2.16941810,0.44054115,1.29640873,3812,-1140,1687,2026-05-03T23:57:15.897Z,2026-05-03 19:57:15.897,102630,23
4.360,0.91061555,-1.13111436,1.89467832,0.16721079,-0.93697057,1.63764244,-0.16721079,-0.93697057,1.63764244,1.09085732,0.71016058,3804,-954,1299,2026-05-03T23:57:15.937Z,2026-05-03 19:57:15.937,102630,24
4.400,0.79949427,-0.88380089,2.12412660,1.24554124,0.24803042,2.29139757,-1.24554124,0.24803042,2.29139757,1.11751599,0.96780016,3928,213,1776,2026-05-03T23:57:15.977Z,2026-05-03 19:57:15.977,102630,25
4.440,0.41259920,-0.25908773,0.71884651,2.22821334,1.40764579,1.72672857,-2.22821334,1.40764579,1.72672857,-0.47358711,1.23808718,4041,1355,1364,2026-05-03T23:57:16.017Z,2026-05-03 19:57:16.017,102630,26
4.480,-0.59975103,1.45943787,1.88989008,0.29765399,1.49700319,0.12043714,-0.29765399,1.49700319,0.12043714,1.33984420,0.66505791,3819,1443,192,2026-05-03T23:57:16.057Z,2026-05-03 19:57:16.057,102630,27
4.520,-1.14604316,1.41880276,1.37416382,-0.39804308,1.33351976,0.01353378,0.39804308,1.33351976,0.01353378,0.98132880,0.43887071,3739,1282,114,2026-05-03T23:57:16.097Z,2026-05-03 19:57:16.097,102630,28
4.560,-1.19545755,1.30179605,0.67149115,0.96726241,1.78030677,-0.05088234,-0.96726241,1.78030677,-0.05088234,0.51326486,1.05304145,3896,1722,67,2026-05-03T23:57:16.137Z,2026-05-03 19:57:16.137,102630,29
4.600,-1.24857767,1.73488572,0.55944648,-0.60675219,1.17308261,0.20678215,0.60675219,1.17308261,0.20678215,0.98102571,0.23519673,3715,1124,255,2026-05-03T23:57:16.177Z,2026-05-03 19:57:16.177,102630,30
4.640,-0.86970924,0.98800055,0.02347414,0.88030028,1.83412429,-1.14184478,-0.88030028,1.83412429,-1.14184478,-0.01527759,1.37813900,3886,1775,-729,2026-05-03T23:57:16.217Z,2026-05-03 19:57:16.217,102630,31
4.680,-1.16371241,1.86492376,-0.10504444,-0.81546131,1.09794116,-0.18793793,0.81546131,1.09794116,-0.18793793,1.06807879,0.13371690,3691,1050,-33,2026-05-03T23:57:16.257Z,2026-05-03 19:57:16.257,102630,32
4.720,-0.72395888,0.85973095,-0.99466353,1.14118668,1.26853256,-0.57991689,-1.14118668,1.26853256,-0.57991689,0.20067253,0.45465706,3916,1218,-319,2026-05-03T23:57:16.297Z,2026-05-03 19:57:16.297,102630,33
4.760,-2.44728998,1.56442382,-0.51709352,-0.79806889,-1.70564730,0.09302602,0.79806889,-1.70564730,0.09302602,0.86968243,0.95106596,3693,-1711,172,2026-05-03T23:57:16.337Z,2026-05-03 19:57:16.337,102630,34
4.800,0.95355297,-1.58612587,-0.89304703,1.00204727,-0.81511957,0.44251776,-1.00204727,-0.81511957,0.44251776,0.90422669,-0.17272000,3900,-834,427,2026-05-03T23:57:16.377Z,2026-05-03 19:57:16.377,102630,35
4.840,1.00161405,-0.61449675,2.99294887,-1.28505683,-1.60410480,0.10536102,1.28505683,-1.60410480,0.10536102,1.80958080,0.81922235,3637,-1611,181,2026-05-03T23:57:16.417Z,2026-05-03 19:57:16.417,102630,36
4.880,0.56596658,-1.54010035,-0.95313246,-0.41543550,-0.93189344,-0.01661845,0.41543550,-0.93189344,-0.01661845,0.86567675,-0.10870329,3737,-949,92,2026-05-03T23:57:16.457Z,2026-05-03 19:57:16.457,102630,37
4.920,0.00525243,-0.78385396,0.06922016,-1.04156286,-1.33400175,-0.86499251,1.04156286,-1.33400175,-0.86499251,-0.29375023,0.64441743,3665,-1345,-527,2026-05-03T23:57:16.497Z,2026-05-03 19:57:16.497,102630,38
4.960,0.83250885,-1.22650466,-0.94059824,-0.38065065,-0.86792167,-1.76407713,0.38065065,-0.86792167,-1.76407713,0.53177045,0.75990061,3741,-886,-1183,2026-05-03T23:57:16.537Z,2026-05-03 19:57:16.537,102630,39
5.000,0.47574502,-0.64185712,0.14740022,-1.25027198,-1.30049272,-0.92529696,1.25027198,-1.30049272,-0.92529696,-0.44512111,0.63405094,3641,-1312,-571,2026-05-03T23:57:16.577Z,2026-05-03 19:57:16.577,102630,40
5.040,0.71058777,-1.31230644,-1.97626572,-0.75458782,-0.78262597,-0.86499251,0.75458782,-0.78262597,-0.86499251,1.28536268,0.00341049,3698,-802,-527,2026-05-03T23:57:16.617Z,2026-05-03 19:57:16.617,102630,41
5.080,-0.06912058,-0.66668652,-1.12550101,-0.61544841,-1.13396302,-0.47438409,0.61544841,-1.13396302,-0.47438409,0.12142068,0.24091718,3714,-1148,-242,2026-05-03T23:57:16.657Z,2026-05-03 19:57:16.657,102630,42
5.120,1.38538197,-1.17670803,-0.83097754,0.45418583,0.34449580,-0.88966251,-0.45418583,0.34449580,-0.88966251,0.45843343,-0.36481041,3837,308,-545,2026-05-03T23:57:16.697Z,2026-05-03 19:57:16.697,102630,43
5.160,-0.40968208,0.48819469,0.17857689,1.08900940,0.81565300,-0.71286081,-1.08900940,0.81565300,-0.71286081,-0.62340926,-0.04486736,3910,772,-416,2026-05-03T23:57:16.737Z,2026-05-03 19:57:16.737,102630,44
5.200,-0.20256006,0.83585008,-0.50675898,0.40200855,1.28173308,-0.08651679,-0.40200855,1.28173308,-0.08651679,-0.11485157,0.37037928,3831,1231,41,2026-05-03T23:57:16.777Z,2026-05-03 19:57:16.777,102630,45
5.240,-0.81237049,1.22747546,-0.18250356,0.51505932,1.40764579,0.93865897,-0.51505932,1.40764579,0.93865897,0.28229932,0.76218701,3844,1355,789,2026-05-03T23:57:16.817Z,2026-05-03 19:57:16.817,102630,46
5.280,-1.11517604,1.25528824,0.06487177,1.00204727,1.26040916,0.57409112,-1.00204727,1.26040916,0.57409112,0.32419421,0.44024940,3900,1210,523,2026-05-03T23:57:16.857Z,2026-05-03 19:57:16.857,102630,47
5.320,-0.56700743,1.22998572,1.38022937,0.25417292,0.41151385,1.46358185,-0.25417292,0.41151385,1.46358185,0.78608257,0.20110055,3814,374,1172,2026-05-03T23:57:16.897Z,2026-05-03 19:57:16.897,102630,48
5.360,-0.04414340,0.27732270,1.30570805,0.93247756,-0.03019603,1.62393688,-0.93247756,-0.03019603,1.62393688,0.07323748,0.26697797,3892,-61,1289,2026-05-03T23:57:16.937Z,2026-05-03 19:57:16.937,102630,49
5.400,0.15740653,-0.03970192,1.61297867,0.19329943,-0.63437391,1.63078966,-0.19329943,-0.63437391,1.63078966,0.33422081,0.48045225,3807,-656,1294,2026-05-03T23:57:16.977Z,2026-05-03 19:57:16.977,102630,50
5.440,0.42398691,-0.63513013,1.05211662,0.25417292,-0.64452817,1.26896292,-0.25417292,-0.64452817,1.26896292,0.04617198,0.17389874,3814,-666,1030,2026-05-03T23:57:17.017Z,2026-05-03 19:57:17.017,102630,51
5.480,0.56073965,-0.62347218,1.06862738,0.60202145,-0.19063318,0.57546167,-0.60202145,-0.19063318,0.57546167,0.05550444,-0.73792999,3854,-219,524,2026-05-03T23:57:17.057Z,2026-05-03 19:57:17.057,102630,52
5.520,0.41207675,-0.14493353,0.96447343,0.00198274,0.04799169,-0.48397798,-0.00198274,0.04799169,-0.48397798,-0.28441265,-0.88879860,3785,16,-249,2026-05-03T23:57:17.097Z,2026-05-03 19:57:17.097,102630,53
5.560,0.02945555,0.06395415,-0.49492868,-0.11976425,0.35871175,-1.31590537,0.11976425,0.35871175,-1.31590537,-0.76754691,0.03557192,3771,322,-856,2026-05-03T23:57:17.137Z,2026-05-03 19:57:17.137,102630,54
5.600,-0.24769004,0.38595338,-1.37024800,-0.27629609,0.40846757,-1.89976216,0.27629609,0.40846757,-1.89976216,0.17572692,0.61846860,3753,371,-1282,2026-05-03T23:57:17.177Z,2026-05-03 19:57:17.177,102630,55
5.640,-0.31727570,0.40322672,-1.76677691,-0.34586580,-0.03019603,-1.94361994,0.34586580,-0.03019603,-1.94361994,0.55703202,0.58427235,3745,-61,-1314,2026-05-03T23:57:17.217Z,2026-05-03 19:57:17.217,102630,56
5.680,0.06396355,0.00735707,-1.83413423,-0.32847337,-0.27085176,-1.45570207,0.32847337,-0.27085176,-1.45570207,0.55178087,0.13622382,3747,-298,-958,2026-05-03T23:57:17.257Z,2026-05-03 19:57:17.257,102630,57
5.720,0.10454767,-0.23548935,-1.03530899,-0.34586580,-0.81207329,-0.56072911,0.34586580,-0.81207329,-0.56072911,-0.19814146,-0.13624360,3745,-831,-305,2026-05-03T23:57:17.297Z,2026-05-03 19:57:17.297,102630,58
5.760,0.54743879,-0.77238206,-0.65944346,-0.08497940,-0.75520949,0.30820329,0.08497940,-0.75520949,0.30820329,-0.09625055,-0.30554537,3775,-775,329,2026-05-03T23:57:17.337Z,2026-05-03 19:57:17.337,102630,59
5.800,0.51755991,-0.70517659,0.32518158,0.47157826,-0.48510644,0.75363393,-0.47157826,-0.48510644,0.75363393,-0.32230460,-0.37016180,3839,-509,654,2026-05-03T23:57:17.377Z,2026-05-03 19:57:17.377,102630,60
5.840,0.48586218,-0.44923681,0.81486008,0.67159116,-0.16524756,0.93043563,-0.67159116,-0.16524756,0.93043563,-0.27379111,-0.40906920,3862,-194,783,2026-05-03T23:57:17.417Z,2026-05-03 19:57:17.417,102630,61
5.880,0.30909494,-0.13861995,0.95323345,0.70637601,0.19827460,0.85916673,-0.70637601,0.19827460,0.85916673,-0.30026037,-0.46559471,3866,164,731,2026-05-03T23:57:17.457Z,2026-05-03 19:57:17.457,102630,62
5.920,0.03781878,0.20082258,0.60516128,0.70637601,0.71715678,0.58094390,-0.70637601,0.71715678,0.58094390,-0.61545692,-0.23535068,3866,675,528,2026-05-03T23:57:17.497Z,2026-05-03 19:57:17.497,102630,63
5.960,-0.29031827,0.70619561,0.57661011,0.70637601,0.94359656,0.38906608,-0.70637601,0.94359656,0.38906608,-0.21805582,-0.03110105,3866,898,388,2026-05-03T23:57:17.537Z,2026-05-03 19:57:17.537,102630,64
6.000,-0.43362372,0.85454506,0.37234111,0.62811009,0.53539570,0.10124936,-0.62811009,0.53539570,0.10124936,-0.13853798,-0.63788713,3857,496,178,2026-05-03T23:57:17.577Z,2026-05-03 19:57:17.577,102630,65
6.040,-0.10517798,0.42847412,0.19075066,0.14981836,-0.04339656,-0.03169456,-0.14981836,-0.04339656,-0.03169456,-0.70128594,-1.31117775,3802,-74,81,2026-05-03T23:57:17.617Z,2026-05-03 19:57:17.617,102630,66
6.080,0.22095282,-0.06155713,0.00396602,0.03676759,-0.29725281,-0.03443567,-0.03676759,-0.29725281,-0.03443567,-1.16208867,-0.97533511,3789,-324,79,2026-05-03T23:57:17.657Z,2026-05-03 19:57:17.657,102630,67
6.120,0.30227111,-0.28508616,-0.02784928,-0.05019454,-0.45768996,-0.15230347,0.05019454,-0.45768996,-0.15230347,-0.89893037,-0.73910265,3779,-482,-7,2026-05-03T23:57:17.697Z,2026-05-03 19:57:17.697,102630,68
6.160,0.34294929,-0.44564250,-0.25373816,-0.11976425,-0.44245859,-0.39078019,0.11976425,-0.44245859,-0.39078019,-0.65005471,-0.66058375,3771,-467,-181,2026-05-03T23:57:17.737Z,2026-05-03 19:57:17.737,102630,69
6.200,0.32803264,-0.38279154,-0.31875954,-0.08497940,-0.23835816,-0.59499301,0.08497940,-0.23835816,-0.59499301,-0.68685038,-0.69841748,3775,-266,-330,2026-05-03T23:57:17.777Z,2026-05-03 19:57:17.777,102630,70
6.240,0.16797249,-0.16036722,-0.55418250,0.16721079,0.11602517,-0.67174413,-0.16721079,0.11602517,-0.67174413,-0.67840830,-0.68453664,3804,83,-386,2026-05-03T23:57:17.817Z,2026-05-03 19:57:17.817,102630,71
6.280,0.03690440,0.17114717,-0.42495715,0.09764108,0.25310755,-0.49768354,-0.09764108,0.25310755,-0.49768354,-0.79299405,-0.77192828,3796,218,-259,2026-05-03T23:57:17.857Z,2026-05-03 19:57:17.857,102630,72
6.320,-0.03501452,0.23904621,-0.45509781,0.34113506,0.17898152,-0.20712571,-0.34113506,0.17898152,-0.20712571,-0.72521436,-1.05624889,3824,145,-47,2026-05-03T23:57:17.897Z,2026-05-03 19:57:17.897,102630,73
6.360,0.00230314,0.14008223,-0.17504433,0.21069186,-0.09112153,0.08343213,-0.21069186,-0.09112153,0.08343213,-1.01905012,-1.22862813,3809,-121,165,2026-05-03T23:57:17.937Z,2026-05-03 19:57:17.937,102630,74
6.400,0.19614263,-0.12167046,0.11607881,0.33243884,-0.27085176,0.34246718,-0.33243884,-0.27085176,0.34246718,-1.06545601,-0.87325461,3823,-298,354,2026-05-03T23:57:17.977Z,2026-05-03 19:57:17.977,102630,75
6.440,0.29225659,-0.23983237,0.42863734,0.37591991,-0.19266403,0.50693388,-0.37591991,-0.19266403,0.50693388,-0.73881351,-0.80331778,3828,-221,474,2026-05-03T23:57:18.017Z,2026-05-03 19:57:18.017,102630,76
6.480,0.23738931,-0.15375049,0.51984268,0.52375553,-0.01394923,0.47541110,-0.52375553,-0.01394923,0.47541110,-0.71061457,-0.89426239,3845,-45,451,2026-05-03T23:57:18.057Z,2026-05-03 19:57:18.057,102630,77
6.520,0.13971833,0.01246717,0.40402581,0.42809719,0.16984270,0.29449773,-0.42809719,0.16984270,0.29449773,-0.86135915,-0.99907787,3834,136,319,2026-05-03T23:57:18.097Z,2026-05-03 19:57:18.097,102630,78
6.560,0.02585285,0.18759598,0.21421548,0.35852748,0.29880167,-0.01113622,-0.35852748,0.29880167,-0.01113622,-0.94975419,-0.97061694,3826,263,96,2026-05-03T23:57:18.137Z,2026-05-03 19:57:18.137,102630,79
6.600,-0.03515466,0.25435361,0.04951902,0.21938807,0.09876294,-0.20301404,-0.21938807,0.09876294,-0.20301404,-0.94586424,-1.13453729,3810,66,-44,2026-05-03T23:57:18.177Z,2026-05-03 19:57:18.177,102630,80
6.640,0.07682576,0.05289796,-0.20839803,-0.05889076,-0.12361513,-0.35103407,0.05889076,-0.12361513,-0.35103407,-1.04620849,-0.98944410,3778,-153,-152,2026-05-03T23:57:18.217Z,2026-05-03 19:57:18.217,102630,81
6.680,0.17762410,-0.12346645,-0.31172605,0.04546380,-0.24140443,-0.40174463,-0.04546380,-0.24140443,-0.40174463,-0.91543839,-0.85944555,3790,-269,-189,2026-05-03T23:57:18.257Z,2026-05-03 19:57:18.257,102630,82
6.720,0.23594326,-0.21592392,-0.40280084,0.02807138,-0.18352521,-0.39489186,-0.02807138,-0.18352521,-0.39489186,-0.77884661,-0.91116807,3788,-212,-184,2026-05-03T23:57:18.297Z,2026-05-03 19:57:18.297,102630,83
6.760,0.19732821,-0.15087504,-0.38023013,0.20199564,0.01549809,-0.32225240,-0.20199564,0.01549809,-0.32225240,-0.83960402,-1.05445784,3808,-16,-131,2026-05-03T23:57:18.337Z,2026-05-03 19:57:18.337,102630,84
6.800,0.07923398,0.05122367,-0.20855981,0.29765399,0.13227197,-0.13859792,-0.29765399,0.13227197,-0.13859792,-1.04658661,-1.14918545,3819,99,3,2026-05-03T23:57:18.377Z,2026-05-03 19:57:18.377,102630,85
6.840,0.03464508,0.13423952,-0.07702121,0.25417292,0.13125655,0.07932046,-0.25417292,0.13125655,0.07932046,-1.08112793,-1.18219061,3814,98,162,2026-05-03T23:57:18.417Z,2026-05-03 19:57:18.417,102630,86
6.880,0.07789894,0.10103638,0.15812927,0.37591991,-0.01801093,0.26708661,-0.37591991,-0.01801093,0.26708661,-1.06229568,-1.10486347,3828,-49,299,2026-05-03T23:57:18.457Z,2026-05-03 19:57:18.457,102630,87
6.920,0.16547067,-0.04617855,0.26988726,0.28895778,-0.16220128,0.31505606,-0.28895778,-0.16220128,0.31505606,-0.98604333,-0.99190371,3818,-191,334,2026-05-03T23:57:18.497Z,2026-05-03 19:57:18.497,102630,88
6.960,0.28544248,-0.17418175,0.31210802,0.21069186,-0.13478481,0.29312717,-0.21069186,-0.13478481,0.29312717,-0.87745853,-1.03211590,3809,-164,318,2026-05-03T23:57:18.537Z,2026-05-03 19:57:18.537,102630,89
7.000,0.21252378,-0.09582132,0.29726619,0.33243884,0.02768319,0.17662993,-0.33243884,0.02768319,0.17662993,-0.94012629,-1.19251762,3823,-4,233,2026-05-03T23:57:18.577Z,2026-05-03 19:57:18.577,102630,90
7.040,0.06957360,0.06074109,0.15057352,0.41940098,0.09470124,-0.04677067,-0.41940098,0.09470124,-0.04677067,-1.09565608,-1.22961125,3833,62,70,2026-05-03T23:57:18.617Z,2026-05-03 19:57:18.617,102630,91
7.080,0.05773767,0.09684033,0.01586162,0.14981836,-0.18555606,-0.27154183,-0.14981836,-0.18555606,-0.27154183,-1.14198834,-1.00827472,3802,-214,-94,2026-05-03T23:57:18.657Z,2026-05-03 19:57:18.657,102630,92
7.120,0.32178923,-0.24903058,-0.25879894,0.02807138,-0.23328103,-0.34829296,-0.02807138,-0.23328103,-0.34829296,-0.85175887,-0.90776382,3788,-261,-150,2026-05-03T23:57:18.697Z,2026-05-03 19:57:18.697,102630,93
7.160,0.16602190,-0.11695766,-0.46508036,0.23678050,0.00229757,-0.49494243,-0.23678050,0.00229757,-0.49494243,-0.77871969,-0.88064371,3812,-29,-257,2026-05-03T23:57:18.737Z,2026-05-03 19:57:18.737,102630,94
7.200,0.12119044,-0.04156224,-0.35767359,-0.05019454,-0.26374379,-0.41956186,0.05019454,-0.26374379,-0.41956186,-0.90419763,-0.82609713,3779,-291,-202,2026-05-03T23:57:18.777Z,2026-05-03 19:57:18.777,102630,95
7.240,0.32464515,-0.26838470,-0.35878906,0.09764108,-0.30639164,-0.29758239,-0.09764108,-0.30639164,-0.29758239,-0.76811034,-0.86712934,3796,-333,-113,2026-05-03T23:57:18.817Z,2026-05-03 19:57:18.817,102630,96
7.280,0.27027500,-0.25766150,-0.23216084,0.14981836,-0.22921933,-0.19753182,-0.14981836,-0.22921933,-0.19753182,-0.86282880,-1.01063564,3802,-257,-40,2026-05-03T23:57:18.857Z,2026-05-03 19:57:18.857,102630,97
7.320,0.26896813,-0.17067013,-0.09699199,0.19329943,-0.17337096,-0.06321734,-0.19329943,-0.17337096,-0.06321734,-1.01813919,-1.13556446,3807,-202,58,2026-05-03T23:57:18.897Z,2026-05-03 19:57:18.897,102630,98
7.360,0.25205413,-0.14076735,-0.05724060,0.34113506,-0.03628858,-0.01798900,-0.34113506,-0.03628858,-0.01798900,-1.06548206,-1.30686879,3824,-67,91,2026-05-03T23:57:18.937Z,2026-05-03 19:57:18.937,102630,99
7.400,0.12627765,-0.00443640,0.03979761,0.29765399,-0.04035028,0.07932046,-0.29765399,-0.04035028,0.07932046,-1.20841679,-1.27438060,3819,-71,162,2026-05-03T23:57:18.977Z,2026-05-03 19:57:18.977,102630,100
7.440,0.20469251,-0.06073722,0.18025154,0.29765399,-0.13884651,0.26982772,-0.29765399,-0.13884651,0.26982772,-1.06044499,-1.04701370,3819,-168,301,2026-05-03T23:57:19.017Z,2026-05-03 19:57:19.017,102631,1
7.480,0.23558769,-0.10995049,0.27896438,0.29765399,-0.15610873,0.36165496,-0.29765399,-0.15610873,0.36165496,-0.94784125,-0.95667595,3819,-185,368,2026-05-03T23:57:19.057Z,2026-05-03 19:57:19.057,102631,2
7.520,0.23689510,-0.13636462,0.33348380,0.34113506,-0.08096728,0.36576663,-0.34113506,-0.08096728,0.36576663,-0.88629184,-0.99274920,3824,-111,371,2026-05-03T23:57:19.097Z,2026-05-03 19:57:19.097,102631,3
7.560,0.17776396,-0.03547144,0.37390788,0.32374263,-0.03628858,0.34520829,-0.32374263,-0.03628858,0.34520829,-0.88721630,-1.02625769,3822,-67,356,2026-05-03T23:57:19.137Z,2026-05-03 19:57:19.137,102631,4
7.600,0.17504768,-0.04331920,0.29587538,0.13242594,-0.02004178,0.20267049,-0.13242594,-0.02004178,0.20267049,-0.96136469,-1.17477567,3800,-51,252,2026-05-03T23:57:19.177Z,2026-05-03 19:57:19.177,102631,5
7.640,0.05192248,0.03507110,0.11274372,0.30635020,0.11094804,-0.04814123,-0.30635020,0.11094804,-0.04814123,-1.14310006,-1.21623008,3820,78,69,2026-05-03T23:57:19.217Z,2026-05-03 19:57:19.217,102631,6
7.680,-0.01866136,0.05033026,0.07919419,0.25417292,0.01448267,-0.08651679,-0.25417292,0.01448267,-0.08651679,-1.16366110,-1.28421167,3814,-17,41,2026-05-03T23:57:19.257Z,2026-05-03 19:57:19.257,102631,7
7.720,0.01674267,0.09866161,-0.06041958,0.09764108,0.09267039,-0.24550127,-0.09764108,0.09267039,-0.24550127,-1.12806491,-1.10354747,3796,60,-75,2026-05-03T23:57:19.297Z,2026-05-03 19:57:19.297,102631,8
7.760,0.00794093,0.08029736,-0.32811195,0.10633730,0.16476557,-0.41133853,-0.10633730,0.16476557,-0.41133853,-0.92427245,-0.90941632,3797,131,-196,2026-05-03T23:57:19.337Z,2026-05-03 19:57:19.337,102631,9
7.800,-0.04705562,0.19622463,-0.29606676,0.14112215,0.22366022,-0.31402906,-0.14112215,0.22366022,-0.31402906,-0.88336221,-0.94151750,3801,189,-125,2026-05-03T23:57:19.377Z,2026-05-03 19:57:19.377,102631,10
7.840,-0.06000170,0.24490507,-0.20431929,0.08024866,0.29270912,-0.17971459,-0.08024866,0.29270912,-0.17971459,-0.89964299,-0.94348853,3794,257,-27,2026-05-03T23:57:19.417Z,2026-05-03 19:57:19.417,102631,11
7.880,-0.12373454,0.31771671,-0.15839728,0.18460322,0.39323620,-0.03991790,-0.18460322,0.39323620,-0.03991790,-0.83975837,-0.84352491,3806,356,75,2026-05-03T23:57:19.457Z,2026-05-03 19:57:19.457,102631,12
7.920,-0.17607005,0.39766186,0.01520312,0.34983127,0.44705372,0.09302602,-0.34983127,0.44705372,0.09302602,-0.76976000,-0.76265707,3825,409,172,2026-05-03T23:57:19.497Z,2026-05-03 19:57:19.497,102631,13
7.960,-0.14885193,0.40662353,0.18721120,0.13242594,0.42776065,0.26708661,-0.13242594,0.42776065,0.26708661,-0.72682510,-0.73891763,3800,390,299,2026-05-03T23:57:19.537Z,2026-05-03 19:57:19.537,102631,14
8.000,-0.18347175,0.44889390,0.24227277,0.42809719,0.52321060,0.27805106,-0.42809719,0.52321060,0.27805106,-0.65742219,-0.61202562,3834,484,307,2026-05-03T23:57:19.577Z,2026-05-03 19:57:19.577,102631,15
8.040,-0.18015813,0.46251093,0.29924736,0.34983127,0.45010000,0.30683273,-0.34983127,0.45010000,0.30683273,-0.61826092,-0.69204744,3825,412,328,2026-05-03T23:57:19.617Z,2026-05-03 19:57:19.617,102631,16
8.080,-0.12456505,0.39353933,0.32372832,0.30635020,0.33941867,0.28764495,-0.30635020,0.33941867,0.28764495,-0.68061665,-0.83337663,3820,303,314,2026-05-03T23:57:19.657Z,2026-05-03 19:57:19.657,102631,17
8.120,-0.04335880,0.29521385,0.26592206,0.20199564,0.26935435,0.19033548,-0.20199564,0.26935435,0.19033548,-0.81409440,-0.96636340,3808,234,243,2026-05-03T23:57:19.697Z,2026-05-03 19:57:19.697,102631,18
8.160,-0.01155814,0.23598935,0.15181390,0.21069186,0.21655225,0.06972657,-0.21069186,0.21655225,0.06972657,-0.93602775,-1.07688666,3809,182,155,2026-05-03T23:57:19.737Z,2026-05-03 19:57:19.737,102631,19
8.200,-0.00164573,0.21882395,0.04683676,0.31504642,0.31606390,-0.06732901,-0.31504642,0.31606390,-0.06732901,-0.98976071,-0.94297292,3821,280,55,2026-05-03T23:57:19.777Z,2026-05-03 19:57:19.777,102631,20
8.240,-0.09794445,0.34449830,-0.03117869,0.34113506,0.31403305,-0.14408014,-0.34113506,0.31403305,-0.14408014,-0.83639509,-0.92661992,3824,278,-1,2026-05-03T23:57:19.817Z,2026-05-03 19:57:19.817,102631,21
8.280,-0.04965042,0.27633973,-0.10804743,0.07155244,0.26021552,-0.18108515,-0.07155244,0.26021552,-0.18108515,-0.90601260,-0.98283126,3793,225,-28,2026-05-03T23:57:19.857Z,2026-05-03 19:57:19.857,102631,22
8.320,-0.03301688,0.25252086,-0.14530105,0.24547671,0.22772192,-0.19067904,-0.24547671,0.22772192,-0.19067904,-0.92038445,-1.01473809,3813,193,-35,2026-05-03T23:57:19.897Z,2026-05-03 19:57:19.897,102631,23
8.360,-0.00092630,0.21307993,-0.15411419,0.28026156,0.19421290,-0.14408014,-0.28026156,0.19421290,-0.14408014,-0.95976845,-1.07683892,3817,160,-1,2026-05-03T23:57:19.937Z,2026-05-03 19:57:19.937,102631,24
8.400,0.01342912,0.20722570,-0.08950436,0.21938807,0.20132087,-0.06732901,-0.21938807,0.20132087,-0.06732901,-0.99309090,-1.09736163,3810,167,55,2026-05-03T23:57:19.977Z,2026-05-03 19:57:19.977,102631,25
8.440,0.00342282,0.21228989,-0.01144917,0.27156535,0.21147512,0.03135101,-0.27156535,0.21147512,0.03135101,-1.00152986,-1.08901794,3816,177,127,2026-05-03T23:57:20.017Z,2026-05-03 19:57:20.017,102631,26
8.480,0.02870877,0.19161516,0.10826194,0.12372972,0.17593525,0.16292437,-0.12372972,0.17593525,0.16292437,-1.00401037,-1.09071833,3799,142,223,2026-05-03T23:57:20.057Z,2026-05-03 19:57:20.057,102631,27
8.520,0.05340656,0.16477847,0.18315518,0.35852748,0.18812035,0.19855882,-0.35852748,0.18812035,0.19855882,-0.99087761,-1.05167626,3826,154,249,2026-05-03T23:57:20.097Z,2026-05-03 19:57:20.097,102631,28
8.560,0.03883651,0.18129161,0.23063827,0.30635020,0.15359590,0.19718826,-0.30635020,0.15359590,0.19718826,-0.94393045,-1.08918306,3820,120,248,2026-05-03T23:57:20.137Z,2026-05-03 19:57:20.137,102631,29
8.600,0.06639976,0.13894540,0.17227854,0.14981836,0.19522832,0.15470103,-0.14981836,0.19522832,0.15470103,-1.02112765,-1.07268566,3802,161,217,2026-05-03T23:57:20.177Z,2026-05-03 19:57:20.177,102631,30
8.640,0.02468562,0.22171547,0.17490973,0.32374263,0.24193787,0.06287379,-0.32374263,0.24193787,0.06287379,-0.93989227,-1.04237664,3822,207,150,2026-05-03T23:57:20.217Z,2026-05-03 19:57:20.217,102631,31
8.680,0.01559456,0.20333973,0.05023997,0.20199564,0.18913577,-0.01935956,-0.20199564,0.18913577,-0.01935956,-1.00790305,-1.12172158,3808,155,90,2026-05-03T23:57:20.257Z,2026-05-03 19:57:20.257,102631,32
8.720,0.00947117,0.21120358,-0.03822068,0.14112215,0.22569107,-0.11941013,-0.14112215,0.22569107,-0.11941013,-1.00037156,-1.05096821,3801,191,17,2026-05-03T23:57:20.297Z,2026-05-03 19:57:20.297,102631,33
8.760,0.01349429,0.19840184,-0.10300933,0.25417292,0.17187355,-0.16052681,-0.25417292,0.17187355,-0.16052681,-0.99851391,-1.09446468,3814,138,-13,2026-05-03T23:57:20.337Z,2026-05-03 19:57:20.337,102631,34
8.800,0.03265721,0.17676023,-0.12837584,0.21069186,0.22873735,-0.16189736,-0.21069186,0.22873735,-0.16189736,-1.01113852,-1.02847519,3809,194,-14,2026-05-03T23:57:20.377Z,2026-05-03 19:57:20.377,102631,35
8.840,-0.00738591,0.23060819,-0.09906683,0.18460322,0.23990702,-0.08788735,-0.18460322,0.23990702,-0.08788735,-0.96273907,-1.04202890,3806,205,40,2026-05-03T23:57:20.417Z,2026-05-03 19:57:20.417,102631,36
8.880,-0.01653346,0.23377761,-0.04439982,0.24547671,0.26833892,-0.02347123,-0.24547671,0.26833892,-0.02347123,-0.97187911,-1.01349091,3813,233,87,2026-05-03T23:57:20.457Z,2026-05-03 19:57:20.457,102631,37
8.920,-0.01114709,0.25117041,0.05104039,0.10633730,0.22162937,0.05327990,-0.10633730,0.22162937,0.05327990,-0.94967096,-1.07487248,3797,187,143,2026-05-03T23:57:20.497Z,2026-05-03 19:57:20.497,102631,38
8.960,0.01145018,0.20359006,0.08435150,0.34113506,0.25107670,0.11769603,-0.34113506,0.25107670,0.11769603,-0.99898794,-1.01576915,3824,216,190,2026-05-03T23:57:20.537Z,2026-05-03 19:57:20.537,102631,39
9.000,-0.01429333,0.26538916,0.17422284,0.24547671,0.26732350,0.17388881,-0.24547671,0.26732350,0.17388881,-0.89358373,-0.97567270,3813,232,231,2026-05-03T23:57:20.577Z,2026-05-03 19:57:20.577,102631,40
9.040,0.01152497,0.22784759,0.18549684,0.29765399,0.25006127,0.17251826,-0.29765399,0.25006127,0.17251826,-0.92792748,-0.99635756,3819,215,230,2026-05-03T23:57:20.617Z,2026-05-03 19:57:20.617,102631,41
9.080,-0.05398113,0.30134596,0.14955171,0.32374263,0.35769632,0.11906658,-0.32374263,0.35769632,0.11906658,-0.86312512,-0.87708889,3822,321,191,2026-05-03T23:57:20.657Z,2026-05-03 19:57:20.657,102631,42
9.120,-0.06098190,0.32608809,0.15011654,0.31504642,0.33434155,0.07109713,-0.31504642,0.33434155,0.07109713,-0.83433815,-0.91788969,3821,298,156,2026-05-03T23:57:20.697Z,2026-05-03 19:57:20.697,102631,43
9.160,-0.15661835,0.39984602,0.00564349,0.11503351,0.66943180,-0.01661845,-0.11503351,0.66943180,-0.01661845,-0.76788712,-0.46847808,3798,628,92,2026-05-03T23:57:20.737Z,2026-05-03 19:57:20.737,102631,44
9.200,-0.45037846,0.81507662,0.04570142,0.12372972,1.12434221,-0.00017178,-0.12372972,1.12434221,-0.00017178,-0.24724084,0.15229743,3799,1076,104,2026-05-03T23:57:20.777Z,2026-05-03 19:57:20.777,102631,45
9.240,-0.84970645,1.26735500,-0.03791413,0.52375553,1.57417549,-0.07829346,-0.52375553,1.57417549,-0.07829346,0.32258733,0.76930568,3845,1519,47,2026-05-03T23:57:20.817Z,2026-05-03 19:57:20.817,102631,46
9.280,-0.79325448,1.39067533,0.18200280,-0.19803017,1.24822406,0.15470103,0.19803017,1.24822406,0.15470103,0.47934079,0.32873817,3762,1198,217,2026-05-03T23:57:20.857Z,2026-05-03 19:57:20.857,102631,47
9.320,-0.88665066,1.24509328,-0.06542078,0.35852748,1.51731169,-0.03854734,-0.35852748,1.51731169,-0.03854734,0.29830444,0.68975884,3826,1463,76,2026-05-03T23:57:20.897Z,2026-05-03 19:57:20.897,102631,48
9.360,-0.94764856,1.27398555,0.22049963,-0.24151124,1.29391819,0.35069052,0.24151124,1.29391819,0.35069052,0.35019905,0.41932400,3757,1243,360,2026-05-03T23:57:20.937Z,2026-05-03 19:57:20.937,102631,49
9.400,-1.07785825,1.37068955,0.30798103,-0.12846046,1.47364841,0.17251826,0.12846046,1.47364841,0.17251826,0.48683094,0.63665652,3770,1420,230,2026-05-03T23:57:20.977Z,2026-05-03 19:57:20.977,102631,50
9.440,-1.08246012,1.18864777,0.24487554,-0.51979006,1.38530644,0.36165496,0.51979006,1.38530644,0.36165496,0.25982336,0.54523606,3725,1333,368,2026-05-03T23:57:21.017Z,2026-05-03 19:57:21.017,102631,51
9.480,-1.32710457,1.42727981,0.43921593,-0.38065065,1.43912396,0.41647720,0.38065065,1.43912396,0.41647720,0.59580687,0.62743603,3741,1386,408,2026-05-03T23:57:21.057Z,2026-05-03 19:57:21.057,102631,52
9.520,-1.21702869,1.17766730,0.19493725,3.88919008,1.05123161,0.35206107,-3.88919008,1.05123161,0.35206107,0.24922576,0.22058437,4232,1004,361,2026-05-03T23:57:21.097Z,2026-05-03 19:57:21.097,102631,53
9.560,3.52748386,-1.55133804,2.65556887,-0.31977716,-3.11708807,3.85246066,0.31977716,-3.11708807,3.85246066,2.16264521,4.38700876,3748,-3101,2915,2026-05-03T23:57:21.137Z,2026-05-03 19:57:21.137,102631,54
9.600,-2.61881195,-0.21970423,1.70594943,-0.85894238,0.35058835,-1.47351929,0.85894238,0.35058835,-1.47351929,0.62462140,0.18856019,3686,314,-971,2026-05-03T23:57:21.177Z,2026-05-03 19:57:21.177,102631,55
9.640,1.81198446,-3.07380065,-2.91717405,-1.25896819,-2.12907953,-0.84717528,1.25896819,-2.12907953,-0.84717528,3.53659150,1.65401471,3640,-2128,-514,2026-05-03T23:57:21.217Z,2026-05-03 19:57:21.217,102631,56
9.680,-1.85180768,0.62820948,0.54384676,-1.92857662,-0.74403982,-0.05362345,1.92857662,-0.74403982,-0.05362345,-0.16298235,-0.32008519,3563,-764,65,2026-05-03T23:57:21.257Z,2026-05-03 19:57:21.257,102631,57
9.720,3.29762443,-1.98684145,0.17387655,-2.15467816,-1.10857740,-2.13823887,2.15467816,-1.10857740,-2.13823887,1.39370976,1.27904704,3537,-1123,-1456,2026-05-03T23:57:21.297Z,2026-05-03 19:57:21.297,102631,58
9.760,-1.01102672,-0.48865703,-2.86409376,-1.07634771,-1.24159807,-2.66590287,1.07634771,-1.24159807,-2.66590287,1.65106470,1.80664299,3661,-1254,-1841,2026-05-03T23:57:21.337Z,2026-05-03 19:57:21.337,102631,59
9.800,0.76108474,-1.21762343,-2.29192369,-2.06771603,-0.60898829,-2.62889786,2.06771603,-0.60898829,-2.62889786,1.46752793,1.42249580,3547,-631,-1814,2026-05-03T23:57:21.377Z,2026-05-03 19:57:21.377,102631,60
9.840,1.47321493,-1.16359173,-0.99146750,-1.09374014,-1.35126397,-1.28164148,1.09374014,-1.35126397,-1.28164148,0.53323932,0.87855582,3659,-1362,-831,2026-05-03T23:57:21.417Z,2026-05-03 19:57:21.417,102631,61
9.880,-0.94974886,-0.45162535,-1.71937048,-1.03286665,-1.01008117,-1.03631198,1.03286665,-1.01008117,-1.03631198,0.55044792,0.35712520,3666,-1026,-652,2026-05-03T23:57:21.457Z,2026-05-03 19:57:21.457,102631,62
9.920,1.74022402,-1.50603828,-0.10378987,-0.72849918,-0.93392429,-0.11118680,0.72849918,-0.93392429,-0.11118680,0.67275712,-0.09755751,3701,-951,23,2026-05-03T23:57:21.497Z,2026-05-03 19:57:21.497,102631,63
9.960,-0.20067468,-0.68118548,0.28530814,-0.25890366,-1.38375757,0.66728891,0.25890366,-1.38375757,0.66728891,-0.37464534,0.62365542,3755,-1394,591,2026-05-03T23:57:21.537Z,2026-05-03 19:57:21.537,102631,64
10.000,1.16016191,-1.39241236,0.56996259,-0.23281502,-0.78567224,0.60150223,0.23281502,-0.78567224,0.60150223,0.57977134,-0.14906415,3758,-805,543,2026-05-03T23:57:21.577Z,2026-05-03 19:57:21.577,102631,65
10.040,0.39398680,-0.97135952,0.95433477,-0.50239763,-1.47717668,1.19084124,0.50239763,-1.47717668,1.19084124,0.26743408,0.96747238,3727,-1486,973,2026-05-03T23:57:21.617Z,2026-05-03 19:57:21.617,102631,66
10.080,0.61375670,-1.15267557,0.76873371,-0.36325822,-0.79785734,0.75226337,0.36325822,-0.79785734,0.75226337,0.36069130,-0.05282760,3743,-817,653,2026-05-03T23:57:21.657Z,2026-05-03 19:57:21.657,102631,67
10.120,0.74329465,-1.11263295,1.07859295,-0.25890366,-1.46296073,1.12916623,0.25890366,-1.46296073,1.12916623,0.49062206,0.91824586,3755,-1472,928,2026-05-03T23:57:21.697Z,2026-05-03 19:57:21.697,102631,68
10.160,0.25170890,-0.97184645,0.47350060,-0.78067646,-0.86182912,0.01353378,0.78067646,-0.86182912,0.01353378,0.02650157,-0.19953784,3695,-880,114,2026-05-03T23:57:21.737Z,2026-05-03 19:57:21.737,102631,69
10.200,0.72925588,-1.27196288,-0.06428544,-0.58066355,-1.39289640,0.19581771,0.58066355,-1.39289640,0.19581771,0.32343436,0.53129266,3718,-1403,247,2026-05-03T23:57:21.777Z,2026-05-03 19:57:21.777,102631,70
10.240,0.16261536,-0.85372358,0.07486851,-1.30244926,-0.89533814,-0.71011970,1.30244926,-0.89533814,-0.71011970,-0.20614747,0.05007610,3635,-913,-414,2026-05-03T23:57:21.817Z,2026-05-03 19:57:21.817,102631,71
10.280,0.58528755,-1.24724830,-1.16365154,-1.55463944,-1.30556985,-1.14458589,1.55463944,-1.30556985,-1.14458589,0.66735515,0.75690812,3606,-1317,-731,2026-05-03T23:57:21.857Z,2026-05-03 19:57:21.857,102631,72
10.320,-0.14924411,-0.74858156,-1.12518312,-1.66769022,-0.78871852,-1.59001654,1.66769022,-0.78871852,-1.59001654,0.18409645,0.57076638,3593,-808,-1056,2026-05-03T23:57:21.897Z,2026-05-03 19:57:21.897,102631,73
10.360,1.07447559,-0.85535882,-1.56668027,1.27162988,0.13024112,-1.21722535,-1.27162988,0.13024112,-1.21722535,0.64084526,-0.12240395,3931,97,-784,2026-05-03T23:57:21.937Z,2026-05-03 19:57:21.937,102631,74
10.400,-1.36795950,2.72724684,-1.57979081,2.43692246,2.25044855,-2.19031999,-2.43692246,2.25044855,-2.19031999,2.47188886,2.42464555,4065,2185,-1494,2026-05-03T23:57:21.977Z,2026-05-03 19:57:21.977,102631,75
10.440,-0.62635304,0.44194645,-1.96995031,-1.91988040,0.98929068,-1.59823987,1.91988040,0.98929068,-1.59823987,0.77001728,0.74577154,3564,943,-1062,2026-05-03T23:57:22.017Z,2026-05-03 19:57:22.017,102631,76
10.480,-2.02295624,2.23597543,-0.65622757,0.28026156,1.88591097,-0.27839461,-0.28026156,1.88591097,-0.27839461,1.63857580,1.20750616,3817,1826,-99,2026-05-03T23:57:22.057Z,2026-05-03 19:57:22.057,102631,77
10.520,-0.20088014,0.51288173,0.89429470,0.77594572,1.40358409,1.38134850,-0.77594572,1.40358409,1.38134850,-0.17377710,0.99182464,3874,1351,1112,2026-05-03T23:57:22.097Z,2026-05-03 19:57:22.097,102631,78
10.560,-0.77748015,1.84422610,1.80092130,0.13242594,1.18628313,1.19769402,-0.13242594,1.18628313,1.19769402,1.63748289,0.63974678,3800,1137,978,2026-05-03T23:57:22.137Z,2026-05-03 19:57:22.137,102631,79
10.600,-0.61022365,0.65908612,0.61927933,0.51505932,1.62596216,0.79063894,-0.51505932,1.62596216,0.79063894,-0.22818593,0.97799250,3844,1570,681,2026-05-03T23:57:22.177Z,2026-05-03 19:57:22.177,102631,80
10.640,-0.80500597,1.31257662,1.36780305,-0.11976425,1.02483056,1.77195691,0.11976425,1.02483056,1.77195691,0.86202241,0.89092177,3771,978,1397,2026-05-03T23:57:22.217Z,2026-05-03 19:57:22.217,102631,81
10.680,-0.77877776,1.26856995,1.79284619,1.15857911,1.64119354,1.44302351,-1.15857911,1.64119354,1.44302351,1.11493079,1.29750856,3918,1585,1157,2026-05-03T23:57:22.257Z,2026-05-03 19:57:22.257,102631,82
10.720,-0.59692261,0.83110511,1.50173719,-0.70241054,0.94461198,1.75002802,0.70241054,0.94461198,1.75002802,0.55154054,0.81004317,3704,899,1381,2026-05-03T23:57:22.297Z,2026-05-03 19:57:22.297,102631,83
10.760,-1.23331660,1.39935443,1.25610746,0.39331234,1.37515219,1.30870904,-0.39331234,1.37515219,1.30870904,0.89774040,0.91510336,3830,1323,1059,2026-05-03T23:57:22.337Z,2026-05-03 19:57:22.337,102631,84
10.800,-0.53503836,0.74994273,1.22453339,2.02820044,1.29797989,1.33337905,-2.02820044,1.29797989,1.33337905,0.27012211,0.86735269,4018,1247,1077,2026-05-03T23:57:22.377Z,2026-05-03 19:57:22.377,102631,85
10.840,-1.88550312,0.69079639,1.07784925,1.79340268,-0.73388557,2.21875811,-1.79340268,-0.73388557,2.21875811,0.21870955,1.09137497,3991,-754,1723,2026-05-03T23:57:22.417Z,2026-05-03 19:57:22.417,102631,86
10.880,0.97600160,-1.25511902,1.40925738,0.12372972,-1.72189410,2.72860488,-0.12372972,-1.72189410,2.72860488,0.84227498,2.24238146,3799,-1727,2095,2026-05-03T23:57:22.457Z,2026-05-03 19:57:22.457,102631,87
10.920,0.10290528,-0.49764164,2.91222558,0.25417292,-1.08623805,1.07708511,-0.25417292,-1.08623805,1.07708511,1.68369857,0.45772807,3814,-1101,890,2026-05-03T23:57:22.497Z,2026-05-03 19:57:22.497,102631,88
10.960,-0.79645617,-1.13149328,-2.32570327,-0.95460073,-1.40101980,-2.19580222,0.95460073,-1.40101980,-2.19580222,1.43986071,1.55207570,3675,-1411,-1498,2026-05-03T23:57:22.537Z,2026-05-03 19:57:22.537,102631,89
11.000,0.65635716,-1.15189242,-2.04218961,-1.91118419,-0.59883404,-3.11955685,1.91118419,-0.59883404,-3.11955685,1.21580289,1.89075476,3565,-621,-2172,2026-05-03T23:57:22.577Z,2026-05-03 19:57:22.577,102631,90
11.040,-0.56009040,-0.79268471,-3.62617359,-1.55463944,-1.41929745,-3.24564798,1.55463944,-1.41929745,-3.24564798,2.46043641,2.43706355,3606,-1429,-2264,2026-05-03T23:57:22.617Z,2026-05-03 19:57:22.617,102631,91
11.080,0.33769444,-0.90808830,-3.25973141,-1.86770312,-0.84456689,-3.17300852,1.86770312,-0.84456689,-3.17300852,2.15352919,2.04021228,3570,-863,-2211,2026-05-03T23:57:22.657Z,2026-05-03 19:57:22.657,102631,92
11.120,0.25924058,-0.83234377,-1.91730425,-1.29375305,-1.10756197,-2.28351779,1.29375305,-1.10756197,-2.28351779,0.89574950,1.38539688,3636,-1122,-1562,2026-05-03T23:57:22.697Z,2026-05-03 19:57:22.697,102631,93
11.160,0.12934846,-1.15419598,-1.58111915,-1.00677801,-1.08623805,-0.69504358,1.00677801,-1.08623805,-0.69504358,0.85303911,0.26616659,3669,-1101,-403,2026-05-03T23:57:22.737Z,2026-05-03 19:57:22.737,102631,94
11.200,0.50159971,-1.18412631,0.65376552,-0.17194153,-1.25784487,1.62119577,0.17194153,-1.25784487,1.62119577,0.34214079,0.99167515,3765,-1270,1287,2026-05-03T23:57:22.777Z,2026-05-03 19:57:22.777,102631,95
11.240,1.23214615,-1.20015714,2.12733672,0.10633730,-1.28018422,2.05703253,-0.10633730,-1.28018422,2.05703253,1.33830623,1.33440122,3797,-1292,1605,2026-05-03T23:57:22.817Z,2026-05-03 19:57:22.817,102631,96
11.280,0.29564436,-0.89694247,1.73358664,-0.20672638,-0.78161054,1.44302351,0.20672638,-0.78161054,1.44302351,0.78036885,0.42550690,3761,-801,1157,2026-05-03T23:57:22.857Z,2026-05-03 19:57:22.857,102631,97
11.320,1.85271763,-1.05377135,1.02365344,1.99341558,0.15258047,2.54632096,-1.99341558,0.15258047,2.54632096,0.47970738,1.22049193,4014,119,1962,2026-05-03T23:57:22.897Z,2026-05-03 19:57:22.897,102631,98
11.360,-1.45892883,2.36099300,3.72930175,2.39344140,1.55285156,1.85007859,-2.39344140,1.55285156,1.85007859,3.46065451,1.47041991,4060,1498,1454,2026-05-03T23:57:22.937Z,2026-05-03 19:57:22.937,102631,99
11.400,-0.64653305,0.55109621,0.86191743,-0.18933396,1.36398251,-0.03032400,0.18933396,1.36398251,-0.03032400,-0.15487412,0.47979501,3763,1312,82,2026-05-03T23:57:22.977Z,2026-05-03 19:57:22.977,102631,100
11.440,-1.27705573,1.81252507,0.19905290,-0.15454910,1.47872554,-0.47575465,0.15454910,1.47872554,-0.47575465,1.01608485,0.69263143,3767,1425,-243,2026-05-03T23:57:23.017Z,2026-05-03 19:57:23.017,102632,1
11.480,-0.42314228,0.79518739,-0.37124101,0.80203436,1.71227329,-0.07555235,-0.80203436,1.71227329,-0.07555235,-0.20770249,0.95948148,3877,1655,49,2026-05-03T23:57:23.057Z,2026-05-03 19:57:23.057,102632,2
11.520,-0.77302757,1.58411550,0.56788777,-0.70241054,1.26853256,-0.11529847,0.70241054,1.26853256,-0.11529847,0.78462788,0.35653079,3704,1218,20,2026-05-03T23:57:23.097Z,2026-05-03 19:57:23.097,102632,3
11.560,-0.72020650,1.25303752,-0.93426585,0.70637601,1.80569239,-1.37209816,-0.70637601,1.80569239,-1.37209816,0.55179824,1.44828283,3866,1747,-897,2026-05-03T23:57:23.137Z,2026-05-03 19:57:23.137,102632,4
11.600,-0.84091444,1.15995763,-1.02226381,-0.79806889,1.14871241,-0.23042516,0.79806889,1.14871241,-0.23042516,0.50832210,0.20775604,3693,1100,-64,2026-05-03T23:57:23.177Z,2026-05-03 19:57:23.177,102632,5
11.640,0.51786868,1.70774588,-0.30613445,1.39337687,1.53152764,-0.71560192,-1.39337687,1.53152764,-0.71560192,0.87192675,0.84085613,3945,1477,-418,2026-05-03T23:57:23.217Z,2026-05-03 19:57:23.217,102632,6
11.680,3.58573845,-1.19362308,0.31516495,-0.44152414,-1.76149568,-0.14819181,0.44152414,-1.76149568,-0.14819181,0.59920576,1.02762758,3734,-1766,-4,2026-05-03T23:57:23.257Z,2026-05-03 19:57:23.257,102632,7
11.720,1.92881822,-1.28861844,1.37159792,1.03683212,-0.76434832,0.14510714,-1.03683212,-0.76434832,0.14510714,0.90912953,-0.31609587,3904,-784,210,2026-05-03T23:57:23.297Z,2026-05-03 19:57:23.297,102632,8
11.760,0.10469775,-1.31263020,-0.54766842,-1.31114547,-1.58278088,0.20541160,1.31114547,-1.58278088,0.20541160,0.44517953,0.79797674,3634,-1590,254,2026-05-03T23:57:23.337Z,2026-05-03 19:57:23.337,102632,9
11.800,0.55162957,-1.20618595,-0.56121312,-0.93720830,-0.95626364,-0.06047623,0.93720830,-0.95626364,-0.06047623,0.33437344,-0.06732639,3677,-973,60,2026-05-03T23:57:23.377Z,2026-05-03 19:57:23.377,102632,10
11.840,1.37561838,-1.07443687,0.93325701,-0.68501811,-1.28729220,-0.28250628,0.68501811,-1.28729220,-0.28250628,0.40637950,0.40103125,3706,-1299,-102,2026-05-03T23:57:23.417Z,2026-05-03 19:57:23.417,102632,11
11.880,0.30690065,-1.18928695,-1.59640654,-0.55457491,-1.17864172,-0.93352030,0.55457491,-1.17864172,-0.93352030,0.89517403,0.48494176,3721,-1192,-577,2026-05-03T23:57:23.457Z,2026-05-03 19:57:23.457,102632,12
11.920,0.13713279,-0.85759115,-0.88606748,-1.18070227,-1.01008117,-0.84169306,1.18070227,-1.01008117,-0.84169306,0.11159955,0.24869298,3649,-1026,-510,2026-05-03T23:57:23.497Z,2026-05-03 19:57:23.497,102632,13
11.960,1.29075430,-1.19014361,-0.74093594,-0.56327113,-1.11365452,-1.05275865,0.56327113,-1.11365452,-1.05275865,0.42504508,0.47552251,3720,-1128,-664,2026-05-03T23:57:23.537Z,2026-05-03 19:57:23.537,102632,14
12.000,-0.41495601,-0.50342469,-1.09828954,-0.64153705,-0.85370572,-1.14321534,0.64153705,-0.85370572,-1.14321534,-0.00519983,0.26215857,3711,-872,-730,2026-05-03T23:57:23.577Z,2026-05-03 19:57:23.577,102632,15
12.040,0.81314083,-0.44735813,-0.82138104,0.35852748,0.11907144,-0.94722586,-0.35852748,0.11907144,-0.94722586,-0.25001616,-0.40928030,3826,86,-587,2026-05-03T23:57:23.617Z,2026-05-03 19:57:23.617,102632,16
12.080,-0.29288582,0.84485306,-0.49291911,1.10640183,0.99741408,-0.72519581,-1.10640183,0.99741408,-0.72519581,-0.10890980,0.17390545,3912,951,-425,2026-05-03T23:57:23.657Z,2026-05-03 19:57:23.657,102632,17
12.120,-0.94721931,1.04760861,-1.27048216,0.47157826,1.26142458,-0.08925791,-0.47157826,1.26142458,-0.08925791,0.56316511,0.34330079,3839,1211,39,2026-05-03T23:57:23.697Z,2026-05-03 19:57:23.697,102632,18
12.160,-0.75930682,1.43003350,0.66502817,0.60202145,1.39546069,0.76733949,-0.60202145,1.39546069,0.76733949,0.63453001,0.67652289,3854,1343,664,2026-05-03T23:57:23.737Z,2026-05-03 19:57:23.737,102632,19
12.200,-0.69189611,1.28473630,1.34476681,1.14118668,1.28884106,0.83586728,-1.14118668,1.28884106,0.83586728,0.81751357,0.57774111,3916,1238,714,2026-05-03T23:57:23.777Z,2026-05-03 19:57:23.777,102632,20
12.240,-0.47482453,0.56949492,1.02460148,0.51505932,0.43283777,1.69931745,-0.51505932,0.43283777,1.69931745,-0.02129357,0.43657271,3844,395,1344,2026-05-03T23:57:23.817Z,2026-05-03 19:57:23.817,102632,21
12.280,0.04844122,0.09712971,1.56559775,0.87160407,-0.08604441,1.70342912,-0.87160407,-0.08604441,1.70342912,0.29054656,0.34972605,3885,-116,1347,2026-05-03T23:57:23.857Z,2026-05-03 19:57:23.857,102632,22
12.320,0.52284417,-0.59619220,1.50078924,0.32374263,-0.69631484,1.68561190,-0.32374263,-0.69631484,1.68561190,0.40171542,0.56989331,3822,-717,1334,2026-05-03T23:57:23.897Z,2026-05-03 19:57:23.897,102632,23
12.360,0.65871969,-0.73610368,1.50429454,0.22808428,-0.69733027,1.28815070,-0.22808428,-0.69733027,1.28815070,0.49214668,0.23127127,3811,-718,1044,2026-05-03T23:57:23.937Z,2026-05-03 19:57:23.937,102632,24
12.400,0.52334782,-0.41889536,1.00184908,0.70637601,-0.28811399,0.71662892,-0.70637601,-0.28811399,0.71662892,-0.13404947,-0.55038186,3866,-315,627,2026-05-03T23:57:23.977Z,2026-05-03 19:57:23.977,102632,25
12.440,-0.08150735,0.09988802,-0.12496128,0.01067895,0.15968845,-0.51550077,-0.01067895,0.15968845,-0.51550077,-1.08742271,-0.81754280,3786,126,-272,2026-05-03T23:57:24.017Z,2026-05-03 19:57:24.017,102632,26
12.480,-0.18651511,0.36556576,-1.32033813,-0.13715668,0.47345477,-1.50093041,0.13715668,0.47345477,-1.50093041,0.11997613,0.26735006,3769,435,-991,2026-05-03T23:57:24.057Z,2026-05-03 19:57:24.057,102632,27
12.520,-0.36812688,0.58602178,-1.64341567,-0.31977716,0.50391752,-2.00255384,0.31977716,0.50391752,-2.00255384,0.52004348,0.75690894,3748,465,-1357,2026-05-03T23:57:24.097Z,2026-05-03 19:57:24.097,102632,28
12.560,-0.07878210,0.15384396,-2.05023360,-0.29368852,0.02869862,-1.99158940,0.29368852,0.02869862,-1.99158940,0.77456706,0.63250685,3751,-3,-1349,2026-05-03T23:57:24.137Z,2026-05-03 19:57:24.137,102632,29
12.600,0.02439683,-0.13495676,-1.32223708,-0.47630900,-0.31248419,-1.49955985,0.47630900,-0.31248419,-1.49955985,0.05553781,0.19463572,3730,-339,-990,2026-05-03T23:57:24.177Z,2026-05-03 19:57:24.177,102632,30
12.640,0.51425626,-0.75299578,-0.85455870,-0.48500521,-0.87096794,-0.58402856,0.48500521,-0.87096794,-0.58402856,0.00278359,-0.05281663,3729,-889,-322,2026-05-03T23:57:24.217Z,2026-05-03 19:57:24.217,102632,31
12.680,0.58966602,-0.86335355,0.17282067,-0.02410590,-0.87401422,0.33150273,0.02410590,-0.87401422,0.33150273,-0.16943323,-0.14332807,3782,-892,346,2026-05-03T23:57:24.257Z,2026-05-03 19:57:24.257,102632,32
12.720,0.48896034,-0.57871217,0.78514233,0.30635020,-0.55110906,0.85779617,-0.30635020,-0.55110906,0.85779617,-0.19766550,-0.23330163,3820,-574,730,2026-05-03T23:57:24.297Z,2026-05-03 19:57:24.297,102632,33
12.760,0.35039807,-0.24818770,1.02990638,0.62811009,-0.19266403,1.02500398,-0.62811009,-0.19266403,1.02500398,-0.19397981,-0.30847097,3857,-221,852,2026-05-03T23:57:24.337Z,2026-05-03 19:57:24.337,102632,34
12.800,0.14293872,0.08856769,0.71717473,0.47157826,0.21452140,0.87150173,-0.47157826,0.21452140,0.87150173,-0.54426164,-0.45082559,3839,180,740,2026-05-03T23:57:24.377Z,2026-05-03 19:57:24.377,102632,35
12.840,-0.30245286,0.70579365,0.56588673,0.88899649,0.86337798,0.55216222,-0.88899649,0.86337798,0.55216222,-0.22390320,-0.07078263,3887,819,507,2026-05-03T23:57:24.417Z,2026-05-03 19:57:24.417,102632,36
12.880,-0.54144106,0.97021053,0.47465865,0.75855329,1.01670716,0.40140108,-0.75855329,1.01670716,0.40140108,0.03335094,0.06844156,3872,970,397,2026-05-03T23:57:24.457Z,2026-05-03 19:57:24.457,102632,37
12.920,-0.32907325,0.66580619,0.26917483,0.52375553,0.55570420,0.10399047,-0.52375553,0.55570420,0.10399047,-0.39395951,-0.61227042,3845,516,180,2026-05-03T23:57:24.497Z,2026-05-03 19:57:24.497,102632,38
12.960,0.06859320,0.04584714,-0.11541585,0.26286914,-0.05151996,-0.06869957,-0.26286914,-0.05151996,-0.06869957,-1.13464218,-1.27526744,3815,-82,54,2026-05-03T23:57:24.537Z,2026-05-03 19:57:24.537,102632,39
13.000,0.26782800,-0.24929698,-0.09215823,0.17590700,-0.30740706,-0.04265901,-0.17590700,-0.30740706,-0.04265901,-0.93257260,-0.95986496,3805,-334,73,2026-05-03T23:57:24.577Z,2026-05-03 19:57:24.577,102632,40
13.040,0.39237265,-0.40876929,-0.02568927,-0.05889076,-0.49322984,-0.15915625,0.05889076,-0.49322984,-0.15915625,-0.74452922,-0.69030832,3778,-517,-12,2026-05-03T23:57:24.617Z,2026-05-03 19:57:24.617,102632,41
13.080,0.46558797,-0.51241390,-0.28063737,-0.05019454,-0.53283141,-0.38392741,0.05019454,-0.53283141,-0.38392741,-0.55844703,-0.55809371,3779,-556,-176,2026-05-03T23:57:24.657Z,2026-05-03 19:57:24.657,102632,42
13.120,0.37482452,-0.31539546,-0.42837740,0.03676759,-0.27694431,-0.58265800,-0.03676759,-0.27694431,-0.58265800,-0.67687868,-0.68249393,3789,-304,-321,2026-05-03T23:57:24.697Z,2026-05-03 19:57:24.697,102632,43
13.160,0.08154865,0.05997403,-0.54790684,0.18460322,0.11602517,-0.66626191,-0.18460322,0.11602517,-0.66626191,-0.71591159,-0.68981906,3806,83,-382,2026-05-03T23:57:24.737Z,2026-05-03 19:57:24.737,102632,44
13.200,-0.15616990,0.28338363,-0.58115269,0.28895778,0.27036977,-0.51275966,-0.28895778,0.27036977,-0.51275966,-0.58888373,-0.74446421,3818,235,-270,2026-05-03T23:57:24.777Z,2026-05-03 19:57:24.777,102632,45
13.240,-0.11037751,0.25308582,-0.29746324,0.33243884,0.21350597,-0.25646572,-0.33243884,0.21350597,-0.25646572,-0.83320942,-0.98890296,3823,179,-83,2026-05-03T23:57:24.817Z,2026-05-03 19:57:24.817,102632,46
13.280,0.09964743,0.01593288,0.07149085,0.15851458,-0.05659708,0.06424435,-0.15851458,-0.05659708,0.06424435,-1.18433358,-1.27857892,3803,-87,151,2026-05-03T23:57:24.857Z,2026-05-03 19:57:24.857,102632,47
13.320,0.30726505,-0.23864958,0.33713678,0.24547671,-0.26374379,0.34520829,-0.24547671,-0.26374379,0.34520829,-0.80888863,-0.87960533,3813,-291,356,2026-05-03T23:57:24.897Z,2026-05-03 19:57:24.897,102632,48
13.360,0.34271559,-0.25820351,0.48797915,0.28026156,-0.23328103,0.54119778,-0.28026156,-0.23328103,0.54119778,-0.67571942,-0.74782364,3817,-261,499,2026-05-03T23:57:24.937Z,2026-05-03 19:57:24.937,102632,49
13.400,0.23655916,-0.08798963,0.48271114,0.41070476,-0.05253538,0.51652777,-0.41070476,-0.05253538,0.51652777,-0.76854057,-0.85129595,3832,-83,481,2026-05-03T23:57:24.977Z,2026-05-03 19:57:24.977,102632,50
13.440,0.06606361,0.12148375,0.32477853,0.52375553,0.16070387,0.30546217,-0.52375553,0.16070387,0.30546217,-0.90853564,-0.99465447,3845,127,327,2026-05-03T23:57:25.017Z,2026-05-03 19:57:25.017,102632,51
13.480,-0.07763335,0.28413467,0.11290552,0.43679340,0.29575540,0.04094490,-0.43679340,0.29575540,0.04094490,-0.89494542,-0.97086649,3835,260,134,2026-05-03T23:57:25.057Z,2026-05-03 19:57:25.057,102632,52
13.520,-0.01879210,0.18748113,-0.14345043,0.26286914,0.15156505,-0.22768404,-0.26286914,0.15156505,-0.22768404,-0.99225752,-1.07025202,3815,118,-62,2026-05-03T23:57:25.097Z,2026-05-03 19:57:25.097,102632,53
13.560,0.14023198,-0.03960546,-0.31290966,0.21069186,-0.08198271,-0.38529796,-0.21069186,-0.08198271,-0.38529796,-0.94736595,-0.97582444,3809,-112,-177,2026-05-03T23:57:25.137Z,2026-05-03 19:57:25.137,102632,54
13.600,0.24939356,-0.20227246,-0.39007359,0.08894487,-0.24851241,-0.42504408,-0.08894487,-0.24851241,-0.42504408,-0.79774807,-0.83484993,3795,-276,-206,2026-05-03T23:57:25.177Z,2026-05-03 19:57:25.177,102632,55
13.640,0.28452710,-0.23409756,-0.36763059,0.03676759,-0.26374379,-0.41407964,-0.03676759,-0.26374379,-0.41407964,-0.79108310,-0.83033969,3789,-291,-198,2026-05-03T23:57:25.217Z,2026-05-03 19:57:25.217,102632,56
13.680,0.15945972,-0.08149922,-0.31205812,0.23678050,-0.08198271,-0.29895295,-0.23678050,-0.08198271,-0.29895295,-0.93535082,-1.05804245,3812,-112,-114,2026-05-03T23:57:25.257Z,2026-05-03 19:57:25.257,102632,57
13.720,0.02508727,0.11722570,-0.10875986,0.38461612,0.11602517,-0.13722736,-0.38461612,0.11602517,-0.13722736,-1.08332051,-1.16331222,3829,83,4,2026-05-03T23:57:25.297Z,2026-05-03 19:57:25.297,102632,58
13.760,0.01822690,0.15265890,0.06272880,0.42809719,0.15054962,0.05465046,-0.42809719,0.15054962,0.05465046,-1.06534858,-1.15915528,3834,117,144,2026-05-03T23:57:25.337Z,2026-05-03 19:57:25.337,102632,59
13.800,0.08096035,0.06565831,0.24604780,0.30635020,0.05306882,0.25886328,-0.30635020,0.05306882,0.25886328,-1.00597744,-1.10664465,3820,21,293,2026-05-03T23:57:25.377Z,2026-05-03 19:57:25.377,102632,60
13.840,0.19402416,-0.09021970,0.32091266,0.38461612,-0.10736833,0.35069052,-0.38461612,-0.10736833,0.35069052,-0.92204923,-0.99400938,3829,-137,360,2026-05-03T23:57:25.417Z,2026-05-03 19:57:25.417,102632,61
13.880,0.23649424,-0.13170464,0.34301220,0.29765399,-0.12869226,0.35206107,-0.29765399,-0.12869226,0.35206107,-0.88051693,-0.98277565,3819,-158,361,2026-05-03T23:57:25.457Z,2026-05-03 19:57:25.457,102632,62
13.920,0.16254025,-0.03958710,0.21854965,0.27156535,-0.03933486,0.23008160,-0.27156535,-0.03933486,0.23008160,-1.03656855,-1.13993927,3816,-70,272,2026-05-03T23:57:25.497Z,2026-05-03 19:57:25.497,102632,63
13.960,0.06342244,0.08644785,0.03973800,0.48027447,0.09267039,-0.00428344,-0.48027447,0.09267039,-0.00428344,-1.14847065,-1.23471624,3840,60,101,2026-05-03T23:57:25.537Z,2026-05-03 19:57:25.537,102632,64
14.000,0.04614458,0.11443979,-0.14062341,0.28026156,0.10993262,-0.22631349,-0.28026156,0.10993262,-0.22631349,-1.06502057,-1.10532585,3817,77,-61,2026-05-03T23:57:25.577Z,2026-05-03 19:57:25.577,102632,65
14.040,0.09120970,0.01655066,-0.31041756,0.14112215,-0.00988753,-0.34281073,-0.14112215,-0.00988753,-0.34281073,-0.95464764,-1.03494397,3801,-41,-146,2026-05-03T23:57:25.617Z,2026-05-03 19:57:25.617,102632,66
14.080,0.16117775,-0.08671726,-0.35066565,0.13242594,-0.11041461,-0.41270908,-0.13242594,-0.11041461,-0.41270908,-0.89728508,-0.93836062,3800,-140,-197,2026-05-03T23:57:25.657Z,2026-05-03 19:57:25.657,102632,67
14.120,0.20277917,-0.14208563,-0.31736873,0.17590700,-0.18454063,-0.33321684,-0.17590700,-0.18454063,-0.33321684,-0.89874896,-0.96095775,3805,-213,-139,2026-05-03T23:57:25.697Z,2026-05-03 19:57:25.697,102632,68
14.160,0.16333351,-0.06532598,-0.18534761,0.21938807,-0.08198271,-0.18382626,-0.21938807,-0.08198271,-0.18382626,-1.05731357,-1.16284222,3810,-112,-30,2026-05-03T23:57:25.737Z,2026-05-03 19:57:25.737,102632,69
14.200,0.11498300,0.03778808,-0.01739556,0.24547671,0.04392999,-0.04540012,-0.24547671,0.04392999,-0.04540012,-1.20294947,-1.29758061,3813,12,71,2026-05-03T23:57:25.777Z,2026-05-03 19:57:25.777,102632,70
14.240,0.06671719,0.10937335,0.14476622,0.41070476,0.11704059,0.12866047,-0.41070476,0.11704059,0.12866047,-1.06590924,-1.16643882,3832,84,198,2026-05-03T23:57:25.817Z,2026-05-03 19:57:25.817,102632,71
14.280,0.09823778,0.06889432,0.25324021,0.32374263,0.06626934,0.24515772,-0.32374263,0.06626934,0.24515772,-0.99744835,-1.11371323,3822,34,283,2026-05-03T23:57:25.857Z,2026-05-03 19:57:25.857,102632,72
14.320,0.18302849,-0.04823179,0.30877295,0.30635020,-0.05964336,0.27805106,-0.30635020,-0.05964336,0.27805106,-0.94747859,-1.08583717,3820,-90,307,2026-05-03T23:57:25.897Z,2026-05-03 19:57:25.897,102632,73
14.360,0.22725363,-0.10936943,0.25012937,0.29765399,-0.10838376,0.23556383,-0.29765399,-0.10838376,0.23556383,-0.97340446,-1.09821326,3819,-138,276,2026-05-03T23:57:25.937Z,2026-05-03 19:57:25.937,102632,74
14.400,0.16758077,-0.06520656,0.07398577,0.34983127,-0.06979761,0.11769603,-0.34983127,-0.06979761,0.11769603,-1.14356261,-1.22029514,3825,-100,190,2026-05-03T23:57:25.977Z,2026-05-03 19:57:25.977,102632,75
14.440,0.12778011,0.02436857,-0.01868985,0.35852748,0.03072947,-0.08651679,-0.35852748,0.03072947,-0.08651679,-1.21118156,-1.27002858,3826,-1,41,2026-05-03T23:57:26.017Z,2026-05-03 19:57:26.017,102632,76
14.480,0.11572059,0.03520201,-0.13840948,0.25417292,0.02971404,-0.22220182,-0.25417292,0.02971404,-0.22220182,-1.11582841,-1.15071735,3814,-2,-58,2026-05-03T23:57:26.057Z,2026-05-03 19:57:26.057,102632,77
14.520,0.16314671,-0.08098935,-0.28582592,0.20199564,-0.10229121,-0.34966351,-0.20199564,-0.10229121,-0.34966351,-0.95966269,-1.00107382,3808,-132,-151,2026-05-03T23:57:26.097Z,2026-05-03 19:57:26.097,102632,78
14.560,0.23386065,-0.16788655,-0.32732290,0.14981836,-0.18352521,-0.37433352,-0.14981836,-0.18352521,-0.37433352,-0.87264174,-0.92804061,3802,-212,-169,2026-05-03T23:57:26.137Z,2026-05-03 19:57:26.137,102632,79
14.600,0.17985444,-0.14846122,-0.26711539,0.09764108,-0.18250978,-0.35925740,-0.09764108,-0.18250978,-0.35925740,-0.93747125,-0.94181409,3796,-211,-158,2026-05-03T23:57:26.177Z,2026-05-03 19:57:26.177,102632,80
14.640,0.28711286,-0.28615411,-0.26528747,0.12372972,-0.30639164,-0.26331850,-0.12372972,-0.30639164,-0.26331850,-0.81501205,-0.88641418,3799,-333,-88,2026-05-03T23:57:26.217Z,2026-05-03 19:57:26.217,102632,81
14.680,0.32861221,-0.26715598,-0.19500375,0.24547671,-0.29014484,-0.18930848,-0.24547671,-0.29014484,-0.18930848,-0.86872003,-0.94098678,3813,-317,-34,2026-05-03T23:57:26.257Z,2026-05-03 19:57:26.257,102632,82
14.720,0.24315799,-0.15386301,-0.07068028,0.28026156,-0.18149436,-0.11255735,-0.28026156,-0.18149436,-0.11255735,-1.04820552,-1.10635168,3817,-210,22,2026-05-03T23:57:26.297Z,2026-05-03 19:57:26.297,102632,83
14.760,0.22252038,-0.10592212,-0.01894815,0.35852748,-0.12259971,-0.06184679,-0.35852748,-0.12259971,-0.06184679,-1.11525520,-1.19505988,3826,-152,59,2026-05-03T23:57:26.337Z,2026-05-03 19:57:26.337,102632,84
14.800,0.18400857,-0.02930945,0.07069327,0.38461612,-0.03527316,0.00668100,-0.38461612,-0.03527316,0.00668100,-1.16704233,-1.30439512,3829,-66,109,2026-05-03T23:57:26.377Z,2026-05-03 19:57:26.377,102632,85
14.840,0.17641082,-0.06535125,0.15799302,0.42809719,-0.06472048,0.17114770,-0.42809719,-0.06472048,0.17114770,-1.07979637,-1.17667387,3834,-95,229,2026-05-03T23:57:26.417Z,2026-05-03 19:57:26.417,102632,86
14.880,0.22199779,-0.09600505,0.31036242,0.31504642,-0.11041461,0.27530995,-0.31504642,-0.11041461,0.27530995,-0.92764695,-1.06206769,3821,-140,305,2026-05-03T23:57:26.457Z,2026-05-03 19:57:26.457,102632,87
14.920,0.20812786,-0.09120957,0.26786918,0.46288204,-0.09416781,0.29175662,-0.46288204,-0.09416781,0.29175662,-0.96883786,-1.05243651,3838,-124,317,2026-05-03T23:57:26.497Z,2026-05-03 19:57:26.497,102632,88
14.960,0.21473613,-0.10908923,0.19554183,0.24547671,-0.10939918,0.26297494,-0.24547671,-0.10939918,0.26297494,-1.01908136,-1.07512016,3813,-139,296,2026-05-03T23:57:26.537Z,2026-05-03 19:57:26.537,102632,89
15.000,0.18172165,-0.02829890,0.17010719,0.25417292,-0.04948911,0.14647770,-0.25417292,-0.04948911,0.14647770,-1.08313019,-1.21485793,3814,-80,211,2026-05-03T23:57:26.577Z,2026-05-03 19:57:26.577,102632,90
15.040,0.13858863,0.00472278,0.05276612,0.24547671,-0.00785668,0.05053879,-0.24547671,-0.00785668,0.05053879,-1.19633793,-1.31738413,3813,-39,141,2026-05-03T23:57:26.617Z,2026-05-03 19:57:26.617,102632,91
15.080,0.05986568,0.07507699,-0.09288487,0.19329943,0.07540817,-0.08240513,-0.19329943,0.07540817,-0.08240513,-1.13202343,-1.24665886,3807,43,44,2026-05-03T23:57:26.657Z,2026-05-03 19:57:26.657,102632,92
15.120,0.02193252,0.13990540,-0.15312359,0.12372972,0.15258047,-0.18519681,-0.12372972,0.15258047,-0.18519681,-1.03396358,-1.10183396,3799,119,-31,2026-05-03T23:57:26.697Z,2026-05-03 19:57:26.697,102632,93
15.160,0.01986954,0.14112725,-0.19143592,-0.06758697,0.14141080,-0.21534904,0.06758697,0.14141080,-0.21534904,-1.00636795,-1.09141257,3777,108,-53,2026-05-03T23:57:26.737Z,2026-05-03 19:57:26.737,102632,94
15.200,-0.05246888,0.22719535,-0.19341710,0.21069186,0.22264480,-0.21534904,-0.21069186,0.22264480,-0.21534904,-0.92388375,-1.00722894,3809,188,-53,2026-05-03T23:57:26.777Z,2026-05-03 19:57:26.777,102632,95
15.240,-0.05801337,0.24585358,-0.12337179,0.25417292,0.24904585,-0.16875014,-0.25417292,0.24904585,-0.16875014,-0.93621504,-1.00008962,3814,214,-19,2026-05-03T23:57:26.817Z,2026-05-03 19:57:26.817,102632,96
15.280,-0.00495874,0.17950476,-0.03468691,0.06285623,0.20030545,-0.04677067,-0.06285623,0.20030545,-0.04677067,-1.03960127,-1.10496747,3792,166,70,2026-05-03T23:57:26.857Z,2026-05-03 19:57:26.857,102632,97
15.320,-0.02852709,0.22796705,0.05688460,0.24547671,0.23076820,0.01764545,-0.24547671,0.23076820,0.01764545,-0.97671316,-1.06470371,3813,196,117,2026-05-03T23:57:26.897Z,2026-05-03 19:57:26.897,102632,98
15.360,-0.03260647,0.24924349,0.15688322,0.16721079,0.26123095,0.12317825,-0.16721079,0.26123095,0.12317825,-0.91904706,-1.00396817,3804,226,194,2026-05-03T23:57:26.937Z,2026-05-03 19:57:26.937,102632,99
15.400,-0.04686847,0.27938742,0.23598578,0.24547671,0.30895592,0.23145216,-0.24547671,0.30895592,0.23145216,-0.84704192,-0.89870244,3813,273,273,2026-05-03T23:57:26.977Z,2026-05-03 19:57:26.977,102632,100
15.440,-0.10191186,0.35595873,0.28105058,0.34113506,0.38409737,0.25063994,-0.34113506,0.38409737,0.25063994,-0.74282583,-0.79772579,3824,347,287,2026-05-03T23:57:27.017Z,2026-05-03 19:57:27.017,102633,1
15.480,-0.06636766,0.30771236,0.24349895,0.13242594,0.33231070,0.22322882,-0.13242594,0.33231070,0.22322882,-0.81350704,-0.87549748,3800,296,267,2026-05-03T23:57:27.057Z,2026-05-03 19:57:27.057,102633,2
15.520,-0.07155711,0.30512631,0.14495072,0.25417292,0.33027985,0.14784825,-0.25417292,0.33027985,0.14784825,-0.86017535,-0.90591097,3814,294,212,2026-05-03T23:57:27.097Z,2026-05-03 19:57:27.097,102633,3
15.560,-0.03980247,0.28401984,0.08655976,0.23678050,0.31098677,0.05053879,-0.23678050,0.31098677,0.05053879,-0.90270338,-0.95339279,3812,275,141,2026-05-03T23:57:27.137Z,2026-05-03 19:57:27.137,102633,4
15.600,-0.00752587,0.21766413,-0.04518320,0.10633730,0.22467565,-0.02758289,-0.10633730,0.22467565,-0.02758289,-0.99143602,-1.07421031,3797,190,84,2026-05-03T23:57:27.177Z,2026-05-03 19:57:27.177,102633,5
15.640,-0.01439536,0.23418183,-0.10946379,0.16721079,0.24701500,-0.14545069,-0.16721079,0.24701500,-0.14545069,-0.95508197,-1.01379246,3804,212,-2,2026-05-03T23:57:27.217Z,2026-05-03 19:57:27.217,102633,6
15.680,0.01775997,0.17433722,-0.15430719,0.04546380,0.18710492,-0.17834403,-0.04546380,0.18710492,-0.17834403,-0.99988311,-1.06987718,3790,153,-26,2026-05-03T23:57:27.257Z,2026-05-03 19:57:27.257,102633,7
15.720,-0.02186277,0.24041734,-0.11412439,0.19329943,0.24295330,-0.17423237,-0.19329943,0.24295330,-0.17423237,-0.94621165,-1.00582393,3807,208,-23,2026-05-03T23:57:27.297Z,2026-05-03 19:57:27.297,102633,8
15.760,-0.04553361,0.27794278,-0.04650021,0.21069186,0.28357030,-0.09885180,-0.21069186,0.28357030,-0.09885180,-0.91737428,-0.98143682,3809,248,32,2026-05-03T23:57:27.337Z,2026-05-03 19:57:27.337,102633,9
15.800,-0.06189649,0.30045948,0.03065805,0.21069186,0.31098677,0.00531045,-0.21069186,0.31098677,0.00531045,-0.89121012,-0.95676106,3809,275,108,2026-05-03T23:57:27.377Z,2026-05-03 19:57:27.377,102633,10
15.840,-0.05282387,0.29935474,0.11957852,0.43679340,0.30692507,0.07383824,-0.43679340,0.30692507,0.07383824,-0.87546574,-0.95140525,3835,271,158,2026-05-03T23:57:27.417Z,2026-05-03 19:57:27.417,102633,11
15.880,-0.05028456,0.28971787,0.14417869,0.22808428,0.29575540,0.15058937,-0.22808428,0.29575540,0.15058937,-0.87846240,-0.94961288,3811,260,214,2026-05-03T23:57:27.457Z,2026-05-03 19:57:27.457,102633,12
15.920,-0.04589808,0.30253336,0.18867866,0.24547671,0.31301762,0.16566548,-0.24547671,0.31301762,0.16566548,-0.84604128,-0.92200899,3813,277,225,2026-05-03T23:57:27.497Z,2026-05-03 19:57:27.497,102633,13
15.960,-0.04585103,0.28352603,0.15967618,0.14112215,0.30083252,0.15470103,-0.14112215,0.30083252,0.15470103,-0.87954784,-0.94261168,3801,265,217,2026-05-03T23:57:27.537Z,2026-05-03 19:57:27.537,102633,14
16.000,-0.08756546,0.34037576,0.12518997,0.34983127,0.35160377,0.07932046,-0.34983127,0.35160377,0.07932046,-0.82494458,-0.89283355,3825,315,162,2026-05-03T23:57:27.577Z,2026-05-03 19:57:27.577,102633,15
16.040,-0.07389058,0.32065878,0.08422662,0.21938807,0.34246495,0.03683323,-0.21938807,0.34246495,0.03683323,-0.85867954,-0.91236731,3810,306,131,2026-05-03T23:57:27.617Z,2026-05-03 19:57:27.617,102633,16
16.080,-0.09450001,0.34095224,0.01114426,0.13242594,0.35871175,0.00119878,-0.13242594,0.35871175,0.00119878,-0.84180664,-0.89251676,3800,322,105,2026-05-03T23:57:27.657Z,2026-05-03 19:57:27.657,102633,17
16.120,-0.06728207,0.32281995,-0.00921821,0.25417292,0.34348037,-0.03854734,-0.25417292,0.34348037,-0.03854734,-0.86469114,-0.91040594,3814,307,76,2026-05-03T23:57:27.697Z,2026-05-03 19:57:27.697,102633,18
16.160,-0.06172860,0.30808904,-0.02425022,0.18460322,0.32824900,-0.04951179,-0.18460322,0.32824900,-0.04951179,-0.88228775,-0.93080854,3806,292,68,2026-05-03T23:57:27.737Z,2026-05-03 19:57:27.737,102633,19
16.200,-0.07491732,0.31342423,-0.03323367,0.12372972,0.31200220,-0.04402956,-0.12372972,0.31200220,-0.04402956,-0.87485424,-0.95395963,3799,276,72,2026-05-03T23:57:27.777Z,2026-05-03 19:57:27.777,102633,20
16.240,-0.15422879,0.41757177,0.00367934,0.16721079,0.42776065,-0.02073011,-0.16721079,0.42776065,-0.02073011,-0.74618816,-0.79773219,3804,390,89,2026-05-03T23:57:27.817Z,2026-05-03 19:57:27.817,102633,21
16.280,-0.16607363,0.44620679,0.06928827,0.26286914,0.48259360,0.03135101,-0.26286914,0.48259360,0.03135101,-0.70643220,-0.72177267,3815,444,127,2026-05-03T23:57:27.857Z,2026-05-03 19:57:27.857,102633,22
16.320,-0.11038642,0.37810792,0.09076339,0.17590700,0.40948300,0.06424435,-0.17590700,0.40948300,0.06424435,-0.78730816,-0.81920470,3805,372,151,2026-05-03T23:57:27.897Z,2026-05-03 19:57:27.897,102633,23
16.360,-0.07292019,0.33255788,0.10300527,0.28026156,0.35566547,0.05327990,-0.28026156,0.35566547,0.05327990,-0.84024598,-0.89211188,3817,319,143,2026-05-03T23:57:27.937Z,2026-05-03 19:57:27.937,102633,24
16.400,-0.02204016,0.26630781,0.09961626,0.07155244,0.28966285,0.09576713,-0.07155244,0.28966285,0.09576713,-0.92055620,-0.97538074,3793,254,174,2026-05-03T23:57:27.977Z,2026-05-03 19:57:27.977,102633,25
16.440,-0.05648302,0.30473587,0.11445242,0.20199564,0.30083252,0.10673158,-0.20199564,0.30083252,0.10673158,-0.87058365,-0.95681353,3808,265,182,2026-05-03T23:57:28.017Z,2026-05-03 19:57:28.017,102633,26
16.480,-0.10941584,0.38034491,0.11875539,0.09764108,0.39120535,0.09165546,-0.09764108,0.39120535,0.09165546,-0.77866530,-0.84040780,3796,354,171,2026-05-03T23:57:28.057Z,2026-05-03 19:57:28.057,102633,27
16.520,-0.10421663,0.35757331,0.07946383,0.23678050,0.38612822,0.05876212,-0.23678050,0.38612822,0.05876212,-0.81433859,-0.85086664,3812,349,147,2026-05-03T23:57:28.097Z,2026-05-03 19:57:28.097,102633,28
16.560,-0.10608391,0.36003995,0.03693936,0.19329943,0.36378887,0.03957434,-0.19329943,0.36378887,0.03957434,-0.81669794,-0.88348023,3807,327,133,2026-05-03T23:57:28.137Z,2026-05-03 19:57:28.137,102633,29
16.600,-0.10991988,0.37660589,0.03149537,0.21069186,0.39729790,-0.00565400,-0.21069186,0.39729790,-0.00565400,-0.79667196,-0.83923110,3809,360,100,2026-05-03T23:57:28.177Z,2026-05-03 19:57:28.177,102633,30
16.640,-0.11868476,0.37982125,0.00552428,0.06285623,0.39425162,-0.01935956,-0.06285623,0.39425162,-0.01935956,-0.79352312,-0.84400914,3792,357,90,2026-05-03T23:57:28.217Z,2026-05-03 19:57:28.217,102633,31
16.680,-0.09674976,0.35634457,0.00365664,0.28026156,0.38003567,-0.02347123,-0.28026156,0.38003567,-0.02347123,-0.82293103,-0.86140358,3817,343,87,2026-05-03T23:57:28.257Z,2026-05-03 19:57:28.257,102633,32
16.720,-0.16248955,0.43493238,0.02806094,0.14981836,0.41760640,0.01216323,-0.14981836,0.41760640,0.01216323,-0.72391288,-0.81194478,3802,380,113,2026-05-03T23:57:28.297Z,2026-05-03 19:57:28.297,102633,33
16.760,-0.15867161,0.45107349,0.09196970,0.32374263,0.48970157,0.02998045,-0.32374263,0.48970157,0.02998045,-0.69752102,-0.71148790,3822,451,126,2026-05-03T23:57:28.337Z,2026-05-03 19:57:28.337,102633,34
16.800,-0.14538951,0.40758812,0.06551324,0.14981836,0.41354470,0.07383824,-0.14981836,0.41354470,0.07383824,-0.75457300,-0.81270343,3802,376,158,2026-05-03T23:57:28.377Z,2026-05-03 19:57:28.377,102633,35
16.840,-0.21489989,0.51293687,0.11592838,0.13242594,0.51407177,0.08480269,-0.13242594,0.51407177,0.08480269,-0.61696461,-0.67535803,3800,475,166,2026-05-03T23:57:28.417Z,2026-05-03 19:57:28.417,102633,36
16.880,-0.24749398,0.53336125,0.11139834,0.18460322,0.55265793,0.09165546,-0.18460322,0.55265793,0.09165546,-0.59196511,-0.62197880,3806,513,171,2026-05-03T23:57:28.457Z,2026-05-03 19:57:28.457,102633,37
16.920,-0.38252001,0.72245148,0.14313415,0.11503351,0.71411050,0.08754380,-0.11503351,0.71411050,0.08754380,-0.35324868,-0.40364243,3798,672,168,2026-05-03T23:57:28.497Z,2026-05-03 19:57:28.497,102633,38
16.960,-0.54843232,0.90862497,0.11971476,0.28895778,0.92938061,0.10536102,-0.28895778,0.92938061,0.10536102,-0.12350134,-0.10866666,3818,884,181,2026-05-03T23:57:28.537Z,2026-05-03 19:57:28.537,102633,39
17.000,-0.81258531,1.30302934,0.18266699,0.05416002,1.25736288,0.15744214,-0.05416002,1.25736288,0.15744214,0.37384505,0.34114585,3791,1207,219,2026-05-03T23:57:28.577Z,2026-05-03 19:57:28.577,102633,40
17.040,-0.78322051,1.10617169,0.07225437,0.23678050,1.35788996,-0.00291289,-0.23678050,1.35788996,-0.00291289,0.12441862,0.47136766,3812,1306,102,2026-05-03T23:57:28.617Z,2026-05-03 19:57:28.617,102633,41
17.080,-0.92935418,1.38289180,0.27660568,0.11503351,1.30001074,0.09165546,-0.11503351,1.30001074,0.09165546,0.48836167,0.39448556,3798,1249,171,2026-05-03T23:57:28.657Z,2026-05-03 19:57:28.657,102633,42
17.120,-0.78941837,1.05932857,0.13577426,-0.02410590,1.27970223,0.19718826,0.02410590,1.27970223,0.19718826,0.07277019,0.37559996,3782,1229,248,2026-05-03T23:57:28.697Z,2026-05-03 19:57:28.697,102633,43
17.160,-1.04713981,1.39645370,0.28420683,0.08894487,1.40256866,0.07109713,-0.08894487,1.40256866,0.07109713,0.51199837,0.53337316,3795,1350,156,2026-05-03T23:57:28.737Z,2026-05-03 19:57:28.737,102633,44
17.200,-0.94176816,1.10128896,0.17934608,-0.39804308,1.24213151,0.29175662,0.39804308,1.24213151,0.29175662,0.13716314,0.33961416,3739,1192,317,2026-05-03T23:57:28.777Z,2026-05-03 19:57:28.777,102633,45
17.240,-1.19390847,1.37469723,0.30576144,-0.10237182,1.47567926,0.10947269,0.10237182,1.47567926,0.10947269,0.49824271,0.63487879,3773,1422,184,2026-05-03T23:57:28.817Z,2026-05-03 19:57:28.817,102633,46
17.280,-1.21450829,1.19463291,0.17120280,-0.75458782,1.25634746,0.30409162,0.75458782,1.25634746,0.30409162,0.26639463,0.36387201,3698,1206,326,2026-05-03T23:57:28.857Z,2026-05-03 19:57:28.857,102633,47
17.320,-1.41960439,1.33115677,0.27009446,-0.61544841,1.50918829,0.11221380,0.61544841,1.50918829,0.11221380,0.45674724,0.68296916,3714,1455,186,2026-05-03T23:57:28.897Z,2026-05-03 19:57:28.897,102633,48
17.360,-1.55886864,1.30302705,0.18368313,-1.27636062,1.33656604,0.31094440,1.27636062,1.33656604,0.31094440,0.42372109,0.47992055,3638,1285,331,2026-05-03T23:57:28.937Z,2026-05-03 19:57:28.937,102633,49
17.400,1.02309156,1.56142879,-0.19466599,3.51525291,1.56199039,0.66865947,-3.51525291,1.56199039,0.66865947,0.69845879,0.92337326,4189,1507,592,2026-05-03T23:57:28.977Z,2026-05-03 19:57:28.977,102633,50
17.440,5.11114055,-3.48071051,-0.67293993,1.73252918,-3.56184423,1.83500248,-1.73252918,-3.56184423,1.83500248,3.35682064,3.82901241,3984,-3539,1443,2026-05-03T23:57:29.017Z,2026-05-03 19:57:29.017,102633,51
17.480,-2.82515945,0.86125368,3.66640056,-0.71980297,0.94867368,-0.89925640,0.71980297,0.94867368,-0.89925640,2.61527488,0.20397922,3702,903,-552,2026-05-03T23:57:29.057Z,2026-05-03 19:57:29.057,102633,52
17.520,3.04197527,-2.50882181,-0.92964219,-2.48513427,-3.40242250,2.89992436,2.48513427,-3.40242250,2.89992436,2.09837369,4.12468892,3499,-3382,2220,2026-05-03T23:57:29.097Z,2026-05-03 19:57:29.097,102633,53
17.560,-1.23410978,-0.76234095,-0.20310730,-1.58942430,0.41252927,-0.78824138,1.58942430,0.41252927,-0.78824138,-0.23014664,-0.37426119,3602,375,-471,2026-05-03T23:57:29.137Z,2026-05-03 19:57:29.137,102633,54
17.600,-0.60144972,-0.74030431,-1.61664702,-0.71110675,-1.84374511,-0.53468855,0.71110675,-1.84374511,-0.53468855,0.58811797,1.19414284,3703,-1847,-286,2026-05-03T23:57:29.177Z,2026-05-03 19:57:29.177,102633,55
17.640,1.65926945,-1.28644575,0.15871112,-1.38941139,-0.85979827,-1.01575365,1.38941139,-0.85979827,-1.01575365,0.41075334,0.19277418,3625,-878,-637,2026-05-03T23:57:29.217Z,2026-05-03 19:57:29.217,102633,56
17.680,-1.70689702,-0.38178330,-2.69190396,-1.68508264,-0.90346154,-0.95133752,1.68508264,-0.90346154,-0.95133752,1.49195562,0.20445852,3591,-921,-590,2026-05-03T23:57:29.257Z,2026-05-03 19:57:29.257,102633,57
17.720,1.24309445,-1.50437777,-1.11157034,-0.49370142,-1.40914320,-1.29808815,0.49370142,-1.40914320,-1.29808815,0.92799883,0.94757985,3728,-1419,-843,2026-05-03T23:57:29.297Z,2026-05-03 19:57:29.297,102633,58
17.760,-0.17931822,-0.62945961,-0.47923249,-1.43289246,-0.48307559,-1.39813872,1.43289246,-0.48307559,-1.39813872,-0.35177950,0.19422090,3620,-507,-916,2026-05-03T23:57:29.337Z,2026-05-03 19:57:29.337,102633,59
17.800,0.18195492,-0.89119621,-0.09440055,-0.47630900,-1.46803785,0.35343163,0.47630900,-1.46803785,0.35343163,-0.15829689,0.65438591,3730,-1477,362,2026-05-03T23:57:29.377Z,2026-05-03 19:57:29.377,102633,60
17.840,0.78777144,-1.23005537,0.23469148,-0.61544841,-0.71560792,0.06698546,0.61544841,-0.71560792,0.06698546,0.29110721,-0.39853462,3714,-736,153,2026-05-03T23:57:29.417Z,2026-05-03 19:57:29.417,102633,61
17.880,-0.11098448,-0.62775318,1.05145238,-0.11106804,-1.25479860,1.00444565,0.11106804,-1.25479860,1.00444565,0.03419934,0.60891489,3772,-1267,837,2026-05-03T23:57:29.457Z,2026-05-03 19:57:29.457,102633,62
17.920,1.17098949,-1.40119710,0.60050919,-0.35456201,-0.95118652,0.91673007,0.35456201,-0.95118652,0.91673007,0.59994516,0.21383871,3744,-968,773,2026-05-03T23:57:29.497Z,2026-05-03 19:57:29.497,102633,63
17.960,-0.41924007,-0.52871344,1.00696384,-0.20672638,-1.06389870,1.07708511,0.20672638,-1.06389870,1.07708511,-0.06554451,0.43309498,3761,-1079,890,2026-05-03T23:57:29.537Z,2026-05-03 19:57:29.537,102633,64
18.000,1.26376874,-1.47509287,0.25816763,-0.15454910,-1.08623805,0.93591786,0.15454910,-1.08623805,0.93591786,0.61518187,0.37669350,3767,-1101,787,2026-05-03T23:57:29.577Z,2026-05-03 19:57:29.577,102633,65
18.040,-0.36120091,-0.50393225,0.43400754,-0.49370142,-0.84253604,0.20678215,0.49370142,-0.84253604,0.20678215,-0.49979834,-0.21101128,3728,-861,255,2026-05-03T23:57:29.617Z,2026-05-03 19:57:29.617,102633,66
18.080,1.20137030,-1.31680104,-0.18935823,-0.38934686,-1.22128957,0.29997995,0.38934686,-1.22128957,0.29997995,0.41325748,0.31302788,3740,-1234,323,2026-05-03T23:57:29.657Z,2026-05-03 19:57:29.657,102633,67
18.120,-0.29597515,-0.56992048,-0.46132519,-0.60675219,-0.67803719,-0.59499301,0.60675219,-0.67803719,-0.59499301,-0.42021208,-0.27442399,3715,-699,-330,2026-05-03T23:57:29.697Z,2026-05-03 19:57:29.697,102633,68
18.160,0.79535997,-1.11556812,-0.96179519,-0.51109385,-1.24159807,-0.56621133,0.51109385,-1.24159807,-0.56621133,0.42793456,0.40821388,3726,-1254,-309,2026-05-03T23:57:29.737Z,2026-05-03 19:57:29.737,102633,69
18.200,0.06728636,-0.75201740,-1.04870323,-0.87633481,-0.62828136,-1.36935705,0.87633481,-0.62828136,-1.36935705,0.12893459,0.25231418,3684,-650,-895,2026-05-03T23:57:29.777Z,2026-05-03 19:57:29.777,102633,70
18.240,0.17650377,-0.83649159,-1.15314675,-0.72849918,-1.18270342,-1.03905310,0.72849918,-1.18270342,-1.03905310,0.27633325,0.54721317,3701,-1196,-654,2026-05-03T23:57:29.817Z,2026-05-03 19:57:29.817,102633,71
18.280,0.57628160,-0.93683125,-0.48391011,-0.84154995,-0.77754884,-1.01164198,0.84154995,-0.77754884,-1.01164198,0.00028937,0.09769781,3688,-797,-634,2026-05-03T23:57:29.857Z,2026-05-03 19:57:29.857,102633,72
18.320,-0.04963173,-0.79446463,-0.61266431,-0.78937267,-1.10553112,-0.39900352,0.78937267,-1.10553112,-0.39900352,-0.11062843,0.18457214,3694,-1120,-187,2026-05-03T23:57:29.897Z,2026-05-03 19:57:29.897,102633,73
18.360,0.65037501,-1.12105949,-0.00519340,-0.46761278,-0.94509397,-0.17971459,0.46761278,-0.94509397,-0.17971459,0.13433676,-0.07764610,3731,-962,-27,2026-05-03T23:57:29.937Z,2026-05-03 19:57:29.937,102633,74
18.400,0.15871337,-0.86954998,0.31653873,-0.51979006,-0.99383437,0.10261991,0.51979006,-0.99383437,0.10261991,-0.14453692,-0.01949810,3725,-1010,179,2026-05-03T23:57:29.977Z,2026-05-03 19:57:29.977,102633,75
18.440,0.61802313,-1.09374274,0.62396831,-0.65023326,-1.13193217,0.60150223,0.65023326,-1.13193217,0.60150223,0.23292136,0.28120266,3710,-1146,543,2026-05-03T23:57:30.017Z,2026-05-03 19:57:30.017,102633,76
18.480,0.21809701,-0.96862651,0.55354548,-0.65892947,-0.99281894,0.63576613,0.65892947,-0.99281894,0.63576613,0.05317553,0.12109860,3709,-1009,568,2026-05-03T23:57:30.057Z,2026-05-03 19:57:30.057,102633,77
18.520,0.38605410,-1.11195544,0.31607038,-0.78067646,-1.17965715,0.59327890,0.78067646,-1.17965715,0.59327890,0.14901267,0.34033406,3695,-1193,537,2026-05-03T23:57:30.097Z,2026-05-03 19:57:30.097,102633,78
18.560,0.22291213,-1.01291798,0.31274666,-1.07634771,-1.00195777,0.26434550,1.07634771,-1.00195777,0.26434550,0.02615983,0.02151136,3661,-1018,297,2026-05-03T23:57:30.137Z,2026-05-03 19:57:30.137,102633,79
18.600,0.20081014,-1.05738402,-0.03585916,-1.05025907,-1.18981140,0.17114770,1.05025907,-1.18981140,0.17114770,0.04342744,0.25929488,3664,-1203,229,2026-05-03T23:57:30.177Z,2026-05-03 19:57:30.177,102633,80
18.640,0.14942604,-1.07111818,-0.27940837,-1.55463944,-1.04765190,-0.23453682,1.55463944,-1.04765190,-0.23453682,0.08784319,0.08804730,3606,-1063,-67,2026-05-03T23:57:30.217Z,2026-05-03 19:57:30.217,102633,81
18.680,-0.07921138,-1.01461752,-0.69041010,-1.77204478,-1.13599387,-0.52235355,1.77204478,-1.13599387,-0.52235355,0.16321518,0.27976528,3581,-1150,-277,2026-05-03T23:57:30.257Z,2026-05-03 19:57:30.257,102633,82
18.720,2.60485311,-0.76206537,-0.57160724,-0.94590451,-0.91056952,-0.99108364,0.94590451,-0.91056952,-0.99108364,0.09250411,0.22125127,3676,-928,-619,2026-05-03T23:57:30.297Z,2026-05-03 19:57:30.297,102633,83
18.760,-2.03938369,3.39768696,-2.40101643,5.73278730,2.26161822,-1.99295995,-5.73278730,2.26161822,-1.99295995,3.59732050,2.41590716,4444,2196,-1350,2026-05-03T23:57:30.337Z,2026-05-03 19:57:30.337,102633,84
18.800,-1.43628491,0.21803154,-2.09161994,-4.02436402,0.42065267,-1.63524488,4.02436402,0.42065267,-1.63524488,0.86964494,0.48185787,3322,383,-1089,2026-05-03T23:57:30.377Z,2026-05-03 19:57:30.377,102633,85
18.840,-1.90684071,2.29297900,0.45847429,1.85427617,2.59163135,-1.64209766,-1.85427617,2.59163135,-1.64209766,1.66170554,2.53671063,3998,2521,-1094,2026-05-03T23:57:30.417Z,2026-05-03 19:57:30.417,102633,86
18.880,-0.95137295,1.03571182,0.64339129,-2.52861533,0.40846757,1.70754079,2.52861533,0.40846757,1.70754079,0.19390000,0.47630953,3494,371,1350,2026-05-03T23:57:30.457Z,2026-05-03 19:57:30.457,102633,87
18.920,-1.13260248,1.21398931,1.17554599,2.78477099,2.33574425,0.26708661,-2.78477099,2.33574425,0.26708661,0.66487587,1.84788817,4105,2269,299,2026-05-03T23:57:30.497Z,2026-05-03 19:57:30.497,102633,88
18.960,-1.42239603,1.67631801,1.33473890,-1.72856371,0.43182235,2.30647369,1.72856371,0.43182235,2.30647369,1.22959498,1.03909660,3586,394,1787,2026-05-03T23:57:30.537Z,2026-05-03 19:57:30.537,102633,89
19.000,-0.12770099,0.47714310,1.59340806,2.10646636,1.95902157,1.16480068,-2.10646636,1.95902157,1.16480068,0.42022838,1.55877390,4027,1898,954,2026-05-03T23:57:30.577Z,2026-05-03 19:57:30.577,102633,90
19.040,-1.37641657,1.97580739,1.61039288,-0.25020745,0.95679708,2.12418976,0.25020745,0.95679708,2.12418976,1.68022756,1.13187939,3756,911,1654,2026-05-03T23:57:30.617Z,2026-05-03 19:57:30.617,102633,91
19.080,-0.22662343,0.38367051,1.17487902,0.41940098,1.30001074,1.53622131,-0.41940098,1.30001074,1.53622131,-0.00624062,0.97694394,3833,1249,1225,2026-05-03T23:57:30.657Z,2026-05-03 19:57:30.657,102633,92
19.120,-1.26766576,1.80758716,1.29900377,0.74985708,1.54168189,1.16617124,-0.74985708,1.54168189,1.16617124,1.34059016,1.03278842,3871,1487,955,2026-05-03T23:57:30.697Z,2026-05-03 19:57:30.697,102633,93
19.160,-0.64721462,0.87522210,0.80701767,-0.44152414,0.99233696,1.27170403,0.44152414,0.99233696,1.27170403,0.09434791,0.48661885,3734,946,1032,2026-05-03T23:57:30.737Z,2026-05-03 19:57:30.737,102633,94
19.200,-0.78859712,1.34681558,1.10713843,1.18466775,1.72547382,0.68647669,-1.18466775,1.72547382,0.68647669,0.74203319,1.08020245,3921,1668,605,2026-05-03T23:57:30.777Z,2026-05-03 19:57:30.777,102633,95
19.240,-0.99344123,1.31373418,-0.17744843,-0.55457491,1.01975343,0.73170504,0.55457491,1.01975343,0.73170504,0.39549883,0.19635241,3721,973,638,2026-05-03T23:57:30.817Z,2026-05-03 19:57:30.817,102633,96
19.280,-1.19439328,1.23660243,-0.48999273,0.48027447,1.78944559,-0.72519581,-0.48027447,1.78944559,-0.72519581,0.37905810,1.16896884,3840,1731,-425,2026-05-03T23:57:30.857Z,2026-05-03 19:57:30.857,102633,97
19.320,-1.48066828,1.69718337,-0.66622430,-1.59812051,1.17917516,-0.52920633,1.59812051,1.17917516,-0.52920633,0.97885509,0.33269108,3601,1130,-282,2026-05-03T23:57:30.897Z,2026-05-03 19:57:30.897,102633,98
19.360,-0.87280829,1.15323294,-1.74790457,-0.73719539,1.72547382,-1.50504208,0.73719539,1.72547382,-1.50504208,0.99258866,1.42425349,3700,1668,-994,2026-05-03T23:57:30.937Z,2026-05-03 19:57:30.937,102633,99
19.400,1.40830546,-1.93936681,0.84441884,3.35872107,1.18120601,-1.95732550,-3.35872107,1.18120601,-1.95732550,1.30833710,1.22604809,4171,1132,-1324,2026-05-03T23:57:30.977Z,2026-05-03 19:57:30.977,102633,100
19.440,-3.22704524,0.60284499,0.29233878,0.07155244,-3.16785932,2.55865596,-0.07155244,-3.16785932,2.55865596,0.00556428,3.65686876,3793,-3151,1971,2026-05-03T23:57:31.017Z,2026-05-03 19:57:31.017,102634,1
19.480,3.46777518,-2.95433648,-0.97509579,-2.18076680,0.05611509,-0.92803807,2.18076680,0.05611509,-0.92803807,2.65506738,-0.37883003,3534,24,-573,2026-05-03T23:57:31.057Z,2026-05-03 19:57:31.057,102634,2
19.520,-3.41998852,0.68352050,-0.18987765,-0.58066355,-1.91076316,0.06835602,0.58066355,-1.91076316,0.06835602,0.09301844,1.22825206,3718,-1913,154,2026-05-03T23:57:31.097Z,2026-05-03 19:57:31.097,102634,3
19.560,3.64022149,-2.64781238,-0.20017810,-0.71110675,-0.85065944,-0.15915625,0.71110675,-0.85065944,-0.15915625,2.19493117,-0.20485703,3703,-869,-12,2026-05-03T23:57:31.137Z,2026-05-03 19:57:31.137,102634,4
19.600,-1.79713774,0.31094382,0.51329458,-1.29375305,-1.10553112,-0.06047623,1.29375305,-1.10553112,-0.06047623,-0.42271267,0.14174397,3636,-1120,60,2026-05-03T23:57:31.177Z,2026-05-03 19:57:31.177,102634,5
19.640,1.92032446,-2.03700103,-1.11766998,-0.03280212,-1.47616125,0.20815271,0.03280212,-1.47616125,0.20815271,1.54550878,0.64340395,3781,-1485,256,2026-05-03T23:57:31.217Z,2026-05-03 19:57:31.217,102634,6
19.680,-0.23523856,-0.56105070,0.32425909,-1.11113257,-0.55313991,-0.89925640,1.11113257,-0.55313991,-0.89925640,-0.49709106,-0.18737704,3657,-576,-552,2026-05-03T23:57:31.257Z,2026-05-03 19:57:31.257,102634,7
19.720,0.25860666,-1.09811334,-0.72706198,-0.02410590,-1.69244678,0.52201000,0.02410590,-1.69244678,0.52201000,0.27300661,0.98723357,3782,-1698,485,2026-05-03T23:57:31.297Z,2026-05-03 19:57:31.297,102634,8
19.760,1.13130072,-1.12071729,0.66199111,-0.68501811,-0.59680319,-0.36611018,0.68501811,-0.59680319,-0.36611018,0.30561846,-0.48112695,3706,-619,-163,2026-05-03T23:57:31.337Z,2026-05-03 19:57:31.337,102634,9
19.800,-0.45495248,-0.78149528,-0.82312375,-0.30238473,-1.50763943,0.26434550,0.30238473,-1.50763943,0.26434550,0.00656828,0.69325252,3750,-1516,297,2026-05-03T23:57:31.377Z,2026-05-03 19:57:31.377,102634,10
19.840,1.27301009,-1.29462884,0.13420181,-0.14585289,-0.81715042,-0.48260743,0.14585289,-0.81715042,-0.48260743,0.38646442,-0.16483508,3768,-836,-248,2026-05-03T23:57:31.417Z,2026-05-03 19:57:31.417,102634,11
19.880,0.09825672,-0.81685958,-0.22456537,-0.83285374,-1.21519702,-0.08925791,0.83285374,-1.21519702,-0.08925791,-0.23078310,0.28394453,3689,-1228,39,2026-05-03T23:57:31.457Z,2026-05-03 19:57:31.457,102634,12
19.920,0.51739210,-1.09677898,-0.39436804,-0.17194153,-1.03546680,-0.24413071,0.17194153,-1.03546680,-0.24413071,0.15413865,0.05251312,3765,-1051,-74,2026-05-03T23:57:31.497Z,2026-05-03 19:57:31.497,102634,13
19.960,0.75969496,-1.00741281,0.24170224,-0.97199315,-1.12380877,-0.13859792,0.97199315,-1.12380877,-0.13859792,0.02374588,0.16560455,3673,-1138,3,2026-05-03T23:57:31.537Z,2026-05-03 19:57:31.537,102634,14
20.000,0.14415207,-1.00295270,-0.58546699,-0.46761278,-1.04968275,-0.17286181,0.46761278,-1.04968275,-0.17286181,0.10392781,0.06280368,3731,-1065,-22,2026-05-03T23:57:31.577Z,2026-05-03 19:57:31.577,102634,15
20.040,0.59185069,-1.07099414,0.00438893,-0.79806889,-1.16645662,-0.24001905,0.79806889,-1.16645662,-0.24001905,0.07064073,0.23307267,3693,-1180,-71,2026-05-03T23:57:31.617Z,2026-05-03 19:57:31.617,102634,16
20.080,0.38372946,-1.06639387,-0.26546913,-0.89372723,-0.99586522,-0.21671960,0.89372723,-0.99586522,-0.21671960,0.08371240,0.00169525,3682,-1012,-54,2026-05-03T23:57:31.657Z,2026-05-03 19:57:31.657,102634,17
20.120,0.23360007,-0.99794361,-0.09499377,-0.97199315,-1.25073690,-0.07829346,0.97199315,-1.25073690,-0.07829346,-0.02623160,0.33355181,3673,-1263,47,2026-05-03T23:57:31.697Z,2026-05-03 19:57:31.697,102634,18
20.160,0.45155910,-1.16522694,-0.13360412,-1.11113257,-0.99992692,-0.20986682,1.11113257,-0.99992692,-0.20986682,0.18728637,0.01004570,3657,-1016,-49,2026-05-03T23:57:31.737Z,2026-05-03 19:57:31.737,102634,19
20.200,0.10704920,-0.91136106,-0.07301343,-1.43289246,-1.24464435,-0.08377568,1.43289246,-1.24464435,-0.08377568,-0.13597118,0.33376730,3620,-1257,43,2026-05-03T23:57:31.777Z,2026-05-03 19:57:31.777,102634,20
20.240,0.41838632,0.47895056,-0.58593249,0.38461612,-0.93087802,-0.49768354,-0.38461612,-0.93087802,-0.49768354,-0.42578965,-0.01449100,3829,-948,-259,2026-05-03T23:57:31.817Z,2026-05-03 19:57:31.817,102634,21
20.280,-1.10442290,1.41076204,-2.65032762,4.66315307,2.56726115,-2.36986281,-4.66315307,2.56726115,-2.36986281,1.90308811,2.92765608,4321,2497,-1625,2026-05-03T23:57:31.857Z,2026-05-03 19:57:31.857,102634,22
20.320,-0.41706504,1.38836942,-1.02955560,-3.61564200,0.46431595,-1.50778319,3.61564200,0.46431595,-1.50778319,0.73426794,0.36643043,3369,426,-996,2026-05-03T23:57:31.897Z,2026-05-03 19:57:31.897,102634,23
20.360,-0.79891086,0.98675121,1.10137941,2.00211180,2.52765958,-0.86636306,-2.00211180,2.52765958,-0.86636306,0.38905776,2.19159530,4015,2458,-528,2026-05-03T23:57:31.937Z,2026-05-03 19:57:31.937,102634,24
20.400,-1.59622287,2.16744251,0.97779391,-1.81552584,0.53438028,1.83774359,1.81552584,0.53438028,1.83774359,1.62311414,0.63487503,3576,495,1445,2026-05-03T23:57:31.977Z,2026-05-03 19:57:31.977,102634,25
20.440,-0.42711785,0.32719052,0.14556948,2.47170731,2.13469010,-0.04677067,-2.47170731,2.13469010,-0.04677067,-0.81555069,1.55826520,4069,2071,70,2026-05-03T23:57:32.017Z,2026-05-03 19:57:32.017,102634,26
20.480,-1.37172121,2.24439959,2.16101119,-0.87633481,0.76995888,1.92820028,0.87633481,0.76995888,1.92820028,2.26155997,0.83708082,3684,727,1511,2026-05-03T23:57:32.057Z,2026-05-03 19:57:32.057,102634,27
20.520,-0.40266323,0.40147208,1.04422879,1.61947841,1.68079512,1.38134850,-1.61947841,1.68079512,1.38134850,-0.11095160,1.31600738,3971,1624,1112,2026-05-03T23:57:32.097Z,2026-05-03 19:57:32.097,102634,28
20.560,-1.30119360,1.96455833,1.78336885,0.41940098,1.15785123,1.84733748,-0.41940098,1.15785123,1.84733748,1.76210088,1.06547773,3833,1109,1452,2026-05-03T23:57:32.137Z,2026-05-03 19:57:32.137,102634,29
20.600,-0.81025156,0.65510134,0.37195791,0.55854039,1.33250434,1.19495291,-0.55854039,1.33250434,1.19495291,-0.34135864,0.80302286,3849,1281,976,2026-05-03T23:57:32.177Z,2026-05-03 19:57:32.177,102634,30
20.640,-1.15040211,1.71792019,1.45647934,0.61941388,1.45029364,1.02774510,-0.61941388,1.45029364,1.02774510,1.32457976,0.85557326,3856,1397,854,2026-05-03T23:57:32.217Z,2026-05-03 19:57:32.217,102634,31
20.680,-0.80015228,0.99749505,0.13394919,-0.20672638,1.16699006,0.96881120,0.20672638,1.16699006,0.96881120,-0.00137579,0.48788788,3761,1118,811,2026-05-03T23:57:32.257Z,2026-05-03 19:57:32.257,102634,32
20.720,-1.25367392,1.44729066,0.36421483,0.58462903,1.62494674,0.19992937,-0.58462903,1.62494674,0.19992937,0.59873627,0.84667934,3852,1569,250,2026-05-03T23:57:32.297Z,2026-05-03 19:57:32.297,102634,33
20.760,-1.84004646,0.95868806,-0.38782842,1.26293367,1.12941933,0.51241610,-1.26293367,1.12941933,0.51241610,0.10168225,0.25628109,3930,1081,478,2026-05-03T23:57:32.337Z,2026-05-03 19:57:32.337,102634,34
20.800,2.26703659,-2.65442684,-2.16242314,1.14118668,-0.95118652,-1.77778269,-1.14118668,-0.95118652,-1.77778269,2.71111771,0.84262151,3916,-968,-1193,2026-05-03T23:57:32.377Z,2026-05-03 19:57:32.377,102634,35
20.840,-2.26205645,0.12538345,-0.26751844,-0.11976425,-1.29033847,0.39865997,0.11976425,-1.29033847,0.39865997,-0.50716702,0.42442557,3771,-1302,395,2026-05-03T23:57:32.417Z,2026-05-03 19:57:32.417,102634,36
20.880,2.56973855,-1.59890916,0.12746636,-2.00684254,-1.69143135,1.19358235,2.00684254,-1.69143135,1.19358235,0.86443544,1.24237186,3554,-1697,975,2026-05-03T23:57:32.457Z,2026-05-03 19:57:32.457,102634,37
20.920,-0.75109253,-0.64695345,-1.38016534,-0.58066355,-0.72677759,-1.64346822,0.58066355,-0.72677759,-1.64346822,0.33520668,0.55528810,3718,-747,-1095,2026-05-03T23:57:32.497Z,2026-05-03 19:57:32.497,102634,38
20.960,0.57812973,-1.37438800,-2.60354834,-0.49370142,-1.34618685,-1.57768154,0.49370142,-1.34618685,-1.57768154,1.82669875,1.05233618,3728,-1357,-1047,2026-05-03T23:57:32.537Z,2026-05-03 19:57:32.537,102634,39
21.000,1.18629688,-0.88886507,0.50134505,-1.45028489,-0.93189344,-1.24874814,1.45028489,-0.93189344,-1.24874814,-0.00608916,0.42476204,3618,-949,-807,2026-05-03T23:57:32.577Z,2026-05-03 19:57:32.577,102634,40
21.040,0.02996935,-0.94892785,-1.27408402,-0.78067646,-1.33704802,-0.64022135,0.78067646,-1.33704802,-0.64022135,0.45745330,0.55797421,3695,-1348,-363,2026-05-03T23:57:32.617Z,2026-05-03 19:57:32.617,102634,41
21.080,1.06684019,-1.38364360,-0.29463339,-0.53718249,-0.97454129,-1.26519481,0.53718249,-0.97454129,-1.26519481,0.49943380,0.46516761,3723,-991,-819,2026-05-03T23:57:32.657Z,2026-05-03 19:57:32.657,102634,42
21.120,0.80798845,-1.07291875,0.73265803,-0.70241054,-1.12888590,0.27393939,0.70241054,-1.12888590,0.27393939,0.26630219,0.18707812,3704,-1143,304,2026-05-03T23:57:32.697Z,2026-05-03 19:57:32.697,102634,43
21.160,0.98533504,-1.20424522,0.97525636,-0.57196734,-1.30963155,0.81942061,0.57196734,-1.30963155,0.81942061,0.53415704,0.58995760,3719,-1321,702,2026-05-03T23:57:32.737Z,2026-05-03 19:57:32.737,102634,44
21.200,0.71894292,-1.22180336,0.70671533,-0.36325822,-1.04155935,0.58094390,0.36325822,-1.04155935,0.58094390,0.41327369,0.15687118,3743,-1057,528,2026-05-03T23:57:32.777Z,2026-05-03 19:57:32.777,102634,45
21.240,0.52538220,-1.17725235,0.50293736,-0.51109385,-1.29135390,0.84683173,0.51109385,-1.29135390,0.84683173,0.28075850,0.57888919,3726,-1303,722,2026-05-03T23:57:32.817Z,2026-05-03 19:57:32.817,102634,46
21.280,0.79076761,-1.20056367,0.59111416,-0.66762569,-1.05983700,0.71937003,0.66762569,-1.05983700,0.71937003,0.34781821,0.24024324,3708,-1075,629,2026-05-03T23:57:32.857Z,2026-05-03 19:57:32.857,102634,47
21.320,0.51837318,-1.01029059,0.29386298,-0.87633481,-1.30252357,0.61109612,0.87633481,-1.30252357,0.61109612,0.02660793,0.50492952,3684,-1314,550,2026-05-03T23:57:32.897Z,2026-05-03 19:57:32.897,102634,48
21.360,0.46933238,0.31991002,-1.07472546,0.24547671,-0.95220194,-0.33321684,-0.24547671,-0.95220194,-0.33321684,-0.12005952,-0.03926718,3813,-969,-139,2026-05-03T23:57:32.937Z,2026-05-03 19:57:32.937,102634,49
21.400,-1.53531860,1.94717935,-3.02899168,2.40213761,1.66657916,-1.74214824,-2.40213761,1.66657916,-1.74214824,2.60759688,1.52023974,4061,1610,-1167,2026-05-03T23:57:32.977Z,2026-05-03 19:57:32.977,102634,50
21.440,-0.84893211,1.16612193,-2.11449152,-1.07634771,1.15074326,-2.08204608,1.07634771,1.15074326,-2.08204608,1.28968008,1.25004105,3661,1102,-1415,2026-05-03T23:57:33.017Z,2026-05-03 19:57:33.017,102634,51
21.480,-1.30852080,1.68471016,0.00603518,0.66289495,1.92551254,-1.29534704,-0.66289495,1.92551254,-1.29534704,0.85409489,1.55611704,3861,1865,-841,2026-05-03T23:57:33.057Z,2026-05-03 19:57:33.057,102634,52
21.520,-1.45120982,1.65115564,-0.05333785,-1.29375305,1.01366088,0.17251826,1.29375305,1.01366088,0.17251826,0.82293633,0.02720252,3636,967,230,2026-05-03T23:57:33.097Z,2026-05-03 19:57:33.097,102634,53
21.560,-0.81238944,0.90310606,0.56315624,1.83688374,2.01385452,-0.28524739,-1.83688374,2.01385452,-0.28524739,0.00714912,1.39698171,3996,1952,-104,2026-05-03T23:57:33.137Z,2026-05-03 19:57:33.137,102634,54
21.600,-1.17017167,1.85829789,2.08057182,-0.51979006,0.80752960,1.91312416,0.51979006,0.80752960,1.91312416,1.83972507,0.84574914,3725,764,1500,2026-05-03T23:57:33.177Z,2026-05-03 19:57:33.177,102634,55
21.640,-0.48428936,0.55952964,1.35614013,1.77601025,1.75289029,1.10860789,-1.77601025,1.75289029,1.10860789,0.25305555,1.27496457,3989,1695,913,2026-05-03T23:57:33.217Z,2026-05-03 19:57:33.217,102634,56
21.680,-1.11471841,1.40374334,1.61417360,-0.24151124,0.84713118,1.87063693,0.24151124,0.84713118,1.87063693,1.11777949,0.83501749,3757,803,1469,2026-05-03T23:57:33.257Z,2026-05-03 19:57:33.257,102634,57
21.720,0.36105733,-0.20961035,1.26593101,1.85427617,1.29696446,1.45261740,-1.85427617,1.29696446,1.45261740,0.02041540,0.93688411,3998,1246,1164,2026-05-03T23:57:33.297Z,2026-05-03 19:57:33.297,102634,58
21.760,0.24446522,-0.88420512,1.56060217,1.05422455,-0.61304999,1.85967249,-1.05422455,-0.61304999,1.85967249,0.62912243,0.68279009,3906,-635,1461,2026-05-03T23:57:33.337Z,2026-05-03 19:57:33.337,102634,59
21.800,0.70606115,-1.28940618,1.29718148,0.05416002,-1.28830762,1.69931745,-0.05416002,-1.28830762,1.69931745,0.79262010,1.07633589,3791,-1300,1344,2026-05-03T23:57:33.377Z,2026-05-03 19:57:33.377,102634,60
21.840,0.58819041,-1.04489236,1.50203245,-0.27629609,-1.18168800,1.37038405,0.27629609,-1.18168800,1.37038405,0.71270598,0.74453765,3753,-1195,1104,2026-05-03T23:57:33.417Z,2026-05-03 19:57:33.417,102634,61
21.880,0.89964822,-1.39094017,-0.31522861,-0.00671348,-1.17254917,0.68510614,0.00671348,-1.17254917,0.68510614,0.50295073,0.36151449,3784,-1186,604,2026-05-03T23:57:33.457Z,2026-05-03 19:57:33.457,102634,62
21.920,-0.09885921,-0.56282373,-1.27436221,-0.80676510,-1.41828203,0.17251826,0.80676510,-1.41828203,0.17251826,0.17658395,0.56551582,3692,-1428,230,2026-05-03T23:57:33.497Z,2026-05-03 19:57:33.497,102634,63
21.960,0.38779945,-0.70858487,-2.89489016,-1.13722121,-0.90853867,-2.37671559,1.13722121,-0.90853867,-2.37671559,1.73452637,1.32824697,3654,-926,-1630,2026-05-03T23:57:33.537Z,2026-05-03 19:57:33.537,102634,64
22.000,-0.03856127,-0.24866540,-3.81283611,-1.04156286,-0.43636604,-3.84869255,1.04156286,-0.43636604,-3.84869255,2.52273851,2.55860471,3665,-461,-2704,2026-05-03T23:57:33.577Z,2026-05-03 19:57:33.577,102634,65
22.040,-0.48517599,0.44100025,-2.97310415,-1.18939849,-0.00379498,-3.41011468,1.18939849,-0.00379498,-3.41011468,1.73266252,2.07143965,3648,-35,-2384,2026-05-03T23:57:33.617Z,2026-05-03 19:57:33.617,102634,66
22.080,-0.32944665,0.50000197,-1.50978228,-0.76328403,0.34043410,-2.56996396,0.76328403,0.34043410,-2.56996396,0.35618831,1.26054923,3697,304,-1771,2026-05-03T23:57:33.657Z,2026-05-03 19:57:33.657,102634,67
22.120,-0.32946585,0.21252875,0.00833995,-0.18933396,0.32418730,-1.48859541,0.18933396,0.32418730,-1.48859541,-0.98268172,0.18685595,3763,288,-982,2026-05-03T23:57:33.697Z,2026-05-03 19:57:33.697,102634,68
22.160,0.44633225,-0.41324323,1.36227955,0.14981836,0.14141080,0.12866047,-0.14981836,0.14141080,0.12866047,0.18431378,-1.14862198,3802,108,198,2026-05-03T23:57:33.737Z,2026-05-03 19:57:33.737,102634,69
22.200,0.51182008,-0.18163678,2.37975017,0.68028737,-0.48409101,1.93505306,-0.68028737,-0.48409101,1.93505306,1.10754581,0.68580391,3863,-508,1516,2026-05-03T23:57:33.777Z,2026-05-03 19:57:33.777,102634,70
22.240,0.08945492,0.18974568,2.00274929,1.15857911,0.01549809,2.32840258,-1.15857911,0.01549809,2.32840258,0.73253382,0.97954792,3918,-16,1803,2026-05-03T23:57:33.817Z,2026-05-03 19:57:33.817,102634,71
22.280,-0.44852118,0.29510822,0.92382799,0.65419873,0.27240062,1.99672807,-0.65419873,0.27240062,1.99672807,-0.26999749,0.67337502,3860,237,1561,2026-05-03T23:57:33.857Z,2026-05-03 19:57:33.857,102634,72
22.320,-0.57990658,0.58982278,1.22610593,-0.29368852,0.42268352,1.44028240,0.29368852,0.42268352,1.44028240,0.16253950,0.18482359,3751,385,1155,2026-05-03T23:57:33.897Z,2026-05-03 19:57:33.897,102634,73
22.360,0.25861592,0.41295774,2.08986462,0.39331234,0.65216958,1.57870854,-0.39331234,0.65216958,1.57870854,0.86814547,0.44650779,3830,611,1256,2026-05-03T23:57:33.937Z,2026-05-03 19:57:33.937,102634,74
22.400,0.05445214,0.24269793,1.60754310,1.62817462,0.47243935,2.13515421,-1.62817462,0.47243935,2.13515421,0.35541065,0.88591818,3972,434,1662,2026-05-03T23:57:33.977Z,2026-05-03 19:57:33.977,102634,75
22.440,-0.07455324,-0.13232016,-0.13158888,0.27156535,0.09165497,1.17576513,-0.27156535,0.09165497,1.17576513,-1.05368729,-0.18616675,3816,59,962,2026-05-03T23:57:34.017Z,2026-05-03 19:57:34.017,102634,76
22.480,0.25410725,0.37752226,0.52318346,-0.24151124,-0.06167421,0.03683323,0.24151124,-0.06167421,0.03683323,-0.56282729,-1.28285416,3757,-92,131,2026-05-03T23:57:34.057Z,2026-05-03 19:57:34.057,102634,77
22.520,0.18122684,-0.49814922,-2.60644350,0.81073057,0.47751647,-0.64981524,-0.81073057,0.47751647,-0.64981524,1.38897719,-0.44802134,3878,439,-370,2026-05-03T23:57:34.097Z,2026-05-03 19:57:34.097,102634,78
22.560,-0.57888931,0.43066516,-1.18935302,-0.74589161,-0.63031221,-1.06646421,0.74589161,-0.63031221,-1.06646421,0.03997796,0.00220820,3699,-652,-674,2026-05-03T23:57:34.137Z,2026-05-03 19:57:34.137,102634,79
22.600,0.23235979,-0.51697510,-2.52004346,-0.45891657,0.15867302,-2.22458389,0.45891657,0.15867302,-2.22458389,1.31192532,0.87881026,3732,125,-1519,2026-05-03T23:57:34.177Z,2026-05-03 19:57:34.177,102634,80
22.640,0.10044995,-0.37174221,-1.40240680,-1.10243635,-0.81511957,-2.54392340,1.10243635,-0.81511957,-2.54392340,0.19852513,1.42599862,3658,-834,-1752,2026-05-03T23:57:34.217Z,2026-05-03 19:57:34.217,102634,81
22.680,0.65087766,-0.88943693,-1.70875212,-0.64153705,-0.34091609,-2.44387282,0.64153705,-0.34091609,-2.44387282,0.76249604,1.13451402,3711,-367,-1679,2026-05-03T23:57:34.257Z,2026-05-03 19:57:34.257,102634,82
22.720,0.32745428,-0.37805119,-0.02649821,-0.52848627,-0.73490099,-0.77727693,0.52848627,-0.73490099,-0.77727693,-0.78580113,-0.10535261,3724,-755,-463,2026-05-03T23:57:34.297Z,2026-05-03 19:57:34.297,102634,83
22.760,0.25687029,-0.18577769,1.04517966,0.24547671,-0.33888524,0.50282221,-0.24547671,-0.33888524,0.50282221,-0.20126464,-0.69406121,3813,-365,471,2026-05-03T23:57:34.337Z,2026-05-03 19:57:34.337,102634,84
22.800,0.56096388,-0.35391079,1.12280622,0.46288204,-0.33685439,1.00855731,-0.46288204,-0.33685439,1.00855731,-0.05739895,-0.26133498,3838,-363,840,2026-05-03T23:57:34.377Z,2026-05-03 19:57:34.377,102634,85
22.840,-0.21311690,0.47028063,1.29237618,0.54114796,-0.23937358,1.27718626,-0.54114796,-0.23937358,1.27718626,0.14248548,-0.04746122,3847,-267,1036,2026-05-03T23:57:34.417Z,2026-05-03 19:57:34.417,102634,86
22.880,-0.33804344,0.71977125,1.25420007,1.03683212,0.61866055,1.41698295,-1.03683212,0.61866055,1.41698295,0.26633177,0.28896311,3904,578,1138,2026-05-03T23:57:34.457Z,2026-05-03 19:57:34.457,102634,87
22.920,-0.45924551,0.83590522,0.97739654,0.82812300,0.81159130,1.42520629,-0.82812300,0.81159130,1.42520629,0.15762953,0.44012398,3880,768,1144,2026-05-03T23:57:34.497Z,2026-05-03 19:57:34.497,102634,88
22.960,-0.04776490,0.43043092,0.75492505,0.83681921,0.86947053,0.99211064,-0.83681921,0.86947053,0.99211064,-0.34681116,0.17725908,3881,825,828,2026-05-03T23:57:34.537Z,2026-05-03 19:57:34.537,102634,89
23.000,0.19665618,-0.04988770,0.06969983,0.43679340,0.37495855,0.53434500,-0.43679340,0.37495855,0.53434500,-1.15353678,-0.63505499,3835,338,494,2026-05-03T23:57:34.577Z,2026-05-03 19:57:34.577,102634,90
23.040,0.26410489,-0.07728710,0.03169122,0.17590700,-0.05862793,0.00942211,-0.17590700,-0.05862793,0.00942211,-1.13497125,-1.29730698,3805,-89,111,2026-05-03T23:57:34.617Z,2026-05-03 19:57:34.617,102634,91
23.080,0.28901782,-0.42428337,-0.85855516,0.37591991,-0.15103161,-0.30306461,-0.37591991,-0.15103161,-0.30306461,-0.26166455,-1.00841721,3828,-180,-117,2026-05-03T23:57:34.657Z,2026-05-03 19:57:34.657,102634,92
23.120,0.17853848,-0.26924825,-0.71682679,-0.24151124,-0.47799846,-0.62788635,0.24151124,-0.47799846,-0.62788635,-0.47840933,-0.47132571,3757,-502,-354,2026-05-03T23:57:34.697Z,2026-05-03 19:57:34.697,102634,93
23.160,0.38085417,-0.42672704,-1.13936936,-0.18933396,-0.34599321,-1.02808865,0.18933396,-0.34599321,-1.02808865,-0.01364884,-0.24022662,3763,-372,-646,2026-05-03T23:57:34.737Z,2026-05-03 19:57:34.737,102634,94
23.200,0.22759862,-0.13282083,-0.79790484,-0.45022036,-0.45768996,-1.20214924,0.45022036,-0.45768996,-1.20214924,-0.45421302,-0.01381015,3733,-482,-773,2026-05-03T23:57:34.777Z,2026-05-03 19:57:34.777,102634,95
23.240,0.04346566,0.03650883,-0.80700179,-0.04149833,-0.10939918,-1.24189536,0.04149833,-0.10939918,-1.24189536,-0.46366569,-0.11776802,3780,-139,-802,2026-05-03T23:57:34.817Z,2026-05-03 19:57:34.817,102634,96
23.280,-0.05521361,0.15023360,-0.24524289,-0.05019454,0.05814594,-0.66626191,0.05019454,0.05814594,-0.66626191,-0.95789235,-0.70410184,3779,26,-382,2026-05-03T23:57:34.857Z,2026-05-03 19:57:34.857,102634,97
23.320,0.14443192,0.00323911,0.37091622,0.33243884,0.14547250,-0.02073011,-0.33243884,0.14547250,-0.02073011,-0.89403396,-1.17604599,3823,112,89,2026-05-03T23:57:34.897Z,2026-05-03 19:57:34.897,102634,98
23.360,0.26671793,-0.10963815,0.80611503,0.35852748,-0.03019603,0.40003053,-0.35852748,-0.03019603,0.40003053,-0.45042689,-0.97197479,3826,-61,396,2026-05-03T23:57:34.937Z,2026-05-03 19:57:34.937,102634,99
23.400,0.20500986,-0.08375225,0.90646562,0.42809719,-0.11346088,0.71251726,-0.42809719,-0.11346088,0.71251726,-0.35848246,-0.64241822,3834,-143,624,2026-05-03T23:57:34.977Z,2026-05-03 19:57:34.977,102634,100
23.440,0.16322125,-0.01615635,0.71363526,0.66289495,-0.05862793,0.97155231,-0.66289495,-0.05862793,0.97155231,-0.55542272,-0.39114767,3861,-89,813,2026-05-03T23:57:35.017Z,2026-05-03 19:57:35.017,102635,1
23.480,-0.02300180,0.28269465,0.69923338,0.59332524,0.03885287,0.96881120,-0.59332524,0.03885287,0.96881120,-0.48868117,-0.39683870,3853,7,811,2026-05-03T23:57:35.057Z,2026-05-03 19:57:35.057,102635,2
23.520,-0.08618383,0.25456950,0.12249069,0.68028737,0.29473997,0.55627389,-0.68028737,0.29473997,0.55627389,-0.92597505,-0.68253345,3863,259,510,2026-05-03T23:57:35.097Z,2026-05-03 19:57:35.097,102635,3
23.560,0.06365539,0.09801624,-0.21127613,0.29765399,0.26224637,0.12180769,-0.29765399,0.26224637,0.12180769,-1.02145521,-1.00109048,3819,227,193,2026-05-03T23:57:35.137Z,2026-05-03 19:57:35.137,102635,4
23.600,0.17406778,-0.10612193,-0.59999947,0.32374263,0.06525392,-0.32499351,-0.32374263,0.06525392,-0.32499351,-0.65334342,-1.03821081,3822,33,-133,2026-05-03T23:57:35.177Z,2026-05-03 19:57:35.177,102635,5
23.640,0.18646320,-0.15698881,-0.67125109,-0.10237182,-0.12767683,-0.63199801,0.10237182,-0.12767683,-0.63199801,-0.56938563,-0.71992409,3773,-157,-357,2026-05-03T23:57:35.217Z,2026-05-03 19:57:35.217,102635,6
23.680,0.18535231,-0.25322202,-0.78181127,-0.06758697,-0.20789541,-0.77864749,0.06758697,-0.20789541,-0.77864749,-0.42730494,-0.54550032,3777,-236,-464,2026-05-03T23:57:35.257Z,2026-05-03 19:57:35.257,102635,7
23.720,0.23953666,-0.22068035,-0.46491290,-0.15454910,-0.29725281,-0.75397748,0.15454910,-0.29725281,-0.75397748,-0.72407321,-0.51850324,3767,-324,-446,2026-05-03T23:57:35.297Z,2026-05-03 19:57:35.297,102635,8
23.760,0.16631122,-0.09899762,-0.26562807,-0.15454910,-0.26069751,-0.60732801,0.15454910,-0.26069751,-0.60732801,-0.96947930,-0.67233864,3767,-288,-339,2026-05-03T23:57:35.337Z,2026-05-03 19:57:35.337,102635,9
23.800,0.08222089,0.06874732,0.15470903,0.05416002,-0.08401356,-0.25235405,-0.05416002,-0.08401356,-0.25235405,-1.08697250,-1.10270348,3791,-114,-80,2026-05-03T23:57:35.377Z,2026-05-03 19:57:35.377,102635,10
23.840,0.27163672,-0.15941640,0.21817215,0.41940098,0.05916137,0.07932046,-0.41940098,0.05916137,0.07932046,-0.96009517,-1.25063165,3833,27,162,2026-05-03T23:57:35.417Z,2026-05-03 19:57:35.417,102635,11
23.880,0.30126268,-0.17092047,0.42130299,0.39331234,-0.17337096,0.36439607,-0.39331234,-0.17337096,0.36439607,-0.78749195,-0.94019377,3830,-202,370,2026-05-03T23:57:35.457Z,2026-05-03 19:57:35.457,102635,12
23.920,0.20033374,-0.05829126,0.41896984,0.40200855,-0.18047893,0.43840609,-0.40200855,-0.18047893,0.43840609,-0.83850524,-0.87137241,3831,-209,424,2026-05-03T23:57:35.497Z,2026-05-03 19:57:35.497,102635,13
23.960,0.17591558,-0.04388417,0.24467118,0.37591991,-0.07081303,0.39180719,-0.37591991,-0.07081303,0.39180719,-1.00991649,-0.97038386,3828,-101,390,2026-05-03T23:57:35.537Z,2026-05-03 19:57:35.537,102635,14
24.000,0.16725366,-0.02450939,0.05863019,0.27156535,-0.05456623,0.23967549,-0.27156535,-0.05456623,0.23967549,-1.18078861,-1.12538803,3816,-85,279,2026-05-03T23:57:35.577Z,2026-05-03 19:57:35.577,102635,15
24.040,0.14200500,0.01544368,-0.08334226,0.33243884,-0.05050453,-0.00017178,-0.33243884,-0.05050453,-0.00017178,-1.16869484,-1.29568809,3823,-81,104,2026-05-03T23:57:35.617Z,2026-05-03 19:57:35.617,102635,16
24.080,0.13439781,-0.02148465,-0.14685930,0.45418583,-0.00074871,-0.13585680,-0.45418583,-0.00074871,-0.13585680,-1.11047494,-1.22733223,3837,-32,5,2026-05-03T23:57:35.657Z,2026-05-03 19:57:35.657,102635,17
24.120,0.19399571,-0.08543803,-0.17841063,0.30635020,-0.04339656,-0.19204959,-0.30635020,-0.04339656,-0.19204959,-1.04976929,-1.17378793,3820,-74,-36,2026-05-03T23:57:35.697Z,2026-05-03 19:57:35.697,102635,18
24.160,0.28586183,-0.20582542,-0.20764018,0.21938807,-0.11853801,-0.21534904,-0.21938807,-0.11853801,-0.21534904,-0.92554921,-1.10906959,3810,-148,-53,2026-05-03T23:57:35.737Z,2026-05-03 19:57:35.737,102635,19
24.200,0.31916559,-0.25320134,-0.16737505,0.17590700,-0.22921933,-0.22905460,-0.17590700,-0.22921933,-0.22905460,-0.89686317,-0.99230981,3805,-257,-63,2026-05-03T23:57:35.777Z,2026-05-03 19:57:35.777,102635,20
24.240,0.27539851,-0.19287444,-0.06010736,0.17590700,-0.27795974,-0.16737959,-0.17590700,-0.27795974,-0.16737959,-1.00437755,-0.96621134,3805,-305,-18,2026-05-03T23:57:35.817Z,2026-05-03 19:57:35.817,102635,21
24.280,0.26817352,-0.19285147,-0.01001296,0.16721079,-0.22820391,-0.10296346,-0.16721079,-0.22820391,-0.10296346,-1.01185084,-1.05310242,3804,-256,29,2026-05-03T23:57:35.857Z,2026-05-03 19:57:35.857,102635,22
24.320,0.25410846,-0.16255136,0.05955267,0.17590700,-0.22312678,-0.03169456,-0.17590700,-0.22312678,-0.03169456,-1.04073222,-1.07509389,3805,-251,81,2026-05-03T23:57:35.897Z,2026-05-03 19:57:35.897,102635,23
24.360,0.21628610,-0.10206138,0.13446294,0.09764108,-0.18149436,0.06013268,-0.09764108,-0.18149436,0.06013268,-1.06900695,-1.12705880,3796,-210,148,2026-05-03T23:57:35.937Z,2026-05-03 19:57:35.937,102635,24
24.400,0.15824665,-0.04458236,0.13241364,0.26286914,-0.11447631,0.12180769,-0.26286914,-0.11447631,0.12180769,-1.11368521,-1.17929025,3815,-144,193,2026-05-03T23:57:35.977Z,2026-05-03 19:57:35.977,102635,25
24.440,0.10350252,0.01467430,0.10814840,0.09764108,-0.05151996,0.13688381,-0.09764108,-0.05151996,0.13688381,-1.15076003,-1.22658462,3796,-82,204,2026-05-03T23:57:36.017Z,2026-05-03 19:57:36.017,102635,26
24.480,0.05607608,0.08997326,0.07269148,0.09764108,0.01955979,0.11358436,-0.09764108,0.01955979,0.11358436,-1.13040267,-1.26368183,3796,-12,187,2026-05-03T23:57:36.057Z,2026-05-03 19:57:36.057,102635,27
24.520,-0.02281490,0.17654893,0.02256302,0.11503351,0.09876294,0.05602101,-0.11503351,0.09876294,0.05602101,-1.04464715,-1.23525645,3798,66,145,2026-05-03T23:57:36.097Z,2026-05-03 19:57:36.097,102635,28
24.560,-0.06858894,0.23614552,-0.01616654,0.07155244,0.18202780,0.00805156,-0.07155244,0.18202780,0.00805156,-0.97113553,-1.13376515,3793,148,110,2026-05-03T23:57:36.137Z,2026-05-03 19:57:36.137,102635,29
24.600,-0.10501982,0.29161723,-0.03219766,0.19329943,0.25310755,-0.02758289,-0.19329943,0.25310755,-0.02758289,-0.90101431,-1.03463978,3807,218,84,2026-05-03T23:57:36.177Z,2026-05-03 19:57:36.177,102635,30
24.640,-0.14318618,0.34529067,-0.02841979,0.14981836,0.31504847,-0.05636457,-0.14981836,0.31504847,-0.05636457,-0.83442048,-0.94815836,3802,279,63,2026-05-03T23:57:36.217Z,2026-05-03 19:57:36.217,102635,31
24.680,-0.17483822,0.40215650,-0.00996470,0.08024866,0.36480430,-0.05499401,-0.08024866,0.36480430,-0.05499401,-0.76441631,-0.88139661,3794,328,64,2026-05-03T23:57:36.257Z,2026-05-03 19:57:36.257,102635,32
24.720,-0.20594879,0.44149630,0.02107004,0.11503351,0.42572980,-0.03443567,-0.11503351,0.42572980,-0.03443567,-0.71479603,-0.80015700,3798,388,79,2026-05-03T23:57:36.297Z,2026-05-03 19:57:36.297,102635,33
24.760,-0.20448301,0.44846443,0.06442615,0.11503351,0.45822340,-0.01250678,-0.11503351,0.45822340,-0.01250678,-0.70305875,-0.75673553,3798,420,95,2026-05-03T23:57:36.337Z,2026-05-03 19:57:36.337,102635,34
24.800,-0.24531034,0.50975595,0.11321206,0.13242594,0.48563987,0.04094490,-0.13242594,0.48563987,0.04094490,-0.62026488,-0.71807908,3800,447,134,2026-05-03T23:57:36.377Z,2026-05-03 19:57:36.377,102635,35
24.840,-0.22586700,0.50036942,0.13459350,0.15851458,0.53641113,0.07109713,-0.15851458,0.53641113,0.07109713,-0.62817210,-0.64644413,3803,497,156,2026-05-03T23:57:36.417Z,2026-05-03 19:57:36.417,102635,36
24.880,-0.18118540,0.45104821,0.13928533,0.29765399,0.53844198,0.09302602,-0.29765399,0.53844198,0.09302602,-0.68754274,-0.64011333,3819,499,172,2026-05-03T23:57:36.457Z,2026-05-03 19:57:36.457,102635,37
24.920,-0.17088038,0.43995984,0.12897353,0.21069186,0.47853190,0.11221380,-0.21069186,0.47853190,0.11221380,-0.70347204,-0.71877420,3809,440,186,2026-05-03T23:57:36.497Z,2026-05-03 19:57:36.497,102635,38
24.960,-0.18571270,0.45588502,0.12524675,0.20199564,0.47447020,0.13551325,-0.20199564,0.47447020,0.13551325,-0.68477130,-0.71982971,3808,436,203,2026-05-03T23:57:36.537Z,2026-05-03 19:57:36.537,102635,39
25.000,-0.17413834,0.43919044,0.12568669,0.21069186,0.49071700,0.09987880,-0.21069186,0.49071700,0.09987880,-0.70503197,-0.70437040,3809,452,177,2026-05-03T23:57:36.577Z,2026-05-03 19:57:36.577,102635,40
25.040,-0.22120961,0.52460628,0.10713227,0.28895778,0.47548562,0.09439658,-0.28895778,0.47548562,0.09439658,-0.60411696,-0.72496950,3818,437,173,2026-05-03T23:57:36.617Z,2026-05-03 19:57:36.617,102635,41
25.080,-0.14999106,0.41618689,0.04838935,0.28026156,0.53945740,0.07246768,-0.28026156,0.53945740,0.07246768,-0.74580132,-0.64125615,3817,500,157,2026-05-03T23:57:36.657Z,2026-05-03 19:57:36.657,102635,42
25.120,-0.20540722,0.49435443,0.02855765,0.30635020,0.45619255,0.05053879,-0.30635020,0.45619255,0.05053879,-0.64969000,-0.75590503,3820,418,141,2026-05-03T23:57:36.697Z,2026-05-03 19:57:36.697,102635,43
25.160,-0.21739213,0.50680472,0.02270494,0.24547671,0.51204092,0.00256934,-0.24547671,0.51204092,0.00256934,-0.63427170,-0.68256790,3813,473,106,2026-05-03T23:57:36.737Z,2026-05-03 19:57:36.737,102635,44
25.200,-0.25189065,0.54340233,0.01050562,0.25417292,0.53945740,-0.01250678,-0.25417292,0.53945740,-0.01250678,-0.58852676,-0.64501938,3814,500,95,2026-05-03T23:57:36.777Z,2026-05-03 19:57:36.777,102635,45
25.240,-0.39023005,0.72068078,0.03533001,0.08894487,0.56281218,-0.00976567,-0.08894487,0.56281218,-0.00976567,-0.36551420,-0.61416615,3795,523,97,2026-05-03T23:57:36.817Z,2026-05-03 19:57:36.817,102635,46
25.280,-0.62552232,1.01288740,0.08591544,0.08894487,0.75371208,0.02449823,-0.08894487,0.75371208,0.02449823,0.00397190,-0.35337163,3795,711,122,2026-05-03T23:57:36.857Z,2026-05-03 19:57:36.857,102635,47
25.320,-0.74738702,1.20301353,0.18647323,0.12372972,1.05021618,0.02860990,-0.12372972,1.05021618,0.02860990,0.25006046,0.05141065,3799,1003,125,2026-05-03T23:57:36.897Z,2026-05-03 19:57:36.897,102635,48
25.360,-0.87299466,1.28585709,0.26232017,0.21069186,1.27665596,0.13551325,-0.21069186,1.27665596,0.13551325,0.36665355,0.36579393,3809,1226,203,2026-05-03T23:57:36.937Z,2026-05-03 19:57:36.937,102635,49
25.400,-0.84614143,1.20033332,0.18344753,0.24547671,1.38022931,0.14373659,-0.24547671,1.38022931,0.14373659,0.25131571,0.50748081,3813,1328,209,2026-05-03T23:57:36.977Z,2026-05-03 19:57:36.977,102635,50
25.440,-0.89661012,1.25384591,0.31152899,-0.00671348,1.27868681,0.26160439,0.00671348,1.27868681,0.26160439,0.33809144,0.38280114,3784,1228,295,2026-05-03T23:57:37.017Z,2026-05-03 19:57:37.017,102635,51
25.480,-0.97738669,1.25490242,0.29037462,0.09764108,1.36804421,0.25201050,-0.09764108,1.36804421,0.25201050,0.33987556,0.50221913,3796,1316,288,2026-05-03T23:57:37.057Z,2026-05-03 19:57:37.057,102635,52
25.520,-1.05992741,1.24327206,0.24627202,-0.11976425,1.33148891,0.26434550,0.11976425,1.33148891,0.26434550,0.32366120,0.45459800,3771,1280,297,2026-05-03T23:57:37.097Z,2026-05-03 19:57:37.097,102635,53
25.560,-1.20885218,1.31149035,0.26797421,-0.19803017,1.35992081,0.25475161,0.19803017,1.35992081,0.25475161,0.41791407,0.49181315,3762,1308,290,2026-05-03T23:57:37.137Z,2026-05-03 19:57:37.137,102635,54
25.600,-1.35106516,1.26486997,0.18699550,-0.32847337,1.39952239,0.20404104,0.32847337,1.39952239,0.20404104,0.36194962,0.53963849,3747,1347,253,2026-05-03T23:57:37.177Z,2026-05-03 19:57:37.177,102635,55
25.640,-1.47722403,1.34783757,0.18646755,-0.71980297,1.39139899,0.21774660,0.71980297,1.39139899,0.21774660,0.47015093,0.53288674,3702,1339,263,2026-05-03T23:57:37.217Z,2026-05-03 19:57:37.217,102635,56
25.680,2.57959580,1.57899156,-0.08133553,-1.01547422,1.45130906,0.16840659,1.01547422,1.45130906,0.16840659,0.84053669,0.61239004,3668,1398,227,2026-05-03T23:57:37.257Z,2026-05-03 19:57:37.257,102635,57
25.720,5.20088852,-3.60219790,-0.78745400,4.70663413,1.54066646,0.79200949,-4.70663413,1.54066646,0.79200949,3.52283893,0.98961043,4326,1486,682,2026-05-03T23:57:37.297Z,2026-05-03 19:57:37.297,102635,58
25.760,-3.32311995,0.95113199,3.41407790,0.65419873,-3.73649733,3.33713167,-0.65419873,-3.73649733,3.33713167,2.45525009,4.73438680,3860,-3711,2539,2026-05-03T23:57:37.337Z,2026-05-03 19:57:37.337,102635,59
25.800,3.07060240,-2.57016159,-1.01539494,-1.16330985,1.01467631,-1.94361994,1.16330985,1.01467631,-1.94361994,2.19434766,1.02918862,3651,968,-1314,2026-05-03T23:57:37.377Z,2026-05-03 19:57:37.377,102635,60
25.840,-1.35896167,-0.56844599,-0.24439422,-1.24157577,-3.08764075,1.63627189,1.24157577,-3.08764075,1.63627189,-0.41316029,3.14977839,3642,-3072,1298,2026-05-03T23:57:37.417Z,2026-05-03 19:57:37.417,102635,61
25.880,0.10902849,-1.06683949,-1.51296133,-2.16337438,0.01854437,-0.44149075,2.16337438,0.01854437,-0.44149075,0.73075531,-0.81791278,3536,-13,-218,2026-05-03T23:57:37.457Z,2026-05-03 19:57:37.457,102635,62
25.920,0.99895379,-1.06524557,0.11428779,-1.18070227,-1.68432338,-1.41869706,1.18070227,-1.68432338,-1.41869706,0.09095230,1.33408126,3649,-1690,-931,2026-05-03T23:57:37.497Z,2026-05-03 19:57:37.497,102635,63
25.960,-1.14014411,-0.60329585,-2.36932896,-1.30244926,-0.84355147,-1.64209766,1.30244926,-0.84355147,-1.64209766,1.22140661,0.64891012,3635,-862,-1094,2026-05-03T23:57:37.537Z,2026-05-03 19:57:37.537,102635,64
26.000,1.10812345,-1.35049791,-0.58099655,-1.84161448,-0.96641789,-1.38169205,1.84161448,-0.96641789,-1.38169205,0.53201523,0.56138981,3573,-983,-904,2026-05-03T23:57:37.577Z,2026-05-03 19:57:37.577,102635,65
26.040,-0.02050896,-0.76755903,-0.64083795,-0.76328403,-1.26901455,-0.93763196,0.76328403,-1.26901455,-0.93763196,-0.12355150,0.59597391,3697,-1281,-580,2026-05-03T23:57:37.617Z,2026-05-03 19:57:37.617,102635,66
26.080,0.31255736,-0.93656023,0.08890425,-1.09374014,-0.81715042,-0.94585530,1.09374014,-0.81715042,-0.94585530,-0.10037977,0.09714366,3659,-836,-586,2026-05-03T23:57:37.657Z,2026-05-03 19:57:37.657,102635,67
26.120,0.68561950,-1.14813046,0.37219350,-0.34586580,-1.15731780,0.16018326,0.34586580,-1.15731780,0.16018326,0.21555870,0.20642611,3745,-1171,221,2026-05-03T23:57:37.697Z,2026-05-03 19:57:37.697,102635,68
26.160,0.17065205,-0.77239811,1.02426366,-0.51979006,-1.02734340,0.28627439,0.51979006,-1.02734340,0.28627439,0.12893845,0.05172969,3725,-1043,313,2026-05-03T23:57:37.737Z,2026-05-03 19:57:37.737,102635,69
26.200,0.93460481,-1.29751348,0.54477209,-0.13715668,-1.02734340,0.81667950,0.13715668,-1.02734340,0.81667950,0.45026942,0.24506223,3769,-1043,700,2026-05-03T23:57:37.777Z,2026-05-03 19:57:37.777,102635,70
26.240,-0.01736346,-0.73875864,0.75230523,-0.19803017,-1.17051832,1.07845566,0.19803017,-1.17051832,1.07845566,-0.08643555,0.55223881,3762,-1184,891,2026-05-03T23:57:37.817Z,2026-05-03 19:57:37.817,102635,71
26.280,0.96730178,-1.28053407,0.15126609,-0.30238473,-0.94306312,0.75774560,0.30238473,-0.94306312,0.75774560,0.35137430,0.11632584,3750,-960,657,2026-05-03T23:57:37.857Z,2026-05-03 19:57:37.857,102635,72
26.320,-0.01294899,-0.66357910,0.17708959,-0.28499230,-1.19590395,0.59739057,0.28499230,-1.19590395,0.59739057,-0.42610123,0.35866584,3752,-1209,540,2026-05-03T23:57:37.897Z,2026-05-03 19:57:37.897,102635,73
26.360,0.86931285,-1.18045624,-0.51541888,-0.56327113,-0.83948977,-0.22494293,0.56327113,-0.83948977,-0.22494293,0.30287814,-0.21086624,3720,-858,-60,2026-05-03T23:57:37.937Z,2026-05-03 19:57:37.937,102635,74
26.400,-0.02708072,-0.76723290,-0.94278947,-0.46761278,-1.21113532,-0.11255735,0.46761278,-1.21113532,-0.11255735,0.06583435,0.27623966,3731,-1224,22,2026-05-03T23:57:37.977Z,2026-05-03 19:57:37.977,102635,75
26.440,0.55096738,-0.99859587,-0.93070653,-0.92851209,-0.80699617,-0.98011920,0.92851209,-0.80699617,-0.98011920,0.28432080,0.10666810,3678,-826,-611,2026-05-03T23:57:38.017Z,2026-05-03 19:57:38.017,102635,76
26.480,0.34847430,-0.93166832,-1.01604214,-0.64153705,-1.13802472,-0.91981474,0.64153705,-1.13802472,-0.91981474,0.26771321,0.43097002,3711,-1152,-567,2026-05-03T23:57:38.057Z,2026-05-03 19:57:38.057,102635,77
26.520,0.11721454,-0.87876199,-0.87840103,-1.05895529,-0.88619932,-1.11443367,1.05895529,-0.88619932,-1.11443367,0.12688971,0.27937164,3663,-904,-709,2026-05-03T23:57:38.097Z,2026-05-03 19:57:38.097,102635,78
26.560,0.62500388,-1.07610656,-0.19355334,-0.90242345,-1.05983700,-0.84854584,0.90242345,-1.05983700,-0.84854584,0.09189842,0.30563796,3681,-1075,-515,2026-05-03T23:57:38.137Z,2026-05-03 19:57:38.137,102635,79
26.600,0.11050300,-0.90131308,0.01186804,-0.81546131,-1.03242052,-0.51001855,0.81546131,-1.03242052,-0.51001855,-0.15059456,0.12373725,3691,-1048,-268,2026-05-03T23:57:38.177Z,2026-05-03 19:57:38.177,102635,80
26.640,0.56214981,-1.18287690,0.30097310,-0.98068937,-1.04155935,-0.04951179,0.98068937,-1.04155935,-0.04951179,0.23638532,0.04860917,3672,-1057,68,2026-05-03T23:57:38.217Z,2026-05-03 19:57:38.217,102635,81
26.680,0.10430486,-1.01678098,0.42432302,-0.82415753,-1.17051832,0.45622332,0.82415753,-1.17051832,0.45622332,0.06016767,0.28567111,3690,-1184,437,2026-05-03T23:57:38.257Z,2026-05-03 19:57:38.257,102635,82
26.720,0.40283533,-1.17113631,0.53225490,-1.08504393,-1.05780615,0.41510664,1.08504393,-1.05780615,0.41510664,0.27985497,0.13104878,3660,-1073,407,2026-05-03T23:57:38.297Z,2026-05-03 19:57:38.297,102635,83
26.760,0.07833759,-1.07518787,0.40353478,-1.18070227,-1.21824330,0.58231445,1.18070227,-1.21824330,0.58231445,0.12248699,0.39156537,3649,-1231,529,2026-05-03T23:57:38.337Z,2026-05-03 19:57:38.337,102635,84
26.800,0.71730826,-1.12326430,0.16106699,-1.49376595,-1.08928432,0.43566498,1.49376595,-1.08928432,0.43566498,0.14909718,0.18639338,3613,-1104,422,2026-05-03T23:57:38.377Z,2026-05-03 19:57:38.377,102635,85
26.840,0.53585507,3.20548029,-0.64367347,-1.24157577,-1.20402735,0.35891385,1.24157577,-1.20402735,0.35891385,2.74766377,0.31214807,3642,-1217,366,2026-05-03T23:57:38.417Z,2026-05-03 19:57:38.417,102635,86
26.880,-0.06684292,-0.53503849,-2.03596793,6.83720639,1.58636059,-0.03991790,-6.83720639,1.58636059,-0.03991790,0.85701586,1.04196758,4571,1531,75,2026-05-03T23:57:38.457Z,2026-05-03 19:57:38.457,102635,87
26.920,-2.59896785,2.91853051,-0.96486913,-3.25909725,0.70395625,-0.67859691,3.25909725,0.70395625,-0.67859691,2.54733250,-0.09255823,3410,662,-391,2026-05-03T23:57:38.497Z,2026-05-03 19:57:38.497,102635,88
26.960,-0.38972619,0.02362215,-0.86092520,1.55860492,2.25044855,-1.35976316,-1.55860492,2.25044855,-1.35976316,-0.40288377,1.99231430,3964,2185,-888,2026-05-03T23:57:38.537Z,2026-05-03 19:57:38.537,102635,89
27.000,-1.09820656,2.24748172,1.05255658,-2.42426078,0.62069140,0.46855832,2.42426078,0.62069140,0.46855832,1.71882417,-0.33775715,3506,580,446,2026-05-03T23:57:38.577Z,2026-05-03 19:57:38.577,102635,90
27.040,-0.34549197,0.50109748,-0.01555913,2.23690956,2.34386765,-0.56484078,-2.23690956,2.34386765,-0.56484078,-0.63609449,1.88701181,4042,2277,-308,2026-05-03T23:57:38.617Z,2026-05-03 19:57:38.617,102635,91
27.080,-0.81958572,1.49481359,1.39459152,-1.65899400,0.45923882,1.94738806,1.65899400,0.45923882,1.94738806,1.05428648,0.70108906,3594,421,1525,2026-05-03T23:57:38.657Z,2026-05-03 19:57:38.657,102635,92
27.120,-0.84104478,1.23084924,1.25322653,2.49779595,2.18444592,0.16977715,-2.49779595,2.18444592,0.16977715,0.71449484,1.63065030,4072,2120,228,2026-05-03T23:57:38.697Z,2026-05-03 19:57:38.697,102635,93
27.160,-0.58379888,1.01769667,1.49952614,-0.99808179,0.72426475,1.64038355,0.99808179,0.72426475,1.64038355,0.68895156,0.55518162,3670,682,1301,2026-05-03T23:57:38.737Z,2026-05-03 19:57:38.737,102635,94
27.200,-1.12294139,1.64882906,1.19230372,1.49773142,1.75492114,0.77145116,-1.49773142,1.75492114,0.77145116,1.11396928,1.14809645,3957,1697,667,2026-05-03T23:57:38.777Z,2026-05-03 19:57:38.777,102635,95
27.240,-0.63361499,0.69149457,0.35180265,-0.09367561,1.06341671,1.66094189,0.09367561,1.06341671,1.66094189,-0.32175882,0.83755759,3774,1016,1316,2026-05-03T23:57:38.817Z,2026-05-03 19:57:38.817,102635,96
27.280,-1.19199492,1.87607408,0.90684598,0.65419873,1.42795429,0.76871004,-0.65419873,1.42795429,0.76871004,1.24665402,0.71853278,3860,1375,665,2026-05-03T23:57:38.857Z,2026-05-03 19:57:38.857,102635,97
27.320,-0.70934203,0.68510980,-0.53938322,0.13242594,1.39139899,0.41647720,-0.13242594,1.39139899,0.41647720,-0.24040439,0.56298209,3800,1339,408,2026-05-03T23:57:38.897Z,2026-05-03 19:57:38.897,102635,98
27.360,-1.44666397,1.97977608,0.11006714,-0.29368852,1.26447086,0.26297494,0.29368852,1.26447086,0.26297494,1.22230860,0.36445437,3751,1214,296,2026-05-03T23:57:38.937Z,2026-05-03 19:57:38.937,102635,99
27.400,-1.03650865,0.86358250,-0.87810303,0.26286914,1.69094937,-0.67037358,-0.26286914,1.69094937,-0.67037358,0.14771541,1.02350856,3815,1634,-385,2026-05-03T23:57:38.977Z,2026-05-03 19:57:38.977,102635,100
27.440,-1.60305557,1.79833142,-0.65651711,-1.59812051,1.14261986,-0.28524739,1.59812051,1.14261986,-0.28524739,1.10073807,0.22389947,3601,1094,-104,2026-05-03T23:57:39.017Z,2026-05-03 19:57:39.017,102636,1
27.480,3.49726979,-1.99488446,1.54911250,0.20199564,1.86966417,-1.12676867,-0.20199564,1.86966417,-1.12676867,1.82806036,1.41263329,3808,1810,-718,2026-05-03T23:57:39.057Z,2026-05-03 19:57:39.057,102636,2
27.520,-2.50812007,0.20513800,0.87857867,3.28045515,0.05306882,-1.20351980,-3.28045515,0.05306882,-1.20351980,-0.07697051,-0.05590506,4162,21,-774,2026-05-03T23:57:39.097Z,2026-05-03 19:57:39.097,102636,3
27.560,3.50141470,-3.29863196,-2.31304966,-0.65023326,-2.47737031,3.23296943,0.65023326,-2.47737031,3.23296943,3.52899008,3.32249604,3710,-2471,2463,2026-05-03T23:57:39.137Z,2026-05-03 19:57:39.137,102636,4
27.600,-2.93579535,0.92304359,0.71855133,-1.42419625,-0.65975954,0.06013268,1.42419625,-0.65975954,0.06013268,0.35180057,-0.45186160,3621,-681,148,2026-05-03T23:57:39.177Z,2026-05-03 19:57:39.177,102636,5
27.640,4.13340273,-2.81477647,-0.63027069,-0.30238473,-1.16544120,-0.73616026,0.30238473,-1.16544120,-0.73616026,2.48603216,0.37453096,3750,-1179,-433,2026-05-03T23:57:39.217Z,2026-05-03 19:57:39.217,102636,6
27.680,-2.14419528,0.34169176,-0.74751524,-0.63284083,-1.44366765,0.56997945,0.63284083,-1.44366765,0.56997945,-0.18897995,0.67313046,3712,-1453,520,2026-05-03T23:57:39.257Z,2026-05-03 19:57:39.257,102636,7
27.720,2.67456948,-2.18183421,-1.31539083,-1.25027198,-0.69529942,-0.80057638,1.25027198,-0.69529942,-0.80057638,1.83762387,-0.11925389,3641,-716,-480,2026-05-03T23:57:39.297Z,2026-05-03 19:57:39.297,102636,8
27.760,-0.24432007,-0.42668111,0.05276612,-0.05889076,-1.68330795,-0.02073011,0.05889076,-1.68330795,-0.02073011,-0.72927850,0.91531622,3778,-1689,89,2026-05-03T23:57:39.337Z,2026-05-03 19:57:39.337,102636,9
27.800,0.42160678,-1.19233695,-1.17608930,-0.98938558,-0.51150749,-1.24737758,0.98938558,-0.51150749,-1.24737758,0.61723896,0.06785372,3671,-535,-806,2026-05-03T23:57:39.377Z,2026-05-03 19:57:39.377,102636,10
27.840,1.08349158,-1.05630458,0.54731529,-0.22411881,-1.52794793,0.02860990,0.22411881,-1.52794793,0.02860990,0.18657907,0.70362973,3759,-1536,125,2026-05-03T23:57:39.417Z,2026-05-03 19:57:39.417,102636,11
27.880,-0.10807218,-1.00286311,-0.87700454,-0.60675219,-0.85878284,-0.38118630,0.60675219,-0.85878284,-0.38118630,0.24857808,-0.14479117,3715,-877,-174,2026-05-03T23:57:39.457Z,2026-05-03 19:57:39.457,102636,12
27.920,0.98996544,-1.17815953,0.34507285,-0.75458782,-1.21215075,0.02312767,0.75458782,-1.21215075,0.02312767,0.26053187,0.27656660,3698,-1225,121,2026-05-03T23:57:39.497Z,2026-05-03 19:57:39.497,102636,13
27.960,0.62460308,-1.00663197,0.28075540,-0.18063774,-1.09233060,-0.27976517,0.18063774,-1.09233060,-0.27976517,0.02378743,0.13535306,3764,-1107,-100,2026-05-03T23:57:39.537Z,2026-05-03 19:57:39.537,102636,14
28.000,0.63045545,-1.06094385,0.21346330,-0.73719539,-1.05780615,0.01079267,0.73719539,-1.05780615,0.01079267,0.07676561,0.06615819,3700,-1073,112,2026-05-03T23:57:39.577Z,2026-05-03 19:57:39.577,102636,15
28.040,0.70929002,-1.15198888,0.01338373,-0.33716958,-1.19488852,0.36576663,0.33716958,-1.19488852,0.36576663,0.17479889,0.29075693,3746,-1208,371,2026-05-03T23:57:39.617Z,2026-05-03 19:57:39.617,102636,16
28.080,0.31175413,-1.01368046,-0.20025473,-0.63284083,-1.09639230,0.19033548,0.63284083,-1.09639230,0.19033548,0.00673261,0.12971340,3712,-1111,243,2026-05-03T23:57:39.657Z,2026-05-03 19:57:39.657,102636,17
28.120,0.60777413,-1.15324055,-0.23295276,-0.59805598,-1.15427152,0.00942211,0.59805598,-1.15427152,0.00942211,0.19031635,0.19593625,3716,-1168,111,2026-05-03T23:57:39.697Z,2026-05-03 19:57:39.697,102636,18
28.160,0.17473029,-0.98489849,-0.35278875,-0.78067646,-1.13904015,-0.23590738,0.78067646,-1.13904015,-0.23590738,0.00229902,0.19534714,3695,-1153,-68,2026-05-03T23:57:39.737Z,2026-05-03 19:57:39.737,102636,19
28.200,0.37110932,-1.14069608,-0.49947858,-1.09374014,-1.11060825,-0.35514574,1.09374014,-1.11060825,-0.35514574,0.23292878,0.18511356,3659,-1125,-155,2026-05-03T23:57:39.777Z,2026-05-03 19:57:39.777,102636,20
28.240,0.91127019,-0.83194875,-0.34966655,-1.31114547,-1.18778055,-0.37159241,1.31114547,-1.18778055,-0.37159241,-0.14479710,0.29482256,3634,-1201,-167,2026-05-03T23:57:39.817Z,2026-05-03 19:57:39.817,102636,21
28.280,-0.31191747,3.02644915,-0.95769089,-1.20679091,-1.02835882,-0.59088134,1.20679091,-1.02835882,-0.59088134,2.59190148,0.15513038,3646,-1044,-327,2026-05-03T23:57:39.857Z,2026-05-03 19:57:39.857,102636,22
28.320,-0.74807817,-0.02066014,-1.34819954,4.41965909,1.02990768,-0.07144068,-4.41965909,1.02990768,-0.07144068,0.09035924,0.19154408,4293,983,52,2026-05-03T23:57:39.897Z,2026-05-03 19:57:39.897,102636,23
28.360,-1.84317369,2.75426047,0.01325884,-0.85894238,1.32336551,-1.01575365,0.85894238,1.32336551,-1.01575365,2.18274097,0.70002654,3686,1272,-637,2026-05-03T23:57:39.937Z,2026-05-03 19:57:39.937,102636,24
28.400,-0.28824635,0.11860826,-0.34891722,0.42809719,1.75390572,-0.37981574,-0.42809719,1.75390572,-0.37981574,-0.87850478,1.04315230,3834,1696,-173,2026-05-03T23:57:39.977Z,2026-05-03 19:57:39.977,102636,25
28.440,-1.08760282,2.08110102,1.71262241,-0.97199315,0.99436781,0.79475061,0.97199315,0.99436781,0.79475061,1.83209888,0.20246756,3673,948,684,2026-05-03T23:57:40.017Z,2026-05-03 19:57:40.017,102636,26
28.480,-0.70698937,0.71642958,0.57349072,2.25430198,2.12453585,0.09850824,-2.25430198,2.12453585,0.09850824,-0.19090193,1.54138381,4044,2061,176,2026-05-03T23:57:40.057Z,2026-05-03 19:57:40.057,102636,27
28.520,-0.74868470,1.45885917,1.79724850,-1.34593033,0.55773505,1.88160138,1.34593033,0.55773505,1.88160138,1.27795080,0.67819180,3630,518,1477,2026-05-03T23:57:40.097Z,2026-05-03 19:57:40.097,102636,28
28.560,-0.74322412,1.18804375,1.27501383,2.26299820,2.09102682,0.72485226,-2.26299820,2.09102682,0.72485226,0.68436116,1.58639712,4045,2028,633,2026-05-03T23:57:40.137Z,2026-05-03 19:57:40.137,102636,29
28.600,-0.65969402,1.01590988,1.26740702,-0.88503102,0.67552435,2.30647369,0.88503102,0.67552435,2.30647369,0.52149168,1.12966283,3683,634,1787,2026-05-03T23:57:40.177Z,2026-05-03 19:57:40.177,102636,30
28.640,-1.12021628,1.51948007,0.75705101,1.71513676,1.87981842,0.80708561,-1.71513676,1.87981842,0.80708561,0.78494736,1.32399067,3982,1820,693,2026-05-03T23:57:40.217Z,2026-05-03 19:57:40.217,102636,31
28.680,-0.74597758,0.87845583,0.33566651,-0.81546131,0.92430348,1.43891185,0.81546131,0.92430348,1.43891185,-0.10691776,0.54782204,3691,879,1154,2026-05-03T23:57:40.257Z,2026-05-03 19:57:40.257,102636,32
28.720,-1.29144857,1.66531918,0.60611493,0.92378135,1.68587224,0.23967549,-0.92378135,1.68587224,0.23967549,0.91386741,0.93611249,3891,1629,279,2026-05-03T23:57:40.297Z,2026-05-03 19:57:40.297,102636,33
28.760,-2.78273603,0.75038143,-0.93932381,-0.43282793,1.14871241,0.63987780,0.43282793,1.14871241,0.63987780,0.30035830,0.31513226,3735,1100,571,2026-05-03T23:57:40.337Z,2026-05-03 19:57:40.337,102636,34
28.800,2.38002438,-2.63908494,-1.39976709,3.28045515,1.57417549,0.06150324,-3.28045515,1.57417549,0.06150324,2.35054942,0.82980464,4162,1519,149,2026-05-03T23:57:40.377Z,2026-05-03 19:57:40.377,102636,35
28.840,-2.58874731,0.50567243,0.56100758,0.44548962,-2.04073756,-1.27615925,-0.44548962,-2.04073756,-1.27615925,-0.11287371,1.68840385,3836,-2041,-827,2026-05-03T23:57:40.417Z,2026-05-03 19:57:40.417,102636,36
28.880,2.17684210,-1.75518914,-1.02026279,-1.16330985,-0.25054326,-1.44062595,1.16330985,-0.25054326,-1.44062595,1.21769019,0.12540305,3651,-278,-947,2026-05-03T23:57:40.457Z,2026-05-03 19:57:40.457,102636,37
28.920,-0.33821182,-0.82545834,-1.14854011,-1.62420915,-2.32607199,0.42607109,1.62420915,-2.32607199,0.42607109,0.26638318,1.83217048,3598,-2322,415,2026-05-03T23:57:40.497Z,2026-05-03 19:57:40.497,102636,38
28.960,0.25081208,-1.14051235,-2.12602381,-1.55463944,-0.35005491,-1.81752881,1.55463944,-0.35005491,-1.81752881,1.26930875,0.53273603,3606,-376,-1222,2026-05-03T23:57:40.537Z,2026-05-03 19:57:40.537,102636,39
29.000,1.16832809,-0.92440620,0.60771293,-0.63284083,-1.47006870,-1.50367152,0.63284083,-1.47006870,-1.50367152,0.07473357,1.13727008,3712,-1479,-993,2026-05-03T23:57:40.577Z,2026-05-03 19:57:40.577,102636,40
29.040,0.21242135,-1.05938441,-0.97986993,-0.85894238,-0.99078809,-1.11032200,0.85894238,-0.99078809,-1.11032200,0.36567581,0.38059380,3686,-1007,-706,2026-05-03T23:57:40.617Z,2026-05-03 19:57:40.617,102636,41
29.080,0.84628672,-1.40483274,-0.46010755,-1.17200606,-1.24058265,-0.10707513,1.17200606,-1.24058265,-0.10707513,0.54781380,0.32455844,3650,-1253,26,2026-05-03T23:57:40.657Z,2026-05-03 19:57:40.657,102636,42
29.120,0.73435260,-1.03027629,0.92597943,-0.43282793,-1.17762630,-0.69504358,0.43282793,-1.17762630,-0.69504358,0.31988993,0.37323494,3735,-1191,-403,2026-05-03T23:57:40.697Z,2026-05-03 19:57:40.697,102636,43
29.160,0.88420991,-1.12369146,1.11787879,-0.23281502,-0.95727907,-0.05088234,0.23281502,-0.95727907,-0.05088234,0.53110237,-0.07434387,3758,-974,67,2026-05-03T23:57:40.737Z,2026-05-03 19:57:40.737,102636,44
29.200,0.66615800,-1.17118452,0.77573027,-0.62414462,-1.42234373,1.10449622,0.62414462,-1.42234373,1.10449622,0.38586062,0.85957454,3713,-1432,910,2026-05-03T23:57:40.777Z,2026-05-03 19:57:40.777,102636,45
29.240,0.37391972,-1.18418372,0.21012822,-0.38934686,-1.04968275,0.96195842,0.38934686,-1.04968275,0.96195842,0.21718050,0.35043680,3740,-1065,806,2026-05-03T23:57:40.817Z,2026-05-03 19:57:40.817,102636,46
29.280,0.73346653,-1.20734575,0.37721458,-0.51979006,-1.32384750,0.69744114,0.51979006,-1.32384750,0.69744114,0.28897217,0.55906045,3725,-1335,613,2026-05-03T23:57:40.857Z,2026-05-03 19:57:40.857,102636,47
29.320,2.48570469,-0.97607693,0.72054955,-0.74589161,-1.03140510,0.15744214,0.74589161,-1.03140510,0.15744214,0.32940245,0.03925925,3699,-1047,219,2026-05-03T23:57:40.897Z,2026-05-03 19:57:40.897,102636,48
29.360,-1.80922557,2.47997028,-1.86757316,-0.09367561,-1.26393742,0.31779718,0.09367561,-1.26393742,0.31779718,2.35506198,0.37247367,3774,-1276,336,2026-05-03T23:57:40.937Z,2026-05-03 19:57:40.937,102636,49
29.400,-1.28498019,0.78294602,-1.40266229,3.27175894,1.61783876,-1.15555034,-3.27175894,1.61783876,-1.15555034,0.47290758,1.16983476,4161,1562,-739,2026-05-03T23:57:40.977Z,2026-05-03 19:57:40.977,102636,50
29.440,-1.92898120,2.43534793,0.09813747,-0.91981587,1.13145018,-1.76270657,0.91981587,1.13145018,-1.76270657,1.80147579,0.98065776,3679,1083,-1182,2026-05-03T23:57:41.017Z,2026-05-03 19:57:41.017,102636,51
29.480,-1.30141761,0.96567223,-1.42666916,0.84551543,1.91332744,-0.95544919,-0.84551543,1.91332744,-0.95544919,0.62660098,1.40547729,3882,1853,-593,2026-05-03T23:57:41.057Z,2026-05-03 19:57:41.057,102636,52
29.520,-0.91735040,1.49755821,0.83635507,-1.23287955,0.98015186,-0.01113622,1.23287955,0.98015186,-0.01113622,0.78112663,-0.03025871,3643,934,96,2026-05-03T23:57:41.097Z,2026-05-03 19:57:41.097,102636,53
29.560,-0.71845197,1.52029540,1.56466958,1.81949132,2.07884172,-0.71560192,-1.81949132,2.07884172,-0.71560192,1.17939264,1.56029543,3994,2016,-418,2026-05-03T23:57:41.137Z,2026-05-03 19:57:41.137,102636,54
29.600,-0.63285888,0.69477645,0.51924096,-0.88503102,0.77097430,1.97616973,0.88503102,0.77097430,1.97616973,-0.24538156,0.88055178,3683,728,1546,2026-05-03T23:57:41.177Z,2026-05-03 19:57:41.177,102636,55
29.640,-0.95014111,1.43689139,1.22003172,1.94993452,1.88083384,0.69470003,-1.94993452,1.88083384,0.69470003,0.90164869,1.29732120,4009,1821,611,2026-05-03T23:57:41.217Z,2026-05-03 19:57:41.217,102636,56
29.680,0.11922051,0.58027547,1.18538658,-0.49370142,0.84002320,1.45672907,0.49370142,0.84002320,1.45672907,0.11137141,0.48595968,3728,796,1167,2026-05-03T23:57:41.257Z,2026-05-03 19:57:41.257,102636,57
29.720,2.07615637,-1.04457542,2.06957595,1.40207308,1.40155324,1.09079066,-1.40207308,1.40155324,1.09079066,1.23866092,0.83713378,3946,1349,900,2026-05-03T23:57:41.297Z,2026-05-03 19:57:41.297,102636,58
29.760,1.13816088,-1.32605660,1.46193476,0.90638892,-0.43636604,1.79251525,-0.90638892,-0.43636604,1.79251525,0.94862881,0.53106116,3889,-461,1412,2026-05-03T23:57:41.337Z,2026-05-03 19:57:41.337,102636,59
29.800,0.51280052,-1.28536403,0.23043676,0.28895778,-1.42640543,1.88023082,-0.28895778,-1.42640543,1.88023082,0.34690742,1.33941676,3818,-1436,1476,2026-05-03T23:57:41.377Z,2026-05-03 19:57:41.377,102636,60
29.840,1.13482005,-1.41034709,-0.89665460,-0.20672638,-1.01312744,0.45759387,0.20672638,-1.01312744,0.45759387,0.72098153,0.07610498,3761,-1029,438,2026-05-03T23:57:41.417Z,2026-05-03 19:57:41.417,102636,61
29.880,-0.36972286,-0.44022234,-1.01577819,-0.98938558,-1.28627677,-0.56484078,0.98938558,-1.28627677,-0.56484078,-0.11533839,0.47053712,3671,-1298,-308,2026-05-03T23:57:41.457Z,2026-05-03 19:57:41.457,102636,62
29.920,1.42050608,-1.33702096,-2.46158443,-0.98068937,-1.26596827,-0.61281023,0.98068937,-1.26596827,-0.61281023,1.71104280,0.45991988,3672,-1278,-343,2026-05-03T23:57:41.497Z,2026-05-03 19:57:41.497,102636,63
29.960,-0.53643801,-0.57402695,-3.21201280,-1.62420915,-1.17356460,-1.86823937,1.62420915,-1.17356460,-1.86823937,1.99767988,1.10805052,3598,-1187,-1259,2026-05-03T23:57:41.537Z,2026-05-03 19:57:41.537,102636,64
