relative_time_s,lord_ch1_x_g,our_calibrated_to_lord_ch1_x_g,lord_ch3_z_g,our_calibrated_to_lord_ch3_z_g,lord_ch1_x_norm,our_calibrated_ch1_x_norm,lord_ch3_z_norm,our_calibrated_ch3_z_norm,our_x_raw,our_z_raw,sample_ts_utc,sample_ts_et,batch_id,sample_in_batch
0.000,0.992628872,0.981462650,0.007771559,0.010631336,0.137852040,-0.417350110,-0.022972959,-0.014317265,3835,68,2026-05-03T23:57:11.577Z,2026-05-03 19:57:11.577,102629,15
0.040,0.992375760,0.982127984,0.008397704,0.008721010,0.134071203,-0.274037691,-0.020083496,-0.027227980,3818,67,2026-05-03T23:57:11.617Z,2026-05-03 19:57:11.617,102629,16
0.080,0.992340784,0.982248879,0.008526254,0.007425767,0.133548752,-0.247996941,-0.019490274,-0.035981721,3815,62,2026-05-03T23:57:11.657Z,2026-05-03 19:57:11.657,102629,17
0.120,0.992254546,0.982507377,0.008076021,0.010892306,0.132260576,-0.192316651,-0.021567962,-0.012553527,3808,83,2026-05-03T23:57:11.697Z,2026-05-03 19:57:11.697,102629,18
0.160,0.992285788,0.982631161,0.008832560,0.008802521,0.132727255,-0.165653680,-0.018076769,-0.026677096,3805,74,2026-05-03T23:57:11.737Z,2026-05-03 19:57:11.737,102629,19
0.200,0.991938353,0.982160579,0.008008363,0.010408045,0.127537477,-0.267016694,-0.021880182,-0.015826353,3817,76,2026-05-03T23:57:11.777Z,2026-05-03 19:57:11.777,102629,20
0.240,0.991794007,0.982164912,0.007921637,0.009216229,0.125381328,-0.266083364,-0.022280397,-0.023881095,3817,70,2026-05-03T23:57:11.817Z,2026-05-03 19:57:11.817,102629,21
0.280,0.992145793,0.982274975,0.008236555,0.010900525,0.130636101,-0.242375938,-0.020827148,-0.012497983,3814,80,2026-05-03T23:57:11.857Z,2026-05-03 19:57:11.857,102629,22
0.320,0.992546976,0.982013588,0.007666382,0.008228529,0.136628716,-0.298678447,-0.023458321,-0.030556350,3821,63,2026-05-03T23:57:11.897Z,2026-05-03 19:57:11.897,102629,23
0.360,0.992327673,0.982505211,0.009098886,0.011488214,0.133352914,-0.192783316,-0.016847757,-0.008526156,3808,86,2026-05-03T23:57:11.937Z,2026-05-03 19:57:11.937,102629,24
0.400,0.992107058,0.982589178,0.008441989,0.009697752,0.130057489,-0.174696892,-0.019879131,-0.020626783,3806,78,2026-05-03T23:57:11.977Z,2026-05-03 19:57:11.977,102629,25
0.440,0.992232049,0.982683977,0.008764287,0.004927752,0.131924527,-0.154277144,-0.018391828,-0.052864263,3804,55,2026-05-03T23:57:12.017Z,2026-05-03 19:57:12.017,102629,26
0.480,0.992433269,0.982320569,0.001841643,0.009012115,0.134930236,-0.232554951,-0.050337686,-0.025260581,3813,71,2026-05-03T23:57:12.057Z,2026-05-03 19:57:12.057,102629,27
0.520,0.992095203,0.982426299,0.007811540,0.011888225,0.129880418,-0.209780855,-0.022788461,-0.005822728,3810,87,2026-05-03T23:57:12.097Z,2026-05-03 19:57:12.097,102629,28
0.560,0.991617172,0.982585567,0.011016683,0.010690931,0.122739874,-0.175474667,-0.007997715,-0.013914498,3806,83,2026-05-03T23:57:12.137Z,2026-05-03 19:57:12.137,102629,29
0.600,0.992060184,0.982194619,0.009112418,0.011697808,0.129357327,-0.259684587,-0.016785307,-0.007109641,3816,83,2026-05-03T23:57:12.177Z,2026-05-03 19:57:12.177,102629,30
0.640,0.992912517,0.981954272,0.014686207,0.013891021,0.142088943,-0.311454978,0.008936004,0.007712929,3822,91,2026-05-03T23:57:12.217Z,2026-05-03 19:57:12.217,102629,31
0.680,0.992549481,0.982624662,0.009263111,0.010590243,0.136666145,-0.167053675,-0.016089909,-0.014594984,3805,83,2026-05-03T23:57:12.257Z,2026-05-03 19:57:12.257,102629,32
0.720,0.992308888,0.982552249,0.009595865,0.009202532,0.133072315,-0.182651219,-0.014554349,-0.023973668,3807,75,2026-05-03T23:57:12.297Z,2026-05-03 19:57:12.297,102629,33
0.760,0.992063942,0.981733425,0.007225990,0.010721066,0.129413454,-0.359025386,-0.025490593,-0.013710838,3828,72,2026-05-03T23:57:12.337Z,2026-05-03 19:57:12.337,102629,34
0.800,0.991113532,0.982857064,0.004899170,0.010582025,0.115216804,-0.116994388,-0.036228145,-0.014650528,3799,86,2026-05-03T23:57:12.377Z,2026-05-03 19:57:12.377,102629,35
0.840,0.991862750,0.982473338,0.014122800,0.009602543,0.126408172,-0.199648758,0.006336056,-0.021270239,3809,76,2026-05-03T23:57:12.417Z,2026-05-03 19:57:12.417,102629,36
0.880,0.991875856,0.982367608,0.004137095,0.006726433,0.126603940,-0.222422855,-0.039744888,-0.040708092,3812,60,2026-05-03T23:57:12.457Z,2026-05-03 19:57:12.457,102629,37
0.920,0.993007514,0.982054127,0.004853654,0.007730570,0.143507964,-0.289946345,-0.036438189,-0.033921750,3820,61,2026-05-03T23:57:12.497Z,2026-05-03 19:57:12.497,102629,38
0.960,0.993066854,0.982221339,0.005254682,0.004348281,0.144394348,-0.253929053,-0.034587570,-0.056780546,3816,46,2026-05-03T23:57:12.537Z,2026-05-03 19:57:12.537,102629,39
1.000,0.992160201,0.982646327,-0.002207994,0.004631168,0.130851314,-0.162387026,-0.069025514,-0.054868691,3805,53,2026-05-03T23:57:12.577Z,2026-05-03 19:57:12.577,102629,40
1.040,0.991745911,0.982313347,0.011829194,0.010998473,0.124662896,-0.234110501,-0.004248226,-0.011836012,3813,81,2026-05-03T23:57:12.617Z,2026-05-03 19:57:12.617,102629,41
1.080,0.991768394,0.981987590,0.008326970,0.015379420,0.124998732,-0.304278426,-0.020409910,0.017772098,3821,99,2026-05-03T23:57:12.657Z,2026-05-03 19:57:12.657,102629,42
1.120,0.993324964,0.982425577,0.013042117,0.012086861,0.148249832,-0.209936410,0.001349039,-0.004480271,3810,88,2026-05-03T23:57:12.697Z,2026-05-03 19:57:12.697,102629,43
1.160,0.993298063,0.982112818,0.013310289,0.012892363,0.147848004,-0.277304345,0.002586568,0.000963615,3818,88,2026-05-03T23:57:12.737Z,2026-05-03 19:57:12.737,102629,44
1.200,0.992928791,0.982382149,0.013347194,0.013379364,0.142332041,-0.219290731,0.002756873,0.004254956,3811,94,2026-05-03T23:57:12.777Z,2026-05-03 19:57:12.777,102629,45
1.240,0.992256408,0.982476948,0.012973845,0.008609364,0.132288390,-0.198870983,0.001033982,-0.027982524,3809,71,2026-05-03T23:57:12.817Z,2026-05-03 19:57:12.817,102629,46
1.280,0.990284927,0.982407425,0.007187240,0.006427109,0.102839614,-0.213846308,-0.025669410,-0.042731035,3811,59,2026-05-03T23:57:12.857Z,2026-05-03 19:57:12.857,102629,47
1.320,0.992554474,0.982471796,0.008934662,-0.000625834,0.136740720,-0.199980892,-0.017605600,-0.090397512,3810,24,2026-05-03T23:57:12.897Z,2026-05-03 19:57:12.897,102629,48
1.360,1.000323625,0.983044399,0.010944104,-0.008987716,0.252791548,-0.076642582,-0.008332646,-0.146910304,3796,-11,2026-05-03T23:57:12.937Z,2026-05-03 19:57:12.937,102629,49
1.400,1.001374054,0.983281037,-0.012913337,-0.020813398,0.268482220,-0.025670989,-0.118427360,-0.226832776,3791,-68,2026-05-03T23:57:12.977Z,2026-05-03 19:57:12.977,102629,50
1.440,1.014602733,0.983110019,-0.023670957,-0.037689227,0.466084141,-0.062508105,-0.168070451,-0.340886069,3797,-156,2026-05-03T23:57:13.017Z,2026-05-03 19:57:13.017,102629,51
1.480,1.018924994,0.982369911,-0.061260509,-0.057822001,0.530647448,-0.221926781,-0.341534612,-0.476951041,3818,-268,2026-05-03T23:57:13.057Z,2026-05-03 19:57:13.057,102629,52
1.520,1.009824224,0.982940348,-0.085687507,-0.065587976,0.394705691,-0.099055135,-0.454257661,-0.529436462,3804,-300,2026-05-03T23:57:13.097Z,2026-05-03 19:57:13.097,102629,53
1.560,1.005492010,0.982680366,-0.079987628,0.005920931,0.329993733,-0.155054919,-0.427954479,-0.046151978,3804,60,2026-05-03T23:57:13.137Z,2026-05-03 19:57:13.137,102629,54
1.600,0.999958634,0.981499344,-0.051752098,0.064453434,0.247339547,-0.409446216,-0.297656236,0.349433011,3829,342,2026-05-03T23:57:13.177Z,2026-05-03 19:57:13.177,102629,55
1.640,0.992680719,0.981539883,0.060993188,0.063955474,0.138626491,-0.400714114,0.222628406,0.346067611,3828,340,2026-05-03T23:57:13.217Z,2026-05-03 19:57:13.217,102629,56
1.680,0.981941576,0.982439786,0.101135293,0.061441022,-0.021788265,-0.206875744,0.407871811,0.329073982,3805,339,2026-05-03T23:57:13.257Z,2026-05-03 19:57:13.257,102629,57
1.720,0.996030686,0.981563285,0.063954145,0.089476072,0.188666252,-0.395673282,0.236292310,0.518545551,3825,470,2026-05-03T23:57:13.297Z,2026-05-03 19:57:13.297,102629,58
1.760,0.985565217,0.981393809,0.098614728,0.082828620,0.032339464,-0.432178264,0.396240184,0.473619531,3830,434,2026-05-03T23:57:13.337Z,2026-05-03 19:57:13.337,102629,59
1.800,0.987745428,0.982333237,0.125462645,0.048137899,0.064906132,-0.229826420,0.520135024,0.239166399,3809,270,2026-05-03T23:57:13.377Z,2026-05-03 19:57:13.377,102629,60
1.840,0.989707530,0.982216479,0.074999625,0.026990029,0.094214805,-0.254975889,0.287263783,0.096241026,3814,161,2026-05-03T23:57:13.417Z,2026-05-03 19:57:13.417,102629,61
1.880,0.984425473,0.983344158,0.033808203,-0.006217772,0.015314674,-0.012074635,0.097178104,-0.128189966,3788,7,2026-05-03T23:57:13.457Z,2026-05-03 19:57:13.457,102629,62
1.920,0.978605378,0.983559658,0.003416230,-0.033534311,-0.071622358,0.034343815,-0.043071457,-0.312805561,3785,-129,2026-05-03T23:57:13.497Z,2026-05-03 19:57:13.497,102629,63
1.960,0.978893435,0.983557394,-0.034661075,-0.043564052,-0.067319533,0.033856126,-0.218786449,-0.380590377,3786,-180,2026-05-03T23:57:13.537Z,2026-05-03 19:57:13.537,102629,64
2.000,0.972195387,0.983069480,-0.063130945,-0.037191268,-0.167370885,-0.071240207,-0.350166098,-0.337520669,3798,-154,2026-05-03T23:57:13.577Z,2026-05-03 19:57:13.577,102629,65
2.040,0.963525245,0.982917629,-0.052061484,-0.016729035,-0.296880165,-0.103948796,-0.299083959,-0.199229094,3800,-52,2026-05-03T23:57:13.617Z,2026-05-03 19:57:13.617,102629,66
2.080,0.960687633,0.982853453,-0.030817489,0.011575204,-0.339266689,-0.117772163,-0.201049487,-0.007938243,3799,91,2026-05-03T23:57:13.657Z,2026-05-03 19:57:13.657,102629,67
2.120,0.956971507,0.981701844,0.008635122,0.040712340,-0.394775901,-0.365827755,-0.018987883,0.188981639,3826,224,2026-05-03T23:57:13.697Z,2026-05-03 19:57:13.697,102629,68
2.160,0.953899636,0.981412488,0.046252353,0.067038439,-0.440661631,-0.428154859,0.154604011,0.366903465,3831,354,2026-05-03T23:57:13.737Z,2026-05-03 19:57:13.737,102629,69
2.200,0.956286049,0.981815811,0.078421886,0.073280402,-0.405014857,-0.341279481,0.303056462,0.409089027,3820,391,2026-05-03T23:57:13.777Z,2026-05-03 19:57:13.777,102629,70
2.240,0.958676171,0.981728233,0.100158556,0.076064043,-0.369312668,-0.360143679,0.403364474,0.427901938,3822,404,2026-05-03T23:57:13.817Z,2026-05-03 19:57:13.817,102629,71
2.280,0.962855983,0.981647779,0.101976716,0.066235678,-0.306877198,-0.377473352,0.411754719,0.361478094,3825,353,2026-05-03T23:57:13.857Z,2026-05-03 19:57:13.857,102629,72
2.320,0.961816201,0.982267421,0.088772332,0.055588113,-0.322408820,-0.244002945,0.350820568,0.289517790,3810,307,2026-05-03T23:57:13.897Z,2026-05-03 19:57:13.897,102629,73
2.360,0.947763324,0.981278106,0.070312767,0.018780885,-0.532322118,-0.457100721,0.265635383,0.040760497,3839,107,2026-05-03T23:57:13.937Z,2026-05-03 19:57:13.937,102629,74
2.400,0.920980513,0.984334099,0.077902149,0.019765172,-0.932387383,0.201157671,0.300658033,0.047412684,3760,152,2026-05-03T23:57:13.977Z,2026-05-03 19:57:13.977,102629,75
2.440,0.931538439,0.982845314,-0.002825529,-0.007491098,-0.774679539,-0.119525316,-0.071875242,-0.136795591,3801,-6,2026-05-03T23:57:14.017Z,2026-05-03 19:57:14.017,102629,76
2.480,0.911438022,0.985492500,0.016335217,0.020717259,-1.074927291,0.450676331,0.016545675,0.053847250,3730,172,2026-05-03T23:57:14.057Z,2026-05-03 19:57:14.057,102629,77
2.520,0.915478487,0.985473528,0.001034053,0.004630494,-1.014573288,0.446589853,-0.054064468,-0.054873245,3732,90,2026-05-03T23:57:14.097Z,2026-05-03 19:57:14.097,102629,78
2.560,0.895021253,0.985743054,0.041448634,0.026368792,-1.320150958,0.504645516,0.132436334,0.092042470,3723,204,2026-05-03T23:57:14.137Z,2026-05-03 19:57:14.137,102629,79
2.600,0.898210013,0.963828097,0.021244727,0.067461670,-1.272519205,-4.215818679,0.039201546,0.369763818,4285,126,2026-05-03T23:57:14.177Z,2026-05-03 19:57:14.177,102629,80
2.640,1.104611120,0.984793244,-0.015455430,0.585887640,1.810574451,0.300057210,-0.130158333,3.873484350,3695,3035,2026-05-03T23:57:14.217Z,2026-05-03 19:57:14.217,102629,81
2.680,1.562538705,0.987016651,0.291625779,-0.121541626,8.650816973,0.778977256,1.286926520,-0.907592579,3704,-531,2026-05-03T23:57:14.257Z,2026-05-03 19:57:14.257,102629,82
2.720,0.894336414,0.990248853,1.220291405,-0.169024487,-1.330380654,1.475191057,5.572431317,-1.228499876,3625,-730,2026-05-03T23:57:14.297Z,2026-05-03 19:57:14.297,102629,83
2.760,1.196790466,0.989247339,-0.463328019,0.042530915,3.187493212,1.259465742,-2.196951885,0.201272265,3631,332,2026-05-03T23:57:14.337Z,2026-05-03 19:57:14.337,102629,84
2.800,0.802963209,0.995454084,-0.054117057,-0.279834507,-2.695257776,2.596393764,-0.308569793,-1.977396272,3501,-1225,2026-05-03T23:57:14.377Z,2026-05-03 19:57:14.377,102629,85
2.840,1.077099056,0.987620522,-0.244760075,-0.351553726,1.399616045,0.909050609,-1.188328386,-2.462102124,3710,-1692,2026-05-03T23:57:14.417Z,2026-05-03 19:57:14.417,102629,86
2.880,1.056519394,0.993818680,0.033618148,-0.426549697,1.092209621,2.244128865,0.096301059,-2.968953512,3557,-1992,2026-05-03T23:57:14.457Z,2026-05-03 19:57:14.457,102629,87
2.920,0.876839881,0.988511681,-0.730196986,-0.202528199,-1.591733182,1.101005550,-3.428469676,-1.454930742,3673,-923,2026-05-03T23:57:14.497Z,2026-05-03 19:57:14.497,102629,88
2.960,1.115587716,0.987571727,-0.195044972,-0.146387545,1.974536134,0.898540199,-0.958908554,-1.075510779,3692,-650,2026-05-03T23:57:14.537Z,2026-05-03 19:57:14.537,102629,89
3.000,0.931062877,0.987494904,-0.327996641,0.002572909,-0.781783188,0.881992556,-1.572439412,-0.068779193,3680,106,2026-05-03T23:57:14.577Z,2026-05-03 19:57:14.577,102629,90
3.040,1.008484459,0.983594244,-0.085524511,0.106087518,0.374693105,0.041793683,-0.453505484,0.630812036,3771,581,2026-05-03T23:57:14.617Z,2026-05-03 19:57:14.617,102629,91
3.080,1.040203276,0.983621296,0.196838147,0.056036762,0.848489414,0.047620674,0.849510901,0.292549927,3775,327,2026-05-03T23:57:14.657Z,2026-05-03 19:57:14.657,102629,92
3.120,0.983569989,0.984995744,0.297368091,0.168004375,0.002535976,0.343675545,1.313425518,1.049269783,3729,914,2026-05-03T23:57:14.697Z,2026-05-03 19:57:14.697,102629,93
3.160,1.047833009,0.985606954,0.067136534,0.106413562,0.962457706,0.475329727,0.250978052,0.633015571,3719,609,2026-05-03T23:57:14.737Z,2026-05-03 19:57:14.737,102629,94
3.200,0.959254193,0.984660500,0.205606619,0.164341939,-0.360678529,0.271464382,0.889974686,1.024517646,3738,891,2026-05-03T23:57:14.777Z,2026-05-03 19:57:14.777,102629,95
3.240,1.074500246,0.987155132,0.196103753,-0.021149009,1.360796606,0.808806014,0.846121899,-0.229100962,3691,-19,2026-05-03T23:57:14.817Z,2026-05-03 19:57:14.817,102629,96
3.280,0.962069900,0.986145557,0.182794805,0.022183742,-0.318619222,0.591344315,0.784705219,0.063758302,3713,188,2026-05-03T23:57:14.857Z,2026-05-03 19:57:14.857,102629,97
3.320,1.053439960,0.990066866,-0.041348145,-0.118968252,1.046210925,1.435991208,-0.249645211,-0.890200737,3625,-478,2026-05-03T23:57:14.897Z,2026-05-03 19:57:14.897,102629,98
3.360,0.955846732,0.989944038,-0.050720624,-0.170403980,-0.411577109,1.409534226,-0.292896304,-1.237823016,3633,-741,2026-05-03T23:57:14.937Z,2026-05-03 19:57:14.937,102629,99
3.400,1.040428829,0.991972772,-0.284424877,-0.238400451,0.851858594,1.846521887,-1.371369189,-1.697369110,3587,-1060,2026-05-03T23:57:14.977Z,2026-05-03 19:57:14.977,102629,100
3.440,0.958381844,0.978066768,-0.244168366,-0.184482515,-0.373709156,-1.148820323,-1.185597835,-1.332971124,3941,-968,2026-05-03T23:57:15.017Z,2026-05-03 19:57:15.017,102630,1
3.480,1.097148881,0.971961126,-0.285560308,-0.284068283,1.699108079,-2.463970776,-1.376608849,-2.006009748,4108,-1554,2026-05-03T23:57:15.057Z,2026-05-03 19:57:15.057,102630,2
3.520,0.906757674,0.993306719,-0.417975621,-0.200513053,-1.144839462,2.133853041,-1.987664590,-1.441311620,3549,-850,2026-05-03T23:57:15.097Z,2026-05-03 19:57:15.097,102630,3
3.560,0.894287040,0.981880552,-0.310489812,-0.051051945,-1.331118175,-0.327334223,-1.491650806,-0.431196419,3830,-240,2026-05-03T23:57:15.137Z,2026-05-03 19:57:15.137,102630,4
3.600,0.856237054,0.978905189,0.181717205,0.213403603,-1.899485627,-0.968225023,0.779732428,1.356095093,3882,1065,2026-05-03T23:57:15.177Z,2026-05-03 19:57:15.177,102630,5
3.640,0.930639846,0.981218088,0.271389886,0.184424011,-0.788102164,-0.470028551,1.193544131,1.160239948,3825,948,2026-05-03T23:57:15.217Z,2026-05-03 19:57:15.217,102630,6
3.680,0.902062383,0.981004071,0.341537092,0.136765103,-1.214974859,-0.516127507,1.517251802,0.838142865,3835,703,2026-05-03T23:57:15.257Z,2026-05-03 19:57:15.257,102630,7
3.720,0.904550006,0.983150402,0.225419958,0.260125513,-1.177816255,-0.053809542,0.981407124,1.671859589,3768,1358,2026-05-03T23:57:15.297Z,2026-05-03 19:57:15.297,102630,8
3.760,0.942370019,0.977471778,0.347438084,0.224179250,-0.612884011,-1.276980712,1.544483056,1.428921028,3918,1101,2026-05-03T23:57:15.337Z,2026-05-03 19:57:15.337,102630,9
3.800,0.909064126,0.985631625,0.380677843,0.270067590,-1.110387094,0.480643874,1.697874270,1.739051939,3703,1441,2026-05-03T23:57:15.377Z,2026-05-03 19:57:15.377,102630,10
3.840,0.950425928,0.979509666,0.295058485,0.206927392,-0.492549768,-0.838021270,1.302767400,1.312326384,3867,1040,2026-05-03T23:57:15.417Z,2026-05-03 19:57:15.417,102630,11
3.880,0.901746833,0.974901631,0.345159250,0.228043735,-1.219688342,-1.830588412,1.533966945,1.455038690,3984,1087,2026-05-03T23:57:15.457Z,2026-05-03 19:57:15.457,102630,12
3.920,0.953687799,0.975410839,0.308316991,0.332991279,-0.443825927,-1.720905273,1.363951307,2.164314243,3961,1627,2026-05-03T23:57:15.497Z,2026-05-03 19:57:15.497,102630,13
3.960,1.096588395,0.981414265,0.202927372,0.418082109,1.690735877,-0.427772167,0.877610791,2.739390543,3798,2138,2026-05-03T23:57:15.537Z,2026-05-03 19:57:15.537,102630,14
4.000,1.066020608,0.980482079,0.090345070,0.216426299,1.234132952,-0.628564331,0.358078268,1.376523626,3841,1101,2026-05-03T23:57:15.577Z,2026-05-03 19:57:15.577,102630,15
4.040,0.999480619,0.990217253,0.528272521,-0.298815211,0.240199251,1.468384433,2.378978084,-2.105675114,3638,-1390,2026-05-03T23:57:15.617Z,2026-05-03 19:57:15.617,102630,16
4.080,0.979488347,0.993206200,-0.480987351,-0.503092314,-0.058433108,2.112201368,-2.278444245,-3.486257729,3580,-2389,2026-05-03T23:57:15.657Z,2026-05-03 19:57:15.657,102630,17
4.120,0.978733461,0.993046933,-0.395028478,-0.501895020,-0.069709129,2.077895180,-1.881770617,-3.478165958,3584,-2385,2026-05-03T23:57:15.697Z,2026-05-03 19:57:15.697,102630,18
4.160,1.022607365,0.993608079,-0.926386726,-0.496453081,0.585652444,2.198765636,-4.333824679,-3.441387253,3569,-2350,2026-05-03T23:57:15.737Z,2026-05-03 19:57:15.737,102630,19
4.200,0.958235657,0.990300537,-0.829234767,-0.374985212,-0.375892799,1.486323686,-3.885498420,-2.620461048,3643,-1776,2026-05-03T23:57:15.777Z,2026-05-03 19:57:15.777,102630,20
4.240,1.039785261,0.988315543,-0.347520874,-0.116622301,0.842245368,1.058757675,-1.662537708,-0.874345905,3670,-489,2026-05-03T23:57:15.817Z,2026-05-03 19:57:15.817,102630,21
4.280,0.982049687,0.983765614,-0.174579669,0.240044115,-0.020173371,0.078706512,-0.864467510,1.536141841,3754,1264,2026-05-03T23:57:15.857Z,2026-05-03 19:57:15.857,102630,22
4.320,1.028932338,0.981192636,0.126940046,0.329906967,0.680131028,-0.475510769,0.526952771,2.143469282,3812,1687,2026-05-03T23:57:15.897Z,2026-05-03 19:57:15.897,102630,23
4.360,1.044362378,0.981785597,0.423325131,0.252030754,0.910615545,-0.347787510,1.894678320,1.617152119,3804,1299,2026-05-03T23:57:15.937Z,2026-05-03 19:57:15.937,102630,24
4.400,1.036923242,0.976593365,0.473046398,0.359265328,0.799494269,-1.466190227,2.124126599,2.341884292,3928,1776,2026-05-03T23:57:15.977Z,2026-05-03 19:57:15.977,102630,25
4.440,1.011022124,0.972473185,0.168523273,0.288805064,0.412599200,-2.353673677,0.718846512,1.865686938,4041,1364,2026-05-03T23:57:16.017Z,2026-05-03 19:57:16.017,102630,26
4.480,0.943249221,0.981998618,0.422287523,0.033651179,-0.599751030,-0.301903053,1.889890081,0.141259618,3819,192,2026-05-03T23:57:16.057Z,2026-05-03 19:57:16.057,102630,27
4.520,0.906677091,0.985182532,0.310530034,0.010102568,-1.146043163,0.383909591,1.374163816,-0.017890879,3739,114,2026-05-03T23:57:16.097Z,2026-05-03 19:57:16.097,102630,28
4.560,0.903368990,0.979078588,0.158261403,0.016574648,-1.195457551,-0.930875064,0.671491154,0.025849908,3896,67,2026-05-03T23:57:16.137Z,2026-05-03 19:57:16.137,102630,29
4.600,0.899812806,0.986018982,0.133981409,0.035693719,-1.248577666,0.564080149,0.559446484,0.155063886,3715,255,2026-05-03T23:57:16.177Z,2026-05-03 19:57:16.177,102630,30
4.640,0.925176570,0.980044384,0.017836610,-0.142546368,-0.869709242,-0.722843399,0.023474138,-1.049550641,3886,-729,2026-05-03T23:57:16.217Z,2026-05-03 19:57:16.217,102630,31
4.680,0.905494204,0.987165242,-0.010013268,-0.023929911,-1.163712415,0.810983783,-0.105044438,-0.247895359,3691,-33,2026-05-03T23:57:16.257Z,2026-05-03 19:57:16.257,102630,32
4.720,0.934933989,0.978575450,-0.202793049,-0.058085038,-0.723958883,-1.039250690,-0.994663534,-0.478728740,3916,-319,2026-05-03T23:57:16.297Z,2026-05-03 19:57:16.297,102630,33
4.760,0.819563687,0.986939008,-0.099303990,0.016991815,-2.447289981,0.762253033,-0.517093519,0.028669277,3693,172,2026-05-03T23:57:16.337Z,2026-05-03 19:57:16.337,102630,34
4.800,1.047236872,0.978662228,-0.180772829,0.088486306,0.953552975,-1.020558816,-0.893047028,0.511856335,3900,427,2026-05-03T23:57:16.377Z,2026-05-03 19:57:16.377,102630,35
4.840,1.050454373,0.989121818,0.661319523,0.013141027,1.001614049,1.232428589,2.992948871,0.002644188,3637,181,2026-05-03T23:57:16.417Z,2026-05-03 19:57:16.417,102630,36
4.880,1.021289473,0.985276610,-0.193793297,0.005531204,0.565966577,0.404173784,-0.953132464,-0.048785902,3737,92,2026-05-03T23:57:16.457Z,2026-05-03 19:57:16.457,102630,37
4.920,0.983751845,0.988538460,0.027749738,-0.124673902,0.005252433,1.106773723,0.069220159,-0.928761696,3665,-527,2026-05-03T23:57:16.497Z,2026-05-03 19:57:16.497,102630,38
4.960,1.039133439,0.986040998,-0.191077140,-0.247326759,0.832508848,0.568822385,-0.940598238,-1.757696505,3741,-1183,2026-05-03T23:57:16.537Z,2026-05-03 19:57:16.537,102630,39
5.000,1.015249491,0.989508511,0.044691298,-0.135830384,0.475745018,1.315721948,0.147400224,-1.004161457,3641,-571,2026-05-03T23:57:16.577Z,2026-05-03 19:57:16.577,102630,40
5.040,1.030971298,0.987248331,-0.415505494,-0.121351209,0.710587774,0.828880988,-1.976265716,-0.906305666,3698,-527,2026-05-03T23:57:16.617Z,2026-05-03 19:57:16.617,102630,41
5.080,0.978772862,0.986416995,-0.231145430,-0.063128988,-0.069120580,0.649811954,-1.125501008,-0.512817678,3714,-242,2026-05-03T23:57:16.657Z,2026-05-03 19:57:16.657,102630,42
5.120,1.076146140,0.981827151,-0.167322418,-0.110931067,1.385381966,-0.338836905,-0.830977539,-0.835882373,3837,-545,2026-05-03T23:57:16.697Z,2026-05-03 19:57:16.697,102630,43
5.160,0.955973597,0.978880069,0.051447257,-0.077956842,-0.409682079,-0.973635908,0.178576887,-0.613029974,3910,-416,2026-05-03T23:57:16.737Z,2026-05-03 19:57:16.737,102630,44
5.200,0.969839609,0.981638528,-0.097064504,0.004865417,-0.202560060,-0.379466158,-0.506758983,-0.053285544,3831,41,2026-05-03T23:57:16.777Z,2026-05-03 19:57:16.777,102630,45
5.240,0.929015176,0.980590111,-0.026798600,0.154753976,-0.812370493,-0.605294161,-0.182503556,0.959718530,3844,789,2026-05-03T23:57:16.817Z,2026-05-03 19:57:16.817,102630,46
5.280,0.908743525,0.978592899,0.026807446,0.107555348,-1.115176043,-1.035492092,0.064871773,0.640732197,3900,523,2026-05-03T23:57:16.857Z,2026-05-03 19:57:16.857,102630,47
5.320,0.945441277,0.981486365,0.311844435,0.227810877,-0.567007434,-0.412241950,1.380229368,1.453464950,3814,1172,2026-05-03T23:57:16.897Z,2026-05-03 19:57:16.897,102630,48
5.360,0.980444987,0.978352475,0.295695721,0.258904911,-0.044143400,-1.087279253,1.305708046,1.663610295,3892,1289,2026-05-03T23:57:16.937Z,2026-05-03 19:57:16.937,102630,49
5.400,0.993937969,0.981671924,0.362281030,0.251339638,0.157406528,-0.372272711,1.612978666,1.612481292,3807,1294,2026-05-03T23:57:16.977Z,2026-05-03 19:57:16.977,102630,50
5.440,1.011784487,0.981588913,0.240742653,0.199604586,0.423986906,-0.390153146,1.052116624,1.262836071,3814,1030,2026-05-03T23:57:17.017Z,2026-05-03 19:57:17.017,102630,51
5.480,1.020939550,0.980390539,0.244320521,0.103122351,0.560739653,-0.648282017,1.068627378,0.610772310,3854,524,2026-05-03T23:57:17.057Z,2026-05-03 19:57:17.057,102630,52
5.520,1.010987148,0.983646319,0.221750439,-0.057370614,0.412076750,0.053010410,0.964473429,-0.473900389,3785,-249,2026-05-03T23:57:17.097Z,2026-05-03 19:57:17.097,102630,53
5.560,0.985372150,0.984632003,-0.094500886,-0.179352204,0.029455553,0.265326156,-0.494928680,-1.298298527,3771,-856,2026-05-03T23:57:17.137Z,2026-05-03 19:57:17.137,102630,54
5.600,0.966818333,0.985643355,-0.284181917,-0.265783456,-0.247690036,0.483170422,-1.370248002,-1.882433909,3753,-1282,2026-05-03T23:57:17.177Z,2026-05-03 19:57:17.177,102630,55
5.640,0.962159843,0.985979223,-0.370109429,-0.272945305,-0.317275702,0.555516116,-1.766776911,-1.930836416,3745,-1314,2026-05-03T23:57:17.217Z,2026-05-03 19:57:17.217,102630,56
5.680,0.987682326,0.985643940,-0.384705709,-0.202029566,0.063963549,0.483296568,-1.834134230,-1.451560788,3747,-958,2026-05-03T23:57:17.257Z,2026-05-03 19:57:17.257,102630,57
5.720,0.990399275,0.985250553,-0.211600888,-0.072521728,0.104547673,0.398561166,-1.035308992,-0.576297405,3745,-305,2026-05-03T23:57:17.297Z,2026-05-03 19:57:17.297,102630,58
5.760,1.020049109,0.983619852,-0.130151114,0.056434033,0.547438791,0.047309564,-0.659443463,0.295234841,3775,329,2026-05-03T23:57:17.337Z,2026-05-03 19:57:17.337,102630,59
5.800,1.018048835,0.980883079,0.083216383,0.127434697,0.517559910,-0.542189282,0.325181580,0.775084420,3839,654,2026-05-03T23:57:17.377Z,2026-05-03 19:57:17.377,102630,60
5.840,1.015926795,0.979890738,0.189329340,0.155374539,0.485862176,-0.755938686,0.814860079,0.963912532,3862,783,2026-05-03T23:57:17.417Z,2026-05-03 19:57:17.417,102630,61
5.880,1.004092917,0.979771911,0.219314744,0.145448225,0.309094941,-0.781533796,0.953233450,0.896826717,3866,731,2026-05-03T23:57:17.457Z,2026-05-03 19:57:17.457,102630,62
5.920,0.985932035,0.979918512,0.143887770,0.105125147,0.037818780,-0.749956140,0.605161277,0.624307966,3866,528,2026-05-03T23:57:17.497Z,2026-05-03 19:57:17.497,102630,63
5.960,0.963964539,0.980019616,0.137700753,0.077316127,-0.290318269,-0.728178446,0.576610106,0.436364000,3866,388,2026-05-03T23:57:17.537Z,2026-05-03 19:57:17.537,102630,64
6.000,0.954370797,0.980523125,0.093435816,0.034696409,-0.433623724,-0.619722978,0.372341109,0.148323680,3857,178,2026-05-03T23:57:17.577Z,2026-05-03 19:57:17.577,102630,65
6.040,0.976358960,0.982743390,0.054085304,0.009890909,-0.105177978,-0.141479589,0.190750656,-0.019321355,3802,81,2026-05-03T23:57:17.617Z,2026-05-03 19:57:17.617,102630,66
6.080,0.998192146,0.983253067,0.013609215,0.008184697,0.220952820,-0.031695584,0.003966017,-0.030852583,3789,79,2026-05-03T23:57:17.657Z,2026-05-03 19:57:17.657,102630,67
6.120,1.003636088,0.983706122,0.006714865,-0.009904863,0.302271108,0.065892062,-0.027849277,-0.153108734,3779,-7,2026-05-03T23:57:17.697Z,2026-05-03 19:57:17.697,102630,68
6.160,1.006359334,0.984144538,-0.042235083,-0.045273003,0.342949287,0.160326560,-0.253738155,-0.392140120,3771,-181,2026-05-03T23:57:17.737Z,2026-05-03 19:57:17.737,102630,69
6.200,1.005360723,0.984095763,-0.056325167,-0.074466994,0.328032640,0.149820281,-0.318759538,-0.589444255,3775,-330,2026-05-03T23:57:17.777Z,2026-05-03 19:57:17.777,102630,70
6.240,0.994645319,0.983002454,-0.107341145,-0.082670660,0.167972487,-0.085677409,-0.554182505,-0.644887755,3804,-386,2026-05-03T23:57:17.817Z,2026-05-03 19:57:17.817,102630,71
6.280,0.985870821,0.983223497,-0.079338110,-0.058249408,0.036904403,-0.038064952,-0.424957155,-0.479839615,3796,-259,2026-05-03T23:57:17.857Z,2026-05-03 19:57:17.857,102630,72
6.320,0.981056130,0.981975742,-0.085869567,-0.013319352,-0.035014518,-0.306830378,-0.455097811,-0.176185152,3824,-47,2026-05-03T23:57:17.897Z,2026-05-03 19:57:17.897,102630,73
6.360,0.983554401,0.982409064,-0.025182192,0.027281134,0.002303135,-0.213493149,-0.175044333,0.098208425,3809,165,2026-05-03T23:57:17.937Z,2026-05-03 19:57:17.937,102630,74
6.400,0.996531200,0.981725247,0.037903972,0.066232938,0.196142632,-0.360786924,0.116078812,0.361459579,3823,354,2026-05-03T23:57:17.977Z,2026-05-03 19:57:17.977,102630,75
6.440,1.002965655,0.981443112,0.105635167,0.090572679,0.292256589,-0.421558478,0.428637341,0.525956835,3828,474,2026-05-03T23:57:18.017Z,2026-05-03 19:57:18.017,102630,76
6.480,0.999292505,0.980795110,0.125399296,0.087715745,0.237389310,-0.561137577,0.519842685,0.506648584,3845,451,2026-05-03T23:57:18.057Z,2026-05-03 19:57:18.057,102630,77
6.520,0.992753813,0.981320480,0.100301868,0.060388248,0.139718330,-0.447973412,0.404025813,0.321958931,3834,319,2026-05-03T23:57:18.097Z,2026-05-03 19:57:18.097,102630,78
6.560,0.985130963,0.981794282,0.059170113,0.015286951,0.025852854,-0.345916721,0.214215479,0.017147156,3826,96,2026-05-03T23:57:18.137Z,2026-05-03 19:57:18.137,102630,79
6.600,0.981046748,0.982520903,0.023480517,-0.014133072,-0.035154657,-0.189403155,0.049519025,-0.181684581,3810,-44,2026-05-03T23:57:18.177Z,2026-05-03 19:57:18.177,102630,80
6.640,0.988543401,0.983849932,-0.032409913,-0.038807749,0.076825760,0.096868523,-0.208398031,-0.348445470,3778,-152,2026-05-03T23:57:18.217Z,2026-05-03 19:57:18.217,102630,81
6.680,0.995291457,0.983407514,-0.054801016,-0.044949024,0.177624105,0.001572152,-0.311726053,-0.389950546,3790,-189,2026-05-03T23:57:18.257Z,2026-05-03 19:57:18.257,102630,82
6.720,0.999195697,0.983482093,-0.074536853,-0.044157220,0.235943259,0.017636362,-0.402800838,-0.384599233,3788,-184,2026-05-03T23:57:18.297Z,2026-05-03 19:57:18.297,102630,83
6.760,0.996610570,0.982661922,-0.069645797,-0.031615766,0.197328205,-0.159027890,-0.380230126,-0.299839303,3808,-131,2026-05-03T23:57:18.337Z,2026-05-03 19:57:18.337,102630,84
6.800,0.988704622,0.982135108,-0.032444971,-0.003890997,0.079233981,-0.272503166,-0.208559814,-0.112464735,3819,3,2026-05-03T23:57:18.377Z,2026-05-03 19:57:18.377,102630,85
6.840,0.985719569,0.982215757,-0.003940656,0.027188665,0.034645082,-0.255131444,-0.077021210,0.097583483,3814,162,2026-05-03T23:57:18.417Z,2026-05-03 19:57:18.417,102630,86
6.880,0.988615246,0.981569492,0.047016274,0.055811404,0.077898938,-0.394336361,0.158129269,0.291026878,3828,299,2026-05-03T23:57:18.457Z,2026-05-03 19:57:18.457,102630,87
6.920,0.994477832,0.981935164,0.071234146,0.061756783,0.165470674,-0.315570865,0.269887261,0.331208012,3818,334,2026-05-03T23:57:18.497Z,2026-05-03 19:57:18.497,102630,88
6.960,1.002509477,0.982298572,0.080383352,0.057672420,0.285442478,-0.237293058,0.312108020,0.303604330,3809,318,2026-05-03T23:57:18.537Z,2026-05-03 19:57:18.537,102630,89
7.000,0.997627854,0.981812629,0.077167138,0.042198000,0.212523778,-0.341964774,0.297266189,0.199022294,3823,233,2026-05-03T23:57:18.577Z,2026-05-03 19:57:18.577,102630,90
7.040,0.988057897,0.981539395,0.045378949,0.010827232,0.069573603,-0.400819236,0.150573520,-0.012993323,3833,70,2026-05-03T23:57:18.617Z,2026-05-03 19:57:18.617,102630,91
7.080,0.987265527,0.982869770,0.016186983,-0.024870366,0.057737666,-0.114257472,0.015861623,-0.254251312,3802,-94,2026-05-03T23:57:18.657Z,2026-05-03 19:57:18.657,102630,92
7.120,1.004942751,0.983457539,-0.043331752,-0.037403601,0.321789235,0.012347493,-0.258798942,-0.338955699,3788,-150,2026-05-03T23:57:18.697Z,2026-05-03 19:57:18.697,102630,93
7.160,0.994514735,0.982596536,-0.088032778,-0.056241133,0.166021899,-0.173111934,-0.465080361,-0.466266929,3812,-257,2026-05-03T23:57:18.737Z,2026-05-03 19:57:18.737,102630,94
7.200,0.991513443,0.983846945,-0.064757812,-0.048638854,0.121190437,0.096225278,-0.357673586,-0.414887829,3779,-202,2026-05-03T23:57:18.777Z,2026-05-03 19:57:18.777,102630,95
7.240,1.005133944,0.983118060,-0.064999534,-0.029248573,0.324645154,-0.060775976,-0.358789059,-0.283840908,3796,-113,2026-05-03T23:57:18.817Z,2026-05-03 19:57:18.817,102630,96
7.280,1.001494074,0.982830773,-0.037559295,-0.014144030,0.270275004,-0.122657440,-0.232160839,-0.181758640,3802,-40,2026-05-03T23:57:18.857Z,2026-05-03 19:57:18.857,102630,97
7.320,1.001406584,0.982564526,-0.008268308,0.005825722,0.268968130,-0.180006785,-0.096991988,-0.046795435,3807,58,2026-05-03T23:57:18.897Z,2026-05-03 19:57:18.897,102630,98
7.360,1.000274258,0.981876083,0.000345787,0.014092396,0.252054134,-0.328296962,-0.057240601,0.009073900,3824,91,2026-05-03T23:57:18.937Z,2026-05-03 19:57:18.937,102630,99
7.400,0.991854012,0.982020283,0.021373893,0.027692103,0.126277649,-0.297236404,0.039797609,0.100985911,3819,162,2026-05-03T23:57:18.977Z,2026-05-03 19:57:18.977,102630,100
7.440,0.997103581,0.981919901,0.051810152,0.055302487,0.204692510,-0.318858543,0.180251535,0.287587420,3819,301,2026-05-03T23:57:19.017Z,2026-05-03 19:57:19.017,102631,1
7.480,0.999171894,0.981871516,0.073201149,0.068611089,0.235587693,-0.329280725,0.278964375,0.377532033,3819,368,2026-05-03T23:57:19.057Z,2026-05-03 19:57:19.057,102631,2
7.520,0.999259419,0.981673875,0.085015468,0.069710435,0.236895101,-0.371852350,0.333483805,0.384961832,3824,371,2026-05-03T23:57:19.097Z,2026-05-03 19:57:19.097,102631,3
7.560,0.995300820,0.981762897,0.093775335,0.066529522,0.177763959,-0.352677041,0.373907882,0.363464007,3822,356,2026-05-03T23:57:19.137Z,2026-05-03 19:57:19.137,102631,4
7.600,0.995118976,0.982698089,0.076865751,0.043656264,0.175047681,-0.151237503,0.295875377,0.208877803,3800,252,2026-05-03T23:57:19.177Z,2026-05-03 19:57:19.177,102631,5
7.640,0.986876223,0.982048350,0.037181260,0.009319657,0.051922478,-0.291190785,0.112743722,-0.023182094,3820,69,2026-05-03T23:57:19.217Z,2026-05-03 19:57:19.217,102631,6
7.680,0.982150910,0.982303139,0.029911102,0.003153727,-0.018661363,-0.236309295,0.079194187,-0.064853802,3814,41,2026-05-03T23:57:19.257Z,2026-05-03 19:57:19.257,102631,7
7.720,0.984521072,0.983090618,-0.000343094,-0.021700411,0.016742669,-0.066687064,-0.060419576,-0.232827546,3796,-75,2026-05-03T23:57:19.297Z,2026-05-03 19:57:19.297,102631,8
7.760,0.983931830,0.983138906,-0.058351828,-0.045634661,0.007940932,-0.056285907,-0.328111950,-0.394584345,3797,-196,2026-05-03T23:57:19.337Z,2026-05-03 19:57:19.337,102631,9
7.800,0.980250025,0.982931252,-0.051407661,-0.031128765,-0.047055624,-0.101014276,-0.296066764,-0.296547962,3801,-125,2026-05-03T23:57:19.377Z,2026-05-03 19:57:19.377,102631,10
7.840,0.979383335,0.983134143,-0.031526052,-0.012367265,-0.060001705,-0.057311718,-0.204319286,-0.169750586,3794,-27,2026-05-03T23:57:19.417Z,2026-05-03 19:57:19.417,102631,11
7.880,0.975116670,0.982591344,-0.021574789,0.009101844,-0.123734540,-0.174230227,-0.158397283,-0.024654153,3806,75,2026-05-03T23:57:19.457Z,2026-05-03 19:57:19.457,102631,12
7.920,0.971613011,0.981778492,0.016044287,0.030282588,-0.176070054,-0.349317905,0.015203123,0.118493395,3825,172,2026-05-03T23:57:19.497Z,2026-05-03 19:57:19.497,102631,13
7.960,0.973435159,0.982664147,0.053318307,0.052992150,-0.148851930,-0.158548586,0.187211201,0.271973277,3800,299,2026-05-03T23:57:19.537Z,2026-05-03 19:57:19.537,102631,14
8.000,0.971117496,0.981329146,0.065250106,0.058004617,-0.183471753,-0.446106752,0.242272768,0.305849448,3834,307,2026-05-03T23:57:19.577Z,2026-05-03 19:57:19.577,102631,15
8.040,0.971339331,0.981665834,0.077596457,0.061269781,-0.180158129,-0.373584479,0.299247362,0.327916671,3825,328,2026-05-03T23:57:19.617Z,2026-05-03 19:57:19.617,102631,16
8.080,0.975061071,0.981871418,0.082901462,0.057985441,-0.124565047,-0.329301749,0.323728318,0.305719846,3820,314,2026-05-03T23:57:19.657Z,2026-05-03 19:57:19.657,102631,17
8.120,0.980497513,0.982391830,0.070374890,0.042674043,-0.043358799,-0.217205444,0.265922060,0.202239577,3808,243,2026-05-03T23:57:19.697Z,2026-05-03 19:57:19.697,102631,18
8.160,0.982626443,0.982416286,0.045647737,0.025294776,-0.011558142,-0.211937600,0.151813895,0.084783856,3809,155,2026-05-03T23:57:19.737Z,2026-05-03 19:57:19.737,102631,19
8.200,0.983290040,0.982019365,0.022899273,0.006639442,-0.001645726,-0.297434008,0.046836765,-0.041296005,3821,55,2026-05-03T23:57:19.777Z,2026-05-03 19:57:19.777,102631,20
8.240,0.976843216,0.981942522,0.005993384,-0.004182102,-0.097944446,-0.313985906,-0.031178687,-0.114432134,3824,-1,2026-05-03T23:57:19.817Z,2026-05-03 19:57:19.817,102631,21
8.280,0.980076313,0.983173960,-0.010664013,-0.012666588,-0.049650424,-0.048735171,-0.108047427,-0.171773529,3793,-28,2026-05-03T23:57:19.857Z,2026-05-03 19:57:19.857,102631,22
8.320,0.981189864,0.982397119,-0.018736846,-0.012043286,-0.033016885,-0.216066126,-0.145301054,-0.167561012,3813,-35,2026-05-03T23:57:19.897Z,2026-05-03 19:57:19.897,102631,23
8.360,0.983338203,0.982216186,-0.020646645,-0.004886916,-0.000926298,-0.255038962,-0.154114186,-0.119195535,3817,-1,2026-05-03T23:57:19.937Z,2026-05-03 19:57:19.937,102631,24
8.400,0.984299242,0.982449408,-0.006645745,0.005531878,0.013429117,-0.204803096,-0.089504362,-0.048781348,3810,55,2026-05-03T23:57:19.977Z,2026-05-03 19:57:19.977,102631,25
8.440,0.983629360,0.982162843,0.010268755,0.020437785,0.003422824,-0.266529005,-0.011449173,0.051958463,3816,127,2026-05-03T23:57:20.017Z,2026-05-03 19:57:20.017,102631,26
8.480,0.985322156,0.982758127,0.036210061,0.037795137,0.028708773,-0.138305417,0.108261937,0.169266067,3799,223,2026-05-03T23:57:20.057Z,2026-05-03 19:57:20.057,102631,27
8.520,0.986975577,0.981683790,0.052439371,0.045678236,0.053406565,-0.369716629,0.183155184,0.222543062,3826,249,2026-05-03T23:57:20.097Z,2026-05-03 19:57:20.097,102631,28
8.560,0.986000168,0.981919081,0.062728920,0.044875474,0.038836508,-0.319035122,0.230638275,0.217117690,3820,248,2026-05-03T23:57:20.137Z,2026-05-03 19:57:20.137,102631,29
8.600,0.987845421,0.982645175,0.050082411,0.036905385,0.066399762,-0.162635063,0.172278543,0.163252783,3802,217,2026-05-03T23:57:20.177Z,2026-05-03 19:57:20.177,102631,30
8.640,0.985052822,0.981911664,0.050652587,0.025610536,0.024685621,-0.320632720,0.174909727,0.086917886,3822,150,2026-05-03T23:57:20.217Z,2026-05-03 19:57:20.217,102631,31
8.680,0.984444211,0.982502322,0.023636745,0.012282757,0.015594561,-0.193405536,0.050239970,-0.003156328,3808,90,2026-05-03T23:57:20.257Z,2026-05-03 19:57:20.257,102631,32
8.720,0.984034274,0.982828704,0.004467389,-0.002922474,0.009471173,-0.123103080,-0.038220682,-0.105919082,3801,17,2026-05-03T23:57:20.297Z,2026-05-03 19:57:20.297,102631,33
8.760,0.984303606,0.982342137,-0.009572261,-0.007572609,0.013494289,-0.227909327,-0.103009327,-0.137346475,3814,-13,2026-05-03T23:57:20.337Z,2026-05-03 19:57:20.337,102631,34
8.800,0.985586488,0.982538333,-0.015069165,-0.008274684,0.032657207,-0.185648812,-0.128375839,-0.142091360,3809,-14,2026-05-03T23:57:20.377Z,2026-05-03 19:57:20.377,102631,35
8.840,0.982905757,0.982616620,-0.008717926,0.002149589,-0.007385912,-0.168785804,-0.099066835,-0.071640145,3806,40,2026-05-03T23:57:20.417Z,2026-05-03 19:57:20.417,102631,36
8.880,0.982293365,0.982309014,0.003128376,0.012190288,-0.016533456,-0.235043831,-0.044399815,-0.003781270,3813,87,2026-05-03T23:57:20.457Z,2026-05-03 19:57:20.457,102631,37
8.920,0.982653961,0.982894090,0.023810196,0.021702893,-0.011147091,-0.109019037,0.051040392,0.060508544,3797,143,2026-05-03T23:57:20.497Z,2026-05-03 19:57:20.497,102631,38
8.960,0.984166760,0.981804588,0.031028689,0.033757346,0.011450181,-0.343696903,0.084351505,0.141977133,3824,190,2026-05-03T23:57:20.537Z,2026-05-03 19:57:20.537,102631,39
9.000,0.982443333,0.982205022,0.050503738,0.040793851,-0.014293331,-0.257443744,0.174222839,0.189532523,3813,231,2026-05-03T23:57:20.577Z,2026-05-03 19:57:20.577,102631,40
9.040,0.984171767,0.981971175,0.052946807,0.041199341,0.011524969,-0.307814141,0.185496844,0.192272981,3819,230,2026-05-03T23:57:20.617Z,2026-05-03 19:57:20.617,102631,41
9.080,0.979786389,0.981882055,0.045157524,0.033754606,-0.053981134,-0.327010474,0.149551715,0.141958619,3822,191,2026-05-03T23:57:20.657Z,2026-05-03 19:57:20.657,102631,42
9.120,0.979317715,0.981946426,0.045279922,0.026701664,-0.060981896,-0.313145058,0.150116544,0.094292142,3821,156,2026-05-03T23:57:20.697Z,2026-05-03 19:57:20.697,102631,43
9.160,0.972915227,0.982891826,0.013972723,0.011673152,-0.156618346,-0.109506726,0.005643495,-0.007276272,3798,92,2026-05-03T23:57:20.737Z,2026-05-03 19:57:20.737,102631,44
9.200,0.953249133,0.982844065,0.022653244,0.014157470,-0.450378457,-0.119794377,0.045701417,0.009513697,3799,104,2026-05-03T23:57:20.777Z,2026-05-03 19:57:20.777,102631,45
9.240,0.926515679,0.981086867,0.004533818,0.007466860,-0.849706451,-0.498293375,-0.037914135,-0.035704003,3845,47,2026-05-03T23:57:20.817Z,2026-05-03 19:57:20.817,102631,46
9.280,0.930294919,0.984208968,0.052189651,0.032877878,-0.793254478,0.174204615,0.182002805,0.136033354,3762,217,2026-05-03T23:57:20.857Z,2026-05-03 19:57:20.857,102631,47
9.320,0.924042408,0.981808726,-0.001426852,0.011314234,-0.886650661,-0.342805622,-0.065420783,-0.009701982,3826,76,2026-05-03T23:57:20.897Z,2026-05-03 19:57:20.897,102631,48
9.360,0.919958837,0.984301172,0.060531883,0.060779367,-0.947648556,0.194065216,0.220499625,0.324602261,3757,360,2026-05-03T23:57:20.937Z,2026-05-03 19:57:20.937,102631,49
9.400,0.911241806,0.983886821,0.079489037,0.036265645,-1.077858247,0.104814465,0.307981034,0.158929179,3770,230,2026-05-03T23:57:20.977Z,2026-05-03 19:57:20.977,102631,50
9.440,0.910933728,0.985546428,0.065814126,0.059146448,-1.082460118,0.462292519,0.244875543,0.313566373,3725,368,2026-05-03T23:57:21.017Z,2026-05-03 19:57:21.017,102631,51
9.480,0.894555736,0.984892024,0.107927540,0.068702885,-1.327104567,0.321334450,0.439215933,0.378152421,3741,408,2026-05-03T23:57:21.057Z,2026-05-03 19:57:21.057,102631,52
9.520,0.901924887,0.965730412,0.054992536,0.108804649,-1.217028690,-3.806061520,0.194937251,0.649175445,4232,361,2026-05-03T23:57:21.097Z,2026-05-03 19:57:21.097,102631,53
9.560,1.219551516,0.982807879,0.588209534,0.567387784,3.527483862,-0.127588770,2.655568870,3.748455266,3748,2915,2026-05-03T23:57:21.137Z,2026-05-03 19:57:21.137,102631,54
9.600,0.808080959,0.988038112,0.382427724,-0.210753780,-2.618811950,0.998999292,1.705949428,-1.510522358,3686,-971,2026-05-03T23:57:21.177Z,2026-05-03 19:57:21.177,102631,55
9.640,1.104705515,0.989506442,-0.619399613,-0.124608828,1.811984461,1.315276307,-2.917174049,-0.928321900,3640,-514,2026-05-03T23:57:21.217Z,2026-05-03 19:57:21.217,102631,56
9.680,0.859428906,0.992098606,0.130600960,-0.017351620,-1.851807683,1.873626369,0.543846756,-0.203436757,3563,65,2026-05-03T23:57:21.257Z,2026-05-03 19:57:21.257,102631,57
9.720,1.204163322,0.994213492,0.050428698,-0.322094633,3.297624433,2.329171248,0.173876550,-2.263006329,3537,-1456,2026-05-03T23:57:21.297Z,2026-05-03 19:57:21.297,102631,58
9.760,0.915715916,0.989643771,-0.607897155,-0.386084165,-1.011026716,1.344856903,-2.864093762,-2.695472003,3661,-1841,2026-05-03T23:57:21.337Z,2026-05-03 19:57:21.337,102631,59
9.800,1.034351873,0.994081081,-0.483908337,-0.392199392,0.761084741,2.300650003,-2.291923694,-2.736801042,3547,-1814,2026-05-03T23:57:21.377Z,2026-05-03 19:57:21.377,102631,60
9.840,1.082026215,0.988992568,-0.202100469,-0.185663328,1.473214927,1.204588381,-0.991467495,-1.340951507,3659,-831,2026-05-03T23:57:21.417Z,2026-05-03 19:57:21.417,102631,61
9.880,0.919818230,0.988589636,-0.359836491,-0.149402696,-0.949748863,1.117797100,-1.719370477,-1.095888322,3666,-652,2026-05-03T23:57:21.457Z,2026-05-03 19:57:21.457,102631,62
9.920,1.099901433,0.986733853,-0.009741405,-0.011799426,1.740224020,0.718062786,-0.103789874,-0.165912915,3701,23,2026-05-03T23:57:21.497Z,2026-05-03 19:57:21.497,102631,63
9.960,0.969965827,0.984212540,0.074575839,0.106462873,-0.200674681,0.174974005,0.285308143,0.633348834,3755,591,2026-05-03T23:57:21.537Z,2026-05-03 19:57:21.537,102631,64
10.000,1.061068535,0.984129919,0.136260241,0.097230415,1.160161909,0.157177667,0.569962591,0.570952360,3758,543,2026-05-03T23:57:21.577Z,2026-05-03 19:57:21.577,102631,65
10.040,1.009776096,0.985031325,0.219553399,0.179522515,0.393986796,0.351339787,0.954334767,1.127113768,3727,973,2026-05-03T23:57:21.617Z,2026-05-03 19:57:21.617,102631,66
10.080,1.024488835,0.984636903,0.179333791,0.117570044,0.613756704,0.266381501,0.768733709,0.708415332,3743,653,2026-05-03T23:57:21.657Z,2026-05-03 19:57:21.657,102631,67
10.120,1.033160896,0.983969168,0.246480052,0.173403156,0.743294653,0.122551985,1.078592949,1.085756808,3755,928,2026-05-03T23:57:21.697Z,2026-05-03 19:57:21.697,102631,68
10.160,1.000251145,0.986902704,0.115357001,0.005672311,0.251708897,0.754433237,0.473500598,-0.047832251,3695,114,2026-05-03T23:57:21.737Z,2026-05-03 19:57:21.737,102631,69
10.200,1.032221055,0.985907475,-0.001180824,0.034406696,0.729255878,0.540061613,-0.064285441,0.146365688,3718,247,2026-05-03T23:57:21.777Z,2026-05-03 19:57:21.777,102631,70
10.240,0.994286680,0.989629699,0.028973731,-0.105248681,0.162615360,1.341825771,0.074868511,-0.797478638,3635,-414,2026-05-03T23:57:21.817Z,2026-05-03 19:57:21.817,102631,71
10.280,1.022582936,0.990992377,-0.239412621,-0.171136189,0.585287548,1.635345459,-1.163651542,-1.242771562,3606,-731,2026-05-03T23:57:21.857Z,2026-05-03 19:57:21.857,102631,72
10.320,0.973408904,0.991735315,-0.231076545,-0.237001781,-0.149244106,1.795373716,-1.125183125,-1.687916368,3593,-1056,2026-05-03T23:57:21.897Z,2026-05-03 19:57:21.897,102631,73
10.360,1.055332170,0.978324837,-0.326748639,-0.148940395,1.074475588,-1.093232515,-1.566680268,-1.092763912,3931,-784,2026-05-03T23:57:21.937Z,2026-05-03 19:57:21.937,102631,74
10.400,0.891820657,0.973598873,-0.329589683,-0.276479702,-1.367959497,-2.111201419,-1.579790806,-1.954723221,4065,-1494,2026-05-03T23:57:21.977Z,2026-05-03 19:57:21.977,102631,75
10.440,0.941468320,0.992873397,-0.414136951,-0.241113539,-0.626353041,2.040515812,-1.969950313,-1.715705196,3564,-1062,2026-05-03T23:57:22.017Z,2026-05-03 19:57:22.017,102631,76
10.480,0.847971177,0.982286959,-0.129454233,-0.024353230,-2.022956245,-0.239794577,-0.656227569,-0.250756311,3817,-99,2026-05-03T23:57:22.057Z,2026-05-03 19:57:22.057,102631,77
10.520,0.969952073,0.979184006,0.206542763,0.221933987,-0.200880136,-0.908168170,0.894294704,1.413746681,3874,1112,2026-05-03T23:57:22.097Z,2026-05-03 19:57:22.097,102631,78
10.560,0.931350949,0.982173793,0.403008056,0.187865894,-0.777480150,-0.264170401,1.800921298,1.183501512,3800,978,2026-05-03T23:57:22.137Z,2026-05-03 19:57:22.137,102631,79
10.600,0.942548120,0.980668106,0.146947141,0.133301303,-0.610223646,-0.588494225,0.619279330,0.814733185,3844,681,2026-05-03T23:57:22.177Z,2026-05-03 19:57:22.177,102631,80
10.640,0.929508202,0.983004953,0.309151660,0.268174374,-0.805005975,-0.085139161,1.367803046,1.726256866,3771,1397,2026-05-03T23:57:22.217Z,2026-05-03 19:57:22.217,102631,81
10.680,0.931264079,0.977431336,0.401258185,0.235302858,-0.778777764,-1.285691790,1.792846186,1.504098614,3918,1157,2026-05-03T23:57:22.257Z,2026-05-03 19:57:22.257,102631,82
10.720,0.943438573,0.985635861,0.338175088,0.258250126,-0.596922605,0.481556180,1.501737194,1.659185011,3704,1381,2026-05-03T23:57:22.297Z,2026-05-03 19:57:22.297,102631,83
10.760,0.900834475,0.980942453,0.284947312,0.206976029,-1.233316600,-0.529400111,1.256107460,1.312655093,3830,1059,2026-05-03T23:57:22.337Z,2026-05-03 19:57:22.337,102631,84
10.800,0.947581482,0.973579629,0.278105235,0.229480757,-0.535038361,-2.115346589,1.224533391,1.464750636,4018,1077,2026-05-03T23:57:22.377Z,2026-05-03 19:57:22.377,102631,85
10.840,0.857173128,0.974168666,0.246318893,0.355080952,-1.885503122,-1.988468308,1.077849250,2.313604677,3991,1723,2026-05-03T23:57:22.417Z,2026-05-03 19:57:22.417,102631,86
10.880,1.048739719,0.981406223,0.318134784,0.409641455,0.976001595,-0.429504295,1.409257383,2.682345382,3799,2095,2026-05-03T23:57:22.457Z,2026-05-03 19:57:22.457,102631,87
10.920,0.990289323,0.981690017,0.643826847,0.171795567,0.102905285,-0.368375452,2.912225579,1.074892105,3814,890,2026-05-03T23:57:22.497Z,2026-05-03 19:57:22.497,102631,88
10.960,0.930080578,0.988848739,-0.491228347,-0.316542439,-0.796456168,1.173607666,-2.325703275,-2.225482487,3675,-1498,2026-05-03T23:57:22.537Z,2026-05-03 19:57:22.537,102631,89
11.000,1.027340770,0.993635912,-0.429791152,-0.461498649,0.656357158,2.204760822,-2.042189614,-3.205151868,3565,-2172,2026-05-03T23:57:22.577Z,2026-05-03 19:57:22.577,102631,90
11.040,0.945904346,0.992099464,-0.773039274,-0.475644953,-0.560090400,1.873811207,-3.626173592,-3.300757987,3606,-2264,2026-05-03T23:57:22.617Z,2026-05-03 19:57:22.617,102631,91
11.080,1.006007543,0.993468602,-0.693631532,-0.468742009,0.337694443,2.168722505,-3.259731409,-3.254105258,3570,-2211,2026-05-03T23:57:22.657Z,2026-05-03 19:57:22.657,102631,92
11.120,1.000755363,0.990419656,-0.402728590,-0.333181953,0.259240585,1.511981869,-1.917304253,-2.337938672,3636,-1562,2026-05-03T23:57:22.697Z,2026-05-03 19:57:22.697,102631,93
11.160,0.992059591,0.988292531,-0.329877534,-0.099640305,0.129348459,1.053800940,-1.581119150,-0.759575097,3669,-403,2026-05-03T23:57:22.737Z,2026-05-03 19:57:22.737,102631,94
11.200,1.016980362,0.983318961,0.154420272,0.245720304,0.501599715,-0.017502164,0.653765517,1.574503692,3765,1287,2026-05-03T23:57:22.777Z,2026-05-03 19:57:22.777,102631,95
11.240,1.065887599,0.981838277,0.473742028,0.312108512,1.232146146,-0.336440383,2.127336718,2.023180530,3797,1605,2026-05-03T23:57:22.817Z,2026-05-03 19:57:22.817,102631,96
11.280,1.003192453,0.983569222,0.388416687,0.219494893,0.295644359,0.036403948,1.733586644,1.397262353,3761,1157,2026-05-03T23:57:22.857Z,2026-05-03 19:57:22.857,102631,97
11.320,1.107432442,0.973096887,0.234574702,0.404870737,1.852717627,-2.219328758,1.023653436,2.650103048,4014,1962,2026-05-03T23:57:22.897Z,2026-05-03 19:57:22.897,102631,98
11.360,0.885730615,0.971665388,0.820886631,0.308595357,-1.458928833,-2.527672470,3.729301750,1.999437288,4060,1454,2026-05-03T23:57:22.937Z,2026-05-03 19:57:22.937,102631,99
11.400,0.940117347,0.984267366,0.199526632,0.006162725,-0.646533045,0.186783542,0.861917427,-0.044517842,3763,82,2026-05-03T23:57:22.977Z,2026-05-03 19:57:22.977,102631,100
11.440,0.897906311,0.984345692,0.055884393,-0.057991177,-1.277055725,0.203654935,0.199052896,-0.478094391,3767,-243,2026-05-03T23:57:23.017Z,2026-05-03 19:57:23.017,102632,1
11.480,0.955072489,0.979834389,-0.067697862,0.011086137,-0.423142276,-0.768076228,-0.371241009,-0.011243545,3877,49,2026-05-03T23:57:23.057Z,2026-05-03 19:57:23.057,102632,2
11.520,0.931649032,0.986618735,0.135810629,-0.012093271,-0.773027570,0.693266475,0.567887770,-0.167898828,3704,20,2026-05-03T23:57:23.097Z,2026-05-03 19:57:23.097,102632,3
11.560,0.935185196,0.980947605,-0.189704916,-0.177930945,-0.720206501,-0.528290327,-0.934265850,-1.288693114,3866,-897,2026-05-03T23:57:23.137Z,2026-05-03 19:57:23.137,102632,4
11.600,0.927104270,0.987109440,-0.208774006,-0.029886247,-0.840914437,0.798964003,-1.022263805,-0.288150551,3693,-64,2026-05-03T23:57:23.177Z,2026-05-03 19:57:23.177,102632,5
11.640,1.018069506,0.977513195,-0.053589321,-0.074830045,0.517868679,-1.268059516,-0.306134454,-0.591897887,3945,-418,2026-05-03T23:57:23.217Z,2026-05-03 19:57:23.217,102632,6
11.680,1.223451433,0.985463222,0.081045786,-0.013839901,3.585738449,0.444370035,0.315164949,-0.179703222,3734,-4,2026-05-03T23:57:23.257Z,2026-05-03 19:57:23.257,102632,7
11.720,1.112527080,0.978662559,0.309974006,0.045785077,1.928818216,-1.020487359,1.371597919,0.223265130,3904,210,2026-05-03T23:57:23.297Z,2026-05-03 19:57:23.297,102632,8
11.760,0.990409322,0.989186384,-0.105929549,0.027339382,0.104697749,1.246336053,-0.547668424,0.098602084,3634,254,2026-05-03T23:57:23.337Z,2026-05-03 19:57:23.337,102632,9
11.800,1.020329666,0.987645408,-0.108864674,-0.006866404,0.551629575,0.914411060,-0.561213120,-0.132573667,3677,60,2026-05-03T23:57:23.377Z,2026-05-03 19:57:23.377,102632,10
11.840,1.075492506,0.986628650,0.214985866,-0.036125469,1.375618379,0.695402196,0.933257014,-0.330317598,3706,-102,2026-05-03T23:57:23.417Z,2026-05-03 19:57:23.417,102632,11
11.880,1.003946018,0.986385259,-0.333190300,-0.128967185,0.306900651,0.642975921,-1.596406543,-0.957777339,3721,-577,2026-05-03T23:57:23.457Z,2026-05-03 19:57:23.457,102632,12
11.920,0.992580721,0.989151700,-0.179260367,-0.122908095,0.137132789,1.238865160,-0.886067481,-0.916827700,3649,-510,2026-05-03T23:57:23.497Z,2026-05-03 19:57:23.497,102632,13
11.960,1.069811187,0.986487182,-0.147810473,-0.146349192,1.290754303,0.664930194,-0.740935943,-1.075251575,3720,-664,2026-05-03T23:57:23.537Z,2026-05-03 19:57:23.537,102632,14
12.000,0.955620527,0.986886699,-0.225248724,-0.160365347,-0.414956012,0.750985749,-1.098289536,-1.169978102,3711,-730,2026-05-03T23:57:23.577Z,2026-05-03 19:57:23.577,102632,15
12.040,1.037836826,0.982287525,-0.165242863,-0.120381337,0.813140832,-0.239672686,-0.821381036,-0.899750905,3826,-587,2026-05-03T23:57:23.617Z,2026-05-03 19:57:23.617,102632,16
12.080,0.963792651,0.978808379,-0.094065413,-0.079543189,-0.292885825,-0.989077897,-0.492919108,-0.623751114,3912,-425,2026-05-03T23:57:23.657Z,2026-05-03 19:57:23.657,102632,17
12.120,0.919987574,0.981327213,-0.262562735,0.005273647,-0.947219307,-0.446522984,-1.270482161,-0.050526572,3839,39,2026-05-03T23:57:23.697Z,2026-05-03 19:57:23.697,102632,18
12.160,0.932567582,0.980289435,0.156860879,0.130931371,-0.759306824,-0.670059711,0.665028167,0.798716275,3854,664,2026-05-03T23:57:23.737Z,2026-05-03 19:57:23.737,102632,19
12.200,0.937080467,0.977829448,0.304159725,0.147105799,-0.691896111,-1.199938960,1.344766807,0.908029236,3916,714,2026-05-03T23:57:23.777Z,2026-05-03 19:57:23.777,102632,20
12.240,0.951612563,0.980189307,0.234780142,0.264996875,-0.474824532,-0.691627161,1.024601478,1.704782109,3844,1344,2026-05-03T23:57:23.817Z,2026-05-03 19:57:23.817,102632,21
12.280,0.986643167,0.978584253,0.352013621,0.269720977,0.048441222,-1.037354497,1.565597747,1.736709395,3885,1347,2026-05-03T23:57:23.857Z,2026-05-03 19:57:23.857,102632,22
12.320,1.018402596,0.981056614,0.337969667,0.260795387,0.522844171,-0.504809789,1.500789238,1.676386854,3822,1334,2026-05-03T23:57:23.897Z,2026-05-03 19:57:23.897,102632,23
12.360,1.027498932,0.981696087,0.338729264,0.202083425,0.658719687,-0.367067940,1.504294542,1.279589010,3811,1044,2026-05-03T23:57:23.937Z,2026-05-03 19:57:23.937,102632,24
12.400,1.018436313,0.979847017,0.229849714,0.124790096,0.523347817,-0.765356081,1.001849078,0.757211199,3866,627,2026-05-03T23:57:23.977Z,2026-05-03 19:57:23.977,102632,25
12.440,0.977943616,0.983623834,-0.014329233,-0.061838550,-0.081507351,0.048167182,-0.124961282,-0.504096412,3786,-272,2026-05-03T23:57:24.017Z,2026-05-03 19:57:24.017,102632,26
12.480,0.970913756,0.984807686,-0.273366486,-0.206369420,-0.186515105,0.303168059,-1.320338131,-1.480891180,3769,-991,2026-05-03T23:57:24.057Z,2026-05-03 19:57:24.057,102632,27
12.520,0.958755555,0.985892992,-0.343377142,-0.281184584,-0.368126881,0.536942004,-1.643415668,-1.986520605,3748,-1357,2026-05-03T23:57:24.097Z,2026-05-03 19:57:24.097,102632,28
12.560,0.978126061,0.985769930,-0.431534277,-0.279293434,-0.078782098,0.510434588,-2.050233596,-1.973739493,3751,-1349,2026-05-03T23:57:24.137Z,2026-05-03 19:57:24.137,102632,29
12.600,0.985033488,0.986331662,-0.273777986,-0.210097603,0.024396832,0.631431190,-1.322237075,-1.506087667,3730,-990,2026-05-03T23:57:24.177Z,2026-05-03 19:57:24.177,102632,30
12.640,1.017827668,0.985888347,-0.172432438,-0.077509541,0.514256258,0.535941471,-0.854558699,-0.610006944,3729,-322,2026-05-03T23:57:24.217Z,2026-05-03 19:57:24.217,102632,31
12.680,1.022876058,0.983333912,0.050199890,0.060515656,0.589666015,-0.014281813,0.172820675,0.322820008,3782,346,2026-05-03T23:57:24.257Z,2026-05-03 19:57:24.257,102632,32
12.720,1.016134205,0.981570995,0.182889526,0.140617956,0.488960337,-0.394012611,0.785142329,0.864181916,3820,730,2026-05-03T23:57:24.297Z,2026-05-03 19:57:24.297,102632,33
12.760,1.006858001,0.980036382,0.235929710,0.168576974,0.350398067,-0.724567018,1.029906381,1.053139630,3857,852,2026-05-03T23:57:24.337Z,2026-05-03 19:57:24.337,102632,34
12.800,0.992969406,0.980820972,0.168160999,0.144517380,0.142938717,-0.555567008,0.717174726,0.890535714,3839,740,2026-05-03T23:57:24.377Z,2026-05-03 19:57:24.377,102632,35
12.840,0.963152175,0.979112687,0.135377005,0.103068235,-0.302452860,-0.923530317,0.565886728,0.610406572,3887,507,2026-05-03T23:57:24.417Z,2026-05-03 19:57:24.417,102632,36
12.880,0.947152846,0.979778548,0.115607949,0.079707976,-0.541441065,-0.780104393,0.474658649,0.452529027,3872,397,2026-05-03T23:57:24.457Z,2026-05-03 19:57:24.457,102632,37
12.920,0.961370044,0.980990819,0.071079763,0.033885428,-0.329073247,-0.518982184,0.269174832,0.142842765,3845,180,2026-05-03T23:57:24.497Z,2026-05-03 19:57:24.497,102632,38
12.960,0.987992263,0.982254656,-0.012260745,0.005836680,0.068593199,-0.246752501,-0.115415850,-0.046721377,3815,54,2026-05-03T23:57:24.537Z,2026-05-03 19:57:24.537,102632,39
13.000,1.001330256,0.982631883,-0.007220836,0.008603885,0.267827999,-0.165498126,-0.092158229,-0.028019553,3805,73,2026-05-03T23:57:24.577Z,2026-05-03 19:57:24.577,102632,40
13.040,1.009668036,0.983748828,0.007182936,-0.010998730,0.392372649,0.075090829,-0.025689274,-0.160501504,3778,-12,2026-05-03T23:57:24.617Z,2026-05-03 19:57:24.617,102632,41
13.080,1.014569516,0.983828169,-0.048064123,-0.043474322,0.465587974,0.092180850,-0.280637374,-0.379983950,3779,-176,2026-05-03T23:57:24.657Z,2026-05-03 19:57:24.657,102632,42
13.120,1.008493257,0.983541936,-0.080079275,-0.071269644,0.374824519,0.030526399,-0.428377401,-0.567835343,3789,-321,2026-05-03T23:57:24.697Z,2026-05-03 19:57:24.697,102632,43
13.160,0.988859580,0.982921376,-0.105981213,-0.081674741,0.081548646,-0.103141612,-0.547906841,-0.638156956,3806,-382,2026-05-03T23:57:24.737Z,2026-05-03 19:57:24.737,102632,44
13.200,0.972945249,0.982371355,-0.113185564,-0.058219273,-0.156169901,-0.221615671,-0.581152690,-0.479635955,3818,-270,2026-05-03T23:57:24.777Z,2026-05-03 19:57:24.777,102632,45
13.240,0.976010871,0.982040835,-0.051710276,-0.020570930,-0.110377515,-0.292809408,-0.297463240,-0.225194086,3823,-83,2026-05-03T23:57:24.817Z,2026-05-03 19:57:24.817,102632,46
13.280,0.990071223,0.982653744,0.028241794,0.023896106,0.099647432,-0.160789428,0.071490850,0.075331114,3803,151,2026-05-03T23:57:24.857Z,2026-05-03 19:57:24.857,102632,47
13.320,1.003970413,0.982114751,0.085807066,0.065623333,0.307265048,-0.276888114,0.337136782,0.357339635,3813,356,2026-05-03T23:57:24.897Z,2026-05-03 19:57:24.897,102632,48
13.360,1.006343689,0.981855101,0.118494492,0.094431011,0.342715592,-0.332816440,0.487979148,0.552032915,3817,499,2026-05-03T23:57:24.937Z,2026-05-03 19:57:24.937,102632,49
13.400,0.999236929,0.981281678,0.117352918,0.092365881,0.236559159,-0.456331331,0.482711138,0.538075977,3832,481,2026-05-03T23:57:24.977Z,2026-05-03 19:57:24.977,102632,50
13.440,0.987822917,0.980884659,0.083129041,0.063084899,0.066063606,-0.541848763,0.324778525,0.340183929,3845,327,2026-05-03T23:57:25.017Z,2026-05-03 19:57:25.017,102632,51
13.480,0.978202965,0.981414987,0.037216322,0.023741302,-0.077633349,-0.427616737,0.112905519,0.074284890,3835,134,2026-05-03T23:57:25.057Z,2026-05-03 19:57:25.057,102632,52
13.520,0.982142158,0.982338428,-0.018335818,-0.017205079,-0.018792101,-0.228708126,-0.143450433,-0.202446377,3815,-62,2026-05-03T23:57:25.097Z,2026-05-03 19:57:25.097,102632,53
13.560,0.992788200,0.982656047,-0.055057503,-0.040652328,0.140231984,-0.160293354,-0.312909659,-0.360911835,3809,-177,2026-05-03T23:57:25.137Z,2026-05-03 19:57:25.137,102632,54
13.600,1.000096142,0.983224317,-0.071778868,-0.047822395,0.249393556,-0.037888373,-0.390073590,-0.409369885,3795,-206,2026-05-03T23:57:25.177Z,2026-05-03 19:57:25.177,102632,55
13.640,1.002448196,0.983453109,-0.066915487,-0.046837434,0.284527103,0.011393139,-0.367630590,-0.402713144,3789,-198,2026-05-03T23:57:25.217Z,2026-05-03 19:57:25.217,102632,56
13.680,0.994075422,0.982493266,-0.054872976,-0.027836206,0.159459718,-0.195356292,-0.312058125,-0.274295593,3812,-114,2026-05-03T23:57:25.257Z,2026-05-03 19:57:25.257,102632,57
13.720,0.985079710,0.981743438,-0.010818398,-0.002685485,0.025087271,-0.356868641,-0.108759864,-0.104317421,3829,4,2026-05-03T23:57:25.297Z,2026-05-03 19:57:25.297,102632,58
13.760,0.984620435,0.981446860,0.026343065,0.025626973,0.018226898,-0.420751294,0.062728801,0.087028973,3834,144,2026-05-03T23:57:25.337Z,2026-05-03 19:57:25.337,102632,59
13.800,0.988820195,0.981886584,0.066068152,0.053814088,0.080960346,-0.326035095,0.246047795,0.277528251,3820,293,2026-05-03T23:57:25.377Z,2026-05-03 19:57:25.377,102632,60
13.840,0.996389377,0.981486345,0.082291311,0.068028879,0.194024162,-0.412246205,0.320912660,0.373597235,3829,360,2026-05-03T23:57:25.417Z,2026-05-03 19:57:25.417,102632,61
13.880,0.999232583,0.981876571,0.087080264,0.067220638,0.236494235,-0.328191840,0.343012199,0.368134834,3819,361,2026-05-03T23:57:25.457Z,2026-05-03 19:57:25.457,102632,62
13.920,0.994281652,0.982058128,0.060109325,0.049239984,0.162540251,-0.289084473,0.218549653,0.246614713,3816,272,2026-05-03T23:57:25.497Z,2026-05-03 19:57:25.497,102632,63
13.960,0.987646101,0.981243344,0.021360976,0.017689758,0.063422437,-0.464588383,0.039737998,0.033386241,3840,101,2026-05-03T23:57:25.537Z,2026-05-03 19:57:25.537,102632,64
14.000,0.986489415,0.982259516,-0.017723205,-0.016805067,0.046144578,-0.245705665,-0.140623412,-0.199742948,3817,-61,2026-05-03T23:57:25.577Z,2026-05-03 19:57:25.577,102632,65
14.040,0.989506350,0.982946418,-0.054517466,-0.035300118,0.091209701,-0.097747622,-0.310417556,-0.324739557,3801,-146,2026-05-03T23:57:25.617Z,2026-05-03 19:57:25.617,102632,66
14.080,0.994190438,0.983022343,-0.063239198,-0.045531234,0.161177750,-0.081393328,-0.350665654,-0.393885344,3800,-197,2026-05-03T23:57:25.657Z,2026-05-03 19:57:25.657,102632,67
14.120,0.996975491,0.982784984,-0.056023781,-0.033506916,0.202779174,-0.132520475,-0.317368732,-0.312620415,3805,-139,2026-05-03T23:57:25.697Z,2026-05-03 19:57:25.697,102632,68
14.160,0.994334757,0.982510793,-0.027414905,-0.011352170,0.163333507,-0.191580925,-0.185347614,-0.162890185,3810,-30,2026-05-03T23:57:25.737Z,2026-05-03 19:57:25.737,102632,69
14.200,0.991097879,0.982320569,0.008980177,0.009012115,0.114983002,-0.232554951,-0.017395559,-0.025260581,3813,71,2026-05-03T23:57:25.777Z,2026-05-03 19:57:25.777,102632,70
14.240,0.987866671,0.981486052,0.044120511,0.036151934,0.066717186,-0.412309278,0.144766218,0.158160674,3832,198,2026-05-03T23:57:25.817Z,2026-05-03 19:57:25.817,102632,71
14.280,0.989976852,0.981815616,0.067626743,0.052029105,0.098237778,-0.341321530,0.253240211,0.265464653,3822,283,2026-05-03T23:57:25.857Z,2026-05-03 19:57:25.857,102632,72
14.320,0.995653260,0.981876473,0.079660646,0.056594990,0.183028491,-0.328212865,0.308772954,0.296322647,3820,307,2026-05-03T23:57:25.897Z,2026-05-03 19:57:25.897,102632,73
14.360,0.998613961,0.981937955,0.066952627,0.050336591,0.227253633,-0.314969669,0.250129374,0.254025998,3819,276,2026-05-03T23:57:25.937Z,2026-05-03 19:57:25.937,102632,74
14.400,0.994619095,0.981765493,0.028782443,0.033858033,0.167580774,-0.352117895,0.073985774,0.142657619,3825,190,2026-05-03T23:57:25.977Z,2026-05-03 19:57:25.977,102632,75
14.440,0.991954596,0.981834002,0.008699705,0.004361979,0.127780111,-0.337361198,-0.018689854,-0.056687973,3826,41,2026-05-03T23:57:26.017Z,2026-05-03 19:57:26.017,102632,76
14.480,0.991147258,0.982374634,-0.017243448,-0.016511223,0.115720593,-0.220909354,-0.138409482,-0.197757035,3814,-58,2026-05-03T23:57:26.057Z,2026-05-03 19:57:26.057,102632,77
14.520,0.994322252,0.982676365,-0.049188478,-0.035588483,0.163146714,-0.155916791,-0.285825921,-0.326688441,3808,-151,2026-05-03T23:57:26.097Z,2026-05-03 19:57:26.097,102632,78
14.560,0.999056275,0.982923933,-0.058180842,-0.039768055,0.233860652,-0.102590850,-0.327322901,-0.354935580,3802,-169,2026-05-03T23:57:26.137Z,2026-05-03 19:57:26.137,102632,79
14.600,0.995440769,0.983150558,-0.045133920,-0.038187186,0.179854436,-0.053776003,-0.267115391,-0.344251468,3796,-158,2026-05-03T23:57:26.177Z,2026-05-03 19:57:26.177,102632,80
14.640,1.002621303,0.982982722,-0.044737810,-0.023980614,0.287112858,-0.089927826,-0.265287465,-0.248238028,3799,-88,2026-05-03T23:57:26.217Z,2026-05-03 19:57:26.217,102632,81
14.680,1.005399523,0.982396397,-0.029507383,-0.011844650,0.328612214,-0.216221681,-0.195003755,-0.166218555,3813,-34,2026-05-03T23:57:26.257Z,2026-05-03 19:57:26.257,102632,82
14.720,0.999678695,0.982199576,-0.002566582,-0.000318291,0.243157986,-0.258616726,-0.070680284,-0.088319026,3817,22,2026-05-03T23:57:26.297Z,2026-05-03 19:57:26.297,102632,83
14.760,0.998297088,0.981821003,0.008643732,0.007937424,0.222520384,-0.340161187,-0.018948149,-0.032523749,3826,59,2026-05-03T23:57:26.337Z,2026-05-03 19:57:26.337,102632,84
14.800,0.995718873,0.981667610,0.028068959,0.018171280,0.184008574,-0.373201911,0.070693267,0.036640553,3829,109,2026-05-03T23:57:26.377Z,2026-05-03 19:57:26.377,102632,85
14.840,0.995210233,0.981385475,0.046986749,0.042511021,0.176410824,-0.433973466,0.157993021,0.201137810,3834,229,2026-05-03T23:57:26.417Z,2026-05-03 19:57:26.417,102632,86
14.880,0.998262103,0.981838823,0.080005082,0.056298406,0.221997791,-0.336322747,0.310362423,0.294318219,3821,305,2026-05-03T23:57:26.457Z,2026-05-03 19:57:26.457,102632,87
14.920,0.997333565,0.981165545,0.070796829,0.060393727,0.208127860,-0.481346270,0.267869179,0.321995960,3838,317,2026-05-03T23:57:26.497Z,2026-05-03 19:57:26.497,102632,88
14.960,0.997775962,0.982158081,0.055123548,0.053705182,0.214736125,-0.267554816,0.195541831,0.276792221,3813,296,2026-05-03T23:57:26.537Z,2026-05-03 19:57:26.537,102632,89
15.000,0.995565772,0.982180370,0.049611881,0.036921822,0.181721653,-0.262753637,0.170107195,0.163363871,3814,211,2026-05-03T23:57:26.577Z,2026-05-03 19:57:26.577,102632,90
15.040,0.992678185,0.982270017,0.024184159,0.022916624,0.138588634,-0.243443798,0.052766117,0.068711402,3813,141,2026-05-03T23:57:26.617Z,2026-05-03 19:57:26.617,102632,91
15.080,0.987407990,0.982574637,-0.007378298,0.003044821,0.059865680,-0.177829016,-0.092884866,-0.065589831,3807,44,2026-05-03T23:57:26.657Z,2026-05-03 19:57:26.657,102632,92
15.120,0.984868512,0.982941558,-0.020431984,-0.012658370,0.021932519,-0.098794458,-0.153123594,-0.171717985,3799,-31,2026-05-03T23:57:26.697Z,2026-05-03 19:57:26.697,102632,93
15.160,0.984730403,0.983817532,-0.028734236,-0.019243488,0.019869535,0.089889574,-0.191435918,-0.216222723,3777,-53,2026-05-03T23:57:26.737Z,2026-05-03 19:57:26.737,102632,94
15.200,0.979887629,0.982566498,-0.029163557,-0.016021482,-0.052468877,-0.179582169,-0.193417102,-0.194447179,3809,-53,2026-05-03T23:57:26.777Z,2026-05-03 19:57:26.777,102632,95
15.240,0.979516447,0.982346470,-0.013984791,-0.008764425,-0.058013367,-0.226975997,-0.123371790,-0.145401216,3814,-19,2026-05-03T23:57:26.817Z,2026-05-03 19:57:26.817,102632,96
15.280,0.983068247,0.983142282,0.005233155,0.006699038,-0.004958744,-0.055558565,-0.034686910,-0.040893238,3792,70,2026-05-03T23:57:26.857Z,2026-05-03 19:57:26.857,102632,97
15.320,0.981490438,0.982287349,0.025076630,0.018149364,-0.028527089,-0.239710479,0.056884595,0.036492437,3813,117,2026-05-03T23:57:26.897Z,2026-05-03 19:57:26.897,102632,98
15.360,0.981217339,0.982583596,0.046746257,0.032538136,-0.032606475,-0.175899283,0.156883223,0.133737246,3804,194,2026-05-03T23:57:26.937Z,2026-05-03 19:57:26.937,102632,99
15.400,0.980262554,0.982174691,0.063887721,0.049136557,-0.046868475,-0.263977052,0.235985783,0.245915713,3813,273,2026-05-03T23:57:26.977Z,2026-05-03 19:57:26.977,102632,100
15.440,0.976577613,0.981734537,0.073653228,0.053025023,-0.101911863,-0.358785733,0.281050578,0.272195452,3824,287,2026-05-03T23:57:27.017Z,2026-05-03 19:57:27.017,102633,1
15.480,0.978957160,0.982687256,0.065515819,0.046635802,-0.066367656,-0.153570827,0.243498949,0.229014657,3800,267,2026-05-03T23:57:27.057Z,2026-05-03 19:57:27.057,102633,2
15.520,0.978609746,0.982179648,0.044160492,0.037120458,-0.071557114,-0.262909192,0.144950716,0.164706328,3814,212,2026-05-03T23:57:27.097Z,2026-05-03 19:57:27.097,102633,3
15.560,0.980735595,0.982309112,0.031507215,0.022815937,-0.039802469,-0.235022806,0.086559756,0.068030916,3812,141,2026-05-03T23:57:27.137Z,2026-05-03 19:57:27.137,102633,4
15.600,0.982896388,0.982936698,0.002958616,0.009983378,-0.007525873,-0.099841294,-0.045183204,-0.018696413,3797,84,2026-05-03T23:57:27.177Z,2026-05-03 19:57:27.177,102633,5
15.640,0.982436502,0.982725141,-0.010970938,-0.006394492,-0.014395363,-0.145410512,-0.109463789,-0.129384306,3804,-2,2026-05-03T23:57:27.217Z,2026-05-03 19:57:27.217,102633,6
15.680,0.984589176,0.983289800,-0.020688470,-0.012571380,0.017759969,-0.023783305,-0.154307195,-0.171130072,3790,-26,2026-05-03T23:57:27.257Z,2026-05-03 19:57:27.257,102633,7
15.720,0.981936588,0.982623022,-0.011980886,-0.010263782,-0.021862769,-0.167406834,-0.114124385,-0.155534444,3807,-23,2026-05-03T23:57:27.297Z,2026-05-03 19:57:27.297,102633,8
15.760,0.980351918,0.982505113,0.002673222,0.000862566,-0.045533609,-0.192804340,-0.046500208,-0.080338343,3809,32,2026-05-03T23:57:27.337Z,2026-05-03 19:57:27.337,102633,9
15.800,0.979256487,0.982450228,0.019393359,0.015958891,-0.061896486,-0.204626517,0.030658054,0.021688382,3809,108,2026-05-03T23:57:27.377Z,2026-05-03 19:57:27.377,102633,10
15.840,0.979863863,0.981397654,0.038662357,0.028508563,-0.052823873,-0.431350056,0.119578523,0.106503856,3835,158,2026-05-03T23:57:27.417Z,2026-05-03 19:57:27.417,102633,11
15.880,0.980033860,0.982295488,0.043993193,0.037215666,-0.050284558,-0.237957326,0.144178686,0.165349784,3811,214,2026-05-03T23:57:27.457Z,2026-05-03 19:57:27.457,102633,12
15.920,0.980327518,0.982209355,0.053636303,0.039602036,-0.045898078,-0.256510415,0.188678658,0.181477782,3813,225,2026-05-03T23:57:27.497Z,2026-05-03 19:57:27.497,102633,13
15.960,0.980330667,0.982684270,0.047351489,0.036804697,-0.045851032,-0.154214071,0.159676185,0.162572298,3801,217,2026-05-03T23:57:27.537Z,2026-05-03 19:57:27.537,102633,14
16.000,0.977538049,0.981785714,0.039878353,0.028296229,-0.087565458,-0.347762356,0.125189973,0.105068826,3825,162,2026-05-03T23:57:27.577Z,2026-05-03 19:57:27.577,102633,15
16.040,0.978453529,0.982394523,0.031001625,0.020628203,-0.073890582,-0.216625273,0.084226617,0.053245376,3810,131,2026-05-03T23:57:27.617Z,2026-05-03 19:57:27.617,102633,16
16.080,0.977073808,0.982804248,0.015164733,0.014456794,-0.094500014,-0.128370924,0.011144255,0.011536639,3800,105,2026-05-03T23:57:27.657Z,2026-05-03 19:57:27.657,102633,17
16.120,0.978895943,0.982277864,0.010752202,0.010105982,-0.067282068,-0.241753718,-0.009218213,-0.017867811,3814,76,2026-05-03T23:57:27.697Z,2026-05-03 19:57:27.697,102633,18
16.160,0.979267726,0.982596399,0.007494777,0.007711393,-0.061728604,-0.173141343,-0.024250221,-0.034051352,3806,68,2026-05-03T23:57:27.737Z,2026-05-03 19:57:27.737,102633,19
16.200,0.978384793,0.982867174,0.005548072,0.007801123,-0.074917320,-0.114816619,-0.033233665,-0.033444924,3799,72,2026-05-03T23:57:27.777Z,2026-05-03 19:57:27.777,102633,20
16.240,0.973075199,0.982659423,0.013547092,0.011681371,-0.154228787,-0.159566013,0.003679342,-0.007220728,3804,89,2026-05-03T23:57:27.817Z,2026-05-03 19:57:27.817,102633,21
16.280,0.972282233,0.982201938,0.027764498,0.020337098,-0.166073627,-0.258108013,0.069288273,0.051277977,3815,127,2026-05-03T23:57:27.857Z,2026-05-03 19:57:27.857,102633,22
16.320,0.976010275,0.982575554,0.032418140,0.024097482,-0.110386418,-0.177631412,0.090763394,0.076692085,3805,151,2026-05-03T23:57:27.897Z,2026-05-03 19:57:27.897,102633,23
16.360,0.978518493,0.982112194,0.035070945,0.023716647,-0.072920185,-0.277438876,0.103005267,0.074118259,3817,143,2026-05-03T23:57:27.937Z,2026-05-03 19:57:27.937,102633,24
16.400,0.981924713,0.983028082,0.034336549,0.027457854,-0.022040160,-0.080157273,0.099616258,0.099402765,3793,174,2026-05-03T23:57:27.977Z,2026-05-03 19:57:27.977,102633,25
16.440,0.979618897,0.982435882,0.037551534,0.030557256,-0.056483019,-0.207716592,0.114452419,0.120349706,3808,182,2026-05-03T23:57:28.017Z,2026-05-03 19:57:28.017,102633,26
16.480,0.976075251,0.982912964,0.038483985,0.027164010,-0.109415843,-0.104953584,0.118755395,0.097416851,3796,171,2026-05-03T23:57:28.057Z,2026-05-03 19:57:28.057,102633,27
16.520,0.976423318,0.982304779,0.029969533,0.024007752,-0.104216627,-0.235956136,0.079463829,0.076085658,3812,147,2026-05-03T23:57:28.097Z,2026-05-03 19:57:28.097,102633,28
16.560,0.976298311,0.982510363,0.020754514,0.020723412,-0.106083914,-0.191673407,0.036939365,0.053888832,3807,133,2026-05-03T23:57:28.137Z,2026-05-03 19:57:28.137,102633,29
16.600,0.976041508,0.982456005,0.019574805,0.014369804,-0.109919881,-0.203382077,0.031495374,0.010948726,3809,100,2026-05-03T23:57:28.177Z,2026-05-03 19:57:28.177,102633,30
16.640,0.975454733,0.983127839,0.013946890,0.010671755,-0.118684758,-0.058669664,0.005524283,-0.014044100,3792,90,2026-05-03T23:57:28.217Z,2026-05-03 19:57:28.217,102633,31
16.680,0.976923196,0.982152635,0.013542172,0.012593039,-0.096749755,-0.268727798,0.003656635,-0.001059327,3817,87,2026-05-03T23:57:28.257Z,2026-05-03 19:57:28.257,102633,32
16.720,0.972522173,0.982720281,0.018830566,0.016247256,-0.162489554,-0.146457348,0.028060942,0.023637266,3802,113,2026-05-03T23:57:28.297Z,2026-05-03 19:57:28.297,102633,33
16.760,0.972777770,0.981928996,0.032679545,0.020843276,-0.158671608,-0.316899402,0.091969695,0.054698920,3822,126,2026-05-03T23:57:28.337Z,2026-05-03 19:57:28.337,102633,34
16.800,0.973666954,0.982687783,0.026946452,0.025185869,-0.145389513,-0.153457321,0.065513242,0.084047826,3802,158,2026-05-03T23:57:28.377Z,2026-05-03 19:57:28.377,102633,35
16.840,0.969013505,0.982760196,0.037871373,0.026573581,-0.214899893,-0.137859777,0.115928379,0.093426510,3800,166,2026-05-03T23:57:28.417Z,2026-05-03 19:57:28.417,102633,36
16.880,0.966831458,0.982522016,0.036889717,0.028170886,-0.247493983,-0.189163503,0.111398341,0.104221709,3806,171,2026-05-03T23:57:28.457Z,2026-05-03 19:57:28.457,102633,37
16.920,0.957791991,0.982836941,0.043766843,0.026769477,-0.382520010,-0.121328903,0.143134151,0.094750452,3798,168,2026-05-03T23:57:28.497Z,2026-05-03 19:57:28.497,102633,38
16.960,0.946684809,0.982045656,0.038691880,0.031365497,-0.548432317,-0.291770956,0.119714763,0.125812107,3818,181,2026-05-03T23:57:28.537Z,2026-05-03 19:57:28.537,102633,39
17.000,0.929000795,0.983073774,0.052333578,0.036195092,-0.812585313,-0.070315262,0.182666986,0.158452354,3791,219,2026-05-03T23:57:28.577Z,2026-05-03 19:57:28.577,102633,40
17.040,0.930966654,0.982337277,0.028407249,0.015069138,-0.783220513,-0.228956163,0.072254371,0.015675097,3812,102,2026-05-03T23:57:28.617Z,2026-05-03 19:57:28.617,102633,41
17.080,0.921183574,0.982834774,0.072690022,0.027365385,-0.929354181,-0.121795568,0.276605681,0.098777823,3798,171,2026-05-03T23:57:28.657Z,2026-05-03 19:57:28.657,102633,42
17.120,0.930551732,0.983404684,0.042171961,0.041049343,-0.789418368,0.000962572,0.135774264,0.191259232,3782,248,2026-05-03T23:57:28.697Z,2026-05-03 19:57:28.697,102633,43
17.160,0.913298285,0.982962891,0.074337186,0.024083784,-1.047139814,-0.094199267,0.284206834,0.076599512,3795,156,2026-05-03T23:57:28.737Z,2026-05-03 19:57:28.737,102633,44
17.200,0.920352507,0.985035932,0.051613940,0.050425647,-0.941768160,0.352331935,0.179346078,0.254627872,3739,317,2026-05-03T23:57:28.777Z,2026-05-03 19:57:28.777,102633,45
17.240,0.903472695,0.983802756,0.079008052,0.027430459,-1.193908470,0.086707017,0.305761436,0.099217619,3773,184,2026-05-03T23:57:28.817Z,2026-05-03 19:57:28.817,102633,46
17.280,0.902093618,0.986632319,0.049849297,0.048085175,-1.214508286,0.696192610,0.171202797,0.238810068,3698,326,2026-05-03T23:57:28.857Z,2026-05-03 19:57:28.857,102633,47
17.320,0.888363233,0.986107906,0.071279045,0.021887158,-1.419604394,0.583234433,0.270094458,0.061753874,3714,186,2026-05-03T23:57:28.897Z,2026-05-03 19:57:28.897,102633,48
17.360,0.879040034,0.988974397,0.052553776,0.043037093,-1.558868642,1.200674353,0.183683129,0.204693208,3638,331,2026-05-03T23:57:28.937Z,2026-05-03 19:57:28.937,102633,49
17.400,1.051892209,0.967244668,-0.029434189,0.150359961,1.023091560,-3.479892061,-0.194665986,0.930022102,4189,592,2026-05-03T23:57:28.977Z,2026-05-03 19:57:28.977,102633,50
17.440,1.325571160,0.974644538,-0.133075788,0.298758099,5.111140550,-1.885965977,-0.672939927,1.932953346,3984,1443,2026-05-03T23:57:29.017Z,2026-05-03 19:57:29.017,102633,51
17.480,0.794266798,0.987110006,0.807255991,-0.125914354,-2.825159446,0.799085894,3.666400557,-0.937145146,3702,-552,2026-05-03T23:57:29.057Z,2026-05-03 19:57:29.057,102633,52
17.520,1.187048607,0.993044397,-0.188702972,0.404264634,3.041975267,2.077348923,-0.929642186,2.646006772,3499,2220,2026-05-03T23:57:29.097Z,2026-05-03 19:57:29.097,102633,53
17.560,0.900781374,0.990960991,-0.031263416,-0.119893618,-1.234109784,1.628585139,-0.203107300,-0.896454711,3602,-471,2026-05-03T23:57:29.137Z,2026-05-03 19:57:29.137,102633,54
17.600,0.943135500,0.986878814,-0.337576395,-0.072976530,-0.601449724,0.749287284,-1.616647015,-0.579371125,3703,-286,2026-05-03T23:57:29.177Z,2026-05-03 19:57:29.177,102633,55
17.640,1.094481840,0.990181691,0.047142361,-0.150551353,1.659269452,1.460724446,0.158711121,-1.103651384,3625,-637,2026-05-03T23:57:29.217Z,2026-05-03 19:57:29.217,102633,56
17.680,0.869130111,0.991476973,-0.570583757,-0.144638849,-1.706897020,1.739727090,-2.691903963,-1.063692425,3591,-590,2026-05-03T23:57:29.257Z,2026-05-03 19:57:29.257,102633,57
17.720,1.066620545,0.986303692,-0.228126664,-0.181099508,1.243094451,0.625406595,-1.111570336,-1.310107474,3728,-843,2026-05-03T23:57:29.297Z,2026-05-03 19:57:29.297,102633,58
17.760,0.971395559,0.990578651,-0.091099534,-0.206474195,-0.179318220,1.546229239,-0.479232491,-1.481599288,3620,-916,2026-05-03T23:57:29.337Z,2026-05-03 19:57:29.337,102633,59
17.800,0.995581388,0.985355287,-0.007706746,0.058458071,0.181954921,0.421120889,-0.094400553,0.308914060,3730,362,2026-05-03T23:57:29.377Z,2026-05-03 19:57:29.377,102633,60
17.840,1.036138444,0.986131738,0.063607246,0.015332175,0.787771441,0.588367746,0.234691475,0.017452797,3714,153,2026-05-03T23:57:29.417Z,2026-05-03 19:57:29.417,102633,61
17.880,0.975970237,0.983370274,0.240598711,0.157038984,-0.110984476,-0.006449377,1.051452378,0.975161488,3772,837,2026-05-03T23:57:29.457Z,2026-05-03 19:57:29.457,102633,62
17.920,1.061793399,0.984511148,0.142879667,0.141507034,1.170989485,0.239293915,0.600509193,0.870190646,3744,773,2026-05-03T23:57:29.497Z,2026-05-03 19:57:29.497,102633,63
17.960,0.955333726,0.983762042,0.230958080,0.166459120,-0.419240068,0.077937121,1.006963843,1.038826361,3761,890,2026-05-03T23:57:29.537Z,2026-05-03 19:57:29.537,102633,64
18.000,1.068004608,0.983601857,0.068694510,0.146603753,1.263768735,0.043433330,0.258167625,0.904636215,3767,787,2026-05-03T23:57:29.577Z,2026-05-03 19:57:29.577,102633,65
18.040,0.959219222,0.985510749,0.106798885,0.037002659,-0.361200908,0.454607253,0.434007537,0.163910201,3728,255,2026-05-03T23:57:29.617Z,2026-05-03 19:57:29.617,102633,66
18.080,1.063827276,0.984992504,-0.028284003,0.051718149,1.201370303,0.342977613,-0.189358231,0.263363099,3740,323,2026-05-03T23:57:29.657Z,2026-05-03 19:57:29.657,102633,67
18.120,0.963585832,0.986441451,-0.087219036,-0.080508255,-0.295975154,0.655079798,-0.461325193,-0.630273400,3715,-330,2026-05-03T23:57:29.697Z,2026-05-03 19:57:29.697,102633,68
18.160,1.036646466,0.985996243,-0.195670504,-0.075229338,0.795359967,0.559182233,-0.961795192,-0.594596462,3726,-309,2026-05-03T23:57:29.737Z,2026-05-03 19:57:29.737,102633,69
18.200,0.987904775,0.988061417,-0.214503410,-0.195858830,0.067286361,1.004019099,-1.048703234,-1.409856605,3684,-895,2026-05-03T23:57:29.777Z,2026-05-03 19:57:29.777,102633,70
18.240,0.995216455,0.987222762,-0.237136240,-0.146275899,0.176503775,0.823373492,-1.153146746,-1.074756235,3701,-654,2026-05-03T23:57:29.817Z,2026-05-03 19:57:29.817,102633,71
18.280,1.021980023,0.987716551,-0.092113170,-0.143612122,0.576281603,0.929735288,-0.483910108,-1.056753412,3688,-634,2026-05-03T23:57:29.857Z,2026-05-03 19:57:29.857,102633,72
18.320,0.980077565,0.987159172,-0.120014107,-0.054217769,-0.049631727,0.809676271,-0.612664308,-0.452592264,3694,-187,2026-05-03T23:57:29.897Z,2026-05-03 19:57:29.897,102633,73
18.360,1.026940289,0.985597117,0.011624375,-0.018710589,0.650375014,0.473210775,-0.005193404,-0.212621188,3731,-27,2026-05-03T23:57:29.937Z,2026-05-03 19:57:29.937,102633,74
18.400,0.994025457,0.985682918,0.081343482,0.021604271,0.158713366,0.491692406,0.316538725,0.059842019,3725,179,2026-05-03T23:57:29.977Z,2026-05-03 19:57:29.977,102633,75
18.440,1.024774456,0.986006471,0.147963240,0.092397407,0.618023131,0.561385281,0.623968311,0.538289044,3710,543,2026-05-03T23:57:30.017Z,2026-05-03 19:57:30.017,102633,76
18.480,0.998000960,0.986027511,0.132702665,0.097262616,0.218097008,0.565917399,0.553545475,0.571169981,3709,568,2026-05-03T23:57:30.057Z,2026-05-03 19:57:30.057,102633,77
18.520,1.009245033,0.986597226,0.081241993,0.089695277,0.386054100,0.688633490,0.316070383,0.520027017,3695,537,2026-05-03T23:57:30.097Z,2026-05-03 19:57:30.097,102633,78
18.560,0.998323314,0.988099770,0.080521744,0.038599291,0.222912133,1.012280407,0.312746656,0.174700846,3661,297,2026-05-03T23:57:30.137Z,2026-05-03 19:57:30.137,102633,79
18.600,0.996843672,0.988031594,0.004979130,0.025394116,0.200810138,0.997595168,-0.035859156,0.085455234,3664,229,2026-05-03T23:57:30.177Z,2026-05-03 19:57:30.177,102633,80
18.640,0.993403707,0.990512855,-0.047797800,-0.039241982,0.149426039,1.532056968,-0.279408372,-0.351380181,3606,-67,2026-05-03T23:57:30.217Z,2026-05-03 19:57:30.217,102633,81
18.680,0.978097322,0.991641882,-0.136861562,-0.083472703,-0.079211383,1.775248308,-0.690410102,-0.650308273,3581,-277,2026-05-03T23:57:30.257Z,2026-05-03 19:57:30.257,102633,82
18.720,1.157784982,0.988174856,-0.111117072,-0.141840836,2.604853111,1.028453867,-0.571607238,-1.044782387,3676,-619,2026-05-03T23:57:30.297Z,2026-05-03 19:57:30.297,102633,83
18.760,0.846871424,0.958677945,-0.507548649,-0.209715510,-2.039383689,-5.325157285,-2.401016426,-1.503505332,4444,-1350,2026-05-03T23:57:30.337Z,2026-05-03 19:57:30.337,102633,84
18.800,0.887246537,1.002353841,-0.440502667,-0.270843125,-1.436284908,4.082595851,-2.091619945,-1.916629082,3322,-1089,2026-05-03T23:57:30.377Z,2026-05-03 19:57:30.377,102633,85
18.840,0.855744660,0.975929357,0.112100812,-0.203771435,-1.906840707,-1.609216940,0.458474294,-1.463333006,3998,-1094,2026-05-03T23:57:30.417Z,2026-05-03 19:57:30.417,102633,86
18.880,0.919709504,0.993868159,0.152172184,0.230948003,-0.951372946,2.254786695,0.643391287,1.474666842,3494,1350,2026-05-03T23:57:30.457Z,2026-05-03 19:57:30.457,102633,87
18.920,0.907576892,0.970740228,0.267489703,0.083701891,-1.132602482,-2.726951134,1.175545990,0.479521428,4105,299,2026-05-03T23:57:30.497Z,2026-05-03 19:57:30.497,102633,88
18.960,0.888176343,0.989955847,0.301986685,0.327015137,-1.422396030,1.412077919,1.334738899,2.123925194,3586,1787,2026-05-03T23:57:30.537Z,2026-05-03 19:57:30.537,102633,89
19.000,0.974851131,0.973316602,0.358040094,0.205954736,-0.127700995,-2.172002257,1.593408057,1.305752809,4027,954,2026-05-03T23:57:30.577Z,2026-05-03 19:57:30.577,102633,90
19.040,0.891254489,0.983405778,0.361720693,0.317713474,-1.376416566,0.001198095,1.610392883,2.061061003,3756,1654,2026-05-03T23:57:30.617Z,2026-05-03 19:57:30.617,102633,91
19.080,0.968228660,0.980705288,0.267345171,0.240251643,-0.226623433,-0.580485210,1.174879021,1.537544395,3833,1225,2026-05-03T23:57:30.657Z,2026-05-03 19:57:30.657,102633,92
19.120,0.898534932,0.979414671,0.294242909,0.190446095,-1.267665760,-0.858483066,1.299003767,1.200939491,3871,955,2026-05-03T23:57:30.697Z,2026-05-03 19:57:30.697,102633,93
19.160,0.940071719,0.984715054,0.187629896,0.191946844,-0.647214616,0.283215101,0.807017668,1.211082125,3734,1032,2026-05-03T23:57:30.737Z,2026-05-03 19:57:30.737,102633,94
19.200,0.930606711,0.977712690,0.252665836,0.125957930,-0.788597121,-1.225088430,1.107138426,0.765103863,3921,605,2026-05-03T23:57:30.777Z,2026-05-03 19:57:30.777,102633,95
19.240,0.916893196,0.985507821,-0.025703157,0.112375378,-0.993441228,0.453976649,-0.177448426,0.673307793,3721,638,2026-05-03T23:57:30.817Z,2026-05-03 19:57:30.817,102633,96
19.280,0.903440239,0.981623206,-0.093431271,-0.086792702,-1.194393276,-0.382766476,-0.489992735,-0.672746088,3840,-425,2026-05-03T23:57:30.857Z,2026-05-03 19:57:30.857,102633,97
19.320,0.884275243,0.990863596,-0.131620516,-0.082452129,-1.480668281,1.607606244,-0.666224298,-0.643410843,3601,-282,2026-05-03T23:57:30.897Z,2026-05-03 19:57:30.897,102633,98
19.360,0.924969101,0.987507395,-0.366019807,-0.213912777,-0.872808294,0.884683169,-1.747904567,-1.531872066,3700,-994,2026-05-03T23:57:30.937Z,2026-05-03 19:57:30.937,102633,99
19.400,1.077680779,0.969332053,0.195734701,-0.232038713,1.408305457,-3.030270909,0.844418836,-1.654374060,4171,-1324,2026-05-03T23:57:30.977Z,2026-05-03 19:57:30.977,102633,100
19.440,0.767362111,0.981730341,0.076099372,0.384406483,-3.227045238,-0.359689529,0.292338777,2.511797812,3793,1971,2026-05-03T23:57:31.017Z,2026-05-03 19:57:31.017,102634,1
19.480,1.215554252,0.993693100,-0.198552734,-0.147001237,3.467775176,2.217079197,-0.975095791,-1.079658345,3534,-573,2026-05-03T23:57:31.057Z,2026-05-03 19:57:31.057,102634,2
19.520,0.754445310,0.985974636,-0.028396560,0.015933561,-3.419988520,0.554528224,-0.189877647,0.021517197,3718,154,2026-05-03T23:57:31.097Z,2026-05-03 19:57:31.097,102634,3
19.560,1.227098861,0.986680939,-0.030628660,-0.018550306,3.640221494,0.706665226,-0.200178098,-0.211537935,3703,-12,2026-05-03T23:57:31.137Z,2026-05-03 19:57:31.137,102634,4
19.600,0.863088846,0.989248295,0.123980326,-0.010994599,-1.797137739,1.259671730,0.513294578,-0.160473583,3636,60,2026-05-03T23:57:31.177Z,2026-05-03 19:57:31.177,102634,5
19.640,1.111958456,0.983438002,-0.229448451,0.042537742,1.920324465,0.008139125,-1.117669976,0.201318402,3781,256,2026-05-03T23:57:31.217Z,2026-05-03 19:57:31.217,102634,6
19.680,0.967651911,0.988869272,0.083016481,-0.130445300,-0.235238555,1.178030532,0.324259094,-0.967767004,3657,-552,2026-05-03T23:57:31.257Z,2026-05-03 19:57:31.257,102634,7
19.720,1.000712924,0.983233530,-0.144803995,0.088126040,0.258606664,-0.035903952,-0.727061977,0.509421517,3782,485,2026-05-03T23:57:31.297Z,2026-05-03 19:57:31.297,102634,8
19.760,1.059136391,0.986672702,0.156202751,-0.048242257,1.131300720,0.704891048,0.661991108,-0.412207469,3706,-163,2026-05-03T23:57:31.337Z,2026-05-03 19:57:31.337,102634,9
19.800,0.952942920,0.984620332,-0.165620509,0.047560494,-0.454952478,0.262812122,-0.823123754,0.235264077,3750,297,2026-05-03T23:57:31.377Z,2026-05-03 19:57:31.377,102634,10
19.840,1.068623281,0.984310208,0.041831212,-0.058883668,1.273010085,0.196011718,0.134201809,-0.484126190,3768,-248,2026-05-03T23:57:31.417Z,2026-05-03 19:57:31.417,102634,11
19.880,0.989978120,0.987191436,-0.035913363,-0.009829505,0.098256725,0.816625810,-0.224565371,-0.152599433,3689,39,2026-05-03T23:57:31.457Z,2026-05-03 19:57:31.457,102634,12
19.920,1.018037601,0.984301835,-0.072709472,-0.024623093,0.517392099,0.194208131,-0.394368040,-0.252580147,3765,-74,2026-05-03T23:57:31.497Z,2026-05-03 19:57:31.497,102634,13
19.960,1.034258833,0.987842951,0.065126473,-0.018591398,0.759694959,0.956961660,0.241702240,-0.211815653,3673,3,2026-05-03T23:57:31.537Z,2026-05-03 19:57:31.537,102634,14
20.000,0.993050635,0.985593506,-0.114120468,-0.017717409,0.144152070,0.472433000,-0.585466987,-0.205908903,3731,-22,2026-05-03T23:57:31.577Z,2026-05-03 19:57:31.577,102634,15
20.040,1.023022313,0.987114495,0.013700860,-0.031276698,0.591850691,0.800052888,0.004388934,-0.297547749,3693,-71,2026-05-03T23:57:31.617Z,2026-05-03 19:57:31.617,102634,16
20.080,1.009089408,0.987532261,-0.044777177,-0.029007453,0.383729464,0.890039365,-0.265469132,-0.282211325,3682,-54,2026-05-03T23:57:31.657Z,2026-05-03 19:57:31.657,102634,17
20.120,0.999038830,0.987811175,-0.007835296,-0.009851421,0.233600068,0.950117242,-0.094993771,-0.152747550,3673,47,2026-05-03T23:57:31.697Z,2026-05-03 19:57:31.697,102634,18
20.160,1.013630338,0.988506021,-0.016202130,-0.030531465,0.451559099,1.099786389,-0.133604124,-0.292511184,3657,-49,2026-05-03T23:57:31.737Z,2026-05-03 19:57:31.737,102634,19
20.200,0.990566742,0.989886089,-0.003072172,-0.015982411,0.107049202,1.397052036,-0.073013428,-0.194183122,3620,43,2026-05-03T23:57:31.777Z,2026-05-03 19:57:31.777,102634,20
20.240,1.011409550,0.981933368,-0.114221342,-0.054926714,0.418386325,-0.315957687,-0.585932485,-0.457383586,3829,-259,2026-05-03T23:57:31.817Z,2026-05-03 19:57:31.817,102634,21
20.280,0.909463406,0.963685205,-0.561574194,-0.276724954,-1.104422899,-4.246597661,-2.650327616,-1.956380725,4321,-1625,2026-05-03T23:57:31.857Z,2026-05-03 19:57:31.857,102634,22
20.320,0.955479336,1.000449223,-0.210354133,-0.247637670,-0.417065044,3.672342617,-1.029555600,-1.759797760,3369,-996,2026-05-03T23:57:31.897Z,2026-05-03 19:57:31.897,102634,23
20.360,0.929916246,0.974855997,0.251417860,-0.089631851,-0.798910865,-1.840417908,1.101379406,-0.691934144,4015,-528,2026-05-03T23:57:31.937Z,2026-05-03 19:57:31.937,102634,24
20.400,0.876539314,0.990593778,0.224636978,0.258074798,-1.596222870,1.549487633,0.977793912,1.658000078,3576,1445,2026-05-03T23:57:31.977Z,2026-05-03 19:57:31.977,102634,25
20.440,0.954806340,0.972313019,0.044294577,0.034589524,-0.427117848,-2.388173338,0.145569479,0.147601312,4069,70,2026-05-03T23:57:32.017Z,2026-05-03 19:57:32.017,102634,26
20.480,0.891568825,0.986323875,0.481039262,0.282059034,-1.371721210,0.629753875,2.161011194,1.820094693,3684,1511,2026-05-03T23:57:32.057Z,2026-05-03 19:57:32.057,102634,27
20.520,0.956443481,0.975391809,0.239033365,0.231700691,-0.402663226,-1.725004391,1.044228789,1.479753798,3971,1112,2026-05-03T23:57:32.097Z,2026-05-03 19:57:32.097,102634,28
20.560,0.896290374,0.980541355,0.399204454,0.285341982,-1.301193601,-0.615796185,1.783368854,1.842282111,3833,1452,2026-05-03T23:57:32.137Z,2026-05-03 19:57:32.137,102634,29
20.600,0.929157031,0.980259592,0.093352777,0.192402319,-0.810251560,-0.676487897,0.371957906,1.214160399,3849,976,2026-05-03T23:57:32.177Z,2026-05-03 19:57:32.177,102634,30
20.640,0.906385276,0.980074033,0.328367746,0.168873558,-1.150402114,-0.716457136,1.456479341,1.055144058,3856,854,2026-05-03T23:57:32.217Z,2026-05-03 19:57:32.217,102634,31
20.680,0.929833138,0.983819093,0.041776470,0.150766887,-0.800152280,0.090225963,0.133949195,0.932772266,3761,811,2026-05-03T23:57:32.257Z,2026-05-03 19:57:32.257,102634,32
20.720,0.899471631,0.980666603,0.091674857,0.048494752,-1.253673924,-0.588817975,0.364214827,0.241578148,3852,250,2026-05-03T23:57:32.297Z,2026-05-03 19:57:32.297,102634,33
20.760,0.860216274,0.977452552,-0.071292343,0.101637365,-1.840046464,-1.281121878,-0.387828425,0.600736209,3930,478,2026-05-03T23:57:32.337Z,2026-05-03 19:57:32.337,102634,34
20.800,1.135169482,0.979206627,-0.455845666,-0.231692774,2.267036595,-0.903295658,-2.162423140,-1.652036069,3916,-1193,2026-05-03T23:57:32.377Z,2026-05-03 19:57:32.377,102634,35
20.840,0.831964350,0.983728568,-0.045221261,0.069141249,-2.262056454,0.070726905,-0.267518442,0.381115053,3771,395,2026-05-03T23:57:32.417Z,2026-05-03 19:57:32.417,102634,36
20.880,1.155434198,0.991793284,0.040371644,0.162500818,2.569738545,1.807860286,0.127466357,1.012074649,3554,975,2026-05-03T23:57:32.457Z,2026-05-03 19:57:32.457,102634,37
20.920,0.933117497,0.986876627,-0.286330996,-0.232162620,-0.751092532,0.748816364,-1.380165336,-1.655211470,3718,-1095,2026-05-03T23:57:32.497Z,2026-05-03 19:57:32.497,102634,38
20.960,1.022103748,0.986451015,-0.551437161,-0.221621222,0.578129731,0.657139806,-2.603548341,-1.583968681,3728,-1047,2026-05-03T23:57:32.537Z,2026-05-03 19:57:32.537,102634,39
21.000,1.062818170,0.990578124,0.121390872,-0.185024262,1.186296884,1.546115733,0.501345047,-1.336632457,3618,-807,2026-05-03T23:57:32.577Z,2026-05-03 19:57:32.577,102634,40
21.040,0.985406547,0.987247179,-0.263343256,-0.089076992,0.029969349,0.828632951,-1.274084023,-0.688184192,3695,-363,2026-05-03T23:57:32.617Z,2026-05-03 19:57:32.617,102634,41
21.080,1.054821010,0.986481834,-0.051097050,-0.176835686,1.066840194,0.663778236,-0.294633391,-1.281290937,3723,-819,2026-05-03T23:57:32.657Z,2026-05-03 19:57:32.657,102634,42
21.120,1.037491894,0.986413638,0.171516218,0.044319312,0.807988447,0.649088868,0.732658027,0.213358931,3704,304,2026-05-03T23:57:32.697Z,2026-05-03 19:57:32.697,102634,43
21.160,1.049364557,0.985539792,0.224087092,0.124886697,0.985335042,0.460863116,0.975256357,0.757864063,3719,702,2026-05-03T23:57:32.737Z,2026-05-03 19:57:32.737,102634,44
21.200,1.031530643,0.984727174,0.165894455,0.092740562,0.718942917,0.285825871,0.706715326,0.540608220,3743,528,2026-05-03T23:57:32.777Z,2026-05-03 19:57:32.777,102634,45
21.240,1.018572507,0.985251685,0.121735924,0.129564228,0.525382204,0.398805073,0.502937359,0.789476601,3726,722,2026-05-03T23:57:32.817Z,2026-05-03 19:57:32.817,102634,46
21.280,1.036339025,0.986022554,0.140843771,0.109278715,0.790767605,0.564849539,0.591114165,0.652379366,3708,629,2026-05-03T23:57:32.857Z,2026-05-03 19:57:32.857,102634,47
21.320,1.018103280,0.987017881,0.076429665,0.091169978,0.518373180,0.779242188,0.293862976,0.529993613,3684,550,2026-05-03T23:57:32.897Z,2026-05-03 19:57:32.897,102634,48
21.360,1.014820189,0.982472225,-0.220142407,-0.032701415,0.469332378,-0.199888410,-1.074725462,-0.307176530,3813,-139,2026-05-03T23:57:32.937Z,2026-05-03 19:57:32.937,102634,49
21.400,0.880616617,0.973519102,-0.643630409,-0.211928529,-1.535318603,-2.128383922,-3.028991683,-1.518461758,4061,-1167,2026-05-03T23:57:32.977Z,2026-05-03 19:57:32.977,102634,50
21.440,0.926567519,0.989336126,-0.445458921,-0.301465291,-0.848932106,1.278590492,-2.114491524,-2.123585365,3661,-1415,2026-05-03T23:57:33.017Z,2026-05-03 19:57:33.017,102634,51
21.480,0.895799847,0.981102638,0.014057602,-0.167310776,-1.308520796,-0.494896445,0.006035184,-1.216917957,3861,-841,2026-05-03T23:57:33.057Z,2026-05-03 19:57:33.057,102634,52
21.520,0.886247373,0.989125526,0.001191511,0.022773497,-1.451209818,1.233227388,-0.053337847,0.067744090,3636,230,2026-05-03T23:57:33.097Z,2026-05-03 19:57:33.097,102634,53
21.560,0.929013908,0.975292598,0.134785310,-0.007323315,-0.812389439,-1.746374363,0.563156241,-0.135661648,3996,-104,2026-05-03T23:57:33.137Z,2026-05-03 19:57:33.137,102634,54
21.600,0.905061781,0.984728931,0.463608110,0.284002234,-1.170171673,0.286204309,2.080571816,1.833227582,3725,1500,2026-05-03T23:57:33.177Z,2026-05-03 19:57:33.177,102634,55
21.640,0.950978930,0.974831814,0.306624316,0.193984535,-0.484289357,-1.845626809,1.356140134,1.224853618,3989,913,2026-05-03T23:57:33.217Z,2026-05-03 19:57:33.217,102634,56
21.680,0.908774161,0.983500284,0.362539972,0.281066528,-1.114718409,0.021554770,1.614173602,1.813386962,3757,1469,2026-05-03T23:57:33.257Z,2026-05-03 19:57:33.257,102634,57
21.720,1.007571597,0.974298696,0.287076068,0.244748323,0.361057333,-1.960460031,1.265931011,1.567934671,3998,1164,2026-05-03T23:57:33.297Z,2026-05-03 19:57:33.297,102634,58
21.760,0.999766209,0.977680934,0.350931084,0.294479905,0.244465216,-1.231928593,1.560602173,1.904039682,3906,1461,2026-05-03T23:57:33.337Z,2026-05-03 19:57:33.337,102634,59
21.800,1.030668259,0.982261332,0.293848020,0.259660428,0.706061154,-0.245314588,1.297181476,1.668716365,3791,1344,2026-05-03T23:57:33.377Z,2026-05-03 19:57:33.377,102634,60
21.840,1.022777271,0.983920256,0.338239069,0.208161691,0.588190405,0.112016296,1.502032446,1.320668251,3753,1104,2026-05-03T23:57:33.417Z,2026-05-03 19:57:33.417,102634,61
21.880,1.043628159,0.983069402,-0.055560018,0.111965082,0.899648222,-0.071256976,-0.315228608,0.670534860,3784,604,2026-05-03T23:57:33.457Z,2026-05-03 19:57:33.457,102634,62
21.920,0.976781976,0.986936217,-0.263403540,0.028412007,-0.098859215,0.761651838,-1.274362215,0.105851292,3692,230,2026-05-03T23:57:33.497Z,2026-05-03 19:57:33.497,102634,63
21.960,1.009361877,0.989765057,-0.614570711,-0.344876813,0.387799447,1.370981751,-2.894890157,-2.416976998,3654,-1630,2026-05-03T23:57:33.537Z,2026-05-03 19:57:33.537,102634,64
22.000,0.980818689,0.990110625,-0.813488901,-0.557104156,-0.038561267,1.445416863,-3.812836114,-3.851290364,3665,-2704,2026-05-03T23:57:33.577Z,2026-05-03 19:57:33.577,102634,65
22.040,0.950919573,0.990544142,-0.631519623,-0.495252373,-0.485175991,1.538796140,-2.973104147,-3.433272414,3648,-2384,2026-05-03T23:57:33.617Z,2026-05-03 19:57:33.617,102634,66
22.080,0.961345046,0.988185806,-0.314418889,-0.368554899,-0.329446655,1.030812346,-1.509782283,-2.577002534,3697,-1771,2026-05-03T23:57:33.657Z,2026-05-03 19:57:33.657,102634,67
22.120,0.961343760,0.985035755,0.014557042,-0.205185823,-0.329465851,0.352294016,0.008339948,-1.472891982,3763,-982,2026-05-03T23:57:33.697Z,2026-05-03 19:57:33.697,102634,68
22.160,1.013280420,0.982658896,0.307954723,0.033131304,0.446332247,-0.159679519,1.362279549,0.137746102,3802,198,2026-05-03T23:57:33.737Z,2026-05-03 19:57:33.737,102634,69
22.200,1.017664576,0.979322292,0.528439832,0.301075307,0.511820080,-0.878381461,2.379750172,1.948613925,3863,1516,2026-05-03T23:57:33.777Z,2026-05-03 19:57:33.777,102634,70
22.240,0.989388874,0.976964814,0.446744028,0.363621619,0.089454917,-1.386180291,2.002749293,2.371325770,3918,1803,2026-05-03T23:57:33.817Z,2026-05-03 19:57:33.817,102634,71
22.280,0.953373470,0.979407079,0.212942603,0.309711858,-0.448521177,-0.860118458,0.923827985,2.006983028,3860,1561,2026-05-03T23:57:33.857Z,2026-05-03 19:57:33.857,102634,72
22.320,0.944577730,0.983961615,0.278446003,0.218090744,-0.579906577,0.120924978,1.226105930,1.387772581,3751,1155,2026-05-03T23:57:33.897Z,2026-05-03 19:57:33.897,102634,73
22.360,1.000713544,0.980800185,0.465621853,0.246107292,0.258615924,-0.560044438,2.089864617,1.577119102,3830,1256,2026-05-03T23:57:33.937Z,2026-05-03 19:57:33.937,102634,74
22.400,0.987045574,0.974955520,0.361103147,0.341051099,0.054452142,-1.818980608,1.607543100,2.218785578,3972,1662,2026-05-03T23:57:33.977Z,2026-05-03 19:57:33.977,102634,75
22.440,0.978409166,0.981559831,-0.015765428,0.186298723,-0.074553243,-0.396417393,-0.131588879,1.172909973,3816,962,2026-05-03T23:57:34.017Z,2026-05-03 19:57:34.017,102634,76
22.480,1.000411706,0.984466549,0.126123240,0.015291756,0.254107253,0.229687301,0.523183464,0.017179632,3757,131,2026-05-03T23:57:34.057Z,2026-05-03 19:57:34.057,102634,77
22.520,0.995532646,0.980097883,-0.552064540,-0.072041598,0.181226839,-0.711319693,-2.606443503,-0.573052500,3878,-370,2026-05-03T23:57:34.097Z,2026-05-03 19:57:34.097,102634,78
22.560,0.944645832,0.987315395,-0.244982113,-0.150449992,-0.578889312,0.843326575,-1.189353023,-1.102966345,3699,-674,2026-05-03T23:57:34.137Z,2026-05-03 19:57:34.137,102634,79
22.600,0.998955798,0.986635500,-0.533341718,-0.314974595,0.232359792,0.696877778,-2.520043464,-2.214886395,3732,-1519,2026-05-03T23:57:34.177Z,2026-05-03 19:57:34.177,102634,80
22.640,0.990124948,0.989696782,-0.291150703,-0.368707637,0.100449947,1.356275488,-1.402406798,-2.578034797,3658,-1752,2026-05-03T23:57:34.217Z,2026-05-03 19:57:34.217,102634,81
22.680,1.026973939,0.987572039,-0.357535502,-0.348870773,0.650877663,0.898607402,-1.708752122,-2.443969699,3711,-1679,2026-05-03T23:57:34.257Z,2026-05-03 19:57:34.257,102634,82
22.720,1.005322003,0.986185647,0.007007639,-0.106020635,0.327454276,0.599979680,-0.026498215,-0.802695796,3724,-463,2026-05-03T23:57:34.297Z,2026-05-03 19:57:34.297,102634,83
22.760,1.000596681,0.982031701,0.239239418,0.088466456,0.256870292,-0.294776934,1.045179659,0.511722179,3813,471,2026-05-03T23:57:34.337Z,2026-05-03 19:57:34.337,102634,84
22.800,1.020954561,0.980787850,0.256061035,0.164280278,0.560963876,-0.562701512,1.122806224,1.024100918,3838,840,2026-05-03T23:57:34.377Z,2026-05-03 19:57:34.377,102634,85
22.840,0.969132869,0.980294451,0.292806716,0.204119095,-0.213116902,-0.668979211,1.292376181,1.293346842,3847,1036,2026-05-03T23:57:34.417Z,2026-05-03 19:57:34.417,102634,86
22.880,0.960769525,0.977992385,0.284533981,0.230119149,-0.338043436,-1.164842358,1.254200067,1.469065132,3904,1138,2026-05-03T23:57:34.457Z,2026-05-03 19:57:34.457,102634,87
22.920,0.952655518,0.978926328,0.224550868,0.228894460,-0.459245509,-0.963671881,0.977396543,1.460788216,3880,1144,2026-05-03T23:57:34.497Z,2026-05-03 19:57:34.497,102634,88
22.960,0.980202541,0.979115439,0.176341466,0.166226218,-0.047764903,-0.922937506,0.754925052,1.037252322,3881,828,2026-05-03T23:57:34.537Z,2026-05-03 19:57:34.537,102634,89
23.000,0.996565580,0.981155005,0.027853683,0.095250210,0.196656179,-0.483616521,0.069699834,0.557569374,3835,494,2026-05-03T23:57:34.577Z,2026-05-03 19:57:34.577,102634,90
23.040,1.001081009,0.982604441,0.019617244,0.016152047,0.264104892,-0.171409214,0.031691216,0.022993809,3805,111,2026-05-03T23:57:34.617Z,2026-05-03 19:57:34.617,102634,91
23.080,1.002748833,0.981869915,-0.173298467,-0.026821111,0.289017825,-0.329625499,-0.858555156,-0.267435192,3828,-117,2026-05-03T23:57:34.657Z,2026-05-03 19:57:34.657,102634,92
23.120,0.995352671,0.984816801,-0.142586038,-0.081046633,0.178538482,0.305131455,-0.716826792,-0.633911964,3757,-354,2026-05-03T23:57:34.697Z,2026-05-03 19:57:34.697,102634,93
23.160,1.008896918,0.984793106,-0.234150690,-0.138444176,0.380854172,0.300027550,-1.139369355,-1.021826464,3763,-646,2026-05-03T23:57:34.737Z,2026-05-03 19:57:34.737,102634,94
23.200,0.998637056,0.986057666,-0.160155588,-0.166691560,0.227598621,0.572412789,-0.797904835,-1.212733062,3733,-773,2026-05-03T23:57:34.777Z,2026-05-03 19:57:34.777,102634,95
23.240,0.986310072,0.984241153,-0.162126892,-0.167719679,0.043465659,0.181137260,-0.807001793,-1.219681483,3780,-802,2026-05-03T23:57:34.817Z,2026-05-03 19:57:34.817,102634,96
23.280,0.979703879,0.983976936,-0.040394166,-0.084393308,-0.055213611,0.124225171,-0.245242889,-0.656530071,3779,-382,2026-05-03T23:57:34.857Z,2026-05-03 19:57:34.857,102634,97
23.320,0.993069370,0.981916622,0.093127044,0.013594437,0.144431921,-0.319564860,0.370916221,0.005708501,3823,89,2026-05-03T23:57:34.897Z,2026-05-03 19:57:34.897,102634,98
23.360,1.001255941,0.981577631,0.187434295,0.074877707,0.266717926,-0.392583208,0.806115030,0.419884226,3826,396,2026-05-03T23:57:34.937Z,2026-05-03 19:57:34.937,102634,99
23.400,0.997124827,0.981100218,0.209180191,0.120972183,0.205009862,-0.495417673,0.906465619,0.731408285,3834,624,2026-05-03T23:57:34.977Z,2026-05-03 19:57:34.977,102634,100
23.440,0.994327242,0.979908168,0.167393999,0.161232927,0.163221253,-0.752184343,0.713635257,1.003505754,3861,813,2026-05-03T23:57:35.017Z,2026-05-03 19:57:35.017,102635,1
23.480,0.981860335,0.980222370,0.164273124,0.160030154,-0.023001796,-0.684505297,0.699233385,0.995376954,3853,811,2026-05-03T23:57:35.057Z,2026-05-03 19:57:35.057,102635,2
23.520,0.977630544,0.980048796,0.039293421,0.101247638,-0.086183832,-0.721893175,0.122490688,0.598102285,3863,510,2026-05-03T23:57:35.097Z,2026-05-03 19:57:35.097,102635,3
23.560,0.987661695,0.981997895,-0.033033594,0.033849815,0.063655385,-0.302058608,-0.211276128,0.142602075,3819,193,2026-05-03T23:57:35.137Z,2026-05-03 19:57:35.137,102635,4
23.600,0.995053375,0.982116039,-0.117269647,-0.030603410,0.174067775,-0.276610668,-0.599999473,-0.292997416,3822,-133,2026-05-03T23:57:35.177Z,2026-05-03 19:57:35.177,102635,5
23.640,0.995883200,0.984193451,-0.132709817,-0.080031538,0.186463200,0.170862248,-0.671251086,-0.627051563,3773,-357,2026-05-03T23:57:35.217Z,2026-05-03 19:57:35.217,102635,6
23.680,0.995808830,0.984114344,-0.156668126,-0.100882824,0.185352308,0.153822661,-0.781811274,-0.767972508,3777,-464,2026-05-03T23:57:35.257Z,2026-05-03 19:57:35.257,102635,7
23.720,0.999436262,0.984492293,-0.087996490,-0.098314255,0.239536662,0.235232591,-0.464912903,-0.750613141,3767,-446,2026-05-03T23:57:35.297Z,2026-05-03 19:57:35.297,102635,8
23.760,0.994534104,0.984415021,-0.044811618,-0.077060219,0.166311224,0.218588211,-0.265628066,-0.606970253,3767,-339,2026-05-03T23:57:35.337Z,2026-05-03 19:57:35.337,102635,9
23.800,0.988904583,0.983289703,0.046275111,-0.023197028,0.082220887,-0.023804330,0.154709032,-0.242942259,3791,-80,2026-05-03T23:57:35.377Z,2026-05-03 19:57:35.377,102635,10
23.840,1.001585236,0.981472955,0.060027521,0.029101731,0.271636722,-0.415130292,0.218172153,0.110512712,3833,162,2026-05-03T23:57:35.417Z,2026-05-03 19:57:35.417,102635,11
23.880,1.003568578,0.981440028,0.104045818,0.070115925,0.301262676,-0.422222747,0.421302988,0.387702289,3830,370,2026-05-03T23:57:35.457Z,2026-05-03 19:57:35.457,102635,12
23.920,0.996811779,0.981361936,0.103540228,0.080942949,0.200333737,-0.439043706,0.418969843,0.460875448,3831,424,2026-05-03T23:57:35.497Z,2026-05-03 19:57:35.497,102635,13
23.960,0.995177078,0.981503775,0.065769840,0.073887267,0.175915582,-0.408491862,0.244671180,0.413190456,3828,390,2026-05-03T23:57:35.537Z,2026-05-03 19:57:35.537,102635,14
24.000,0.994597197,0.982053073,0.025454899,0.050630435,0.167253664,-0.290173358,0.058630190,0.256011911,3816,279,2026-05-03T23:57:35.577Z,2026-05-03 19:57:35.577,102635,15
24.040,0.992906897,0.981905789,-0.005310423,0.016573975,0.142005002,-0.321898184,-0.083342262,0.025845354,3823,104,2026-05-03T23:57:35.617Z,2026-05-03 19:57:35.617,102635,16
24.080,0.992397625,0.981429957,-0.019074518,-0.001681347,0.134397814,-0.424392131,-0.146859305,-0.097531078,3837,5,2026-05-03T23:57:35.657Z,2026-05-03 19:57:35.657,102635,17
24.120,0.996387472,0.982124178,-0.025911667,-0.011537108,0.193995707,-0.274857515,-0.178410634,-0.164140069,3820,-36,2026-05-03T23:57:35.697Z,2026-05-03 19:57:35.697,102635,18
24.160,1.002537551,0.982527403,-0.032245687,-0.015920794,0.285861827,-0.188003161,-0.207640179,-0.193766693,3810,-53,2026-05-03T23:57:35.737Z,2026-05-03 19:57:35.737,102635,19
24.200,1.004767108,0.982730099,-0.023520264,-0.018410591,0.319165588,-0.144342651,-0.167375051,-0.210593691,3805,-63,2026-05-03T23:57:35.777Z,2026-05-03 19:57:35.777,102635,20
24.240,1.001837072,0.982697601,-0.000275437,-0.009471978,0.275398506,-0.151342624,-0.060107357,-0.150183131,3805,-18,2026-05-03T23:57:35.817Z,2026-05-03 19:57:35.817,102635,21
24.280,1.001353388,0.982702754,0.010579981,-0.000236780,0.268173522,-0.150232715,-0.010012958,-0.087768142,3804,29,2026-05-03T23:57:35.857Z,2026-05-03 19:57:35.857,102635,22
24.320,1.000411787,0.982626106,0.025654799,0.010192972,0.254108464,-0.166742565,0.059552665,-0.017279898,3805,81,2026-05-03T23:57:35.897Z,2026-05-03 19:57:35.897,102635,23
24.360,0.997879727,0.982929574,0.041887798,0.022595385,0.216286096,-0.101375820,0.134462940,0.066540343,3796,148,2026-05-03T23:57:35.937Z,2026-05-03 19:57:35.937,102635,24
24.400,0.993994212,0.982154275,0.041443716,0.033447064,0.158246651,-0.268374640,0.132413637,0.139880132,3815,193,2026-05-03T23:57:35.977Z,2026-05-03 19:57:35.977,102635,25
24.440,0.990329306,0.982889132,0.036185458,0.033718993,0.103502523,-0.110086897,0.108148404,0.141717929,3796,204,2026-05-03T23:57:36.017Z,2026-05-03 19:57:36.017,102635,26
24.480,0.987154291,0.982901409,0.028501970,0.030342183,0.056076082,-0.107442463,0.072691480,0.118896162,3796,187,2026-05-03T23:57:36.057Z,2026-05-03 19:57:36.057,102635,27
24.520,0.981872847,0.982853551,0.017639171,0.022200853,-0.022814896,-0.117751139,0.022563022,0.063873944,3798,145,2026-05-03T23:57:36.097Z,2026-05-03 19:57:36.097,102635,28
24.560,0.978808453,0.983074301,0.009246504,0.014745159,-0.068588941,-0.070201755,-0.016166544,0.013485523,3793,110,2026-05-03T23:57:36.137Z,2026-05-03 19:57:36.137,102635,29
24.600,0.976369548,0.982545750,0.005772574,0.010990255,-0.105019818,-0.184051214,-0.032197658,-0.011891556,3807,84,2026-05-03T23:57:36.177Z,2026-05-03 19:57:36.177,102635,30
24.640,0.973814459,0.982756390,0.006591235,0.006315463,-0.143186177,-0.138679600,-0.028419788,-0.043485579,3802,63,2026-05-03T23:57:36.217Z,2026-05-03 19:57:36.217,102635,31
24.680,0.971695478,0.983068426,0.010590438,0.005708598,-0.174838219,-0.071467219,-0.009964704,-0.047587008,3794,64,2026-05-03T23:57:36.257Z,2026-05-03 19:57:36.257,102635,32
24.720,0.969612746,0.982901214,0.017315642,0.009090886,-0.205948793,-0.107484512,0.021070035,-0.024728212,3798,79,2026-05-03T23:57:36.297Z,2026-05-03 19:57:36.297,102635,33
24.760,0.969710875,0.982889659,0.026710879,0.012269060,-0.204483012,-0.109973391,0.064426147,-0.003248901,3798,95,2026-05-03T23:57:36.337Z,2026-05-03 19:57:36.337,102635,34
24.800,0.966977644,0.982783305,0.037282749,0.020217234,-0.245310341,-0.132882018,0.113212058,0.050467889,3800,134,2026-05-03T23:57:36.377Z,2026-05-03 19:57:36.377,102635,35
24.840,0.968279300,0.982650133,0.041916091,0.024889285,-0.225867002,-0.161567203,0.134593500,0.082043398,3803,156,2026-05-03T23:57:36.417Z,2026-05-03 19:57:36.417,102635,36
24.880,0.971270559,0.982013061,0.042932806,0.029678462,-0.181185401,-0.298791954,0.139285328,0.114410480,3819,172,2026-05-03T23:57:36.457Z,2026-05-03 19:57:36.457,102635,37
24.920,0.971960440,0.982393899,0.040698247,0.031452487,-0.170880382,-0.216759803,0.128973530,0.126400020,3809,186,2026-05-03T23:57:36.497Z,2026-05-03 19:57:36.497,102635,38
24.960,0.970967474,0.982420717,0.039890658,0.034728609,-0.185712697,-0.210983246,0.125246753,0.148541301,3808,203,2026-05-03T23:57:36.537Z,2026-05-03 19:57:36.537,102635,39
25.000,0.971742332,0.982400398,0.039985992,0.029664764,-0.174138342,-0.215359809,0.125686691,0.114317908,3809,177,2026-05-03T23:57:36.577Z,2026-05-03 19:57:36.577,102635,40
25.040,0.968591094,0.982051434,0.035965263,0.029776410,-0.221209610,-0.290526517,0.107132269,0.115072452,3818,173,2026-05-03T23:57:36.617Z,2026-05-03 19:57:36.617,102635,41
25.080,0.973358898,0.982102083,0.023235718,0.026497549,-0.149991064,-0.279616645,0.048389353,0.092912655,3817,157,2026-05-03T23:57:36.657Z,2026-05-03 19:57:36.657,102635,42
25.120,0.969649003,0.981996354,0.018938204,0.023621438,-0.205407218,-0.302390742,0.028557654,0.073474802,3820,141,2026-05-03T23:57:36.697Z,2026-05-03 19:57:36.697,102635,43
25.160,0.968846660,0.982295293,0.017669925,0.015964370,-0.217392126,-0.237999375,0.022704939,0.021725411,3813,106,2026-05-03T23:57:36.737Z,2026-05-03 19:57:36.737,102635,44
25.200,0.966537118,0.982264142,0.015026342,0.013880063,-0.251890649,-0.244709262,0.010505622,0.007638871,3814,95,2026-05-03T23:57:36.777Z,2026-05-03 19:57:36.777,102635,45
25.240,0.957275834,0.983005499,0.020405768,0.012364269,-0.390230050,-0.085021525,0.035330010,-0.002605445,3795,97,2026-05-03T23:57:36.817Z,2026-05-03 19:57:36.817,102635,46
25.280,0.941523933,0.982987445,0.031367593,0.017330165,-0.625522320,-0.088910399,0.085915444,0.030955978,3795,122,2026-05-03T23:57:36.857Z,2026-05-03 19:57:36.857,102635,47
25.320,0.933365567,0.982828899,0.053158388,0.018328823,-0.747387018,-0.123061031,0.186473229,0.037705291,3799,125,2026-05-03T23:57:36.897Z,2026-05-03 19:57:36.897,102635,48
25.360,0.924956625,0.982381622,0.069594364,0.034829297,-0.872994660,-0.219404238,0.262320175,0.149221787,3809,203,2026-05-03T23:57:36.937Z,2026-05-03 19:57:36.937,102635,49
25.400,0.926754344,0.982220910,0.052502722,0.036423862,-0.846141432,-0.254021535,0.183447529,0.159998471,3813,209,2026-05-03T23:57:36.977Z,2026-05-03 19:57:36.977,102635,50
25.440,0.923375661,0.983292553,0.080257878,0.050586603,-0.896610121,-0.023190495,0.311528995,0.255715678,3784,295,2026-05-03T23:57:37.017Z,2026-05-03 19:57:37.017,102635,51
25.480,0.917967985,0.982828470,0.075673741,0.050404404,-0.977386693,-0.123153513,0.290374623,0.254484309,3796,288,2026-05-03T23:57:37.057Z,2026-05-03 19:57:37.057,102635,52
25.520,0.912442205,0.983799341,0.066116741,0.049674935,-1.059927414,0.085971291,0.246272022,0.249554277,3771,297,2026-05-03T23:57:37.097Z,2026-05-03 19:57:37.097,102635,53
25.560,0.902472272,0.984156249,0.070819588,0.047378295,-1.208852184,0.162849103,0.267974205,0.234032707,3762,290,2026-05-03T23:57:37.137Z,2026-05-03 19:57:37.137,102635,54
25.600,0.892951667,0.984769392,0.053271563,0.038518453,-1.351065160,0.294919516,0.186995496,0.174154516,3747,253,2026-05-03T23:57:37.177Z,2026-05-03 19:57:37.177,102635,55
25.640,0.884505823,0.986521437,0.053157158,0.035973866,-1.477224028,0.672308605,0.186467552,0.156957227,3702,263,2026-05-03T23:57:37.217Z,2026-05-03 19:57:37.217,102635,56
25.680,1.156094103,0.987876659,-0.004875566,0.025399595,2.579595795,0.964222310,-0.081335531,0.085492263,3668,227,2026-05-03T23:57:37.257Z,2026-05-03 19:57:37.257,102635,57
25.720,1.331579437,0.961823683,-0.157890901,0.182031399,5.200888521,-4.647567905,-0.787454003,1.144069769,4326,682,2026-05-03T23:57:37.297Z,2026-05-03 19:57:37.297,102635,58
25.760,0.760930283,0.978700796,0.752577863,0.503977723,-3.323119949,-1.012251206,3.414077900,3.319905875,3860,2539,2026-05-03T23:57:37.337Z,2026-05-03 19:57:37.337,102635,59
25.800,1.188965082,0.989654135,-0.207285529,-0.282409946,3.070602404,1.347089361,-1.015394944,-1.994802075,3651,-1314,2026-05-03T23:57:37.377Z,2026-05-03 19:57:37.377,102635,60
25.840,0.892423027,0.988119679,-0.040210260,0.235520715,-1.358961672,1.016568743,-0.244394221,1.505570972,3642,1298,2026-05-03T23:57:37.417Z,2026-05-03 19:57:37.417,102635,61
25.880,0.990699248,0.993358540,-0.315107787,-0.076284134,0.109028494,2.145015204,-1.512961332,-0.601725174,3536,-218,2026-05-03T23:57:37.457Z,2026-05-03 19:57:37.457,102635,62
25.920,1.050276279,0.989455734,0.037515859,-0.206533790,0.998953791,1.304353796,0.114287792,-1.482002055,3649,-931,2026-05-03T23:57:37.497Z,2026-05-03 19:57:37.497,102635,63
25.960,0.907072010,0.990120775,-0.500681999,-0.240321061,-1.140144106,1.447603142,-2.369328956,-1.710349329,3635,-1094,2026-05-03T23:57:37.537Z,2026-05-03 19:57:37.537,102635,64
26.000,1.057584763,0.992407441,-0.113151729,-0.208822885,1.108123447,1.940149202,-0.580996554,-1.497472635,3573,-904,2026-05-03T23:57:37.577Z,2026-05-03 19:57:37.577,102635,65
26.040,0.982027221,0.987325701,-0.126119314,-0.131979597,-0.020508957,0.845546393,-0.640837951,-0.978136368,3697,-580,2026-05-03T23:57:37.617Z,2026-05-03 19:57:37.617,102635,66
26.080,1.004324713,0.988815637,0.032015266,-0.136997544,0.312557358,1.166477417,0.088904253,-1.012049567,3659,-586,2026-05-03T23:57:37.657Z,2026-05-03 19:57:37.657,102635,67
26.120,1.029299769,0.984870691,0.093403830,0.031960731,0.685619498,0.316739259,0.372193502,0.129834924,3745,221,2026-05-03T23:57:37.697Z,2026-05-03 19:57:37.697,102635,68
26.160,0.994824705,0.985586148,0.234706938,0.048221476,0.170652048,0.470848042,1.024263664,0.239731244,3725,313,2026-05-03T23:57:37.737Z,2026-05-03 19:57:37.737,102635,69
26.200,1.045968366,0.983586496,0.130801478,0.129523809,0.934604806,0.040124627,0.544772086,0.789203436,3769,700,2026-05-03T23:57:37.777Z,2026-05-03 19:57:37.777,102635,70
26.240,0.982237799,0.983722225,0.175773751,0.166758443,-0.017363465,0.069360575,0.752305225,1.040849303,3762,891,2026-05-03T23:57:37.817Z,2026-05-03 19:57:37.817,102635,71
26.280,1.048157301,0.984360351,0.045529027,0.119069401,0.967301784,0.206812338,0.151266086,0.718548560,3750,657,2026-05-03T23:57:37.857Z,2026-05-03 19:57:37.857,102635,72
26.320,0.982533331,0.984366655,0.051124961,0.096030382,-0.012948992,0.208170284,0.177089590,0.562842075,3752,540,2026-05-03T23:57:37.897Z,2026-05-03 19:57:37.897,102635,73
26.360,1.041597323,0.986050991,-0.098941096,-0.026373136,0.869312847,0.570975000,-0.515418876,-0.264407608,3720,-60,2026-05-03T23:57:37.937Z,2026-05-03 19:57:37.937,102635,74
26.400,0.981587267,0.985561730,-0.191551977,-0.008977432,-0.027080718,0.465588582,-0.942789465,-0.146840799,3731,22,2026-05-03T23:57:37.977Z,2026-05-03 19:57:37.977,102635,75
26.440,1.020285335,0.988090889,-0.188933614,-0.140050374,0.550967377,1.010367444,-0.930706527,-1.032681761,3678,-611,2026-05-03T23:57:38.017Z,2026-05-03 19:57:38.017,102635,76
26.480,1.006729212,0.986768985,-0.207425776,-0.127987703,0.348474296,0.725630291,-1.016042137,-0.951157628,3711,-567,2026-05-03T23:57:38.057Z,2026-05-03 19:57:38.057,102635,77
26.520,0.991247272,0.988748084,-0.177599053,-0.161027003,0.117214544,1.151926709,-0.878401034,-1.174449823,3663,-709,2026-05-03T23:57:38.097Z,2026-05-03 19:57:38.097,102635,78
26.560,1.025241790,0.987904277,-0.029193080,-0.120679269,0.625003878,0.970171192,-0.193553341,-0.901764441,3681,-515,2026-05-03T23:57:38.137Z,2026-05-03 19:57:38.137,102635,79
26.600,0.990797961,0.987334952,0.015321576,-0.070609336,0.110503000,0.847539198,0.011868036,-0.563372730,3691,-268,2026-05-03T23:57:38.177Z,2026-05-03 19:57:38.177,102635,80
26.640,1.021033955,0.987835105,0.077970424,-0.005780755,0.562149806,0.955271580,0.300973102,-0.125236441,3672,68,2026-05-03T23:57:38.217Z,2026-05-03 19:57:38.217,102635,81
26.680,0.990383019,0.986864917,0.104700257,0.069328253,0.104304860,0.746293946,0.424323018,0.382378898,3690,437,2026-05-03T23:57:38.257Z,2026-05-03 19:57:38.257,102635,82
26.720,1.010368471,0.988059427,0.128089013,0.060348547,0.402835329,1.003590353,0.532254896,0.321690619,3660,407,2026-05-03T23:57:38.297Z,2026-05-03 19:57:38.297,102635,83
26.760,0.988644612,0.988401365,0.100195462,0.083474557,0.078337589,1.077243560,0.403534784,0.477985017,3649,529,2026-05-03T23:57:38.337Z,2026-05-03 19:57:38.337,102635,84
26.800,1.031421208,0.989886050,0.047652876,0.058595764,0.717308257,1.397043651,0.161066992,0.309844643,3613,422,2026-05-03T23:57:38.377Z,2026-05-03 19:57:38.377,102635,85
26.840,1.019273624,0.988792742,-0.126733770,0.050392099,0.535855069,1.161545962,-0.643673474,0.254401143,3642,366,2026-05-03T23:57:38.417Z,2026-05-03 19:57:38.417,102635,86
26.880,0.978925343,0.952683811,-0.428442919,0.086127917,-0.066842918,-6.616289077,-2.035967935,0.495917438,4571,75,2026-05-03T23:57:38.457Z,2026-05-03 19:57:38.457,102635,87
26.920,0.809409444,0.998409422,-0.196336624,-0.123334783,-2.598967852,3.232971199,-0.964869130,-0.919711421,3410,-391,2026-05-03T23:57:38.497Z,2026-05-03 19:57:38.497,102635,88
26.960,0.957309566,0.977109814,-0.173812053,-0.166275830,-0.389726190,-1.354947534,-0.860925196,-1.209923400,3964,-888,2026-05-03T23:57:38.537Z,2026-05-03 19:57:38.537,102635,89
27.000,0.909879565,0.994051863,0.240837991,0.052589443,-1.098206561,2.294356472,1.052556581,0.269251634,3506,446,2026-05-03T23:57:38.577Z,2026-05-03 19:57:38.577,102635,90
27.040,0.960270875,0.973641559,0.009378130,-0.043213396,-0.345491966,-2.102006782,-0.015559129,-0.378220511,4042,-308,2026-05-03T23:57:38.617Z,2026-05-03 19:57:38.617,102635,91
27.080,0.928532145,0.989832298,0.314956703,0.275778045,-0.819585719,1.385465382,1.394591525,1.777645373,3594,1525,2026-05-03T23:57:38.657Z,2026-05-03 19:57:38.657,102635,92
27.120,0.927095544,0.972081631,0.284323016,0.066276052,-0.841044782,-2.438013997,1.253226530,0.361750959,4072,228,2026-05-03T23:57:38.697Z,2026-05-03 19:57:38.697,102635,93
27.160,0.944317155,0.987022858,0.337695955,0.238935877,-0.583798884,0.780314303,1.499526143,1.528651944,3670,1301,2026-05-03T23:57:38.737Z,2026-05-03 19:57:38.737,102635,94
27.200,0.908223665,0.976260502,0.271121091,0.141898109,-1.122941391,-1.537888548,1.192303723,0.872833677,3957,667,2026-05-03T23:57:38.777Z,2026-05-03 19:57:38.777,102635,95
27.240,0.940982161,0.982946165,0.088985149,0.252386933,-0.633614992,-0.097802185,0.351802653,1.619559314,3774,1316,2026-05-03T23:57:38.817Z,2026-05-03 19:57:38.817,102635,96
27.280,0.903600800,0.980054144,0.209262615,0.131734133,-1.191994920,-0.720741217,0.906845982,0.804141647,3860,665,2026-05-03T23:57:38.857Z,2026-05-03 19:57:38.857,102635,97
27.320,0.935912530,0.982585430,-0.104134152,0.074643458,-0.709342030,-0.175504076,-0.539383225,0.418301079,3800,408,2026-05-03T23:57:38.897Z,2026-05-03 19:57:38.897,102635,98
27.360,0.886551700,0.984581959,0.036601247,0.047462546,-1.446663967,0.254546685,0.110067138,0.234602106,3751,296,2026-05-03T23:57:38.937Z,2026-05-03 19:57:38.937,102635,99
27.400,0.914010000,0.982571689,-0.177534476,-0.081364459,-1.036508646,-0.178463875,-0.878103029,-0.636059955,3815,-385,2026-05-03T23:57:38.977Z,2026-05-03 19:57:38.977,102635,100
27.440,0.876081891,0.990735050,-0.129516976,-0.047094947,-1.603055572,1.579917462,-0.656517112,-0.404453515,3601,-104,2026-05-03T23:57:39.017Z,2026-05-03 19:57:39.017,102636,1
27.480,1.217528801,0.983085836,0.348441280,-0.148215012,3.497269787,-0.067717131,1.549112497,-1.087861503,3808,-718,2026-05-03T23:57:39.057Z,2026-05-03 19:57:39.057,102636,2
27.520,0.815491350,0.969286713,0.203137112,-0.123695183,-2.508120065,-3.040037207,0.878578675,-0.922147137,4162,-774,2026-05-03T23:57:39.097Z,2026-05-03 19:57:39.097,102636,3
27.560,1.217806287,0.984619903,-0.488486319,0.473778246,3.501414701,0.262719765,-2.313049662,3.115806290,3710,2463,2026-05-03T23:57:39.137Z,2026-05-03 19:57:39.137,102636,4
27.600,0.786860156,0.989771166,0.168459308,0.004975041,-2.935795346,1.372297773,0.718551332,-0.052544662,3621,148,2026-05-03T23:57:39.177Z,2026-05-03 19:57:39.177,102636,5
27.640,1.260115423,0.985147516,-0.123829396,-0.097443679,4.133402735,0.376367240,-0.630270688,-0.744729459,3750,-433,2026-05-03T23:57:39.217Z,2026-05-03 19:57:39.217,102636,6
27.680,0.839854696,0.985944891,-0.149236200,0.088030158,-2.144195284,0.548121061,-0.747515235,0.508773507,3712,520,2026-05-03T23:57:39.257Z,2026-05-03 19:57:39.257,102636,7
27.720,1.162452221,0.989442793,-0.272294409,-0.117754521,2.674569479,1.301566447,-1.315390829,-0.881997879,3641,-480,2026-05-03T23:57:39.297Z,2026-05-03 19:57:39.297,102636,8
27.760,0.967043939,0.983675889,0.024184160,0.009063491,-0.244320072,0.059379778,0.052766121,-0.024913358,3778,89,2026-05-03T23:57:39.337Z,2026-05-03 19:57:39.337,102636,9
27.800,1.011625147,0.988505376,-0.242107874,-0.179489179,0.421606783,1.099647604,-1.176089301,-1.299224256,3671,-806,2026-05-03T23:57:39.377Z,2026-05-03 19:57:39.377,102636,10
27.840,1.055935755,0.984392692,0.131352588,0.014301316,1.083491576,0.213778647,0.547315288,0.010485862,3759,125,2026-05-03T23:57:39.417Z,2026-05-03 19:57:39.417,102636,11
27.880,0.976165204,0.986328793,-0.177296435,-0.049521062,-0.108072181,0.630813225,-0.877004545,-0.420850123,3715,-174,2026-05-03T23:57:39.457Z,2026-05-03 19:57:39.457,102636,12
27.920,1.049674544,0.986780364,0.087526807,0.007364825,0.989965439,0.728081376,0.345072855,-0.036393596,3698,121,2026-05-03T23:57:39.497Z,2026-05-03 19:57:39.497,102636,13
27.960,1.025214958,0.984359706,0.073589263,-0.029888313,0.624603083,0.206673552,0.280755401,-0.288164512,3764,-100,2026-05-03T23:57:39.537Z,2026-05-03 19:57:39.537,102636,14
28.000,1.025606751,0.986708674,0.059007116,0.005778477,0.630455451,0.712639387,0.213463297,-0.047114737,3700,112,2026-05-03T23:57:39.577Z,2026-05-03 19:57:39.577,102636,15
28.040,1.030884418,0.984723271,0.015650026,0.061856796,0.709290018,0.284985023,0.013383729,0.331883944,3746,371,2026-05-03T23:57:39.617Z,2026-05-03 19:57:39.617,102636,16
28.080,1.004270940,0.986144932,-0.030645267,0.033008026,0.311754131,0.591209784,-0.200254734,0.136912946,3712,243,2026-05-03T23:57:39.657Z,2026-05-03 19:57:39.657,102636,17
28.120,1.024088326,0.986083879,-0.037730904,0.007190844,0.607774132,0.578059071,-0.232952760,-0.037569422,3716,111,2026-05-03T23:57:39.697Z,2026-05-03 19:57:39.697,102636,18
28.160,0.995097728,0.987034139,-0.063699273,-0.030479415,0.174730293,0.782744239,-0.352788754,-0.292159407,3695,-68,2026-05-03T23:57:39.737Z,2026-05-03 19:57:39.737,102636,19
28.200,1.008244538,0.988504381,-0.095486845,-0.051385491,0.371109318,1.099433231,-0.499478575,-0.433450644,3659,-155,2026-05-03T23:57:39.777Z,2026-05-03 19:57:39.777,102636,20
28.240,1.044406204,0.989490418,-0.063022694,-0.056286313,0.911270193,1.311824689,-0.349666553,-0.466572270,3634,-167,2026-05-03T23:57:39.817Z,2026-05-03 19:57:39.817,102636,21
28.280,0.962518556,0.989136827,-0.194781104,-0.086859797,-0.311917471,1.235661579,-0.957690885,-0.673199545,3646,-327,2026-05-03T23:57:39.857Z,2026-05-03 19:57:39.857,102636,22
28.320,0.933319297,0.963568779,-0.279404031,0.053568118,-0.748078169,-4.271675548,-1.348199536,0.275865893,4293,52,2026-05-03T23:57:39.897Z,2026-05-03 19:57:39.897,102636,23
28.360,0.860006919,0.987796907,0.015622963,-0.144409405,-1.843173686,0.947043937,0.013258843,-1.062141754,3686,-637,2026-05-03T23:57:39.937Z,2026-05-03 19:57:39.937,102636,24
28.400,0.964103246,0.981675788,-0.062860315,-0.037340592,-0.288246346,-0.371440373,-0.348917222,-0.338529864,3834,-173,2026-05-03T23:57:39.977Z,2026-05-03 19:57:39.977,102636,25
28.440,0.910589445,0.987351153,0.383873755,0.116679618,-1.087602816,0.851028735,1.712622414,0.702397494,3673,684,2026-05-03T23:57:40.017Z,2026-05-03 19:57:40.017,102636,26
28.480,0.936070032,0.973213839,0.137024784,0.053127733,-0.706989366,-2.194137365,0.573490720,0.272889599,4044,176,2026-05-03T23:57:40.057Z,2026-05-03 19:57:40.057,102636,27
28.520,0.933278692,0.988459548,0.402212163,0.269868280,-0.748684703,1.089776309,1.797248501,1.737704928,3630,1477,2026-05-03T23:57:40.097Z,2026-05-03 19:57:40.097,102636,28
28.560,0.933644257,0.972844712,0.289044309,0.144005005,-0.743224119,-2.273646971,1.275013834,0.887072888,4045,633,2026-05-03T23:57:40.137Z,2026-05-03 19:57:40.137,102636,29
28.600,0.939236271,0.986163650,0.287395918,0.336781842,-0.659694018,0.595241699,1.267407022,2.189932311,3683,1787,2026-05-03T23:57:40.177Z,2026-05-03 19:57:40.177,102636,30
28.640,0.908406100,0.975264355,0.176802158,0.149579833,-1.120216281,-1.752457775,0.757051006,0.924749700,3982,693,2026-05-03T23:57:40.217Z,2026-05-03 19:57:40.217,102636,31
28.680,0.933459923,0.986308026,0.085488459,0.211850848,-0.745977578,0.626340050,0.335666510,1.345600980,3691,1154,2026-05-03T23:57:40.257Z,2026-05-03 19:57:40.257,102636,32
28.720,0.896942766,0.979120962,0.144094426,0.058182011,-1.291448570,-0.921747755,0.606114932,0.307048342,3891,279,2026-05-03T23:57:40.297Z,2026-05-03 19:57:40.297,102636,33
28.760,0.797106881,0.985008879,-0.190800972,0.100476403,-2.782736026,0.346504943,-0.939323807,0.592889981,3735,571,2026-05-03T23:57:40.337Z,2026-05-03 19:57:40.337,102636,34
28.800,1.142733574,0.968620150,-0.290578681,0.059645710,2.380024376,-3.183614432,-1.399767093,0.316940581,4162,149,2026-05-03T23:57:40.377Z,2026-05-03 19:57:40.377,102636,35
28.840,0.810093670,0.982069898,0.134319698,-0.167047066,-2.588747309,-0.286549416,0.561007585,-1.215135704,3836,-827,2026-05-03T23:57:40.417Z,2026-05-03 19:57:40.417,102636,36
28.880,1.129131312,0.989389099,-0.208340387,-0.209510588,2.176842102,1.290000692,-1.020262788,-1.502120393,3651,-947,2026-05-03T23:57:40.457Z,2026-05-03 19:57:40.457,102636,37
28.920,0.960758252,0.990477528,-0.236137984,0.055694998,-0.338211817,1.524447415,-1.148540105,0.290240158,3598,415,2026-05-03T23:57:40.497Z,2026-05-03 19:57:40.497,102636,38
28.960,1.000191107,0.991346962,-0.447957959,-0.268666393,0.250812078,1.711722943,-2.126023812,-1.901917899,3606,-1222,2026-05-03T23:57:40.537Z,2026-05-03 19:57:40.537,102636,39
29.000,1.061615229,0.987037535,0.144440711,-0.212505889,1.168328087,0.783475710,0.607712928,-1.522363781,3712,-993,2026-05-03T23:57:40.577Z,2026-05-03 19:57:40.577,102636,40
29.040,0.997620997,0.987846737,-0.199587287,-0.158115279,0.212421354,0.957777229,-0.979869935,-1.154771280,3686,-706,2026-05-03T23:57:40.617Z,2026-05-03 19:57:40.617,102636,41
29.080,1.040055814,0.988725522,-0.086955173,-0.016338590,0.846286718,1.147066711,-0.460107547,-0.196590317,3650,26,2026-05-03T23:57:40.657Z,2026-05-03 19:57:40.657,102636,42
29.120,1.032562261,0.985712274,0.213408818,-0.092994919,0.734352599,0.498015471,0.925979426,-0.714663038,3735,-403,2026-05-03T23:57:40.697Z,2026-05-03 19:57:40.697,102636,43
29.160,1.042594624,0.984473673,0.254993263,0.002679749,0.884209908,0.231221826,1.117878786,-0.068057124,3758,67,2026-05-03T23:57:40.737Z,2026-05-03 19:57:40.737,102636,44
29.200,1.027996898,0.985624150,0.180849940,0.165598828,0.666157996,0.479033636,0.775730266,1.033012183,3713,910,2026-05-03T23:57:40.777Z,2026-05-03 19:57:40.777,102636,45
29.240,1.008432684,0.984643695,0.058284408,0.147659267,0.373919722,0.267844569,0.210128222,0.911769781,3740,806,2026-05-03T23:57:40.817Z,2026-05-03 19:57:40.817,102636,46
29.280,1.032502942,0.985369496,0.094491894,0.107812232,0.733466535,0.424181555,0.377214578,0.642468313,3725,613,2026-05-03T23:57:40.857Z,2026-05-03 19:57:40.857,102636,47
29.320,1.149808459,0.986670497,0.168892320,0.026931826,2.485704691,0.704415999,0.720549549,0.095847666,3699,219,2026-05-03T23:57:40.897Z,2026-05-03 19:57:40.897,102636,48
29.360,0.862279613,0.983653892,-0.391951900,0.057723797,-1.809225570,0.054641672,-1.867573159,0.303951553,3774,336,2026-05-03T23:57:40.937Z,2026-05-03 19:57:40.937,102636,49
29.400,0.897375798,0.969300532,-0.291206068,-0.116843616,-1.284980194,-3.037060639,-1.402662288,-0.875841631,4161,-739,2026-05-03T23:57:40.977Z,2026-05-03 19:57:40.977,102636,50
29.440,0.854262440,0.988464154,0.034016097,-0.253370759,-1.928981200,1.090768332,0.098137471,-1.798544164,3679,-1182,2026-05-03T23:57:41.017Z,2026-05-03 19:57:41.017,102636,51
29.480,0.896275377,0.980102548,-0.296408340,-0.115934643,-1.301417610,-0.710314906,-1.426669165,-0.869698445,3882,-593,2026-05-03T23:57:41.057Z,2026-05-03 19:57:41.057,102636,52
29.520,0.921987181,0.988948633,0.193987288,-0.003138894,-0.917350397,1.195124808,0.836355070,-0.107381734,3643,96,2026-05-03T23:57:41.097Z,2026-05-03 19:57:41.097,102636,53
29.560,0.935302656,0.975597549,0.351812488,-0.069896348,-0.718451966,-1.680688122,1.564669578,-0.558554085,3994,-418,2026-05-03T23:57:41.137Z,2026-05-03 19:57:41.137,102636,54
29.600,0.941032779,0.986337694,0.125268903,0.288910601,-0.632858881,0.632730443,0.519240965,1.866400199,3683,1546,2026-05-03T23:57:41.177Z,2026-05-03 19:57:41.177,102636,55
29.640,0.919791970,0.974268013,0.277129726,0.136010260,-0.950141110,-1.967069052,1.220031720,0.833041350,4009,611,2026-05-03T23:57:41.217Z,2026-05-03 19:57:41.217,102636,56
29.680,0.991381564,0.984852130,0.269622152,0.218158558,0.119220511,0.312741133,1.185386584,1.388230892,3728,1167,2026-05-03T23:57:41.257Z,2026-05-03 19:57:41.257,102636,57
29.720,1.122390795,0.976522279,0.461225314,0.187072698,2.076156367,-1.481501941,2.069575950,1.178140792,3946,900,2026-05-03T23:57:41.297Z,2026-05-03 19:57:41.297,102636,58
29.760,1.059595652,0.978380933,0.329549930,0.283035058,1.138160879,-1.081149537,1.461934756,1.826691037,3889,1412,2026-05-03T23:57:41.337Z,2026-05-03 19:57:41.337,102636,59
29.800,1.017730212,0.981110446,0.062685251,0.288598928,0.512800520,-0.493214625,0.230436756,1.864293791,3818,1476,2026-05-03T23:57:41.377Z,2026-05-03 19:57:41.377,102636,60
29.840,1.059371996,0.984088463,-0.181554587,0.076675714,1.134820047,0.148247962,-0.896654601,0.432035843,3761,438,2026-05-03T23:57:41.417Z,2026-05-03 19:57:41.417,102636,61
29.880,0.958648710,0.988145735,-0.207368580,-0.080568524,-0.369722865,1.022181236,-1.015778195,-0.630680720,3671,-308,2026-05-03T23:57:41.457Z,2026-05-03 19:57:41.457,102636,62
29.920,1.078497562,0.988131917,-0.520673690,-0.087420091,1.420506076,1.019204667,-2.461584431,-0.676986226,3672,-343,2026-05-03T23:57:41.497Z,2026-05-03 19:57:41.497,102636,63
29.960,0.947487781,0.991686441,-0.683290946,-0.276821421,-0.536438007,1.784846412,-3.212012802,-1.957032690,3598,-1259,2026-05-03T23:57:41.537Z,2026-05-03 19:57:41.537,102636,64
