relative_time_s,sensor_ts_utc,thingy_aligned_ts_utc,sensor_ch1_g,sensor_ch2_g,sensor_ch3_g,sensor_mag_raw_g,sensor_mag_z,thingy_x_raw_interp,thingy_y_raw_interp,thingy_z_raw_interp,thingy_mag_raw_counts_interp,thingy_mag_z_interp
0.0,2026-05-04T22:12:08.507812Z,2026-05-04T22:13:09.931875Z,0.9393112659454346,0.3316755294799805,0.0384021811187267,0.9968896823132015,-0.4714708810587614,3805.0,19.0,23.0,3805.116949582496,-0.5055327672170743
0.0078125,2026-05-04T22:12:08.515625Z,2026-05-04T22:13:09.939687500Z,0.9382333755493164,0.3317065834999084,0.0380946435034275,0.9958726456708706,-0.47953473626117643,3805.0,19.0,23.0,3805.116949582496,-0.5055327672170743
0.015625,2026-05-04T22:12:08.523437Z,2026-05-04T22:13:09.947500Z,0.9389675855636596,0.3313341438770294,0.0380177609622478,0.9964375503695929,-0.4750557337316114,3805.0,19.0,23.0,3805.116949582496,-0.5055327672170743
0.0234375,2026-05-04T22:12:08.531250Z,2026-05-04T22:13:09.955312500Z,0.9387488961219788,0.3310393095016479,0.0381100215017795,0.9961369826205769,-0.47743886793317364,3805.0,19.0,23.0,3805.116949582496,-0.5055327672170743
0.03125,2026-05-04T22:12:08.539062Z,2026-05-04T22:13:09.963125Z,0.9396393299102784,0.3310858607292175,0.0377871096134185,0.9969793293453884,-0.4707600898671834,3805.0,19.0,23.0,3805.116949582496,-0.5055327672170743
0.0390625,2026-05-04T22:12:08.546875Z,2026-05-04T22:13:09.970937500Z,0.9384520649909972,0.3308531045913696,0.0380792692303657,0.995794198541412,-0.48015672593850944,3805.09375,18.8125,23.4453125,3805.213757769698,-0.5053062161235412
0.046875,2026-05-04T22:12:08.554687Z,2026-05-04T22:13:09.978750Z,0.9391706585884094,0.3311169147491455,0.0393247902393341,0.9966074334028154,-0.47370876930158473,3805.875,17.25,27.15625,3806.020492663049,-0.5034182903440965
0.0546875,2026-05-04T22:12:08.562500Z,2026-05-04T22:13:09.986562500Z,0.9391550421714784,0.3307910263538361,0.0402473993599414,0.9965213241609907,-0.47439151014764996,3806.65625,15.6875,30.8671875,3806.8272275563995,-0.5015303645646527
0.0625,2026-05-04T22:12:08.570312Z,2026-05-04T22:13:09.994375Z,0.9389207363128662,0.3312565684318542,0.0419080927968025,0.996523633161506,-0.4743732026009569,3807.4375,14.125,34.578125,3807.63396244975,-0.49964243878520903
0.0703125,2026-05-04T22:12:08.578125Z,2026-05-04T22:13:10.002187500Z,0.9388113617897034,0.330822080373764,0.042538546025753,0.9963029407696474,-0.47612302302841364,3808.21875,12.5625,38.2890625,3808.440697343101,-0.4977545130057643
0.078125,2026-05-04T22:12:08.585937Z,2026-05-04T22:13:10.010000Z,0.9385926723480223,0.3311789631843567,0.0440300963819026,0.9962802615874045,-0.476302841172721,3809.0,11.0,42.0,3809.2474322364515,-0.4958665872263206
0.0859375,2026-05-04T22:12:08.593750Z,2026-05-04T22:13:10.017812500Z,0.9391081929206848,0.3310393095016479,0.0453217476606369,0.9967774492117568,-0.47236075212269263,3810.171875,10.609375,50.0078125,3810.5493771126235,-0.4928197681096571
0.09375,2026-05-04T22:12:08.601562Z,2026-05-04T22:13:10.025625Z,0.9384364485740662,0.3309927582740784,0.0464135035872459,0.996179395168075,-0.4771025883660915,3811.34375,10.21875,58.015625,3811.851321988795,-0.48977294899299467
0.1015625,2026-05-04T22:12:08.609375Z,2026-05-04T22:13:10.033437500Z,0.9390925765037536,0.3307289481163025,0.0481357052922248,0.9967916284211831,-0.4722483283545224,3812.515625,9.828125,66.0234375,3813.153266864967,-0.48672612987633124
0.109375,2026-05-04T22:12:08.617187Z,2026-05-04T22:13:10.041250Z,0.9388269782066344,0.3309462070465088,0.0496426336467266,0.996687452535876,-0.47307431556062196,3813.6875,9.4375,74.03125,3814.455211741139,-0.48367931075966775
0.1171875,2026-05-04T22:12:08.625000Z,2026-05-04T22:13:10.049062500Z,0.9388894438743592,0.3308996558189392,0.0513033308088779,0.9968149285558885,-0.4720635868175502,3814.859375,9.046875,82.03906250000001,3815.7571566173106,-0.4806324916430053
0.125,2026-05-04T22:12:08.632812Z,2026-05-04T22:13:10.056875Z,0.9384989142417908,0.3309617340564728,0.0532408095896244,0.9965693479374359,-0.4740107404060213,3814.828125,9.6875,83.6875,3815.758856448326,-0.4806285136883875
0.1328125,2026-05-04T22:12:08.640625Z,2026-05-04T22:13:10.064687500Z,0.9387176036834716,0.3311634659767151,0.0553320571780204,0.9969561761755137,-0.4709436661530076,3814.6328125,10.46875,84.46875,3815.583250136819,-0.4810394686195046
0.140625,2026-05-04T22:12:08.648437Z,2026-05-04T22:13:10.072500Z,0.9388425946235656,0.3313651978969574,0.0568389855325222,0.9972256425369158,-0.4688071278712714,3814.4375,11.250000000000002,85.25,3815.407643825313,-0.48145042355062057
0.1484375,2026-05-04T22:12:08.656250Z,2026-05-04T22:13:10.080312500Z,0.9384364485740662,0.3313186466693878,0.0582382753491401,0.9969085767304757,-0.4713210714661748,3814.2421875,12.031250000000002,86.03125,3815.2320375138065,-0.48186137848173655
0.15625,2026-05-04T22:12:08.664062Z,2026-05-04T22:13:10.088125Z,0.9390456676483154,0.3313341438770294,0.0597298294305801,0.9975754273996532,-0.4660337622247332,3814.046875,12.812500000000002,86.8125,3815.0564312023002,-0.4822723334128525
0.1640625,2026-05-04T22:12:08.671875Z,2026-05-04T22:13:10.095937500Z,0.937827169895172,0.3311479389667511,0.0603141486644744,0.9964018037943504,-0.4753391603012552,3814.1484375,12.703125,87.59375,3815.1755979123027,-0.4819934587717288
0.171875,2026-05-04T22:12:08.679687Z,2026-05-04T22:13:10.103750Z,0.93876451253891,0.3314272463321686,0.0620209723711013,0.997481544003496,-0.46677814259512757,3814.34375,12.3125,88.375,3815.3878508396238,-0.4814967432130555
0.1796875,2026-05-04T22:12:08.687500Z,2026-05-04T22:13:10.111562500Z,0.9377803206443788,0.3315824270248413,0.063589408993721,0.9967057984358919,-0.47292885503822885,3814.5390625,11.921875,89.15625,3815.600103766945,-0.4810000276543822
0.1875,2026-05-04T22:12:08.695312Z,2026-05-04T22:13:10.119375Z,0.9384676814079284,0.3314583003520966,0.0647119134664535,0.9973834897690874,-0.4675555926056229,3814.734375,11.53125,89.9375,3815.8123566942654,-0.48050331209571
0.1953125,2026-05-04T22:12:08.703125Z,2026-05-04T22:13:10.127187500Z,0.938295841217041,0.3315514028072357,0.0660343244671821,0.9973394358775138,-0.4679048860213823,3814.9296875,11.140625,90.71875,3816.0246096215865,-0.4800065965370367
0.203125,2026-05-04T22:12:08.710937Z,2026-05-04T22:13:10.135000Z,0.9382176995277404,0.3313341438770294,0.0666340216994285,0.9972336032513591,-0.46874400915370823,3815.25,10.625,90.875,3816.347052650986,-0.47925201344831364
0.2109375,2026-05-04T22:12:08.718750Z,2026-05-04T22:13:10.142812500Z,0.938295841217041,0.3310703635215759,0.0668954253196716,0.9972370175520977,-0.4687169379296958,3815.640625,10.0390625,90.6796875,3816.7314776128046,-0.4783523798739371
0.21875,2026-05-04T22:12:08.726562Z,2026-05-04T22:13:10.150625Z,0.9384832978248596,0.3313031196594238,0.0673106014728546,0.9975186085797739,-0.4664842658911779,3816.03125,9.453125,90.484375,3817.1159025746233,-0.4774527462995606
0.2265625,2026-05-04T22:12:08.734375Z,2026-05-04T22:13:10.158437500Z,0.938170850276947,0.3311479389667511,0.0672644674777984,0.9971700007402793,-0.4692482991846774,3816.421875,8.8671875,90.2890625,3817.500327536442,-0.476553112725184
0.234375,2026-05-04T22:12:08.742187Z,2026-05-04T22:13:10.166250Z,0.9382646083831788,0.3312565684318542,0.0672644674777984,0.9972942885922688,-0.4682628487100855,3816.8125,8.28125,90.09375,3817.8847524982602,-0.4756534791508086
0.2421875,2026-05-04T22:12:08.750000Z,2026-05-04T22:13:10.174062500Z,0.9387957453727722,0.3313341438770294,0.0673567280173301,0.9978259844471598,-0.46404715164755,3817.0,9.015624999999998,85.9375,3817.9982466757488,-0.4753878794038986
0.25,2026-05-04T22:12:08.757812Z,2026-05-04T22:13:10.181875Z,0.938420832157135,0.3311169147491455,0.0671260729432106,0.9973855719471081,-0.46753908348356626,3817.0,10.968749999999998,78.125,3817.8616508984715,-0.475707541651572
0.2578125,2026-05-04T22:12:08.765625Z,2026-05-04T22:13:10.189687500Z,0.9382333755493164,0.3311634659767151,0.0663418620824813,0.9971721771374021,-0.46923104302051266,3817.0,12.921874999999998,70.31250000000001,3817.7250551211937,-0.47602720389924646
0.265625,2026-05-04T22:12:08.773437Z,2026-05-04T22:13:10.197500Z,0.9386239051818848,0.3312100172042847,0.0662957280874252,0.9975520209182056,-0.4662193469611483,3817.0,14.874999999999998,62.50000000000001,3817.5884593439164,-0.47634686614691985
0.2734375,2026-05-04T22:12:08.781250Z,2026-05-04T22:13:10.205312500Z,0.938420832157135,0.3308996558189392,0.0653116106986999,0.9971929837998464,-0.46906607166529,3817.0,16.828124999999996,54.687500000000014,3817.4518635666386,-0.47666652839459434
0.28125,2026-05-04T22:12:08.789062Z,2026-05-04T22:13:10.213125Z,0.938420832157135,0.3309772312641144,0.0644505098462104,0.9971627019003394,-0.46930617004790015,3816.84375,16.906250000000004,48.04687500000001,3817.1913204330594,-0.47727625298019927
0.2890625,2026-05-04T22:12:08.796875Z,2026-05-04T22:13:10.220937500Z,0.9384832978248596,0.331023782491684,0.0630973502993583,0.9971504001333629,-0.46940370799639064,3816.453125,14.171875000000002,43.1640625,3816.744856265027,-0.47832107107270255
0.296875,2026-05-04T22:12:08.804687Z,2026-05-04T22:13:10.228750Z,0.9386863708496094,0.3308531045913696,0.0619748458266258,0.9972145010737621,-0.4688954660312504,3816.0625,11.4375,38.28125,3816.2983920969946,-0.47936588916520584
0.3046875,2026-05-04T22:12:08.812500Z,2026-05-04T22:13:10.236562500Z,0.9386082887649536,0.3308531045913696,0.0604217872023582,0.9970456804604036,-0.47023400677269833,3815.671875,8.703125,33.3984375,3815.8519279289626,-0.48041070725770807
0.3125,2026-05-04T22:12:08.820312Z,2026-05-04T22:13:10.244375Z,0.9388894438743592,0.3310548365116119,0.059053249657154,0.9972953318307992,-0.4682545771059948,3815.28125,5.968749999999998,28.515624999999996,3815.40546376093,-0.4814555253502114
0.3203125,2026-05-04T22:12:08.828125Z,2026-05-04T22:13:10.252187500Z,0.9383739233016968,0.3308841288089752,0.0574694350361824,0.9966607560216622,-0.4732859862281961,3814.453125,3.671874999999999,23.414062499999996,3814.532684012449,-0.48349800969112133
0.328125,2026-05-04T22:12:08.835937Z,2026-05-04T22:13:10.260000Z,0.9384989142417908,0.3310858607292175,0.0564391873776912,0.9967865574332757,-0.4722885350791537,3812.5,2.5,17.75,3812.5636641999567,-0.48810592152793386
0.3359375,2026-05-04T22:12:08.843750Z,2026-05-04T22:13:10.267812500Z,0.9387332201004028,0.3311634659767151,0.0549168810248374,0.9969479241862528,-0.4710090943232054,3810.546875,1.328125000000001,12.085937500000005,3810.594644387464,-0.4927138333647475
0.34375,2026-05-04T22:12:08.851562Z,2026-05-04T22:13:10.275625Z,0.9387488961219788,0.3308996558189392,0.0530562885105609,0.9967743184602229,-0.4723855751487208,3808.59375,0.1562500000000023,6.421875000000011,3808.625624574972,-0.49732174520156003
0.3515625,2026-05-04T22:12:08.859375Z,2026-05-04T22:13:10.283437500Z,0.93876451253891,0.3309462070465088,0.0508112721145153,0.9966875073636587,-0.4730738808434418,3806.640625,-1.0156249999999967,0.7578125000000163,3806.656604762479,-0.5019296570383736
0.359375,2026-05-04T22:12:08.867187Z,2026-05-04T22:13:10.291250Z,0.9386863708496094,0.3311944901943207,0.0493812263011932,0.9966245023402224,-0.4735734335290277,3805.0625,-1.7187500000000058,-3.9375000000000013,3805.0652635179613,-0.5056537232516745
0.3671875,2026-05-04T22:12:08.875000Z,2026-05-04T22:13:10.299062500Z,0.9384989142417908,0.3311789631843567,0.047336108982563,0.9963435275558801,-0.4758012195125036,3805.453125,0.03906249999999503,-3.546875000000001,3805.4567347553093,-0.5047375999415364
0.375,2026-05-04T22:12:08.882812Z,2026-05-04T22:13:10.306875Z,0.938873827457428,0.3312720656394958,0.0467210412025451,0.9966986009063465,-0.47298592263407857,3805.84375,1.796874999999996,-3.156250000000001,3805.8482059926573,-0.5038214766313985
0.3828125,2026-05-04T22:12:08.890625Z,2026-05-04T22:13:10.314687500Z,0.9389207363128662,0.3313651978969574,0.0454601421952247,0.9967154398242232,-0.47285241063473576,3806.234375,3.554687499999997,-2.7656250000000004,3806.2396772300053,-0.5029053533212606
0.390625,2026-05-04T22:12:08.898437Z,2026-05-04T22:13:10.322500Z,0.9391550421714784,0.3313496708869934,0.0442607477307319,0.9968770292381672,-0.47157120444996975,3806.625,5.312499999999997,-2.3750000000000004,3806.631148467353,-0.5019892300111237
0.3984375,2026-05-04T22:12:08.906250Z,2026-05-04T22:13:10.330312500Z,0.9381396174430848,0.3313341438770294,0.0424309074878692,0.9958356484004907,-0.47982807931177196,3807.1171875,7.132812499999997,-2.046874999999999,3807.1247480741586,-0.500834105285402
0.40625,2026-05-04T22:12:08.914062Z,2026-05-04T22:13:10.338125Z,0.939483106136322,0.3315203487873077,0.0419388487935066,0.9971424749822537,-0.46946654474026145,3810.046875,10.453124999999998,-3.2187499999999996,3810.0694285479403,-0.49394294658568544
0.4140625,2026-05-04T22:12:08.921875Z,2026-05-04T22:13:10.345937500Z,0.9383583068847656,0.3313496708869934,0.040385790169239,0.9959618107860143,-0.4788277660816386,3812.9765625,13.7734375,-4.390625,3813.0141090217226,-0.48705178788596787
0.421875,2026-05-04T22:12:08.929687Z,2026-05-04T22:13:10.353750Z,0.9388425946235656,0.3315979540348053,0.0395861938595771,0.9964686083082926,-0.4748094823084708,3815.90625,17.093750000000004,-5.562500000000001,3815.9587894955043,-0.4801606291862514
0.4296875,2026-05-04T22:12:08.937500Z,2026-05-04T22:13:10.361562500Z,0.9388894438743592,0.331396222114563,0.0387250930070877,0.9964118007525382,-0.4752598966641985,3818.8359375,20.414062500000004,-6.734375000000002,3818.9034699692866,-0.4732694704865339
0.4375,2026-05-04T22:12:08.945312Z,2026-05-04T22:13:10.369375Z,0.9391550421714784,0.3312565684318542,0.0388173535466194,0.9966192323559295,-0.4736152180513229,3821.765625,23.734375000000007,-7.906250000000003,3821.848150443069,-0.4663783117868163
0.4453125,2026-05-04T22:12:08.953125Z,2026-05-04T22:13:10.377187500Z,0.9388269782066344,0.3311944901943207,0.0382791683077812,0.9962686284682519,-0.4763950775627329,3820.0234375,20.945312499999996,-4.4062499999999964,3820.0966679971866,-0.47047714138880736
0.453125,2026-05-04T22:12:08.960937Z,2026-05-04T22:13:10.385000Z,0.9391862750053406,0.331380695104599,0.0384944416582584,0.9966774033181426,-0.47315399355188287,3817.875,17.625,-0.5000000000000001,3817.93682355829,-0.4755316221474687
0.4609375,2026-05-04T22:12:08.968750Z,2026-05-04T22:13:10.392812500Z,0.9385457634925842,0.3313496708869934,0.0384021811187267,0.9960599791586209,-0.4780494110949964,3815.7265625,14.304687500000004,3.4062499999999964,3815.7769791193937,-0.48058610290612996
0.46875,2026-05-04T22:12:08.976562Z,2026-05-04T22:13:10.400625Z,0.9387332201004028,0.3315358757972717,0.0387558490037918,0.9963122559181634,-0.4760491653071719,3813.578125,10.984375000000007,7.312499999999993,3813.617134680497,-0.4856405836647913
0.4765625,2026-05-04T22:12:08.984375Z,2026-05-04T22:13:10.408437500Z,0.939123809337616,0.3312255144119263,0.0397553406655788,0.9966164546974309,-0.47363724148194736,3811.4296875,7.66406250000001,11.21874999999999,3811.457290241601,-0.49069506442345157
0.484375,2026-05-04T22:12:08.992187Z,2026-05-04T22:13:10.416250Z,0.9389050602912904,0.3310548365116119,0.0395554415881633,0.996345647843938,-0.4757844082245178,3811.15625,5.437500000000003,15.749999999999993,3811.204359602703,-0.4912869742038803
0.4921875,2026-05-04T22:12:09.000000Z,2026-05-04T22:13:10.424062500Z,0.9386707544326782,0.3309772312641144,0.0394170507788658,0.9960935783020469,-0.47778301103010606,3811.3515625,3.4843749999999987,20.437500000000004,3811.4281574138045,-0.49076324123975007
0.5,2026-05-04T22:12:09.007812Z,2026-05-04T22:13:10.431875Z,0.9389832019805908,0.3308841288089752,0.0408624708652496,0.9964153259683488,-0.4752319460194815,3811.546875,1.531249999999995,25.12500000000001,3811.651955224906,-0.4902395082756198
0.5078125,2026-05-04T22:12:09.015625Z,2026-05-04T22:13:10.439687500Z,0.9390925765037536,0.3312100172042847,0.0422617644071579,0.9966850051404038,-0.4730937204098567,3811.7421875,-0.42187500000000877,29.81250000000002,3811.875753036008,-0.4897157753114885
0.515625,2026-05-04T22:12:09.023437Z,2026-05-04T22:13:10.447500Z,0.9387488961219788,0.3311013877391815,0.0436302982270717,0.9963840734658642,-0.4754797400951908,3811.9375,-2.3750000000000124,34.50000000000003,3812.0995508471096,-0.4891920423473583
0.5234375,2026-05-04T22:12:09.031250Z,2026-05-04T22:13:10.455312500Z,0.938998818397522,0.3313186466693878,0.0449988357722759,0.9967525880596636,-0.4725578706160691,3810.40625,-1.140624999999983,40.38281250000004,3810.6399904889777,-0.4926077141491905
0.53125,2026-05-04T22:12:09.039062Z,2026-05-04T22:13:10.463125Z,0.9388425946235656,0.3308841288089752,0.046275109052658,0.9965194980004247,-0.4744059893647869,3808.0625,1.5937500000000149,46.828125000000036,3808.3882615806183,-0.49787722348794594
0.5390625,2026-05-04T22:12:09.046875Z,2026-05-04T22:13:10.470937500Z,0.9389519691467284,0.3306668996810913,0.0473976209759712,0.9966031975582887,-0.47374235436184853,3805.71875,4.328125000000012,53.27343750000003,3806.136532672259,-0.5031467328267014
0.546875,2026-05-04T22:12:09.054687Z,2026-05-04T22:13:10.478750Z,0.9393268823623656,0.3307444751262665,0.0493043437600135,0.9970746301399692,-0.4700044712629078,3803.375,7.062500000000011,59.71875000000002,3803.8848037638995,-0.5084162421654569
0.5546875,2026-05-04T22:12:09.062500Z,2026-05-04T22:13:10.486562500Z,0.9386082887649536,0.3311479389667511,0.0502577051520347,0.9965793065016705,-0.473931781186,3801.03125,9.796875000000009,66.16406250000001,3801.63307485554,-0.5136857515042123
0.5625,2026-05-04T22:12:09.070312Z,2026-05-04T22:13:10.494375Z,0.9384832978248596,0.3314272463321686,0.0521029233932495,0.996649203347733,-0.47337758478609265,3802.515625,12.093750000000004,72.39062500000001,3803.237016460569,-0.5099321978525534
0.5703125,2026-05-04T22:12:09.078125Z,2026-05-04T22:13:10.502187500Z,0.9386863708496094,0.3312565684318542,0.0538866370916366,0.9968785214885031,-0.4715593727320815,3807.0078125,14.046875000000002,78.4453125,3807.870413468974,-0.4990890947084267
0.578125,2026-05-04T22:12:09.085937Z,2026-05-04T22:13:10.510000Z,0.9388269782066344,0.3308065533638,0.0555165782570838,0.9969509322019875,-0.47098524444177364,3811.5,16.0,84.5,3812.5038104773794,-0.4882459915643001
0.5859375,2026-05-04T22:12:09.093750Z,2026-05-04T22:13:10.517812500Z,0.9383426904678344,0.3307600021362305,0.0569158717989921,0.9965583777331926,-0.4740977206925492,3815.9921875,17.953124999999996,90.5546875,3817.137207485785,-0.47740288842017237
0.59375,2026-05-04T22:12:09.101562Z,2026-05-04T22:13:10.525625Z,0.9388894438743592,0.3312875926494598,0.0586842000484466,0.9973508370666283,-0.46781448855257163,3820.484375,19.906249999999996,96.60937499999999,3821.77060449419,-0.46655978527604575
0.6015625,2026-05-04T22:12:09.109375Z,2026-05-04T22:13:10.533437500Z,0.93807715177536,0.3313186466693878,0.0598835945129394,0.9966678650411062,-0.47322962040906863,3822.65625,18.851562500000014,99.3984375,3824.00170388263,-0.4613385532620902
0.609375,2026-05-04T22:12:09.117187Z,2026-05-04T22:13:10.541250Z,0.9387801289558412,0.3312875926494598,0.061436653137207,0.9974136864483671,-0.4673161699150624,3821.875,13.968750000000018,98.03125,3823.175333572932,-0.4632724299592622
0.6171875,2026-05-04T22:12:09.125000Z,2026-05-04T22:13:10.549062500Z,0.9383739233016968,0.331023782491684,0.062513031065464,0.9970106536846595,-0.47051172621372184,3821.09375,9.085937500000021,96.6640625,3822.3489632632336,-0.46520630665643425
0.625,2026-05-04T22:12:09.132812Z,2026-05-04T22:13:10.556875Z,0.9382333755493164,0.3309306800365448,0.0633741319179534,0.996901831967656,-0.4713745491763073,3820.3125,4.203125000000027,95.296875,3821.5225929535354,-0.46714018335360624
0.6328125,2026-05-04T22:12:09.140625Z,2026-05-04T22:13:10.564687500Z,0.9382333755493164,0.3312255144119263,0.0638661906123161,0.9970311422896672,-0.4703492766645071,3819.53125,-0.6796874999999691,93.92968750000001,3820.6962226438372,-0.46907406005077823
0.640625,2026-05-04T22:12:09.148437Z,2026-05-04T22:13:10.572500Z,0.9387332201004028,0.3312720656394958,0.0655115097761154,0.9976236754940592,-0.4656512139163552,3818.0625,-3.125000000000017,91.81250000000003,3819.1717002894325,-0.4726417563013587
0.6484375,2026-05-04T22:12:09.156250Z,2026-05-04T22:13:10.580312500Z,0.9384832978248596,0.3312410414218903,0.0664802491664886,0.9974423047714194,-0.46708926165667336,3815.1328125,-0.3906250000000116,88.10156250000001,3816.1636048400264,-0.4796813191029315
0.65625,2026-05-04T22:12:09.164062Z,2026-05-04T22:13:10.588125Z,0.938045859336853,0.3316445052623749,0.0667570307850837,0.9971833398372543,-0.4691425364795199,3812.203125,2.343749999999994,84.39062500000001,3813.1555093906204,-0.48672088190450424
0.6640625,2026-05-04T22:12:09.171875Z,2026-05-04T22:13:10.595937500Z,0.9379677772521972,0.3315048515796661,0.0669569298624992,0.9970768517225216,-0.46998685683361696,3809.2734375,5.078124999999999,80.6796875,3810.1474139412144,-0.49376044470607705
0.671875,2026-05-04T22:12:09.179687Z,2026-05-04T22:13:10.603750Z,0.938061535358429,0.3311634659767151,0.0666340216994285,0.9970299785686305,-0.47035850354733993,3806.34375,7.812500000000004,76.96875,3807.139318491808,-0.5008000075076509
0.6796875,2026-05-04T22:12:09.187500Z,2026-05-04T22:13:10.611562500Z,0.9389207363128662,0.3310858607292175,0.0670491904020309,0.9978404632939424,-0.46393235212205264,3804.3125,10.234375000000004,73.8828125,3805.0438528434865,-0.5057038286389948
0.6875,2026-05-04T22:12:09.195312Z,2026-05-04T22:13:10.619375Z,0.938405215740204,0.3311324119567871,0.0663726106286048,0.9973255970937448,-0.46801461063094535,3805.875,11.406250000000002,73.296875,3806.598906399503,-0.5020646830894251
0.6953125,2026-05-04T22:12:09.203125Z,2026-05-04T22:13:10.627187500Z,0.938045859336853,0.3310858607292175,0.066418744623661,0.9969750904767907,-0.47079369890462713,3807.4375,12.578125,72.7109375,3808.15395995552,-0.49842553753985425
0.703125,2026-05-04T22:12:09.210937Z,2026-05-04T22:13:10.635000Z,0.9379833936691284,0.3311789631843567,0.0657882913947105,0.9969054377119005,-0.4713459600397172,3809.0,13.75,72.125,3809.7090135115363,-0.49478639199028457
0.7109375,2026-05-04T22:12:09.218750Z,2026-05-04T22:13:10.642812500Z,0.9389519691467284,0.3312565684318542,0.0655268877744674,0.9978253792699273,-0.46405194996195787,3810.5625,14.921874999999998,71.5390625,3811.264067067553,-0.49114724644071484
0.71875,2026-05-04T22:12:09.226562Z,2026-05-04T22:13:10.650625Z,0.9385301470756532,0.3308841288089752,0.064665786921978,0.9972486187835812,-0.46862495436985274,3811.796875,15.890625000000002,70.56250000000001,3812.484705235707,-0.48829070176411005
0.7265625,2026-05-04T22:12:09.234375Z,2026-05-04T22:13:10.658437500Z,0.9389519691467284,0.3312720656394958,0.0635586529970169,0.9977032044693314,-0.46502064652645114,3809.2578125,14.523437500000004,65.09375000000001,3809.8595664434442,-0.4944340671266118
0.734375,2026-05-04T22:12:09.242187Z,2026-05-04T22:13:10.666250Z,0.9385301470756532,0.3310703635215759,0.0623131319880485,0.9971606435225547,-0.4693224904632289,3806.71875,13.156250000000005,59.62500000000002,3807.2344276511817,-0.5005774324891126
0.7421875,2026-05-04T22:12:09.250000Z,2026-05-04T22:13:10.674062500Z,0.9385613799095154,0.3308996558189392,0.0612521320581436,0.997067635499425,-0.47005993019741793,3804.1796875,11.789062500000005,54.15625000000002,3804.6092888589187,-0.5067207978516143
0.75,2026-05-04T22:12:09.257812Z,2026-05-04T22:13:10.681875Z,0.9386707544326782,0.3309151828289032,0.0599912330508232,0.9970990881035133,-0.4698105495610174,3801.640625,10.421875000000007,48.68750000000003,3801.9841500666557,-0.5128641632141161
0.7578125,2026-05-04T22:12:09.265625Z,2026-05-04T22:13:10.689687500Z,0.9387332201004028,0.3310858607292175,0.0580691322684288,0.9971007621184964,-0.46979727667204924,3799.1015625,9.054687500000007,43.21875000000003,3799.359011274393,-0.5190075285766168
0.765625,2026-05-04T22:12:09.273437Z,2026-05-04T22:13:10.697500Z,0.9382176995277404,0.3308996558189392,0.0565622001886367,0.9964669168710003,-0.47482289333501765,3799.75,12.749999999999982,34.56250000000004,3799.977209939712,-0.5175608163955859
0.7734375,2026-05-04T22:12:09.281250Z,2026-05-04T22:13:10.705312500Z,0.9385457634925842,0.330822080373764,0.055470447987318,0.9966887024706444,-0.4730644051084653,3800.53125,16.65624999999999,25.773437500000025,3800.730547665763,-0.5157978509835749
0.78125,2026-05-04T22:12:09.289062Z,2026-05-04T22:13:10.713125Z,0.9390144348144532,0.3310393095016479,0.0539327673614025,0.9971177847278094,-0.4696623082245478,3801.3125,20.562499999999996,16.984375000000007,3801.4838853918145,-0.5140348855715627
0.7890625,2026-05-04T22:12:09.296875Z,2026-05-04T22:13:10.720937500Z,0.9383426904678344,0.3314427733421326,0.0526103600859642,0.9965486273852937,-0.47417502901199116,3802.09375,24.468750000000007,8.195312499999991,3802.2372231178656,-0.5122719201595517
0.796875,2026-05-04T22:12:09.304687Z,2026-05-04T22:13:10.728750Z,0.9386707544326782,0.3312255144119263,0.0513340830802917,0.9967187741335831,-0.47282597364440565,3802.875,28.375000000000014,-0.5937500000000243,3802.990560843917,-0.5105089547475395
0.8046875,2026-05-04T22:12:09.312500Z,2026-05-04T22:13:10.736562500Z,0.9387332201004028,0.3312565684318542,0.0497195199131965,0.9967060766894711,-0.4729266488280702,3803.4921875,27.195312499999993,-1.8359374999999996,3803.59206060746,-0.5091013214354291
0.8125,2026-05-04T22:12:09.320312Z,2026-05-04T22:13:10.744375Z,0.9393424987792968,0.3308065533638,0.0475513860583305,0.997024794113686,-0.470399609926634,3804.078125,25.046874999999996,-1.6406249999999996,3804.164638854335,-0.5077613704280614
0.8203125,2026-05-04T22:12:09.328125Z,2026-05-04T22:13:10.752187500Z,0.9390612840652466,0.3308841288089752,0.0461059659719467,0.996717694247549,-0.4728345358183255,3804.6640625,22.898437499999996,-1.4453124999999998,3804.73721710121,-0.5064214194206936
0.828125,2026-05-04T22:12:09.335937Z,2026-05-04T22:13:10.760000Z,0.9388113617897034,0.3311479389667511,0.0443530082702636,0.9964903009312165,-0.4746374863715127,3805.25,20.75,-1.25,3805.3097953480847,-0.5050814684133258
0.8359375,2026-05-04T22:12:09.343750Z,2026-05-04T22:13:10.767812500Z,0.9388113617897034,0.3313186466693878,0.0436764284968376,0.9965171594420796,-0.4744245312688759,3805.8359375,18.6015625,-1.0546875000000002,3805.88237359496,-0.503741517405957
0.84375,2026-05-04T22:12:09.351562Z,2026-05-04T22:13:10.775625Z,0.9389519691467284,0.3314427733421326,0.0431536175310611,0.9966681228329017,-0.47322757643579827,3807.265625,15.890625000000005,-0.7187500000000007,3807.3025007541646,-0.5004181274099998
0.8515625,2026-05-04T22:12:09.359375Z,2026-05-04T22:13:10.783437500Z,0.9390144348144532,0.3313341438770294,0.0421695001423358,0.9966487297091616,-0.4733813401599885,3809.0234375,12.960937500000007,-0.328125000000001,3809.0522302681647,-0.4963234000295899
0.859375,2026-05-04T22:12:09.367187Z,2026-05-04T22:13:10.791250Z,0.9387488961219788,0.3313496708869934,0.0408624708652496,0.9963492539729057,-0.4757558160375434,3810.78125,10.03125000000001,0.06249999999999865,3810.8019597821644,-0.4922286726491811
0.8671875,2026-05-04T22:12:09.375000Z,2026-05-04T22:13:10.799062500Z,0.9385926723480223,0.3312410414218903,0.039724588394165,0.9961199099660373,-0.47757423317804143,3812.5390625,7.101562500000013,0.45312499999999833,3812.5516892961646,-0.48813394526877113
0.875,2026-05-04T22:12:09.382812Z,2026-05-04T22:13:10.806875Z,0.93876451253891,0.3312255144119263,0.0389096140861511,0.9962445028546937,-0.47658636413620115,3814.296875,4.171875000000016,0.843749999999998,3814.3014188101643,-0.48403921788836224
0.8828125,2026-05-04T22:12:09.390625Z,2026-05-04T22:13:10.814687500Z,0.938873827457428,0.3313031196594238,0.0387097150087356,0.9963655268106602,-0.47562679236039923,3814.8828125,3.3515624999999973,2.992187499999985,3814.889500104669,-0.48266298655703477
0.890625,2026-05-04T22:12:09.398437Z,2026-05-04T22:13:10.822500Z,0.93876451253891,0.3317686319351196,0.0388942398130893,0.9964246067962976,-0.47515836041831155,3814.6875,3.9374999999999982,6.312499999999991,3814.7031492528436,-0.48309908592509526
0.8984375,2026-05-04T22:12:09.406250Z,2026-05-04T22:13:10.830312500Z,0.9391081929206848,0.3320324420928955,0.0388788618147373,0.9968356466885279,-0.471899317395275,3814.4921875,4.523437499999999,9.632812499999996,3814.516798401018,-0.4835351852931557
0.90625,2026-05-04T22:12:09.414062Z,2026-05-04T22:13:10.838125Z,0.93876451253891,0.3312565684318542,0.0391402691602706,0.996263863041114,-0.4764328615646245,3814.296875,5.109375000000001,12.953125000000004,3814.3304475491927,-0.4839712846612162
0.9140625,2026-05-04T22:12:09.421875Z,2026-05-04T22:13:10.845937500Z,0.9390612840652466,0.3311169147491455,0.0394939333200454,0.9965110522379322,-0.4744729539194339,3814.1015625,5.695312500000002,16.27343750000001,3814.1440966973673,-0.4844073840292767
0.921875,2026-05-04T22:12:09.429687Z,2026-05-04T22:13:10.853750Z,0.9389519691467284,0.3313496708869934,0.0395246893167495,0.9964866310327616,-0.4746665841724337,3813.53125,7.31250000000001,19.40625000000001,3813.592343522204,-0.485698600080382
0.9296875,2026-05-04T22:12:09.437500Z,2026-05-04T22:13:10.861562500Z,0.9389519691467284,0.3315669298171997,0.0402935296297073,0.996589683793156,-0.4738495019716139,3812.5546875,10.046875000000007,22.335937500000007,3812.6447378300913,-0.4879161925381185
0.9375,2026-05-04T22:12:09.445312Z,2026-05-04T22:13:10.869375Z,0.9384676814079284,0.3312875926494598,0.0412161387503147,0.9960782239282879,-0.4779047524124347,3811.578125,12.781250000000005,25.265625000000004,3811.6971321379783,-0.4901337849958561
0.9453125,2026-05-04T22:12:09.453125Z,2026-05-04T22:13:10.877187500Z,0.9388269782066344,0.3311013877391815,0.0420926176011562,0.9963914955618245,-0.4754208919626546,3810.6015625,15.515625000000004,28.195312500000004,3810.7495264458657,-0.4923513774535926
0.953125,2026-05-04T22:12:09.460937Z,2026-05-04T22:13:10.885000Z,0.9389832019805908,0.3309462070465088,0.0429998487234115,0.996525881525628,-0.47435537582661325,3809.625,18.25,31.125,3809.801920753753,-0.4945689699113291
0.9609375,2026-05-04T22:12:09.468750Z,2026-05-04T22:13:10.892812500Z,0.9390612840652466,0.3312255144119263,0.0439224578440189,0.9967324710928076,-0.4727173735298154,3809.7734375,19.015625000000004,34.61718749999999,3809.984338799687,-0.49414207411892813
0.96875,2026-05-04T22:12:09.476562Z,2026-05-04T22:13:10.900625Z,0.9389519691467284,0.3312565684318542,0.0450142100453376,0.9966885138295576,-0.4730659008012913,3811.921875,16.281250000000004,39.10937499999999,3812.1756879354825,-0.48901386588183565
0.9765625,2026-05-04T22:12:09.484375Z,2026-05-04T22:13:10.908437500Z,0.9391081929206848,0.3312565684318542,0.0471977218985557,0.9969366765709923,-0.4710982741394068,3814.0703125,13.546875000000007,43.601562499999986,3814.367037071278,-0.4838856576447432
0.984375,2026-05-04T22:12:09.492187Z,2026-05-04T22:13:10.916250Z,0.9388894438743592,0.3312100172042847,0.0489506796002388,0.9967996951988355,-0.4721843686855865,3816.21875,10.812500000000009,48.093749999999986,3816.5583862070735,-0.4787574494076507
0.9921875,2026-05-04T22:12:09.500000Z,2026-05-04T22:13:10.924062500Z,0.9382176995277404,0.3309927582740784,0.0500424318015575,0.9961490363984805,-0.4773432962343666,3818.3671875,8.07812500000001,52.58593749999998,3818.749735342869,-0.4736292411705582
1.0,2026-05-04T22:12:09.507812Z,2026-05-04T22:13:10.931875Z,0.9387019872665404,0.3307754993438721,0.0508881583809852,0.9965758659167642,-0.4739590608112773,3819.71875,6.1874999999999964,57.54687499999997,3820.163733269579,-0.47032019484081644
1.0078125,2026-05-04T22:12:09.515625Z,2026-05-04T22:13:10.939687500Z,0.9390769004821776,0.3308375775814056,0.0521644316613674,0.9970155744469089,-0.470472710594605,3818.546875,6.968749999999998,63.992187499999986,3819.116119034185,-0.4727718278843539
1.015625,2026-05-04T22:12:09.523437Z,2026-05-04T22:13:10.947500Z,0.9392800331115724,0.3309306800365448,0.053809754550457,0.9973252154018302,-0.4680176369804429,3817.375,7.749999999999999,70.4375,3818.068504798791,-0.4752234609278914
1.0234375,2026-05-04T22:12:09.531250Z,2026-05-04T22:13:10.955312500Z,0.9386082887649536,0.3310858607292175,0.0553628131747245,0.9968291769384064,-0.47195061459146587,3816.203125,8.53125,76.88281250000001,3817.0208905633967,-0.4776750939714289
1.03125,2026-05-04T22:12:09.539062Z,2026-05-04T22:13:10.963125Z,0.9388894438743592,0.3313496708869934,0.0576539561152458,0.9973113710729268,-0.4681274055561313,3815.03125,9.312500000000002,83.32812500000001,3815.9732763280026,-0.4801267270149664
1.0390625,2026-05-04T22:12:09.546875Z,2026-05-04T22:13:10.970937500Z,0.938155233860016,0.331380695104599,0.0589148551225662,0.9967042530565732,-0.4729411080038944,3813.8125,10.046875000000002,89.32812500000001,3814.8723367401976,-0.48270315236430866
1.046875,2026-05-04T22:12:09.554687Z,2026-05-04T22:13:10.978750Z,0.9386082887649536,0.3308686316013336,0.0605909302830696,0.9970610974000447,-0.4701117693195377,3812.25,10.437500000000002,92.06250000000001,3813.3803445680483,-0.48619472128954816
1.0546875,2026-05-04T22:12:09.562500Z,2026-05-04T22:13:10.986562500Z,0.9388425946235656,0.3311944901943207,0.0611598715186119,0.9974245523841679,-0.46723001634960626,3810.6875,10.828125000000002,94.79687500000001,3811.888352395899,-0.48968629021478766
1.0625,2026-05-04T22:12:09.570312Z,2026-05-04T22:13:10.994375Z,0.93828022480011,0.3312875926494598,0.0618979558348655,0.9969717178691451,-0.47082043955346586,3809.125,11.21875,97.53125,3810.396360223749,-0.49317785914002826
1.0703125,2026-05-04T22:12:09.578125Z,2026-05-04T22:13:11.002187500Z,0.9379990100860596,0.3313651978969574,0.0626360476016998,0.9967789683570174,-0.47234870716098437,3807.5625,11.609375,100.265625,3808.9043680515997,-0.49666942806526776
1.078125,2026-05-04T22:12:09.585937Z,2026-05-04T22:13:11.010000Z,0.9381396174430848,0.3313031196594238,0.0642352327704429,0.9969924092195471,-0.4706563824815375,3806.0,12.0,103.0,3807.4123758794503,-0.5001609969905073
1.0859375,2026-05-04T22:12:09.593750Z,2026-05-04T22:13:11.017812500Z,0.9387176036834716,0.3312720656394958,0.0653577446937561,0.9975988952127763,-0.46584769120323244,3808.9296875,11.21875,98.1171875,3810.223321364795,-0.49358280570346247
1.09375,2026-05-04T22:12:09.601562Z,2026-05-04T22:13:11.025625Z,0.9384676814079284,0.3315979540348053,0.0658498033881187,0.9975043803279741,-0.466597078505318,3811.859375,10.437500000000002,93.23437500000001,3813.0342668501403,-0.4870046144164166
1.1015625,2026-05-04T22:12:09.609375Z,2026-05-04T22:13:11.033437500Z,0.938420832157135,0.3315358757972717,0.0664802491664886,0.9974814878965885,-0.4667785874542002,3814.7890625,9.656250000000002,88.35156250000001,3815.845212335485,-0.48042642312937184
1.109375,2026-05-04T22:12:09.617187Z,2026-05-04T22:13:11.041250Z,0.9382646083831788,0.3312100172042847,0.0666186437010765,0.9972354759681754,-0.46872916080251503,3817.71875,8.875000000000004,83.46875000000001,3818.65615782083,-0.47384823184232705
1.1171875,2026-05-04T22:12:09.625000Z,2026-05-04T22:13:11.049062500Z,0.9386863708496094,0.3313186466693878,0.0666032657027244,0.9976673511005122,-0.465304919838388,3820.6484375,8.093750000000004,78.58593750000003,3821.4671033061745,-0.46727004055528226
1.125,2026-05-04T22:12:09.632812Z,2026-05-04T22:13:11.056875Z,0.9378896355628968,0.3313031196594238,0.0663726106286048,0.9968972108668106,-0.47141118884742855,3821.0,9.374999999999991,77.3125,3821.7950624776304,-0.46650254855822104
1.1328125,2026-05-04T22:12:09.640625Z,2026-05-04T22:13:11.064687500Z,0.9383114576339722,0.3309462070465088,0.0658651739358902,0.9971419179952598,-0.46947096096508767,3821.0,10.937499999999991,76.53125,3821.784432606283,-0.4665274246461577
1.140625,2026-05-04T22:12:09.648437Z,2026-05-04T22:13:11.072500Z,0.9383583068847656,0.3310703635215759,0.0653577446937561,0.9971938289487188,-0.46905937066962544,3821.0,12.49999999999999,75.75,3821.773802734936,-0.4665523007340943
1.1484375,2026-05-04T22:12:09.656250Z,2026-05-04T22:13:11.080312500Z,0.9387488961219788,0.3313341438770294,0.064911812543869,0.9976198415612473,-0.46568161230886546,3821.0,14.062499999999988,74.96875,3821.7631728635884,-0.466577176822032
1.15625,2026-05-04T22:12:09.664062Z,2026-05-04T22:13:11.088125Z,0.9385613799095154,0.3311944901943207,0.0645581483840942,0.9973740565683029,-0.4676303863367978,3821.0,15.624999999999986,74.1875,3821.752542992241,-0.46660205290996865
1.1640625,2026-05-04T22:12:09.671875Z,2026-05-04T22:13:11.095937500Z,0.9381240010261536,0.3312720656394958,0.0637277960777282,0.9969348297493179,-0.47111291717383347,3821.4453125,17.039062499999986,68.50781250000007,3822.1208138702436,-0.4657402232182942
1.171875,2026-05-04T22:12:09.679687Z,2026-05-04T22:13:11.103750Z,0.9383739233016968,0.3313031196594238,0.0633587539196014,0.9971568125059016,-0.46935286573417107,3822.03125,18.406249999999986,61.28125000000008,3822.608737616462,-0.4645983811751635
1.1796875,2026-05-04T22:12:09.687500Z,2026-05-04T22:13:11.111562500Z,0.9383270740509032,0.3310393095016479,0.0620824769139289,0.9969448110462412,-0.47103377771142685,3822.6171875,19.773437499999986,54.054687500000085,3823.09666136268,-0.4634565391320327
1.1875,2026-05-04T22:12:09.695312Z,2026-05-04T22:13:11.119375Z,0.938514530658722,0.3307754993438721,0.0604832917451858,0.9969353960032127,-0.4711084274738313,3823.203125,21.140624999999982,46.82812500000009,3823.5845851088984,-0.462314697088902
1.1953125,2026-05-04T22:12:09.703125Z,2026-05-04T22:13:11.127187500Z,0.9387019872665404,0.3307754993438721,0.059053249657154,0.9970261471794059,-0.4703888817723181,3823.7890625,22.507812499999982,39.60156250000009,3824.0725088551167,-0.4611728550457712
1.203125,2026-05-04T22:12:09.710937Z,2026-05-04T22:13:11.135000Z,0.9391550421714784,0.3307444751262665,0.0576847121119499,0.9973623348984557,-0.46772332482538725,3821.75,21.62500000000002,32.62500000000007,3821.969571595173,-0.46609416128692266
1.2109375,2026-05-04T22:12:09.718750Z,2026-05-04T22:13:11.142812500Z,0.9383426904678344,0.3309306800365448,0.055808737874031,0.996552424595393,-0.4741449217856249,3818.234375,19.476562500000014,25.78906250000004,3818.409275019264,-0.47442598843798084
1.21875,2026-05-04T22:12:09.726562Z,2026-05-04T22:13:11.150625Z,0.9386239051818848,0.3308686316013336,0.054486334323883,0.9967234558214655,-0.47278885359227085,3814.71875,17.328125000000004,18.953125000000007,3814.8489784433546,-0.48275781558904013
1.2265625,2026-05-04T22:12:09.734375Z,2026-05-04T22:13:11.158437500Z,0.9386082887649536,0.3309927582740784,0.0537482425570488,0.9967098872521173,-0.47289643573235685,3811.203125,15.179687499999993,12.117187499999977,3811.288681867445,-0.4910896427400994
1.234375,2026-05-04T22:12:09.742187Z,2026-05-04T22:13:11.166250Z,0.9384989142417908,0.3310858607292175,0.0521644316613674,0.9965536549219919,-0.4741351668022422,3807.6875,13.031249999999982,5.281249999999945,3807.7283852915357,-0.49942146989115865
1.2421875,2026-05-04T22:12:09.750000Z,2026-05-04T22:13:11.174062500Z,0.9387801289558412,0.3309927582740784,0.0507651418447494,0.9967153235396483,-0.4728533326290228,3806.8125,10.98437499999998,2.7109375000000133,3806.8310999872115,-0.5015213022791123
1.25,2026-05-04T22:12:09.757812Z,2026-05-04T22:13:11.181875Z,0.9387801289558412,0.3311013877391815,0.0491967052221298,0.9966727523564948,-0.4731908699826022,3808.375,9.031249999999982,4.078125000000012,3808.3919789335814,-0.49786852411650656
1.2578125,2026-05-04T22:12:09.765625Z,2026-05-04T22:13:11.189687500Z,0.9384832978248596,0.3309927582740784,0.0471669659018516,0.9962589166469191,-0.4764720804136823,3809.9375,7.078124999999985,5.4453125000000115,3809.952857879951,-0.49421574595390194
1.265625,2026-05-04T22:12:09.773437Z,2026-05-04T22:13:11.197500Z,0.93876451253891,0.3313031196594238,0.0453986302018165,0.996544832269319,-0.47420511963451406,3811.5,5.124999999999987,6.81250000000001,3811.513736826321,-0.4905629677912962
1.2734375,2026-05-04T22:12:09.781250Z,2026-05-04T22:13:11.205312500Z,0.9392644166946412,0.3315669298171997,0.044522151350975,0.9970639374573967,-0.4700892511424136,3813.0625,3.171874999999988,8.179687500000009,3813.074615772691,-0.48691018962869054
1.28125,2026-05-04T22:12:09.789062Z,2026-05-04T22:13:11.213125Z,0.9384520649909972,0.3312720656394958,0.0435072854161262,0.9961557828187344,-0.4772898053828105,3813.6875,1.843749999999998,7.593749999999981,3813.6986030441,-0.48544993091737415
1.2890625,2026-05-04T22:12:09.796875Z,2026-05-04T22:13:11.220937500Z,0.938998818397522,0.3315203487873077,0.0430306047201156,0.9967327402842647,-0.47271523917118796,3812.90625,1.4531249999999982,4.078124999999984,3812.9172528030685,-0.4872784513829897
1.296875,2026-05-04T22:12:09.804687Z,2026-05-04T22:13:11.228750Z,0.9389832019805908,0.3320324420928955,0.0425692982971668,0.9968686680608475,-0.47163749834777213,3812.125,1.0624999999999987,0.5624999999999875,3812.135902562037,-0.4891069718486063
1.3046875,2026-05-04T22:12:09.812500Z,2026-05-04T22:13:11.236562500Z,0.9387801289558412,0.3316445052623749,0.0414467900991439,0.9965009005528263,-0.4745534443514871,3811.34375,0.6718749999999989,-2.9531250000000093,3811.354552321005,-0.4909354923142229
1.3125,2026-05-04T22:12:09.820312Z,2026-05-04T22:13:11.244375Z,0.9385457634925842,0.3317065834999084,0.0407855883240699,0.9962734925320457,-0.476356511492942,3810.5625,0.2812499999999992,-6.468750000000006,3810.5732020799737,-0.49276401277983845
1.3203125,2026-05-04T22:12:09.828125Z,2026-05-04T22:13:11.252187500Z,0.9386863708496094,0.331411749124527,0.039309412240982,0.9962485032196136,-0.4765546461408723,3809.78125,1.3671875000000042,-7.8515624999999964,3809.796823298265,-0.49458089900687874
1.328125,2026-05-04T22:12:09.835937Z,2026-05-04T22:13:11.260000Z,0.9389519691467284,0.3313031196594238,0.0389096140861511,0.9964469456669123,-0.4749812405285019,3809.0,6.25,-3.75,3809.0332282690993,-0.4963678686204398
1.3359375,2026-05-04T22:12:09.843750Z,2026-05-04T22:13:11.267812500Z,0.938873827457428,0.331411749124527,0.039309412240982,0.9964251307715347,-0.4751542059362942,3808.21875,11.132812499999995,0.35156249999999656,3808.269633239934,-0.49815483823399975
1.34375,2026-05-04T22:12:09.851562Z,2026-05-04T22:13:11.275625Z,0.9391394257545472,0.3314427733421326,0.0395400673151016,0.9966948329005161,-0.4730157983063543,3807.4375,16.01562499999999,4.453124999999993,3807.5060382107686,-0.4999418078475608
1.3515625,2026-05-04T22:12:09.859375Z,2026-05-04T22:13:11.283437500Z,0.9386863708496094,0.3314427733421326,0.0402320213615894,0.9962956540918835,-0.4761807974604739,3806.65625,20.898437499999986,8.55468749999999,3806.7424431816034,-0.5017287774611208
1.359375,2026-05-04T22:12:09.867187Z,2026-05-04T22:13:11.291250Z,0.9392800331115724,0.3318927884101868,0.0405088067054748,0.9970159311773644,-0.4704698821589127,3805.84375,24.187500000000018,12.624999999999986,3805.945829831799,-0.5035930167443611
1.3671875,2026-05-04T22:12:09.875000Z,2026-05-04T22:13:11.299062500Z,0.9387332201004028,0.331380695104599,0.0405703112483024,0.996332862934302,-0.4758857769026847,3804.8671875,19.10937500000002,16.531249999999982,3804.975870298638,-0.5058629217934251
1.375,2026-05-04T22:12:09.882812Z,2026-05-04T22:13:11.306875Z,0.93924880027771,0.3312100172042847,0.0412622690200805,0.9967903285868426,-0.4722586344491827,3803.890625,14.031250000000027,20.43749999999998,3804.0059107654765,-0.508132826842489
1.3828125,2026-05-04T22:12:09.890625Z,2026-05-04T22:13:11.314687500Z,0.9386551380157472,0.3308841288089752,0.0415544286370277,0.9961348028055167,-0.47745615119739654,3802.9140625,8.953125000000032,24.343749999999975,3803.0359512323157,-0.5104027318915518
1.390625,2026-05-04T22:12:09.898437Z,2026-05-04T22:13:11.322500Z,0.9388269782066344,0.3310082852840424,0.0422617644071579,0.9963677216098926,-0.47560939029003874,3801.9375,3.875000000000036,28.24999999999997,3802.0659916991544,-0.5126726369406158
1.3984375,2026-05-04T22:12:09.906250Z,2026-05-04T22:13:11.330312500Z,0.9387957453727722,0.3310703635215759,0.0432920083403587,0.9964031488902818,-0.4753284953376022,3801.15625,-0.9218750000000157,32.20312499999996,3801.2935488370367,-0.5144803123052981
1.40625,2026-05-04T22:12:09.914062Z,2026-05-04T22:13:11.338125Z,0.9391706585884094,0.3313651978969574,0.04495270550251,0.996927864021601,-0.4711681468650267,3805.0625,1.0312499999999827,37.28124999999996,3805.2615060799644,-0.5051944752448216
1.4140625,2026-05-04T22:12:09.921875Z,2026-05-04T22:13:11.345937500Z,0.9391394257545472,0.3311479389667511,0.0464750081300735,0.996896055197932,-0.471420351886508,3808.96875,2.984374999999981,42.35937499999995,3809.229463322892,-0.4959086381843452
1.421875,2026-05-04T22:12:09.929687Z,2026-05-04T22:13:11.353750Z,0.9391550421714784,0.3309306800365448,0.0479050539433956,0.996906315768378,-0.47133899812704,3812.875,4.937499999999979,47.43749999999994,3813.19742056582,-0.48662280112386874
1.4296875,2026-05-04T22:12:09.937500Z,2026-05-04T22:13:11.361562500Z,0.9386239051818848,0.3309462070465088,0.0492274612188339,0.9964755743496246,-0.47475425013069356,3816.78125,6.890624999999977,52.51562499999994,3817.165377808747,-0.4773369640633933
1.4375,2026-05-04T22:12:09.945312Z,2026-05-04T22:13:11.369375Z,0.9388582110404968,0.3309617340564728,0.0506267510354518,0.9967715273663444,-0.4724077051054554,3820.6875,8.843749999999975,57.593749999999936,3821.1333350516747,-0.4680511270029169
1.4453125,2026-05-04T22:12:09.953125Z,2026-05-04T22:13:11.377187500Z,0.9384364485740662,0.3310082852840424,0.0518568977713584,0.9964530048052728,-0.4749331989807771,3820.28125,11.335937499999979,63.03124999999996,3820.836476327914,-0.46874583754792964
1.453125,2026-05-04T22:12:09.960937Z,2026-05-04T22:13:11.385000Z,0.9387957453727722,0.3310393095016479,0.0530409105122089,0.9968639897966578,-0.47167459125421646,3819.5,13.874999999999991,68.49999999999999,3820.168764041832,-0.47030842179776916
1.4609375,2026-05-04T22:12:09.968750Z,2026-05-04T22:13:11.392812500Z,0.938389539718628,0.3308686316013336,0.0542249269783496,0.9964884958377016,-0.47465179855273115,3818.71875,16.414062500000004,73.96875,3819.5010517557507,-0.4718710060476075
1.46875,2026-05-04T22:12:09.976562Z,2026-05-04T22:13:11.400625Z,0.939358115196228,0.3311013877391815,0.0561162754893302,0.9975824947956015,-0.46597772642895874,3817.9375,18.953125000000014,79.43750000000003,3818.833339469669,-0.4734335902974459
1.4765625,2026-05-04T22:12:09.984375Z,2026-05-04T22:13:11.408437500Z,0.9384832978248596,0.3308996558189392,0.0574079267680645,0.9967653447893963,-0.47245672537002875,3817.15625,21.49218750000003,84.90625000000006,3818.1656271835873,-0.4749961745472854
1.484375,2026-05-04T22:12:09.992187Z,2026-05-04T22:13:11.416250Z,0.9387488961219788,0.3313651978969574,0.0593300312757492,0.9972825261472823,-0.4683561104955998,3816.21875,18.874999999999957,88.96875000000004,3817.3155623574994,-0.4769855012921649
1.4921875,2026-05-04T22:12:10.000000Z,2026-05-04T22:13:11.424062500Z,0.9384520649909972,0.331380695104599,0.0604217872023582,0.9970738366553407,-0.47001076262438257,3815.2421875,14.968749999999963,92.67968750000004,3816.41990939641,-0.47908151366080487
1.5,2026-05-04T22:12:10.007812Z,2026-05-04T22:13:11.431875Z,0.938155233860016,0.3314737975597382,0.0617288127541542,0.9969054958277905,-0.4713454992518731,3814.265625,11.062499999999966,96.39062500000003,3815.5242564353202,-0.48117752602944486
1.5078125,2026-05-04T22:12:10.015625Z,2026-05-04T22:13:11.439687500Z,0.9387176036834716,0.331023782491684,0.0624976530671119,0.9973331643333826,-0.46795461168677627,3813.2890625,7.156249999999969,100.10156250000003,3814.6286034742307,-0.48327353839808485
1.515625,2026-05-04T22:12:10.023437Z,2026-05-04T22:13:11.447500Z,0.9383739233016968,0.3312255144119263,0.0628205686807632,0.9970969788237443,-0.4698272735667525,3812.3125,3.2499999999999725,103.81250000000003,3813.732950513141,-0.48536955076672483
1.5234375,2026-05-04T22:12:10.031250Z,2026-05-04T22:13:11.455312500Z,0.938639521598816,0.3313186466693878,0.0634202659130096,0.9974158246521687,-0.46729921657716733,3812.3984375,4.656250000000024,102.87499999999999,3813.798968339653,-0.4852150554577922
1.53125,2026-05-04T22:12:10.039062Z,2026-05-04T22:13:11.463125Z,0.9381240010261536,0.3315203487873077,0.0643736273050308,0.9970588482400544,-0.4701296024041421,3812.984375,8.562500000000021,99.74999999999999,3814.3175371250372,-0.4840014977123531
1.5390625,2026-05-04T22:12:10.046875Z,2026-05-04T22:13:11.470937500Z,0.938420832157135,0.3314583003520966,0.0655115097761154,0.9973916086532594,-0.46749121979579195,3813.5703125,12.468750000000018,96.62499999999999,3814.836105910421,-0.4827879399669151
1.546875,2026-05-04T22:12:10.054687Z,2026-05-04T22:13:11.478750Z,0.9379833936691284,0.3315203487873077,0.0663111060857772,0.9970535347961175,-0.47017173150819824,3814.15625,16.375000000000014,93.49999999999999,3815.3546746958045,-0.4815743822214771
1.5546875,2026-05-04T22:12:10.062500Z,2026-05-04T22:13:11.486562500Z,0.9378896355628968,0.3316134810447693,0.0666186437010765,0.9970168067768487,-0.47046293972718267,3814.7421875,20.28125000000001,90.37499999999999,3815.8732434811886,-0.480360824476038
1.5625,2026-05-04T22:12:10.070312Z,2026-05-04T22:13:11.494375Z,0.9384676814079284,0.3313651978969574,0.0663572326302528,0.9974606587464029,-0.4669437371096752,3815.109375,20.578124999999996,87.6875,3816.1764426793848,-0.4796512759151672
1.5703125,2026-05-04T22:12:10.078125Z,2026-05-04T22:13:11.502187500Z,0.938420832157135,0.3313341438770294,0.0656806528568267,0.997361479747896,-0.4677301051221855,3815.3046875,18.039062499999996,85.34375,3816.310422916219,-0.47933773457074247
1.578125,2026-05-04T22:12:10.085937Z,2026-05-04T22:13:11.510000Z,0.9385770559310912,0.3309151828289032,0.0655268877744674,0.9973592738669295,-0.46774759505712754,3815.5,15.5,83.0,3816.444403153054,-0.4790241932263167
1.5859375,2026-05-04T22:12:10.093750Z,2026-05-04T22:13:11.517812500Z,0.9379990100860596,0.3311944901943207,0.0643890053033828,0.9968339266204089,-0.4719129554292181,3815.6953125,12.960937500000002,80.65625,3816.578383389888,-0.47871065188189194
1.59375,2026-05-04T22:12:10.101562Z,2026-05-04T22:13:11.525625Z,0.9386707544326782,0.3310703635215759,0.0647119134664535,0.9974457391627936,-0.4670620311385218,3815.890625,10.421875000000004,78.3125,3816.7123636267224,-0.4783971105374672
1.6015625,2026-05-04T22:12:10.109375Z,2026-05-04T22:13:11.533437500Z,0.93828022480011,0.3310082852840424,0.0639430731534957,0.9970080149035615,-0.4705326485166155,3817.2890625,8.9140625,74.76562500000001,3818.0386779711876,-0.475293261846651
1.609375,2026-05-04T22:12:10.117187Z,2026-05-04T22:13:11.541250Z,0.9389519691467284,0.3308686316013336,0.0634356364607811,0.997561492698792,-0.4661442473393856,3820.21875,8.71875,69.68750000000001,3820.8825084526375,-0.46863811289679086
1.6171875,2026-05-04T22:12:10.125000Z,2026-05-04T22:13:11.549062500Z,0.9386551380157472,0.3311789631843567,0.0621593669056892,0.9973047481453916,-0.468179917261646,3823.1484375,8.5234375,64.60937500000003,3823.7263389340874,-0.4619829639469307
1.625,2026-05-04T22:12:10.132812Z,2026-05-04T22:13:11.556875Z,0.9387176036834716,0.3312875926494598,0.061190627515316,0.9973397121364574,-0.46790269562624126,3826.078125,8.328125000000002,59.53125000000003,3826.570169415537,-0.45532781499707164
1.6328125,2026-05-04T22:12:10.140625Z,2026-05-04T22:13:11.564687500Z,0.9379990100860596,0.3307289481163025,0.059714451432228,0.9963882756006293,-0.47544642231205897,3829.0078125,8.132812500000002,54.45312500000003,3829.4139998969868,-0.4486726660472115
1.640625,2026-05-04T22:12:10.148437Z,2026-05-04T22:13:11.572500Z,0.938405215740204,0.3311324119567871,0.0585919395089149,0.9968380202180064,-0.4718804982129204,3829.9375,8.749999999999984,49.12500000000004,3830.270457467272,-0.4466683789644673
1.6484375,2026-05-04T22:12:10.156250Z,2026-05-04T22:13:11.580312500Z,0.9388425946235656,0.3307600021362305,0.0565314479172229,0.9970072221886286,-0.47053893377534645,3826.6171875,11.09374999999998,43.26562500000005,3826.903747601333,-0.4545471733493434
1.65625,2026-05-04T22:12:10.164062Z,2026-05-04T22:13:11.588125Z,0.9386863708496094,0.3306513726711273,0.0553474351763725,0.9967576293406105,-0.4725178994312576,3823.296875,13.437499999999979,37.40625000000005,3823.5370377353943,-0.4624259677342195
1.6640625,2026-05-04T22:12:10.171875Z,2026-05-04T22:13:11.595937500Z,0.9393737316131592,0.3307444751262665,0.0541634187102317,0.9973708394562982,-0.46765589409561,3819.9765625,15.781249999999977,31.546875000000057,3820.170327869455,-0.4703047621190967
1.671875,2026-05-04T22:12:10.179687Z,2026-05-04T22:13:11.603750Z,0.9386863708496094,0.3312100172042847,0.0527179986238479,0.9968005646538213,-0.4721774749722053,3816.65625,18.124999999999975,25.687500000000064,3816.803618003516,-0.4781835565039728
1.6796875,2026-05-04T22:12:10.187500Z,2026-05-04T22:13:11.611562500Z,0.9383114576339722,0.3311324119567871,0.051903024315834,0.9963789388122568,-0.4755204516108642,3813.9609375,20.19531249999999,20.02343750000005,3814.070164310492,-0.48458040103928574
1.6875,2026-05-04T22:12:10.195312Z,2026-05-04T22:13:11.619375Z,0.9388113617897034,0.3314272463321686,0.0509496629238128,0.9968985208078159,-0.4714008026192918,3813.765625,21.171874999999993,15.140625000000028,3813.8697353091293,-0.48504944617634377
1.6953125,2026-05-04T22:12:10.203125Z,2026-05-04T22:13:11.627187500Z,0.9387019872665404,0.3308841288089752,0.0491813272237777,0.9965262317386928,-0.4743525990658489,3813.5703125,22.1484375,10.257812500000005,3813.669306307766,-0.4855184913134029
1.703125,2026-05-04T22:12:10.210937Z,2026-05-04T22:13:11.635000Z,0.9388894438743592,0.3308841288089752,0.047336108982563,0.9966134665606255,-0.473660933747811,3813.375,23.125000000000004,5.374999999999981,3813.4688773064026,-0.48598753645046205
1.7109375,2026-05-04T22:12:10.218750Z,2026-05-04T22:13:11.642812500Z,0.9389363527297974,0.3310082852840424,0.0452294871211051,0.996601056546427,-0.4737593299642219,3813.1796875,24.101562500000007,0.49218749999995853,3813.26844830504,-0.4864565815875201
1.71875,2026-05-04T22:12:10.226562Z,2026-05-04T22:13:11.650625Z,0.9390300512313844,0.3310393095016479,0.0447989366948604,0.996680192579312,-0.47313187812628726,3812.953125,24.765624999999964,-3.890624999999983,3813.0360887927122,-0.48700035069560993
1.7265625,2026-05-04T22:12:10.234375Z,2026-05-04T22:13:11.658437500Z,0.9386082887649536,0.331411749124527,0.0435841679573059,0.9963527723113855,-0.4757279199216385,3812.3671875,21.835937499999964,-2.523437499999984,3812.436528404295,-0.488403445470555
1.734375,2026-05-04T22:12:10.242187Z,2026-05-04T22:13:11.666250Z,0.938873827457428,0.3318152129650116,0.0432305037975311,0.996721764535201,-0.47280226342135173,3811.78125,18.906249999999968,-1.1562499999999851,3811.836968015878,-0.4898065402455
1.7421875,2026-05-04T22:12:10.250000Z,2026-05-04T22:13:11.674062500Z,0.9380927681922911,0.3317686319351196,0.0425077900290489,0.9959394454905028,-0.4790050954885225,3811.1953125,15.976562499999972,0.21093750000001368,3811.237407627461,-0.49120963502044507
1.75,2026-05-04T22:12:10.257812Z,2026-05-04T22:13:11.681875Z,0.9388582110404968,0.3314737975597382,0.0420772396028041,0.9965440848248652,-0.4742110459537795,3810.609375,13.046874999999973,1.5781250000000127,3810.637847239044,-0.4926127297953901
1.7578125,2026-05-04T22:12:10.265625Z,2026-05-04T22:13:11.689687500Z,0.9389675855636596,0.3312720656394958,0.0413237772881984,0.9965485250511745,-0.4741758403962471,3810.0234375,10.117187499999977,2.9453125000000115,3810.0382868506263,-0.4940158245703362
1.765625,2026-05-04T22:12:10.273437Z,2026-05-04T22:13:11.697500Z,0.9387801289558412,0.3315048515796661,0.0403089076280593,0.9964077504603072,-0.47529201052196846,3806.8125,10.187500000000002,4.875000000000014,3806.831290126512,-0.5015208573139938
1.7734375,2026-05-04T22:12:10.281250Z,2026-05-04T22:13:11.705312500Z,0.9383583068847656,0.3319083154201508,0.0391095131635665,0.9960968808125932,-0.4777568261654306,3803.4921875,10.382812500000002,6.828125000000012,3803.5156502217433,-0.509280137473016
1.78125,2026-05-04T22:12:10.289062Z,2026-05-04T22:13:11.713125Z,0.939233124256134,0.331753134727478,0.0395400673151016,0.9968863631451328,-0.4714971979971928,3800.171875,10.578125000000002,8.78125000000001,3800.200010316975,-0.5170394176320372
1.7890625,2026-05-04T22:12:10.296875Z,2026-05-04T22:13:11.720937500Z,0.9385770559310912,0.331396222114563,0.0402166470885276,0.9961765529539042,-0.477125123644147,3796.8515625,10.773437500000002,10.734375000000009,3796.8843704122064,-0.5247986977910585
1.796875,2026-05-04T22:12:10.304687Z,2026-05-04T22:13:11.728750Z,0.9388269782066344,0.3312410414218903,0.0407855883240699,0.9963835540321806,-0.4754838585682503,3793.53125,10.96875,12.687500000000007,3793.568730507438,-0.5325579779500796
1.8046875,2026-05-04T22:12:10.312500Z,2026-05-04T22:13:11.736562500Z,0.9389207363128662,0.3316600322723389,0.0411853864789009,0.996627694851292,-0.47354812082550657,3796.28125,11.984375000000004,14.476562500000005,3796.3298360914096,-0.5260964222956608
1.8125,2026-05-04T22:12:10.320312Z,2026-05-04T22:13:11.744375Z,0.9391550421714784,0.3317065834999084,0.0414160378277301,0.9968734819236797,-0.47159933031013435,3800.1875,13.156250000000002,16.234375000000004,3800.24841700657,-0.5169261360101098
1.8203125,2026-05-04T22:12:10.328125Z,2026-05-04T22:13:11.752187500Z,0.9385613799095154,0.3309462070465088,0.0419696010649204,0.9960844859898547,-0.4778551019321659,3804.09375,14.328125,17.9921875,3804.16699792173,-0.5077558497245599
1.828125,2026-05-04T22:12:10.335937Z,2026-05-04T22:13:11.760000Z,0.9391862750053406,0.3311013877391815,0.042799949645996,0.9967601636356255,-0.47249780557505794,3808.0,15.5,19.75,3808.0855788368904,-0.49858556343900895
1.8359375,2026-05-04T22:12:10.343750Z,2026-05-04T22:13:11.767812500Z,0.9385926723480223,0.3308065533638,0.0429844707250595,0.996110859823018,-0.47764598973019645,3811.90625,16.671875,21.5078125,3812.004159752051,-0.489415277153458
1.84375,2026-05-04T22:12:10.351562Z,2026-05-04T22:13:11.775625Z,0.9386551380157472,0.3308841288089752,0.0436456762254238,0.9962242317240685,-0.47674708937986215,3812.15625,16.156250000000004,27.203124999999986,3812.309880486942,-0.48869982767746684
1.8515625,2026-05-04T22:12:10.359375Z,2026-05-04T22:13:11.783437500Z,0.9390925765037536,0.3307134509086609,0.0449680835008621,0.9966385414934112,-0.4734621202353197,3810.984375,14.984375000000004,34.42968749999998,3811.2106000406175,-0.49127237029408155
1.859375,2026-05-04T22:12:10.367187Z,2026-05-04T22:13:11.791250Z,0.9391706585884094,0.3309772312641144,0.0470132008194923,0.9968940237657861,-0.4714364586559169,3809.8125,13.812500000000004,41.65624999999997,3810.1113195942926,-0.4938449129106973
1.8671875,2026-05-04T22:12:10.375000Z,2026-05-04T22:13:11.799062500Z,0.9388582110404968,0.3309772312641144,0.0482125878334045,0.9966569729244936,-0.4733159815563032,3808.640625,12.640625000000005,48.88281249999997,3809.012039147968,-0.49641745552731203
1.875,2026-05-04T22:12:10.382812Z,2026-05-04T22:13:11.806875Z,0.9387957453727722,0.3312255144119263,0.0500116795301437,0.9967692616733774,-0.47242566927632074,3807.46875,11.468750000000007,56.109374999999964,3807.9127587016437,-0.49898999814392675
1.8828125,2026-05-04T22:12:10.390625Z,2026-05-04T22:13:11.814687500Z,0.9389363527297974,0.3307910263538361,0.0512879565358161,0.9968222670463268,-0.4720054015744273,3806.53125,12.523437499999984,60.640624999999986,3807.0398318765583,-0.5010328266743777
1.890625,2026-05-04T22:12:10.398437Z,2026-05-04T22:13:11.822500Z,0.9388425946235656,0.3307134509086609,0.0523028224706649,0.9967609489390231,-0.4724915790807263,3805.75,15.062499999999982,63.37499999999998,3806.317807465633,-0.5027225124807178
1.8984375,2026-05-04T22:12:10.406250Z,2026-05-04T22:13:11.830312500Z,0.939233124256134,0.3309617340564728,0.0536098554730415,0.9972805762238861,-0.4683715710004314,3804.96875,17.60156249999998,66.10937499999999,3805.5957830547077,-0.5044121982870577
1.90625,2026-05-04T22:12:10.414062Z,2026-05-04T22:13:11.838125Z,0.938295841217041,0.3310703635215759,0.0546862334012985,0.9964924763243947,-0.4746202381673992,3804.1875,20.14062499999998,68.84374999999997,3804.8737586437824,-0.5061018840933977
1.9140625,2026-05-04T22:12:10.421875Z,2026-05-04T22:13:11.845937500Z,0.9388582110404968,0.3310703635215759,0.0562392920255661,0.9971084113615768,-0.4697366275409944,3803.40625,22.679687499999975,71.57812499999997,3804.1517342328575,-0.5077915698997366
1.921875,2026-05-04T22:12:10.429687Z,2026-05-04T22:13:11.853750Z,0.93828022480011,0.331023782491684,0.0573617964982986,0.9966127134065463,-0.4736669053374147,3803.9375,23.062500000000014,75.24999999999996,3804.7590644260304,-0.5063702921816456
1.9296875,2026-05-04T22:12:10.437500Z,2026-05-04T22:13:11.861562500Z,0.9383270740509032,0.3309462070465088,0.059053249657154,0.9967298411056378,-0.4727382261076272,3805.890625,21.109375000000007,79.93749999999999,3806.8065287736435,-0.501578803978753
1.9375,2026-05-04T22:12:10.445312Z,2026-05-04T22:13:11.869375Z,0.938420832157135,0.3312875926494598,0.0606678128242492,0.9970284403079194,-0.4703707000711641,3807.84375,19.156249999999996,84.625,3808.8539931212567,-0.49678731577586027
1.9453125,2026-05-04T22:12:10.453125Z,2026-05-04T22:13:11.877187500Z,0.9381240010261536,0.3317065834999084,0.0614827871322631,0.9969383290615581,-0.4710851719127106,3809.796875,17.20312499999999,89.31250000000003,3810.90145746887,-0.4919958275729675
1.953125,2026-05-04T22:12:10.460937Z,2026-05-04T22:13:11.885000Z,0.9385926723480223,0.3313341438770294,0.0625437870621681,0.9973215353055422,-0.46804681563769246,3811.75,15.249999999999979,94.00000000000006,3812.948921816483,-0.4872043393700748
1.9609375,2026-05-04T22:12:10.468750Z,2026-05-04T22:13:11.892812500Z,0.9379677772521972,0.33172208070755,0.0628820732235908,0.9968837671089196,-0.471517781385492,3812.2265625,13.859374999999995,96.01562499999996,3813.4623417195708,-0.48600283106950654
1.96875,2026-05-04T22:12:10.476562Z,2026-05-04T22:13:11.900625Z,0.93876451253891,0.3314272463321686,0.0637893080711364,0.9975930560293289,-0.46589398877783356,3810.078125,13.468749999999995,93.28124999999997,3811.2485714990576,-0.49118350926195936
1.9765625,2026-05-04T22:12:10.484375Z,2026-05-04T22:13:11.908437500Z,0.9378427863121032,0.3312720656394958,0.0637124255299568,0.9966692262117949,-0.4732188279922739,3807.9296875,13.078124999999995,90.54687499999997,3809.034801278545,-0.4963641874544111
1.984375,2026-05-04T22:12:10.492187Z,2026-05-04T22:13:11.916250Z,0.9387176036834716,0.3311789631843567,0.0649733245372772,0.9975428702680056,-0.4662919004121742,3805.78125,12.687499999999996,87.81249999999997,3806.8210310580316,-0.5015448656468638
1.9921875,2026-05-04T22:12:10.500000Z,2026-05-04T22:13:11.924062500Z,0.9380146265029908,0.3314893245697021,0.0654961317777633,0.9970187335828113,-0.47044766251529135,3803.6328125,12.296874999999996,85.07812499999997,3804.607260837519,-0.5067255438393156
2.0,2026-05-04T22:12:10.507812Z,2026-05-04T22:13:11.931875Z,0.9382489919662476,0.3315669298171997,0.0659266859292984,0.9972934010569326,-0.4682698857785052,3802.375,11.71874999999999,82.57812499999999,3803.290349944396,-0.5098073865175605
2.0078125,2026-05-04T22:12:10.515625Z,2026-05-04T22:13:11.939687500Z,0.937936544418335,0.331737607717514,0.0662188455462455,0.9970755925380101,-0.469996840624909,3803.9375,10.546874999999991,80.82031249999999,3804.8134935880094,-0.5062429167341466
2.015625,2026-05-04T22:12:10.523437Z,2026-05-04T22:13:11.947500Z,0.938514530658722,0.3315514028072357,0.0658344253897666,0.9975319686743919,-0.4663783367004235,3805.5,9.374999999999991,79.06249999999999,3806.3366372316223,-0.5026784469507337
2.0234375,2026-05-04T22:12:10.531250Z,2026-05-04T22:13:11.955312500Z,0.9383739233016968,0.3310082852840424,0.0648041740059852,0.9971517867546037,-0.46939271378788205,3807.0625,8.203124999999993,77.30468749999999,3807.859780875235,-0.4991139771673209
2.03125,2026-05-04T22:12:10.539062Z,2026-05-04T22:13:11.963125Z,0.9382020831108092,0.3309462070465088,0.0634202659130096,0.9968804696855131,-0.47154392591537797,3808.625,7.031249999999994,75.54687499999999,3809.3829245188485,-0.495549507383907
2.0390625,2026-05-04T22:12:10.546875Z,2026-05-04T22:13:11.970937500Z,0.9386863708496094,0.3310858607292175,0.0628051906824111,0.997343693001701,-0.4678711322394681,3810.1171875,6.046875000000002,73.32031249999997,3810.8299429626813,-0.4921631862442615
2.046875,2026-05-04T22:12:10.554687Z,2026-05-04T22:13:11.978750Z,0.937952160835266,0.3308841288089752,0.0631588548421859,0.9966080491638604,-0.4737038870705038,3811.09375,6.437500000000002,67.65624999999999,3811.7187099414605,-0.4900832884922419
2.0546875,2026-05-04T22:12:10.562500Z,2026-05-04T22:13:11.986562500Z,0.9385770559310912,0.3308996558189392,0.0627129301428794,0.9971731964651239,-0.4692229609998556,3812.0703125,6.828125000000001,61.992187499999986,3812.60747692024,-0.48800339074022137
2.0625,2026-05-04T22:12:10.570312Z,2026-05-04T22:13:11.994375Z,0.9386551380157472,0.3312565684318542,0.0616673082113266,0.9972999745084925,-0.468217766356891,3813.046875,7.218750000000001,56.32812499999999,3813.496243899019,-0.4859234929882018
2.0703125,2026-05-04T22:12:10.578125Z,2026-05-04T22:13:12.002187500Z,0.9387488961219788,0.3310703635215759,0.0606985688209533,0.9972669611640878,-0.4684795217528591,3814.0234375,7.609375,50.66406249999999,3814.3850108777983,-0.48384359523618226
2.078125,2026-05-04T22:12:10.585937Z,2026-05-04T22:13:12.010000Z,0.9388113617897034,0.3308375775814056,0.0592531487345695,0.9971615773786768,-0.46931508612769657,3815.0,8.0,45.0,3815.2737778565775,-0.48176369748416276
2.0859375,2026-05-04T22:12:10.593750Z,2026-05-04T22:13:12.017812500Z,0.9389207363128662,0.3309306800365448,0.0578846111893653,0.9972150682176282,-0.46889096927486545,3814.8046875,8.390625,39.72656250000001,3815.0358494242296,-0.4823204990118946
2.09375,2026-05-04T22:12:10.601562Z,2026-05-04T22:13:12.025625Z,0.9383426904678344,0.3305117189884186,0.0561777800321579,0.9964341142857539,-0.4750829776689367,3814.609375,8.78125,34.45312500000001,3814.7979209918817,-0.4828773005396265
2.1015625,2026-05-04T22:12:10.609375Z,2026-05-04T22:13:12.033437500Z,0.9384832978248596,0.3306358456611633,0.0550706535577774,0.9965459044196496,-0.4741966187952507,3814.4140625,9.171874999999998,29.179687500000014,3814.5599925595334,-0.48343410206735943
2.109375,2026-05-04T22:12:10.617187Z,2026-05-04T22:13:12.041250Z,0.9385613799095154,0.3308686316013336,0.0536867380142211,0.9966211823325853,-0.4735997571242077,3814.21875,9.562499999999998,23.906250000000018,3814.3220641271855,-0.48399090359509134
2.1171875,2026-05-04T22:12:10.625000Z,2026-05-04T22:13:12.049062500Z,0.93876451253891,0.3307134509086609,0.0520414188504219,0.9966737208787526,-0.4731831907870625,3814.0234375,9.953124999999998,18.63281250000002,3814.0841356948376,-0.4845477051228232
2.125,2026-05-04T22:12:10.632812Z,2026-05-04T22:13:12.056875Z,0.9394206404685974,0.3309617340564728,0.0514109693467617,0.9973414144199924,-0.4678891986022722,3812.796875,9.484375000000004,17.140625000000004,3812.84782674944,-0.4874409226452227
2.1328125,2026-05-04T22:12:10.640625Z,2026-05-04T22:13:12.064687500Z,0.9391550421714784,0.3311479389667511,0.0499347932636737,0.9970780482471391,-0.46997736985855626,3811.4296875,8.898437500000004,16.164062500000007,3811.475375006809,-0.49065274234871264
2.140625,2026-05-04T22:12:10.648437Z,2026-05-04T22:13:12.072500Z,0.9386707544326782,0.3314583003520966,0.0486585199832916,0.9966619495428118,-0.47327652306695733,3810.0625,8.312500000000004,15.187500000000007,3810.1029232641777,-0.4938645620522026
2.1484375,2026-05-04T22:12:10.656250Z,2026-05-04T22:13:12.080312500Z,0.9384520649909972,0.331411749124527,0.0475667640566825,0.9963877873531315,-0.4754502935168524,3808.6953125,7.726562500000004,14.210937500000007,3808.7304715215464,-0.4970763817556925
2.15625,2026-05-04T22:12:10.664062Z,2026-05-04T22:13:12.088125Z,0.9391081929206848,0.3312720656394958,0.0460905879735946,0.9968900249192808,-0.47146816461207713,3807.328125,7.140625000000005,13.234375000000009,3807.358019778915,-0.5002882014591825
2.1640625,2026-05-04T22:12:10.671875Z,2026-05-04T22:13:12.095937500Z,0.9387176036834716,0.3311634659767151,0.0442453697323799,0.996402345142616,-0.4753348680723948,3806.5546875,7.593749999999992,11.218750000000023,3806.5814491949786,-0.5021055365429328
2.171875,2026-05-04T22:12:10.679687Z,2026-05-04T22:13:12.103750Z,0.9390456676483154,0.3314427733421326,0.0429690927267074,0.9967484240567182,-0.4725908860605644,3805.96875,8.374999999999991,8.875000000000025,3805.993051608525,-0.5034825080625538
2.1796875,2026-05-04T22:12:10.687500Z,2026-05-04T22:13:12.111562500Z,0.9386551380157472,0.331380695104599,0.0424462854862213,0.9963374530564162,-0.4758493828549685,3805.3828125,9.156249999999991,6.5312500000000275,3805.4046540220716,-0.5048594795821747
2.1875,2026-05-04T22:12:10.695312Z,2026-05-04T22:13:12.119375Z,0.9388113617897034,0.3315514028072357,0.0425846725702285,0.996547319532192,-0.4741853986856088,3804.796875,9.937499999999991,4.187500000000029,3804.816256435618,-0.5062364511017957
2.1953125,2026-05-04T22:12:10.703125Z,2026-05-04T22:13:12.127187500Z,0.938873827457428,0.331737607717514,0.0426923111081123,0.996672733492018,-0.47319101955480314,3804.2109375,10.71874999999999,1.843750000000032,3804.2278588491645,-0.5076134226214166
2.203125,2026-05-04T22:12:10.710937Z,2026-05-04T22:13:12.135000Z,0.938389539718628,0.3315669298171997,0.0416005589067935,0.9961135295251742,-0.4776248222611738,3804.25,10.625000000000009,1.7499999999999833,3804.2658868723684,-0.507524429216099
2.2109375,2026-05-04T22:12:10.718750Z,2026-05-04T22:13:12.142812500Z,0.9387019872665404,0.3316755294799805,0.0406471937894821,0.9964046728698823,-0.47531641204549796,3804.640625,10.039062500000009,2.9218749999999822,3804.6562793010044,-0.5066108305405036
2.21875,2026-05-04T22:12:10.726562Z,2026-05-04T22:13:12.150625Z,0.9390925765037536,0.3311169147491455,0.0401243828237056,0.9965657251653974,-0.4740394645521668,3805.03125,9.453125000000009,4.093749999999981,3805.04667172964,-0.5056972318649093
2.2265625,2026-05-04T22:12:10.734375Z,2026-05-04T22:13:12.158437500Z,0.9389519691467284,0.3310082852840424,0.0402166470885276,0.9964008550750265,-0.47534668248377754,3805.421875,8.86718750000001,5.26562499999998,3805.437064158276,-0.504783633189314
2.234375,2026-05-04T22:12:10.742187Z,2026-05-04T22:13:12.166250Z,0.9387488961219788,0.331411749124527,0.0404165424406528,0.9963517121633652,-0.4757363255972784,3805.8125,8.28125000000001,6.437499999999979,3805.827456586912,-0.5038700345137187
2.2421875,2026-05-04T22:12:10.750000Z,2026-05-04T22:13:12.174062500Z,0.938639521598816,0.3316755294799805,0.0408470928668975,0.9963540000214566,-0.47571818568411794,3805.796875,9.015624999999963,9.335937499999917,3805.8265516248402,-0.5038721523113231
2.25,2026-05-04T22:12:10.757812Z,2026-05-04T22:13:12.181875Z,0.9388425946235656,0.3314583003520966,0.0420157313346862,0.9965216224605454,-0.4743891449974517,3805.40625,10.968749999999961,13.828124999999913,3805.4644490713463,-0.5047195468534191
2.2578125,2026-05-04T22:12:10.765625Z,2026-05-04T22:13:12.189687500Z,0.9390456676483154,0.331411749124527,0.0422925129532814,0.9967091702391186,-0.47290212076744664,3805.015625,12.92187499999996,18.320312499999908,3805.1023465178523,-0.5055669413955152
2.265625,2026-05-04T22:12:10.773437Z,2026-05-04T22:13:12.197500Z,0.9389675855636596,0.331023782491684,0.0424924120306968,0.9965151661638354,-0.4744403355245641,3804.625,14.874999999999957,22.812499999999904,3804.7402439643583,-0.5064143359376113
2.2734375,2026-05-04T22:12:10.781250Z,2026-05-04T22:13:12.205312500Z,0.9386239051818848,0.3312410414218903,0.0426923111081123,0.9962720995435443,-0.4763675561860295,3804.234375,16.828124999999957,27.3046874999999,3804.3781414108644,-0.5072617304797074
2.28125,2026-05-04T22:12:10.789062Z,2026-05-04T22:13:12.213125Z,0.938295841217041,0.3312565684318542,0.0437994450330734,0.9960162604895804,-0.47839604660655183,3805.25,16.671875000000078,32.26562499999987,3805.433915198984,-0.5047910024025151
2.2890625,2026-05-04T22:12:10.796875Z,2026-05-04T22:13:12.220937500Z,0.9389519691467284,0.330822080373764,0.0454908944666385,0.9965658386211715,-0.4740385649868058,3808.375,13.35156250000008,37.929687499999865,3808.6165034995242,-0.4973430903963889
2.296875,2026-05-04T22:12:10.804687Z,2026-05-04T22:13:12.228750Z,0.9387488961219788,0.3310082852840424,0.0461059659719467,0.9964646180347408,-0.4748411202916078,3811.5,10.031250000000083,43.59374999999986,3811.7990918000646,-0.4898951783902627
2.3046875,2026-05-04T22:12:10.812500Z,2026-05-04T22:13:12.236562500Z,0.93924880027771,0.3307910263538361,0.0475821420550346,0.9969328323321924,-0.47112875424578177,3814.625,6.710937500000086,49.25781249999985,3814.981680100605,-0.48244726638413654
2.3125,2026-05-04T22:12:10.820312Z,2026-05-04T22:13:12.244375Z,0.9386239051818848,0.3309772312641144,0.0486738942563533,0.9964586850322644,-0.4748881617362265,3817.75,3.3906250000000893,54.92187499999985,3818.1642684011454,-0.47499935437801033
2.3203125,2026-05-04T22:12:10.828125Z,2026-05-04T22:13:12.252187500Z,0.9398267865180968,0.3308065533638,0.0505037382245063,0.9976261784756946,-0.4656313683369119,3819.6171875,1.0546874999999953,60.47656249999987,3820.101056695195,-0.4704668709317136
2.328125,2026-05-04T22:12:10.835937Z,2026-05-04T22:13:12.260000Z,0.9387019872665404,0.3308841288089752,0.0515647381544113,0.9966467026066758,-0.4733974126004947,3818.25,1.2499999999999973,65.74999999999993,3818.834359258269,-0.47343120378211945
2.3359375,2026-05-04T22:12:10.843750Z,2026-05-04T22:13:12.267812500Z,0.9390144348144532,0.3310393095016479,0.0531024187803268,0.9970732170234823,-0.47001567554627427,3816.8828125,1.4453124999999993,71.02343749999999,3817.567661821343,-0.4763955366325264
2.34375,2026-05-04T22:12:10.851562Z,2026-05-04T22:13:12.275625Z,0.938170850276947,0.3310548365116119,0.0539020150899887,0.9963268922988384,-0.47593311673080974,3815.515625,1.6406250000000013,76.29687500000003,3816.3009643844166,-0.47935986948293324
2.3515625,2026-05-04T22:12:10.859375Z,2026-05-04T22:13:12.283437500Z,0.9388582110404968,0.3307910263538361,0.0553474351763725,0.9969657878457961,-0.4708674573772515,3814.1484375,1.8359375000000033,81.57031250000009,3815.034266947491,-0.4823242023333391
2.359375,2026-05-04T22:12:10.867187Z,2026-05-04T22:13:12.291250Z,0.9385613799095154,0.3306048214435577,0.056546825915575,0.9966918055951431,-0.4730398011309968,3813.15625,2.375000000000058,86.31250000000004,3814.1346830538328,-0.4844294138936769
2.3671875,2026-05-04T22:12:10.875000Z,2026-05-04T22:13:12.299062500Z,0.9391394257545472,0.3311013877391815,0.0580845102667808,0.9974892482138964,-0.4667170576405329,3814.1328125,4.718750000000056,88.26562500000004,3815.162445262333,-0.48202423868115135
2.375,2026-05-04T22:12:10.882812Z,2026-05-04T22:13:12.306875Z,0.9387801289558412,0.3311944901943207,0.0591455101966857,0.9972442590628677,-0.4686595216165899,3815.109375,7.062500000000054,90.21875000000004,3816.1902074708332,-0.4796190634686269
2.3828125,2026-05-04T22:12:10.890625Z,2026-05-04T22:13:12.314687500Z,0.9378896355628968,0.3312875926494598,0.060775451362133,0.9965350435524326,-0.47428273217304406,3816.0859375,9.406250000000052,92.17187500000004,3817.2179696793337,-0.4772138882561014
2.390625,2026-05-04T22:12:10.898437Z,2026-05-04T22:13:12.322500Z,0.9376709461212158,0.3308996558189392,0.062267005443573,0.9962924095805701,-0.4762065224622535,3817.0625,11.75000000000005,94.12500000000004,3818.2457318878337,-0.47480871304357697
2.3984375,2026-05-04T22:12:10.906250Z,2026-05-04T22:13:12.330312500Z,0.937952160835266,0.3311013877391815,0.0625745356082916,0.9966433451766734,-0.47342403290920765,3817.90625,14.023437500000012,95.92187499999996,3819.1368919880333,-0.4727232148946237
2.40625,2026-05-04T22:12:10.914062Z,2026-05-04T22:13:12.338125Z,0.9405922293663024,0.331411749124527,0.0631127282977104,0.9992650828860327,-0.4526368632173351,3815.5625,14.60937500000001,93.96874999999996,3816.749601489017,-0.478309966271393
2.4140625,2026-05-04T22:12:10.921875Z,2026-05-04T22:13:12.345937500Z,0.9395768046379088,0.3310082852840424,0.063604786992073,0.9982067048805934,-0.46102850480629826,3813.21875,15.19531250000001,92.01562499999996,3814.362310990001,-0.48389671764816233
2.421875,2026-05-04T22:12:10.929687Z,2026-05-04T22:13:12.353750Z,0.9379209280014038,0.3308531045913696,0.0634971484541893,0.9965898513744637,-0.4738481732570495,3810.875,15.78125000000001,90.06249999999997,3811.9750204909847,-0.48948346902493167
2.4296875,2026-05-04T22:12:10.937500Z,2026-05-04T22:13:12.361562500Z,0.9379990100860596,0.3310082852840424,0.0644043758511543,0.9967730691977419,-0.4723954802704612,3808.53125,16.36718750000001,88.10937499999997,3809.5877299919684,-0.495070220401701
2.4375,2026-05-04T22:12:10.945312Z,2026-05-04T22:13:12.369375Z,0.9372960329055786,0.331396222114563,0.0650809630751609,0.9962845181408425,-0.4762690919161483,3806.1875,16.95312500000001,86.15624999999997,3807.2004394929527,-0.5006569717784692
2.4453125,2026-05-04T22:12:10.953125Z,2026-05-04T22:13:12.377187500Z,0.93828022480011,0.3316600322723389,0.0654961317777633,0.9973253734542624,-0.4680163838181919,3809.0546875,17.179687500000004,83.30468749999996,3810.0088275750077,-0.4940847653417625
2.453125,2026-05-04T22:12:10.960937Z,2026-05-04T22:13:12.385000Z,0.9386707544326782,0.3316289782524109,0.0653116106986999,0.9976703718844265,-0.4652809687209266,3812.375,17.375000000000004,80.37499999999996,3813.2690137945474,-0.4864552582256224
2.4609375,2026-05-04T22:12:10.968750Z,2026-05-04T22:13:12.392812500Z,0.9390300512313844,0.3317686319351196,0.0648503080010414,0.9980247615663387,-0.46247109249697854,3815.6953125,17.570312500000004,77.44531249999996,3816.529200014087,-0.4788257511094823
2.46875,2026-05-04T22:12:10.976562Z,2026-05-04T22:13:12.400625Z,0.938061535358429,0.3308996558189392,0.0634663924574852,0.996735676752705,-0.4726919565721906,3819.015625,17.765625000000004,74.51562499999996,3819.789386233627,-0.47119624399334215
2.4765625,2026-05-04T22:12:10.984375Z,2026-05-04T22:13:12.408437500Z,0.937827169895172,0.3310703635215759,0.063589408993721,0.9965796501695522,-0.4739290563205227,3822.3359375,17.960937500000004,71.58593749999997,3823.0495724531665,-0.463566736877202
2.484375,2026-05-04T22:12:10.992187Z,2026-05-04T22:13:12.416250Z,0.9378427863121032,0.331396222114563,0.0630973502993583,0.996671371859478,-0.4732018156335135,3820.8125,16.43749999999998,67.09374999999994,3821.449194681729,-0.4673119504243657
2.4921875,2026-05-04T22:12:11.000000Z,2026-05-04T22:13:12.424062500Z,0.9387019872665404,0.3317065834999084,0.0622208714485168,0.9975280022531432,-0.46640978556400403,3818.078125,14.48437499999998,62.21093749999995,3818.633675912546,-0.4739008441373569
2.5,2026-05-04T22:12:11.007812Z,2026-05-04T22:13:12.431875Z,0.9385457634925842,0.3312875926494598,0.061436653137207,0.9971931014412674,-0.46906513891287505,3815.34375,12.531249999999982,57.32812499999996,3815.818157143364,-0.48048973785034704
2.5078125,2026-05-04T22:12:11.015625Z,2026-05-04T22:13:12.439687500Z,0.9391550421714784,0.3312255144119263,0.0605755522847175,0.9976933056646993,-0.465099131926001,3812.609375,10.578124999999984,52.445312499999964,3813.002638374181,-0.48707863156333825
2.515625,2026-05-04T22:12:11.023437Z,2026-05-04T22:13:12.447500Z,0.9389207363128662,0.3308686316013336,0.0594069138169288,0.9972840026117363,-0.46834440394042437,3809.875,8.624999999999986,47.562499999999964,3810.1871196049988,-0.4936675252763284
2.5234375,2026-05-04T22:12:11.031250Z,2026-05-04T22:13:12.455312500Z,0.937952160835266,0.331023782491684,0.0585765689611434,0.9963745355145854,-0.47555536436951734,3810.59375,8.664062500000005,43.87499999999998,3810.860476940179,-0.49209173044912724
2.53125,2026-05-04T22:12:11.039062Z,2026-05-04T22:13:12.463125Z,0.9384520649909972,0.3312100172042847,0.0578077211976051,0.9968621200609387,-0.47168941596895964,3812.9375,9.640625000000005,40.749999999999986,3813.1756583244714,-0.4866737292500707
2.5390625,2026-05-04T22:12:11.046875Z,2026-05-04T22:13:12.470937500Z,0.9384520649909972,0.3312100172042847,0.0561008974909782,0.9967645983288244,-0.47246264388831577,3815.28125,10.617187500000004,37.624999999999986,3815.4908397087634,-0.48125572805101524
2.546875,2026-05-04T22:12:11.054687Z,2026-05-04T22:13:12.478750Z,0.9388425946235656,0.3305737972259521,0.0539942756295204,0.9968048127354975,-0.47214379288633035,3817.625,11.593750000000004,34.499999999999986,3817.8060210930557,-0.4758377268519587
2.5546875,2026-05-04T22:12:11.062500Z,2026-05-04T22:13:12.486562500Z,0.9391081929206848,0.3304961919784546,0.0526872426271438,0.9969593153477554,-0.4709187763610778,3819.96875,12.570312500000002,31.374999999999993,3820.1212024773477,-0.4704197256529032
2.5625,2026-05-04T22:12:11.070312Z,2026-05-04T22:13:12.494375Z,0.9389832019805908,0.3306048214435577,0.0513187050819397,0.9968062053652841,-0.47213275103741137,3819.6875,11.906249999999996,26.71874999999999,3819.812211878323,-0.47114282728432205
2.5703125,2026-05-04T22:12:11.078125Z,2026-05-04T22:13:12.502187500Z,0.9396861791610718,0.3308686316013336,0.0510880574584007,0.9975440623345646,-0.4662824487840583,3817.34375,9.953124999999998,20.859374999999996,3817.4413718638357,-0.47669108113968467
2.578125,2026-05-04T22:12:11.085937Z,2026-05-04T22:13:12.510000Z,0.938155233860016,0.331023782491684,0.0503960996866226,0.9961183435002424,-0.47758665333364203,3815.0,8.0,15.0,3815.0705318493488,-0.4822393349950462
2.5859375,2026-05-04T22:12:11.093750Z,2026-05-04T22:13:12.517812500Z,0.938639521598816,0.3316910564899445,0.0489199236035347,0.9967227635546634,-0.47279434242032414,3812.65625,6.046875000000002,9.140625000000005,3812.6996918348614,-0.4877875888504088
2.59375,2026-05-04T22:12:11.101562Z,2026-05-04T22:13:12.525625Z,0.938639521598816,0.3312100172042847,0.0469209402799606,0.9964666585694036,-0.4748249413503864,3810.3125,4.0937500000000036,3.281250000000011,3810.328851820374,-0.49333584270577135
2.6015625,2026-05-04T22:12:11.109375Z,2026-05-04T22:13:12.533437500Z,0.9393893480300904,0.3308065533638,0.0455370247364044,0.996974896154702,-0.4707952396408408,3809.171875,3.4296874999999973,0.34374999999999795,3809.17385687763,-0.496038768717162
2.609375,2026-05-04T22:12:11.117187Z,2026-05-04T22:13:12.541250Z,0.938873827457428,0.3306513726711273,0.0441838651895523,0.9963767400320772,-0.4755378852452607,3809.5625,4.4062499999999964,1.1249999999999973,3809.566301117105,-0.49512036838167883
2.6171875,2026-05-04T22:12:11.125000Z,2026-05-04T22:13:12.549062500Z,0.939123809337616,0.3315669298171997,0.0434611514210701,0.9968846622834779,-0.47151068374739413,3809.953125,5.382812499999996,1.9062499999999967,3809.9587453565796,-0.4942019680461967
2.625,2026-05-04T22:12:11.132812Z,2026-05-04T22:13:12.556875Z,0.9389519691467284,0.3311324119567871,0.04353803768754,0.9965816751970306,-0.47391300033228506,3810.34375,6.359374999999995,2.687499999999996,3810.3511895960546,-0.4932835677107135
2.6328125,2026-05-04T22:12:11.140625Z,2026-05-04T22:13:12.564687500Z,0.9384832978248596,0.3314272463321686,0.0427076891064643,0.9962022217483569,-0.47692160153582525,3810.734375,7.335937499999994,3.468749999999995,3810.7436338355296,-0.49236516737523034
2.640625,2026-05-04T22:12:11.148437Z,2026-05-04T22:13:12.572500Z,0.9393424987792968,0.331411749124527,0.042461659759283,0.9969960230714185,-0.470627729061394,3811.0,8.687499999999984,4.312499999999993,3811.0134642727035,-0.49173370858670157
2.6484375,2026-05-04T22:12:11.156250Z,2026-05-04T22:13:12.580312500Z,0.9382176995277404,0.3314893245697021,0.0413237772881984,0.9959142927883741,-0.47920452561667504,3811.0,10.835937499999982,5.289062499999992,3811.022740379988,-0.4917120005854486
2.65625,2026-05-04T22:12:11.164062Z,2026-05-04T22:13:12.588125Z,0.9386863708496094,0.3316134810447693,0.0410162396728992,0.9963844316057656,-0.47547690048431845,3811.0,12.98437499999998,6.265624999999991,3811.0320164872724,-0.4916902925841968
2.6640625,2026-05-04T22:12:11.171875Z,2026-05-04T22:13:12.595937500Z,0.9385301470756532,0.331396222114563,0.0407855883240699,0.9961554884738589,-0.4772921391772449,3811.0,15.132812499999979,7.24218749999999,3811.0412925945566,-0.49166858458294493
2.671875,2026-05-04T22:12:11.179687Z,2026-05-04T22:13:12.603750Z,0.939233124256134,0.3318307101726532,0.0411085002124309,0.9969756219202861,-0.4707894852084661,3811.0,17.28124999999998,8.21874999999999,3811.050568701841,-0.49164687658169304
2.6796875,2026-05-04T22:12:11.187500Z,2026-05-04T22:13:12.611562500Z,0.9384676814079284,0.3315669298171997,0.0410316176712513,0.9961635466349371,-0.47722824782719153,3811.625,18.60937500000002,10.015624999999941,3811.687389444885,-0.4901565849039842
2.6875,2026-05-04T22:12:11.195312Z,2026-05-04T22:13:12.619375Z,0.9382646083831788,0.3315203487873077,0.0408932268619537,0.9959510394631261,-0.47891316948255214,3814.75,16.656250000000025,15.093749999999938,3814.8343887309707,-0.4827919585204433
2.6953125,2026-05-04T22:12:11.203125Z,2026-05-04T22:13:12.627187500Z,0.9394987225532532,0.3315979540348053,0.0421541258692741,0.9971920693261985,-0.4690733223215361,3817.875,14.703125000000027,20.171874999999932,3817.9813880170564,-0.4754273321369024
2.703125,2026-05-04T22:12:11.210937Z,2026-05-04T22:13:12.635000Z,0.9385301470756532,0.3315203487873077,0.0426154285669326,0.9962733828532451,-0.476357381111528,3821.0,12.750000000000028,25.24999999999993,3821.128387303142,-0.4680627057533615
2.7109375,2026-05-04T22:12:11.218750Z,2026-05-04T22:13:12.642812500Z,0.9394518733024596,0.3313186466693878,0.0442299954593181,0.9971450046912267,-0.4694464872457591,3824.125,10.79687500000003,30.328124999999925,3824.2753865892278,-0.4606980793698206
2.71875,2026-05-04T22:12:11.226562Z,2026-05-04T22:13:12.650625Z,0.9381083846092224,0.3314893245697021,0.0442453697323799,0.9959368284788734,-0.4790258451861874,3826.75,9.0,35.328124999999936,3826.924554344879,-0.4544984812847624
2.7265625,2026-05-04T22:12:11.234375Z,2026-05-04T22:13:12.658437500Z,0.9393268823623656,0.3313651978969574,0.0449680835008621,0.9970757317474093,-0.46999573686483725,3823.625,9.0,39.42968749999993,3823.848659500535,-0.4616967086322587
2.734375,2026-05-04T22:12:11.242187Z,2026-05-04T22:13:12.666250Z,0.9384520649909972,0.3308375775814056,0.0454293861985206,0.9960971891116718,-0.4777543817312525,3820.5,9.0,43.53124999999993,3820.7727646561916,-0.46889493597975396
2.7421875,2026-05-04T22:12:11.250000Z,2026-05-04T22:13:12.674062500Z,0.9395455718040466,0.3308686316013336,0.0464442558586597,0.9971845374736797,-0.4691330406891833,3817.375,9.0,47.63281249999992,3817.696869811848,-0.47609316332724916
2.75,2026-05-04T22:12:11.257812Z,2026-05-04T22:13:12.681875Z,0.938389539718628,0.3305272161960602,0.0475821420550346,0.9960357569596592,-0.47824146347244423,3814.25,9.0,51.73437499999992,3814.620974967504,-0.48329139067474547
2.7578125,2026-05-04T22:12:11.265625Z,2026-05-04T22:13:12.689687500Z,0.9390456676483154,0.3309617340564728,0.0496426336467266,0.996898603878108,-0.47140014397359586,3811.125,9.0,55.835937499999915,3811.5450801231605,-0.4904896180222407
2.765625,2026-05-04T22:12:11.273437Z,2026-05-04T22:13:12.697500Z,0.9392800331115724,0.3309617340564728,0.0515493601560592,0.9972161182733876,-0.46888264361849646,3812.3125,9.187499999999996,61.062499999999886,3812.8270035353553,-0.4874896532542564
2.7734375,2026-05-04T22:12:11.281250Z,2026-05-04T22:13:12.705312500Z,0.9384676814079284,0.3310082852840424,0.0523489564657211,0.9965081470900802,-0.4744959881845189,3813.6796875,9.382812499999996,66.33593749999989,3814.2905027082393,-0.4840647638147937
2.78125,2026-05-04T22:12:11.289062Z,2026-05-04T22:13:12.713125Z,0.9390769004821776,0.3311013877391815,0.0533638224005699,0.9971666117170315,-0.46927516998914065,3815.046875,9.578124999999995,71.60937499999987,3815.7540018811233,-0.48063987437533096
2.7890625,2026-05-04T22:12:11.296875Z,2026-05-04T22:13:12.720937500Z,0.938170850276947,0.3309617340564728,0.0540096499025821,0.996301789620814,-0.4761321502290702,3816.4140625,9.773437499999995,76.88281249999987,3817.2175010540072,-0.4772149849358682
2.796875,2026-05-04T22:12:11.304687Z,2026-05-04T22:13:12.728750Z,0.9389207363128662,0.3306358456611633,0.0559009984135627,0.9970040787970732,-0.470563857021267,3817.78125,9.968749999999995,82.15624999999987,3818.681000226891,-0.47379009549640655
2.8046875,2026-05-04T22:12:11.312500Z,2026-05-04T22:13:12.736562500Z,0.9377959370613098,0.3307600021362305,0.0566083341836929,0.9960260549207094,-0.4783183887610749,3820.953125,9.01562500000002,83.65624999999999,3821.8803227861094,-0.4663030218789269
2.8125,2026-05-04T22:12:11.320312Z,2026-05-04T22:13:12.744375Z,0.9387019872665404,0.3310858607292175,0.0578999891877174,0.9970615210812704,-0.4701084100462191,3824.46875,7.843750000000007,84.4375,3825.410278371296,-0.45804219889420733
2.8203125,2026-05-04T22:12:11.328125Z,2026-05-04T22:13:12.752187500Z,0.938045859336853,0.3308841288089752,0.0590686202049255,0.9964454038278281,-0.47499346542444254,3827.984375,6.671874999999996,85.21875,3828.940233956483,-0.4497813759094867
2.828125,2026-05-04T22:12:11.335937Z,2026-05-04T22:13:12.760000Z,0.9390144348144532,0.3311944901943207,0.0609753504395484,0.997575005945021,-0.4660371038438912,3831.5,5.499999999999983,86.00000000000001,3832.4701895416697,-0.44152055292476716
2.8359375,2026-05-04T22:12:11.343750Z,2026-05-04T22:13:12.767812500Z,0.9394049644470216,0.3313341438770294,0.061867207288742,0.998043863497062,-0.4623196375768429,3835.015625,4.328124999999972,86.78125000000001,3836.0001451268568,-0.4332597299400465
2.84375,2026-05-04T22:12:11.351562Z,2026-05-04T22:13:12.775625Z,0.9381864666938782,0.3311479389667511,0.0626206696033477,0.9968822157261319,-0.47153008195131496,3833.75,3.8593749999999947,85.73437499999996,3834.711658854684,-0.43627505315185294
2.8515625,2026-05-04T22:12:11.359375Z,2026-05-04T22:13:12.783437500Z,0.93876451253891,0.3313186466693878,0.0632664933800697,0.9975236863442704,-0.4664440054364933,3830.625,3.664062499999995,83.97656249999996,3831.549334082428,-0.44367554432897427
2.859375,2026-05-04T22:12:11.367187Z,2026-05-04T22:13:12.791250Z,0.938061535358429,0.3312255144119263,0.0632972493767738,0.9968331491754895,-0.47191911961544036,3827.5,3.468749999999995,82.21874999999996,3828.387009310172,-0.4510760355060946
2.8671875,2026-05-04T22:12:11.375000Z,2026-05-04T22:13:12.799062500Z,0.9385770559310912,0.3311324119567871,0.0637893080711364,0.9973187253795992,-0.46806909490963905,3824.375,3.273437499999995,80.46093749999996,3825.2246845379154,-0.458476526683216
2.875,2026-05-04T22:12:11.382812Z,2026-05-04T22:13:12.806875Z,0.93828022480011,0.331411749124527,0.0632511153817176,0.9970979045739463,-0.4698199335012404,3821.25,3.0781249999999956,78.70312499999996,3822.0623597656595,-0.46587701786033625
2.8828125,2026-05-04T22:12:11.390625Z,2026-05-04T22:13:12.814687500Z,0.9390925765037536,0.3313031196594238,0.0642967447638511,0.9978931284099277,-0.46351478224123605,3820.0,5.4609375000000915,77.76562499999999,3820.801401727608,-0.4688279193354749
2.890625,2026-05-04T22:12:11.398437Z,2026-05-04T22:13:12.822500Z,0.9383270740509032,0.3311479389667511,0.0644658878445625,0.9971321407288223,-0.46954848271557886,3820.0,9.562500000000087,77.37499999999999,3820.8080215123605,-0.468812427675958
2.8984375,2026-05-04T22:12:11.406250Z,2026-05-04T22:13:12.830312500Z,0.938045859336853,0.3313186466693878,0.0644658878445625,0.9969242351078829,-0.4711969197071718,3820.0,13.664062500000083,76.98437499999999,3820.8146412971123,-0.4687969360164422
2.90625,2026-05-04T22:12:11.414062Z,2026-05-04T22:13:12.838125Z,0.9382020831108092,0.3314737975597382,0.064665786921978,0.9971357436279048,-0.4695199161376395,3820.0,17.76562500000008,76.59374999999999,3820.8212610818646,-0.46878144435692526
2.9140625,2026-05-04T22:12:11.421875Z,2026-05-04T22:13:12.845937500Z,0.9382176995277404,0.331737607717514,0.0639738291501998,0.9971935333210918,-0.46906171463470814,3820.0,21.867187500000078,76.20312499999999,3820.8278808666164,-0.4687659526974094
2.921875,2026-05-04T22:12:11.429687Z,2026-05-04T22:13:12.853750Z,0.9387019872665404,0.3313496708869934,0.0628820732235908,0.9974508411084568,-0.46702157895679414,3818.59375,21.74999999999992,72.99999999999989,3819.3709860087865,-0.4721753866796346
2.9296875,2026-05-04T22:12:11.437500Z,2026-05-04T22:13:12.861562500Z,0.9381864666938782,0.3310858607292175,0.0623438879847526,0.9968442475288732,-0.47183112326314897,3815.6640625,17.062499999999922,66.7499999999999,3816.328616954826,-0.47929515677374707
2.9375,2026-05-04T22:12:11.445312Z,2026-05-04T22:13:12.869375Z,0.9384989142417908,0.3312410414218903,0.0613136366009712,0.9971259707722563,-0.46959740291597535,3812.734375,12.374999999999925,60.4999999999999,3813.2862479008654,-0.48641492686785953
2.9453125,2026-05-04T22:12:11.453125Z,2026-05-04T22:13:12.877187500Z,0.938295841217041,0.3311789631843567,0.0603141486644744,0.996853242874888,-0.4717598011841409,3809.8046875,7.68749999999993,54.24999999999991,3810.243878846905,-0.49353469696197205
2.953125,2026-05-04T22:12:11.460937Z,2026-05-04T22:13:12.885000Z,0.9386239051818848,0.3311789631843567,0.059714451432228,0.9971259482856764,-0.46959758120701917,3806.875,2.9999999999999347,47.99999999999991,3807.2015097929443,-0.5006544670560845
2.9609375,2026-05-04T22:12:11.468750Z,2026-05-04T22:13:12.892812500Z,0.9389519691467284,0.3312565684318542,0.0589609891176223,0.9974157171067112,-0.46730006928095513,3805.3515625,1.5468750000000573,42.945312499999964,3805.6002950244583,-0.504401639348702
2.96875,2026-05-04T22:12:11.476562Z,2026-05-04T22:13:12.900625Z,0.9384520649909972,0.3311324119567871,0.0584381744265556,0.9968730976230097,-0.47160237734386806,3806.328125,5.843750000000054,40.015624999999964,3806.5611323190387,-0.5021530822164382
2.9765625,2026-05-04T22:12:11.484375Z,2026-05-04T22:13:12.908437500Z,0.9390925765037536,0.330822080373764,0.0568236075341701,0.9972798195493985,-0.46837757050256296,3807.3046875,10.14062500000005,37.085937499999964,3807.521969613619,-0.49990452508417443
2.984375,2026-05-04T22:12:11.492187Z,2026-05-04T22:13:12.916250Z,0.938405215740204,0.3310393095016479,0.0550706535577774,0.9966063165799359,-0.47371762433945874,3808.28125,14.437500000000046,34.15624999999997,3808.4828069081996,-0.4976559679519107
2.9921875,2026-05-04T22:12:11.500000Z,2026-05-04T22:13:12.924062500Z,0.939123809337616,0.3310858607292175,0.0538251288235187,0.9972304251939318,-0.46876920725754473,3809.2578125,18.734375000000043,31.22656249999997,3809.4436442027795,-0.49540741081964795
3.0,2026-05-04T22:12:11.507812Z,2026-05-04T22:13:12.931875Z,0.9386082887649536,0.3308996558189392,0.0523028224706649,0.9966020706369041,-0.47375128946850265,3809.671875,21.062499999999964,27.96874999999996,3809.8379315293155,-0.49448469728089967
3.0078125,2026-05-04T22:12:11.515625Z,2026-05-04T22:13:12.939687500Z,0.9388894438743592,0.3309306800365448,0.0511956922709941,0.9968196936834965,-0.4720258051905635,3808.3046875,17.156249999999968,23.671874999999964,3808.438143957044,-0.4977604884549507
3.015625,2026-05-04T22:12:11.523437Z,2026-05-04T22:13:12.947500Z,0.9389675855636596,0.3308686316013336,0.0501346923410892,0.9968187726428125,-0.47203310791536474,3806.9375,13.249999999999972,19.374999999999968,3807.038356384772,-0.5010362796290017
3.0234375,2026-05-04T22:12:11.531250Z,2026-05-04T22:13:12.955312500Z,0.9387019872665404,0.3311324119567871,0.0489045456051826,0.9965950781171463,-0.47380673158777326,3805.5703125,9.343749999999975,15.078124999999972,3805.6385688125,-0.5043120708030537
3.03125,2026-05-04T22:12:11.539062Z,2026-05-04T22:13:12.963125Z,0.9392956495285034,0.3312565684318542,0.0485662594437599,0.9971789773700503,-0.46917712550256346,3804.203125,5.43749999999998,10.781249999999975,3804.2387812402285,-0.5075878619771048
3.0390625,2026-05-04T22:12:11.546875Z,2026-05-04T22:13:12.970937500Z,0.9386863708496094,0.3312255144119263,0.0471362136304378,0.9965260994332611,-0.4743536480859132,3803.140625,2.3750000000000138,6.718749999999989,3803.148503585155,-0.5101393362082685
3.046875,2026-05-04T22:12:11.554687Z,2026-05-04T22:13:12.978750Z,0.9393737316131592,0.3311013877391815,0.0460444614291191,0.9970813552744535,-0.46995114918143993,3804.3125,5.5000000000000115,4.374999999999992,3804.327965322869,-0.5073791528582589
3.0546875,2026-05-04T22:12:11.562500Z,2026-05-04T22:13:12.986562500Z,0.9382176995277404,0.3312410414218903,0.0443222559988498,0.9959606124773265,-0.47883726720219244,3805.484375,8.625000000000009,2.0312499999999942,3805.5074270605833,-0.5046189695082491
3.0625,2026-05-04T22:12:11.570312Z,2026-05-04T22:13:12.994375Z,0.9392018914222716,0.3312720656394958,0.0435226634144783,0.9968628775086977,-0.4716834103357324,3806.65625,11.750000000000005,-0.3125000000000037,3806.686888798297,-0.5018587861582406
3.0703125,2026-05-04T22:12:11.578125Z,2026-05-04T22:13:13.002187500Z,0.93876451253891,0.3311324119567871,0.0433381386101245,0.9963963460937254,-0.47538243318420387,3807.828125,14.875000000000004,-2.6562500000000013,3807.866350536011,-0.49909860280823093
3.078125,2026-05-04T22:12:11.585937Z,2026-05-04T22:13:13.010000Z,0.9391706585884094,0.3316289782524109,0.0427691973745822,0.9969195099977685,-0.4712343840444357,3809.0,18.0,-5.0,3809.045812273725,-0.4963384194582213
3.0859375,2026-05-04T22:12:11.593750Z,2026-05-04T22:13:13.017812500Z,0.9386082887649536,0.3316134810447693,0.0422771386802196,0.9963635767147907,-0.4756422542327326,3808.609375,18.1953125,-1.484375000000003,3808.6598348724788,-0.49724168606054847
3.09375,2026-05-04T22:12:11.601562Z,2026-05-04T22:13:13.025625Z,0.9385457634925842,0.3313651978969574,0.041800457984209,0.9962019488210496,-0.4769237655151701,3808.21875,18.390625,2.031249999999994,3808.2738574712325,-0.4981449526628756
3.1015625,2026-05-04T22:12:11.609375Z,2026-05-04T22:13:13.033437500Z,0.9387176036834716,0.3312100172042847,0.0419542267918586,0.9963187101060605,-0.47599799150036354,3807.828125,18.5859375,5.546874999999991,3807.8878800699867,-0.4990482192652017
3.109375,2026-05-04T22:12:11.617187Z,2026-05-04T22:13:13.041250Z,0.9387332201004028,0.3313031196594238,0.0419234707951545,0.9963630829269268,-0.47564616936584553,3807.4375,18.78125,9.062499999999988,3807.5019026687405,-0.49995148586752886
3.1171875,2026-05-04T22:12:11.625000Z,2026-05-04T22:13:13.049062500Z,0.9389675855636596,0.3315048515796661,0.0416466891765594,0.9966393731332682,-0.47345552634960497,3807.046875,18.9765625,12.578124999999984,3807.1159252674943,-0.500854752469856
3.125,2026-05-04T22:12:11.632812Z,2026-05-04T22:13:13.056875Z,0.938170850276947,0.3316289782524109,0.0416774414479732,0.9959313895303015,-0.47906896938831767,3808.71875,17.10937500000001,14.89062499999999,3808.79080317156,-0.4969351932707068
3.1328125,2026-05-04T22:12:11.640625Z,2026-05-04T22:13:13.064687500Z,0.9392018914222716,0.331411749124527,0.0419849790632724,0.9968433571910355,-0.4718381825519753,3810.671875,14.960937500000012,17.039062499999986,3810.7467067990783,-0.49235797600771836
3.140625,2026-05-04T22:12:11.648437Z,2026-05-04T22:13:13.072500Z,0.9387019872665404,0.3310548365116119,0.0420157313346862,0.9962550112072064,-0.47650304576835534,3812.625,12.812500000000014,19.187499999999986,3812.702610426596,-0.487780758744731
3.1484375,2026-05-04T22:12:11.656250Z,2026-05-04T22:13:13.080312500Z,0.9386082887649536,0.3315669298171997,0.0430921092629432,0.9963829979317229,-0.47548826776392933,3814.578125,10.664062500000016,21.335937499999982,3814.6585140541138,-0.4832035414817436
3.15625,2026-05-04T22:12:11.664062Z,2026-05-04T22:13:13.088125Z,0.9391394257545472,0.3316289782524109,0.0441838651895523,0.9969517812644738,-0.4709785124159424,3816.53125,8.515625000000018,23.484374999999982,3816.6144176816315,-0.4786263242187562
3.1640625,2026-05-04T22:12:11.671875Z,2026-05-04T22:13:13.095937500Z,0.9385301470756532,0.3313186466693878,0.0453371256589889,0.9963264211912183,-0.4759368520373616,3815.6640625,8.445312499999995,28.74999999999994,3815.7989289366938,-0.480534735813574
3.171875,2026-05-04T22:12:11.679687Z,2026-05-04T22:13:13.103750Z,0.9388894438743592,0.3311944901943207,0.0463827475905418,0.9966717300233952,-0.47319897583222537,3813.90625,9.031249999999993,34.999999999999936,3814.1082636530855,-0.48449124073191
3.1796875,2026-05-04T22:12:11.687500Z,2026-05-04T22:13:13.111562500Z,0.9388269782066344,0.3311324119567871,0.0471362136304378,0.9966276094371127,-0.47354879805535777,3812.1484375,9.617187499999993,41.24999999999993,3812.417598369477,-0.48844774565024607
3.1875,2026-05-04T22:12:11.695312Z,2026-05-04T22:13:13.119375Z,0.9390144348144532,0.3309151828289032,0.0472746044397354,0.996738609286069,-0.4726687051735295,3810.390625,10.203124999999993,47.49999999999992,3810.7269330858694,-0.49240425056858106
3.1953125,2026-05-04T22:12:11.703125Z,2026-05-04T22:13:13.127187500Z,0.938389539718628,0.3307444751262665,0.0483048520982265,0.9961426578638822,-0.47739387020315327,3808.6328125,10.789062499999993,53.749999999999915,3809.036267802261,-0.4963607554869171
3.203125,2026-05-04T22:12:11.710937Z,2026-05-04T22:13:13.135000Z,0.9392800331115724,0.3308375775814056,0.0495657511055469,0.9970743437801748,-0.4700067417454273,3808.5,10.875000000000004,57.624999999999964,3808.9538670754805,-0.49655359015617007
3.2109375,2026-05-04T22:12:11.718750Z,2026-05-04T22:13:13.142812500Z,0.9387488961219788,0.3310858607292175,0.0515032298862934,0.9967546939110751,-0.47254117379301164,3809.28125,10.679687500000004,60.164062499999964,3809.7761151619156,-0.49462936031031324
3.21875,2026-05-04T22:12:11.726562Z,2026-05-04T22:13:13.150625Z,0.9390144348144532,0.3311169147491455,0.0528717637062072,0.9970867281336689,-0.46990854898698003,3810.0625,10.484375000000004,62.70312499999996,3810.598363248351,-0.4927051304644564
3.2265625,2026-05-04T22:12:11.734375Z,2026-05-04T22:13:13.158437500Z,0.9386707544326782,0.3311013877391815,0.0543940737843513,0.9968398213619291,-0.4718662173471318,3810.84375,10.289062500000004,65.24218749999996,3811.4206113347855,-0.49078090061860064
3.234375,2026-05-04T22:12:11.742187Z,2026-05-04T22:13:13.166250Z,0.9388582110404968,0.3308375775814056,0.0555319562554359,0.9969914951210217,-0.47066363016352164,3811.625,10.093750000000004,67.78124999999996,3812.2428594212206,-0.4888566707727438
3.2421875,2026-05-04T22:12:11.750000Z,2026-05-04T22:13:13.174062500Z,0.9387019872665404,0.3305272161960602,0.0561008974909782,0.9967732802617466,-0.47239380679135373,3812.40625,14.773437499999828,80.98437499999957,3813.487289569662,-0.4859444479628411
3.25,2026-05-04T22:12:11.757812Z,2026-05-04T22:13:13.181875Z,0.9388269782066344,0.3307600021362305,0.0570696368813514,0.997023178003164,-0.47041242370413094,3813.1875,23.95312499999982,104.03124999999955,3815.1214262368785,-0.48212023164766604
3.2578125,2026-05-04T22:12:11.765625Z,2026-05-04T22:13:13.189687500Z,0.9382176995277404,0.3308996558189392,0.0580845102667808,0.996554486348413,-0.4741285746088122,3813.96875,33.13281249999981,127.07812499999953,3816.7555629040953,-0.47829601533248994
3.265625,2026-05-04T22:12:11.773437Z,2026-05-04T22:13:13.197500Z,0.9382020831108092,0.3311013877391815,0.0591301321983337,0.9966682749290589,-0.4732263704995156,3814.75,42.3124999999998,150.12499999999952,3818.3896995713117,-0.47447179901731484
3.2734375,2026-05-04T22:12:11.781250Z,2026-05-04T22:13:13.205312500Z,0.9384364485740662,0.3309617340564728,0.0604679137468338,0.9969227683300587,-0.47120854945923396,3815.53125,51.492187499999794,173.1718749999995,3820.023836238528,-0.4706475827021398
3.28125,2026-05-04T22:12:11.789062Z,2026-05-04T22:13:13.213125Z,0.93876451253891,0.3311634659767151,0.0612213760614395,0.9973445282784603,-0.46786450951757125,3814.828125,59.96874999999983,177.31250000000057,3819.5749889135077,-0.47169797787275264
3.2890625,2026-05-04T22:12:11.796875Z,2026-05-04T22:13:13.220937500Z,0.920018196105957,0.3249718844890594,0.0595760568976402,0.9775425890619296,-0.6248696398373281,3811.8984375,67.39062499999983,153.09375000000057,3816.001665600131,-0.48006029027204994
3.296875,2026-05-04T22:12:11.804687Z,2026-05-04T22:13:13.228750Z,0.9838181138038636,0.3271909356117249,0.0652193501591682,1.0388481857472014,-0.13879132742304068,3808.96875,74.81249999999982,128.8750000000006,3812.4283422867547,-0.4884226026713473
3.3046875,2026-05-04T22:12:11.812500Z,2026-05-04T22:13:13.236562500Z,0.881557047367096,0.327858179807663,0.0021436437964439,0.9405521830489322,-0.9181582644081531,3806.0390625,82.23437499999982,104.65625000000063,3808.8550189733783,-0.4967849150706446
3.3125,2026-05-04T22:12:11.820312Z,2026-05-04T22:13:13.244375Z,0.9733982682228088,0.3713698089122772,0.0499347932636737,1.0430307795693234,-0.10562848004046331,3803.109375,89.6562499999998,80.43750000000064,3805.281695660002,-0.5051472274699419
3.3203125,2026-05-04T22:12:11.828125Z,2026-05-04T22:13:13.252187500Z,0.8793855905532837,0.3572176694869995,0.0661880895495414,0.9514748254497797,-0.8315550850513782,3802.203125,88.05468750000061,59.66406250000029,3803.8259248198997,-0.5085540310192178
3.328125,2026-05-04T22:12:11.835937Z,2026-05-04T22:13:13.260000Z,0.9539177417755128,0.3788648545742035,0.1627237498760223,1.0392192525542145,-0.1358492220183437,3806.5,63.250000000000355,47.75000000000017,3807.8152889110747,-0.499218097525581
3.3359375,2026-05-04T22:12:11.843750Z,2026-05-04T22:13:13.267812500Z,0.9281259775161744,0.3527020215988159,0.1753481179475784,1.0082477417024072,-0.3814153781566473,3810.796875,38.4453125000001,35.83593750000004,3811.8046530022502,-0.4898821640319432
3.34375,2026-05-04T22:12:11.851562Z,2026-05-04T22:13:13.275625Z,0.9393893480300904,0.3609729409217834,0.1255887299776077,1.014162876646305,-0.33451560119185775,3815.09375,13.640624999999849,23.921874999999922,3815.7940170934253,-0.4805462305383064
3.3515625,2026-05-04T22:12:11.859375Z,2026-05-04T22:13:13.283437500Z,0.9179092645645142,0.3358342945575714,0.0277306698262691,0.9778093277440968,-0.6227547287118551,3819.390625,-11.164062500000403,12.007812499999801,3819.7833811846003,-0.47121029704466966
3.359375,2026-05-04T22:12:11.867187Z,2026-05-04T22:13:13.291250Z,0.9316253066062928,0.3228925168514252,-0.0202911328524351,0.9862033357377941,-0.5562005238663351,3822.21875,-38.90625000000107,5.187500000000496,3822.656427987205,-0.46448677588685966
3.3671875,2026-05-04T22:12:11.875000Z,2026-05-04T22:13:13.299062500Z,0.9434822797775269,0.3023470938205719,0.0025741942226886,0.9907467909974986,-0.5201764871620715,3817.3359375,-82.07031250000104,25.109375000000476,3819.668809024816,-0.47147841949213865
3.375,2026-05-04T22:12:11.882812Z,2026-05-04T22:13:13.306875Z,0.9403891563415528,0.3066455125808716,0.0563930571079254,0.9907287280788525,-0.5203197039887157,3812.453125,-125.23437500000101,45.03125000000046,3816.681190062426,-0.4784700630974187
3.3828125,2026-05-04T22:12:11.890625Z,2026-05-04T22:13:13.314687500Z,0.946731686592102,0.3431896567344666,0.0935588255524635,1.0113522040940057,-0.3568007928356895,3807.5703125,-168.39843750000097,64.95312500000044,3813.6935711000365,-0.4854617067026988
3.390625,2026-05-04T22:12:11.898437Z,2026-05-04T22:13:13.322500Z,0.8864623308181763,0.3172596096992493,0.097664438188076,0.9465767091961994,-0.8703911491512368,3802.6875,-211.56250000000094,84.87500000000043,3810.7059521376473,-0.49245335030797777
3.3984375,2026-05-04T22:12:11.906250Z,2026-05-04T22:13:13.330312500Z,1.012796759605408,0.301167756319046,0.166029766201973,1.069591126075074,0.10496254434729088,3798.3671875,-251.031249999999,103.85156249999993,3808.135507536668,-0.49846871999983106
3.40625,2026-05-04T22:12:11.914062Z,2026-05-04T22:13:13.338125Z,0.970086395740509,0.2278621941804886,0.1324929296970367,1.0052577635399103,-0.40512224372788197,3807.546875,-201.81249999999903,100.14062499999993,3815.577247609527,-0.4810535157694538
3.4140625,2026-05-04T22:12:11.921875Z,2026-05-04T22:13:13.345937500Z,1.0251225233078,0.2538232803344727,0.1125184446573257,1.062055952302329,0.045217843223059155,3816.7265625,-152.5937499999991,96.42968749999993,3823.018987682386,-0.4636383115390777
3.421875,2026-05-04T22:12:11.929687Z,2026-05-04T22:13:13.353750Z,0.936264991760254,0.252131849527359,0.0500424318015575,0.9709103199176168,-0.6774554128735999,3825.90625,-103.37499999999912,92.71874999999993,3830.4607277552454,-0.44622310730870046
3.4296875,2026-05-04T22:12:11.937500Z,2026-05-04T22:13:13.361562500Z,0.9646499752998352,0.292245090007782,0.0477205328643322,1.0090758230858994,-0.374849706779269,3835.0859375,-54.15624999999916,89.00781249999994,3837.9024678281044,-0.4288079030783243
3.4375,2026-05-04T22:12:11.945312Z,2026-05-04T22:13:13.369375Z,0.9326719641685486,0.261070042848587,0.0337122529745101,0.9691083922965474,-0.691742492430767,3844.265625,-4.937499999999208,85.29687499999994,3845.3442079009637,-0.41139269884794705
3.4453125,2026-05-04T22:12:11.953125Z,2026-05-04T22:13:13.377187500Z,0.9906917214393616,0.2752376794815063,0.0503807216882705,1.0294484369081731,-0.21331982563258006,3839.7890625,31.882812500000544,112.31250000000045,3842.6588825363824,-0.4176769131837519
3.453125,2026-05-04T22:12:11.960937Z,2026-05-04T22:13:13.385000Z,0.9510433077812196,0.2765567004680634,0.0286994092166423,0.9908534896434538,-0.5193304975531778,3834.125,67.62500000000051,142.00000000000043,3839.0929427859373,-0.42602194652531006
3.4609375,2026-05-04T22:12:11.968750Z,2026-05-04T22:13:13.392812500Z,0.9573545455932616,0.3239942789077759,0.0726617276668548,1.0133014089601289,-0.3413459850676659,3828.4609375,103.36718750000048,171.6875000000004,3835.527003035492,-0.43436697986686934
3.46875,2026-05-04T22:12:11.976562Z,2026-05-04T22:13:13.400625Z,0.934609055519104,0.3452845513820648,0.1306169480085373,1.0048762586450584,-0.4081471103876,3822.796875,139.10937500000045,201.37500000000037,3831.9610632850467,-0.44271201320842757
3.4765625,2026-05-04T22:12:11.984375Z,2026-05-04T22:13:13.408437500Z,0.9291257858276368,0.3832253217697144,0.1476390957832336,1.0158413634711945,-0.3212072559939396,3817.1328125,174.85156250000043,231.06250000000034,3828.395123534601,-0.4510570465499868
3.484375,2026-05-04T22:12:11.992187Z,2026-05-04T22:13:13.416250Z,0.8952418565750122,0.380773514509201,0.0725387185811996,0.975555388898532,-0.6406257037871267,3818.1875,196.5312500000002,193.0937499999994,3829.6241499835764,-0.4481808715688826
3.4921875,2026-05-04T22:12:12.000000Z,2026-05-04T22:13:13.424062500Z,0.9217053651809692,0.3799976408481598,-0.0090353023260831,0.9970058294421726,-0.47054997654931047,3820.921875,214.69531250000017,138.21093749999946,3832.051917982407,-0.4424993945071125
3.5,2026-05-04T22:12:12.007812Z,2026-05-04T22:13:13.431875Z,0.9194714426994324,0.3500484824180603,-0.0687127336859703,0.9862469841543555,-0.5558544453709138,3823.65625,232.85937500000017,83.32812499999952,3834.479685981237,-0.43681791744534354
3.5078125,2026-05-04T22:12:12.015625Z,2026-05-04T22:13:13.439687500Z,0.940404772758484,0.3633781969547272,-0.0356218218803405,1.0087981784495248,-0.3770510887671595,3826.390625,251.02343750000014,28.445312499999567,3836.907453980067,-0.43113644038357346
3.515625,2026-05-04T22:12:12.023437Z,2026-05-04T22:13:13.447500Z,0.9091922044754028,0.3960118889808655,0.0350192785263061,0.9923115593207302,-0.5077697904328888,3829.125,269.1875000000001,-26.437500000000384,3839.335221978897,-0.42545496332180444
3.5234375,2026-05-04T22:12:12.031250Z,2026-05-04T22:13:13.455312500Z,0.8948356509208679,0.4506341814994812,0.1031847149133682,1.0071986363604917,-0.3897334988783335,3827.609375,246.97656249999974,-73.75000000000027,3837.699295986936,-0.4292833670253542
3.53125,2026-05-04T22:12:12.039062Z,2026-05-04T22:13:13.463125Z,0.8729493618011475,0.4505565762519836,0.1111499071121216,0.9886334601478818,-0.5369326130053356,3824.09375,205.76562499999977,-117.50000000000024,3834.151043411073,-0.4375870087361124
3.5390625,2026-05-04T22:12:12.046875Z,2026-05-04T22:13:13.470937500Z,0.9158627390861512,0.4226402640342712,0.0778437182307243,1.011676328722448,-0.35423088142590536,3820.578125,164.5546874999998,-161.2500000000002,3830.6027908352103,-0.4458906504468696
3.546875,2026-05-04T22:12:12.054687Z,2026-05-04T22:13:13.478750Z,0.9228770136833192,0.3729215562343597,-0.0137713607400655,0.9954708031207802,-0.4827208556232795,3817.0625,123.34374999999984,-205.00000000000017,3827.0545382593473,-0.4541942921576278
3.5546875,2026-05-04T22:12:12.062500Z,2026-05-04T22:13:13.486562500Z,0.9333437085151672,0.357528030872345,-0.0750633552670478,1.00229301024613,-0.42862910697829054,3813.546875,82.13281249999989,-248.75000000000014,3823.5062856834843,-0.462497933868386
3.5625,2026-05-04T22:12:12.070312Z,2026-05-04T22:13:13.494375Z,0.9195807576179504,0.3546106815338135,-0.0722340196371078,0.9882283434672442,-0.5401446922134726,3807.1875,30.859374999999893,-257.28124999999994,3817.291409071533,-0.477042024955155
3.5703125,2026-05-04T22:12:12.078125Z,2026-05-04T22:13:13.502187500Z,0.922252118587494,0.3666679263114929,-0.0126181002706289,0.9925490188797383,-0.5058870269014961,3798.59375,-28.320312500000057,-238.14062499999997,3808.9813278597985,-0.49648932626593173
3.578125,2026-05-04T22:12:12.085937Z,2026-05-04T22:13:13.510000Z,0.9152847528457642,0.3614539802074432,0.0397399626672267,0.9848727954576301,-0.5667500790285105,3790.0,-87.50000000000001,-219.0,3800.6712466480635,-0.5159366275767095
3.5859375,2026-05-04T22:12:12.093750Z,2026-05-04T22:13:13.517812500Z,0.9411546587944032,0.3509485125541687,0.0616057962179184,1.0063459764723246,-0.39649404770116514,3781.40625,-146.67968749999997,-199.85937500000003,3792.361165436329,-0.5353839288874862
3.59375,2026-05-04T22:12:12.101562Z,2026-05-04T22:13:13.525625Z,0.9486375451087952,0.3172130584716797,0.0337737575173378,1.0008386399174636,-0.4401604827939906,3772.8125,-205.85937499999991,-180.71875000000003,3784.0510842245944,-0.554831230198263
3.6015625,2026-05-04T22:12:12.109375Z,2026-05-04T22:13:13.533437500Z,0.9690085053443908,0.290926069021225,0.0110006909817457,1.0117986342489242,-0.3532611483652561,3769.890625,-233.50000000000003,-173.00781249999997,3781.1312196969375,-0.5616643144737584
3.609375,2026-05-04T22:12:12.117187Z,2026-05-04T22:13:13.541250Z,0.9668214321136476,0.2744618058204651,-0.0051757227629423,1.0050371896375945,-0.40687112467835557,3774.1875,-221.00000000000006,-179.84374999999997,3785.071630949016,-0.5524429407043501
3.6171875,2026-05-04T22:12:12.125000Z,2026-05-04T22:13:13.549062500Z,0.9574795365333556,0.2773325741291046,-0.0188457127660512,0.9970133301229553,-0.47049050533536024,3778.484375,-208.50000000000006,-186.67968749999997,3789.012042201094,-0.5432215669349417
3.625,2026-05-04T22:12:12.132812Z,2026-05-04T22:13:13.556875Z,0.9463254809379578,0.2728945314884186,-0.0309318918734788,0.9853730882887015,-0.5627833694915556,3782.78125,-196.00000000000006,-193.51562499999997,3792.952453453173,-0.5340001931655323
3.6328125,2026-05-04T22:12:12.140625Z,2026-05-04T22:13:13.564687500Z,0.9665089845657348,0.2631804347038269,-0.0237047877162694,1.0019807759722021,-0.43110474243663094,3787.078125,-183.50000000000009,-200.35156249999994,3796.892864705251,-0.5247788193961239
3.640625,2026-05-04T22:12:12.148437Z,2026-05-04T22:13:13.572500Z,0.9754135012626648,0.2468868941068649,-0.0081434454768896,1.0062062177463724,-0.3976021632620455,3792.0,-161.3125000000003,-187.4375000000004,3801.0371205057304,-0.5150804074062331
3.6484375,2026-05-04T22:12:12.156250Z,2026-05-04T22:13:13.580312500Z,0.9864269495010376,0.253047376871109,0.0299756843596696,1.0188079521166402,-0.29768584065222936,3798.25,-118.53906250000034,-132.55468750000043,3805.614545971562,-0.5043682891978153
3.65625,2026-05-04T22:12:12.164062Z,2026-05-04T22:13:13.588125Z,0.9693521857261658,0.2747566401958466,0.0652808547019958,1.0096516534401496,-0.3702840771799388,3804.5,-75.76562500000037,-77.67187500000048,3810.191971437394,-0.49365617098939735
3.6640625,2026-05-04T22:12:12.171875Z,2026-05-04T22:13:13.595937500Z,0.9531679153442384,0.2989952862262726,0.0789508521556854,1.0020780873182094,-0.43033318262148423,3810.75,-32.99218750000041,-22.78906250000054,3814.7693969032257,-0.4829440527809795
3.671875,2026-05-04T22:12:12.179687Z,2026-05-04T22:13:13.603750Z,0.942810595035553,0.3029678165912628,0.0553013011813163,0.9918364532087521,-0.5115368001288162,3817.0,9.781249999999554,32.09374999999941,3819.3468223690575,-0.47223193457256163
3.6796875,2026-05-04T22:12:12.187500Z,2026-05-04T22:13:13.611562500Z,0.9525117874145508,0.2965279519557953,0.0077100526541471,0.9976306813479077,-0.4655956660740729,3822.0,51.10937499999959,85.41406249999946,3823.7418892936257,-0.46194657290336233
3.6875,2026-05-04T22:12:12.195312Z,2026-05-04T22:13:13.619375Z,0.9498404264450072,0.2897622585296631,-0.0374670401215553,0.9937619339021366,-0.49627009600012967,3822.0,86.65624999999956,132.4843749999994,3827.407522053141,-0.45336823739103527
3.6953125,2026-05-04T22:12:12.203125Z,2026-05-04T22:13:13.627187500Z,0.9545270204544068,0.3018970787525177,-0.0237047877162694,1.0014118013572364,-0.4356160144183546,3822.0,122.20312499999953,179.55468749999937,3831.073154812656,-0.4447899018787082
3.703125,2026-05-04T22:12:12.210937Z,2026-05-04T22:13:13.635000Z,0.9415920376777648,0.3329945504665375,0.0406164415180683,0.9995652211737698,-0.4502571341178348,3822.0,157.74999999999952,226.62499999999932,3834.738787572171,-0.4362115663663811
3.7109375,2026-05-04T22:12:12.218750Z,2026-05-04T22:13:13.642812500Z,0.9212679266929626,0.3758233785629272,0.1110730245709419,1.0011568415662655,-0.4376375333600079,3822.0,193.2968749999995,273.69531249999926,3838.404420331686,-0.427633230854054
3.71875,2026-05-04T22:12:12.226562Z,2026-05-04T22:13:13.650625Z,0.905193030834198,0.4024983048439026,0.1420880556106567,1.0007838547959462,-0.4405948617227087,3822.421875,225.92187500000003,315.37500000000034,3842.080584447722,-0.4190302497987718
3.7265625,2026-05-04T22:12:12.234375Z,2026-05-04T22:13:13.658437500Z,0.910520076751709,0.4013499915599823,0.1196225360035896,1.0022166317783125,-0.4292346947019059,3827.6953125,224.94531250000003,295.06250000000034,3845.877859163741,-0.41014384499950907
3.734375,2026-05-04T22:12:12.242187Z,2026-05-04T22:13:13.666250Z,0.91895592212677,0.380804568529129,0.0602218881249427,0.9965534516692275,-0.4741367783477789,3832.96875,223.96875000000003,274.75000000000034,3849.675133879761,-0.4012574402002453
3.7421875,2026-05-04T22:12:12.250000Z,2026-05-04T22:13:13.674062500Z,0.9253140091896056,0.368669718503952,0.0156137365847826,0.996176272410894,-0.4771273480066899,3838.2421875,222.99218750000003,254.43750000000037,3853.4724085957805,-0.39237103540098145
3.75,2026-05-04T22:12:12.257812Z,2026-05-04T22:13:13.681875Z,0.9176124334335328,0.3766147792339325,0.0158905200660228,0.9920200494733975,-0.5100811065655917,3843.515625,222.01562500000003,234.1250000000004,3857.2696833118,-0.3834846306017187
3.7578125,2026-05-04T22:12:12.265625Z,2026-05-04T22:13:13.689687500Z,0.9023810625076294,0.3970670998096466,0.0583920404314994,0.9876049281516348,-0.5450876122881325,3848.7890625,221.03906250000003,213.81250000000043,3861.0669580278195,-0.37459822580245494
3.765625,2026-05-04T22:12:12.273437Z,2026-05-04T22:13:13.697500Z,0.8988348841667175,0.4114519953727722,0.1155630573630333,0.9952646450659864,-0.4843554365552489,3842.8125,164.93750000000125,215.43749999999994,3854.1432240471995,-0.3908011891052258
3.7734375,2026-05-04T22:12:12.281250Z,2026-05-04T22:13:13.705312500Z,0.9080674052238464,0.4077122509479523,0.1466088443994522,1.0061360967876851,-0.3981581366006393,3836.3671875,106.5390625000013,217.97656249999994,3846.772781370886,-0.4080495427455816
3.78125,2026-05-04T22:12:12.289062Z,2026-05-04T22:13:13.713125Z,0.9192214608192444,0.3881754577159882,0.1367984414100647,1.0071554465800725,-0.390075940950751,3829.921875,48.14062500000134,220.51562499999994,3839.402338694573,-0.42529789638593735
3.7890625,2026-05-04T22:12:12.296875Z,2026-05-04T22:13:13.720937500Z,0.9315783977508544,0.3646196126937866,0.110012024641037,1.0064235781631092,-0.39587876131726873,3823.4765625,-10.257812499998607,223.05468749999994,3832.0318960182594,-0.4425462500262931
3.796875,2026-05-04T22:12:12.304687Z,2026-05-04T22:13:13.728750Z,0.935312032699585,0.3471777141094208,0.0870698094367981,1.0014599919129235,-0.43523392232156083,3817.03125,-68.65624999999856,225.59374999999994,3824.661453341946,-0.45979460366664887
3.8046875,2026-05-04T22:12:12.312500Z,2026-05-04T22:13:13.736562500Z,0.9289851784706116,0.3385964334011078,0.0740917772054672,0.9915395090360694,-0.5138912038071606,3812.0625,-99.49218749999959,207.46093750000037,3819.537107463414,-0.471786628266809
3.8125,2026-05-04T22:12:12.320312Z,2026-05-04T22:13:13.744375Z,0.9293288588523864,0.3308996558189392,0.0735382065176963,0.9892191758830853,-0.5322886044397913,3807.375,-125.07812499999984,185.39062500000014,3814.8405895463643,-0.482777447335503
3.8203125,2026-05-04T22:12:12.328125Z,2026-05-04T22:13:13.752187500Z,0.9372960329055786,0.3159095644950867,0.0773209035396575,0.9921195635427213,-0.5092920818518002,3802.6875,-150.6640625000001,163.32031249999991,3810.144071629315,-0.4937682664041959
3.828125,2026-05-04T22:12:12.335937Z,2026-05-04T22:13:13.760000Z,0.953464686870575,0.2967296838760376,0.0881154313683509,1.0024508684457345,-0.4273774847543293,3798.0,-176.25000000000037,141.2499999999997,3805.4475537122653,-0.50475908547289
3.8359375,2026-05-04T22:12:12.343750Z,2026-05-04T22:13:13.767812500Z,0.9661184549331664,0.2831517159938812,0.1093046888709068,1.0126733324433372,-0.3463258627600148,3793.3125,-201.83593750000063,119.17968749999947,3800.7510357952156,-0.5157499045415839
3.84375,2026-05-04T22:12:12.351562Z,2026-05-04T22:13:13.775625Z,0.9671963453292848,0.2819568514823914,0.1291715353727341,1.0157035601329445,-0.3222998677247328,3793.125,-187.6249999999992,96.26562499999937,3799.5761016120923,-0.5184994924815024
3.8515625,2026-05-04T22:12:12.359375Z,2026-05-04T22:13:13.783437500Z,0.958354353904724,0.2852310836315155,0.1331848800182343,1.0087309110874025,-0.3775844365792493,3794.6875,-157.93749999999923,73.0234374999994,3799.770672214385,-0.5180441572046752
3.859375,2026-05-04T22:12:12.367187Z,2026-05-04T22:13:13.791250Z,0.954683244228363,0.2832292914390564,0.1121801510453224,1.0021094324613522,-0.43008465401879437,3796.25,-128.24999999999926,49.781249999999424,3799.9652428166773,-0.5175888219278479
3.8671875,2026-05-04T22:12:12.375000Z,2026-05-04T22:13:13.799062500Z,0.96036958694458,0.2709858417510986,0.0673106014728546,1.0001368841455114,-0.4457245467587976,3797.8125,-98.56249999999929,26.539062499999446,3800.1598134189694,-0.5171334866510218
3.875,2026-05-04T22:12:12.382812Z,2026-05-04T22:13:13.806875Z,0.9563547372817992,0.2631959617137909,0.0233175233006477,0.9921845618012117,-0.5087767252529717,3799.375,-68.8749999999993,3.2968749999994666,3800.354384021262,-0.5166781513741946
3.8828125,2026-05-04T22:12:12.390625Z,2026-05-04T22:13:13.814687500Z,0.9699614644050598,0.267075389623642,0.029145335778594,1.0064809768550398,-0.3954236599755165,3802.2265625,-34.38281249999916,7.828125000000512,3803.0841090040312,-0.5102900327887219
3.890625,2026-05-04T22:12:12.398437Z,2026-05-04T22:13:13.822500Z,0.9574795365333556,0.284951776266098,0.0716007277369499,1.0015444283154864,-0.4345644450424335,3805.9375,3.3125000000008002,30.87500000000049,3807.503936907118,-0.4999467253308201
3.8984375,2026-05-04T22:12:12.406250Z,2026-05-04T22:13:13.830312500Z,0.9529023170471193,0.3125422298908234,0.1290946453809738,1.011123582340426,-0.35861348339201315,3809.6484375,41.00781250000077,53.92187500000047,3811.923764810205,-0.4896034178729173
3.90625,2026-05-04T22:12:12.414062Z,2026-05-04T22:13:13.838125Z,0.934734046459198,0.3373550176620483,0.1441793143749237,1.0041532852335693,-0.4138794042527283,3813.359375,78.70312500000072,76.96875000000044,3816.3435927132914,-0.47926011041501554
3.9140625,2026-05-04T22:12:12.421875Z,2026-05-04T22:13:13.845937500Z,0.9323751330375672,0.3409396111965179,0.1112729236483574,0.9989719068757176,-0.4549613899822552,3817.0703125,116.3984375000007,100.01562500000043,3820.7634206163784,-0.46891680295711274
3.921875,2026-05-04T22:12:12.429687Z,2026-05-04T22:13:13.853750Z,0.9375772476196288,0.328215092420578,0.0507036373019218,0.9946592888935849,-0.48915516973786716,3820.3125,148.75000000000048,96.71874999999943,3824.9288092637576,-0.459168935753639
3.9296875,2026-05-04T22:12:12.437500Z,2026-05-04T22:13:13.861562500Z,0.9492311477661132,0.3174768388271332,0.0033430363982915,1.0009208215305556,-0.439508883234356,3823.046875,175.31250000000045,64.88281249999946,3828.8185553841204,-0.45006612882579533
3.9375,2026-05-04T22:12:12.445312Z,2026-05-04T22:13:13.869375Z,0.9393737316131592,0.3322186470031738,-0.0128641296178102,0.9964726403129566,-0.4747775134487149,3825.78125,201.87500000000043,33.04687499999949,3832.708301504483,-0.44096332189795173
3.9453125,2026-05-04T22:12:12.453125Z,2026-05-04T22:13:13.877187500Z,0.919877588748932,0.3716801404953003,0.0101395901292562,0.9921812921080223,-0.5088026499161927,3828.515625,228.4375000000004,1.2109374999995197,3836.598047624846,-0.4318605149701081
3.953125,2026-05-04T22:12:12.460937Z,2026-05-04T22:13:13.885000Z,0.8983974456787109,0.4083019196987152,0.0502884611487388,0.988107968471258,-0.5410991185312886,3831.25,255.00000000000037,-30.62500000000045,3840.487793745209,-0.4227577080422644
3.9609375,2026-05-04T22:12:12.468750Z,2026-05-04T22:13:13.892812500Z,0.9007407426834106,0.4142451882362366,0.0739995166659355,0.9941875527150444,-0.4928954599881503,3830.75,246.68749999999906,-52.61718750000006,3840.1479537965592,-0.42355300350453917
3.96875,2026-05-04T22:12:12.476562Z,2026-05-04T22:13:13.900625Z,0.9157846570014954,0.4039724767208099,0.0594222918152809,1.0026895375498202,-0.4254851310115713,3824.5,176.37499999999912,-57.10937500000006,3832.2888497252225,-0.4419449254381321
3.9765625,2026-05-04T22:12:12.484375Z,2026-05-04T22:13:13.908437500Z,0.9231582283973694,0.3942739069461823,0.0104009956121444,1.003883065434466,-0.4160219163728434,3818.25,106.06249999999918,-61.60156250000005,3824.429745653885,-0.460336847371726
3.984375,2026-05-04T22:12:12.492187Z,2026-05-04T22:13:13.916250Z,0.9167376160621644,0.3896341323852539,-0.0361753851175308,0.996760388614712,-0.4724960217663913,3812.0,35.74999999999923,-66.09375000000004,3816.5706415825484,-0.4787287693053189
3.9921875,2026-05-04T22:12:12.500000Z,2026-05-04T22:13:13.924062500Z,0.9135195016860962,0.3819063007831573,-0.0438330397009849,0.9911062697350457,-0.5173262609585368,3805.75,-34.56250000000071,-70.58593750000004,3808.7115375112116,-0.4971206912389117
4.0,2026-05-04T22:12:12.507812Z,2026-05-04T22:13:13.931875Z,0.9145193099975586,0.3739302158355713,-0.0316238477826118,0.9885188123762872,-0.5378416294467679,3800.015625,-102.34375000000053,-73.34374999999997,3802.654870023205,-0.5112945403960203
4.0078125,2026-05-04T22:12:12.515625Z,2026-05-04T22:13:13.939687500Z,0.9189715385437012,0.3578849136829376,-0.0248272959142923,0.9865123895408697,-0.5537501056473354,3795.9140625,-162.10937500000048,-70.60937499999997,3802.305918382412,-0.51211115909426
4.015625,2026-05-04T22:12:12.523437Z,2026-05-04T22:13:13.947500Z,0.9390300512313844,0.3277185261249542,-0.0202603805810213,0.99478005232434,-0.488197663607976,3791.8125,-221.87500000000043,-67.87499999999999,3801.956966741619,-0.5129277777924998
4.0234375,2026-05-04T22:12:12.531250Z,2026-05-04T22:13:13.955312500Z,0.9621973633766174,0.2893277406692505,-0.0049143154174089,1.0047678627950385,-0.40900655674648406,3787.7109375,-281.6406250000004,-65.14062499999999,3801.608015100826,-0.5137443964907394
4.03125,2026-05-04T22:12:12.539062Z,2026-05-04T22:13:13.963125Z,0.9796626567840576,0.266454666852951,0.0235789287835359,1.0155259605088856,-0.32370801527105175,3783.609375,-341.40625000000034,-62.406249999999986,3801.259063460033,-0.5145610151889791
4.0390625,2026-05-04T22:12:12.546875Z,2026-05-04T22:13:13.970937500Z,0.9724609851837158,0.2625131905078888,0.0453063696622848,1.0082887532979279,-0.3810902064232659,3780.421875,-386.9453124999997,-62.15625000000008,3800.980719043185,-0.5152123984432083
4.046875,2026-05-04T22:12:12.554687Z,2026-05-04T22:13:13.978750Z,0.9663840532302856,0.2622183561325073,0.0525796040892601,1.0027069459202989,-0.4253471039503943,3783.9375,-328.1562499999998,-80.12500000000007,3801.22016093527,-0.5146520551080287
4.0546875,2026-05-04T22:12:12.562500Z,2026-05-04T22:13:13.986562500Z,0.969633400440216,0.2470420449972153,0.0374641939997673,1.0013102761270927,-0.4364209851747618,3787.453125,-269.36718749999983,-98.09375000000006,3801.459602827355,-0.514091711772849
4.0625,2026-05-04T22:12:12.570312Z,2026-05-04T22:13:13.994375Z,0.9834119081497192,0.2252552211284637,0.0067413132637739,1.0089025428854985,-0.37622360658515563,3790.96875,-210.5781249999999,-116.06250000000004,3801.69904471944,-0.5135313684376693
4.0703125,2026-05-04T22:12:12.578125Z,2026-05-04T22:13:14.002187500Z,0.9895825982093812,0.214749738574028,-0.0233203675597906,1.0128844990617472,-0.34465157005160396,3794.484375,-151.78906249999994,-134.03125000000003,3801.9384866115247,-0.5129710251024897
4.078125,2026-05-04T22:12:12.585937Z,2026-05-04T22:13:14.010000Z,0.9834587574005128,0.2294449955224991,-0.0209830906242132,1.0100873346251917,-0.366829658878407,3798.0,-93.0,-152.0,3802.1779285036096,-0.5124106817673101
4.0859375,2026-05-04T22:12:12.593750Z,2026-05-04T22:13:14.017812500Z,0.9688678979873656,0.2593941390514374,0.0206419564783573,1.0032030768951754,-0.4214133928368316,3801.90625,-17.21875000000007,-127.58593750000003,3807.5093680008713,-0.4999340154530247
4.09375,2026-05-04T22:12:12.601562Z,2026-05-04T22:13:14.025625Z,0.9532303810119628,0.2963882982730865,0.0724618285894393,1.0008720693674857,-0.4398954281900019,3805.8125,58.56249999999986,-103.17187500000004,3812.840807498133,-0.4874573491387392
4.1015625,2026-05-04T22:12:12.609375Z,2026-05-04T22:13:14.033437500Z,0.9392018914222716,0.320564866065979,0.0894378423690795,0.9964241836962348,-0.47516171508371996,3809.71875,134.34374999999977,-78.75781250000006,3818.1722469953947,-0.47498068282445377
4.109375,2026-05-04T22:12:12.617187Z,2026-05-04T22:13:14.041250Z,0.9389363527297974,0.3353842794895172,0.0702168196439743,0.9995071241202593,-0.4507177726117651,3813.625,210.12499999999972,-54.343750000000085,3823.503686492656,-0.46250401651016937
4.1171875,2026-05-04T22:12:12.625000Z,2026-05-04T22:13:14.049062500Z,0.9377647042274476,0.3354618549346924,0.0334662236273288,0.9965225961988475,-0.4743814244450681,3817.53125,285.90624999999966,-29.929687500000107,3828.8351259899177,-0.45002735019588397
4.125,2026-05-04T22:12:12.632812Z,2026-05-04T22:13:14.056875Z,0.9371241927146912,0.3464018404483795,0.017935637384653,0.9992585624980053,-0.45268856191011375,3820.921875,305.31249999999994,1.3593749999998284,3833.667361295124,-0.43871892449094374
4.1328125,2026-05-04T22:12:12.640625Z,2026-05-04T22:13:14.064687500Z,0.9235956072807312,0.3726732730865479,0.0318362787365913,0.9964576071790998,-0.4748967077919802,3824.2421875,317.03124999999994,33.5859374999998,3838.431523301414,-0.42756980432364067
4.140625,2026-05-04T22:12:12.648437Z,2026-05-04T22:13:14.072500Z,0.9016780853271484,0.4070449769496918,0.05548582598567,0.9908519867793169,-0.5193424134255119,3827.5625,328.74999999999994,65.81249999999977,3843.1956853077036,-0.4164206841563386
4.1484375,2026-05-04T22:12:12.656250Z,2026-05-04T22:13:14.080312500Z,0.8907739520072937,0.4274196922779083,0.0752450376749038,0.9908721626003689,-0.5191824438700582,3830.8828125,340.4687499999999,98.03906249999974,3847.959847313993,-0.4052715639890365
4.15625,2026-05-04T22:12:12.664062Z,2026-05-04T22:13:14.088125Z,0.8984443545341492,0.4280404150485992,0.0768288448452949,0.998160070584635,-0.4613982576690991,3834.203125,352.1874999999999,130.26562499999972,3852.7240093202827,-0.3941224438217345
4.1640625,2026-05-04T22:12:12.671875Z,2026-05-04T22:13:14.095937500Z,0.9055679440498352,0.4144313931465149,0.0585765689611434,0.9976161061988055,-0.4657112291590413,3838.1171875,309.28125000000057,150.02343749999986,3855.1488037430363,-0.38844792554032553
4.171875,2026-05-04T22:12:12.679687Z,2026-05-04T22:13:14.103750Z,0.911457359790802,0.4105364680290222,0.0455677770078182,1.0006853314603938,-0.44137603113085555,3842.21875,249.12500000000065,165.84374999999983,3856.8348505078307,-0.3845022289070947
4.1796875,2026-05-04T22:12:12.687500Z,2026-05-04T22:13:14.111562500Z,0.903630793094635,0.4120571911334991,0.0495196208357811,0.9943801747025066,-0.491368203495074,3846.3203125,188.9687500000007,181.66406249999983,3858.5208972726255,-0.3805565322738627
4.1875,2026-05-04T22:12:12.695312Z,2026-05-04T22:13:14.119375Z,0.898428738117218,0.4155797064304352,0.0751373991370201,0.9927367821435746,-0.5043982941372186,3850.421875,128.81250000000077,197.4843749999998,3860.20694403742,-0.37661083564063186
4.1953125,2026-05-04T22:12:12.703125Z,2026-05-04T22:13:14.127187500Z,0.9022873044013976,0.4089226126670837,0.0971262529492378,0.9953761057240491,-0.4834716900214727,3854.5234375,68.65625000000082,213.3046874999998,3861.8929908022146,-0.37266513900739995
4.203125,2026-05-04T22:12:12.710937Z,2026-05-04T22:13:14.135000Z,0.9103482365608216,0.3908289968967438,0.0966649428009986,0.9954020935237342,-0.48326563859228355,3847.0,-21.499999999998476,227.6249999999998,3858.1714219100213,-0.38137437658898915
4.2109375,2026-05-04T22:12:12.718750Z,2026-05-04T22:13:14.142812500Z,0.9270949363708496,0.3639057874679565,0.0858550369739532,0.9996517046306389,-0.4495714262046974,3832.9375,-128.53124999999838,241.1015624999998,3851.4080692107723,-0.397202014666415
4.21875,2026-05-04T22:12:12.726562Z,2026-05-04T22:13:14.150625Z,0.9409828186035156,0.3371222615242004,0.0785356760025024,1.0026305084762672,-0.42595315928317085,3818.875,-235.56249999999827,254.57812499999977,3844.6447165115233,-0.41302965274384085
4.2265625,2026-05-04T22:12:12.734375Z,2026-05-04T22:13:14.158437500Z,0.9426699876785278,0.3195872604846954,0.0811036005616188,0.9986693730950233,-0.45736011240760094,3804.8125000000005,-342.5937499999982,268.0546874999998,3837.8813638122747,-0.42885729082126567
4.234375,2026-05-04T22:12:12.742187Z,2026-05-04T22:13:14.166250Z,0.9579638242721558,0.2795981764793396,0.1014471352100372,1.003075944356672,-0.4224213981921333,3790.7500000000005,-449.62499999999807,281.5312499999998,3831.1180111130257,-0.44468492889869154
4.2421875,2026-05-04T22:12:12.750000Z,2026-05-04T22:13:14.174062500Z,0.9766788482666016,0.2446833699941635,0.0921902880072593,1.0110739702939333,-0.35900684617026707,3786.1328125,-466.57031250000125,260.98437500000097,3825.9052501994793,-0.45688386288788374
4.25,2026-05-04T22:12:12.757812Z,2026-05-04T22:13:14.181875Z,0.9893326163291932,0.2136479765176773,0.042799949645996,1.0130430984378525,-0.3433940712055689,3790.234375,-400.3593750000013,209.03125000000102,3822.1238047804272,-0.46573322387255356
4.2578125,2026-05-04T22:12:12.765625Z,2026-05-04T22:13:14.189687500Z,0.985505223274231,0.2048029005527496,-0.0108651425689458,1.0066195033371124,-0.3943253145997067,3794.3359375,-334.14843750000136,157.07812500000105,3818.3423593613757,-0.4745825848572223
4.265625,2026-05-04T22:12:12.773437Z,2026-05-04T22:13:14.197500Z,0.990847945213318,0.1979751139879227,-0.0033766329288482,1.0104381217778362,-0.3640483463002195,3798.4375,-267.9375000000014,105.1250000000011,3814.560913942324,-0.48343194584189103
4.2734375,2026-05-04T22:12:12.781250Z,2026-05-04T22:13:14.205312500Z,1.002783179283142,0.2122513949871063,0.0610829889774322,1.0268183339177364,-0.2341733217600291,3802.5390625,-201.72656250000145,53.17187500000114,3810.779468523272,-0.49228130682656085
4.28125,2026-05-04T22:12:12.789062Z,2026-05-04T22:13:14.213125Z,0.9694927930831908,0.2489817589521408,0.0950042456388473,1.005452136513994,-0.40358110405499753,3807.109375,-119.57812500000244,18.484375000000203,3811.8271743577247,-0.4898294594223635
4.2890625,2026-05-04T22:12:12.796875Z,2026-05-04T22:13:14.220937500Z,0.9566203355789183,0.2875432074069977,0.0992636308073997,1.0038211150250296,-0.41651310726079427,3812.3828125,-13.52343750000255,9.69531250000021,3820.118607072435,-0.47042579943486384
4.296875,2026-05-04T22:12:12.804687Z,2026-05-04T22:13:14.228750Z,0.944669544696808,0.2955348193645477,0.0660958290100097,0.9920232037341822,-0.5100560971399922,3817.65625,92.53124999999736,0.9062500000002169,3828.4100397871453,-0.4510221394473653
4.3046875,2026-05-04T22:12:12.812500Z,2026-05-04T22:13:14.236562500Z,0.9636502265930176,0.2933934032917023,0.0331125557422637,1.0078679921773714,-0.3844263268831905,3822.9296875,198.58593749999724,-7.882812499999776,3836.7014725018553,-0.4316184794598667
4.3125,2026-05-04T22:12:12.820312Z,2026-05-04T22:13:14.244375Z,0.9471534490585328,0.3050316572189331,0.0043425299227237,0.9950692566526881,-0.4859046274176908,3828.203125,304.64062499999716,-16.67187499999977,3844.9929052165653,-0.4122148194723681
4.3203125,2026-05-04T22:12:12.828125Z,2026-05-04T22:13:14.252187500Z,0.935218334197998,0.3459207713603973,0.0124461119994521,0.9972208473465412,-0.46884514785918513,3831.9453125,386.4687499999995,-22.945312500000007,3851.5193334757632,-0.39694163337394994
4.328125,2026-05-04T22:12:12.835937Z,2026-05-04T22:13:14.260000Z,0.902693510055542,0.3873064815998077,0.0419234707951545,0.9831680737234755,-0.5802664349319984,3831.75,405.99999999999943,-22.750000000000007,3853.507178849357,-0.3922896658474568
4.3359375,2026-05-04T22:12:12.843750Z,2026-05-04T22:13:14.267812500Z,0.9001783728599548,0.4235402941703796,0.0889457836747169,0.9988087085044048,-0.45625535322877087,3831.5546875,425.53124999999943,-22.554687500000007,3855.495024222951,-0.3876376983209625
4.34375,2026-05-04T22:12:12.851562Z,2026-05-04T22:13:14.275625Z,0.8905396461486816,0.4395545423030853,0.1088280081748962,0.9990558504834498,-0.45429581996270346,3831.359375,445.06249999999943,-22.359375000000007,3857.482869596545,-0.38298573079446935
4.3515625,2026-05-04T22:12:12.859375Z,2026-05-04T22:13:14.283437500Z,0.8978975415229797,0.449237585067749,0.1034307479858398,1.0093227048567888,-0.3728922366452479,3831.1640625,464.5937499999994,-22.164062500000007,3859.4707149701385,-0.37833376326797613
4.359375,2026-05-04T22:12:12.867187Z,2026-05-04T22:13:14.291250Z,0.8885712623596191,0.4488030970096588,0.0778590962290763,0.9985214805112792,-0.45853271950078356,3830.8125,465.2187500000031,-21.031250000000192,3860.013798093484,-0.3770628369235275
4.3671875,2026-05-04T22:12:12.875000Z,2026-05-04T22:13:14.299062500Z,0.8957886099815369,0.4511462450027466,0.069893904030323,1.0054130126337792,-0.4038913085175276,3829.640625,366.58593750000324,-14.976562500000199,3852.971879403026,-0.3935423767848169
4.375,2026-05-04T22:12:12.882812Z,2026-05-04T22:13:14.306875Z,0.8827911615371704,0.4468944072723389,0.0650963336229324,0.9916009170985017,-0.513404313066842,3828.46875,267.9531250000033,-8.921875000000204,3845.929960712567,-0.41002191664610743
4.3828125,2026-05-04T22:12:12.890625Z,2026-05-04T22:13:14.314687500Z,0.8894461393356323,0.4385148584842682,0.0652501061558723,0.9938145160158869,-0.4958531842254003,3827.296875,169.3203125000034,-2.8671875000002096,3838.8880420221085,-0.42650145650739796
4.390625,2026-05-04T22:12:12.898437Z,2026-05-04T22:13:14.322500Z,0.8940858244895935,0.413267582654953,0.0486123859882354,0.9861758060803225,-0.556418800339751,3826.125,70.6875000000035,3.187499999999785,3831.84612333165,-0.4429809963686885
4.3984375,2026-05-04T22:12:12.906250Z,2026-05-04T22:13:14.330312500Z,0.9200962781906128,0.3795786499977112,0.0380946435034275,0.9960463415614534,-0.47815754054116366,3824.7500000000005,-27.398437499996906,9.679687499999382,3825.060814248329,-0.45886001690626876
4.40625,2026-05-04T22:12:12.914062Z,2026-05-04T22:13:14.338125Z,0.9364524483680724,0.3453621566295624,0.0420926176011562,0.9989944923486299,-0.4547823148381918,3818.5000000000005,-112.35937499999683,26.671874999999368,3824.4341357363205,-0.46032657367478813
4.4140625,2026-05-04T22:12:12.921875Z,2026-05-04T22:13:14.345937500Z,0.9490436911582948,0.3286651074886322,0.0633433759212493,1.0063384440042902,-0.39655377094909766,3812.2500000000005,-197.32031249999676,43.66406249999935,3823.8074572243127,-0.46179313044330644
4.421875,2026-05-04T22:12:12.929687Z,2026-05-04T22:13:14.353750Z,0.942810595035553,0.3164837062358856,0.0798273310065269,0.9977104575976546,-0.46496313810037376,3806.0000000000005,-282.2812499999967,60.65624999999934,3823.180778712305,-0.4632596872118247
4.4296875,2026-05-04T22:12:12.937500Z,2026-05-04T22:13:14.361562500Z,0.9503715634346008,0.2996935844421387,0.0819954574108123,0.9998727959980275,-0.44781844238983765,3799.7500000000005,-367.24218749999665,77.64843749999932,3822.554100200297,-0.464726243980343
4.4375,2026-05-04T22:12:12.945312Z,2026-05-04T22:13:14.369375Z,0.9617130756378174,0.2659426033496857,0.0539020150899887,0.999261194763371,-0.45266769126899764,3793.5000000000005,-452.20312499999653,94.6406249999993,3821.927421688289,-0.4661928007488613
4.4453125,2026-05-04T22:12:12.953125Z,2026-05-04T22:13:14.377187500Z,0.9818184971809388,0.2315864413976669,0.0164133310317993,1.0088950583095506,-0.3762829501074864,3789.9453125,-443.18750000000074,59.16406250000167,3817.182065580518,-0.4772979112409757
4.453125,2026-05-04T22:12:12.960937Z,2026-05-04T22:13:14.385000Z,0.9930350184440612,0.2092564702033997,-0.005191097036004,1.0148565246706651,-0.32901582173743926,3786.625,-426.00000000000074,19.125000000001705,3812.078563594855,-0.48924115683948916
4.4609375,2026-05-04T22:12:12.968750Z,2026-05-04T22:13:14.392812500Z,0.9944565892219543,0.2087754309177399,0.0053573995828628,1.0161494920198215,-0.3187641739097344,3783.3046875,-408.81250000000074,-20.91406249999826,3806.9750616091915,-0.5011844024380037
4.46875,2026-05-04T22:12:12.976562Z,2026-05-04T22:13:14.400625Z,0.9831306934356688,0.220289558172226,0.0345118455588817,1.0080994580391827,-0.3825910860312285,3779.984375,-391.62500000000074,-60.953124999998224,3801.8715596235284,-0.5131276480365171
4.4765625,2026-05-04T22:12:12.984375Z,2026-05-04T22:13:14.408437500Z,0.97803795337677,0.2337899506092072,0.0565160736441612,1.007179252085461,-0.3898871924430933,3776.6640625,-374.4375000000008,-100.99218749999818,3796.768057637865,-0.5250708936350317
4.484375,2026-05-04T22:12:12.992187Z,2026-05-04T22:13:14.416250Z,0.97900652885437,0.2323623150587082,0.0440454706549644,1.0071673309257714,-0.3899817126418559,3778.5,-277.2500000000054,-161.031249999997,3800.2454475391196,-0.5169330851754391
4.4921875,2026-05-04T22:12:13.000000Z,2026-05-04T22:13:14.424062500Z,0.997955858707428,0.2244793325662613,0.010508632287383,1.022945403250059,-0.264880919513408,3781.625,-160.0625000000055,-226.07031249999693,3805.8680604121046,-0.5037750132013185
4.5,2026-05-04T22:12:13.007812Z,2026-05-04T22:13:14.431875Z,0.9920195937156676,0.2339296042919159,-0.0323004275560379,1.0197397960755838,-0.2902974591098051,3784.75,-42.875000000005606,-291.1093749999969,3811.4906732850895,-0.4906169412271978
4.5078125,2026-05-04T22:12:13.015625Z,2026-05-04T22:13:14.439687500Z,0.9615880846977234,0.2725686430931091,-0.0664062052965164,1.0016761422396652,-0.4335201149086782,3787.875,74.31249999999429,-356.1484374999968,3817.1132861580745,-0.4774588692530772
4.515625,2026-05-04T22:12:13.023437Z,2026-05-04T22:13:14.447500Z,0.9327656626701356,0.3169026970863342,-0.0809680521488189,0.9884507708256511,-0.5383811156257712,3791.0,191.4999999999942,-421.18749999999676,3822.735899031059,-0.4643007972789576
4.5234375,2026-05-04T22:12:13.031250Z,2026-05-04T22:13:14.455312500Z,0.9280166029930116,0.345377653837204,-0.0737409517168998,0.9929442417179801,-0.5027533937484515,3790.671875,263.53124999999744,-481.3124999999971,3832.464151071157,-0.44153468418925435
4.53125,2026-05-04T22:12:13.039062Z,2026-05-04T22:13:14.463125Z,0.9320939183235168,0.3661868870258331,-0.0648531466722488,1.0035426445541062,-0.4187210371054139,3788.71875,314.3124999999974,-539.124999999997,3844.1244686016616,-0.41424713998633544
4.5390625,2026-05-04T22:12:13.046875Z,2026-05-04T22:13:14.470937500Z,0.922986388206482,0.3919462561607361,-0.068405196070671,1.0050895539116558,-0.40645594010561276,3786.765625,365.0937499999973,-596.9374999999969,3855.784786132166,-0.3869595957834165
4.546875,2026-05-04T22:12:13.054687Z,2026-05-04T22:13:14.478750Z,0.9088641405105592,0.4185591042041779,-0.0769547075033187,1.0035675246963318,-0.41852376804354147,3784.8125,415.8749999999973,-654.7499999999969,3867.4451036626706,-0.3596720515804976
4.5546875,2026-05-04T22:12:13.062500Z,2026-05-04T22:13:14.486562500Z,0.9001002311706543,0.437118262052536,-0.0874263197183609,1.004438232323318,-0.4116201227515055,3782.859375,466.65624999999727,-712.5624999999969,3879.105421193175,-0.33238450737757863
4.5625,2026-05-04T22:12:13.070312Z,2026-05-04T22:13:14.494375Z,0.8951637148857117,0.4483841061592102,-0.1106453090906143,1.00727789985085,-0.3891050364587072,3777.1875000000005,449.734375000003,-764.359374999998,3882.270103451155,-0.32497849919839245
4.5703125,2026-05-04T22:12:13.078125Z,2026-05-04T22:13:14.502187500Z,0.8878995180130005,0.4550877511501312,-0.1555610001087189,1.0097869280642462,-0.369211515055947,3768.59375,379.6171875000015,-811.429687499999,3878.7596437092934,-0.33319369789499903
4.578125,2026-05-04T22:12:13.085937Z,2026-05-04T22:13:14.510000Z,0.8852906823158264,0.4517359435558319,-0.2014454156160355,1.0140932947062693,-0.33506730077257707,3760.0,309.5,-858.5,3875.2491839674317,-0.34140889659160556
4.5859375,2026-05-04T22:12:13.093750Z,2026-05-04T22:13:14.517812500Z,0.8961791396141052,0.4344181716442108,-0.2187443375587463,1.0196593957534015,-0.2909349352137341,3751.40625,239.38281249999852,-905.570312500001,3871.73872422557,-0.34962409528821214
4.59375,2026-05-04T22:12:13.101562Z,2026-05-04T22:13:14.525625Z,0.9115198850631714,0.4157659113407135,-0.2069195657968521,1.0230080647815583,-0.2643840902982733,3742.8124999999995,169.26562499999702,-952.640625000002,3868.2282644837082,-0.35783929398481873
4.6015625,2026-05-04T22:12:13.109375Z,2026-05-04T22:13:14.533437500Z,0.9144880175590516,0.4022965729236603,-0.1931573152542114,1.0175660250231535,-0.3075328017517634,3738.515625,98.80468749999616,-953.7343749999969,3861.708618903115,-0.37309660721856064
4.609375,2026-05-04T22:12:13.117187Z,2026-05-04T22:13:14.541250Z,0.9148473739624025,0.3883306384086609,-0.1979395002126694,1.0133737948640784,-0.34077205348659007,3739.6875,27.906249999996213,-896.3124999999969,3851.3591004368654,-0.3973166116813805
4.6171875,2026-05-04T22:12:13.125000Z,2026-05-04T22:13:14.549062500Z,0.9226114153862,0.3611436486244202,-0.2147925049066544,1.0137910923394233,-0.33746339549192567,3740.859375,-42.99218750000373,-838.890624999997,3841.0095819706153,-0.4215366161442014
4.625,2026-05-04T22:12:13.132812Z,2026-05-04T22:13:14.556875Z,0.9447320699691772,0.323761522769928,-0.22812420129776,1.0243929221115744,-0.25340386744252674,3742.03125,-113.89062500000367,-781.468749999997,3830.6600635043656,-0.44575662060702126
4.6328125,2026-05-04T22:12:13.140625Z,2026-05-04T22:13:14.564687500Z,0.9541833400726318,0.2893277406692505,-0.2330140173435211,1.023949178558928,-0.25692221044671215,3743.203125,-184.7890625000036,-724.046874999997,3820.3105450381154,-0.46997662506984217
4.640625,2026-05-04T22:12:13.148437Z,2026-05-04T22:13:14.572500Z,0.9649624228477478,0.2725841701030731,-0.2100564390420914,1.0244892946644297,-0.2526397511075131,3744.625,-221.68749999999824,-655.8749999999955,3809.9896980151257,-0.4941295324511913
4.6484375,2026-05-04T22:12:13.156250Z,2026-05-04T22:13:14.580312500Z,0.9627285003662108,0.2686581909656525,-0.1662478893995285,1.0132431839001474,-0.3418076384961659,3746.578125,-186.33593749999827,-564.8593749999956,3799.729777809064,-0.5181398585344134
4.65625,2026-05-04T22:12:13.164062Z,2026-05-04T22:13:14.588125Z,0.9641188383102416,0.2737014293670654,-0.1119215935468674,1.0084463545099138,-0.37984062179643563,3748.53125,-150.9843749999983,-473.8437499999956,3789.4698576030023,-0.5421501846176364
4.6640625,2026-05-04T22:12:13.171875Z,2026-05-04T22:13:14.595937500Z,0.9595572352409364,0.2816930413246155,-0.0756476745009422,1.0029075869148372,-0.4237562665505564,3750.484375,-115.63281249999832,-382.82812499999574,3779.209937396941,-0.5661605107008585
4.671875,2026-05-04T22:12:13.179687Z,2026-05-04T22:13:14.603750Z,0.9531835317611694,0.29128298163414,-0.0692662969231605,0.9991008159839618,-0.45393929860433613,3752.4375,-80.28124999999835,-291.8124999999958,3768.9500171908794,-0.5901708367840806
4.6796875,2026-05-04T22:12:13.187500Z,2026-05-04T22:13:14.611562500Z,0.9481064081192015,0.2933934032917023,-0.0786461532115936,0.9955755459164125,-0.481890373512488,3755.7578125000005,-46.80468749999882,-209.89843749999793,3762.2712657090465,-0.6058004905910247
4.6875,2026-05-04T22:12:13.195312Z,2026-05-04T22:13:14.619375Z,0.9494186639785768,0.2951313853263855,-0.0777542963624,0.9972683012701993,-0.46846889635236766,3764.5468750000005,-20.828124999998845,-164.39062499999798,3769.917189124124,-0.5879074552928656
4.6953125,2026-05-04T22:12:13.203125Z,2026-05-04T22:13:14.627187500Z,0.9436072707176208,0.3047678470611572,-0.0648377761244773,0.993721318663446,-0.49659212510919093,3773.3359375000005,5.148437500001134,-118.88281249999802,3777.563112539202,-0.5700144199947054
4.703125,2026-05-04T22:12:13.210937Z,2026-05-04T22:13:14.635000Z,0.93200021982193,0.3265857398509979,-0.0393583849072456,0.988347984105121,-0.539196088456235,3782.1250000000005,31.125000000001112,-73.37499999999807,3785.2090359542794,-0.5521213846965463
4.7109375,2026-05-04T22:12:13.218750Z,2026-05-04T22:13:14.642812500Z,0.9190965294837952,0.3496295213699341,-0.0056370254606008,0.9833671790224491,-0.5786877737175145,3790.9140625000005,57.101562500001094,-27.86718749999811,3792.854959369357,-0.5342283493983871
4.71875,2026-05-04T22:12:13.226562Z,2026-05-04T22:13:14.650625Z,0.912629008293152,0.3620126247406006,0.0260238423943519,0.9821517640480452,-0.58832452617707,3798.4999999999995,76.99999999999795,18.42187500000226,3799.621254778126,-0.5183938247746991
4.7265625,2026-05-04T22:12:13.234375Z,2026-05-04T22:13:14.658437500Z,0.913503885269165,0.3603367209434509,0.0491813272237777,0.9832348162110771,-0.5797372487321432,3792.2499999999995,26.999999999998,73.6953125000022,3796.271828114348,-0.5262321729074301
4.734375,2026-05-04T22:12:13.242187Z,2026-05-04T22:13:14.666250Z,0.9221896529197692,0.3468053042888641,0.066418744623661,0.9874812021869374,-0.5460686076845351,3785.9999999999995,-23.000000000001958,128.96875000000216,3792.9224014505703,-0.53407052104016
4.7421875,2026-05-04T22:12:13.250000Z,2026-05-04T22:13:14.674062500Z,0.9314221739768982,0.3283702731132507,0.0770594999194145,0.9906121687967255,-0.5212438763680068,3779.7499999999995,-73.00000000000192,184.2421875000021,3789.5729747867927,-0.5419088691728899
4.75,2026-05-04T22:12:13.257812Z,2026-05-04T22:13:14.681875Z,0.93565571308136,0.3107887208461761,0.0845941379666328,0.9895440417714152,-0.5297128157467776,3773.4999999999995,-123.00000000000188,239.51562500000205,3786.223548123015,-0.5497472173056198
4.7578125,2026-05-04T22:12:13.265625Z,2026-05-04T22:13:14.689687500Z,0.94435715675354,0.2929278612136841,0.0968955978751182,0.9934817201511209,-0.49849184792121853,3767.2499999999995,-173.00000000000182,294.789062500002,3782.874121459237,-0.5575855654383509
4.765625,2026-05-04T22:12:13.273437Z,2026-05-04T22:13:14.697500Z,0.9481220245361328,0.283632755279541,0.1088126301765442,0.9956018791484358,-0.4816815832278423,3769.4375,-173.49999999999994,367.5000000000026,3794.052747942583,-0.5314252774792771
4.7734375,2026-05-04T22:12:13.281250Z,2026-05-04T22:13:14.705312500Z,0.9459661841392516,0.2807775139808655,0.1183923855423927,0.9938333818335295,-0.4957036013928714,3771.9765625,-171.93749999999994,440.93750000000256,3805.836709973726,-0.5038483796830455
4.78125,2026-05-04T22:12:13.289062Z,2026-05-04T22:13:14.713125Z,0.9446226954460144,0.283306896686554,0.12568099796772,0.9941682693146173,-0.4930483537408258,3774.515625,-170.37499999999994,514.3750000000025,3817.6206720048685,-0.4762714818868149
4.7890625,2026-05-04T22:12:13.296875Z,2026-05-04T22:13:14.720937500Z,0.9416857957839966,0.2829810082912445,0.1303863078355789,0.9918926243832357,-0.5110914314973117,3777.0546875,-168.81249999999994,587.8125000000024,3829.4046340360114,-0.44869458409058327
4.796875,2026-05-04T22:12:13.304687Z,2026-05-04T22:13:14.728750Z,0.943622887134552,0.2813051044940948,0.140857920050621,0.9946847081259308,-0.4889536263514617,3779.59375,-167.24999999999994,661.2500000000023,3841.188596067154,-0.4211176862943527
4.8046875,2026-05-04T22:12:13.312500Z,2026-05-04T22:13:14.736562500Z,0.9415451884269714,0.2777205109596252,0.1496688276529312,0.9929938479309222,-0.5023600772231118,3789.1875000000005,-154.03906249999952,754.046875000003,3870.550918303736,-0.35240380574736013
4.8125,2026-05-04T22:12:13.320312Z,2026-05-04T22:13:14.744375Z,0.939608097076416,0.2765256464481354,0.1611245721578598,0.9926182231795748,-0.5053383215451316,3800.1250000000005,-138.60937499999955,850.531250000003,3903.2614996270686,-0.27585430943831823
4.8203125,2026-05-04T22:12:13.328125Z,2026-05-04T22:13:14.752187500Z,0.9380146265029908,0.2755170166492462,0.187265157699585,0.99541413757546,-0.4831701440101563,3811.0625000000005,-123.17968749999955,947.0156250000028,3935.9720809504006,-0.1993048131292774
4.828125,2026-05-04T22:12:13.335937Z,2026-05-04T22:13:14.760000Z,0.9403579235076904,0.2812585532665253,0.233703151345253,1.0089581562374013,-0.3757826608036577,3822.0000000000005,-107.74999999999956,1043.5000000000027,3968.682662273733,-0.12275531682023547
4.8359375,2026-05-04T22:12:13.343750Z,2026-05-04T22:13:14.767812500Z,0.9389363527297974,0.2905071079730988,0.2935958504676819,1.025765264411049,-0.24252287345419712,3832.9375000000005,-92.32031249999957,1139.9843750000027,4001.393243597065,-0.04620582051119462
4.84375,2026-05-04T22:12:13.351562Z,2026-05-04T22:13:14.775625Z,0.9350621104240416,0.30118328332901,0.3584091365337372,1.0457101078493811,-0.08438468764316666,3844.8593750000005,-98.26562500000038,1320.9843750000057,4080.859792771093,0.1397622689140598
4.8515625,2026-05-04T22:12:13.359375Z,2026-05-04T22:13:14.783437500Z,0.9282978177070618,0.3056989312171936,0.4075841903686523,1.0589209352664144,0.020360996987134814,3857.1640625000005,-112.52343750000037,1534.8515625000055,4178.5092183315,0.36828203344005783
4.859375,2026-05-04T22:12:13.367187Z,2026-05-04T22:13:14.791250Z,0.9270480871200562,0.2988401055335999,0.4299574792385101,1.0647004266278013,0.06618528643950061,3869.4687500000005,-126.78125000000036,1748.7187500000052,4276.158643891907,0.5968017979660547
4.8671875,2026-05-04T22:12:13.375000Z,2026-05-04T22:13:14.799062500Z,0.9293913245201112,0.2815068364143372,0.4322486221790314,1.0629455321967,0.05227112248618179,3881.7734375000005,-141.03906250000034,1962.585937500005,4373.808069452314,0.8253215624920538
4.875,2026-05-04T22:12:13.382812Z,2026-05-04T22:13:14.806875Z,0.9396237134933472,0.2625442147254944,0.4478253424167633,1.0734848508272232,0.13583501372797274,3894.0781250000005,-155.29687500000034,2176.453125000005,4471.457495012722,1.0538413270180529
4.8828125,2026-05-04T22:12:13.390625Z,2026-05-04T22:13:14.814687500Z,0.9460911750793456,0.2518680393695831,0.4968005120754242,1.0978783036463096,0.32924522456289335,3904.9765625,-127.13281249999875,2339.6953125000027,4558.12359859427,1.2566578563440725
4.890625,2026-05-04T22:12:13.398437Z,2026-05-04T22:13:14.822500Z,0.9439665675163268,0.259782075881958,0.5768522024154663,1.136361769406939,0.6343719846662452,3914.9375,-70.68749999999879,2469.1875000000027,4637.467487523249,1.442338895536777
4.8984375,2026-05-04T22:12:13.406250Z,2026-05-04T22:13:14.830312500Z,0.934124767780304,0.2843621075153351,0.663085401058197,1.1803106112662378,0.9828324848258099,3924.8984375,-14.242187499998845,2598.6796875000027,4716.811376452226,1.6280199347294797
4.90625,2026-05-04T22:12:13.414062Z,2026-05-04T22:13:14.838125Z,0.919315218925476,0.3127439618110657,0.7350488901138306,1.2178859257971788,1.2807587177177533,3934.859375,42.2031250000011,2728.1718750000027,4796.155265381204,1.8137009739221845
4.9140625,2026-05-04T22:12:13.421875Z,2026-05-04T22:13:14.845937500Z,0.9140037894248962,0.3311944901943207,0.7849620580673218,1.249503161269883,1.531444679403685,3944.8203125,98.64843750000105,2857.6640625000023,4875.499154310182,1.9993820131148892
4.921875,2026-05-04T22:12:13.429687Z,2026-05-04T22:13:14.853750Z,0.9113636612892152,0.3417930901050568,0.811179518699646,1.2670510846527996,1.6705782242272111,3950.0,114.6874999999995,2942.4375000000005,4927.1890884569975,2.120347103404001
4.9296875,2026-05-04T22:12:13.437500Z,2026-05-04T22:13:14.861562500Z,0.9041932225227356,0.3473328948020935,0.8198674321174622,1.2690106893618087,1.6861154900146118,3950.0,86.95312499999953,2978.7656250000005,4948.920571589807,2.171203249047564
4.9375,2026-05-04T22:12:13.445312Z,2026-05-04T22:13:14.869375Z,0.8980693817138672,0.3494432866573334,0.8260796666145325,1.269270199979415,1.6881730914389514,3950.0,59.21874999999956,3015.0937500000005,4970.652054722616,2.2220593946911267
4.9453125,2026-05-04T22:12:13.453125Z,2026-05-04T22:13:14.877187500Z,0.8979912996292114,0.3445707559585571,0.8368895649909973,1.2749515771441802,1.7332194554538964,3950.0,31.48437499999958,3051.4218750000005,4992.383537855426,2.2729155403346897
4.953125,2026-05-04T22:12:13.460937Z,2026-05-04T22:13:14.885000Z,0.8986786603927612,0.3362998068332672,0.8467615246772766,1.2797366816635394,1.7711594748853507,3950.0,3.749999999999607,3087.7500000000005,5014.115020988235,2.3237716859782527
4.9609375,2026-05-04T22:12:13.468750Z,2026-05-04T22:13:14.892812500Z,0.9020529985427856,0.3252356946468353,0.8522202372550964,1.2828706879649145,1.7960083072340318,3943.3203124999995,-19.62500000000021,3047.7890624999977,4987.0671570738805,2.260474114516186
4.96875,2026-05-04T22:12:13.476562Z,2026-05-04T22:13:14.900625Z,0.908723533153534,0.3116887509822845,0.8570024371147156,1.2873933021483763,1.831867099723791,3924.7656249999995,-35.25000000000019,2872.2031249999977,4873.300453964575,1.9942366015330206
4.9765625,2026-05-04T22:12:13.484375Z,2026-05-04T22:13:14.908437500Z,0.9206587076187134,0.2987780272960663,0.8647523522377014,1.2979512302893843,1.9155785415962,3906.2109375,-50.87500000000018,2696.6171874999977,4759.533750855269,1.7279990885498528
4.984375,2026-05-04T22:12:13.492187Z,2026-05-04T22:13:14.916250Z,0.9238768219947816,0.2940761744976044,0.8661670684814453,1.300105599229564,1.9326600492460861,3887.65625,-66.50000000000017,2521.031249999998,4645.767047745963,1.461761575566685
4.9921875,2026-05-04T22:12:13.500000Z,2026-05-04T22:13:14.924062500Z,0.917409360408783,0.2968693673610687,0.8466077446937561,1.283166407454022,1.7983530006712618,3869.1015625,-82.12500000000016,2345.445312499998,4532.000344636657,1.1955240625835175
5.0,2026-05-04T22:12:13.507812Z,2026-05-04T22:13:14.931875Z,0.9120197892189026,0.2980642020702362,0.7990626096725464,1.2486486369909504,1.524669348245047,3848.1093749999995,-87.57812499999976,2122.093749999997,4411.522711191434,0.9135815906483326
5.0078125,2026-05-04T22:12:13.515625Z,2026-05-04T22:13:14.939687500Z,0.9141131043434144,0.2923692166805267,0.7223169207572937,1.2011761987348224,1.1482710433367151,3819.3984374999995,-60.82031249999979,1747.484374999997,4269.7937983491365,0.5819067486984233
5.015625,2026-05-04T22:12:13.523437Z,2026-05-04T22:13:14.947500Z,0.9160346388816832,0.2868759632110596,0.6223676204681396,1.144009935667756,0.6950125778604869,3790.6875,-34.062499999999815,1372.8749999999973,4128.064885506839,0.2502319067485139
5.0234375,2026-05-04T22:12:13.531250Z,2026-05-04T22:13:14.955312500Z,0.914206862449646,0.2882260084152222,0.516067624092102,1.0886570680949372,0.2561321181332072,3761.9765625,-7.3046874999998375,998.2656249999977,3986.335972664542,-0.08144293520139541
5.03125,2026-05-04T22:12:13.539062Z,2026-05-04T22:13:14.963125Z,0.9116761088371276,0.2959693372249603,0.4224997162818909,1.0475004469020845,-0.0701894912428265,3733.265625,19.45312500000014,623.6562499999981,3844.607059822245,-0.4131177771513047
5.0390625,2026-05-04T22:12:13.546875Z,2026-05-04T22:13:14.970937500Z,0.9067864418029784,0.3084920942783356,0.3364971876144409,1.0152139580119888,-0.3261818130213486,3706.3125,44.757812500000064,255.07031249999855,3723.7852941935444,-0.6958655892621505
5.046875,2026-05-04T22:12:13.554687Z,2026-05-04T22:13:14.978750Z,0.9006158113479614,0.3216200768947601,0.2357790172100067,0.9849568815274377,-0.5660833794591473,3692.25,59.40625000000005,-69.34375000000115,3756.2826081312132,-0.6198151825532083
5.0546875,2026-05-04T22:12:13.562500Z,2026-05-04T22:13:14.986562500Z,0.8957886099815369,0.3299065232276917,0.11522476375103,0.9615364236586766,-0.7517789317797764,3678.1875,74.05468750000004,-393.75781250000085,3788.7799220688817,-0.5437647758442673
5.0625,2026-05-04T22:12:13.570312Z,2026-05-04T22:13:14.994375Z,0.8996628522872925,0.3319703638553619,-0.0086662601679563,0.9589956591816601,-0.7719240828916827,3664.125,88.70312500000003,-718.1718750000006,3821.27723600655,-0.4677143691353262
5.0703125,2026-05-04T22:12:13.578125Z,2026-05-04T22:13:15.002187500Z,0.9018030762672424,0.3313031196594238,-0.1179954260587692,0.9679532354571262,-0.7009014716665828,3650.0625,103.35156250000001,-1042.5859375000002,3853.774549944219,-0.39166396242638407
5.078125,2026-05-04T22:12:13.585937Z,2026-05-04T22:13:15.010000Z,0.9065364599227904,0.335849791765213,-0.2004766762256622,0.9873167341378201,-0.5473726379213081,3636.0,118.0,-1367.0,3886.2718638818874,-0.31561355571744304
5.0859375,2026-05-04T22:12:13.593750Z,2026-05-04T22:13:15.017812500Z,0.906380295753479,0.3451604247093201,-0.2663048505783081,1.0057729528860961,-0.4010374230669974,3629.1640625,92.60937500000003,-1554.1093749999998,3964.416081741281,-0.13273999387298532
5.09375,2026-05-04T22:12:13.601562Z,2026-05-04T22:13:15.025625Z,0.9076456427574158,0.3523295819759369,-0.3258746266365051,1.02671856876037,-0.23496433729453853,3622.328125,67.21875000000004,-1741.2187499999995,4042.560299600674,0.05013356797147235
5.1015625,2026-05-04T22:12:13.609375Z,2026-05-04T22:13:15.033437500Z,0.9131445288658142,0.3536330759525299,-0.3888888359069824,1.053624131129458,-0.021636173830701603,3615.4921875,41.828125000000064,-1928.3281249999995,4120.704517460068,0.2330071298159311
5.109375,2026-05-04T22:12:13.617187Z,2026-05-04T22:13:15.041250Z,0.9181279540061952,0.3482018709182739,-0.4592070281505585,1.084008568942818,0.21927521198936448,3608.65625,16.437500000000085,-2115.437499999999,4198.848735319461,0.41588069166038877
5.1171875,2026-05-04T22:12:13.625000Z,2026-05-04T22:13:15.049062500Z,0.9248453974723816,0.3394809365272522,-0.5284180641174316,1.1179498942156942,0.48838835992007557,3601.8203125,-8.953124999999893,-2302.546874999999,4276.992953178855,0.5987542535048465
5.125,2026-05-04T22:12:13.632812Z,2026-05-04T22:13:15.056875Z,0.9319220781326294,0.3325600624084473,-0.5826059579849243,1.148261580433518,0.7287229146725756,3600.65625,-38.46874999999984,-2402.6874999999995,4331.484903264617,0.7262766381035922
5.1328125,2026-05-04T22:12:13.640625Z,2026-05-04T22:13:15.064687500Z,0.9387488961219788,0.3293634057044983,-0.6151279807090759,1.1696632744677953,0.8984121417817162,3600.265625,-68.54687499999982,-2490.9687499999995,4382.751544108521,0.8462511348961049
5.140625,2026-05-04T22:12:13.648437Z,2026-05-04T22:13:15.072500Z,0.9432479739189148,0.3285409808158875,-0.6332879662513733,1.1826705224095186,1.0015436904578594,3599.875,-98.62499999999979,-2579.2499999999995,4434.018184952424,0.9662256316886176
5.1484375,2026-05-04T22:12:13.656250Z,2026-05-04T22:13:15.080312500Z,0.9471222162246704,0.3278892338275909,-0.6541081666946411,1.1968330442726756,1.113835146686808,3599.484375,-128.70312499999974,-2667.531249999999,4485.284825796328,1.0862001284811302
5.15625,2026-05-04T22:12:13.664062Z,2026-05-04T22:13:15.088125Z,0.9522930383682252,0.3194786310195923,-0.6869838237762451,1.2169122403579355,1.273038584471853,3599.09375,-158.78124999999972,-2755.812499999999,4536.551466640231,1.206174625273643
5.1640625,2026-05-04T22:12:13.671875Z,2026-05-04T22:13:15.095937500Z,0.9601040482521056,0.3060558140277863,-0.7293315529823303,1.2439431092079372,1.487360274890328,3598.8515625,-141.3593750000003,-2815.8906249999995,4572.728472314745,1.2908362683969952
5.171875,2026-05-04T22:12:13.679687Z,2026-05-04T22:13:15.103750Z,0.9666964411735536,0.2937347888946533,-0.7686347365379333,1.2694807969391813,1.6898428674518713,3598.65625,-108.93750000000034,-2867.0624999999995,4604.140330041029,1.3643464840458739
5.1796875,2026-05-04T22:12:13.687500Z,2026-05-04T22:13:15.111562500Z,0.9687429666519164,0.2905536592006683,-0.7928993701934814,1.285135703171332,1.813967104287753,3598.4609375,-76.51562500000037,-2918.2343749999995,4635.552187767314,1.4378566996947524
5.1875,2026-05-04T22:12:13.695312Z,2026-05-04T22:13:15.119375Z,0.9680556058883668,0.296714186668396,-0.7942986488342285,1.2868882267710984,1.827862470451693,3598.265625,-44.093750000000405,-2969.4062499999995,4666.964045493598,1.511366915343631
5.1953125,2026-05-04T22:12:13.703125Z,2026-05-04T22:13:15.127187500Z,0.9639782309532166,0.3112232089042664,-0.7789525985717773,1.2778423479968435,1.7561397285384674,3598.0703125,-11.67187500000043,-3020.5781249999995,4698.375903219882,1.5848771309925098
5.203125,2026-05-04T22:12:13.710937Z,2026-05-04T22:13:15.135000Z,0.956667184829712,0.3288202881813049,-0.7675275802612305,1.269816313846732,1.6925031056850293,3597.875,11.62499999999974,-2977.8750000000014,4672.244313379224,1.5237238295490403
5.2109375,2026-05-04T22:12:13.718750Z,2026-05-04T22:13:15.142812500Z,0.9479814171791076,0.3430810570716858,-0.7733400464057922,1.2706015136199262,1.6987287784016938,3597.6796875,29.789062499999723,-2882.3671875000014,4613.7445342821575,1.3868222997411184
5.21875,2026-05-04T22:12:13.726562Z,2026-05-04T22:13:15.150625Z,0.9405141472816468,0.3471311628818512,-0.7855646014213562,1.2736477725363964,1.7228818814356053,3597.484375,47.95312499999971,-2786.8593750000014,4555.244755185091,1.2499207699331962
5.2265625,2026-05-04T22:12:13.734375Z,2026-05-04T22:13:15.158437500Z,0.9426387548446656,0.3430345058441162,-0.7871022820472717,1.2750570562680092,1.7340557757456472,3597.2890625,66.11718749999969,-2691.351562500002,4496.744976088025,1.1130192401252763
5.234375,2026-05-04T22:12:13.742187Z,2026-05-04T22:13:15.166250Z,0.9399517774581908,0.3412344455718994,-0.7751083374023438,1.2652048156335003,1.6559395716785543,3597.09375,84.28124999999967,-2595.843750000002,4438.245196990959,0.9761177103173542
5.2421875,2026-05-04T22:12:13.750000Z,2026-05-04T22:13:15.174062500Z,0.9361087679862976,0.3458431959152222,-0.7421712279319763,1.2436741025010274,1.485227381105865,3601.0625,101.1249999999997,-2428.8359375000045,4356.905601439149,0.7857663066560909
5.25,2026-05-04T22:12:13.757812Z,2026-05-04T22:13:15.181875Z,0.9296569228172302,0.3523916602134705,-0.6866916418075562,1.2082993367780868,1.2047488056679276,3608.875,116.74999999999969,-2195.8281250000045,4254.483098390651,0.5460765578994323
5.2578125,2026-05-04T22:12:13.765625Z,2026-05-04T22:13:15.189687500Z,0.9278916120529176,0.3572797477245331,-0.6193104386329651,1.171399624915436,0.912179274653481,3616.6875,132.3749999999997,-1962.8203125000048,4152.060595342154,0.3063868091427738
5.265625,2026-05-04T22:12:13.773437Z,2026-05-04T22:13:15.197500Z,0.9215335249900818,0.3622919619083405,-0.5603864789009094,1.1377664562989187,0.6455094316668711,3624.5,147.99999999999966,-1729.812500000005,4049.6380922936564,0.06669706038611624
5.2734375,2026-05-04T22:12:13.781250Z,2026-05-04T22:13:15.205312500Z,0.914909839630127,0.3671489953994751,-0.5154246687889099,1.112439206730429,0.44469535605239113,3632.3125,163.62499999999966,-1496.8046875000052,3947.2155892451588,-0.17299268837054235
5.28125,2026-05-04T22:12:13.789062Z,2026-05-04T22:13:15.213125Z,0.90494304895401,0.3665593266487122,-0.4715699851512909,1.0842812885496669,0.2214375445238623,3644.9687499999995,150.5781250000013,-1205.1250000000089,3878.008307146211,-0.3349519801735689
5.2890625,2026-05-04T22:12:13.796875Z,2026-05-04T22:13:15.220937500Z,0.9001002311706543,0.3615626096725464,-0.4056803286075592,1.0514202185072459,-0.03911050221238456,3664.8906249999995,94.52343750000135,-825.4375000000091,3858.6238564715927,-0.3803155865461357
5.296875,2026-05-04T22:12:13.804687Z,2026-05-04T22:13:15.228750Z,0.8976320028305054,0.3553710579872131,-0.3169560730457306,1.0161166043329013,-0.319024932995719,3684.8124999999995,38.46875000000139,-445.75000000000944,3839.239405796974,-0.4256791929187035
5.3046875,2026-05-04T22:12:13.812500Z,2026-05-04T22:13:15.236562500Z,0.8964603543281555,0.3445862531661987,-0.2084418684244156,0.9827659259790925,-0.5834549741111276,3704.7343749999995,-17.585937499998558,-66.06250000000979,3819.8549551223555,-0.47104279929127135
5.3125,2026-05-04T22:12:13.820312Z,2026-05-04T22:13:15.244375Z,0.9037870168685912,0.329146146774292,-0.0811833292245864,0.9652765876890305,-0.7221240108863342,3724.6562499999995,-73.64062499999851,313.6249999999899,3800.4705044477373,-0.5164064056638381
5.3203125,2026-05-04T22:12:13.828125Z,2026-05-04T22:13:15.252187500Z,0.9139412641525269,0.3101680278778076,0.05265649035573,0.9665741284634668,-0.7118361013963632,3745.8359374999995,-128.38281249999858,711.5781249999877,3843.3071945894026,-0.41615972947432095
5.328125,2026-05-04T22:12:13.835937Z,2026-05-04T22:13:15.260000Z,0.9199713468551636,0.2908640205860138,0.1758863180875778,0.9807574391236445,-0.5993798154631239,3770.249999999999,-179.74999999999855,1156.4999999999873,4046.141103972963,0.05851338758918084
5.3359375,2026-05-04T22:12:13.843750Z,2026-05-04T22:13:15.267812500Z,0.9221115112304688,0.2716686129570007,0.2846772968769073,1.0025640317540134,-0.42648023828924997,3794.664062499999,-231.1171874999985,1601.421874999987,4248.975013356523,0.5331865046526827
5.34375,2026-05-04T22:12:13.851562Z,2026-05-04T22:13:15.275625Z,0.9262669682502748,0.2512473464012146,0.3859951496124268,1.0344505696598205,-0.1736590380722636,3819.078124999999,-282.48437499999847,2046.3437499999866,4451.808922740083,1.0078596217161844
5.3515625,2026-05-04T22:12:13.859375Z,2026-05-04T22:13:15.283437500Z,0.9313753247261048,0.2316019535064697,0.4897579252719879,1.077479598759713,0.1675084732248866,3843.492187499999,-333.8515624999984,2491.2656249999864,4654.6428321236435,1.4825327387796863
5.359375,2026-05-04T22:12:13.867187Z,2026-05-04T22:13:15.291250Z,0.9352027177810668,0.2187067419290543,0.6070061326026917,1.1361748137182024,0.6328896549836246,3869.499999999999,-376.12500000000017,2932.5624999999864,4876.074077732963,2.000727452316813
5.3671875,2026-05-04T22:12:13.875000Z,2026-05-04T22:13:15.299062500Z,0.9370617270469666,0.2140669524669647,0.7381088733673096,1.2119051321693033,1.2333383477887176,3903.874999999999,-370.65625000000017,3354.828124999986,5195.141338527541,2.7474105473405235
5.375,2026-05-04T22:12:13.882812Z,2026-05-04T22:13:15.306875Z,0.9347028136253356,0.212515190243721,0.8721332550048828,1.2959353650428929,1.8995951986381403,3938.2499999999986,-365.18750000000017,3777.093749999986,5514.208599322118,3.494093642364232
5.3828125,2026-05-04T22:12:13.890625Z,2026-05-04T22:13:15.314687500Z,0.9345622062683104,0.2109789401292801,1.00057578086853,1.3853052096284901,2.6081886319572645,3972.6249999999986,-359.71875000000017,4199.359374999985,5833.275860116696,4.240776737387942
5.390625,2026-05-04T22:12:13.898437Z,2026-05-04T22:13:15.322500Z,0.9389207363128662,0.2080150544643402,1.116563081741333,1.4736198721073899,3.3084157632510385,4006.9999999999986,-354.25000000000017,4621.6249999999845,6152.343120911274,4.987459832411653
5.3984375,2026-05-04T22:12:13.906250Z,2026-05-04T22:13:15.330312500Z,0.942810595035553,0.2051287740468979,1.220664143562317,1.5559532716094018,3.9612188032528315,4040.1484375,-345.99218750000273,5028.593749999998,6459.917541842224,5.707247315461213
5.40625,2026-05-04T22:12:13.914062Z,2026-05-04T22:13:15.338125Z,0.9454350471496582,0.2090547382831573,1.320490479469299,1.6374511957144173,4.6073975464042,4043.859375,-270.7968750000028,5068.437499999998,6491.663806045851,5.781540111130607
5.4140625,2026-05-04T22:12:13.921875Z,2026-05-04T22:13:15.345937500Z,0.940404772758484,0.2256431579589844,1.41244375705719,1.7118041179441266,5.196925173808738,4047.5703125,-195.60156250000287,5108.281249999998,6523.410070249477,5.855832906799998
5.421875,2026-05-04T22:12:13.929687Z,2026-05-04T22:13:15.353750Z,0.928329050540924,0.2504404187202454,1.48442268371582,1.7686226090766404,5.647426233694084,4051.28125,-120.40625000000296,5148.124999999998,6555.156334453104,5.930125702469392
5.4296875,2026-05-04T22:12:13.937500Z,2026-05-04T22:13:15.361562500Z,0.914316177368164,0.2753773629665375,1.525232791900635,1.7994837686738223,5.892117439509393,4054.9921875,-45.21093750000302,5187.968749999998,6586.90259865673,6.004418498138784
5.4375,2026-05-04T22:12:13.945312Z,2026-05-04T22:13:15.369375Z,0.9053648710250854,0.2942468523979187,1.527493119239807,1.799861658338581,5.895113641821356,4058.703125,29.984374999996906,5227.812499999998,6618.648862860357,6.078711293808177
5.4453125,2026-05-04T22:12:13.953125Z,2026-05-04T22:13:15.377187500Z,0.8961010575294495,0.3053885698318481,1.493464231491089,1.768246220024974,5.644441929406428,4026.4765625000014,45.343749999999574,4919.062500000015,6369.640569472806,5.495980609593934
5.453125,2026-05-04T22:12:13.960937Z,2026-05-04T22:13:15.385000Z,0.8898522853851318,0.3128836154937744,1.43533992767334,1.7175371770715495,5.242381312502493,3991.1250000000014,55.49999999999957,4580.000000000015,6096.218836294705,4.856117448868041
5.4609375,2026-05-04T22:12:13.968750Z,2026-05-04T22:13:15.392812500Z,0.8811977505683899,0.3199441730976105,1.364160656929016,1.655236553311613,4.748413653806453,3955.7734375000014,65.65624999999956,4240.937500000015,5822.7971031166035,4.216254288142145
5.46875,2026-05-04T22:12:13.976562Z,2026-05-04T22:13:15.400625Z,0.8743866086006165,0.3260426223278046,1.284600973129272,1.5877831694029105,4.213590916735661,3920.4218750000014,75.81249999999955,3901.875000000015,5549.375369938502,3.576391127416252
5.4765625,2026-05-04T22:12:13.984375Z,2026-05-04T22:13:15.408437500Z,0.8719651699066162,0.3272374868392944,1.198290824890137,1.5176654872991795,3.6576435574373676,3885.0703125000014,85.96874999999955,3562.8125000000155,5275.953636760401,2.9365279666903583
5.484375,2026-05-04T22:12:13.992187Z,2026-05-04T22:13:15.416250Z,0.8738085627555847,0.3236373662948608,1.098233938217163,1.4402778663366433,3.044054485099651,3845.500000000002,98.93749999999937,3045.781250000026,4987.5325590657385,2.261563251016262
5.4921875,2026-05-04T22:12:14.000000Z,2026-05-04T22:13:15.424062500Z,0.8761206269264221,0.3151026368141174,0.9739431738853456,1.347383512816977,2.3075160117288593,3804.875000000002,112.60937499999936,2484.2578125000264,4695.361645241934,1.5778231466051127
5.5,2026-05-04T22:12:14.007812Z,2026-05-04T22:13:15.431875Z,0.8712153434753418,0.3145905733108521,0.8266178369522095,1.2414831661728072,1.46785593884594,3764.250000000002,126.28124999999935,1922.7343750000268,4403.19073141813,0.8940830421939648
5.5078125,2026-05-04T22:12:14.015625Z,2026-05-04T22:13:15.439687500Z,0.8769954442977905,0.3162509500980377,0.6783391833305359,1.152943936364006,0.7658482636109286,3723.625000000002,139.95312499999932,1361.2109375000273,4111.019817594325,0.21034293778281507
5.515625,2026-05-04T22:12:14.023437Z,2026-05-04T22:13:15.447500Z,0.8633262515068054,0.3346239030361176,0.5308908820152283,1.0673099370055654,0.08687550836431046,3683.000000000002,153.62499999999932,799.6875000000277,3818.848903770521,-0.4733971666283337
5.5234375,2026-05-04T22:12:14.031250Z,2026-05-04T22:13:15.455312500Z,0.8667474985122681,0.3428172469139099,0.3926840722560883,1.0114225979097617,-0.3562426560746569,3645.562500000002,137.14843750000156,217.71093750002998,3793.3590270237396,-0.533048727285675
5.53125,2026-05-04T22:12:14.039062Z,2026-05-04T22:13:15.463125Z,0.8634824752807617,0.3480777442455292,0.2335186302661896,0.9598390760108929,-0.7652368202079839,3609.625000000002,106.48437500000158,-373.8906249999695,3893.3661089014686,-0.299011561470569
5.5390625,2026-05-04T22:12:14.046875Z,2026-05-04T22:13:15.470937500Z,0.873480498790741,0.3364084362983704,0.0511956922709941,0.9374218989801458,-0.942977584010315,3573.687500000002,75.8203125000016,-965.4921874999688,3993.3731907791976,-0.06497439565546309
5.546875,2026-05-04T22:12:14.054687Z,2026-05-04T22:13:15.478750Z,0.8822131752967834,0.3366101682186127,-0.1571448147296906,0.9572361175863688,-0.7858750931665305,3537.750000000002,45.15625000000164,-1557.0937499999684,4093.3802726569265,0.16906277015964283
5.5546875,2026-05-04T22:12:14.062500Z,2026-05-04T22:13:15.486562500Z,0.8741678595542908,0.3261978030204773,-0.3632403016090393,1.0012581935176073,-0.43683393649231883,3501.812500000002,14.492187500001666,-2148.6953124999677,4193.387354534656,0.40309993597474986
5.5625,2026-05-04T22:12:14.070312Z,2026-05-04T22:13:15.494375Z,0.8865717053413391,0.3230632245540619,-0.5333694219589233,1.0839105941229261,0.21849839163874213,3474.187500000001,-39.24999999999694,-2662.859374999981,4410.921164643652,0.9121738478514704
5.5703125,2026-05-04T22:12:14.078125Z,2026-05-04T22:13:15.502187500Z,0.9049586653709412,0.3182372152805328,-0.6761124134063721,1.1736068791472092,0.9296800979071498,3453.0937500000005,-111.12499999999847,-3116.1796874999905,4720.797404077237,1.6373480602052222
5.578125,2026-05-04T22:12:14.085937Z,2026-05-04T22:13:15.510000Z,0.9119729399681092,0.3085541725158691,-0.7972663640975952,1.250013590299093,1.5354917565800048,3432.0,-183.0,-3569.5,5030.673643510821,2.362522272558974
5.5859375,2026-05-04T22:12:14.093750Z,2026-05-04T22:13:15.517812500Z,0.9383270740509032,0.2898243069648743,-0.9091634750366212,1.3382952032885957,2.235456845892282,3410.9062499999995,-254.87500000000153,-4022.8203125000095,5340.549882944407,3.087696484912728
5.59375,2026-05-04T22:12:14.101562Z,2026-05-04T22:13:15.525625Z,0.9592135548591614,0.2664081156253815,-1.041757822036743,1.4409452757378935,3.0493462244022567,3389.812499999999,-326.75000000000307,-4476.140625000019,5650.426122377991,3.81287069726648
5.6015625,2026-05-04T22:12:14.109375Z,2026-05-04T22:13:15.533437500Z,0.96927410364151,0.245924785733223,-1.20072340965271,1.5625965553257866,4.013891908358183,3378.859375,-326.265624999995,-4806.828125000009,5887.772044655567,4.368309031478953
5.609375,2026-05-04T22:12:14.117187Z,2026-05-04T22:13:15.541250Z,0.9705082178115844,0.2371572852134705,-1.364794015884399,1.691387739273141,5.035048291002247,3380.8125,-233.68749999999508,-4981.437500000009,6032.806654189151,4.707719884420755
5.6171875,2026-05-04T22:12:14.125000Z,2026-05-04T22:13:15.549062500Z,0.9685086011886596,0.2371262460947037,-1.488039255142212,1.791228235599129,5.826661171207688,3382.765625,-141.10937499999517,-5156.046875000009,6177.841263722736,5.047130737362557
5.625,2026-05-04T22:12:14.132812Z,2026-05-04T22:13:15.556875Z,0.9712424278259276,0.252705991268158,-1.540043592453003,1.8381801974473493,6.19893273552974,3384.71875,-48.53124999999524,-5330.656250000009,6322.87587325632,5.386541590304359
5.6328125,2026-05-04T22:12:14.140625Z,2026-05-04T22:13:15.564687500Z,0.967696249485016,0.2919968068599701,-1.530509948730469,1.8341643518634658,6.167091997491554,3386.671875,44.046875000004675,-5505.265625000009,6467.910482789905,5.725952443246162
5.640625,2026-05-04T22:12:14.148437Z,2026-05-04T22:13:15.572500Z,0.9459661841392516,0.3424448072910309,-1.49408233165741,1.8012224963469698,5.905903420868492,3391.0625000000005,114.37500000000115,-5541.437499999987,6500.610100884396,5.802476283342084
5.6484375,2026-05-04T22:12:14.156250Z,2026-05-04T22:13:15.580312500Z,0.9236424565315248,0.3828994333744049,-1.462667465209961,1.7717571722360155,5.672279481244827,3400.6328125000005,137.42187500000114,-5283.429687499987,6294.597862170869,5.320365221140638
5.65625,2026-05-04T22:12:14.164062Z,2026-05-04T22:13:15.588125Z,0.9162377119064332,0.3883306384086609,-1.444261431694031,1.7539051606416198,5.530734889263246,3410.2031250000005,160.4687500000011,-5025.421874999987,6088.585623457343,4.838254158939194
5.6640625,2026-05-04T22:12:14.171875Z,2026-05-04T22:13:15.595937500Z,0.9349058866500854,0.3662179112434387,-1.427700519561768,1.7454206796544585,5.463463344364617,3419.7734375000005,183.51562500000108,-4767.414062499988,5882.573384743817,4.35614309673775
5.671875,2026-05-04T22:12:14.179687Z,2026-05-04T22:13:15.603750Z,0.938155233860016,0.3528572022914886,-1.393763899803162,1.716747289621404,5.2361184722477105,3429.3437500000005,206.56250000000105,-4509.406249999988,5676.56114603029,3.8740320345363037
5.6796875,2026-05-04T22:12:14.187500Z,2026-05-04T22:13:15.611562500Z,0.91633141040802,0.3698180317878723,-1.306761860847473,1.6383086373761682,4.614196008836223,3440.632812500001,196.60156249999358,-4167.843749999969,5439.566408602671,3.3194155451913927
5.6875,2026-05-04T22:12:14.195312Z,2026-05-04T22:13:15.619375Z,0.892367422580719,0.39478600025177,-1.162035346031189,1.5173996666349874,3.655535925070315,3458.796875000001,54.609374999993676,-3492.06249999997,5078.641676318717,2.4747773472726977
5.6953125,2026-05-04T22:12:14.203125Z,2026-05-04T22:13:15.627187500Z,0.8752458095550537,0.3957946598529816,-0.9909527897834778,1.3801072681105175,2.5669753206497297,3476.960937500001,-87.38281250000621,-2816.2812499999704,4717.716944034763,1.6301391493540023
5.703125,2026-05-04T22:12:14.210937Z,2026-05-04T22:13:15.635000Z,0.900912582874298,0.3254218995571136,-0.8115667700767517,1.255461475707403,1.5786868168791883,3495.125000000001,-229.37500000000608,-2140.499999999971,4356.79221175081,0.7855009514353072
5.7109375,2026-05-04T22:12:14.218750Z,2026-05-04T22:13:15.642812500Z,0.9545114040374756,0.2533887922763824,-0.6851693391799927,1.2019795854511108,1.1546409162420277,3513.289062500001,-371.36718750000597,-1464.7187499999716,3995.867479466855,-0.059137246483390034
5.71875,2026-05-04T22:12:14.226562Z,2026-05-04T22:13:15.650625Z,0.9680243134498596,0.181821197271347,-0.587019145488739,1.1466130543376818,0.7156521213688471,3535.6718750000027,-501.4374999999997,-785.9218749999709,3681.9409114362534,-0.7937900618287252
5.7265625,2026-05-04T22:12:14.234375Z,2026-05-04T22:13:15.658437500Z,0.9553706049919128,0.1671880036592484,-0.4339429140090942,1.0625400105731937,0.04905583257695174,3606.5703125000027,-494.4062499999997,-72.44531249997154,3908.4932323189028,-0.2636109775811193
5.734375,2026-05-04T22:12:14.242187Z,2026-05-04T22:13:15.666250Z,0.9419982433319092,0.1837919354438782,-0.200353667140007,0.9804497732729903,-0.6018192289189829,3677.4687500000027,-487.3749999999997,641.0312500000277,4135.045553201552,0.26656810666648667
5.7421875,2026-05-04T22:12:14.250000Z,2026-05-04T22:13:15.674062500Z,0.8935078382492065,0.2022735178470612,0.0855936333537101,0.9201071150174228,-1.080262618713196,3748.3671875000027,-480.3437499999997,1354.507812500027,4361.597874084202,0.7967471909140937
5.75,2026-05-04T22:12:14.257812Z,2026-05-04T22:13:15.681875Z,0.9110199809074402,0.1862282156944275,0.3554106652736664,0.995467274662303,-0.4827488319783717,3819.2656250000027,-473.3124999999997,2067.9843750000264,4588.150194966851,1.3269262751616986
5.7578125,2026-05-04T22:12:14.265625Z,2026-05-04T22:13:15.689687500Z,0.9775068163871764,0.1687242537736893,0.5790356993675232,1.1485947026853807,0.7313641662184072,3890.1640625000027,-466.2812499999997,2781.460937500026,4814.702515849501,1.8571053594093057
5.765625,2026-05-04T22:12:14.273437Z,2026-05-04T22:13:15.697500Z,0.99784654378891,0.1539669334888458,0.7829477190971375,1.277658276848251,1.754680269727042,3910.0625000000005,-435.43749999999886,3274.2500000000173,5161.711829622304,2.6691786124427734
5.7734375,2026-05-04T22:12:14.281250Z,2026-05-04T22:13:15.705312500Z,0.9599946737289428,0.2095668315887451,0.9713906049728394,1.381704649308087,2.5796405975376286,3927.8359375000005,-403.6015624999989,3757.843750000017,5513.740184765527,3.4929974558423105
5.78125,2026-05-04T22:12:14.289062Z,2026-05-04T22:13:15.713125Z,0.924626648426056,0.2630873322486877,1.111842393875122,1.4698104953317264,3.278212070038971,3945.6093750000005,-371.7656249999989,4241.437500000016,5865.7685399087495,4.316816299241846
5.7890625,2026-05-04T22:12:14.296875Z,2026-05-04T22:13:15.720937500Z,0.867325484752655,0.2825154960155487,1.121053099632263,1.4452780196852937,3.0836995784179995,3963.3828125000005,-339.929687499999,4725.0312500000155,6217.796895051973,5.140635142641383
5.796875,2026-05-04T22:12:14.304687Z,2026-05-04T22:13:15.728750Z,0.8923518061637878,0.2449316531419754,1.064850807189941,1.4107411180821605,2.8098642394773643,3981.1562500000005,-308.093749999999,5208.6250000000155,6569.825250195195,5.964453986040918
5.8046875,2026-05-04T22:12:14.312500Z,2026-05-04T22:13:15.736562500Z,0.9256889224052428,0.2001631110906601,1.017382621765137,1.389975773592826,2.6452204850434082,4006.148437500001,-175.35937499999528,5229.070312499998,6597.034073142866,6.028128234786856
5.8125,2026-05-04T22:12:14.320312Z,2026-05-04T22:13:15.744375Z,0.9411546587944032,0.19676473736763,1.089868903160095,1.453376303548792,3.1479090530281186,4032.515625000001,-23.406249999995424,5161.296874999998,6562.372509005685,5.947013036932145
5.8203125,2026-05-04T22:12:14.328125Z,2026-05-04T22:13:15.752187500Z,0.9276885390281676,0.2725376188755035,1.316492438316345,1.6334121094477843,4.575372538210251,4058.882812500001,128.54687500000443,5093.523437499998,6527.710944868504,5.865897839077434
5.828125,2026-05-04T22:12:14.335937Z,2026-05-04T22:13:15.760000Z,0.8831348419189453,0.3882064819335938,1.580435514450073,1.8515960242346399,6.305303814142458,4085.250000000001,280.50000000000426,5025.749999999998,6493.049380731323,5.784782641222722
5.8359375,2026-05-04T22:12:14.343750Z,2026-05-04T22:13:15.767812500Z,0.8363159894943237,0.4725606739521027,1.720948934555054,1.9708889517667176,7.251150654120819,4111.617187500001,432.45312500000415,4957.976562499998,6458.387816594142,5.70366744336801
5.84375,2026-05-04T22:12:14.351562Z,2026-05-04T22:13:15.775625Z,0.8270677924156189,0.4709623456001282,1.658534407615662,1.9122194030679258,6.785972974372898,4104.093749999999,499.7500000000009,4757.312499999994,6309.867711161697,5.356099812262968
5.8515625,2026-05-04T22:12:14.359375Z,2026-05-04T22:13:15.783437500Z,0.8607486486434937,0.4105985164642334,1.434509515762329,1.7225843749079177,5.28239941100201,4083.3906249999995,534.1250000000009,4504.968749999994,6117.069284114434,4.904911790449481
5.859375,2026-05-04T22:12:14.367187Z,2026-05-04T22:13:15.791250Z,0.8855875134468079,0.3393412828445435,1.210008025169373,1.5373799696853625,3.813955262184207,4062.6874999999995,568.5000000000009,4252.624999999994,5924.27085706717,4.453723768635993
5.8671875,2026-05-04T22:12:14.375000Z,2026-05-04T22:13:15.799062500Z,0.8909927010536194,0.3381929695606232,1.123559474945068,1.4733052540902356,3.30592122762783,4041.9843749999995,602.8750000000008,4000.281249999994,5731.472430019907,4.002535746822506
5.875,2026-05-04T22:12:14.382812Z,2026-05-04T22:13:15.806875Z,0.8397684097290039,0.403367280960083,1.175979137420654,1.5002809993386361,3.519805855384995,4021.2812499999995,637.2500000000008,3747.937499999994,5538.674002972643,3.551347725009019
5.8828125,2026-05-04T22:12:14.390625Z,2026-05-04T22:13:15.814687500Z,0.8006824254989624,0.480738490819931,1.292566180229187,1.5946564436677255,4.268087565264399,3981.4765624999986,578.2265624999973,3449.7734374999927,5316.993956343197,3.0325707658497913
5.890625,2026-05-04T22:12:14.398437Z,2026-05-04T22:13:15.822500Z,0.8081965446472168,0.5023080706596375,1.345646858215332,1.6481081638212651,4.691894253930316,3928.937499999999,456.93749999999744,3121.062499999993,5076.059496658964,2.4687345151267417
5.8984375,2026-05-04T22:12:14.406250Z,2026-05-04T22:13:15.830312500Z,0.8482980132102966,0.4559102058410645,1.236563801765442,1.5673396794706569,4.051499074825318,3876.398437499999,335.64843749999756,2792.351562499993,4835.12503697473,1.9048982644036896
5.90625,2026-05-04T22:12:14.414062Z,2026-05-04T22:13:15.838125Z,0.8848063945770264,0.3822477161884308,0.9978541135787964,1.387338640852259,2.6243112516054237,3823.859374999999,214.35937499999764,2463.6406249999936,4594.1905772904975,1.3410620136806397
5.9140625,2026-05-04T22:12:14.421875Z,2026-05-04T22:13:15.845937500Z,0.9002877473831177,0.3236528933048248,0.742429792881012,1.210979446890035,1.2259987970347557,3771.320312499999,93.07031249999777,2134.9296874999936,4353.2561176062645,0.7772257629575897
5.921875,2026-05-04T22:12:14.429687Z,2026-05-04T22:13:15.853750Z,0.8776047229766846,0.2973504066467285,0.5421313643455505,1.0735519225128918,0.13636681006539236,3731.3437499999995,-16.50000000000172,1705.3437499999905,4180.797073276406,0.37363608514368146
5.9296875,2026-05-04T22:12:14.437500Z,2026-05-04T22:13:15.861562500Z,0.8602331280708313,0.295752078294754,0.4125816822052002,0.9988463199799389,-0.4559571402834038,3704.9765624999995,-113.37500000000163,1166.476562499991,4082.5197289137823,0.1436468613146663
5.9375,2026-05-04T22:12:14.445312Z,2026-05-04T22:13:15.869375Z,0.8687314391136169,0.2885673940181732,0.3169993758201599,0.9687383849446798,-0.6946761976534733,3678.6093749999995,-210.25000000000156,627.6093749999914,3984.242384551158,-0.0863423625143499
5.9453125,2026-05-04T22:12:14.453125Z,2026-05-04T22:13:15.877187500Z,0.907442569732666,0.2569268047809601,0.2237235903739929,0.9692861524172355,-0.690333072342709,3652.2421874999995,-307.1250000000015,88.74218749999179,3885.9650401885337,-0.3163315863433661
5.953125,2026-05-04T22:12:14.460937Z,2026-05-04T22:13:15.885000Z,0.9535584449768066,0.2148893922567368,0.1307707279920578,0.9861805829515343,-0.5563809256003666,3625.8749999999995,-404.00000000000136,-450.1250000000078,3787.6876958259095,-0.5463208101723823
5.9609375,2026-05-04T22:12:14.468750Z,2026-05-04T22:13:15.892812500Z,0.9802719354629515,0.1955698728561401,0.0370643958449363,1.0002771676213538,-0.4446122705738492,3598.5937499999995,-488.71093750000085,-927.2578125000049,3775.4615270281893,-0.5749325628649957
5.96875,2026-05-04T22:12:14.476562Z,2026-05-04T22:13:15.900625Z,0.9688054323196412,0.2016528099775314,-0.0895021855831146,0.9936088076743461,-0.4974841994819519,3569.6874999999995,-551.7968750000008,-1294.6406250000045,3916.2152259014006,-0.24553992242624742
5.9765625,2026-05-04T22:12:14.484375Z,2026-05-04T22:13:15.908437500Z,0.9412171244621276,0.2049270421266556,-0.2734242975711823,1.0013219334848462,-0.43632855660232417,3540.7812499999995,-614.8828125000007,-1662.0234375000043,4056.968924774612,0.08385271801250088
5.984375,2026-05-04T22:12:14.492187Z,2026-05-04T22:13:15.916250Z,0.938420832157135,0.1783452332019806,-0.5086127519607544,1.0821864958912815,0.20482840383686785,3511.8749999999995,-677.9687500000007,-2029.4062500000039,4197.722623647824,0.41324535845125027
5.9921875,2026-05-04T22:12:14.500000Z,2026-05-04T22:13:15.924062500Z,0.9751479029655457,0.1261592209339142,-0.7514434456825256,1.2375365989513119,1.4365644933894626,3482.9687499999995,-741.0546875000006,-2396.7890625000036,4338.4763225210345,0.7426379988899975
6.0,2026-05-04T22:12:14.507812Z,2026-05-04T22:13:15.931875Z,1.012453079223633,0.0878305211663246,-0.926954448223114,1.3755071745208682,2.5305022113431908,3459.921875,-765.2812499999991,-2752.5468750000027,4495.806026884717,1.1108219056339508
6.0078125,2026-05-04T22:12:14.515625Z,2026-05-04T22:13:15.939687500Z,1.022045016288757,0.1102225482463837,-0.977082908153534,1.4182439969442422,2.8693528815054687,3455.4296875,-666.4531249999992,-3071.4921875000027,4705.62641530155,1.6018448223443718
6.015625,2026-05-04T22:12:14.523437Z,2026-05-04T22:13:15.947500Z,0.9976434707641602,0.1886800080537796,-0.9248478412628174,1.3734031344386932,2.5138197499091053,3450.9375,-567.6249999999993,-3390.4375000000023,4915.446803718383,2.0928677390547925
6.0234375,2026-05-04T22:12:14.531250Z,2026-05-04T22:13:15.955312500Z,0.9589636325836182,0.271172046661377,-0.8732893466949463,1.3250584177912212,2.130505345470797,3446.4453125,-468.7968749999994,-3709.382812500002,5125.267192135217,2.5838906557652135
6.03125,2026-05-04T22:12:14.539062Z,2026-05-04T22:13:15.963125Z,0.947903335094452,0.3115180432796478,-0.9192352890968324,1.3566715669950862,2.381158908048509,3441.953125,-369.9687499999995,-4028.328125000002,5335.08758055205,3.0749135724756345
6.0390625,2026-05-04T22:12:14.546875Z,2026-05-04T22:13:15.970937500Z,0.9688835144042968,0.2897622585296631,-1.094085097312927,1.4898723539668992,3.4372780430747016,3439.0546875,-265.6328124999994,-4320.7421875,5529.960941155422,3.5309573660965627
6.046875,2026-05-04T22:12:14.554687Z,2026-05-04T22:13:15.978750Z,0.9893950819969176,0.248174861073494,-1.32596755027771,1.6729265776889333,4.88867388551155,3447.84375,-120.9062499999995,-4418.59375,5615.222764460081,3.730487590394552
6.0546875,2026-05-04T22:12:14.562500Z,2026-05-04T22:13:15.986562500Z,0.974741756916046,0.2410211861133575,-1.485071420669556,1.7926655653860157,5.838057436393385,3456.6328125,23.820312500000355,-4516.4453125,5700.484587764739,3.9300178146925417
6.0625,2026-05-04T22:12:14.570312Z,2026-05-04T22:13:15.994375Z,0.9505746364593506,0.2910812497138977,-1.473677277565002,1.7776515833611004,5.719014943702948,3465.421875,168.54687500000023,-4614.296875,5785.746411069397,4.12954803899053
6.0703125,2026-05-04T22:12:14.578125Z,2026-05-04T22:13:16.002187500Z,0.9225957989692688,0.3747681677341461,-1.331180334091187,1.6624305307872798,4.805453086093042,3474.2109375,313.27343750000006,-4712.1484375,5871.008234374056,4.329078263288519
6.078125,2026-05-04T22:12:14.585937Z,2026-05-04T22:13:16.010000Z,0.8941014409065247,0.4476237297058105,-1.172998905181885,1.5413341044642996,3.8453067091046504,3483.0,458.0,-4810.0,5956.270057678715,4.528608487586508
6.0859375,2026-05-04T22:12:14.593750Z,2026-05-04T22:13:16.017812500Z,0.8902584314346313,0.4821350872516632,-1.091747879981995,1.4889351062235048,3.429846816138569,3482.4140625,457.21875,-4507.265625,5728.4832632387015,3.995540481002459
6.09375,2026-05-04T22:12:14.601562Z,2026-05-04T22:13:16.025625Z,0.8977726101875305,0.4657639265060425,-1.099405527114868,1.4938621783444344,3.4689124648097662,3481.828125,456.4375,-4204.531250000001,5500.696468798688,3.4624724744184094
6.1015625,2026-05-04T22:12:14.609375Z,2026-05-04T22:13:16.033437500Z,0.910785675048828,0.436171680688858,-1.131373882293701,1.5165035913064675,3.6484311449681153,3481.2421875,455.65625,-3901.796875000001,5272.909674358675,2.9294044678343596
6.109375,2026-05-04T22:12:14.617187Z,2026-05-04T22:13:16.041250Z,0.8991785645484924,0.4251075685024261,-1.131158590316772,1.5062397857542336,3.5670517350687114,3480.65625,454.875,-3599.062500000001,5045.122879918662,2.39633646125031
6.1171875,2026-05-04T22:12:14.625000Z,2026-05-04T22:13:16.049062500Z,0.8712934255599976,0.4365285933017731,-1.070512413978577,1.4476554405922495,3.1025496150351155,3480.0703125,454.09375,-3296.3281250000014,4817.336085478649,1.8632684546662608
6.125,2026-05-04T22:12:14.632812Z,2026-05-04T22:13:16.056875Z,0.8529689311981201,0.4427666962146759,-0.9523876905441284,1.3530116991238845,2.352140637373715,3501.484375,380.78125000000045,-2892.1875000000023,4615.561552655313,1.3910744969085866
6.1328125,2026-05-04T22:12:14.640625Z,2026-05-04T22:13:16.064687500Z,0.8608267903327942,0.4243316948413849,-0.7956979274749756,1.2466817324359871,1.5090742036179625,3525.8984375,297.5781250000005,-2474.2187500000027,4417.33414641607,0.9271815458090572
6.140625,2026-05-04T22:12:14.648437Z,2026-05-04T22:13:16.072500Z,0.8892430067062378,0.3924583494663239,-0.619587242603302,1.1526773322307264,0.7637344192933786,3550.3125,214.3750000000006,-2056.250000000003,4219.106740176827,0.46328859470952555
6.1484375,2026-05-04T22:12:14.656250Z,2026-05-04T22:13:16.080312500Z,0.9070519804954528,0.3694300949573517,-0.4369875192642212,1.0724644434076214,0.12774443238934846,3574.7265625,131.17187500000065,-1638.2812500000034,4020.8793339375834,-0.0006043563900060841
6.15625,2026-05-04T22:12:14.664062Z,2026-05-04T22:13:16.088125Z,0.9077550172805786,0.3590642809867859,-0.2665970027446747,1.0119388771813569,-0.35214919363990116,3599.140625,47.968750000000725,-1220.3125000000039,3822.6519276983404,-0.46449730748953666
6.1640625,2026-05-04T22:12:14.671875Z,2026-05-04T22:13:16.095937500Z,0.8970071077346802,0.3405050933361053,-0.1359401792287827,0.9690434470358485,-0.6922574288220052,3627.8593749999995,-73.67968749999869,-682.2578125000056,3842.8517695165037,-0.4172255179295095
6.171875,2026-05-04T22:12:14.679687Z,2026-05-04T22:13:16.103750Z,0.8971945643424988,0.2965590059757233,-0.0602247267961502,0.946853921166674,-0.8681931976741296,3657.9374999999995,-207.46874999999858,-106.28125000000604,3932.028637037009,-0.20853328395066745
6.1796875,2026-05-04T22:12:14.687500Z,2026-05-04T22:13:16.111562500Z,0.9163939356803894,0.2299260348081589,-0.017123507335782,0.944953459879308,-0.8832615285495956,3688.0156249999995,-341.25781249999847,469.6953124999935,4021.205504557515,0.00015895002817573363
6.1875,2026-05-04T22:12:14.695312Z,2026-05-04T22:13:16.119375Z,0.9413264989852904,0.1611361056566238,0.0539788976311683,0.956542808047587,-0.7913721888447917,3718.0937499999995,-475.04687499999835,1045.671874999993,4110.38237207802,0.20885118400701783
6.1953125,2026-05-04T22:12:14.703125Z,2026-05-04T22:13:16.127187500Z,0.9641813635826112,0.1224504932761192,0.2157737761735916,0.9955893469035311,-0.4817809485840809,3748.1718749999995,-608.8359374999983,1621.6484374999925,4199.559239598526,0.41754341798586103
6.203125,2026-05-04T22:12:14.710937Z,2026-05-04T22:13:16.135000Z,0.9743043184280396,0.1282386034727097,0.4635250568389893,1.0865401615429342,0.23934764134850303,3778.8749999999995,-668.1249999999998,2139.999999999993,4437.378965805731,0.9740905509629876
6.2109375,2026-05-04T22:12:14.718750Z,2026-05-04T22:13:16.142812500Z,0.96616530418396,0.1613688766956329,0.7227782011032104,1.2173428594134388,1.2764528662847683,3809.9296874999995,-685.5078124999998,2625.9374999999927,4758.810300024211,1.726306064626662
6.21875,2026-05-04T22:12:14.726562Z,2026-05-04T22:13:16.150625Z,0.9508246183395386,0.1824884563684464,0.903963267803192,1.324582606365376,2.1267327434995673,3840.9843749999995,-702.8906249999998,3111.8749999999923,5080.2416342426895,2.478521578290334
6.2265625,2026-05-04T22:12:14.734375Z,2026-05-04T22:13:16.158437500Z,0.9557299017906188,0.16805699467659,0.9670851230621338,1.37000599775495,2.4868846158339593,3872.0390624999995,-720.2734374999997,3597.812499999992,5401.672968461169,3.2307370919540084
6.234375,2026-05-04T22:12:14.742187Z,2026-05-04T22:13:16.166250Z,0.9737575650215148,0.1249022856354713,0.9512162208557128,1.3669735459081198,2.4628409859554026,3903.0937499999995,-737.6562499999997,4083.7499999999914,5723.104302679648,3.982952605617681
6.2421875,2026-05-04T22:12:14.750000Z,2026-05-04T22:13:16.174062500Z,0.990519881248474,0.0931686013936996,0.9394375681877136,1.3683394929463208,2.4736712733528914,3937.093749999999,-661.8046875000031,4367.882812499998,5923.442427391845,4.451785072599174
6.25,2026-05-04T22:12:14.757812Z,2026-05-04T22:13:16.181875Z,0.9804593920707704,0.1056913807988167,0.9925798773765564,1.3991733632569643,2.7181461085419474,3973.812499999999,-499.8906250000032,4465.734374999998,6012.002204867466,4.659033188797098
6.2578125,2026-05-04T22:12:14.765625Z,2026-05-04T22:13:16.189687500Z,0.9465598464012146,0.1645344793796539,1.126388907432556,1.4804725963390648,3.3627494751806917,4010.531249999999,-337.9765625000033,4563.585937499998,6100.561982343087,4.86628130499502
6.265625,2026-05-04T22:12:14.773437Z,2026-05-04T22:13:16.197500Z,0.91584712266922,0.2398573607206345,1.296164274215698,1.6051010346225763,4.3509003820330685,4047.249999999999,-176.06250000000344,4661.437499999998,6189.121759818709,5.073529421192945
6.2734375,2026-05-04T22:12:14.781250Z,2026-05-04T22:13:16.205312500Z,0.9088172912597656,0.3004849851131439,1.429435253143311,1.7203270730009645,5.26450177096803,4083.968749999999,-14.148437500003588,4759.289062499998,6277.681537294329,5.280777537390867
6.28125,2026-05-04T22:12:14.789062Z,2026-05-04T22:13:16.213125Z,0.9104888439178468,0.3319858908653259,1.469768643379211,1.7605182281627383,5.583168416940161,4101.234375,132.53124999999713,4778.312500000003,6301.392308286861,5.336265624216237
6.2890625,2026-05-04T22:12:14.796875Z,2026-05-04T22:13:16.220937500Z,0.9065677523612976,0.3459207713603973,1.424745321273804,1.723782323894633,5.291897679566468,4089.3203125000005,256.35937499999704,4679.093750000003,6227.829569554749,5.164113666982748
6.296875,2026-05-04T22:12:14.804687Z,2026-05-04T22:13:16.228750Z,0.8897742033004761,0.3657213449478149,1.343032836914062,1.6520252528453885,4.722951973377974,4077.4062500000005,380.18749999999693,4579.875000000003,6154.266830822636,4.991961709749259
6.3046875,2026-05-04T22:12:14.812500Z,2026-05-04T22:13:16.236562500Z,0.860561192035675,0.396663635969162,1.27283763885498,1.5868280499865317,4.2060179893168,4065.4921875000005,504.0156249999968,4480.656250000003,6080.704092090523,4.819809752515771
6.3125,2026-05-04T22:12:14.820312Z,2026-05-04T22:13:16.244375Z,0.8316763043403625,0.4358923733234406,1.229797959327698,1.5472849308027772,3.892489475123998,4053.5781250000005,627.8437499999967,4381.437500000003,6007.14135335841,4.6476577952822815
6.3203125,2026-05-04T22:12:14.828125Z,2026-05-04T22:13:16.252187500Z,0.8146015405654907,0.47311931848526,1.202381134033203,1.5274612763977353,3.7353121699498075,4035.867187500001,713.9921875000003,4201.718750000011,5878.6054300729065,4.346857265696324
6.328125,2026-05-04T22:12:14.835937Z,2026-05-04T22:13:16.260000Z,0.8164293169975281,0.496085524559021,1.180745959281921,1.5188214831541702,3.6668091890392667,4003.250000000001,703.2500000000003,3815.000000000011,5608.709889364379,3.7152461214896855
6.3359375,2026-05-04T22:12:14.843750Z,2026-05-04T22:13:16.267812500Z,0.8274739980697632,0.5062030553817749,1.154005646705627,1.5075422990377003,3.577379070466408,3970.632812500001,692.5078125000003,3428.2812500000114,5338.814348655851,3.083634977283047
6.34375,2026-05-04T22:12:14.851562Z,2026-05-04T22:13:16.275625Z,0.8319106101989746,0.510051429271698,1.102939248085022,1.4726515911206173,3.300738480695426,3938.015625000001,681.7656250000003,3041.562500000012,5068.918807947322,2.4520238330764066
6.3515625,2026-05-04T22:12:14.859375Z,2026-05-04T22:13:16.283437500Z,0.822100043296814,0.5104238390922546,1.001744389533997,1.392793164351814,2.6675589438397735,3905.398437500001,671.0234375000003,2654.843750000012,4799.023267238795,1.8204126888697678
6.359375,2026-05-04T22:12:14.867187Z,2026-05-04T22:13:16.291250Z,0.8112740516662598,0.4951544404029846,0.8439475297927856,1.2710589836042727,1.7023559552011123,3871.4062500000014,636.2812500000051,2251.6250000000155,4544.265235111869,1.2242264319753233
6.3671875,2026-05-04T22:12:14.875000Z,2026-05-04T22:13:16.299062500Z,0.8165386319160461,0.4526980221271515,0.6490771174430847,1.1370892405776194,0.6401399402542107,3830.1953125000014,475.5390625000053,1761.7812500000161,4368.979123038369,0.814020833469938
6.375,2026-05-04T22:12:14.882812Z,2026-05-04T22:13:16.306875Z,0.8450642824172974,0.3915427923202515,0.4556521475315094,1.0368501720043632,-0.15463312981646948,3788.9843750000014,314.7968750000054,1271.9375000000166,4193.69301096487,0.4038152349645549
6.3828125,2026-05-04T22:12:14.890625Z,2026-05-04T22:13:16.314687500Z,0.8787450790405273,0.3369670808315277,0.3020530939102173,0.9884208612948224,-0.5386182615807312,3747.7734375000014,154.05468750000557,782.093750000017,4018.4068988913714,-0.006390363540828272
6.390625,2026-05-04T22:12:14.898437Z,2026-05-04T22:13:16.322500Z,0.9009281992912292,0.3057144284248352,0.2119295746088028,0.9747035839777797,-0.6473794737652753,3706.5625000000014,-6.687499999994292,292.2500000000175,3843.1207868178726,-0.4165959620462114
6.3984375,2026-05-04T22:12:14.906250Z,2026-05-04T22:13:16.330312500Z,0.913956880569458,0.2931451201438904,0.1654915809631348,0.9739808542133198,-0.65310983580781,3665.5000000000014,-167.21093749999434,-193.57812499998582,3679.011273453984,-0.8006460180006383
6.40625,2026-05-04T22:12:14.914062Z,2026-05-04T22:13:16.338125Z,0.9234081506729126,0.2794119417667389,0.1031847149133682,0.9702580745980839,-0.6826269195767528,3628.0000000000014,-322.4843749999942,-583.0312499999854,3783.1401291209945,-0.556963052731511
6.4140625,2026-05-04T22:12:14.921875Z,2026-05-04T22:13:16.345937500Z,0.9383583068847656,0.2458471804857254,-0.0294249635189771,0.9704756445838906,-0.6809018560058713,3590.5000000000014,-477.7578124999941,-972.4843749999851,3887.2689847880056,-0.31328008746238273
6.421875,2026-05-04T22:12:14.929687Z,2026-05-04T22:13:16.353750Z,0.9626816511154176,0.1870041042566299,-0.2402565181255341,1.0096780134800085,-0.3700750743419831,3553.0000000000014,-633.031249999994,-1361.9374999999848,3991.3978404550166,-0.06959712219325445
6.4296875,2026-05-04T22:12:14.937500Z,2026-05-04T22:13:16.361562500Z,0.9893013834953308,0.1204021498560905,-0.4753527045249939,1.1041621705052977,0.3790685940985308,3515.5000000000014,-788.3046874999937,-1751.3906249999845,4095.5266961220277,0.17408584307587385
6.4375,2026-05-04T22:12:14.945312Z,2026-05-04T22:13:16.369375Z,1.012718677520752,0.0754939541220665,-0.6622579097747803,1.2123877250977206,1.2371647187713286,3478.0000000000014,-943.5781249999936,-2140.843749999984,4199.655551789038,0.41776880834500113
6.4453125,2026-05-04T22:12:14.953125Z,2026-05-04T22:13:16.377187500Z,1.022107481956482,0.0716300457715988,-0.7632989883422852,1.2776775468532808,1.7548330572706201,3471.5859375,-910.718750000002,-2492.7421874999854,4404.332601885984,0.896755254231422
6.453125,2026-05-04T22:12:14.960937Z,2026-05-04T22:13:16.385000Z,1.016358613967896,0.1006170958280563,-0.79606693983078,1.294925173456427,1.8915856163468983,3467.875,-861.500000000002,-2841.374999999985,4617.752973237712,1.3962028723454436
6.4609375,2026-05-04T22:12:14.968750Z,2026-05-04T22:13:16.392812500Z,1.006594896316528,0.1370992064476013,-0.8126893043518066,1.3009586400446662,1.9394236183530646,3464.1640625,-812.2812500000022,-3190.007812499985,4831.173344589439,1.895650490459465
6.46875,2026-05-04T22:12:14.976562Z,2026-05-04T22:13:16.400625Z,1.005641937255859,0.1604843586683273,-0.8607264757156372,1.3333870410885065,2.1965411297379664,3460.453125,-763.0625000000022,-3538.6406249999845,5044.593715941166,2.3950981085734866
6.4765625,2026-05-04T22:12:14.984375Z,2026-05-04T22:13:16.408437500Z,1.015686869621277,0.1643948256969452,-0.9518341422080994,1.4016539195215152,2.7378138822545433,3456.7421875,-713.8437500000023,-3887.2734374999845,5258.014087292893,2.8945457266875083
6.484375,2026-05-04T22:12:14.992187Z,2026-05-04T22:13:16.416250Z,1.022826075553894,0.1640068739652634,-1.06746780872345,1.487467296515013,3.418208882497506,3460.6874999999995,-582.906250000007,-4020.4374999999964,5345.131248661079,3.098417824119518
6.4921875,2026-05-04T22:12:15.000000Z,2026-05-04T22:13:16.424062500Z,1.012703061103821,0.1794469803571701,-1.173075795173645,1.5600883083821364,3.994004581467837,3466.5468749999995,-431.53906250000716,-4099.734374999996,5400.672607533369,3.2283960413810027
6.5,2026-05-04T22:12:15.007812Z,2026-05-04T22:13:16.431875Z,0.9874579906463624,0.2214688956737518,-1.246269464492798,1.6054000539334328,4.353271239016104,3472.4062499999995,-280.1718750000073,-4179.031249999996,5456.213966405659,3.3583742586424874
6.5078125,2026-05-04T22:12:15.015625Z,2026-05-04T22:13:16.439687500Z,0.9589011073112488,0.2735773026943207,-1.272071838378906,1.6163238030014062,4.439883192888063,3478.2656249999995,-128.80468750000742,-4258.328124999996,5511.75532527795,3.4883524759039717
6.515625,2026-05-04T22:12:15.023437Z,2026-05-04T22:13:16.447500Z,0.9456537365913392,0.3196027874946594,-1.250513553619385,1.6000597111012143,4.310928859658395,3484.1249999999995,22.562499999992436,-4337.624999999996,5567.296684150241,3.6183306931654586
6.5234375,2026-05-04T22:12:15.031250Z,2026-05-04T22:13:16.455312500Z,0.940420389175415,0.3567676544189453,-1.198462963104248,1.5646044680842022,4.0298121978237,3491.8437499999995,152.14843749999397,-4245.593750000009,5507.756537166772,3.478994488262863
6.53125,2026-05-04T22:12:15.039062Z,2026-05-04T22:13:16.463125Z,0.928563356399536,0.3950032591819763,-1.135248899459839,1.5188968185288725,3.667406506311756,3500.4374999999995,271.48437499999386,-4072.937500000009,5394.06038742764,3.212922084694791
6.5390625,2026-05-04T22:12:15.046875Z,2026-05-04T22:13:16.470937500Z,0.9082236289978028,0.4385458827018738,-1.073664665222168,1.473074493992525,3.3040915826209716,3509.0312499999995,390.82031249999375,-3900.281250000009,5280.364237688509,2.9468496811267206
6.546875,2026-05-04T22:12:15.054687Z,2026-05-04T22:13:16.478750Z,0.8839003443717957,0.4790005087852478,-1.028810501098633,1.4384618011500776,3.0296553119596843,3517.6249999999995,510.1562499999937,-3727.625000000009,5166.668087949377,2.680777277558648
6.5546875,2026-05-04T22:12:15.062500Z,2026-05-04T22:13:16.486562500Z,0.8611235618591309,0.5004149079322815,-1.002762198448181,1.4133226438101312,2.830332577396788,3526.2187499999995,629.4921874999935,-3554.968750000009,5052.971938210245,2.4147048739905754
6.5625,2026-05-04T22:12:15.070312Z,2026-05-04T22:13:16.494375Z,0.8557184338569641,0.4980096817016602,-0.9764062762260436,1.3905527308825125,2.649795049860805,3540.281249999999,671.5000000000008,-3285.7343750000146,4898.787630289778,2.0538818426477756
6.5703125,2026-05-04T22:12:15.078125Z,2026-05-04T22:13:16.502187500Z,0.8586397171020508,0.482662707567215,-0.92355614900589,1.3502523517579204,2.3302623916093292,3558.6406249999995,652.7500000000003,-2940.6171875000073,4712.791198083969,1.6186118894819603
6.578125,2026-05-04T22:12:15.085937Z,2026-05-04T22:13:16.510000Z,0.8598269820213318,0.4738641679286957,-0.8171178102493286,1.2773140586736391,1.7519510411008756,3577.0,634.0,-2595.5,4526.7947658781595,1.1833419363161433
6.5859375,2026-05-04T22:12:15.093750Z,2026-05-04T22:13:16.517812500Z,0.8530939221382141,0.4795281291007996,-0.6521399617195129,1.1760114779455182,0.9487456219231042,3595.3593750000005,615.2499999999995,-2250.3828124999927,4340.798333672351,0.7480719831503282
6.59375,2026-05-04T22:12:15.101562Z,2026-05-04T22:13:16.525625Z,0.8469857573509216,0.4872093796730042,-0.4590378701686859,1.079571034738183,0.18409099955043953,3613.718750000001,596.4999999999992,-1905.2656249999854,4154.8019014665415,0.31280202998451095
6.6015625,2026-05-04T22:12:15.109375Z,2026-05-04T22:13:16.533437500Z,0.8493134379386902,0.4778211712837219,-0.2861255705356598,1.0156348899602368,-0.32284433810701013,3631.648437500001,506.5937499999902,-1475.585937499971,4035.155719604737,0.03280532597337957
6.609375,2026-05-04T22:12:15.117187Z,2026-05-04T22:13:16.541250Z,0.8627482652664185,0.4407804310321808,-0.1730136871337891,0.9841522715193813,-0.5724629515702466,3649.031250000001,326.1249999999904,-938.2812499999714,3999.95531090801,-0.04957087911365282
6.6171875,2026-05-04T22:12:15.125000Z,2026-05-04T22:13:16.549062500Z,0.880151093006134,0.3788958787918091,-0.1126750558614731,0.9648438742608546,-0.7255548985099637,3666.414062500001,145.65624999999056,-400.9765624999718,3964.7549022112826,-0.1319470842006852
6.625,2026-05-04T22:12:15.132812Z,2026-05-04T22:13:16.556875Z,0.9014750123023988,0.3088955581188202,-0.0536588281393051,0.9544385435785957,-0.8080564293915661,3683.796875000001,-34.81250000000926,136.32812500002777,3929.554493514556,-0.21432328928771655
6.6328125,2026-05-04T22:12:15.140625Z,2026-05-04T22:13:16.564687500Z,0.9191746115684508,0.2531094551086426,0.0521798096597194,0.954813644306328,-0.8050823399351417,3701.179687500001,-215.2812500000091,673.6328125000273,3894.3540848178286,-0.2966994943747489
6.640625,2026-05-04T22:12:15.148437Z,2026-05-04T22:13:16.572500Z,0.9309691786766052,0.219327449798584,0.2154354900121689,0.980418580116537,-0.6020665524533336,3723.500000000002,-371.9375000000053,1179.6875000000218,3951.2396183790906,-0.16357563153836452
6.6484375,2026-05-04T22:12:15.156250Z,2026-05-04T22:13:16.580312500Z,0.9382176995277404,0.2026149034500122,0.4087835848331451,1.0432685512542876,-0.10374324173244007,3756.312500000002,-477.9921875000052,1619.3359375000214,4203.807779238534,0.42748587563517293
6.65625,2026-05-04T22:12:15.164062Z,2026-05-04T22:13:16.588125Z,0.94966858625412,0.1841022968292236,0.5886616110801697,1.1323809305066892,0.6028088067632489,3789.1250000000014,-584.0468750000051,2058.984375000021,4456.375940097978,1.0185473828087126
6.6640625,2026-05-04T22:12:15.171875Z,2026-05-04T22:13:16.595937500Z,0.9705238342285156,0.1531910449266434,0.7267761826515198,1.2221242280230153,1.3143632645263041,3821.9375000000014,-690.101562500005,2498.6328125000205,4708.944100957421,1.60960888998225
6.671875,2026-05-04T22:12:15.179687Z,2026-05-04T22:13:16.603750Z,0.9918009042739868,0.1161347925662994,0.8143625259399414,1.288542838798306,1.8409815177389153,3854.7500000000014,-796.1562500000049,2938.2812500000205,4961.512261816865,2.2006703971557897
6.6796875,2026-05-04T22:12:15.187500Z,2026-05-04T22:13:16.611562500Z,1.001205325126648,0.0890564173460006,0.8692731857299805,1.328901433501225,2.1609757542409804,3886.5468750000014,-868.148437499997,3336.7578125000105,5198.257328760765,2.754702606154747
6.6875,2026-05-04T22:12:15.195312Z,2026-05-04T22:13:16.619375Z,0.997409164905548,0.0774646997451782,0.9207547307014464,1.3596378547441543,2.4046779376503955,3914.2812500000014,-803.8906249999972,3570.5468750000105,5371.710020042509,3.160617622455429
6.6953125,2026-05-04T22:12:15.203125Z,2026-05-04T22:13:16.627187500Z,0.9897544384002686,0.0815148204565048,0.9873055815696716,1.4003681036376523,2.727618936789577,3942.0156250000014,-739.6328124999972,3804.33593750001,5545.162711324253,3.5665326387561094
6.703125,2026-05-04T22:12:15.210937Z,2026-05-04T22:13:16.635000Z,0.9805843234062196,0.0995463728904724,1.067572593688965,1.4529853194239324,3.144809027681848,3969.7500000000014,-675.3749999999973,4038.12500000001,5718.615402605997,3.9724476550567895
6.7109375,2026-05-04T22:12:15.218750Z,2026-05-04T22:13:16.642812500Z,0.9768194556236268,0.1271833926439285,1.153605818748474,1.5169569042328115,3.6520253613879317,3997.4843750000014,-611.1171874999973,4271.91406250001,5892.068093887741,4.378362671357472
6.71875,2026-05-04T22:12:15.226562Z,2026-05-04T22:13:16.650625Z,0.9727733731269836,0.1633551418781281,1.233888149261475,1.5797002572421077,4.149503320905119,4023.25,-537.3906249999925,4485.859374999999,6050.76416499582,4.749744157655976
6.7265625,2026-05-04T22:12:15.234375Z,2026-05-04T22:13:16.658437500Z,0.9615880846977234,0.2069288194179535,1.295595407485962,1.626664882769976,4.521875292699979,4026.375,-354.7734374999927,4471.601562499999,6039.759104106843,4.723990048929678
6.734375,2026-05-04T22:12:15.242187Z,2026-05-04T22:13:16.666250Z,0.940420389175415,0.2571285367012024,1.325226545333862,1.6452145723948786,4.66895161714994,4029.5,-172.1562499999929,4457.343749999999,6028.754043217865,4.698235940203378
6.7421875,2026-05-04T22:12:15.250000Z,2026-05-04T22:13:16.674062500Z,0.910301387310028,0.3066765367984772,1.310680031776428,1.624986541377721,4.508568100604769,4032.625,10.460937500006949,4443.085937499999,6017.748982328887,4.672481831477078
6.75,2026-05-04T22:12:15.257812Z,2026-05-04T22:13:16.681875Z,0.8846033215522766,0.3492260575294495,1.258644819259644,1.5775514751690434,4.1324661102702835,4035.75,193.07812500000676,4428.828124999999,6006.74392143991,4.6467277227507795
6.7578125,2026-05-04T22:12:15.265625Z,2026-05-04T22:13:16.689687500Z,0.8686065077781677,0.3814407885074615,1.192416906356812,1.52375602346876,3.705934051341313,4038.875,375.6953125000066,4414.570312499999,5995.738860550932,4.6209736140244795
6.765625,2026-05-04T22:12:15.273437Z,2026-05-04T22:13:16.697500Z,0.8587803244590759,0.4143227636814117,1.134784579277039,1.4821953445978722,3.376408759351021,4025.4999999999995,497.93750000000426,4094.687499999988,5791.242220295356,4.142409364318234
6.7734375,2026-05-04T22:12:15.281250Z,2026-05-04T22:13:16.705312500Z,0.8440175652503967,0.4550722241401672,1.100294351577759,1.4594875949280992,3.1963641103302396,4011.4374999999995,617.6640625000042,3762.0703124999886,5578.683430899512,3.6449780254045088
6.78125,2026-05-04T22:12:15.289062Z,2026-05-04T22:13:16.713125Z,0.8262085914611816,0.5044495463371277,1.082318902015686,1.452068933303252,3.137543207868577,3997.3749999999995,737.3906250000041,3429.4531249999886,5366.124641503668,3.1475466864907817
6.7890625,2026-05-04T22:12:15.296875Z,2026-05-04T22:13:16.720937500Z,0.8058844804763794,0.5462852120399475,1.050365924835205,1.4321822177436536,2.9798659049577516,3983.3124999999995,857.117187500004,3096.835937499989,5153.565852107824,2.650115347577057
6.796875,2026-05-04T22:12:15.304687Z,2026-05-04T22:13:16.728750Z,0.7956990003585815,0.563944399356842,0.9745428562164308,1.3787327381838999,2.556076981456927,3969.2499999999995,976.8437500000039,2764.218749999989,4941.00706271198,2.152684008663332
6.8046875,2026-05-04T22:12:15.312500Z,2026-05-04T22:13:16.736562500Z,0.7979485988616943,0.5537802577018738,0.8412566184997559,1.2849541775547246,1.8125278284279416,3931.3984374999986,898.5468749999964,2371.2265624999873,4729.5484449058395,1.6578272978252382
6.8125,2026-05-04T22:12:15.320312Z,2026-05-04T22:13:16.744375Z,0.8081496953964233,0.5228069424629211,0.6684826612472534,1.1718797283189817,0.9159859067523077,3889.0156249999986,782.5312499999965,1966.7343749999877,4518.2993835929765,1.1634609923348864
6.8203125,2026-05-04T22:12:15.328125Z,2026-05-04T22:13:16.752187500Z,0.8212564587593079,0.484292060136795,0.5004755258560181,1.0767900085654016,0.16204086739390322,3846.6328124999986,666.5156249999966,1562.2421874999882,4307.050322280113,0.6690946868445324
6.828125,2026-05-04T22:12:15.335937Z,2026-05-04T22:13:16.760000Z,0.8358160853385925,0.4519997239112854,0.3693266808986664,1.0194579325064046,-0.2925322920687123,3804.2499999999986,550.4999999999967,1157.7499999999884,4095.8012609672496,0.17472838135418062
6.8359375,2026-05-04T22:12:15.343750Z,2026-05-04T22:13:16.767812500Z,0.8483917117118835,0.4262714087963104,0.2750206589698792,0.9884898448233231,-0.5380713066707227,3761.8671874999986,434.4843749999968,753.2578124999887,3884.552199654386,-0.31963792413617226
6.84375,2026-05-04T22:12:15.351562Z,2026-05-04T22:13:16.775625Z,0.8654977083206177,0.397951602935791,0.1941847205162048,0.972193122311284,-0.6672843606958376,3721.453124999999,256.7343749999946,325.7031249999884,3841.5140827960104,-0.42035598032211824
6.8515625,2026-05-04T22:12:15.359375Z,2026-05-04T22:13:16.783437500Z,0.89044588804245,0.3574038743972778,0.0950657576322555,0.9641933972186738,-0.7307123849389873,3681.804687499999,54.97656249999479,-110.82031250001123,3863.8913332254824,-0.36798860622303686
6.859375,2026-05-04T22:12:15.367187Z,2026-05-04T22:13:16.791250Z,0.919549524784088,0.3021764159202576,-0.0384204015135765,0.96868882626028,-0.6950691373356724,3642.156249999999,-146.78125000000503,-547.3437500000108,3886.268583654954,-0.3156212321239565
6.8671875,2026-05-04T22:12:15.375000Z,2026-05-04T22:13:16.799062500Z,0.9483094811439514,0.240866020321846,-0.1988774985074997,0.9984285508667081,-0.4592695377889779,3602.507812499999,-348.5390625000049,-983.8671875000105,3908.6458340844256,-0.26325385802487616
6.875,2026-05-04T22:12:15.382812Z,2026-05-04T22:13:16.806875Z,0.9708518981933594,0.1870816946029663,-0.3611336648464203,1.0526017730208197,-0.0297422217447478,3562.859374999999,-550.2968750000047,-1420.39062500001,3931.023084513897,-0.2108864839257958
6.8828125,2026-05-04T22:12:15.390625Z,2026-05-04T22:13:16.814687500Z,0.986817479133606,0.1462391167879105,-0.5052298307418823,1.1182360208265445,0.4906569935792978,3538.7968749999995,-672.1328125000015,-1808.515625000008,4061.0200915353525,0.09333328247979839
6.890625,2026-05-04T22:12:15.398437Z,2026-05-04T22:13:16.822500Z,1.000705480575562,0.1184003725647926,-0.6205866932868958,1.183451710447964,1.007737555030374,3525.1249999999995,-740.6875000000015,-2164.3750000000077,4262.763602951457,0.5654546437563859
6.8984375,2026-05-04T22:12:15.406250Z,2026-05-04T22:13:16.830312500Z,1.015921115875244,0.1002446711063385,-0.7086343765258789,1.2427016485708224,1.4775170122186434,3511.4531249999995,-809.2421875000014,-2520.2343750000073,4464.507114367561,1.0375760050329732
6.90625,2026-05-04T22:12:15.414062Z,2026-05-04T22:13:16.838125Z,1.03035581111908,0.0892891809344291,-0.7791678309440613,1.2948776637647557,1.8912089226680235,3497.7812499999995,-877.7968750000014,-2876.093750000007,4666.250625783665,1.5096973663095585
6.9140625,2026-05-04T22:12:15.421875Z,2026-05-04T22:13:16.845937500Z,1.038838505744934,0.0893202200531959,-0.8398755192756653,1.3388631112280625,2.239959660443453,3484.1093749999995,-946.3515625000013,-3231.9531250000064,4867.994137199769,1.981818727586146
6.921875,2026-05-04T22:12:15.429687Z,2026-05-04T22:13:16.853750Z,1.039322853088379,0.0996084436774253,-0.8985841870307922,1.3775221871844376,2.5464787943626748,3476.71875,-933.1562499999982,-3473.4375000000023,5006.595625794775,2.3061747527743335
6.9296875,2026-05-04T22:12:15.437500Z,2026-05-04T22:13:16.861562500Z,1.034745573997498,0.1165227293968201,-0.9621058702468872,1.4177177627923747,2.8651804890600014,3476.1328125,-831.3984374999983,-3591.015625000002,5076.7932563335935,2.470451663866764
6.9375,2026-05-04T22:12:15.445312Z,2026-05-04T22:13:16.869375Z,1.02718460559845,0.1353146731853485,-1.033869504928589,1.463661309176063,3.229456553562868,3475.546875,-729.6406249999984,-3708.593750000002,5146.990886872412,2.6347285749591944
6.9453125,2026-05-04T22:12:15.453125Z,2026-05-04T22:13:16.877187500Z,1.021982431411743,0.1529582887887955,-1.106017589569092,1.5136443560690467,3.625760910696749,3474.9609375,-627.8828124999984,-3826.171875000002,5217.188517411232,2.799005486051627
6.953125,2026-05-04T22:12:15.460937Z,2026-05-04T22:13:16.885000Z,1.00909435749054,0.1821780949831009,-1.16623318195343,1.552919867636492,3.9371676241803497,3474.375,-526.1249999999985,-3943.750000000002,5287.386147950051,2.9632823971440576
6.9609375,2026-05-04T22:12:15.468750Z,2026-05-04T22:13:16.892812500Z,0.9880828857421876,0.223812073469162,-1.186699748039246,1.560338400900133,3.9959875088948276,3479.1328125,-390.1953124999974,-3992.562499999999,5316.947249104678,3.0324614612933463
6.96875,2026-05-04T22:12:15.476562Z,2026-05-04T22:13:16.900625Z,0.9726640582084656,0.2783101797103882,-1.152148008346558,1.5332895875854404,3.7815235408445242,3493.390625,-193.51562499999756,-3919.124999999999,5274.265631354081,2.932577686432618
6.9765625,2026-05-04T22:12:15.484375Z,2026-05-04T22:13:16.908437500Z,0.9464348554611206,0.339046448469162,-1.087180972099304,1.4807612555527148,3.3650381892789185,3507.6484375,3.164062500002281,-3845.687499999999,5231.584013603483,2.832693911571888
6.984375,2026-05-04T22:12:15.492187Z,2026-05-04T22:13:16.916250Z,0.9206587076187134,0.3992240726947784,-1.020829916000366,1.4314628998107075,2.9741625945613,3521.90625,199.8437500000021,-3772.249999999999,5188.902395852885,2.732810136711158
6.9921875,2026-05-04T22:12:15.500000Z,2026-05-04T22:13:16.924062500Z,0.8972258567810059,0.4465219974517822,-0.979266345500946,1.4011990250194715,2.7342071258760825,3536.1640625,396.52343750000193,-3698.812499999999,5146.220778102288,2.6329263618504304
7.0,2026-05-04T22:12:15.507812Z,2026-05-04T22:13:16.931875Z,0.8789013028144836,0.4728555083274841,-0.9593072533607484,1.3843158014684305,2.6003438367879146,3551.40625,560.2031250000006,-3568.4687499999973,5074.008509256846,2.463934782250813
7.0078125,2026-05-04T22:12:15.515625Z,2026-05-04T22:13:16.939687500Z,0.8706373572349548,0.4865266084671021,-0.9302451014518738,1.3638451148626718,2.4380363585592684,3569.765625,619.3828125000005,-3257.9218749999977,4908.2825119444005,2.0761018209780566
7.015625,2026-05-04T22:12:15.523437Z,2026-05-04T22:13:16.947500Z,0.8613735437393188,0.4979631304740906,-0.8710597157478333,1.3223753966118261,2.109232272903746,3588.125,678.5625000000005,-2947.3749999999977,4742.556514631955,1.6882688597053006
7.0234375,2026-05-04T22:12:15.531250Z,2026-05-04T22:13:16.955312500Z,0.8467045426368713,0.5145050287246704,-0.7704952955245972,1.2551043811294835,1.575855494142074,3606.484375,737.7421875000003,-2636.828124999998,4576.83051731951,1.3004358984325466
7.03125,2026-05-04T22:12:15.539062Z,2026-05-04T22:13:16.963125Z,0.8326917290687561,0.5305657982826233,-0.6372090578079224,1.1751216810693488,0.9416906222600173,3624.84375,796.9218750000003,-2326.281249999998,4411.104520007065,0.9126029371597905
7.0390625,2026-05-04T22:12:15.546875Z,2026-05-04T22:13:16.970937500Z,0.8292080163955688,0.5348021388053894,-0.4889611601829529,1.101218542475994,0.35572922832732806,3642.6875,831.8203124999993,-1998.320312499998,4252.611345526087,0.5416962707507219
7.046875,2026-05-04T22:12:15.554687Z,2026-05-04T22:13:16.978750Z,0.8364409804344177,0.5185241103172302,-0.3497240841388702,1.0444173982451348,-0.09463429186934576,3656.75,688.6562499999994,-1542.6562499999984,4147.158871809193,0.2949157666753434
7.0546875,2026-05-04T22:12:15.562500Z,2026-05-04T22:13:16.986562500Z,0.8502038717269897,0.485797256231308,-0.2325066030025482,1.006431775184595,-0.39581376897421894,3670.8125,545.4921874999995,-1086.9921874999989,4041.706398092301,0.04813526259996591
7.0625,2026-05-04T22:12:15.570312Z,2026-05-04T22:13:16.994375Z,0.8630919456481934,0.4445046782493591,-0.1356018930673599,0.9802550632523159,-0.603363040958615,3684.875,402.3281249999997,-631.3281249999992,3936.2539243754086,-0.19864524147541052
7.0703125,2026-05-04T22:12:15.578125Z,2026-05-04T22:13:17.002187500Z,0.8710903525352478,0.3963998258113861,-0.0429104268550872,0.958004451407281,-0.7797831467989403,3698.9375,259.16406249999983,-175.66406249999957,3830.801450658516,-0.445425745550788
7.078125,2026-05-04T22:12:15.585937Z,2026-05-04T22:13:17.010000Z,0.8855093717575073,0.345734566450119,0.0642198547720909,0.9527766934889704,-0.8212328656506825,3713.0,116.0,280.0,3725.3489769416233,-0.6922062496261655
7.0859375,2026-05-04T22:12:15.593750Z,2026-05-04T22:13:17.017812500Z,0.9062709212303162,0.2961865663528442,0.1901406198740005,0.9722175271417415,-0.667090860274262,3740.34375,-51.18749999999986,703.0468749999995,3900.7558499396955,-0.2817180456892696
7.09375,2026-05-04T22:12:15.601562Z,2026-05-04T22:13:17.025625Z,0.9254077672958374,0.24978868663311,0.326625257730484,1.0126489928543188,-0.3465188458968677,3767.6875,-218.37499999999972,1126.093749999999,4076.1627229377673,0.12877015824762522
7.1015625,2026-05-04T22:12:15.609375Z,2026-05-04T22:13:17.033437500Z,0.9457162618637084,0.2071615904569626,0.4699064493179321,1.0761539126094886,0.15699740536920262,3795.03125,-385.56249999999955,1549.1406249999989,4251.569595935839,0.5392583621845201
7.109375,2026-05-04T22:12:15.617187Z,2026-05-04T22:13:17.041250Z,0.9678056240081788,0.1697484254837036,0.6102506518363953,1.1566624883183523,0.795331827205829,3822.375,-552.7499999999994,1972.1874999999984,4426.976468933912,0.949746566121417
7.1171875,2026-05-04T22:12:15.625000Z,2026-05-04T22:13:17.049062500Z,0.9840680360794068,0.1376578360795975,0.7280216813087463,1.2318097044279657,1.3911572324574193,3849.71875,-719.9374999999993,2395.234374999998,4602.3833419319835,1.3602347700583117
7.125,2026-05-04T22:12:15.632812Z,2026-05-04T22:13:17.056875Z,0.9917071461677552,0.1102690994739532,0.8147777318954468,1.2882177962020547,1.8384043279684656,3871.734375,-765.6093749999999,2723.234374999998,4815.576482298779,1.8591506208744562
7.1328125,2026-05-04T22:12:15.640625Z,2026-05-04T22:13:17.064687500Z,0.9979090094566344,0.0881719067692756,0.8748241662979126,1.33000526248466,2.1697277664302836,3893.0234375,-794.7109374999998,3038.273437499998,5033.922295488583,2.3701247871741336
7.140625,2026-05-04T22:12:15.648437Z,2026-05-04T22:13:17.072500Z,1.001798987388611,0.0705593228340148,0.923983871936798,1.3646706653148803,2.4445819627507173,3914.3125,-823.8124999999998,3353.3124999999977,5252.268108678386,2.8810989534738107
7.1484375,2026-05-04T22:12:15.656250Z,2026-05-04T22:13:17.080312500Z,1.00537633895874,0.064848817884922,0.9812317490577698,1.4063437337571925,2.77499836642028,3935.6015625,-852.9140624999998,3668.3515624999973,5470.61392186819,3.39207311977349
7.15625,2026-05-04T22:12:15.664062Z,2026-05-04T22:13:17.088125Z,1.004064202308655,0.0793888941407203,1.052211046218872,1.4565698076836604,3.1732296303407237,3956.890625,-882.0156249999998,3983.3906249999973,5688.959735057993,3.9030472860731673
7.1640625,2026-05-04T22:12:15.671875Z,2026-05-04T22:13:17.095937500Z,0.9942691326141356,0.1120846718549728,1.130371451377869,1.5095938857269569,3.59364564072434,3971.3515625,-766.0937500000016,4088.8359374999995,5759.12930189171,4.067258522316568
7.171875,2026-05-04T22:12:15.679687Z,2026-05-04T22:13:17.103750Z,0.9786316156387328,0.1553169786930084,1.198029518127441,1.554708310038468,3.9513477824628893,3983.65625,-604.3750000000017,4128.09375,5782.506369876135,4.121965675384296
7.1796875,2026-05-04T22:12:15.687500Z,2026-05-04T22:13:17.111562500Z,0.9603539705276488,0.2014665901660919,1.234026551246643,1.5766071371280344,4.124978665956206,3995.9609375,-442.6562500000019,4167.351562499999,5805.88343786056,4.176672828452025
7.1875,2026-05-04T22:12:15.695312Z,2026-05-04T22:13:17.119375Z,0.9413889646530152,0.2433643639087677,1.22809112071991,1.566412205386015,4.044145341035153,4008.265625,-280.937500000002,4206.609374999999,5829.2605058449835,4.231379981519751
7.1953125,2026-05-04T22:12:15.703125Z,2026-05-04T22:13:17.127187500Z,0.9213773012161256,0.2840362191200256,1.188465118408203,1.5303797053807706,3.7584517381405784,4020.5703125,-119.21875000000215,4245.867187499999,5852.637573829408,4.28608713458748
7.203125,2026-05-04T22:12:15.710937Z,2026-05-04T22:13:17.135000Z,0.9029121994972228,0.3255460560321808,1.138797998428345,1.489325872945013,3.4329451177424746,4022.625,59.999999999997314,4113.125000000004,5770.536202291979,4.093953018249145
7.2109375,2026-05-04T22:12:15.718750Z,2026-05-04T22:13:17.142812500Z,0.8800417184829712,0.3743181526660919,1.096480965614319,1.4549426152396274,3.16032798677253,4018.9140625,249.06249999999713,3883.6328125000036,5629.103208523504,3.7629706878698927
7.21875,2026-05-04T22:12:15.726562Z,2026-05-04T22:13:17.150625Z,0.856062114238739,0.4285680055618286,1.066050291061401,1.4328210292629855,2.9849308980751297,4015.203125,438.124999999997,3654.1406250000036,5487.670214755029,3.4319883574906402
7.2265625,2026-05-04T22:12:15.734375Z,2026-05-04T22:13:17.158437500Z,0.834675669670105,0.4817937016487122,1.037926077842712,1.4163683092873696,2.8544809751842637,4011.4921875,627.1874999999968,3424.6484375000036,5346.237220986553,3.1010060271113873
7.234375,2026-05-04T22:12:15.742187Z,2026-05-04T22:13:17.166250Z,0.8179914951324463,0.523101806640625,0.9919955134391784,1.3880924626634783,2.630288135506247,4007.78125,816.2499999999966,3195.156250000004,5204.804227218078,2.7700236967321348
7.2421875,2026-05-04T22:12:15.750000Z,2026-05-04T22:13:17.174062500Z,0.8089307546615601,0.5480387210845947,0.9152498245239258,1.338804558901872,2.2394954121946564,3986.804687500001,894.7109375000005,2898.023437500007,5030.672383572173,2.362519324043081
7.25,2026-05-04T22:12:15.757812Z,2026-05-04T22:13:17.181875Z,0.8051815032958984,0.5561079382896423,0.8074429631233215,1.268675463219798,1.6834575571961414,3949.890625000001,871.0781250000005,2538.4531250000073,4826.356986193254,1.884379219991129
7.2578125,2026-05-04T22:12:15.765625Z,2026-05-04T22:13:17.189687500Z,0.803119421005249,0.5516543388366699,0.6785544753074646,1.1873329313688383,1.0385108843401079,3912.976562500001,847.4453125000005,2178.8828125000073,4622.041588814333,1.4062391159391745
7.265625,2026-05-04T22:12:15.773437Z,2026-05-04T22:13:17.197500Z,0.8044472932815552,0.5370522141456604,0.5447761416435242,1.110108811284183,0.4262181737555701,3876.062500000001,823.8125000000005,1819.3125000000077,4417.726191435414,0.9280990118872224
7.2734375,2026-05-04T22:12:15.781250Z,2026-05-04T22:13:17.205312500Z,0.8141016364097595,0.5149860382080078,0.4220537841320038,1.0517135972565783,-0.036784367975312746,3839.148437500001,800.1796875000006,1459.7421875000082,4213.4107940564945,0.44995890783527037
7.28125,2026-05-04T22:12:15.789062Z,2026-05-04T22:13:17.213125Z,0.8279582858085632,0.4849593043327332,0.308372974395752,1.007866231816319,-0.38444028439075745,3802.625000000001,709.3593750000044,1068.0625000000102,4066.170274313812,0.1053857707463205
7.2890625,2026-05-04T22:12:15.796875Z,2026-05-04T22:13:17.220937500Z,0.849266529083252,0.4473909735679626,0.2027803659439087,0.9810872527270696,-0.5967647974479308,3766.687500000001,517.7578125000045,628.2187500000106,4004.5420710254934,-0.03883691589810683
7.296875,2026-05-04T22:12:15.804687Z,2026-05-04T22:13:17.228750Z,0.8745896816253662,0.4034293591976166,0.0987715721130371,0.9682035852680158,-0.698916504222009,3730.750000000001,326.1562500000048,188.37500000001094,3942.9138677371748,-0.18305960254253417
7.3046875,2026-05-04T22:12:15.812500Z,2026-05-04T22:13:17.236562500Z,0.8992566466331482,0.3550451993942261,-0.0137867387384176,0.9669072780219528,-0.7091946333424469,3694.812500000001,134.55468750000495,-251.46874999998866,3881.285664448856,-0.3272822891869615
7.3125,2026-05-04T22:12:15.820312Z,2026-05-04T22:13:17.244375Z,0.9231582283973694,0.3036505877971649,-0.1397075057029724,0.9818059794465908,-0.5910661746499929,3658.875000000001,-57.04687499999489,-691.3124999999883,3819.6574611605374,-0.47150497583138884
7.3203125,2026-05-04T22:12:15.828125Z,2026-05-04T22:13:17.252187500Z,0.9453881978988647,0.2512938976287842,-0.2761767506599426,1.0164551467315284,-0.31634070632306893,3625.781250000001,-238.42187499999574,-1106.4374999999902,3820.1487803773493,-0.47035518768784773
7.328125,2026-05-04T22:12:15.835937Z,2026-05-04T22:13:17.260000Z,0.9682742953300476,0.198161318898201,-0.4141990840435028,1.0716267542978066,0.12110258350698698,3600.000000000001,-393.49999999999557,-1457.99999999999,3980.3760146073755,-0.095390464375195
7.3359375,2026-05-04T22:12:15.843750Z,2026-05-04T22:13:17.267812500Z,0.9930350184440612,0.1508478820323944,-0.5397046804428101,1.140243295731982,0.6651477354570658,3574.218750000001,-548.5781249999955,-1809.5624999999898,4140.603248837401,0.27957425893745663
7.34375,2026-05-04T22:12:15.851562Z,2026-05-04T22:13:17.275625Z,1.014390230178833,0.1153899431228638,-0.6407457590103149,1.2053453885695453,1.1813276135125304,3548.437500000001,-703.6562499999953,-2161.1249999999895,4300.830483067428,0.6545389822501104
7.3515625,2026-05-04T22:12:15.859375Z,2026-05-04T22:13:17.283437500Z,1.029402852058411,0.0950307250022888,-0.7159383893013,1.2574851282602875,1.5947319036413121,3522.656250000001,-858.7343749999951,-2512.687499999989,4461.057717297454,1.029503705562762
7.359375,2026-05-04T22:12:15.867187Z,2026-05-04T22:13:17.291250Z,1.036260962486267,0.0889322757720947,-0.7714025378227234,1.29491606191533,1.8915133729831684,3500.28125,-983.812500000001,-2837.499999999994,4613.966626847072,1.3873420420780131
7.3671875,2026-05-04T22:12:15.875000Z,2026-05-04T22:13:17.299062500Z,1.040072679519653,0.0919892564415931,-0.8237144947052002,1.329931866965865,2.169145829839768,3495.7890625,-951.390625000001,-3021.874999999994,4728.454331824536,1.6552668479068757
7.375,2026-05-04T22:12:15.882812Z,2026-05-04T22:13:17.306875Z,1.040666341781616,0.0965669825673103,-0.8852679133415222,1.3696754708438563,2.484263942162407,3491.296875,-918.9687500000011,-3206.2499999999936,4842.942036802,1.9231916537357383
7.3828125,2026-05-04T22:12:15.890625Z,2026-05-04T22:13:17.314687500Z,1.041478633880615,0.1029447540640831,-0.9560473561286926,1.4174984706798839,2.8634417711332754,3486.8046875,-886.5468750000011,-3390.6249999999936,4957.429741779464,2.1911164595646007
7.390625,2026-05-04T22:12:15.898437Z,2026-05-04T22:13:17.322500Z,1.04002583026886,0.1140864565968513,-1.023459434509277,1.4636046806741587,3.229007558884918,3482.3125,-854.1250000000011,-3574.9999999999936,5071.917446756928,2.4590412653934632
7.3984375,2026-05-04T22:12:15.906250Z,2026-05-04T22:13:17.330312500Z,1.031074404716492,0.1387440711259842,-1.071450471878052,1.4934424860106867,3.4655848185204956,3478.5703124999995,-815.0234375000073,-3751.2578125000005,5181.19591846292,2.714775392642027
7.40625,2026-05-04T22:12:15.914062Z,2026-05-04T22:13:17.338125Z,1.008735060691833,0.1825039684772491,-1.09088671207428,1.4969595651717296,3.493470949569896,3492.8281249999995,-615.6093750000074,-3732.703125000001,5165.452791653477,2.677933233963158
7.4140625,2026-05-04T22:12:15.921875Z,2026-05-04T22:13:17.345937500Z,0.9855677485466005,0.2372969388961792,-1.073541760444641,1.476531589774933,3.331502118928027,3507.0859374999995,-416.1953125000076,-3714.148437500001,5149.709664844035,2.641091075284291
7.421875,2026-05-04T22:12:15.929687Z,2026-05-04T22:13:17.353750Z,0.9649311900138856,0.2933002710342407,-1.032747030258179,1.4434970311564415,3.0695785202219916,3521.3437499999995,-216.78125000000776,-3695.593750000001,5133.966538034591,2.6042489166054223
7.4296875,2026-05-04T22:12:15.937500Z,2026-05-04T22:13:17.361562500Z,0.9425449967384338,0.3458742201328278,-0.9877851605415344,1.408452899608365,2.791721468925961,3535.6015624999995,-17.367187500007944,-3677.039062500001,5118.223411225148,2.567406757926553
7.4375,2026-05-04T22:12:15.945312Z,2026-05-04T22:13:17.369375Z,0.9223458766937256,0.3943359851837158,-0.9494353532791138,1.3811771340132173,2.5754580471969266,3549.8593749999995,182.0468749999919,-3658.484375000001,5102.480284415705,2.5305645992476844
7.4453125,2026-05-04T22:12:15.953125Z,2026-05-04T22:13:17.377187500Z,0.8988661170005798,0.4351009726524353,-0.915790855884552,1.3549708647851273,2.3676744220499466,3564.4765624999995,313.53906249999477,-3419.992187500011,4974.431668078255,2.2309044682701367
7.453125,2026-05-04T22:12:15.960937Z,2026-05-04T22:13:17.385000Z,0.8799636363983154,0.4688519537448883,-0.872904896736145,1.3251871998550566,2.1315264295421206,3579.1249999999995,439.12499999999466,-3162.375000000011,4836.6173569992325,1.9083906005709483
7.4609375,2026-05-04T22:12:15.968750Z,2026-05-04T22:13:17.392812500Z,0.8643573522567749,0.4954648017883301,-0.8105058073997498,1.284335885210801,1.8076255272456219,3593.7734374999995,564.7109374999945,-2904.7578125000114,4698.803045920211,1.5858767328717622
7.46875,2026-05-04T22:12:15.976562Z,2026-05-04T22:13:17.400625Z,0.850453794002533,0.517329216003418,-0.7285012006759644,1.2335376657606916,1.4048578499204631,3608.4218749999995,690.2968749999944,-2647.1406250000114,4560.988734841189,1.2633628651725761
7.4765625,2026-05-04T22:12:15.984375Z,2026-05-04T22:13:17.408437500Z,0.8374876379966736,0.5318692922592163,-0.6281213760375977,1.1742261072216595,0.9345898182867362,3623.0703124999995,815.8828124999943,-2389.523437500012,4423.174423762168,0.94084899747339
7.484375,2026-05-04T22:12:15.992187Z,2026-05-04T22:13:17.416250Z,0.8330510258674622,0.5392557382583618,-0.5095507502555847,1.1155324872138108,0.469221282533546,3638.812499999999,796.6250000000026,-2033.9375000000175,4297.865495245609,0.6476003001741433
7.4921875,2026-05-04T22:12:16.000000Z,2026-05-04T22:13:17.424062500Z,0.8347538113594055,0.534879744052887,-0.3820615112781525,1.0624882420889568,0.04864537188796572,3654.828124999999,741.1562500000026,-1653.859375000018,4175.682912369668,0.36166789547488615
7.5,2026-05-04T22:12:16.007812Z,2026-05-04T22:13:17.431875Z,0.8378313183784485,0.5178412795066833,-0.2576630711555481,1.0180919246581799,-0.3033630616152268,3670.843749999999,685.6875000000026,-1273.7812500000182,4053.500329493726,0.07573549077562693
7.5078125,2026-05-04T22:12:16.015625Z,2026-05-04T22:13:17.439687500Z,0.8455172777175903,0.4911819100379944,-0.1469345986843109,0.9888118688395972,-0.5355180505432124,3686.859374999999,630.2187500000027,-893.7031250000185,3931.3177466177845,-0.21019691392363127
7.515625,2026-05-04T22:12:16.023437Z,2026-05-04T22:13:17.447500Z,0.8550153970718384,0.4522169828414917,-0.0498761311173439,0.9685242161429986,-0.6963742939990231,3702.874999999999,574.7500000000027,-513.6250000000189,3809.135163741843,-0.49612931862288945
7.5234375,2026-05-04T22:12:16.031250Z,2026-05-04T22:13:17.455312500Z,0.8703561425209045,0.4011017084121704,0.0448758229613304,0.9593832575157268,-0.7688509027204663,3723.140624999999,427.7734375000096,-105.52343750002134,3831.1737230571107,-0.444554551476904
7.53125,2026-05-04T22:12:16.039062Z,2026-05-04T22:13:17.463125Z,0.8924455046653748,0.3470070064067841,0.1518830955028534,0.9695057070447611,-0.6885922729932092,3745.4062499999986,237.7343750000098,315.7656249999783,3921.0810551682566,-0.23415287993312187
7.5390625,2026-05-04T22:12:16.046875Z,2026-05-04T22:13:17.470937500Z,0.9125196933746338,0.2970245182514191,0.2728217542171478,0.9976710203334289,-0.46527582731436984,3767.6718749999986,47.69531250000996,737.0546874999778,4010.988387279403,-0.023751208389338686
7.546875,2026-05-04T22:12:16.054687Z,2026-05-04T22:13:17.478750Z,0.9298287630081176,0.2538698315620422,0.4045395851135254,1.0453151179516964,-0.08751647386283173,3789.9374999999986,-142.34374999998985,1158.3437499999775,4100.895719390549,0.18665046315444345
7.5546875,2026-05-04T22:12:16.062500Z,2026-05-04T22:13:17.486562500Z,0.9498872756958008,0.2143462747335434,0.5392559170722961,1.1131159445980554,0.4500610586705623,3812.2031249999986,-332.3828124999897,1579.632812499977,4190.803051501695,0.39705213469822664
7.5625,2026-05-04T22:12:16.070312Z,2026-05-04T22:13:17.494375Z,0.9689616560935974,0.1753968745470047,0.6545820236206055,1.1824247884021002,0.9995953206827153,3832.609374999999,-476.3749999999954,1957.2812499999854,4353.686936381478,0.7782339676090771
7.5703125,2026-05-04T22:12:16.078125Z,2026-05-04T22:13:17.502187500Z,0.9844898581504822,0.1369285136461258,0.7405845522880554,1.2395302246166462,1.45237150370153,3851.5546874999995,-584.1874999999977,2300.6406249999927,4573.909541293773,1.2936002130226552
7.578125,2026-05-04T22:12:16.085937Z,2026-05-04T22:13:17.510000Z,0.9973466396331788,0.1031619980931282,0.8038601875305176,1.2851201961430532,1.8138441525420093,3870.5,-692.0,2644.0,4794.132146206069,1.8089664584362333
7.5859375,2026-05-04T22:12:16.093750Z,2026-05-04T22:13:17.517812500Z,1.006360530853271,0.0783957615494728,0.8576175570487976,1.3245434261082372,2.1264220920370622,3889.4453125000005,-799.8125000000023,2987.3593750000073,5014.354751118363,2.324332703849809
7.59375,2026-05-04T22:12:16.101562Z,2026-05-04T22:13:17.525625Z,1.009875535964966,0.0679678693413734,0.9159879088401794,1.3651014901994423,2.447997876536028,3908.390625000001,-907.6250000000047,3330.7187500000146,5234.577356030659,2.8396989492633873
7.6015625,2026-05-04T22:12:16.109375Z,2026-05-04T22:13:17.533437500Z,1.008453845977783,0.0743921995162963,0.9841687679290771,1.4110639682818396,2.8124240462276067,3927.507812500001,-920.6484374999942,3565.453125000005,5387.033389939669,3.1964774635200093
7.609375,2026-05-04T22:12:16.117187Z,2026-05-04T22:13:17.541250Z,1.001424074172974,0.0958221331238746,1.050796389579773,1.454718223534542,3.1585488353210294,3946.843750000001,-813.0312499999943,3661.937500000005,5453.24106075361,3.351417047213281
7.6171875,2026-05-04T22:12:16.125000Z,2026-05-04T22:13:17.549062500Z,0.9903168082237244,0.1255385130643845,1.105445623397827,1.4894620925697477,3.4340251725643647,3966.179687500001,-705.4140624999943,3758.421875000005,5519.448731567551,3.506356630906551
7.625,2026-05-04T22:12:16.132812Z,2026-05-04T22:13:17.556875Z,0.9794908165931702,0.1599102169275284,1.138921022415161,1.5106669495846397,3.6021537231386254,3985.515625000001,-597.7968749999944,3854.906250000005,5585.656402381492,3.661296214599823
7.6328125,2026-05-04T22:12:16.140625Z,2026-05-04T22:13:17.564687500Z,0.9665558934211732,0.198176845908165,1.145517587661743,1.5118580955247387,3.6115980518738118,4004.851562500001,-490.17968749999454,3951.390625000005,5651.864073195432,3.816235798293093
7.640625,2026-05-04T22:12:16.148437Z,2026-05-04T22:13:17.572500Z,0.9466223120689392,0.2392676919698715,1.12671172618866,1.4909131913221385,3.445530608786276,4017.25,-353.2499999999901,3973.999999999993,5668.546287603274,3.8552756153362977
7.6484375,2026-05-04T22:12:16.156250Z,2026-05-04T22:13:17.580312500Z,0.9212835431098938,0.2876983880996704,1.09109902381897,1.4567191936330686,3.174414077994981,4014.90625,-154.03124999999025,3839.6249999999936,5579.986907148182,3.6480284282481685
7.65625,2026-05-04T22:12:16.164062Z,2026-05-04T22:13:17.588125Z,0.8963978886604309,0.3393568098545074,1.053333640098572,1.4241502647378241,2.916182352826166,4012.5625,45.18750000000957,3705.2499999999936,5491.42752669309,3.440781241160041
7.6640625,2026-05-04T22:12:16.171875Z,2026-05-04T22:13:17.595937500Z,0.8757144808769226,0.389944463968277,1.020565629005432,1.4001738249604219,2.7260785447752713,4010.21875,244.4062500000094,3570.8749999999936,5402.868146237997,3.233534054071912
7.671875,2026-05-04T22:12:16.179687Z,2026-05-04T22:13:17.603750Z,0.8568119406700134,0.4401442110538483,0.9845531582832336,1.3773883075169542,2.5454172925364866,4007.875,443.6250000000092,3436.4999999999936,5314.3087657829055,3.0262868669837846
7.6796875,2026-05-04T22:12:16.187500Z,2026-05-04T22:13:17.611562500Z,0.8392216563224792,0.4861386716365814,0.9375770092010498,1.3489530920990584,2.319960853470654,4001.156249999999,616.9062500000032,3264.3124999999854,5207.957862856267,2.7774038535462044
7.6875,2026-05-04T22:12:16.195312Z,2026-05-04T22:13:17.619375Z,0.8230373859405518,0.5228534936904907,0.8720256090164185,1.3081265142564247,1.9962560837205614,3976.937499999999,686.4375000000031,2940.8749999999854,5030.440870043466,2.3619775347108742
7.6953125,2026-05-04T22:12:16.203125Z,2026-05-04T22:13:17.627187500Z,0.8111491203308105,0.5454162359237671,0.7867919206619263,1.2547841616156865,1.5733165455095754,3952.718749999999,755.9687500000031,2617.437499999986,4852.923877230665,1.946551215875544
7.703125,2026-05-04T22:12:16.210937Z,2026-05-04T22:13:17.635000Z,0.8060094714164734,0.5546647906303406,0.6813838481903076,1.1923037559920269,1.0779234367788535,3928.499999999999,825.500000000003,2293.9999999999864,4675.406884417864,1.5311248970402118
7.7109375,2026-05-04T22:12:16.218750Z,2026-05-04T22:13:17.642812500Z,0.8048065900802612,0.5512819290161133,0.5600453615188599,1.1248449758322856,0.5430579140450856,3904.281249999999,895.031250000003,1970.5624999999866,4497.889891605063,1.1156985782048816
7.71875,2026-05-04T22:12:16.226562Z,2026-05-04T22:13:17.650625Z,0.808696448802948,0.53618323802948,0.436031311750412,1.0637695783754404,0.05880479963102504,3879.3124999999986,947.7187499999942,1640.2499999999832,4325.308257518284,0.7118220151151621
7.7265625,2026-05-04T22:12:16.234375Z,2026-05-04T22:13:17.658437500Z,0.8237403631210327,0.5119600892066956,0.3235806524753571,1.0224264068536553,-0.2689959254207492,3845.7187499999986,806.7031249999943,1230.8749999999836,4209.483248780734,0.4407676430999065
7.734375,2026-05-04T22:12:16.242187Z,2026-05-04T22:13:17.666250Z,0.8392216563224792,0.4808005690574646,0.2212017923593521,0.9921655147149679,-0.5089277453235423,3812.1249999999986,665.6874999999944,821.499999999984,4093.658240043185,0.16971327108465195
7.7421875,2026-05-04T22:12:16.250000Z,2026-05-04T22:13:17.674062500Z,0.859373927116394,0.4455443620681763,0.1234513595700264,0.9758450508958271,-0.6383290388425121,3778.5312499999986,524.6718749999945,412.1249999999843,3977.8332313056353,-0.10134110093060258
7.75,2026-05-04T22:12:16.257812Z,2026-05-04T22:13:17.681875Z,0.8793855905532837,0.4044069647789001,0.0196424629539251,0.9681166439976778,-0.6996058420353569,3744.9374999999986,383.6562499999947,2.7499999999846367,3862.0082225680853,-0.3723954729458582
7.7578125,2026-05-04T22:12:16.265625Z,2026-05-04T22:13:17.689687500Z,0.9031308889389038,0.3535555005073547,-0.0972982347011566,0.9747378319171479,-0.6471079295430202,3711.3437499999986,242.6406249999948,-406.625000000015,3746.1832138305354,-0.6434498449611138
7.765625,2026-05-04T22:12:16.273437Z,2026-05-04T22:13:17.697500Z,0.9296881556510924,0.2977538704872131,-0.2234188914299011,1.0014456726132537,-0.43534745683382026,3680.562499999999,48.93749999999304,-760.8750000000125,3839.0585681871175,-0.426102390165228
7.7734375,2026-05-04T22:12:16.281250Z,2026-05-04T22:13:17.705312500Z,0.9555892944335938,0.2426815778017044,-0.3536605536937714,1.0474354562832993,-0.07070478726814848,3649.898437499999,-146.9609375000068,-1112.8281250000123,3940.6297710059466,-0.18840485925223152
7.78125,2026-05-04T22:12:16.289062Z,2026-05-04T22:13:17.713125Z,0.9772881269454956,0.1928387582302094,-0.4733844399452209,1.1028924234605362,0.3690010548511881,3619.234374999999,-342.8593750000066,-1464.781250000012,4042.2009738247757,0.04929267166076499
7.7890625,2026-05-04T22:12:16.296875Z,2026-05-04T22:13:17.720937500Z,0.9982996582984924,0.1537962406873703,-0.5700585246086121,1.1598371492961423,0.8205030013564333,3588.570312499999,-538.7578125000065,-1816.7343750000116,4143.772176643605,0.28699020257376257
7.796875,2026-05-04T22:12:16.304687Z,2026-05-04T22:13:17.728750Z,1.016858458518982,0.1261592209339142,-0.6438979506492615,1.2101743033706223,1.2196149948318897,3557.906249999999,-734.6562500000063,-2168.6875000000114,4245.343379462434,0.524687733486759
7.8046875,2026-05-04T22:12:16.312500Z,2026-05-04T22:13:17.736562500Z,1.028777956962585,0.1076310947537422,-0.7046056389808655,1.251574066435396,1.5478644215226687,3543.8124999999995,-798.3203125000013,-2422.2031250000073,4381.108733136439,0.8424066189212656
7.8125,2026-05-04T22:12:16.320312Z,2026-05-04T22:13:17.744375Z,1.037276387214661,0.0984446182847023,-0.7626531720161438,1.2912294556462867,1.8622830995549189,3532.8749999999995,-836.7968750000011,-2656.9687500000073,4523.387258401903,1.175367667121768
7.8203125,2026-05-04T22:12:16.328125Z,2026-05-04T22:13:17.752187500Z,1.042540907859802,0.0943013951182365,-0.8242219090461731,1.332338565468291,2.188228001938262,3521.9374999999995,-875.2734375000011,-2891.734375000007,4665.665783667368,1.5083287153222729
7.828125,2026-05-04T22:12:16.335937Z,2026-05-04T22:13:17.760000Z,1.044243693351746,0.0946272686123848,-0.8862058520317078,1.3728656246134145,2.5095579551806586,3510.9999999999995,-913.7500000000011,-3126.500000000007,4807.944308932832,1.8412897635227774
7.8359375,2026-05-04T22:12:16.343750Z,2026-05-04T22:13:17.767812500Z,1.042697191238403,0.1032706201076508,-0.9418699741363524,1.408900742342585,2.7952723134205386,3500.0624999999995,-952.226562500001,-3361.2656250000064,4950.222834198296,2.17425081172328
7.84375,2026-05-04T22:12:16.351562Z,2026-05-04T22:13:17.775625Z,1.037760615348816,0.1223729029297829,-0.982649266719818,1.4344064289892215,2.9975011765667836,3501.078125,-854.437499999996,-3448.234375000001,4995.262554573712,2.2796530323245645
7.8515625,2026-05-04T22:12:16.359375Z,2026-05-04T22:13:17.783437500Z,1.023154139518738,0.1561394035816193,-1.006529569625854,1.4437193913972202,3.0713415646490874,3506.7421875,-703.6562499999961,-3477.726562500001,5002.487184158557,2.296560153303941
7.859375,2026-05-04T22:12:16.367187Z,2026-05-04T22:13:17.791250Z,1.001549005508423,0.2007062286138535,-1.008174896240234,1.4352003421293886,3.0037959356139403,3512.40625,-552.8749999999962,-3507.218750000001,5009.711813743404,2.3134672742833198
7.8671875,2026-05-04T22:12:16.375000Z,2026-05-04T22:13:17.799062500Z,0.9836618900299072,0.2502697110176086,-0.9835718274116516,1.4133786406437385,2.8307765637186266,3518.0703125,-402.0937499999964,-3536.710937500001,5016.936443328249,2.3303743952626963
7.875,2026-05-04T22:12:16.382812Z,2026-05-04T22:13:17.806875Z,0.9616506099700928,0.3013384640216827,-0.9462523460388184,1.3823784821599208,2.584983266937785,3523.734375,-251.31249999999656,-3566.203125000001,5024.161072913094,2.347281516242073
7.8828125,2026-05-04T22:12:16.390625Z,2026-05-04T22:13:17.814687500Z,0.9387957453727722,0.3518330156803131,-0.9048117995262146,1.3504844741849458,2.3321028382194693,3535.4921875000005,-88.5781249999962,-3463.156249999996,4964.981613285915,2.208789394028687
7.890625,2026-05-04T22:12:16.398437Z,2026-05-04T22:13:17.822500Z,0.9156440496444702,0.4002482295036316,-0.8645860552787781,1.3214052057762733,2.101539847585934,3551.3125000000005,82.12500000000365,-3271.749999999996,4861.532760850722,1.9666977763534668
7.8984375,2026-05-04T22:12:16.406250Z,2026-05-04T22:13:17.830312500Z,0.8940233588218689,0.440314918756485,-0.8227611184120178,1.2923199494588251,1.87092938016806,3567.1328125000005,252.82812500000352,-3080.343749999996,4758.08390841553,1.7246061586782462
7.90625,2026-05-04T22:12:16.414062Z,2026-05-04T22:13:17.838125Z,0.8767299056053162,0.4710709750652313,-0.7694343328475952,1.258011281148241,1.5989036517634498,3582.9531250000005,423.53125000000335,-2888.9374999999964,4654.635055980337,1.4825145410030258
7.9140625,2026-05-04T22:12:16.421875Z,2026-05-04T22:13:17.845937500Z,0.8638261556625366,0.4965510368347168,-0.6999772191047668,1.2176726434694967,1.2790676500255205,3598.7734375000005,594.2343750000032,-2697.5312499999964,4551.186203545144,1.2404229233278055
7.921875,2026-05-04T22:12:16.429687Z,2026-05-04T22:13:17.853750Z,0.8494383692741394,0.5163671374320984,-0.612636923789978,1.1676919817339573,0.882782204269523,3617.3125000000005,692.1875000000003,-2439.374999999994,4441.830298135841,0.9845075852677557
7.9296875,2026-05-04T22:12:16.437500Z,2026-05-04T22:13:17.861562500Z,0.8395809531211853,0.5316365361213684,-0.5075671076774597,1.1158664580401487,0.4718692622358777,3638.7968750000005,711.3281250000003,-2108.9062499999945,4326.075085337918,0.7136165501241386
7.9375,2026-05-04T22:12:16.445312Z,2026-05-04T22:13:17.869375Z,0.8346444368362427,0.5385574102401733,-0.3902727365493774,1.0672339148284367,0.08627274558957528,3660.2812500000005,730.4687500000003,-1778.4374999999948,4210.319872539995,0.44272551498052376
7.9453125,2026-05-04T22:12:16.453125Z,2026-05-04T22:13:17.877187500Z,0.8359410762786865,0.53165203332901,-0.2725170850753784,1.027480865617857,-0.22892025665458943,3681.7656250000005,749.6093750000003,-1447.968749999995,4094.5646597420723,0.1718344798369078
7.953125,2026-05-04T22:12:16.460937Z,2026-05-04T22:13:17.885000Z,0.840377688407898,0.510998010635376,-0.1646794527769089,0.9972326449801049,-0.46875160707134184,3703.2500000000005,768.7500000000002,-1117.4999999999952,3978.8094469441494,-0.09905655530670815
7.9609375,2026-05-04T22:12:16.468750Z,2026-05-04T22:13:17.892812500Z,0.8496883511543274,0.4798539876937866,-0.0685589611530304,0.9782282324423943,-0.6194333274072366,3722.5546875,722.3593749999978,-758.6249999999945,3909.9138918346544,-0.26028634176121535
7.96875,2026-05-04T22:12:16.476562Z,2026-05-04T22:13:17.900625Z,0.8611860871315002,0.4389183223247528,0.0224256664514541,0.9668472893156558,-0.7096702703266272,3737.984375,559.468749999998,-349.2499999999949,3924.324394837915,-0.22656279721287428
7.9765625,2026-05-04T22:12:16.484375Z,2026-05-04T22:13:17.908437500Z,0.878229558467865,0.3916824460029602,0.1239126697182655,0.9695651837758155,-0.6881206953457846,3753.4140625,396.5781249999981,60.12500000000478,3938.734897841176,-0.1928392526645322
7.984375,2026-05-04T22:12:16.492187Z,2026-05-04T22:13:17.916250Z,0.8980225324630737,0.3448966145515442,0.2374704629182816,0.9908533515607301,-0.5193315923800932,3768.84375,233.68749999999827,469.50000000000443,3953.1454008444366,-0.15911570811619113
7.9921875,2026-05-04T22:12:16.500000Z,2026-05-04T22:13:17.924062500Z,0.9155972003936768,0.3007798194885254,0.3558412194252014,1.0273313519124698,-0.23010571725732124,3784.2734375,70.7968749999984,878.8750000000041,3967.5559038476977,-0.12539216356784905
8.0,2026-05-04T22:12:16.507812Z,2026-05-04T22:13:17.931875Z,0.9331718683242798,0.2577182054519653,0.4740735590457916,1.0779490473299524,0.17123062554254137,3800.3125,-90.59375000000055,1271.9843750000011,4023.9650779117633,0.006616919949514078
8.0078125,2026-05-04T22:12:16.515625Z,2026-05-04T22:13:17.939687500Z,0.9541364312171936,0.2144859433174133,0.582879900932312,1.138476845687915,0.6511419496428903,3818.2812499999995,-247.23437499999696,1613.5859374999934,4213.370043668371,0.44986354353543095
8.015625,2026-05-04T22:12:16.523437Z,2026-05-04T22:13:17.947500Z,0.9735857248306274,0.1723398864269257,0.6726344227790833,1.195829112689173,1.1058751985536286,3836.249999999999,-403.87499999999335,1955.1874999999854,4402.775009424979,0.8931101671213467
8.0234375,2026-05-04T22:12:16.531250Z,2026-05-04T22:13:17.955312500Z,0.9879578948020936,0.1357491612434387,0.7429064512252808,1.2435427744763035,1.4841861106822487,3854.2187499999986,-560.5156249999898,2296.7890624999777,4592.179975181586,1.3363567907072627
8.03125,2026-05-04T22:12:16.539062Z,2026-05-04T22:13:17.963125Z,0.9987370371818542,0.1070879772305489,0.802537739276886,1.2856944921985838,1.8183976170312566,3872.187499999998,-717.1562499999861,2638.3906249999695,4781.5849409381935,1.7796034142931785
8.0390625,2026-05-04T22:12:16.546875Z,2026-05-04T22:13:17.970937500Z,1.004439115524292,0.088652953505516,0.8587554097175598,1.3244690017813354,2.125831998258044,3890.3437499999977,-851.2734375000033,2957.820312499983,4961.493026789261,2.200625383230173
8.046875,2026-05-04T22:12:16.554687Z,2026-05-04T22:13:17.978750Z,1.007891535758972,0.0827251970767974,0.9167413711547852,1.364955511243033,2.4468404421643553,3909.874999999998,-820.2187500000026,3114.656249999987,5071.7573266662985,2.458666551408239
8.0546875,2026-05-04T22:12:16.562500Z,2026-05-04T22:13:17.986562500Z,1.006860494613647,0.0908099114894866,0.9731435775756836,1.4032187706181694,2.75022123527561,3929.4062499999986,-789.1640625000019,3271.49218749999,5182.0216265433355,2.716707719586305
8.0625,2026-05-04T22:12:16.570312Z,2026-05-04T22:13:17.994375Z,1.000455498695374,0.1103932410478592,1.021580457687378,1.4341284824127902,2.9952974005639716,3948.937499999999,-758.1093750000014,3428.328124999993,5292.285926420373,2.9747488877643713
8.0703125,2026-05-04T22:12:16.578125Z,2026-05-04T22:13:18.002187500Z,0.9897856712341307,0.1385733783245087,1.057177782058716,1.454820648409711,3.1593609391608637,3968.4687499999995,-727.0546875000007,3585.164062499997,5402.5502262974105,3.232790055942439
8.078125,2026-05-04T22:12:16.585937Z,2026-05-04T22:13:18.010000Z,0.9762883186340332,0.1735813021659851,1.074322938919067,1.4619983333268913,3.216271191409051,3988.0,-696.0,3742.0,5512.814526174448,3.4908312241205053
8.0859375,2026-05-04T22:12:16.593750Z,2026-05-04T22:13:18.017812500Z,0.9599946737289428,0.2106685787439346,1.070571064949036,1.4533043138875086,3.1473382631661813,3991.7109375,-520.4140624999962,3682.8203124999986,5468.1856012308135,3.3863903494237184
8.09375,2026-05-04T22:12:16.601562Z,2026-05-04T22:13:18.025625Z,0.9425918459892272,0.2522249519824982,1.046460151672363,1.4307954653150454,2.9688706562907368,3995.421875,-344.8281249999925,3623.6406249999973,5423.55667628718,3.2819494747269338
8.1015625,2026-05-04T22:12:16.609375Z,2026-05-04T22:13:18.033437500Z,0.917643666267395,0.2991194128990173,1.006772637367249,1.3946804167138525,2.682522544111849,3999.1328125000005,-169.24218749998875,3564.4609374999964,5378.927751343546,3.177508600030147
8.109375,2026-05-04T22:12:16.617187Z,2026-05-04T22:13:18.041250Z,0.8971320986747742,0.349288135766983,0.967700183391571,1.3650244866654442,2.4473873328030002,4002.8437500000005,6.343750000015007,3505.281249999995,5334.298826399912,3.07306772533336
8.1171875,2026-05-04T22:12:16.625000Z,2026-05-04T22:13:18.049062500Z,0.8766517639160156,0.3976722955703735,0.9323180913925172,1.3401039487215378,2.249797982349123,4006.5546875000005,181.92968750001876,3446.1015624999936,5289.669901456279,2.968626850636575
8.125,2026-05-04T22:12:16.632812Z,2026-05-04T22:13:18.056875Z,0.8589052557945251,0.4453116059303284,0.8931226134300232,1.3166961181031034,2.064202548661393,3992.9062499999986,327.9531250000126,3193.562499999975,5150.743963024543,2.643511546017251
8.1328125,2026-05-04T22:12:16.640625Z,2026-05-04T22:13:18.064687500Z,0.8398777842521667,0.4885594248771667,0.8374277949333191,1.2827198898604162,1.7948126629191068,3976.890624999999,469.9453125000094,2914.656249999982,4998.95934093535,2.288304273681247
8.140625,2026-05-04T22:12:16.648437Z,2026-05-04T22:13:18.072500Z,0.8240840435028076,0.5211000442504883,0.7616969347000122,1.2372719940276644,1.4344665003562431,3960.874999999999,611.9375000000061,2635.749999999988,4847.174718846159,1.9330970013452455
8.1484375,2026-05-04T22:12:16.656250Z,2026-05-04T22:13:18.080312500Z,0.8166948556900024,0.5379832983016968,0.669205367565155,1.1850115360367175,1.0201050619275713,3944.8593749999995,753.9296875000028,2356.8437499999945,4695.390096756966,1.5778897290092415
8.15625,2026-05-04T22:12:16.664062Z,2026-05-04T22:13:18.088125Z,0.8157106637954712,0.5417075157165527,0.5634589791297913,1.1297419797349455,0.5818851585642302,3928.84375,895.9218749999995,2077.937500000001,4543.605474667775,1.2226824566732397
8.1640625,2026-05-04T22:12:16.671875Z,2026-05-04T22:13:18.095937500Z,0.8151951432228088,0.5366798043251038,0.4478868544101715,1.0738579832817399,0.13879349718796696,3900.953125,876.5624999999995,1731.3437499999973,4403.399564577611,0.8945717547916687
8.171875,2026-05-04T22:12:16.679687Z,2026-05-04T22:13:18.103750Z,0.8199285864830017,0.5243431925773621,0.3377734422683716,1.0301988006380414,-0.2073703600824164,3869.312499999999,806.2499999999981,1363.3749999999895,4266.850089855562,0.5750178646325497
8.1796875,2026-05-04T22:12:16.687500Z,2026-05-04T22:13:18.111562500Z,0.8321292996406555,0.5018425583839417,0.2374550849199295,1.000334964939304,-0.4441540086158818,3837.6718749999986,735.9374999999965,995.4062499999817,4130.300615133513,0.25546397447343067
8.1875,2026-05-04T22:12:16.695312Z,2026-05-04T22:13:18.119375Z,0.8502663373947144,0.4706209599971771,0.1430414170026779,0.9822921049633967,-0.5872117945671493,3806.0312499999977,665.624999999995,627.4374999999739,3993.7511404114634,-0.0640899156856894
8.1953125,2026-05-04T22:12:16.703125Z,2026-05-04T22:13:18.127187500Z,0.869949996471405,0.4337509274482727,0.0434919074177742,0.9730593041709588,-0.6604165991967355,3774.3906249999973,595.3124999999935,259.468749999966,3857.2016656894143,-0.3836438058448084
8.203125,2026-05-04T22:12:16.710937Z,2026-05-04T22:13:18.135000Z,0.8908364772796631,0.3901927471160889,-0.0649761632084846,0.9747111936052316,-0.6473191387376442,3743.9999999999973,444.37499999998323,-99.50000000003017,3833.0961758687727,-0.4400556160114663
8.2109375,2026-05-04T22:12:16.718750Z,2026-05-04T22:13:18.142812500Z,0.9137538075447084,0.3405050933361053,-0.1793796867132187,0.9914972573817914,-0.5142262076880229,3714.312499999998,248.08593749998778,-453.406250000022,3872.2404275551457,-0.3484500061824279
8.21875,2026-05-04T22:12:16.726562Z,2026-05-04T22:13:18.150625Z,0.938998818397522,0.2881639301776886,-0.2937985956668854,1.0252194137955193,-0.24685080043595622,3684.6249999999986,51.79687499999229,-807.3125000000138,3911.384679241519,-0.2568443963533895
8.2265625,2026-05-04T22:12:16.734375Z,2026-05-04T22:13:18.158437500Z,0.9619786739349364,0.2392211407423019,-0.4044655561447144,1.070617629871244,0.11310146248702879,3654.9374999999995,-144.49218750000318,-1161.2187500000057,3950.528930927892,-0.16523878652435112
8.234375,2026-05-04T22:12:16.742187Z,2026-05-04T22:13:18.166250Z,0.981256067752838,0.1975561380386353,-0.5044917464256287,1.1208942057081406,0.5117331447170912,3625.25,-340.7812499999987,-1515.1249999999975,3989.673182614265,-0.07363317669531272
8.2421875,2026-05-04T22:12:16.750000Z,2026-05-04T22:13:18.174062500Z,1.000002503395081,0.1628275364637375,-0.5870806574821472,1.1709745991339646,0.9088093406546204,3602.5703125,-486.99999999999926,-1823.2265624999982,4084.407409765562,0.14806442323347252
8.25,2026-05-04T22:12:16.757812Z,2026-05-04T22:13:18.181875Z,1.017780184745789,0.1359198540449142,-0.6527396440505981,1.2167250117015203,1.2715540904897922,3586.3593749999995,-587.0000000000014,-2089.0468750000036,4230.455460422947,0.48984693710049526
8.2578125,2026-05-04T22:12:16.765625Z,2026-05-04T22:13:18.189687500Z,1.030137062072754,0.1178882867097855,-0.7079885601997375,1.255518942976549,1.5791424619542858,3570.1484374999995,-687.0000000000035,-2354.8671875000095,4376.503511080331,0.831629450967516
8.265625,2026-05-04T22:12:16.773437Z,2026-05-04T22:13:18.197500Z,1.036089062690735,0.1090432032942772,-0.7610693573951721,1.2901928277501558,1.8540639096995506,3553.937499999999,-787.0000000000057,-2620.687500000015,4522.551561737716,1.1734119648345387
8.2734375,2026-05-04T22:12:16.781250Z,2026-05-04T22:13:18.205312500Z,1.038135528564453,0.1073983311653137,-0.8153648972511292,1.3244167368597524,2.1254176014287958,3537.7265624999986,-887.0000000000078,-2886.507812500021,4668.5996123951,1.5151944787015592
8.28125,2026-05-04T22:12:16.789062Z,2026-05-04T22:13:18.213125Z,1.037869930267334,0.1109053269028664,-0.8659238219261169,1.356207229396631,2.3774772794786685,3528.0,-914.7343749999934,-3072.4062500000055,4768.8404112776825,1.7497785904368113
8.2890625,2026-05-04T22:12:16.796875Z,2026-05-04T22:13:18.220937500Z,1.037620067596436,0.1203400865197182,-0.906933844089508,1.3833532226649048,2.592711765563071,3528.0,-834.0703124999952,-3138.421875000004,4800.370332498088,1.8235650989744685
8.296875,2026-05-04T22:12:16.804687Z,2026-05-04T22:13:18.228750Z,1.03215229511261,0.1406527459621429,-0.9340277910232544,1.3991173895198,2.71770230534662,3528.0,-753.4062499999972,-3204.4375000000023,4831.900253718493,1.897351607512126
8.3046875,2026-05-04T22:12:16.812500Z,2026-05-04T22:13:18.236562500Z,1.014421463012695,0.1762192994356155,-0.9459601640701294,1.398193397968243,2.710376183779424,3528.0,-672.742187499999,-3270.453125000001,4863.430174938898,1.9711381160497812
8.3125,2026-05-04T22:12:16.820312Z,2026-05-04T22:13:18.244375Z,0.9934255480766296,0.2211430221796036,-0.9341200590133668,1.3814408566714742,2.5775490449459415,3528.0,-592.0781250000009,-3336.468749999999,4894.960096159303,2.0449246245874386
8.3203125,2026-05-04T22:12:16.828125Z,2026-05-04T22:13:18.252187500Z,0.9751635193824768,0.2684564590454102,-0.9009829759597778,1.354541650488074,2.3642712782513993,3531.9921874999995,-482.4843750000039,-3350.3125000000027,4898.113345542353,2.0523038774849436
8.328125,2026-05-04T22:12:16.835937Z,2026-05-04T22:13:18.260000Z,0.9544801115989684,0.316111296415329,-0.8596655130386353,1.3228693924448245,2.1131490549567165,3546.25,-298.5,-3230.0,4828.298010200763,1.888921615879172
8.3359375,2026-05-04T22:12:16.843750Z,2026-05-04T22:13:18.267812500Z,0.93248450756073,0.3629436790943146,-0.8191937208175659,1.2931874664031593,1.8778077272536868,3560.5078125000005,-114.51562499999608,-3109.6874999999973,4758.482674859174,1.7255393542734025
8.34375,2026-05-04T22:12:16.851562Z,2026-05-04T22:13:18.275625Z,0.9109106063842772,0.40560182929039,-0.7792600989341736,1.2655106789505888,1.6583646932504568,3574.7656250000005,69.46875000000784,-2989.374999999995,4688.667339517584,1.562157092667631
8.3515625,2026-05-04T22:12:16.859375Z,2026-05-04T22:13:18.283437500Z,0.8913676142692566,0.4401442110538483,-0.7318994998931885,1.2344796588993194,1.4123267020300139,3589.023437500001,253.45312500001177,-2869.0624999999923,4618.852004175995,1.3987748310618613
8.359375,2026-05-04T22:12:16.867187Z,2026-05-04T22:13:18.291250Z,0.8778234124183655,0.4687898755073547,-0.6680088043212891,1.198571505342415,1.1276190142073392,3603.8750000000014,420.7187500000062,-2722.2187499999777,4542.701755375135,1.2205675674276915
8.3671875,2026-05-04T22:12:16.875000Z,2026-05-04T22:13:18.299062500Z,0.8640761375427246,0.4932147264480591,-0.5894486904144287,1.1564333515111334,0.7935150529048338,3621.843750000001,500.2109375000044,-2436.085937499984,4433.293210913128,0.9645290431444795
8.375,2026-05-04T22:12:16.882812Z,2026-05-04T22:13:18.306875Z,0.849047839641571,0.5132790803909302,-0.4994634985923767,1.1107661476625559,0.4314300463212726,3639.8125000000005,579.7031250000025,-2149.953124999991,4323.884666451122,0.7084905188612697
8.3828125,2026-05-04T22:12:16.890625Z,2026-05-04T22:13:18.314687500Z,0.8419867753982544,0.5257553458213806,-0.3960544168949127,1.0687467028006585,0.09826730178569658,3657.78125,659.1953125000007,-1863.8203124999975,4214.476121989115,0.4524519945780577
8.390625,2026-05-04T22:12:16.898437Z,2026-05-04T22:13:18.322500Z,0.8405495285987854,0.5255225896835327,-0.2870942950248718,1.0320468189627616,-0.19271783768381287,3675.7499999999995,738.6874999999989,-1577.687500000004,4105.067577527108,0.19641347029484565
8.3984375,2026-05-04T22:12:16.906250Z,2026-05-04T22:13:18.330312500Z,0.8447986841201782,0.512829065322876,-0.1797641068696976,1.0044867351288316,-0.411235554895941,3693.7031249999995,810.8281250000038,-1288.0156250000134,3998.808155819729,-0.05225545825115662
8.40625,2026-05-04T22:12:16.914062Z,2026-05-04T22:13:18.338125Z,0.8498445749282837,0.4917560517787933,-0.0809219256043434,0.9851944853883507,-0.5641994717903471,3711.2812499999995,706.5312500000015,-913.4062500000053,3968.127680223485,-0.12405408910395305
8.4140625,2026-05-04T22:12:16.921875Z,2026-05-04T22:13:18.345937500Z,0.8568900227546692,0.4622258841991425,0.0097859222441911,0.9736575596144396,-0.655673166099547,3728.859375,602.2343749999993,-538.7968749999974,3937.4472046272413,-0.19585271995674947
8.421875,2026-05-04T22:12:16.929687Z,2026-05-04T22:13:18.353750Z,0.8680128455162048,0.4227333664894104,0.1028617992997169,0.9709430204083987,-0.6771961380237682,3746.4375000000005,497.93749999999704,-164.18749999998943,3906.7667290309973,-0.2676513508095459
8.4296875,2026-05-04T22:12:16.937500Z,2026-05-04T22:13:18.361562500Z,0.8872902989387512,0.3786320686340332,0.2039336264133453,0.9860198993788125,-0.5576549495734516,3764.015625000001,393.6406249999948,210.42187500001853,3876.0862534347534,-0.3394499816623423
8.4375,2026-05-04T22:12:16.945312Z,2026-05-04T22:13:18.369375Z,0.905989706516266,0.3346859812736511,0.309633880853653,1.0142510510455638,-0.3338164861761449,3781.5937500000014,289.3437499999926,585.0312500000265,3845.4057778385095,-0.4112486125151387
8.4453125,2026-05-04T22:12:16.953125Z,2026-05-04T22:13:18.377187500Z,0.9220178127288818,0.2934089004993439,0.4148574471473694,1.0527641385111945,-0.028454862224198747,3799.351562500001,125.57031249999129,926.7578125000174,3973.3280795626483,-0.11188408374440731
8.453125,2026-05-04T22:12:16.960937Z,2026-05-04T22:13:18.385000Z,0.9401704668998718,0.2518370151519775,0.5202808976173401,1.1036460489925588,0.3749763824983275,3817.1250000000005,-43.37500000000482,1265.6250000000095,4115.041927140719,0.219755502384858
8.4609375,2026-05-04T22:12:16.968750Z,2026-05-04T22:13:18.392812500Z,0.9597134590148926,0.2115065455436707,0.6153557896614075,1.1595032083146477,0.8178552582871633,3834.8984375,-212.3203125000009,1604.4921875000018,4256.755774718791,0.5513950885141264
8.46875,2026-05-04T22:12:16.976562Z,2026-05-04T22:13:18.400625Z,0.9759290218353271,0.1740468293428421,0.6919784545898438,1.2089515854993131,1.2099203393423443,3852.6718749999995,-381.26562499999704,1943.3593749999939,4398.469622296862,0.8830346746433928
8.4765625,2026-05-04T22:12:16.984375Z,2026-05-04T22:13:18.408437500Z,0.9863019585609436,0.1429183334112167,0.7505487203598022,1.2476139567670481,1.5164656010455082,3870.445312499999,-550.2109374999932,2282.226562499986,4540.1834698749335,1.2146742607726593
8.484375,2026-05-04T22:12:16.992187Z,2026-05-04T22:13:18.416250Z,0.9963781237602234,0.1184624433517456,0.802014946937561,1.284535204307016,1.8092058836104319,3887.4374999999995,-619.4687499999987,2522.031249999994,4685.155370873372,1.5539383628287995
8.4921875,2026-05-04T22:12:17.000000Z,2026-05-04T22:13:18.424062500Z,1.003329873085022,0.1032240688800812,0.8530352115631104,1.3209826322807907,2.098189357212116,3904.234375,-663.8046874999997,2737.0703124999986,4830.941785226902,1.8951085938666576
8.5,2026-05-04T22:12:17.007812Z,2026-05-04T22:13:18.431875Z,1.00523579120636,0.1012533232569695,0.9035941958427428,1.35544594217311,2.3714412039997628,3921.0312500000005,-708.1406250000007,2952.109375000003,4976.7281995804315,2.236278824904516
8.5078125,2026-05-04T22:12:17.015625Z,2026-05-04T22:13:18.439687500Z,1.001002192497253,0.1139623150229454,0.9495862722396852,1.3844518363076983,2.6014224264873236,3937.8281250000005,-752.4765625000016,3167.1484375000077,5122.514613933961,2.5774490559423744
8.515625,2026-05-04T22:12:17.023437Z,2026-05-04T22:13:18.447500Z,0.9928475618362428,0.1355008780956268,0.9864752888679504,1.406143756717628,2.7734127933703654,3954.625000000001,-796.8125000000025,3382.1875000000123,5268.301028287491,2.9186192869802325
8.5234375,2026-05-04T22:12:17.031250Z,2026-05-04T22:13:18.455312500Z,0.982427716255188,0.1625637412071228,1.008833169937134,1.4175103359013108,2.863535847810112,3962.7890625,-721.0859374999936,3448.2109375,5307.194800118836,3.0096387223677814
8.53125,2026-05-04T22:12:17.039062Z,2026-05-04T22:13:18.463125Z,0.9679930806159972,0.1957560777664185,1.010755181312561,1.4131373191070742,2.828863179433449,3966.890625,-588.8593749999967,3444.109375,5295.786151939755,2.9829401362728665
8.5390625,2026-05-04T22:12:17.046875Z,2026-05-04T22:13:18.470937500Z,0.9523867964744568,0.2319898903369904,0.9945019483566284,1.3963860657434881,2.6960462523330198,3970.9921875,-456.6328124999997,3440.0078125,5284.377503760674,2.956241550177951
8.546875,2026-05-04T22:12:17.054687Z,2026-05-04T22:13:18.478750Z,0.9355932474136353,0.2713893055915833,0.9649784564971924,1.371193021167763,2.496296257975843,3975.09375,-324.4062500000028,3435.90625,5272.968855581593,2.929542964083036
8.5546875,2026-05-04T22:12:17.062500Z,2026-05-04T22:13:18.486562500Z,0.9145036339759828,0.3169492483139038,0.9265825748443604,1.3398988732614232,2.2481719850673114,3979.1953125,-192.17968750000583,3431.8046875,5261.560207402512,2.902844377988121
8.5625,2026-05-04T22:12:17.070312Z,2026-05-04T22:13:18.494375Z,0.8936952948570251,0.3635178506374359,0.8874177932739258,1.3108572949031525,2.0179078303816285,3977.2812500000005,-39.82812500000717,3305.7500000000095,5187.219061614589,2.7288707879485177
8.5703125,2026-05-04T22:12:17.078125Z,2026-05-04T22:13:18.502187500Z,0.8749021291732788,0.4103036820888519,0.8456697463989258,1.2841184396861645,1.8059014504994149,3970.640625,128.33593749999642,3083.8750000000045,5063.430953419707,2.4391811233809175
8.578125,2026-05-04T22:12:17.085937Z,2026-05-04T22:13:18.510000Z,0.8572806119918823,0.4517824947834015,0.7965561747550964,1.2544079120566651,1.5703333472277834,3964.0,296.5,2862.0,4939.642845224826,2.149491458813318
8.5859375,2026-05-04T22:12:17.093750Z,2026-05-04T22:13:18.517812500Z,0.843111515045166,0.4872714579105377,0.7336034774780273,1.2191983278629734,1.2911644590503997,3957.359375,464.6640625000036,2640.1249999999955,4815.854737029944,1.859801794245718
8.59375,2026-05-04T22:12:17.101562Z,2026-05-04T22:13:18.525625Z,0.8317387700080872,0.5122549533843994,0.6535056233406067,1.1752719338685893,0.9428819429719794,3950.7187499999995,632.8281250000072,2418.2499999999905,4692.066628835062,1.570112129678118
8.6015625,2026-05-04T22:12:17.109375Z,2026-05-04T22:13:18.533437500Z,0.8253650069236755,0.5253053307533264,0.5603528618812561,1.1274610481034344,0.5638001637493335,3935.3984374999986,728.1171875000001,2150.3124999999854,4563.441229371375,1.269102207409593
8.609375,2026-05-04T22:12:17.117187Z,2026-05-04T22:13:18.541250Z,0.8244277238845825,0.527539849281311,0.4581124186515808,1.0806694002386035,0.19279969300952618,3909.0312499999995,730.65625,1823.7499999999932,4428.659277383754,0.9536846844308009
8.6171875,2026-05-04T22:12:17.125000Z,2026-05-04T22:13:18.549062500Z,0.8258336782455444,0.5202000141143799,0.3517663478851318,1.0374723525538452,-0.1496999999252172,3882.6640625,733.1953125,1497.1875000000007,4293.877325396132,0.6382671614520065
8.625,2026-05-04T22:12:17.132812Z,2026-05-04T22:13:18.556875Z,0.8351443409919739,0.5046977996826172,0.2500794529914856,1.0073359281311842,-0.3886449432518512,3856.2968750000005,735.7343749999999,1170.6250000000082,4159.095373408511,0.3228496384732143
8.6328125,2026-05-04T22:12:17.140625Z,2026-05-04T22:13:18.564687500Z,0.8472513556480408,0.4798539876937866,0.1533131450414658,0.985697534538652,-0.5602109080170392,3829.9296875000014,738.2734374999999,844.0625000000158,4024.313421420889,0.007432115494421004
8.640625,2026-05-04T22:12:17.148437Z,2026-05-04T22:13:18.572500Z,0.8646853566169739,0.4486168622970581,0.0595145523548126,0.9759507349385391,-0.6374910937949446,3802.125000000002,688.0000000000092,508.7500000000201,3927.1198829345935,-0.22002077939841172
8.6484375,2026-05-04T22:12:17.156250Z,2026-05-04T22:13:18.580312500Z,0.883712887763977,0.4115761518478394,-0.0367904603481292,0.9755495552470159,-0.640671957500286,3771.265625000001,525.5000000000058,154.84375000001256,3909.8017231386393,-0.2605488396085241
8.65625,2026-05-04T22:12:17.164062Z,2026-05-04T22:13:18.588125Z,0.9038963913917542,0.3687938749790192,-0.1387848854064941,0.9860521553195699,-0.5573991994609588,3740.4062500000005,363.0000000000023,-199.062499999995,3892.483563342685,-0.30107689981863645
8.6640625,2026-05-04T22:12:17.171875Z,2026-05-04T22:13:18.595937500Z,0.926173210144043,0.3229080438613892,-0.2430858314037323,1.0105232018158485,-0.3633737657801165,3709.546875,200.49999999999883,-552.9687500000026,3875.165403546731,-0.34160496002874885
8.671875,2026-05-04T22:12:17.179687Z,2026-05-04T22:13:18.603750Z,0.9488874673843384,0.2766653299331665,-0.3472176492214203,1.047612154605387,-0.06930378594280875,3678.687499999999,37.99999999999537,-906.8750000000101,3857.8472437507767,-0.3821330202388612
8.6796875,2026-05-04T22:12:17.187500Z,2026-05-04T22:13:18.611562500Z,0.9696490168571472,0.2327192276716232,-0.4463520050048828,1.092523485876614,0.2867880766756925,3650.406249999999,-119.96875000000571,-1245.2343750000114,3869.0594916473756,-0.3558940512491985
8.6875,2026-05-04T22:12:17.195312Z,2026-05-04T22:13:18.619375Z,0.9878798127174376,0.1945457011461258,-0.5322161316871643,1.138862838553057,0.6542024004114452,3632.4374999999995,-259.81250000000244,-1521.406250000005,3994.3933703141524,-0.06258696546051624
8.6953125,2026-05-04T22:12:17.203125Z,2026-05-04T22:13:18.627187500Z,1.00454843044281,0.164425864815712,-0.6027495861053467,1.1829879448564447,1.0040604617751065,3614.46875,-399.6562499999992,-1797.5781249999986,4119.727248980929,0.230720120328166
8.703125,2026-05-04T22:12:17.210937Z,2026-05-04T22:13:18.635000Z,1.017670869827271,0.1428097188472748,-0.6584444642066956,1.2204907732288164,1.3014119681896026,3596.5000000000005,-539.499999999996,-2073.7499999999923,4245.061127647707,0.5240272061168493
8.7109375,2026-05-04T22:12:17.218750Z,2026-05-04T22:13:18.642812500Z,1.027512669563293,0.1304731518030167,-0.7070351839065552,1.2540750698169048,1.5676943158350463,3578.531250000001,-679.3437499999927,-2349.921874999986,4370.395006314483,0.8173342919055305
8.71875,2026-05-04T22:12:17.226562Z,2026-05-04T22:13:18.650625Z,1.031777381896973,0.1246384903788567,-0.7542420029640198,1.2841262858898532,1.8059636612869139,3561.7031250000005,-806.4843750000014,-2613.281249999992,4491.011716059805,1.0996022310225977
8.7265625,2026-05-04T22:12:17.234375Z,2026-05-04T22:13:18.658437500Z,1.033714532852173,0.1240488067269325,-0.7989578247070312,1.3123594963045582,2.0298184480345363,3557.9921875,-787.5390625000009,-2729.296874999994,4557.380983208337,1.254919983415963
8.734375,2026-05-04T22:12:17.242187Z,2026-05-04T22:13:18.666250Z,1.032933473587036,0.1297748535871506,-0.8394603729248047,1.3373431837756524,2.2279084969118026,3554.28125,-768.5937500000006,-2845.312499999997,4623.750250356869,1.4102377358093285
8.7421875,2026-05-04T22:12:17.250000Z,2026-05-04T22:13:18.674062500Z,1.028590559959412,0.1428407430648804,-0.8681381344795227,1.353538266342895,2.3563156706337822,3550.5703125,-749.6484375000001,-2961.328124999999,4690.119517505401,1.5655554882026916
8.75,2026-05-04T22:12:17.257812Z,2026-05-04T22:13:18.681875Z,1.01945173740387,0.169236347079277,-0.8828537464141846,1.3591738386336267,2.400998858086156,3546.859375,-730.7031249999998,-3077.343750000002,4756.488784653933,1.7208732405960572
8.7578125,2026-05-04T22:12:17.265625Z,2026-05-04T22:13:18.689687500Z,1.000799179077148,0.2067115753889084,-0.8805933594703674,1.3489897468048322,2.320251480403396,3543.1484375,-711.7578124999993,-3193.359375000004,4822.858051802465,1.8761909929894203
8.765625,2026-05-04T22:12:17.273437Z,2026-05-04T22:13:18.697500Z,0.982912003993988,0.2491679936647415,-0.8577126264572144,1.3281082961289425,2.1546871460832135,3552.5625,-552.7499999999976,-3133.874999999999,4781.8270979704475,1.7801701116154762
8.7734375,2026-05-04T22:12:17.281250Z,2026-05-04T22:13:18.705312500Z,0.963447093963623,0.2930364906787872,-0.8220384120941162,1.299941475103593,1.9313587458987251,3562.5234375,-387.9062500000015,-3067.0781250000005,4736.321134930912,1.6736767871679048
8.78125,2026-05-04T22:12:17.289062Z,2026-05-04T22:13:18.713125Z,0.9438103437423706,0.3375101983547211,-0.780767023563385,1.2705464352130396,1.6982920740791279,3572.4843749999995,-223.0625000000053,-3000.2812500000023,4690.815171891376,1.5671834627203316
8.7890625,2026-05-04T22:12:17.296875Z,2026-05-04T22:13:18.720937500Z,0.9233143925666808,0.3802924752235413,-0.7377734780311584,1.2415480414058164,1.468370320003349,3582.4453124999995,-58.21875000000909,-2933.4843750000036,4645.309208851841,1.4606901382727602
8.796875,2026-05-04T22:12:17.304687Z,2026-05-04T22:13:18.728750Z,0.9040838479995728,0.4176435470581055,-0.6910279393196106,1.2121523623428276,1.2352985803290117,3592.406249999999,106.62499999998711,-2866.6875000000055,4599.803245812304,1.354196813825187
8.8046875,2026-05-04T22:12:17.312500Z,2026-05-04T22:13:18.736562500Z,0.8886494040489197,0.4474530518054962,-0.6341336965560913,1.1798464061031186,0.9791519063060158,3610.2421874999986,230.2890624999926,-2651.0859375000155,4510.471704662055,1.1451426117011707
8.8125,2026-05-04T22:12:17.320312Z,2026-05-04T22:13:18.744375Z,0.8743240833282471,0.4718934297561646,-0.5664910674095154,1.1436949511078502,0.692515136002094,3629.578124999999,346.10937499999505,-2407.1406250000105,4412.792434347854,0.9165530043054356
8.8203125,2026-05-04T22:12:17.328125Z,2026-05-04T22:13:18.752187500Z,0.8623733520507812,0.4922836720943451,-0.4870083332061768,1.1059873999057366,0.39354042823284224,3648.9140624999995,461.92968749999756,-2163.195312500005,4315.113164033654,0.6879633969097027
8.828125,2026-05-04T22:12:17.335937Z,2026-05-04T22:13:18.760000Z,0.8518129587173462,0.5064047574996948,-0.3971769213676453,1.0676050776969004,0.08921561264394712,3668.25,577.75,-1919.25,4217.433893719454,0.45937378951396973
8.8359375,2026-05-04T22:12:17.343750Z,2026-05-04T22:13:18.767812500Z,0.8486416935920715,0.5115721821784973,-0.295490026473999,1.034027648289587,-0.17701228666688118,3687.5859375000005,693.5703125000025,-1675.3046874999948,4119.754623405253,0.23078418211823462
8.84375,2026-05-04T22:12:17.351562Z,2026-05-04T22:13:18.775625Z,0.8501414060592651,0.5062806010246277,-0.1909738034009933,1.007735804095361,-0.38547441650794,3703.96875,694.4999999999995,-1364.1406249999964,4052.1511398143725,0.07257810909050855
8.8515625,2026-05-04T22:12:17.359375Z,2026-05-04T22:13:18.783437500Z,0.852375328540802,0.4912594854831696,-0.0921931341290473,0.9881189992924765,-0.5410116576263742,3719.203125,650.7500000000006,-1026.835937500004,3996.243795504781,-0.05825658946077437
8.859375,2026-05-04T22:12:17.367187Z,2026-05-04T22:13:18.791250Z,0.8595613837242126,0.4677967429161072,2.164393663406372e-05,0.9786110389430837,-0.6163981406070567,3734.4374999999995,607.0000000000016,-689.5312500000119,3940.336451195189,-0.1890912880120573
8.8671875,2026-05-04T22:12:17.375000Z,2026-05-04T22:13:18.799062500Z,0.8687783479690552,0.4349302649497986,0.0861164480447769,0.9753749001758203,-0.6420567583480326,3749.671874999999,563.2500000000026,-352.2265625000198,3884.429106885597,-0.31992598656334126
8.875,2026-05-04T22:12:17.382812Z,2026-05-04T22:13:18.806875Z,0.8840097188949585,0.3949722051620483,0.176409125328064,0.9841729550492267,-0.5722989565057561,3764.9062499999986,519.5000000000035,-14.921875000027553,3828.521762576005,-0.4507606851146242
8.8828125,2026-05-04T22:12:17.390625Z,2026-05-04T22:13:18.814687500Z,0.9010844230651855,0.3536175489425659,0.2718530297279358,1.0054365112641992,-0.40370499315259906,3779.554687499999,404.9687500000126,321.0937499999738,3860.797919589169,-0.37522783115134495
8.890625,2026-05-04T22:12:17.398437Z,2026-05-04T22:13:18.822500Z,0.9171906113624572,0.3140319287776947,0.3694343268871307,1.037466332825227,-0.14974772900194358,3793.812499999999,243.2500000000092,656.249999999981,3951.863077484192,-0.16211660884497175
8.8984375,2026-05-04T22:12:17.406250Z,2026-05-04T22:13:18.830312500Z,0.9326719641685486,0.2753307819366455,0.4674461483955383,1.0789763361064444,0.17937576761501553,3808.0703124999995,81.53125000000577,991.4062499999882,4042.928235379215,0.05099461346140036
8.90625,2026-05-04T22:12:17.414062Z,2026-05-04T22:13:18.838125Z,0.9504653215408324,0.2371727973222733,0.561460018157959,1.1291025707309879,0.5768154281253957,3822.328125,-80.18749999999767,1326.5624999999952,4133.993393274238,0.26410583576777247
8.9140625,2026-05-04T22:12:17.421875Z,2026-05-04T22:13:18.845937500Z,0.9666964411735536,0.201233834028244,0.6402661800384521,1.1768338228638537,0.9552658101561475,3836.5859375,-241.9062500000011,1661.7187500000025,4225.058551169261,0.4772170580741446
8.921875,2026-05-04T22:12:17.429687Z,2026-05-04T22:13:18.853750Z,0.97852224111557,0.1696708351373672,0.7022655606269836,1.2163350222273388,1.2684619515054407,3851.21875,-368.3750000000006,1953.5625000000018,4345.54442497053,0.7591788141393928
8.9296875,2026-05-04T22:12:17.437500Z,2026-05-04T22:13:18.861562500Z,0.9893950819969176,0.1443304419517517,0.7534857392311096,1.251988284281577,1.5511486618290993,3866.2578124999995,-456.6562499999986,2198.484374999996,4497.902741003561,1.1157286484434121
8.9375,2026-05-04T22:12:17.445312Z,2026-05-04T22:13:18.869375Z,0.9965186715126038,0.1272454708814621,0.7996007800102234,1.283979080797677,1.8047965051600245,3881.2968749999995,-544.9374999999966,2443.4062499999905,4650.261057036592,1.4722784827474336
8.9453125,2026-05-04T22:12:17.453125Z,2026-05-04T22:13:18.877187500Z,0.9995649456977844,0.1199831813573837,0.8443012237548828,1.3139142289017371,2.042145573744966,3896.335937499999,-633.2187499999945,2688.328124999985,4802.619373069623,1.8288283170514528
8.953125,2026-05-04T22:12:17.460937Z,2026-05-04T22:13:18.885000Z,0.9975966215133668,0.1253988593816757,0.8857263326644897,1.339938442453382,2.248485720306684,3911.3749999999986,-721.4999999999925,2933.249999999979,4954.977689102655,2.185378151355474
8.9609375,2026-05-04T22:12:17.468750Z,2026-05-04T22:13:18.892812500Z,0.9910510182380676,0.1410562098026276,0.9204626083374025,1.3599008744838308,2.406763362115798,3925.007812499999,-748.6093750000075,3104.5546874999964,5061.397742653354,2.434422991493379
8.96875,2026-05-04T22:12:17.476562Z,2026-05-04T22:13:18.900625Z,0.9831306934356688,0.1638827323913574,0.9455575346946716,1.3738568199667758,2.5174169206044543,3936.140624999999,-666.9687500000058,3144.9843749999973,5086.149774013205,2.492347842002554
8.9765625,2026-05-04T22:12:17.484375Z,2026-05-04T22:13:18.908437500Z,0.9722734689712524,0.1931956559419632,0.9546606540679932,1.3762329833156037,2.5362569863255087,3947.2734374999995,-585.3281250000041,3185.414062499998,5110.901805373056,2.5502726925117267
8.984375,2026-05-04T22:12:17.492187Z,2026-05-04T22:13:18.916250Z,0.9567609429359436,0.2267138808965683,0.945957362651825,1.3644141664736757,2.4425482410252926,3958.4062499999995,-503.68750000000233,3225.8437499999986,5135.653836732908,2.608197543020902
8.9921875,2026-05-04T22:12:17.500000Z,2026-05-04T22:13:18.924062500Z,0.9422481656074524,0.2615976333618164,0.9235841035842896,1.345092013122042,2.2893472251117073,3969.5390625,-422.0468750000006,3266.2734374999995,5160.405868092758,2.666122393530075
9.0,2026-05-04T22:12:17.507812Z,2026-05-04T22:13:18.931875Z,0.9240330457687378,0.3013074100017548,0.8875408172607422,1.316188408738841,2.0601770350978503,3977.53125,-319.64062499999943,3260.5312499999995,5158.00413651265,2.6605018470497326
9.0078125,2026-05-04T22:12:17.515625Z,2026-05-04T22:13:18.939687500Z,0.9045681357383728,0.3438103795051575,0.8462540507316589,1.285532966371698,1.817116915013999,3975.578125,-151.4765625000033,3108.5781250000027,5069.615488956006,2.4536542101025933
9.015625,2026-05-04T22:12:17.523437Z,2026-05-04T22:13:18.947500Z,0.887368381023407,0.3866702318191528,0.8038755655288696,1.2582338561132187,1.6006683986905124,3973.625,16.687499999992806,2956.6250000000064,4981.226841399361,2.2468065731554523
9.0234375,2026-05-04T22:12:17.531250Z,2026-05-04T22:13:18.955312500Z,0.869575023651123,0.4262558817863464,0.7580834031105042,1.2298557820276774,1.375665020420133,3971.671875,184.85156249998892,2804.67187500001,4892.8381938427165,2.039958936208313
9.03125,2026-05-04T22:12:17.539062Z,2026-05-04T22:13:18.963125Z,0.8574368357658386,0.4614810347557068,0.7043260335922241,1.2017644670912377,1.15293529106276,3969.71875,353.015624999985,2652.7187500000136,4804.449546286072,1.8331112992611742
9.0390625,2026-05-04T22:12:17.546875Z,2026-05-04T22:13:18.970937500Z,0.8440019488334656,0.4892577230930328,0.6341769695281982,1.163569008662931,0.8500920764369442,3965.2578125000023,507.3281249999944,2483.937500000031,4711.006634324311,1.6144356427933768
9.046875,2026-05-04T22:12:17.554687Z,2026-05-04T22:13:18.978750Z,0.8360503911972046,0.5059857964515686,0.5506654977798462,1.1217104676683964,0.518205102541204,3942.406250000002,560.0624999999955,2191.750000000025,4580.499116724987,1.3090211765073387
9.0546875,2026-05-04T22:12:17.562500Z,2026-05-04T22:13:18.986562500Z,0.8343319892883301,0.5115721821784973,0.4580662846565247,1.0805742394984825,0.1920451848656197,3919.5546875000014,612.7968749999966,1899.5625000000186,4449.991599125663,1.0036067102212987
9.0625,2026-05-04T22:12:17.570312Z,2026-05-04T22:13:18.994375Z,0.8363784551620483,0.5080186128616333,0.3589473366737366,1.042331531605123,-0.1111726601606344,3896.703125000001,665.5312499999977,1607.3750000000123,4319.484081526339,0.6981922439352585
9.0703125,2026-05-04T22:12:17.578125Z,2026-05-04T22:13:19.002187500Z,0.8408463597297668,0.4965199828147888,0.2586904764175415,1.0101858525015748,-0.36604853275478816,3873.8515625000005,718.2656249999989,1315.1875000000061,4188.976563927015,0.3927777776492205
9.078125,2026-05-04T22:12:17.585937Z,2026-05-04T22:13:19.010000Z,0.8502038717269897,0.4777435958385468,0.1636156141757965,0.9888658331980287,-0.5350901792607327,3851.0,771.0,1023.0,4058.469046327691,0.08736331136318039
9.0859375,2026-05-04T22:12:17.593750Z,2026-05-04T22:13:19.017812500Z,0.8645604252815247,0.451115220785141,0.0733383074402809,0.9779305592552072,-0.6217935112779148,3825.4140624999995,655.3749999999975,682.1796874999927,4006.7451522270203,-0.03368125221124642
9.09375,2026-05-04T22:12:17.601562Z,2026-05-04T22:13:19.025625Z,0.8824162483215332,0.4187608361244202,-0.0151245240122079,0.9768560919603609,-0.630312721230384,3799.828124999999,539.7499999999951,341.35937499998545,3955.0212581263495,-0.15472581578567324
9.1015625,2026-05-04T22:12:17.609375Z,2026-05-04T22:13:19.033437500Z,0.9011000394821168,0.3822632133960724,-0.107846736907959,0.9847524379925435,-0.5677043663477591,3774.242187499998,424.1249999999926,0.5390624999781721,3903.2973640256787,-0.2757703793601
9.109375,2026-05-04T22:12:17.617187Z,2026-05-04T22:13:19.041250Z,0.9208305478096008,0.3416689336299896,-0.2041824907064438,1.0031734882353456,-0.4216479946776801,3748.6562499999977,308.49999999999017,-340.2812500000291,3851.573469925008,-0.39681494293452685
9.1171875,2026-05-04T22:12:17.625000Z,2026-05-04T22:13:19.049062500Z,0.9405766129493712,0.2990263104438782,-0.3012256026268005,1.0319098617819626,-0.19380374042214768,3723.0703124999973,192.87499999998772,-681.1015625000364,3799.8495758243375,-0.5178595065089526
9.125,2026-05-04T22:12:17.632812Z,2026-05-04T22:13:19.056875Z,0.9602758884429932,0.2573768198490143,-0.3944552540779114,1.0695641901214912,0.10474897521871729,3696.6249999999977,39.60937499998594,-968.4687500000249,3868.639911441001,-0.35687595533527194
9.1328125,2026-05-04T22:12:17.640625Z,2026-05-04T22:13:19.064687500Z,0.9779754877090454,0.2206774950027466,-0.4802732467651367,1.1116640692757676,0.438549465200285,3670.062499999998,-118.78906250001039,-1248.5468750000184,3953.8640056554655,-0.15743402487779895
9.140625,2026-05-04T22:12:17.648437Z,2026-05-04T22:13:19.072500Z,0.9946284294128418,0.1904179900884628,-0.5525596737861633,1.1536320542704497,0.7713041960019527,3643.499999999999,-277.1875000000067,-1528.6250000000118,4039.0880998699304,0.042007905579675084
9.1484375,2026-05-04T22:12:17.656250Z,2026-05-04T22:13:19.080312500Z,1.007344722747803,0.1670328378677368,-0.6112990975379944,1.1900966120549894,1.0604234880273826,3616.9374999999995,-435.58593750000307,-1808.7031250000055,4124.312194084395,0.24144983603714806
9.15625,2026-05-04T22:12:17.664062Z,2026-05-04T22:13:19.088125Z,1.018311381340027,0.1518565267324448,-0.6585982441902161,1.2221988877953993,1.3149552250996908,3590.375,-593.9843749999994,-2088.781249999999,4209.53628829886,0.44089176649462314
9.1640625,2026-05-04T22:12:17.671875Z,2026-05-04T22:13:19.095937500Z,1.024263262748718,0.1434769779443741,-0.6999772191047668,1.2488670793492567,1.5264013286616216,3580.4375,-650.8515625000002,-2274.750000000001,4298.138539243482,0.6482392793564695
9.171875,2026-05-04T22:12:17.679687Z,2026-05-04T22:13:19.103750Z,1.02595043182373,0.14183209836483,-0.7401261329650879,1.2729797034453156,1.7175849116004402,3575.75,-675.6562500000007,-2431.0000000000045,4387.807576523943,0.8580832919249585
9.1796875,2026-05-04T22:12:17.687500Z,2026-05-04T22:13:19.111562500Z,1.025325536727905,0.1460063606500626,-0.7770919799804688,1.2947904305201703,1.8905172698564188,3571.0624999999995,-700.4609375000013,-2587.2500000000077,4477.476613804404,1.0679273044934494
9.1875,2026-05-04T22:12:17.695312Z,2026-05-04T22:13:19.119375Z,1.024044513702393,0.1556583642959595,-0.8059850335121155,1.3124437384759737,2.0304863852985027,3566.3749999999995,-725.2656250000018,-2743.500000000011,4567.145651084865,1.2777713170619385
9.1953125,2026-05-04T22:12:17.703125Z,2026-05-04T22:13:19.127187500Z,1.016811609268188,0.1734881848096848,-0.8244372010231018,1.3204925965115928,2.094303973615946,3561.6874999999995,-750.0703125000023,-2899.7500000000146,4656.814688365326,1.4876153296304295
9.203125,2026-05-04T22:12:17.710937Z,2026-05-04T22:13:19.135000Z,1.002080202102661,0.2040114998817444,-0.8293578028678894,1.3166699619524862,2.0639951624154595,3564.6250000000005,-678.3749999999893,-2943.624999999998,4677.331273160572,1.5356283629829595
9.2109375,2026-05-04T22:12:17.718750Z,2026-05-04T22:13:19.142812500Z,0.98625510931015,0.2422936409711838,-0.8141500949859619,1.301631947311182,1.944762120505232,3571.8515625000005,-552.3984374999922,-2924.2890624999986,4658.949603432901,1.4926114705265523
9.21875,2026-05-04T22:12:17.726562Z,2026-05-04T22:13:19.150625Z,0.9682430624961852,0.2821585834026337,-0.7820894122123718,1.2762334986022212,1.743383522890858,3579.0781250000005,-426.4218749999951,-2904.953124999999,4640.567933705231,1.4495945780701451
9.2265625,2026-05-04T22:12:17.734375Z,2026-05-04T22:13:19.158437500Z,0.9504965543746948,0.322783887386322,-0.7409871816635132,1.2476758959056753,1.5169567025697435,3586.3046875,-300.445312499998,-2885.6171874999995,4622.186263977559,1.406577685613736
9.234375,2026-05-04T22:12:17.742187Z,2026-05-04T22:13:19.166250Z,0.9317033886909484,0.3631609380245209,-0.6977783441543579,1.2193652811917535,1.292488194511649,3593.53125,-174.4687500000009,-2866.28125,4603.804594249888,1.3635607931573288
9.2421875,2026-05-04T22:12:17.750000Z,2026-05-04T22:13:19.174062500Z,0.9129414558410645,0.3997826874256134,-0.6540312767028809,1.1920760084256574,1.0761176774566559,3604.2109375,-43.41406250000096,-2754.1171875000014,4549.416075019822,1.2362804580601812
9.25,2026-05-04T22:12:17.757812Z,2026-05-04T22:13:19.181875Z,0.896866500377655,0.42914217710495,-0.6042411923408508,1.1634603328827036,0.8492304105742923,3618.078125,92.32812500000193,-2556.2656249999973,4461.7904639413855,1.0312184836023415
9.2578125,2026-05-04T22:12:17.765625Z,2026-05-04T22:13:19.189687500Z,0.8850094676017761,0.4534583985805511,-0.5429491400718689,1.1329872222107358,0.6076159575662448,3631.9453125000005,228.07031250000483,-2358.414062499993,4374.164852862949,0.8261565091445019
9.265625,2026-05-04T22:12:17.773437Z,2026-05-04T22:13:19.197500Z,0.8733711838722229,0.472762405872345,-0.4718775153160095,1.0995225812530576,0.34228233255046947,3645.812500000001,363.81250000000773,-2160.5624999999886,4286.539241784514,0.6210945346866644
9.2734375,2026-05-04T22:12:17.781250Z,2026-05-04T22:13:19.205312500Z,0.8624826669692993,0.4877990484237671,-0.3890579640865326,1.0645141435813643,0.06470828998665913,3659.679687500001,499.55468750001063,-1962.7109374999845,4198.913630706078,0.4160325602288248
9.28125,2026-05-04T22:12:17.789062Z,2026-05-04T22:13:19.213125Z,0.8569056987762451,0.4962872266769409,-0.2969508469104767,1.0338124556411301,-0.17871850086365093,3675.1093750000014,582.1718750000002,-1723.8437499999754,4120.705344741039,0.23300906582376313
9.2890625,2026-05-04T22:12:17.796875Z,2026-05-04T22:13:19.220937500Z,0.8564994931221008,0.4944251179695129,-0.1995848268270493,1.0089012251440503,-0.3762340546612525,3692.882812500001,585.1015625000002,-1423.4531249999825,4056.6230464460914,0.08304329149785895
9.296875,2026-05-04T22:12:17.804687Z,2026-05-04T22:13:19.228750Z,0.8593270778656006,0.4834230542182922,-0.102680116891861,0.9913042330726224,-0.5157566540995875,3710.6562500000005,588.0312500000001,-1123.0624999999893,3992.5407481511434,-0.0669224828280463
9.3046875,2026-05-04T22:12:17.812500Z,2026-05-04T22:13:19.236562500Z,0.8646228909492493,0.4642276763916016,-0.0121721718460321,0.9814419192437381,-0.5939527262633518,3728.4296875,590.9609375,-822.6718749999962,3928.4584498561953,-0.21688825715395155
9.3125,2026-05-04T22:12:17.820312Z,2026-05-04T22:13:19.244375Z,0.8727931380271912,0.4379872679710388,0.0718006268143653,0.9791608849944027,-0.612038534711939,3746.203125,593.890625,-522.2812500000032,3864.3761515612478,-0.36685403147985574
9.3203125,2026-05-04T22:12:17.828125Z,2026-05-04T22:13:19.252187500Z,0.8830255270004272,0.4035379886627197,0.1548354476690292,0.9831332592701786,-0.5805424709160057,3763.4296874999995,558.5390625000028,-212.97656250000708,3832.9079618118476,-0.44049607566314536
9.328125,2026-05-04T22:12:17.835937Z,2026-05-04T22:13:19.260000Z,0.8983349800109863,0.3656282424926758,0.2416990846395493,0.9995539983088548,-0.450346117694103,3779.25,424.75,119.25000000000003,3885.3046226081547,-0.31787709947967946
9.3359375,2026-05-04T22:12:17.843750Z,2026-05-04T22:13:19.267812500Z,0.9154565930366516,0.3275012671947479,0.3321301639080048,1.0274377351090418,-0.2292622287757653,3795.0703125000005,290.96093749999716,451.47656250000716,3937.7012834044613,-0.1952581232962146
9.34375,2026-05-04T22:12:17.851562Z,2026-05-04T22:13:19.275625Z,0.9278135299682616,0.2911123037338257,0.4211926758289337,1.0597110879618645,0.02662594031238706,3810.8906250000005,157.17187499999432,783.7031250000142,3990.097944200768,-0.07263914711274973
9.3515625,2026-05-04T22:12:17.859375Z,2026-05-04T22:13:19.283437500Z,0.9436854124069214,0.2567250728607178,0.5097631216049194,1.1028637090653377,0.36877338485832073,3826.710937500001,23.382812499991488,1115.9296875000214,4042.494604997075,0.04997982907071619
9.359375,2026-05-04T22:12:17.867187Z,2026-05-04T22:13:19.291250Z,0.9601508975028992,0.2232379168272018,0.5921982526779175,1.1499668186342378,0.7422433655235079,3842.000000000001,-107.46875000000902,1435.96875000002,4108.759020794367,0.20505220771038857
9.3671875,2026-05-04T22:12:17.875000Z,2026-05-04T22:13:19.299062500Z,0.972351610660553,0.1933818757534027,0.6577496528625488,1.189747372539599,1.0576544463175235,3854.500000000001,-222.89843750000634,1692.023437500014,4247.829150346785,0.5305049492450441
9.375,2026-05-04T22:12:17.882812Z,2026-05-04T22:13:19.306875Z,0.9814279079437256,0.1686156392097473,0.7088621854782104,1.222341020451271,1.3160821630179327,3867.0000000000005,-338.3281250000037,1948.0781250000082,4386.899279899205,0.8559576907797017
9.3828125,2026-05-04T22:12:17.890625Z,2026-05-04T22:13:19.314687500Z,0.9886452555656432,0.1503357887268066,0.7515789866447449,1.2509561398748192,1.5429650205543832,3879.5,-453.757812500001,2204.1328125000023,4525.9694094516235,1.1814104323143573
9.390625,2026-05-04T22:12:17.898437Z,2026-05-04T22:13:19.322500Z,0.993097484111786,0.1391940861940384,0.7905284762382507,1.2769310389853177,1.7489141639838235,3892.0,-569.1874999999983,2460.1874999999964,4665.039539004042,1.5068631738490128
9.3984375,2026-05-04T22:12:17.906250Z,2026-05-04T22:13:19.330312500Z,0.9935036897659302,0.1398303210735321,0.8283708095550537,1.3010765920548029,1.9403588333600634,3904.4765624999995,-678.5234375000014,2709.445312499997,4800.791453521153,1.8245506088888945
9.40625,2026-05-04T22:12:17.914062Z,2026-05-04T22:13:19.338125Z,0.9898325204849244,0.1516703218221664,0.8616769909858704,1.3210827157773435,2.0989828967865636,3916.390625,-641.6093750000006,2795.5781249999986,4856.906207190794,1.95587068805401
9.4140625,2026-05-04T22:12:17.921875Z,2026-05-04T22:13:19.345937500Z,0.9809592962265016,0.1714088171720505,0.8862953186035156,1.3331097161284295,2.19434228239167,3928.3046875,-604.6953124999998,2881.7109375000005,4913.020960860435,2.087190767219125
9.421875,2026-05-04T22:12:17.929687Z,2026-05-04T22:13:19.353750Z,0.9725546836853028,0.1961440294981003,0.9010570645332336,1.3402383842478245,2.2508638914549657,3940.2187500000005,-567.781249999999,2967.8437500000023,4969.135714530076,2.218510846384243
9.4296875,2026-05-04T22:12:17.937500Z,2026-05-04T22:13:19.361562500Z,0.959416687488556,0.226031094789505,0.898642897605896,1.3338401303982335,2.2001335731518314,3952.1328125000005,-530.8671874999982,3053.976562500004,5025.250468199717,2.349830925549358
9.4375,2026-05-04T22:12:17.945312Z,2026-05-04T22:13:19.369375Z,0.945185124874115,0.2585561573505402,0.8798370361328125,1.3169432094582307,2.066161680541783,3964.046875000001,-493.9531249999974,3140.109375000006,5081.365221869358,2.4811510047144734
9.4453125,2026-05-04T22:12:17.953125Z,2026-05-04T22:13:19.377187500Z,0.9309847950935364,0.2927261292934418,0.8498983383178711,1.2941207288896786,1.885207355982785,3964.4609375,-356.5937499999925,3057.156249999995,5029.423255613084,2.359596107388853
9.453125,2026-05-04T22:12:17.960937Z,2026-05-04T22:13:19.385000Z,0.9134257435798644,0.3302789330482483,0.8100570440292358,1.264762103018311,1.6524294027460096,3963.875,-210.49999999999585,2959.4999999999973,4968.085052841521,2.216052081672754
9.4609375,2026-05-04T22:12:17.968750Z,2026-05-04T22:13:19.392812500Z,0.8957417607307434,0.3690887093544006,0.7667559385299683,1.2355138390810854,1.4205264845077181,3963.2890625,-64.40624999999925,2861.8437499999995,4906.746850069959,2.072508055956655
9.46875,2026-05-04T22:12:17.976562Z,2026-05-04T22:13:19.400625Z,0.8794949650764465,0.4072777330875397,0.7218709588050842,1.2085049551532325,1.2063791076011317,3962.703125,81.68749999999737,2764.187500000002,4845.408647298397,1.928964030240558
9.4765625,2026-05-04T22:12:17.984375Z,2026-05-04T22:13:19.408437500Z,0.8671848773956299,0.4408735334873199,0.6728804111480713,1.1828554991291482,1.0030103293387282,3962.1171875,227.781249999994,2666.531250000004,4784.070444526835,1.7854200045244588
9.484375,2026-05-04T22:12:17.992187Z,2026-05-04T22:13:19.416250Z,0.8562339544296265,0.4685571193695068,0.6124187707901001,1.1522756222562824,0.7605493510938118,3949.3437500000005,331.3749999999973,2443.5625000000073,4678.137750558717,1.5375156861705972
9.4921875,2026-05-04T22:12:18.000000Z,2026-05-04T22:13:19.424062500Z,0.8483760952949524,0.4879697561264038,0.5391175150871277,1.1173648361371014,0.48374956576614647,3933.5234375,424.3437499999993,2189.265625000002,4561.056433791457,1.2635212946572856
9.5,2026-05-04T22:12:18.007812Z,2026-05-04T22:13:19.431875Z,0.842174232006073,0.4964579343795776,0.453422486782074,1.0776455211167983,0.16882403434303198,3917.703125,517.3125000000013,1934.9687499999964,4443.975117024197,0.9895269031439763
9.5078125,2026-05-04T22:12:18.015625Z,2026-05-04T22:13:19.439687500Z,0.8443143963813782,0.4953251481056213,0.3620688319206238,1.043699018554234,-0.1003301631552639,3901.8828124999995,610.2812500000033,1680.671874999991,4326.893800256937,0.7155325116306648
9.515625,2026-05-04T22:12:18.023437Z,2026-05-04T22:13:19.447500Z,0.8485948443412781,0.486154168844223,0.2677320241928101,1.0139721507544448,-0.33602782396859704,3886.062499999999,703.2500000000052,1426.3749999999854,4209.812483489677,0.4415381201173554
9.5234375,2026-05-04T22:12:18.031250Z,2026-05-04T22:13:19.455312500Z,0.8561714291572571,0.470853716135025,0.1736720502376556,0.9924186209141249,-0.5069209230952323,3864.929687499999,683.5937499999965,1127.3203124999845,4121.395332295209,0.23462377878802254
9.53125,2026-05-04T22:12:18.039062Z,2026-05-04T22:13:19.463125Z,0.8669505715370178,0.4490358531475067,0.0842558518052101,0.979967111419405,-0.6056461463937766,3841.2968749999995,610.9374999999982,807.203124999992,4046.4672001938175,0.0592765198982022
9.5390625,2026-05-04T22:12:18.046875Z,2026-05-04T22:13:19.470937500Z,0.8818851113319397,0.4202195107936859,0.0003291796892881,0.9768858148217223,-0.6300770553357213,3817.6640625,538.2812499999999,487.08593749999943,3971.5390680924256,-0.11607073899161814
9.546875,2026-05-04T22:12:18.054687Z,2026-05-04T22:13:19.478750Z,0.9007095098495483,0.3873995840549469,-0.0830593034625053,0.9839994444871583,-0.5736746827975869,3794.0312500000005,465.62500000000153,166.96875000000682,3896.6109359910333,-0.2914179978814395
9.5546875,2026-05-04T22:12:18.062500Z,2026-05-04T22:13:19.486562500Z,0.9177061319351196,0.3523451089859009,-0.1704918891191483,0.9976969002021714,-0.4650706316453932,3770.398437500001,392.96875000000324,-153.1484374999858,3821.6828038896415,-0.4667652567712599
9.5625,2026-05-04T22:12:18.070312Z,2026-05-04T22:13:19.494375Z,0.9359681606292723,0.3144043385982513,-0.2602925002574921,1.0210967983161263,-0.2795380930047565,3745.671875000001,274.8125000000066,-452.15624999998795,3816.9828013887372,-0.4777642304837455
9.5703125,2026-05-04T22:12:18.078125Z,2026-05-04T22:13:19.502187500Z,0.9548707008361816,0.2757652997970581,-0.3487553298473358,1.053306620118029,-0.024153647356009854,3720.0859375000005,120.9062500000033,-734.578124999994,3867.4620435739434,-0.35963240869972335
9.578125,2026-05-04T22:12:18.085937Z,2026-05-04T22:13:19.510000Z,0.9718673229217528,0.2395159751176834,-0.4316825270652771,1.090065961248737,0.26730291563945685,3694.5,-32.99999999999997,-1017.0,3917.9412857591497,-0.24150058691570114
9.5859375,2026-05-04T22:12:18.093750Z,2026-05-04T22:13:19.517812500Z,0.986723780632019,0.208527147769928,-0.5059525370597839,1.1283152752573362,0.5705731390703096,3668.9140624999995,-186.90625000000324,-1299.4218750000061,3968.420527944356,-0.12336876513167896
9.59375,2026-05-04T22:12:18.101562Z,2026-05-04T22:13:19.525625Z,0.9994868636131288,0.1850333511829376,-0.5666140913963318,1.1637280009323863,0.8513526904461436,3643.328124999999,-340.8125000000065,-1581.843750000012,4018.899770129562,-0.005236943347656782
9.6015625,2026-05-04T22:12:18.109375Z,2026-05-04T22:13:19.533437500Z,1.009766101837158,0.16877081990242,-0.6144821047782898,1.1940265604929825,1.0915831668805498,3624.6171874999995,-453.0390625000026,-1823.0156250000084,4089.9543050675657,0.16104530049915683
9.609375,2026-05-04T22:12:18.117187Z,2026-05-04T22:13:19.541250Z,1.017217755317688,0.1597239971160889,-0.6528626680374146,1.2192101460803333,1.2912581630425413,3614.65625,-512.2187500000013,-2011.687500000004,4187.195576236398,0.3886098996986035
9.6171875,2026-05-04T22:12:18.125000Z,2026-05-04T22:13:19.549062500Z,1.020061016082764,0.1571480631828308,-0.6881370544433594,1.240464669384783,1.4597805064761393,3604.6953125,-571.3984374999999,-2200.3593749999995,4284.43684740523,0.6161744988980501
9.625,2026-05-04T22:12:18.132812Z,2026-05-04T22:13:19.556875Z,1.02001416683197,0.1604843586683273,-0.7205514311790466,1.2591181417521053,1.6076797009905108,3594.7343750000005,-630.5781249999985,-2389.0312499999955,4381.678118574062,0.8437390980974967
9.6328125,2026-05-04T22:12:18.140625Z,2026-05-04T22:13:19.564687500Z,1.017764568328857,0.1689104735851288,-0.7500287890434265,1.2755072124556277,1.7376249630928278,3584.7734375000005,-689.7578124999972,-2577.703124999991,4478.919389742893,1.0713036972969412
9.640625,2026-05-04T22:12:18.148437Z,2026-05-04T22:13:19.572500Z,1.013218641281128,0.183357447385788,-0.7694804668426514,1.2854307283567605,1.8163062927469902,3578.0,-703.1250000000048,-2710.999999999999,4545.019113393576,1.2259906623988854
9.6484375,2026-05-04T22:12:18.156250Z,2026-05-04T22:13:19.580312500Z,1.001986384391785,0.2076426297426224,-0.7774917483329773,1.2851403016475762,1.8140035645734909,3578.0,-619.140625000003,-2726.6249999999995,4544.943048568171,1.2258126550435897
9.65625,2026-05-04T22:12:18.164062Z,2026-05-04T22:13:19.588125Z,0.9853490591049194,0.2405401468276978,-0.7701570391654968,1.2735439511422466,1.7220587049103053,3578.0,-535.1562500000011,-2742.25,4544.866983742766,1.225634647688292
9.6640625,2026-05-04T22:12:18.171875Z,2026-05-04T22:13:19.595937500Z,0.9692584872245787,0.2772549986839294,-0.7435858845710754,1.2526980151199463,1.556775958305047,3578.0,-451.1718749999994,-2757.875,4544.7909189173615,1.2254566403329963
9.671875,2026-05-04T22:12:18.179687Z,2026-05-04T22:13:19.603750Z,0.9540427327156068,0.3158785402774811,-0.7053744792938232,1.2278151098981993,1.359484989256259,3578.0,-367.1874999999976,-2773.5000000000005,4544.714854091957,1.2252786329777006
9.6796875,2026-05-04T22:12:18.187500Z,2026-05-04T22:13:19.611562500Z,0.9363743662834167,0.3534934222698212,-0.663564920425415,1.2008634214763507,1.1457911026758325,3580.9296875000005,-271.36718749999415,-2757.015624999994,4531.515383380512,1.194389153377215
9.6875,2026-05-04T22:12:18.195312Z,2026-05-04T22:13:19.619375Z,0.9193776845932008,0.3883151113986969,-0.6194334626197815,1.1746240961608396,0.937745383233104,3595.5781250000005,-128.20312499999744,-2612.0937499999973,4465.822289124921,1.0406537847960131
9.6953125,2026-05-04T22:12:18.203125Z,2026-05-04T22:13:19.627187500Z,0.9036620259284972,0.4175194203853607,-0.5719344615936279,1.1480577301958803,0.7271066319047098,3610.2265625,14.960937499999257,-2467.171875000001,4400.12919486933,0.8869184162148109
9.703125,2026-05-04T22:12:18.210937Z,2026-05-04T22:13:19.635000Z,0.8907271027565002,0.4408269822597504,-0.517362117767334,1.120440431604433,0.5081352717254971,3624.8749999999995,158.12499999999596,-2322.250000000004,4334.43610061374,0.733183047633611
9.7109375,2026-05-04T22:12:18.218750Z,2026-05-04T22:13:19.642812500Z,0.8809946775436401,0.4594482183456421,-0.4537636339664459,1.0923120994988758,0.28511204154490577,3639.523437499999,301.28906249999267,-2177.3281250000073,4268.743006358149,0.5794476790524089
9.71875,2026-05-04T22:12:18.226562Z,2026-05-04T22:13:19.650625Z,0.8712621927261353,0.4737245142459869,-0.3801547884941101,1.0620877492404057,0.04546995400634763,3654.4999999999986,435.85937499999744,-2022.6875000000189,4202.857536410529,0.42526211173638956
9.7265625,2026-05-04T22:12:18.234375Z,2026-05-04T22:13:19.658437500Z,0.8651696443557739,0.4815764427185059,-0.295905202627182,1.0334380836014998,-0.18168681271571246,3673.249999999999,471.60156249999824,-1756.2812500000132,4134.759746004586,0.26589925896998834
9.734375,2026-05-04T22:12:18.242187Z,2026-05-04T22:13:19.666250Z,0.8631387948989868,0.4818092286586761,-0.2031983733177185,1.0091770365001924,-0.3740472083407363,3691.9999999999995,507.343749999999,-1489.8750000000075,4066.6619555986435,0.10653640620358709
9.7421875,2026-05-04T22:12:18.250000Z,2026-05-04T22:13:19.674062500Z,0.8654352426528931,0.4738331139087677,-0.1101225018501282,0.9927854473529931,-0.5040124386175527,3710.75,543.0859374999998,-1223.4687500000018,3998.564165192701,-0.05282644656281414
9.75,2026-05-04T22:12:18.257812Z,2026-05-04T22:13:19.681875Z,0.8691064119338989,0.4585792422294617,-0.0222439896315336,0.982922006948207,-0.5822174431487159,3729.5000000000005,578.8281250000005,-957.0624999999962,3930.466374786758,-0.21218929932921538
9.7578125,2026-05-04T22:12:18.265625Z,2026-05-04T22:13:19.689687500Z,0.8773235082626343,0.4352871775627136,0.0606831908226013,0.9812511985975774,-0.595464907448119,3748.2500000000005,614.5703125000013,-690.6562499999906,3862.3685843808153,-0.3715521520956166
9.765625,2026-05-04T22:12:18.273437Z,2026-05-04T22:13:19.697500Z,0.8872590661048889,0.4045466184616089,0.1390588283538818,0.9849994795111298,-0.5657456296101147,3762.125,515.3124999999985,-370.4374999999954,3874.954982635351,-0.34209738829285724
9.7734375,2026-05-04T22:12:18.281250Z,2026-05-04T22:13:19.705312500Z,0.8987880349159241,0.3695076704025269,0.2165426164865494,0.995613657474209,-0.48158819552713494,3775.796875,410.4296875000009,-47.97656250000286,3890.9032220840704,-0.30477522379972266
9.78125,2026-05-04T22:12:18.289062Z,2026-05-04T22:13:19.713125Z,0.9134101271629332,0.3342514634132385,0.2989777326583862,1.0175607037534649,-0.30757499290444795,3789.4687499999995,305.54687500000335,274.4843749999897,3906.8514615327895,-0.26745305930658914
9.7890625,2026-05-04T22:12:18.296875Z,2026-05-04T22:13:19.720937500Z,0.9271417856216432,0.2996625304222107,0.3829813003540039,1.0469308473846661,-0.07470571793580073,3803.140624999999,200.66406250000574,596.9453124999823,3922.799700981509,-0.23013089481345456
9.796875,2026-05-04T22:12:18.304687Z,2026-05-04T22:13:19.728750Z,0.9421075582504272,0.2671995162963867,0.4678151905536652,1.0852710653723185,0.22928526273613575,3816.812499999999,95.78125000000817,919.4062499999748,3938.7479404302285,-0.19280873032031995
9.8046875,2026-05-04T22:12:18.312500Z,2026-05-04T22:13:19.736562500Z,0.955620527267456,0.2372659146785736,0.5470519661903381,1.1263976030318539,0.5553683465305422,3829.335937499999,-23.210937499992223,1187.5624999999836,4039.5770712111375,0.04315219921080862
9.8125,2026-05-04T22:12:18.320312Z,2026-05-04T22:13:19.744375Z,0.9678837060928344,0.2099702805280685,0.6133260130882263,1.1649271159844015,0.8608602044805702,3841.6406249999995,-144.89062499999483,1445.374999999989,4156.573990817235,0.3169490839872925
9.8203125,2026-05-04T22:12:18.328125Z,2026-05-04T22:13:19.752187500Z,0.9759602546691896,0.1856385469436646,0.6661761403083801,1.1961399327509616,1.1083396210414218,3853.9453124999995,-266.57031249999744,1703.1874999999945,4273.570910423334,0.5907459687637774
9.828125,2026-05-04T22:12:18.335937Z,2026-05-04T22:13:19.760000Z,0.9845367074012756,0.1675294041633606,0.7080625891685486,1.2242268007440225,1.3310340915831262,3866.25,-388.25,1961.0,4390.567830029432,0.8645428535402624
9.8359375,2026-05-04T22:12:18.343750Z,2026-05-04T22:13:19.767812500Z,0.9890670776367188,0.1563411355018616,0.7440136075019836,1.2474984901245236,1.5155500919603166,3878.5546875000005,-509.9296875000026,2218.8125000000055,4507.56474963553,1.1383397383167453
9.84375,2026-05-04T22:12:18.351562Z,2026-05-04T22:13:19.775625Z,0.9888639450073242,0.1552859395742416,0.7765663266181946,1.2668941883212583,1.6693342284391743,3890.578125,-544.84375,2385.0781250000014,4599.479027729426,1.3534380767457905
9.8515625,2026-05-04T22:12:18.359375Z,2026-05-04T22:13:19.783437500Z,0.9851146936416626,0.1637430787086487,0.807596743106842,1.2843189848828336,1.8074915283394555,3902.4921875,-546.015625,2515.742187499998,4681.638945235245,1.54570920270639
9.859375,2026-05-04T22:12:18.367187Z,2026-05-04T22:13:19.791250Z,0.978990912437439,0.1807970255613327,0.8338910937309265,1.2986474222400302,1.9210984912710007,3914.4062499999995,-547.1875,2646.4062499999955,4763.798862741065,1.7379803286669915
9.8671875,2026-05-04T22:12:18.375000Z,2026-05-04T22:13:19.799062500Z,0.970211386680603,0.2036080360412598,0.8496984839439392,1.3056622384069727,1.9767173937641733,3926.320312499999,-548.3593749999999,2777.0703124999923,4845.958780246884,1.9302514546275908
9.875,2026-05-04T22:12:18.382812Z,2026-05-04T22:13:19.806875Z,0.9596197605133056,0.2317726463079453,0.8510670065879822,1.3034199990973094,1.9589391816824053,3938.234374999999,-549.5312499999999,2907.7343749999895,4928.118697752703,2.12252258058819
9.8828125,2026-05-04T22:12:18.390625Z,2026-05-04T22:13:19.814687500Z,0.9461067914962769,0.2620631754398346,0.8370433449745178,1.2901305089808235,1.8535697981686854,3944.171875,-478.75000000000927,2929.062500000004,4940.381296518358,2.151219586907707
9.890625,2026-05-04T22:12:18.398437Z,2026-05-04T22:13:19.822500Z,0.931531548500061,0.2933313250541687,0.811179518699646,1.2695694166396516,1.6905455131609153,3946.125,-360.00000000000676,2877.5000000000027,4906.045682790552,2.0708671801331273
9.8984375,2026-05-04T22:12:18.406250Z,2026-05-04T22:13:19.830312500Z,0.9180967211723328,0.3262753784656525,0.7767508625984192,1.2460734787995775,1.5042514970937333,3948.078125,-241.25000000000423,2825.937500000002,4871.710069062746,1.9905147733585478
9.90625,2026-05-04T22:12:18.414062Z,2026-05-04T22:13:19.838125Z,0.9019123911857604,0.3616712391376495,0.7343723177909851,1.2180126221560605,1.2817632647027608,3950.03125,-122.50000000000169,2774.375000000001,4837.37445533494,1.9101623665839682
9.9140625,2026-05-04T22:12:18.421875Z,2026-05-04T22:13:19.845937500Z,0.8856343626976013,0.3968963921070099,0.6885955333709717,1.189974276628197,1.0594535178938407,3951.984375,-3.7499999999991642,2722.8124999999995,4803.038841607134,1.8298099598093887
9.921875,2026-05-04T22:12:18.429687Z,2026-05-04T22:13:19.853750Z,0.8733242750167847,0.428211122751236,0.6419883966445923,1.1654223081817856,0.8647864722381603,3948.5,113.50000000000082,2591.2812499999986,4736.137134034608,1.6732461871796842
9.9296875,2026-05-04T22:12:18.437500Z,2026-05-04T22:13:19.861562500Z,0.8644354343414307,0.4540480673313141,0.5893228054046631,1.1404865788611376,0.6670766727687104,3939.125,229.12499999999815,2373.1171875000036,4633.955491463638,1.4341201015402687
9.9375,2026-05-04T22:12:18.445312Z,2026-05-04T22:13:19.869375Z,0.8568275570869446,0.4725762009620667,0.5242327451705933,1.1100908518713308,0.4260757776031279,3929.7500000000005,344.74999999999545,2154.9531250000086,4531.773848892668,1.194994015900851
9.9453125,2026-05-04T22:12:18.453125Z,2026-05-04T22:13:19.877187500Z,0.8507662415504456,0.483593761920929,0.4457955956459045,1.0753603291120581,0.15070525998529713,3920.3750000000005,460.3749999999928,1936.7890625000136,4429.5922063216985,0.9558679302614356
9.953125,2026-05-04T22:12:18.460937Z,2026-05-04T22:13:19.885000Z,0.8514067530632019,0.4842610061168671,0.3608233034610748,1.0438369784250352,-0.09923631031301579,3911.000000000001,575.9999999999901,1718.6250000000186,4327.410563750728,0.716741844622018
9.9609375,2026-05-04T22:12:18.468750Z,2026-05-04T22:13:19.892812500Z,0.8555309176445007,0.4758814573287964,0.2719914019107819,1.0160588738790746,-0.31948266480306226,3896.3515625000023,637.4140625000032,1476.8359375000261,4230.463940911338,0.48986678318969684
9.96875,2026-05-04T22:12:18.476562Z,2026-05-04T22:13:19.900625Z,0.8621077537536621,0.4605810046195984,0.1827443689107895,0.9943641914646696,-0.49149493099949126,3872.328125000002,602.4531250000025,1193.0468750000202,4142.824019816981,0.28477132034777397
9.9765625,2026-05-04T22:12:18.484375Z,2026-05-04T22:13:19.908437500Z,0.8721213936805725,0.4413856267929077,0.0958345979452133,0.9821411645064231,-0.5884085675628912,3848.3046875000014,567.4921875000017,909.2578125000142,4055.184098722623,0.07967585750585003
9.984375,2026-05-04T22:12:18.492187Z,2026-05-04T22:13:19.916250Z,0.8844783306121826,0.4161693751811981,0.0124461119994521,0.9775754558422205,-0.6246090465153136,3824.281250000001,532.531250000001,625.4687500000082,3967.5441776282655,-0.12541960533607283
9.9921875,2026-05-04T22:12:18.500000Z,2026-05-04T22:13:19.924062500Z,0.9022404551506042,0.3859098851680756,-0.0654220879077911,0.983485804659641,-0.5777472176728302,3800.2578125,497.5703125000002,341.6796875000021,3879.904256533908,-0.3305150681779957
10.0,2026-05-04T22:12:18.507812Z,2026-05-04T22:13:19.931875Z,0.9195026755332948,0.3532296121120453,-0.1444435566663742,0.9955502349194367,-0.48209105872494373,3776.328125,438.51562499999955,56.62499999999897,3817.8153668549307,-0.47581585584462055
10.0078125,2026-05-04T22:12:18.515625Z,2026-05-04T22:13:19.939687500Z,0.9348121285438538,0.3190596699714661,-0.2268171608448029,1.0134687035763308,-0.3400195436150708,3752.6953125000005,303.1640625000027,-232.43749999999437,3836.6380766579855,-0.4317668387894778
10.015625,2026-05-04T22:12:18.523437Z,2026-05-04T22:13:19.947500Z,0.9504340887069702,0.2847965955734253,-0.3098981082439423,1.0394570194672006,-0.13396402154626383,3729.062500000001,167.81250000000577,-521.4999999999877,3855.46078646104,-0.38771782173433605
10.0234375,2026-05-04T22:12:18.531250Z,2026-05-04T22:13:19.955312500Z,0.9672120213508606,0.2514180243015289,-0.3893809020519257,1.0725332647857935,0.12829010164580573,3705.4296875000014,32.460937500008896,-810.5624999999811,3874.2834962640945,-0.3436688046791933
10.03125,2026-05-04T22:12:18.539062Z,2026-05-04T22:13:19.963125Z,0.9829901456832886,0.2217947691679001,-0.4613751471042633,1.1083003079067404,0.41187895650244033,3681.7968750000023,-102.89062499998798,-1099.6249999999745,3893.1062060671493,-0.2996197876240505
10.0390625,2026-05-04T22:12:18.546875Z,2026-05-04T22:13:19.970937500Z,0.995393931865692,0.1992165297269821,-0.5230669379234314,1.141969932555187,0.678837851181485,3659.3125000000014,-232.64062499999054,-1378.4453124999784,3920.423246464639,-0.2356922877605739
10.046875,2026-05-04T22:12:18.554687Z,2026-05-04T22:13:19.978750Z,1.003001809120178,0.183357447385788,-0.5724111795425415,1.169310540906677,0.8956153965677283,3645.2500000000014,-321.31249999999244,-1582.1562499999827,4010.0320445547163,-0.025989247302495022
10.0546875,2026-05-04T22:12:18.562500Z,2026-05-04T22:13:19.986562500Z,1.009141206741333,0.1749003082513809,-0.6108993291854858,1.1925410195750328,1.0798046464605233,3631.187500000001,-409.9843749999943,-1785.867187499987,4099.640842644793,0.1837137931555828
10.0625,2026-05-04T22:12:18.570312Z,2026-05-04T22:13:19.994375Z,1.013546586036682,0.1723088473081589,-0.6417452096939087,1.2119422160698745,1.2336323777106502,3617.1250000000005,-498.6562499999962,-1989.5781249999914,4189.249640734871,0.3934168336136617
10.0703125,2026-05-04T22:12:18.578125Z,2026-05-04T22:13:20.002187500Z,1.014718294143677,0.1749778836965561,-0.6705767512321472,1.2287976462973227,1.3672752997759223,3603.0625000000005,-587.3281249999981,-2193.289062499996,4278.858438824948,0.6031198740717406
10.078125,2026-05-04T22:12:18.585937Z,2026-05-04T22:13:20.010000Z,1.011656403541565,0.1829539835453033,-0.6982703804969788,1.2427800944660903,1.478138992110355,3589.0,-676.0,-2397.0,4368.467236915026,0.8128229145298195
10.0859375,2026-05-04T22:12:18.593750Z,2026-05-04T22:13:20.017812500Z,1.00620436668396,0.1967336982488632,-0.7193673849105835,1.252453915333269,1.554840545899261,3592.3203125,-626.976562499999,-2450.7109375000014,4395.749645630115,0.8766693691248593
10.09375,2026-05-04T22:12:18.601562Z,2026-05-04T22:13:20.025625Z,0.9977840781211852,0.2169997990131378,-0.7299466729164124,1.2551829048491798,1.5764780910862064,3595.640625,-577.953124999998,-2504.4218750000023,4423.032054345204,0.9405158237198992
10.1015625,2026-05-04T22:12:18.609375Z,2026-05-04T22:13:20.033437500Z,0.9844898581504822,0.2456609755754471,-0.7257026433944702,1.2474830348952881,1.5154275509175577,3598.9609375,-528.9296874999968,-2558.1328125000036,4450.314463060293,1.0043622783149369
10.109375,2026-05-04T22:12:18.617187Z,2026-05-04T22:13:20.041250Z,0.9694771766662598,0.2793964445590973,-0.7040674686431885,1.2303086481491847,1.3792556942247118,3602.2812500000005,-479.9062499999958,-2611.8437500000045,4477.596871775382,1.0682087329099768
10.1171875,2026-05-04T22:12:18.625000Z,2026-05-04T22:13:20.049062500Z,0.9535428285598756,0.3151026368141174,-0.6704537272453308,1.2074940157211274,1.1983635958097132,3605.6015625000005,-430.88281249999477,-2665.554687500006,4504.8792804904715,1.1320551875050164
10.125,2026-05-04T22:12:18.632812Z,2026-05-04T22:13:20.056875Z,0.9375459551811218,0.350203663110733,-0.6303202509880066,1.1827673661960079,1.0023115430985596,3617.000000000001,-302.62499999998766,-2585.7187499999914,4467.769201048638,1.0452099596204674
10.1328125,2026-05-04T22:12:18.640625Z,2026-05-04T22:13:20.064687500Z,0.9229238629341124,0.3826201260089874,-0.587019145488739,1.1587830231629592,0.8121450719080026,3629.500000000001,-163.56249999999085,-2487.6718749999936,4421.878327767234,0.9378158659432694
10.140625,2026-05-04T22:12:18.648437Z,2026-05-04T22:13:20.072500Z,0.908161163330078,0.4104899168014526,-0.542749285697937,1.1348283824007597,0.6222141033545588,3642.0000000000005,-24.499999999994074,-2389.624999999996,4375.9874544858285,0.8304217722660693
10.1484375,2026-05-04T22:12:18.656250Z,2026-05-04T22:13:20.080312500Z,0.8959916830062866,0.4327888190746307,-0.4922671914100647,1.110150550903437,0.4265491178256844,3654.5000000000005,114.56250000000271,-2291.578124999998,4330.096581204424,0.7230276785888713
10.15625,2026-05-04T22:12:18.664062Z,2026-05-04T22:13:20.088125Z,0.885025143623352,0.4496876001358032,-0.4345733523368835,1.0836708176945387,0.21659725817020023,3667.0,253.62499999999952,-2193.5312500000005,4284.205707923019,0.6156335849116712
10.1640625,2026-05-04T22:12:18.671875Z,2026-05-04T22:13:20.095937500Z,0.8780421018600464,0.4624121189117432,-0.3665155470371246,1.0578830495736185,0.012131834344397033,3679.3515625,332.1250000000004,-1991.7265624999984,4218.053669684368,0.4608241929008632
10.171875,2026-05-04T22:12:18.679687Z,2026-05-04T22:13:20.103750Z,0.8717933297157288,0.4690847098827362,-0.2887549996376038,1.03123398149902,-0.19916264344389784,3691.6562500000005,391.5000000000017,-1757.1562499999934,4145.50336882764,0.2910415487847048
10.1796875,2026-05-04T22:12:18.687500Z,2026-05-04T22:13:20.111562500Z,0.8701843023300171,0.46958127617836,-0.2039518505334854,1.0096155963013393,-0.3705699661383868,3703.9609375000005,450.87500000000296,-1522.5859374999884,4072.9530679709114,0.12125890466854639
10.1875,2026-05-04T22:12:18.695312Z,2026-05-04T22:13:20.119375Z,0.8719183206558228,0.4629241824150085,-0.1162886023521423,0.9940137803858098,-0.4942732617730724,3716.265625000001,510.2500000000042,-1288.0156249999834,4000.4027671141826,-0.04852373944761307
10.1953125,2026-05-04T22:12:18.703125Z,2026-05-04T22:13:20.127187500Z,0.8760581612586975,0.4481668472290039,-0.0304398331791162,0.9845090189059356,-0.5696343816355192,3728.5703125000014,569.6250000000055,-1053.4453124999784,3927.852466257454,-0.21830638356377147
10.203125,2026-05-04T22:12:18.710937Z,2026-05-04T22:13:20.135000Z,0.8828224539756775,0.4261938035488129,0.0497195199131965,0.981574589161435,-0.5929008162716212,3743.2500000000014,545.499999999994,-780.2499999999749,3896.498699494694,-0.29168065439546925
10.2109375,2026-05-04T22:12:18.718750Z,2026-05-04T22:13:20.142812500Z,0.8918675184249878,0.3990223407745361,0.1244816109538078,0.9849579535819746,-0.5660748793794107,3759.265625000001,474.40624999999557,-485.3281249999817,3888.317983159781,-0.31082521525468143
10.21875,2026-05-04T22:12:18.726562Z,2026-05-04T22:13:20.150625Z,0.902927815914154,0.3668231070041656,0.1979674249887466,0.994499338330785,-0.4904233818398495,3775.2812500000005,403.3124999999972,-190.4062499999885,3880.1372668248678,-0.32996977611389366
10.2265625,2026-05-04T22:12:18.734375Z,2026-05-04T22:13:20.158437500Z,0.9160502552986144,0.3336773216724396,0.2729755342006683,1.012424944133287,-0.34829527790480885,3791.2968750000005,332.21874999999886,104.51562500000468,3871.9565504899547,-0.34911433697310584
10.234375,2026-05-04T22:12:18.742187Z,2026-05-04T22:13:20.166250Z,0.9299381375312804,0.3017884492874146,0.3509359955787659,1.038757565917721,-0.13950983170595638,3807.3125,261.1250000000005,399.43749999999784,3863.7758341550416,-0.368258897832318
10.2421875,2026-05-04T22:12:18.750000Z,2026-05-04T22:13:20.174062500Z,0.9417951703071594,0.2712962031364441,0.4293577671051025,1.0700130208663918,0.1083076534281632,3821.09375,162.40625000000088,678.6171874999981,3907.9366800995863,-0.26491342438379856
10.25,2026-05-04T22:12:18.757812Z,2026-05-04T22:13:20.181875Z,0.9541051983833312,0.2441557645797729,0.505196213722229,1.1068658370908848,0.4005053594561835,3832.8125,38.187499999998245,943.2656250000038,4000.412814302095,-0.048500226958904755
10.2578125,2026-05-04T22:12:18.765625Z,2026-05-04T22:13:20.189687500Z,0.965337336063385,0.2195291817188263,0.5715933442115784,1.143148365336305,0.6881813801333385,3844.5312500000005,-86.0312500000044,1207.9140625000093,4092.8889485046034,0.16791297046598905
10.265625,2026-05-04T22:12:18.773437Z,2026-05-04T22:13:20.197500Z,0.97341388463974,0.1988441050052643,0.6246126294136047,1.173547828478989,0.9292118984162825,3856.2500000000005,-210.25000000000705,1472.562500000015,4185.365082707112,0.3843261678908839
10.2734375,2026-05-04T22:12:18.781250Z,2026-05-04T22:13:20.205312500Z,0.9806312322616576,0.1826281100511551,0.6670218706130981,1.1999620061252234,1.138643982733265,3867.968750000001,-334.46875000000966,1737.2109375000207,4277.841216909621,0.6007393653157778
10.28125,2026-05-04T22:12:18.789062Z,2026-05-04T22:13:20.213125Z,0.9831776022911072,0.1722467690706253,0.7008969783782959,1.21965721471321,1.2948028698613612,3879.843750000001,-421.50000000000256,1961.0781250000132,4371.662312584979,0.8203000495518666
10.2890625,2026-05-04T22:12:18.796875Z,2026-05-04T22:13:20.220937500Z,0.984224259853363,0.1695156693458557,0.730743408203125,1.2375051048258316,1.4363147835392678,3891.953125000001,-452.7500000000018,2123.7734375000095,4467.500850469612,1.0445819640047471
10.296875,2026-05-04T22:12:18.804687Z,2026-05-04T22:13:20.228750Z,0.9820840358734132,0.1765141487121582,0.7593289017677307,1.253884635551763,1.5661844053010836,3904.0625000000005,-484.00000000000114,2286.468750000006,4563.339388354244,1.2688638784576276
10.3046875,2026-05-04T22:12:18.812500Z,2026-05-04T22:13:20.236562500Z,0.976616382598877,0.1916904449462891,0.7835166454315186,1.2666582487444995,1.6674635165057854,3916.171875,-515.2500000000003,2449.164062500002,4659.177926238876,1.493145792910508
10.3125,2026-05-04T22:12:18.820312Z,2026-05-04T22:13:20.244375Z,0.9677900075912476,0.212872102856636,0.800923228263855,1.2741310955080989,1.7267140407675223,3928.28125,-546.4999999999997,2611.859374999998,4755.016464123508,1.7174277073633863
10.3203125,2026-05-04T22:12:18.828125Z,2026-05-04T22:13:20.252187500Z,0.957995057106018,0.2392211407423019,0.8062435984611511,1.2747588100017966,1.731691048060037,3938.3671875,-542.203125000002,2725.8281250000005,4821.552933230236,1.8731367467704323
10.328125,2026-05-04T22:12:18.835937Z,2026-05-04T22:13:20.260000Z,0.9451225996017456,0.2675874531269073,0.7967560887336731,1.2647845817699894,1.6526076317213698,3943.25,-446.5,2714.5,4812.741225479486,1.8525155360595968
10.3359375,2026-05-04T22:12:18.843750Z,2026-05-04T22:13:20.267812500Z,0.9314221739768982,0.29764524102211,0.7731680274009705,1.2465667869288308,1.5081628264981055,3948.1328125,-350.79687499999795,2703.1718749999995,4803.929517728737,1.8318943253487614
10.34375,2026-05-04T22:12:18.851562Z,2026-05-04T22:13:20.275625Z,0.9188621640205384,0.3280288875102997,0.7413687705993652,1.2253727112718669,1.3401197588903362,3953.015625,-255.0937499999959,2691.8437499999995,4795.117809977986,1.8112731146379237
10.3515625,2026-05-04T22:12:18.859375Z,2026-05-04T22:13:20.283437500Z,0.9052398800849916,0.3588470220565796,0.7027729749679565,1.2008831250710776,1.1459473280547734,3957.8984375000005,-159.39062499999386,2680.515624999999,4786.306102227237,1.7906519039270883
10.359375,2026-05-04T22:12:18.867187Z,2026-05-04T22:13:20.291250Z,0.8912582397460938,0.390316903591156,0.6598255038261414,1.1756097271814803,0.9455602303120049,3960.6562499999995,-60.18749999999081,2643.4374999999864,4765.177747834797,1.741207203736861
10.3671875,2026-05-04T22:12:18.875000Z,2026-05-04T22:13:20.299062500Z,0.8790262937545776,0.4192263782024384,0.6141717433929443,1.1513665409742335,0.7533414497060432,3952.2578124999995,57.39062500000647,2471.1718749999905,4679.3869985735255,1.5404391837799303
10.375,2026-05-04T22:12:18.882812Z,2026-05-04T22:13:20.306875Z,0.8695125579833984,0.4435270726680756,0.5636588931083679,1.1271555795277313,0.5613781719932522,3943.8593749999995,174.96875000000375,2298.9062499999945,4593.596249312253,1.3396711638229972
10.3828125,2026-05-04T22:12:18.890625Z,2026-05-04T22:13:20.314687500Z,0.863404393196106,0.4602396190166473,0.5054422616958618,1.1012536188413424,0.3560073409531908,3935.4609375,292.546875000001,2126.6406249999986,4507.805500050982,1.1389031438660664
10.390625,2026-05-04T22:12:18.898437Z,2026-05-04T22:13:20.322500Z,0.8603581190109253,0.4701864719390869,0.4362158477306366,1.0731149412592769,0.13290208381202495,3927.0625,410.12499999999835,1954.3750000000025,4422.01475078971,0.9381351239091333
10.3984375,2026-05-04T22:12:18.906250Z,2026-05-04T22:13:20.330312500Z,0.8586865663528442,0.4715675413608551,0.3554260432720184,1.0421354218794994,-0.11272757014656119,3918.171875000001,522.9296875000001,1778.664062500009,4336.030242878712,0.736913668811582
10.40625,2026-05-04T22:12:18.914062Z,2026-05-04T22:13:20.338125Z,0.862342119216919,0.464522510766983,0.2722374498844147,1.0166259502414632,-0.31498644363984646,3897.4687500000005,521.171875,1520.2656250000036,4245.395527374255,0.5248097703391151
10.4140625,2026-05-04T22:12:18.921875Z,2026-05-04T22:13:20.345937500Z,0.8689970374107361,0.4500134587287903,0.1880801320075989,0.9965149773694727,-0.4744418324326798,3876.765625,519.4140625,1261.8671874999982,4154.760811869797,0.312705871866646
10.421875,2026-05-04T22:12:18.929687Z,2026-05-04T22:13:20.353750Z,0.8782139420509338,0.431733638048172,0.105706512928009,0.9842903682909583,-0.5713680132724825,3856.0624999999995,517.65625,1003.4687499999926,4064.1260963653403,0.10060197339417908
10.4296875,2026-05-04T22:12:18.937500Z,2026-05-04T22:13:20.361562500Z,0.8897898197174072,0.4088605344295502,0.0261314790695905,0.9795793556854482,-0.608720574553383,3835.359374999999,515.8984374999999,745.0703124999872,3973.491380860883,-0.11150192507828895
10.4375,2026-05-04T22:12:18.945312Z,2026-05-04T22:13:20.369375Z,0.9041932225227356,0.3815649151802063,-0.050168290734291,0.9826871453050191,-0.5840796083888274,3814.6562499999986,514.1406249999999,486.6718749999816,3882.856665356426,-0.3236058235507559
10.4453125,2026-05-04T22:12:18.953125Z,2026-05-04T22:13:20.377187500Z,0.9207993149757384,0.3510571420192719,-0.124392181634903,0.9932703107787019,-0.500168065371667,3793.234374999999,409.42187499999415,207.96874999998556,3867.149075872817,-0.3603648175690561
10.453125,2026-05-04T22:12:18.960937Z,2026-05-04T22:13:20.385000Z,0.9365462064743042,0.3191837966442108,-0.2001230120658875,1.0094782379328175,-0.3716590498041053,3771.7499999999995,295.74999999999676,-72.50000000000796,3857.956888651883,-0.3818764285913574
10.4609375,2026-05-04T22:12:18.968750Z,2026-05-04T22:13:20.392812500Z,0.9511682987213136,0.287775993347168,-0.2773300111293793,1.0317209360638024,-0.19530169002577713,3750.265625,182.0781249999994,-352.9687500000015,3848.7647014309496,-0.4033880396136587
10.46875,2026-05-04T22:12:18.976562Z,2026-05-04T22:13:20.400625Z,0.9658841490745544,0.2581371963024139,-0.3519383370876312,1.0599186736067792,0.028271840285917157,3728.7812500000005,68.40625000000203,-633.437499999995,3839.5725142100164,-0.42489965063595897
10.4765625,2026-05-04T22:12:18.984375Z,2026-05-04T22:13:20.408437500Z,0.9786940813064576,0.2303294986486435,-0.4213800430297852,1.0901627967399228,0.26807070250855936,3707.296875000001,-45.26562499999534,-913.9062499999885,3830.3803269890827,-0.4464112616582603
10.484375,2026-05-04T22:12:18.992187Z,2026-05-04T22:13:20.416250Z,0.9913010001182556,0.2085581719875336,-0.4813957810401917,1.1215685810245986,0.5170801151974633,3689.8750000000005,-151.43749999999704,-1140.1562499999939,3887.6796276306186,-0.3123190986479615
10.4921875,2026-05-04T22:12:19.000000Z,2026-05-04T22:13:20.424062500Z,0.9997212290763856,0.1932111829519272,-0.5317240953445435,1.1486964832598971,0.7321711615430185,3673.46875,-255.73437499999926,-1352.8515624999984,3961.601800237777,-0.13932599212950095
10.5,2026-05-04T22:12:19.007812Z,2026-05-04T22:13:20.431875Z,1.004860877990723,0.1854368150234222,-0.5712117552757263,1.1706472849870255,0.9062141402687526,3657.0624999999995,-360.0312500000015,-1565.546875000003,4035.5239728449346,0.03366711438895856
10.5078125,2026-05-04T22:12:19.015625Z,2026-05-04T22:13:20.439687500Z,1.007891535758972,0.1840091943740845,-0.6020883917808533,1.188366594526299,1.0467065674481717,3640.6562499999995,-464.3281250000037,-1778.2421875000075,4109.446145452092,0.20666022090741806
10.515625,2026-05-04T22:12:19.023437Z,2026-05-04T22:13:20.447500Z,1.009031891822815,0.1879041343927383,-0.6277984380722046,1.2031559339018834,1.1639679190065249,3624.249999999999,-568.6250000000059,-1990.937500000012,4183.368318059251,0.3796533274258786
10.5234375,2026-05-04T22:12:19.031250Z,2026-05-04T22:13:20.455312500Z,1.006173133850098,0.1960974633693695,-0.650786817073822,1.214233120821,1.2517964471519067,3616.078125,-587.390624999999,-2119.695312500004,4234.923557343427,0.5003032039990222
10.53125,2026-05-04T22:12:19.039062Z,2026-05-04T22:13:20.463125Z,1.000174283981323,0.2098927050828934,-0.6703768372535706,1.2222146496874708,1.3150801976032278,3611.78125,-565.9062499999994,-2208.9531250000023,4275.953180946204,0.5963209723626137
10.5390625,2026-05-04T22:12:19.046875Z,2026-05-04T22:13:20.470937500Z,0.9919571280479432,0.2298018932342529,-0.682739794254303,1.225936980712132,1.344593724598217,3607.484375,-544.421875,-2298.2109375,4316.982804548981,0.6923387407262054
10.546875,2026-05-04T22:12:19.054687Z,2026-05-04T22:13:20.478750Z,0.9802875518798828,0.2554991841316223,-0.6821093559265137,1.2212766643578603,1.3076431225115832,3603.1875,-522.9375000000005,-2387.468749999998,4358.012428151758,0.7883565090897969
10.5546875,2026-05-04T22:12:19.062500Z,2026-05-04T22:13:20.486562500Z,0.967696249485016,0.2857897281646729,-0.6658560633659363,1.2089152563819292,1.2096322939268476,3598.890625,-501.45312500000097,-2476.726562499996,4399.042051754534,0.8843742774533864
10.5625,2026-05-04T22:12:19.070312Z,2026-05-04T22:13:20.494375Z,0.951699435710907,0.3191837966442108,-0.6365017294883728,1.1885893166331092,1.0484724810297894,3605.0937499999995,-422.3281250000053,-2486.2500000000023,4404.8318532594985,0.8979236052550967
10.5703125,2026-05-04T22:12:19.078125Z,2026-05-04T22:13:20.502187500Z,0.9370148181915284,0.3523451089859009,-0.5989207625389099,1.1665547244501557,0.8737651465915913,3619.5468749999995,-297.9140625000027,-2433.125000000001,4382.933223116175,0.8466763011867439
10.578125,2026-05-04T22:12:19.085937Z,2026-05-04T22:13:20.510000Z,0.9224239587783812,0.3827442824840546,-0.5568498373031616,1.1434338139162983,0.69044463783812,3634.0,-173.5,-2380.0,4361.034592972852,0.795428997118391
10.5859375,2026-05-04T22:12:19.093750Z,2026-05-04T22:13:20.517812500Z,0.9096608757972716,0.4088605344295502,-0.513456404209137,1.1217340703543124,0.5183922429387988,3648.4531250000005,-49.08593749999733,-2326.874999999999,4339.135962829528,0.744181693050036
10.59375,2026-05-04T22:12:19.101562Z,2026-05-04T22:13:20.525625Z,0.899006724357605,0.4296697676181793,-0.466434121131897,1.1001772534466145,0.3474730813929024,3662.9062500000005,75.32812500000533,-2273.7499999999977,4317.237332686204,0.6929343889816831
10.6015625,2026-05-04T22:12:19.109375Z,2026-05-04T22:13:20.533437500Z,0.8892117738723755,0.4455133378505707,-0.4124307334423065,1.0766981113031509,0.1613122346333467,3675.2109375000005,180.49218750000358,-2155.828124999991,4274.803264976383,0.5936299321937627
10.609375,2026-05-04T22:12:19.117187Z,2026-05-04T22:13:20.541250Z,0.8819944858551025,0.4557860493659973,-0.351031094789505,1.0530327750761552,-0.0263249032121494,3684.78125,261.1562500000017,-1955.4374999999957,4206.233185818296,0.4331618264900421
10.6171875,2026-05-04T22:12:19.125000Z,2026-05-04T22:13:20.549062500Z,0.8766205310821533,0.4608758389949799,-0.2796365320682526,1.02910965623263,-0.2160059415494014,3694.3515625,341.8203124999999,-1755.0468750000005,4137.66310666021,0.27269372078632353
10.625,2026-05-04T22:12:19.132812Z,2026-05-04T22:13:20.556875Z,0.8761674761772156,0.4593706429004669,-0.1999846249818802,1.0092991053690097,-0.37307935168553347,3703.9218749999995,422.484374999998,-1554.656250000005,4069.093027502124,0.11222561508260397
10.6328125,2026-05-04T22:12:19.140625Z,2026-05-04T22:13:20.564687500Z,0.877526581287384,0.4525583684444427,-0.1185951232910156,0.9944479780176694,-0.49083060623165276,3713.4921874999995,503.14843749999613,-1354.2656250000095,4000.522948344038,-0.048242490621115616
10.640625,2026-05-04T22:12:19.148437Z,2026-05-04T22:13:20.572500Z,0.8822600245475769,0.4382665753364563,-0.0373286455869674,0.9858264399747018,-0.5591888457551263,3724.562499999999,542.3125000000028,-1131.2500000000155,3944.8517841358666,-0.17852447909906666
10.6484375,2026-05-04T22:12:19.156250Z,2026-05-04T22:13:20.580312500Z,0.8891961574554443,0.4175349473953247,0.0394939333200454,0.9831403813795018,-0.580486001310165,3738.8203124999995,493.28906250000176,-860.1562500000095,3916.5908141962727,-0.24466096847223964
10.65625,2026-05-04T22:12:19.164062Z,2026-05-04T22:13:20.588125Z,0.8971477150917053,0.3907048404216766,0.1123800501227379,0.9849637407990126,-0.5660289938348028,3753.078125,444.2656250000007,-589.0625000000038,3888.329844256679,-0.31079745784541263
10.6640625,2026-05-04T22:12:19.171875Z,2026-05-04T22:13:20.595937500Z,0.9089891314506532,0.3609884679317474,0.1830519139766693,0.9950286017425052,-0.4862269710731079,3767.3359375,395.24218749999966,-317.968749999998,3860.0688743170845,-0.3769339472185867
10.671875,2026-05-04T22:12:19.179687Z,2026-05-04T22:13:20.603750Z,0.919783890247345,0.3293478786945343,0.2531855702400208,1.009244946946426,-0.37350876165910674,3781.5937500000005,346.21874999999864,-46.87499999999221,3831.8079043774906,-0.44307043659175965
10.6796875,2026-05-04T22:12:19.187500Z,2026-05-04T22:13:20.611562500Z,0.932843804359436,0.2980952560901642,0.3257641494274139,1.0320758819425115,-0.19248740384229765,3795.5390625000005,283.40624999999517,223.4375000000109,3823.053476341373,-0.4635576009748806
10.6875,2026-05-04T22:12:19.195312Z,2026-05-04T22:13:20.619375Z,0.943982183933258,0.2689530253410339,0.3980351984500885,1.0591837010777212,0.022444408111503892,3808.234375,165.4374999999979,490.6250000000047,3892.32521591914,-0.301447465397841
10.6953125,2026-05-04T22:12:19.203125Z,2026-05-04T22:13:20.627187500Z,0.9558548927307128,0.2433333247900009,0.4681688547134399,1.0918112288460367,0.2811407505888818,3820.9296875,47.46875000000064,757.8124999999985,3961.596955496907,-0.13933732982080246
10.703125,2026-05-04T22:12:19.210937Z,2026-05-04T22:13:20.635000Z,0.965337336063385,0.2216551154851913,0.5321979522705078,1.1243850866227407,0.5394115557522087,3833.6249999999995,-70.49999999999663,1024.9999999999923,4030.868695074674,0.022772805756237118
10.7109375,2026-05-04T22:12:19.218750Z,2026-05-04T22:13:20.642812500Z,0.9739137887954712,0.2039494216442108,0.5865088701248169,1.1550307741917734,0.7823943322318899,3846.3203124999995,-188.46874999999392,1292.1874999999861,4100.140434652441,0.1848829413332767
10.71875,2026-05-04T22:12:19.226562Z,2026-05-04T22:13:20.650625Z,0.9783504009246826,0.1906818002462387,0.6292718052864075,1.1787756618046743,0.9706622151561688,3858.937499999999,-301.1562499999963,1552.609374999987,4171.736074603359,0.35243148233878163
10.7265625,2026-05-04T22:12:19.234375Z,2026-05-04T22:13:20.658437500Z,0.9810061454772948,0.182876393198967,0.6632391810417175,1.1982082640019516,1.124738955170021,3870.6562499999995,-353.10937499999744,1735.226562499991,4270.056568845544,0.5825216857717209
10.734375,2026-05-04T22:12:19.242187Z,2026-05-04T22:13:20.666250Z,0.9811155200004578,0.1821005046367645,0.6915478706359863,1.2140785455463332,1.2505708545027279,3882.3749999999995,-405.0624999999985,1917.8437499999948,4368.377063087728,0.8126118892046602
10.7421875,2026-05-04T22:12:19.250000Z,2026-05-04T22:13:20.674062500Z,0.9774287343025208,0.189114511013031,0.7163199782371521,1.226476881207958,1.348874474416704,3894.09375,-457.01562499999966,2100.4609374999986,4466.697557329912,1.0427020926375996
10.75,2026-05-04T22:12:19.257812Z,2026-05-04T22:13:20.681875Z,0.9735076427459716,0.2044304758310318,0.7389853596687317,1.2391966396573406,1.4497265834522666,3905.8125,-508.96875000000074,2283.0781250000027,4565.018051572097,1.272792296070539
10.7578125,2026-05-04T22:12:19.265625Z,2026-05-04T22:13:20.689687500Z,0.9636033177375792,0.225224182009697,0.7547927498817444,1.2445759845790263,1.4923782016210123,3917.5312500000005,-560.9218750000018,2465.6953125000064,4663.33854581428,1.502882499503476
10.765625,2026-05-04T22:12:19.273437Z,2026-05-04T22:13:20.697500Z,0.952761709690094,0.2508904337882996,0.7619583606719971,1.2455044875936936,1.499740093566344,3922.6875,-488.37499999999886,2492.6875000000005,4676.008363383697,1.5325324816813979
10.7734375,2026-05-04T22:12:19.281250Z,2026-05-04T22:13:20.705312500Z,0.94173264503479,0.279163658618927,0.756361186504364,1.2397076137009146,1.4537779819251182,3927.5703125,-410.6406250000007,2513.1953125,4685.109402758418,1.5538307879737019
10.78125,2026-05-04T22:12:19.289062Z,2026-05-04T22:13:20.713125Z,0.9297975301742554,0.3077162206172943,0.7376783490180969,1.2261248167128833,1.3460830340771628,3932.453125,-332.90625000000244,2533.7031249999995,4694.210442133138,1.575129094266004
10.7890625,2026-05-04T22:12:19.296875Z,2026-05-04T22:13:20.720937500Z,0.9170031547546388,0.3363153338432312,0.708493173122406,1.2066338988977143,1.1915439226214708,3937.3359374999995,-255.17187500000426,2554.210937499999,4703.311481507859,1.596427400558308
10.796875,2026-05-04T22:12:19.304687Z,2026-05-04T22:13:20.728750Z,0.9041306972503662,0.3651161789894104,0.6715580224990845,1.1839562151756886,1.0117376597502796,3942.2187499999995,-177.43750000000605,2574.718749999998,4712.41252088258,1.617725706850612
10.8046875,2026-05-04T22:12:19.312500Z,2026-05-04T22:13:20.736562500Z,0.891664445400238,0.393141120672226,0.6299945116043091,1.1603958413428928,0.8249327451633142,3941.359375,-69.67968750000726,2475.1328125000077,4664.012366102651,1.5044593777364776
10.8125,2026-05-04T22:12:19.320312Z,2026-05-04T22:13:20.744375Z,0.8806353807449341,0.418667733669281,0.5864627361297607,1.1378663743622766,0.6463016595586577,3939.40625,43.796874999995154,2352.671875000005,4604.659602912306,1.3655616894972915
10.8203125,2026-05-04T22:12:19.328125Z,2026-05-04T22:13:20.752187500Z,0.8729805946350098,0.4400355815887451,0.5393788814544678,1.1165375091919274,0.47718987616081493,3937.453125,157.27343749999758,2230.2109375000027,4545.30683972196,1.2266640012581054
10.828125,2026-05-04T22:12:19.335937Z,2026-05-04T22:13:20.760000Z,0.8674660921096802,0.4553050100803375,0.4850064814090729,1.0931748991689783,0.29195298642222367,3935.5,270.75,2107.75,4485.954076531615,1.0877663130189195
10.8359375,2026-05-04T22:12:19.343750Z,2026-05-04T22:13:20.767812500Z,0.8646853566169739,0.4630638360977173,0.4214233458042145,1.0675703811169432,0.08894051125118692,3933.546875,384.2265625000024,1985.2890624999973,4426.60131334127,0.9488686247797333
10.84375,2026-05-04T22:12:19.351562Z,2026-05-04T22:13:20.775625Z,0.8642479777336121,0.4627535045146942,0.3485679626464844,1.04046383769009,-0.1259811858974648,3921.046875,434.2812500000003,1780.9843749999975,4346.2451755192005,0.7608187147271813
10.8515625,2026-05-04T22:12:19.359375Z,2026-05-04T22:13:20.783437500Z,0.8684033751487732,0.4545446336269379,0.2703922390937805,1.0167827736989727,-0.313743025653646,3904.4453125,459.67187499999966,1544.851562500003,4257.721058673684,0.5536540517472109
10.859375,2026-05-04T22:12:19.367187Z,2026-05-04T22:13:20.791250Z,0.8753395080566406,0.4403769671916962,0.1904942840337753,0.99821801218338,-0.4609388517411025,3887.8437500000005,485.0624999999991,1308.7187500000084,4169.196941828167,0.34648938876724056
10.8671875,2026-05-04T22:12:19.375000Z,2026-05-04T22:13:20.799062500Z,0.8846657872200012,0.4208246767520905,0.111103780567646,0.9859366174848714,-0.558315273012915,3871.242187500001,510.4531249999985,1072.5859375000139,4080.6728249826506,0.13932472578727123
10.875,2026-05-04T22:12:19.382812Z,2026-05-04T22:13:20.806875Z,0.895929217338562,0.3977964222431183,0.0349577739834785,0.9808940829631879,-0.5982963971372567,3854.6406250000014,535.843749999998,836.4531250000193,3992.148708137134,-0.06783993719269914
10.8828125,2026-05-04T22:12:19.390625Z,2026-05-04T22:13:20.814687500Z,0.909332811832428,0.3712301254272461,-0.0377591997385025,0.9829159302120862,-0.5822656242251308,3833.703125000002,485.06250000000796,582.0390625000208,3935.771317701719,-0.19977464047389204
10.890625,2026-05-04T22:12:19.398437Z,2026-05-04T22:13:20.822500Z,0.9248453974723816,0.3428482711315155,-0.1085848212242126,0.9923077192302854,-0.5078002376478884,3809.8750000000014,383.5000000000058,315.4375000000152,3900.82507820638,-0.28155603728921486
10.8984375,2026-05-04T22:12:19.406250Z,2026-05-04T22:13:20.830312500Z,0.9402329325675964,0.3128060400485992,-0.1787031143903732,1.0068864828114275,-0.39220849428735327,3786.046875000001,281.93750000000364,48.83593750000947,3865.8788387110417,-0.36333743410453656
10.90625,2026-05-04T22:12:19.414062Z,2026-05-04T22:13:20.838125Z,0.9543238878250122,0.2839431166648865,-0.2500054240226746,1.0265770737823698,-0.2360862192081013,3762.2187500000005,180.37500000000145,-217.76562499999622,3830.932599215703,-0.4451188309198594
10.9140625,2026-05-04T22:12:19.421875Z,2026-05-04T22:13:20.845937500Z,0.9673213362693788,0.2563992142677307,-0.3198930621147156,1.050610629999628,-0.0455295477287853,3738.390625,78.8124999999993,-484.3671875000019,3795.986359720364,-0.5269002277351822
10.921875,2026-05-04T22:12:19.429687Z,2026-05-04T22:13:20.853750Z,0.979334592819214,0.2316174656152725,-0.3853367865085602,1.0776025863495138,0.16848361421250588,3718.78125,-25.093750000000757,-728.3750000000016,3806.0312813681867,-0.5033930425523818
10.9296875,2026-05-04T22:12:19.437500Z,2026-05-04T22:13:20.861562500Z,0.9898169040679932,0.2113979160785675,-0.4447528123855591,1.1055458591238865,0.3900395505037565,3703.7421875000005,-131.5390624999983,-947.9062499999965,3864.8166275877643,-0.36582322687162344
10.9375,2026-05-04T22:12:19.445312Z,2026-05-04T22:13:20.869375Z,0.9980496764183044,0.1985027194023132,-0.4944968223571777,1.1313856961841713,0.5949178172597979,3688.7031250000005,-237.98437499999585,-1167.4374999999914,3923.601973807342,-0.22825341119086498
10.9453125,2026-05-04T22:12:19.453125Z,2026-05-04T22:13:20.877187500Z,1.002689361572266,0.1916904449462891,-0.5341690182685852,1.1521578548844464,0.7596156000424457,3673.664062500001,-344.4296874999934,-1386.9687499999864,3982.387320026919,-0.09068359551010759
10.953125,2026-05-04T22:12:19.460937Z,2026-05-04T22:13:20.885000Z,1.004314064979553,0.1914421617984772,-0.5643229484558105,1.1678001680868553,0.8836399895727618,3658.6250000000014,-450.8749999999909,-1606.4999999999814,4041.1726662464966,0.04688622017065087
10.9609375,2026-05-04T22:12:19.468750Z,2026-05-04T22:13:20.892812500Z,1.004454731941223,0.1969974935054779,-0.5878341197967529,1.1803754798214754,0.9833468130366665,3646.6093750000005,-516.8906250000006,-1790.1015624999889,4097.495984590454,0.17869438362289605
10.96875,2026-05-04T22:12:19.476562Z,2026-05-04T22:13:20.900625Z,1.00081479549408,0.2074564248323441,-0.6088849902153015,1.1897097773799974,1.057356362737521,3639.9687500000005,-511.0312500000004,-1909.8281249999916,4149.442364488864,0.30025960978000477
10.9765625,2026-05-04T22:12:19.484375Z,2026-05-04T22:13:20.908437500Z,0.9944878816604614,0.2230516970157623,-0.627091109752655,1.1966626367702553,1.1124840238582607,3633.3281250000005,-505.1718750000003,-2029.554687499994,4201.388744387274,0.42182483593711345
10.984375,2026-05-04T22:12:19.492187Z,2026-05-04T22:13:20.916250Z,0.9871611595153807,0.243100568652153,-0.6382085680961609,1.200372949431177,1.1419022599453987,3626.6875,-499.31250000000017,-2149.281249999997,4253.335124285683,0.5433900620942221
10.9921875,2026-05-04T22:12:19.500000Z,2026-05-04T22:13:20.924062500Z,0.975210428237915,0.2675719559192657,-0.6395463347434998,1.1965156268190917,1.1113184149606499,3620.046875,-493.45312500000006,-2269.007812499999,4305.281504184094,0.664955288251333
11.0,2026-05-04T22:12:19.507812Z,2026-05-04T22:13:20.931875Z,0.9610881805419922,0.2964814007282257,-0.6277984380722046,1.1856317263809988,1.0250224119286082,3616.546875,-464.10937499999966,-2353.859375,4341.504335572708,0.7497241729824619
11.0078125,2026-05-04T22:12:19.515625Z,2026-05-04T22:13:20.939687500Z,0.9480282664299012,0.3277029991149902,-0.602303683757782,1.1700070841867742,0.9011381318548718,3622.9921875,-360.39843750000205,-2328.2734375000005,4327.935930013643,0.7179713098646672
11.015625,2026-05-04T22:12:19.523437Z,2026-05-04T22:13:20.947500Z,0.9353745579719543,0.3585366606712341,-0.5673829317092896,1.151259089841004,0.7524894937944918,3629.4374999999995,-256.68750000000443,-2302.687500000001,4314.3675244545775,0.6862184467468725
11.0234375,2026-05-04T22:12:19.531250Z,2026-05-04T22:13:20.955312500Z,0.9211898446083068,0.3873530328273773,-0.5277414917945862,1.1301080408578725,0.5847875750236331,3635.8828124999995,-152.97656250000685,-2277.101562500002,4300.799118895512,0.6544655836290779
11.03125,2026-05-04T22:12:19.539062Z,2026-05-04T22:13:20.963125Z,0.9095515012741088,0.4115140736103058,-0.4858396649360657,1.110255802180075,0.42738363156821063,3642.3281249999995,-49.26562500000924,-2251.5156250000023,4287.230713336447,0.6227127205112832
11.0390625,2026-05-04T22:12:19.546875Z,2026-05-04T22:13:20.970937500Z,0.8983505964279175,0.4299956560134888,-0.4409701228141785,1.0892128843837725,0.26053906070121463,3649.6640624999986,52.47656249999069,-2209.921875000017,4269.049993085957,0.5801660912125288
11.046875,2026-05-04T22:12:19.554687Z,2026-05-04T22:13:20.978750Z,0.8909457921981812,0.4434029161930084,-0.3901651203632355,1.0689337546696551,0.0997503940600051,3663.5312499999986,139.78124999999255,-2050.9375000000136,4217.045631764987,0.4584651765866523
11.0546875,2026-05-04T22:12:19.562500Z,2026-05-04T22:13:20.986562500Z,0.8848532438278198,0.4515186846256256,-0.3325020372867584,1.047564790587444,-0.06967932460739595,3677.398437499999,227.08593749999443,-1891.9531250000102,4165.041270444017,0.33676426196077575
11.0625,2026-05-04T22:12:19.570312Z,2026-05-04T22:13:20.994375Z,0.8810571432113647,0.454637736082077,-0.2678886651992798,1.026996347420895,-0.23276189265924888,3691.2656249999995,314.3906249999963,-1732.9687500000068,4113.036909123048,0.21506334733490132
11.0703125,2026-05-04T22:12:19.578125Z,2026-05-04T22:13:21.002187500Z,0.8802917003631592,0.4515807628631592,-0.1953869611024857,1.0084714808487145,-0.3796414006971926,3705.1328124999995,401.6953124999981,-1573.9843750000034,4061.0325478020777,0.09336243270902475
11.078125,2026-05-04T22:12:19.585937Z,2026-05-04T22:13:21.010000Z,0.8835878968238831,0.4431236088275909,-0.1186412572860718,0.995571118526678,-0.4819254772917007,3719.0,489.0,-1415.0,4009.0281864811077,-0.028338481916851815
11.0859375,2026-05-04T22:12:19.593750Z,2026-05-04T22:13:21.017812500Z,0.8881963491439819,0.4280559420585632,-0.0415880233049392,0.9868405179393246,-0.5511484492440064,3730.5234375000005,467.32031249999955,-1169.8828124999948,3968.2478032735985,-0.12377297643003306
11.09375,2026-05-04T22:12:19.601562Z,2026-05-04T22:13:21.025625Z,0.8938202261924744,0.407836377620697,0.0324205979704856,0.9830036636932243,-0.5815700051502074,3742.0468750000005,445.6406249999991,-924.7656249999895,3927.4674200660897,-0.21920747094321322
11.1015625,2026-05-04T22:12:19.609375Z,2026-05-04T22:13:21.033437500Z,0.9032246470451356,0.3825114965438843,0.1035537570714951,0.9863332036495953,-0.5551708303502734,3753.570312500001,423.96093749999864,-679.6484374999843,3886.6870368585805,-0.31464196545639445
11.109375,2026-05-04T22:12:19.617187Z,2026-05-04T22:13:21.041250Z,0.91384756565094,0.3535244464874268,0.1705966889858246,0.9945854100092746,-0.489740938825035,3765.093750000001,402.2812499999982,-434.5312499999791,3845.906653651072,-0.41007645996957465
11.1171875,2026-05-04T22:12:19.625000Z,2026-05-04T22:13:21.049062500Z,0.9255170822143556,0.3226752877235413,0.2359789162874222,1.0081603343269514,-0.3821084116128294,3776.6171875000014,380.60156249999767,-189.41406249997385,3805.1262704435626,-0.5055109544827558
11.125,2026-05-04T22:12:19.632812Z,2026-05-04T22:13:21.056875Z,0.9365930557250975,0.293160617351532,0.3020223379135132,1.0268238369833218,-0.23412968918849392,3787.453125000001,278.99999999999,71.8593750000234,3837.671872233243,-0.4293475442563039
11.1328125,2026-05-04T22:12:19.640625Z,2026-05-04T22:13:21.064687500Z,0.9477627277374268,0.2657874226570129,0.3695419430732727,1.051407813277662,-0.039208860492659627,3798.195312500001,166.4999999999926,335.33593750001734,3880.2164719770753,-0.32978441974719874
11.140625,2026-05-04T22:12:19.648437Z,2026-05-04T22:13:21.072500Z,0.9579482078552246,0.2419367283582687,0.4364311099052429,1.08012511458389,0.18848417425073033,3808.9375000000005,53.99999999999521,598.8125000000113,3922.7610717209077,-0.2302212952380936
11.1484375,2026-05-04T22:12:19.656250Z,2026-05-04T22:13:21.080312500Z,0.966774582862854,0.2221516817808151,0.4986149668693542,1.1102348170426908,0.42721724512525855,3819.6796875,-58.50000000000219,862.2890625000051,3965.3056714647396,-0.1306581707289895
11.15625,2026-05-04T22:12:19.664062Z,2026-05-04T22:13:21.088125Z,0.9733514189720154,0.2071460634469986,0.551434338092804,1.137718025542477,0.6451254350722214,3830.421875,-170.99999999999957,1125.765624999999,4007.850271208572,-0.03109504621988432
11.1640625,2026-05-04T22:12:19.671875Z,2026-05-04T22:13:21.095937500Z,0.9775224328041076,0.1962371319532394,0.593489944934845,1.1602971314845432,0.8241500968577844,3842.9453125,-246.09375000000045,1335.5078125000014,4089.061899346305,0.15895688734041274
11.171875,2026-05-04T22:12:19.679687Z,2026-05-04T22:13:21.103750Z,0.9800063371658324,0.1903869658708572,0.626919150352478,1.1788499644727377,0.9712513443295713,3856.0312500000005,-309.3750000000018,1528.2812500000055,4182.484168029481,0.3775842342852991
11.1796875,2026-05-04T22:12:19.687500Z,2026-05-04T22:13:21.111562500Z,0.9792721271514891,0.1908214539289474,0.6546589136123657,1.193300054247666,1.085822861969159,3869.1171875000005,-372.6562500000031,1721.0546875000095,4275.906436712657,0.5962115812301834
11.1875,2026-05-04T22:12:19.695312Z,2026-05-04T22:13:21.119375Z,0.9757415652275084,0.1993406713008881,0.6778932809829712,1.204718890757995,1.176360253019606,3882.203125000001,-435.9375000000045,1913.8281250000136,4369.328705395833,0.8148389281750696
11.1953125,2026-05-04T22:12:19.703125Z,2026-05-04T22:13:21.127187500Z,0.9687585830688475,0.2146566361188889,0.6980830430984497,1.213214984560045,1.2437238733202969,3895.2890625000014,-499.21875000000585,2106.6015625000177,4462.750974079009,1.033466275119956
11.203125,2026-05-04T22:12:19.710937Z,2026-05-04T22:13:21.135000Z,0.9603383541107178,0.23543481528759,0.7139673233032227,1.2196018388680596,1.2943638072175794,3904.2500000000005,-486.99999999999534,2214.375000000005,4516.6286560091585,1.1595511457397827
11.2109375,2026-05-04T22:12:19.718750Z,2026-05-04T22:13:21.142812500Z,0.9503090977668762,0.2610234916210175,0.7212405204772949,1.2212323828227292,1.307292024161164,3910.8906250000005,-432.3124999999966,2274.3359375000036,4548.262507890741,1.23358087342679
11.21875,2026-05-04T22:12:19.726562Z,2026-05-04T22:13:21.150625Z,0.9396549463272096,0.2887535989284515,0.7175808548927307,1.2170671067611294,1.274266485413762,3917.5312500000005,-377.62499999999784,2334.2968750000023,4579.896359772323,1.307610601113795
11.2265625,2026-05-04T22:12:19.734375Z,2026-05-04T22:13:21.158437500Z,0.9275323152542114,0.3167319893836975,0.7018349766731262,1.2054906401219216,1.1824792804609348,3924.171875,-322.93749999999915,2394.257812500001,4611.530211653906,1.381640328800802
11.234375,2026-05-04T22:12:19.742187Z,2026-05-04T22:13:21.166250Z,0.9152066707611084,0.3440586626529694,0.6756790280342102,1.1884955879082753,1.0477293270135923,3930.8125,-268.2500000000004,2454.2187499999995,4643.164063535488,1.455670056487807
11.2421875,2026-05-04T22:12:19.750000Z,2026-05-04T22:13:21.174062500Z,0.903271496295929,0.3708577156066895,0.6417270302772522,1.168438454790906,0.8887008215476009,3934.0,-184.5156250000008,2438.7187500000005,4636.834509616229,1.4408575968867126
11.25,2026-05-04T22:12:19.757812Z,2026-05-04T22:13:21.181875Z,0.89141446352005,0.3969584703445435,0.6029313206672668,1.1470492362547446,0.7191105098621521,3934.0,-73.96874999999842,2353.5624999999986,4595.461811880805,1.3440369644042836
11.2578125,2026-05-04T22:12:19.765625Z,2026-05-04T22:13:21.189687500Z,0.881791353225708,0.420902281999588,0.5613985061645508,1.1268908573326324,0.559279249141023,3934.0,36.578125000003936,2268.406249999997,4554.089114145381,1.2472163319218565
11.265625,2026-05-04T22:12:19.773437Z,2026-05-04T22:13:21.197500Z,0.8755426406860352,0.4394614398479462,0.5161752700805664,1.1073112399932783,0.404036859071974,3934.0,147.12500000000628,2183.249999999995,4512.716416409958,1.1503956994394295
11.2734375,2026-05-04T22:12:19.781250Z,2026-05-04T22:13:21.205312500Z,0.8702311515808105,0.4521859586238861,0.4652780294418335,1.0854759523082684,0.23090976525217083,3934.0,257.67187500000864,2098.093749999993,4471.343718674534,1.0535750669570025
11.28125,2026-05-04T22:12:19.789062Z,2026-05-04T22:13:21.213125Z,0.8670598864555359,0.4584240615367889,0.4057851135730743,1.061417460424354,0.040155384470237886,3928.921874999999,342.1250000000037,1963.796874999983,4413.996148305433,0.9193699428441306
11.2890625,2026-05-04T22:12:19.796875Z,2026-05-04T22:13:21.220937500Z,0.8678566217422485,0.4570429921150208,0.3391266167163849,1.037819962570012,-0.14694387814886317,3916.226562499999,387.4375000000027,1755.7890624999877,4332.686268985826,0.7290880812856159
11.296875,2026-05-04T22:12:19.804687Z,2026-05-04T22:13:21.228750Z,0.8734180331230164,0.4483841061592102,0.2670554518699646,1.0174605553111842,-0.30836904741899124,3903.5312499999995,432.7500000000016,1547.7812499999925,4251.376389666219,0.5388062197271012
11.3046875,2026-05-04T22:12:19.812500Z,2026-05-04T22:13:21.236562500Z,0.8805728554725647,0.4333319365978241,0.1905865520238876,0.9997541472197458,-0.44875918191502767,3890.8359375,478.06250000000057,1339.7734374999975,4170.066510346613,0.34852435816858646
11.3125,2026-05-04T22:12:19.820312Z,2026-05-04T22:13:21.244375Z,0.8888680934906006,0.4133917093276978,0.1138562262058258,0.9868852178507503,-0.550794033681877,3878.140625,523.3749999999995,1131.7656250000023,4088.756631027005,0.15824249661006962
11.3203125,2026-05-04T22:12:19.828125Z,2026-05-04T22:13:21.252187500Z,0.9009281992912292,0.3898824155330658,0.0422310084104538,0.9825799592355825,-0.5849294626690742,3863.0937500000005,533.0312500000017,911.4531250000053,4016.3134247890566,-0.011289524044402354
11.328125,2026-05-04T22:12:19.835937Z,2026-05-04T22:13:21.260000Z,0.914784848690033,0.3637195825576782,-0.0273644682019949,0.9848208305315014,-0.5671620972611531,3842.0,451.0,659.5,3966.6702350468054,-0.12746481094561293
11.3359375,2026-05-04T22:12:19.843750Z,2026-05-04T22:13:21.267812500Z,0.928797721862793,0.3360825777053833,-0.0942843779921531,0.9922228837856827,-0.5084728788417601,3820.9062499999995,368.96874999999824,407.5468749999946,3917.027045304554,-0.24364009784682353
11.34375,2026-05-04T22:12:19.851562Z,2026-05-04T22:13:21.275625Z,0.9418732523918152,0.3082593381404877,-0.1603431850671768,1.0039217998028702,-0.4157148002620086,3799.812499999999,286.93749999999653,155.59374999998926,3867.383855562303,-0.3598153847480341
11.3515625,2026-05-04T22:12:19.859375Z,2026-05-04T22:13:21.283437500Z,0.9559954404830932,0.281041294336319,-0.2271554470062256,1.022013252581049,-0.272271732891088,3778.7187499999986,204.90624999999477,-96.35937500001612,3817.7406658200516,-0.4759906716492447
11.359375,2026-05-04T22:12:19.867187Z,2026-05-04T22:13:21.291250Z,0.967477560043335,0.2544129490852356,-0.2927529811859131,1.0423258059948872,-0.1112180572387381,3758.718749999999,118.53124999999146,-344.1562500000177,3782.751676668222,-0.5578721114640912
11.3671875,2026-05-04T22:12:19.875000Z,2026-05-04T22:13:21.299062500Z,0.980537474155426,0.2320830076932907,-0.3543678820133209,1.0681258617249532,0.09334479228129376,3744.460937499999,9.351562499993982,-570.1328125000124,3824.6972406160608,-0.459710854075632
11.375,2026-05-04T22:12:19.882812Z,2026-05-04T22:13:21.306875Z,0.9894576072692872,0.2141910940408707,-0.4114773869514465,1.092802736692162,0.2890021936976464,3730.2031249999995,-99.82812500000351,-796.1093750000072,3866.6428045638995,-0.3615495966871728
11.3828125,2026-05-04T22:12:19.890625Z,2026-05-04T22:13:21.314687500Z,0.9959250688552856,0.2021338492631912,-0.4592377841472626,1.1151789893020976,0.466418476955294,3715.9453125,-209.007812500001,-1022.0859375000019,3908.5883685117383,-0.2633883392987135
11.390625,2026-05-04T22:12:19.898437Z,2026-05-04T22:13:21.322500Z,1.000221133232117,0.196749210357666,-0.4976952075958252,1.1343954719604432,0.6187816536658977,3701.6875,-318.18749999999847,-1248.0624999999968,3950.5339324595766,-0.1652270819102554
11.3984375,2026-05-04T22:12:19.906250Z,2026-05-04T22:13:21.330312500Z,1.001127243041992,0.1975250989198685,-0.5275723338127136,1.148740392285723,0.7325193063507889,3687.5156250000005,-423.7421874999993,-1470.3671874999952,3992.812690921957,-0.06628608074381293
11.40625,2026-05-04T22:12:19.914062Z,2026-05-04T22:13:21.338125Z,1.000846028327942,0.2042597830295563,-0.5514218211174011,1.1608104307713332,0.8282199316620558,3675.40625,-442.2968749999997,-1604.5468749999982,4043.0881177333417,0.05136877109425087
11.4140625,2026-05-04T22:12:19.921875Z,2026-05-04T22:13:21.345937500Z,0.9976903200149536,0.2158980518579483,-0.5710887312889099,1.1696752893229705,0.8985074048709486,3663.296875,-460.8515625000001,-1738.726562500001,4093.3635445447267,0.16902362293231465
11.421875,2026-05-04T22:12:19.929687Z,2026-05-04T22:13:21.353750Z,0.9912384748458862,0.2314157336950302,-0.587249755859375,1.1751464723911242,0.9418871870844819,3651.1874999999995,-479.4062500000005,-1872.9062500000039,4143.638971356112,0.2866784747703795
11.4296875,2026-05-04T22:12:19.937500Z,2026-05-04T22:13:21.361562500Z,0.9813029766082764,0.2523646056652069,-0.5986286401748657,1.1768600914851466,0.9554740881568173,3639.0781249999995,-497.9609375000009,-2007.0859375000068,4193.914398167497,0.40433332660844334
11.4375,2026-05-04T22:12:19.945312Z,2026-05-04T22:13:21.369375Z,0.9717267155647278,0.2774101793766022,-0.5994128584861755,1.1749489317764155,0.9403209319002469,3626.968749999999,-516.5156250000014,-2141.2656250000095,4244.189824978882,0.5219881784465071
11.4453125,2026-05-04T22:12:19.953125Z,2026-05-04T22:13:21.377187500Z,0.9585261940956116,0.3048609793186188,-0.5898792147636414,1.1660489567289598,0.8697550278800057,3628.875,-435.7031249999954,-2153.9765625,4246.073468276019,0.5263962916560063
11.453125,2026-05-04T22:12:19.960937Z,2026-05-04T22:13:21.385000Z,0.9454194307327272,0.3346239030361176,-0.5676289796829224,1.1523860963522574,0.7614252753982875,3632.0,-346.24999999999744,-2156.125,4243.74913039801,0.5209568623760759
11.4609375,2026-05-04T22:12:19.968750Z,2026-05-04T22:13:21.392812500Z,0.9325782060623168,0.3634712994098663,-0.5361372232437134,1.1354543663505747,0.627177389553152,3635.125,-256.7968749999995,-2158.2734375,4241.42479252,0.5155174330961454
11.46875,2026-05-04T22:12:19.976562Z,2026-05-04T22:13:21.400625Z,0.9197682738304138,0.3900065422058105,-0.4995865225791931,1.1169894690869213,0.4807733646988257,3638.25,-167.34375000000156,-2160.421875,4239.10045464199,0.510078003816215
11.4765625,2026-05-04T22:12:19.984375Z,2026-05-04T22:13:21.408437500Z,0.9083173871040344,0.4130037724971771,-0.4596375823020935,1.0985805836973972,0.3348134454192594,3641.375,-77.89062500000362,-2162.5703125,4236.77611676398,0.5046385745362846
11.484375,2026-05-04T22:12:19.992187Z,2026-05-04T22:13:21.416250Z,0.8998190760612488,0.4312991201877594,-0.4167208671569824,1.0813646849432998,0.19831244933487932,3654.1874999999995,18.43749999999721,-2068.000000000003,4208.150194194699,0.437648020855814
11.4921875,2026-05-04T22:12:20.000000Z,2026-05-04T22:13:21.424062500Z,0.8917112946510315,0.4430925846099854,-0.3695294260978699,1.0620885407049625,0.04547622935112686,3669.421875,116.4843749999993,-1949.250000000001,4172.948875452596,0.35526968607519976
11.5,2026-05-04T22:12:20.007812Z,2026-05-04T22:13:21.431875Z,0.8871184587478638,0.4496099948883057,-0.3152492642402649,1.043317020832439,-0.10335893732917054,3684.65625,214.5312500000014,-1830.4999999999984,4137.747556710495,0.2728913512945877
11.5078125,2026-05-04T22:12:20.015625Z,2026-05-04T22:13:21.439687500Z,0.8848220109939575,0.4508203864097595,-0.2544646859169006,1.0251347659312033,-0.24752195434784782,3699.8906250000005,312.57812500000347,-1711.7499999999957,4102.546237968393,0.19051301651397565
11.515625,2026-05-04T22:12:20.023437Z,2026-05-04T22:13:21.447500Z,0.8832754492759705,0.4464909434318542,-0.1874986439943314,1.0073159501169668,-0.3888033444413222,3715.125000000001,410.62500000000557,-1592.9999999999932,4067.3449192262915,0.10813468173336359
11.5234375,2026-05-04T22:12:20.031250Z,2026-05-04T22:13:21.455312500Z,0.8861654996871948,0.4368544518947601,-0.1155966520309448,0.9947329746906405,-0.4885709315961922,3727.7031250000005,439.74218749999983,-1405.5859374999895,4025.532182160053,0.010284266600573275
11.53125,2026-05-04T22:12:20.039062Z,2026-05-04T22:13:21.463125Z,0.8923205733299255,0.4219109117984772,-0.042787417769432,0.9879653770258577,-0.5422296940886999,3739.0312500000005,436.42187499999994,-1185.8593749999945,3980.6081894118684,-0.09484712752147482
11.5390625,2026-05-04T22:12:20.046875Z,2026-05-04T22:13:21.470937500Z,0.8981631398200989,0.401706874370575,0.0271924808621406,0.9842788576737352,-0.5714592783721983,3750.359375,433.1015625,-966.1328124999997,3935.684196663684,-0.19997852164352292
11.546875,2026-05-04T22:12:20.054687Z,2026-05-04T22:13:21.478750Z,0.9076456427574158,0.3767854869365692,0.0941739007830619,0.9872470002847554,-0.5479255419863288,3761.6874999999995,429.78125000000006,-746.4062500000048,3890.7602039154995,-0.305109915765571
11.5546875,2026-05-04T22:12:20.062500Z,2026-05-04T22:13:21.486562500Z,0.9178467392921448,0.3480467200279236,0.1586335152387619,0.9943559464841676,-0.4915603035988133,3773.0156249999995,426.46093750000017,-526.6796875000098,3845.836211167315,-0.41024130988761914
11.5625,2026-05-04T22:12:20.070312Z,2026-05-04T22:13:21.494375Z,0.928672730922699,0.3181130886077881,0.2211864143610001,1.006256631382316,-0.3972024448610007,3783.1406249999995,368.5625000000043,-290.00000000001063,3836.273609492185,-0.43261976701130966
11.5703125,2026-05-04T22:12:20.078125Z,2026-05-04T22:13:21.502187500Z,0.9393893480300904,0.2899639904499054,0.284031480550766,1.0233305159594779,-0.26182744730197693,3792.3203125,267.78125000000216,-40.00000000000531,3854.4949579458903,-0.38997805935056173
11.578125,2026-05-04T22:12:20.085937Z,2026-05-04T22:13:21.510000Z,0.949809193611145,0.2646701335906982,0.3477837443351746,1.045533986394974,-0.08578111511418,3801.5,167.0,210.00000000000003,3872.716306399595,-0.3473363516898148
11.5859375,2026-05-04T22:12:20.093750Z,2026-05-04T22:13:21.517812500Z,0.959166705608368,0.2424643337726593,0.4093217849731445,1.070669905224309,0.1135159420251552,3810.6796875,66.21874999999785,460.0000000000054,3890.9376548532996,-0.3046946440290679
11.59375,2026-05-04T22:12:20.101562Z,2026-05-04T22:13:21.525625Z,0.967961847782135,0.2237034440040588,0.4670463502407074,1.0977821563927188,0.32848289457516666,3819.8593750000005,-34.562500000004285,710.0000000000107,3909.1590033070047,-0.26205293636831994
11.6015625,2026-05-04T22:12:20.109375Z,2026-05-04T22:13:21.533437500Z,0.9743512272834778,0.2090547382831573,0.5176360607147217,1.1229475896317307,0.5280139648425578,3829.4687500000005,-124.85937500000341,938.3437500000089,3955.0918074744873,-0.15456071578297087
11.609375,2026-05-04T22:12:20.117187Z,2026-05-04T22:13:21.541250Z,0.9778192639350892,0.199464812874794,0.5594764351844788,1.1440850519189858,0.6956081577521583,3839.625,-201.81250000000165,1139.1250000000043,4036.2937370958607,0.03546852125185239
11.6171875,2026-05-04T22:12:20.125000Z,2026-05-04T22:13:21.549062500Z,0.9782410860061646,0.1961129903793335,0.5927979946136475,1.1605280650479792,0.8259811172354359,3849.78125,-278.7656249999999,1339.9062499999995,4117.495666717235,0.2254977582866767
11.625,2026-05-04T22:12:20.132812Z,2026-05-04T22:13:21.556875Z,0.9772568941116332,0.1990458369255066,0.6203532218933105,1.174516241777653,0.9368902300431753,3859.9374999999995,-355.71874999999807,1540.687499999995,4198.697596338608,0.4155269953214989
11.6328125,2026-05-04T22:12:20.140625Z,2026-05-04T22:13:21.564687500Z,0.9733670353889464,0.2079840302467346,0.6428033709526062,1.1848615598995416,1.018915934807006,3870.0937499999995,-432.6718749999963,1741.4687499999905,4279.8995259599815,0.6055562323563232
11.640625,2026-05-04T22:12:20.148437Z,2026-05-04T22:13:21.572500Z,0.9665871262550354,0.2225706577301025,0.6614554524421692,1.1922045486785617,1.0771368442633962,3880.2499999999995,-475.06250000000176,1907.2499999999948,4350.903569836649,0.7717203167221054
11.6484375,2026-05-04T22:12:20.156250Z,2026-05-04T22:13:21.580312500Z,0.9589792490005492,0.2430384904146194,0.6753560900688171,1.1978375333198217,1.1217995148240603,3890.4062499999995,-444.0078125000011,1998.6562499999968,4400.237106505808,0.8871709516661571
11.65625,2026-05-04T22:12:20.164062Z,2026-05-04T22:13:21.588125Z,0.9488093852996826,0.2675874531269073,0.6812300682067871,1.198297417393833,1.1254458323984446,3900.5625,-412.95312500000045,2090.0624999999986,4449.570643174967,1.0026215866102088
11.6640625,2026-05-04T22:12:20.171875Z,2026-05-04T22:13:21.595937500Z,0.937952160835266,0.2945416867733002,0.6792310476303101,1.1949325827542632,1.0987668139794269,3910.71875,-381.8984374999998,2181.4687500000005,4498.904179844126,1.1180722215542604
11.671875,2026-05-04T22:12:20.179687Z,2026-05-04T22:13:21.603750Z,0.9268137216567992,0.3221321702003479,0.6676369309425354,1.1867990062717784,1.0342775121169012,3920.8750000000005,-350.84374999999915,2272.8750000000027,4548.237716513285,1.233522856498312
11.6796875,2026-05-04T22:12:20.187500Z,2026-05-04T22:13:21.611562500Z,0.9139256477355956,0.3496760725975037,0.6445870995521545,1.1717619102211856,0.9150517535061924,3929.5078125,-304.5156249999956,2335.2578124999977,4582.659064837309,1.3140758998831652
11.6875,2026-05-04T22:12:20.195312Z,2026-05-04T22:13:21.619375Z,0.9018186926841736,0.3757458031177521,0.6122804284095764,1.1529740613078037,0.7660871175269577,3932.046875,-197.0937499999981,2281.546874999999,4557.431659780811,1.2550385770312587
11.6953125,2026-05-04T22:12:20.203125Z,2026-05-04T22:13:21.627187500Z,0.8930079340934753,0.3996740579605103,0.5758219361305237,1.135241571247998,0.6254901849593929,3934.5859375,-89.67187500000058,2227.8359375000005,4532.204254724313,1.196001254179352
11.703125,2026-05-04T22:12:20.210937Z,2026-05-04T22:13:21.635000Z,0.8836659789085388,0.4201263785362244,0.5362113118171692,1.1157483171141414,0.4709325493573532,3937.125,17.749999999996927,2174.1250000000014,4506.976849667813,1.1369639313274433
11.7109375,2026-05-04T22:12:20.218750Z,2026-05-04T22:13:21.642812500Z,0.8772610425949097,0.4373199939727783,0.493386834859848,1.097390670087949,0.3253788875571331,3939.6640625,125.17187499999444,2120.4140625000027,4481.749444611315,1.0779266084755366
11.71875,2026-05-04T22:12:20.226562Z,2026-05-04T22:13:21.650625Z,0.8726056814193726,0.4500134587287903,0.4451651573181152,1.078018926351703,0.17178468061748123,3941.5156250000005,229.15624999999542,2057.0000000000123,4453.267722249676,1.0112735129757549
11.7265625,2026-05-04T22:12:20.234375Z,2026-05-04T22:13:21.658437500Z,0.8702311515808105,0.4548704922199249,0.3902237713336945,1.0566380712372387,0.0022606806249980244,3935.4609375000005,293.6093749999968,1882.0000000000086,4387.361350878878,0.857039032025317
11.734375,2026-05-04T22:12:20.242187Z,2026-05-04T22:13:21.666250Z,0.8719651699066162,0.4527445733547211,0.3287472426891327,1.03603844320958,-0.16106914518929016,3929.40625,358.0624999999982,1707.000000000005,4321.45497950808,0.7028045510748813
11.7421875,2026-05-04T22:12:20.250000Z,2026-05-04T22:13:21.674062500Z,0.8771829009056091,0.4430925846099854,0.2600589990615845,1.0165685235981143,-0.315441766602119,3923.3515625,422.51562499999955,1532.0000000000014,4255.548608137282,0.5485700701244434
11.75,2026-05-04T22:12:20.257812Z,2026-05-04T22:13:21.681875Z,0.8837597370147705,0.4269697070121765,0.1884184181690216,0.999417782401232,-0.451426143043847,3917.296875,486.9687500000009,1356.9999999999975,4189.6422367664845,0.39433558917400763
11.7578125,2026-05-04T22:12:20.265625Z,2026-05-04T22:13:21.689687500Z,0.8934765458106995,0.4068587720394135,0.1169469654560089,0.9886915550507182,-0.5364719915636172,3911.2421875,551.4218750000023,1181.9999999999939,4123.735865395686,0.24010110822356975
11.765625,2026-05-04T22:12:20.273437Z,2026-05-04T22:13:21.697500Z,0.9045212864875792,0.3836753368377686,0.0477051548659801,0.9836876046832692,-0.5761471905915516,3889.4374999999995,493.8124999999991,952.9999999999967,4061.484947896582,0.0944211420918436
11.7734375,2026-05-04T22:12:20.281250Z,2026-05-04T22:13:21.705312500Z,0.9174405932426452,0.3587694466114044,-0.0177385825663805,0.985255000120646,-0.5637196640641242,3866.9765625,431.11718750000057,721.750000000002,3999.386340975465,-0.05090238592243678
11.78125,2026-05-04T22:12:20.289062Z,2026-05-04T22:13:21.713125Z,0.9312503337860109,0.332358330488205,-0.0815216228365898,0.9921365929202363,-0.5091570597407454,3844.515625000001,368.421875000002,490.5000000000074,3937.2877340543473,-0.19622591393671823
11.7890625,2026-05-04T22:12:20.296875Z,2026-05-04T22:13:21.720937500Z,0.9438884854316713,0.3046437203884125,-0.1450893878936768,1.0023892456436019,-0.4278660781175199,3822.0546875000014,305.72656250000347,259.25000000001273,3875.18912713323,-0.3415494419509986
11.796875,2026-05-04T22:12:20.304687Z,2026-05-04T22:13:21.728750Z,0.9577451348304749,0.2780774235725403,-0.2075192630290985,1.0186594334321588,-0.298863411957592,3799.593750000002,243.03125000000492,28.00000000001809,3813.090520212113,-0.486872969965279
11.8046875,2026-05-04T22:12:20.312500Z,2026-05-04T22:13:21.736562500Z,0.9694927930831908,0.2531249821186066,-0.2697800099849701,1.037675183378827,-0.14809179985143167,3779.1015625000014,141.289062500007,-195.7031249999858,3815.8833851793247,-0.48033709081394377
11.8125,2026-05-04T22:12:20.320312Z,2026-05-04T22:13:21.744375Z,0.9808655381202698,0.2331537157297134,-0.3276429772377014,1.0600980046975483,0.029693716243050377,3758.984375000001,32.10937500000465,-417.96874999999056,3831.0365305062255,-0.444875610297712
11.8203125,2026-05-04T22:12:20.328125Z,2026-05-04T22:13:21.752187500Z,0.9886608719825744,0.2178687900304794,-0.380431592464447,1.0815014220997237,0.19939660754934108,3738.8671875000005,-77.07031249999768,-640.2343749999953,3846.1896758331263,-0.40941412978148023
11.828125,2026-05-04T22:12:20.335937Z,2026-05-04T22:13:21.760000Z,0.9938942193984984,0.2067270874977112,-0.4263313710689545,1.101054152172622,0.35442581451911565,3718.75,-186.25,-862.5,3861.342821160027,-0.3739526492652484
11.8359375,2026-05-04T22:12:20.343750Z,2026-05-04T22:13:21.767812500Z,0.9978153109550476,0.2014976292848587,-0.4636355340480804,1.1185681015547446,0.4932899871178405,3698.6328124999995,-295.42968750000233,-1084.7656250000048,3876.495966486928,-0.33849116874901664
11.84375,2026-05-04T22:12:20.351562Z,2026-05-04T22:13:21.775625Z,0.9989400506019592,0.2023666203022003,-0.4946967363357544,1.1329423350949626,0.6072600577028734,3686.109375,-354.1250000000004,-1255.2812500000016,3918.735852387812,-0.23964113738140966
11.8515625,2026-05-04T22:12:20.359375Z,2026-05-04T22:13:21.783437500Z,0.998018443584442,0.2097220122814178,-0.5189305543899536,1.1442521821912965,0.6969332961589372,3676.5390625,-393.1874999999995,-1405.6718749999982,3971.5094707341323,-0.11614000290493841
11.859375,2026-05-04T22:12:20.367187Z,2026-05-04T22:13:21.791250Z,0.9945034980773926,0.2225396186113358,-0.5371059775352478,1.1519739235954707,0.7581572501465217,3666.9687500000005,-432.24999999999864,-1556.0624999999948,4024.2830890804526,0.007361131571532851
11.8671875,2026-05-04T22:12:20.375000Z,2026-05-04T22:13:21.799062500Z,0.9883328080177308,0.2394228726625443,-0.550529956817627,1.156377224227378,0.7930700322730591,3657.3984375000005,-471.3124999999977,-1706.4531249999911,4077.056707426773,0.1308622660480041
11.875,2026-05-04T22:12:20.382812Z,2026-05-04T22:13:21.806875Z,0.9779130220413208,0.2601855397224426,-0.5601711869239807,1.1566339751271657,0.7951057525143995,3647.828125000001,-510.3749999999968,-1856.8437499999877,4129.830325773093,0.25436340052447537
11.8828125,2026-05-04T22:12:20.390625Z,2026-05-04T22:13:21.814687500Z,0.9669464230537416,0.284563809633255,-0.5619856715202332,1.1540319934054966,0.7744752236135103,3645.2890625,-483.46093750000557,-1939.617187499997,4159.4393419155185,0.32365459561223187
11.890625,2026-05-04T22:12:20.398437Z,2026-05-04T22:13:21.822500Z,0.9551674723625184,0.3108197748661041,-0.5537283420562744,1.1469825236260613,0.7185815604069568,3647.4375,-412.56250000000404,-1977.312499999998,4173.6052899220085,0.35680583110749914
11.8984375,2026-05-04T22:12:20.406250Z,2026-05-04T22:13:21.830312500Z,0.9438260197639464,0.3383326232433319,-0.5347687005996704,1.136333614162332,0.6341487480528821,3649.5859375,-341.66406250000256,-2015.0078124999986,4187.7712379284985,0.3899570666027664
11.90625,2026-05-04T22:12:20.414062Z,2026-05-04T22:13:21.838125Z,0.9327656626701356,0.3670403659343719,-0.5063677430152893,1.123022129278,0.5286049729629514,3651.734375,-270.765625000001,-2052.7031249999995,4201.937185934988,0.4231083020980316
11.9140625,2026-05-04T22:12:20.421875Z,2026-05-04T22:13:21.845937500Z,0.9186590909957886,0.393125593662262,-0.4727540016174316,1.105431410765412,0.3891321151641826,3653.8828125,-199.86718749999952,-2090.3984375000005,4216.103133941478,0.45625953759329885
11.921875,2026-05-04T22:12:20.429687Z,2026-05-04T22:13:21.853750Z,0.9075362682342528,0.4142917394638062,-0.4347732663154602,1.0882497492079262,0.2529025781251516,3659.78125,-112.65624999999925,-2066.7812499999995,4209.411067564236,0.4405987241891935
11.9296875,2026-05-04T22:12:20.437500Z,2026-05-04T22:13:21.861562500Z,0.8991629481315613,0.4303059875965118,-0.3923793733119965,1.0712697246047633,0.11827177522748825,3669.7421875,-7.773437500001668,-1976.7421875000014,4180.122818937954,0.37205819114410754
11.9375,2026-05-04T22:12:20.445312Z,2026-05-04T22:13:21.869375Z,0.8933516144752502,0.441230446100235,-0.347848117351532,1.0553481541161447,-0.00796678262920639,3679.7031249999995,97.10937499999592,-1886.7031250000034,4150.834570311672,0.3035176580990195
11.9453125,2026-05-04T22:12:20.453125Z,2026-05-04T22:13:21.877187500Z,0.8882744908332825,0.4465064704418182,-0.2985192835330963,1.0380334107593314,-0.1452514953769455,3689.6640624999995,201.9921874999935,-1796.6640625000057,4121.5463216853905,0.23497712505393353
11.953125,2026-05-04T22:12:20.460937Z,2026-05-04T22:13:21.885000Z,0.8877120614051819,0.4471426904201508,-0.2408562004566193,1.0227321246830996,-0.2665719573877138,3699.624999999999,306.8749999999911,-1706.6250000000077,4092.258073059108,0.16643659200884547
11.9609375,2026-05-04T22:12:20.468750Z,2026-05-04T22:13:21.892812500Z,0.8871653079986572,0.4419597983360291,-0.1786877363920212,1.007134576011806,-0.39024141900089027,3710.429687499999,379.41406249999864,-1579.6718750000177,4058.0335672982883,0.08634420075721395
11.96875,2026-05-04T22:12:20.476562Z,2026-05-04T22:13:21.900625Z,0.8899772763252258,0.4312215447425842,-0.1108452081680298,0.995137293643074,-0.48536517739588736,3722.734374999999,394.4531249999989,-1387.0937500000136,4015.033493298287,-0.014284827306060286
11.9765625,2026-05-04T22:12:20.484375Z,2026-05-04T22:13:21.908437500Z,0.894741952419281,0.4157348871231079,-0.0429719388484954,0.9875450598928279,-0.5455622942712054,3735.0390624999995,409.49218749999926,-1194.5156250000095,3972.0334192982855,-0.11491385536933453
11.984375,2026-05-04T22:12:20.492187Z,2026-05-04T22:13:21.916250Z,0.902568519115448,0.3950963616371155,0.0228562168776989,0.9855219293993916,-0.5616032417411718,3747.3437499999995,424.53124999999955,-1001.9375000000056,3929.033345298284,-0.21554288343260877
11.9921875,2026-05-04T22:12:20.500000Z,2026-05-04T22:13:21.924062500Z,0.9119260311126708,0.370562881231308,0.0870236754417419,0.9881796674971338,-0.5405306330522487,3759.6484375,439.5703124999999,-809.3593750000015,3886.033271298283,-0.3161719114958819
12.0,2026-05-04T22:12:20.507812Z,2026-05-04T22:13:21.931875Z,0.9221115112304688,0.343158632516861,0.1488692313432693,0.9950927264608644,-0.48571854057786085,3771.25,430.3749999999997,-606.4218749999992,3853.4578926367712,-0.39240500573430015
12.0078125,2026-05-04T22:12:20.515625Z,2026-05-04T22:13:21.939687500Z,0.9315940141677856,0.3152578175067902,0.2081930041313171,1.0052856438354303,-0.4049011871241014,3780.625,344.4375000000017,-370.6796875000046,3853.894049213809,-0.39138430952734216
12.015625,2026-05-04T22:12:20.523437Z,2026-05-04T22:13:21.947500Z,0.9412639737129213,0.2879156470298767,0.268024206161499,1.0201520784191802,-0.287028564968829,3789.9999999999995,258.5000000000037,-134.9375000000101,3854.330205790847,-0.39036361332038416
12.0234375,2026-05-04T22:12:20.531250Z,2026-05-04T22:13:21.955312500Z,0.9517775177955629,0.2631649374961853,0.3283628225326538,1.0406528580319496,-0.1244824860437674,3799.3749999999995,172.56250000000566,100.80468749998447,3854.7663623678845,-0.38934291711342617
12.03125,2026-05-04T22:12:20.539062Z,2026-05-04T22:13:21.963125Z,0.9612131714820862,0.2418436259031296,0.3853800892829895,1.0634551770697194,0.056311982264116704,3808.749999999999,86.62500000000766,336.546874999979,3855.2025189449223,-0.3883222209064681
12.0390625,2026-05-04T22:12:20.546875Z,2026-05-04T22:13:21.970937500Z,0.969024121761322,0.2247276157140732,0.4390759170055389,1.0873352338235382,0.24565159095994593,3818.3124999999986,0.8281250000090347,569.0078124999778,3864.0327620162,-0.3676576337286617
12.046875,2026-05-04T22:12:20.554687Z,2026-05-04T22:13:21.978750Z,0.9746479988098145,0.2117548286914825,0.4866210520267487,1.1097652352339007,0.4234940363890492,3829.249999999999,-83.93749999999277,777.4062499999823,3934.4196393786337,-0.2029378460978233
12.0546875,2026-05-04T22:12:20.562500Z,2026-05-04T22:13:21.986562500Z,0.9771787524223328,0.2039028704166412,0.5273388624191284,1.1289556991163616,0.5756509160671315,3840.187499999999,-168.70312499999457,985.8046874999867,4004.8065167410673,-0.038218058466984894
12.0625,2026-05-04T22:12:20.570312Z,2026-05-04T22:13:21.994375Z,0.9769444465637208,0.2016062587499619,0.560937225818634,1.1444282880757346,0.6983296001791611,3851.1249999999995,-253.4687499999964,1194.2031249999911,4075.193394103501,0.12650172916385352
12.0703125,2026-05-04T22:12:20.578125Z,2026-05-04T22:13:22.002187500Z,0.9750229716300964,0.2052684277296066,0.5886923670768738,1.1573087857972657,0.8004561748160581,3862.0624999999995,-338.2343749999982,1402.6015624999955,4145.580271465935,0.291221516794693
12.078125,2026-05-04T22:12:20.585937Z,2026-05-04T22:13:22.010000Z,0.9716174006462096,0.2149980217218399,0.6100661158561707,1.1672382740034857,0.8791848575364157,3873.0,-423.0,1611.0,4215.967148828368,0.45594130442553144
12.0859375,2026-05-04T22:12:20.593750Z,2026-05-04T22:13:22.017812500Z,0.9656029343605042,0.2304070889949799,0.6272727847099304,1.174285995804475,0.9350646614143092,3882.765625,-413.82031249999983,1724.2812500000025,4273.215396381749,0.5899139926963057
12.09375,2026-05-04T22:12:20.601562Z,2026-05-04T22:13:22.025625Z,0.9570733904838562,0.2505955994129181,0.6390053033828735,1.1777586369748352,0.9625984536123489,3892.5312500000005,-404.6406249999996,1837.5625000000048,4330.46364393513,0.7238866809670801
12.1015625,2026-05-04T22:12:20.609375Z,2026-05-04T22:13:22.033437500Z,0.9468879103660583,0.2744307816028595,0.6455097198486328,1.1783852371392036,0.9675666256377897,3902.2968750000005,-395.46093749999943,1950.8437500000073,4387.7118914885095,0.8578593692378522
12.109375,2026-05-04T22:12:20.617187Z,2026-05-04T22:13:22.041250Z,0.9354682564735411,0.3004849851131439,0.643895149230957,1.1747310536251476,0.9385934249546102,3912.062500000001,-386.2812499999992,2064.1250000000095,4444.96013904189,0.9918320575086265
12.1171875,2026-05-04T22:12:20.625000Z,2026-05-04T22:13:22.049062500Z,0.924626648426056,0.3274081647396088,0.6339463591575623,1.1679120393278293,0.8845269915262621,3921.828125000001,-377.10156249999903,2177.4062500000123,4502.208386595271,1.125804745779401
12.125,2026-05-04T22:12:20.632812Z,2026-05-04T22:13:22.056875Z,0.9135663509368896,0.3539279103279114,0.6132491230964661,1.155829974629405,0.7887310130735928,3926.7812500000005,-289.37499999999125,2170.3749999999977,4500.1966691674525,1.1210969127301063
12.1328125,2026-05-04T22:12:20.640625Z,2026-05-04T22:13:22.064687500Z,0.9031621813774108,0.3788027763366699,0.5836641192436218,1.1401128335928883,0.6641133304462128,3931.0781250000005,-190.93749999999352,2146.9374999999986,4490.104047424025,1.0974780995008242
12.140625,2026-05-04T22:12:20.648437Z,2026-05-04T22:13:22.072500Z,0.8935546875,0.4012103080749512,0.5493584871292114,1.123033587315943,0.5286958211733594,3935.375,-92.49999999999581,2123.499999999999,4480.011425680597,1.0738592862715401
12.1484375,2026-05-04T22:12:20.656250Z,2026-05-04T22:13:22.080312500Z,0.8855093717575073,0.4203436374664307,0.5122849345207214,1.1060069959841055,0.39369580113871877,3939.671875,5.937500000001921,2100.0624999999995,4469.918803937169,1.0502404730422559
12.15625,2026-05-04T22:12:20.664062Z,2026-05-04T22:13:22.088125Z,0.8780890107154846,0.4357527196407318,0.4713672399520874,1.087707597800825,0.24860398133651526,3943.96875,104.37499999999964,2076.625,4459.826182193742,1.0266216598129738
12.1640625,2026-05-04T22:12:20.671875Z,2026-05-04T22:13:22.095937500Z,0.8744334578514099,0.4464288949966431,0.4264054298400879,1.0703990943078228,0.11136874306802327,3937.7265625,183.5156250000005,1962.343749999999,4411.795872394605,0.914220844115192
12.171875,2026-05-04T22:12:20.679687Z,2026-05-04T22:13:22.103750Z,0.8739335536956787,0.4505100250244141,0.3745086789131165,1.0521292171135177,-0.033489011440344066,3928.1562499999995,256.5625000000021,1819.374999999996,4351.78524005156,0.773783606585255
12.1796875,2026-05-04T22:12:20.687500Z,2026-05-04T22:13:22.111562500Z,0.8762143850326538,0.446987509727478,0.3155385553836823,1.0330121307729863,-0.18506409706243993,3918.5859374999995,329.60937500000364,1676.406249999993,4291.774607708515,0.6333463690553159
12.1875,2026-05-04T22:12:20.695312Z,2026-05-04T22:13:22.119375Z,0.8809321522712708,0.4368544518947601,0.2515248656272888,1.0149620815943767,-0.3281788845878868,3909.0156249999995,402.65625000000523,1533.4374999999898,4231.763975365469,0.4929091315253768
12.1953125,2026-05-04T22:12:20.703125Z,2026-05-04T22:13:22.127187500Z,0.8875715136528015,0.4213057458400726,0.1848048716783524,0.9997172419848711,-0.4490517952367643,3899.445312499999,475.70312500000676,1390.4687499999868,4171.753343022424,0.3524718939954377
12.203125,2026-05-04T22:12:20.710937Z,2026-05-04T22:13:22.135000Z,0.8967102766036987,0.4016137719154358,0.1180079653859138,0.9896003344044244,-0.5292664840978917,3883.499999999998,478.4999999999969,1204.874999999982,4108.66101096323,0.20482284452259694
12.2109375,2026-05-04T22:12:20.718750Z,2026-05-04T22:13:22.142812500Z,0.908020555973053,0.3792683184146881,0.053732868283987,0.9855115466379588,-0.5616855643255417,3863.9687499999986,441.7812499999977,995.3046874999869,4043.8352228137037,0.05311715083187542
12.21875,2026-05-04T22:12:20.726562Z,2026-05-04T22:13:22.150625Z,0.9199869632720948,0.3542382717132568,-0.0093735922127962,0.9858745508268169,-0.5588073856100604,3844.437499999999,405.0624999999986,785.7343749999918,3979.009434664177,-0.0985885428588461
12.2265625,2026-05-04T22:12:20.734375Z,2026-05-04T22:13:22.158437500Z,0.933890461921692,0.3278116285800934,-0.0715574398636817,0.9923368006380135,-0.5075696576950709,3824.9062499999995,368.34374999999943,576.1640624999966,3914.183646514651,-0.25029423654956656
12.234375,2026-05-04T22:12:20.742187Z,2026-05-04T22:13:22.166250Z,0.9462317824363708,0.3014315664768219,-0.1327879279851913,1.0019222570539006,-0.43156872580177713,3805.375,331.6250000000002,366.5937500000015,3849.3578583651247,-0.4019999302402881
12.2421875,2026-05-04T22:12:20.750000Z,2026-05-04T22:13:22.174062500Z,0.9584012627601624,0.2760756313800812,-0.1924346089363098,1.0157666136562349,-0.3217999304946931,3787.3671875,259.15625000000074,151.33593750000156,3818.0871468800797,-0.475179834618756
12.25,2026-05-04T22:12:20.757812Z,2026-05-04T22:13:22.181875Z,0.9705082178115844,0.2536370754241943,-0.248882919549942,1.0335185893409267,-0.18104850078211907,3770.7656249999995,153.6874999999985,-69.17187500000311,3817.7903523160967,-0.47587439501667694
12.2578125,2026-05-04T22:12:20.765625Z,2026-05-04T22:13:22.189687500Z,0.9802094101905824,0.2343796193599701,-0.3018406629562378,1.0520703776893232,-0.033955536024758676,3754.1640624999995,48.21874999999626,-289.6796875000078,3817.4935577521137,-0.4765689554145979
12.265625,2026-05-04T22:12:20.773437Z,2026-05-04T22:13:22.197500Z,0.9872549176216124,0.2202585190534592,-0.3521074950695038,1.0710582503616695,0.11659504343202312,3737.562499999999,-57.25000000000598,-510.1875000000125,3817.1967631881307,-0.4772635158125188
12.2734375,2026-05-04T22:12:20.781250Z,2026-05-04T22:13:22.205312500Z,0.9921289682388306,0.2108237594366074,-0.3960236608982086,1.0888531981644038,0.25768718942089813,3720.9609374999986,-162.71875000000824,-730.6953125000172,3816.8999686241477,-0.4779580762104398
12.28125,2026-05-04T22:12:20.789062Z,2026-05-04T22:13:22.213125Z,0.9956282377243042,0.206758126616478,-0.4331586956977844,1.1052832063930786,0.38795703596927605,3706.234374999999,-249.28125000000475,-928.8593750000134,3835.957975361771,-0.43335841587426716
12.2890625,2026-05-04T22:12:20.796875Z,2026-05-04T22:13:22.220937500Z,0.9978309273719788,0.2084185183048248,-0.4634817838668823,1.1197857841430339,0.5029447189787914,3694.320312499999,-307.4843750000034,-1093.5078125000095,3884.0481840517923,-0.3208174244369798
12.296875,2026-05-04T22:12:20.804687Z,2026-05-04T22:13:22.228750Z,0.99584698677063,0.2161773592233658,-0.4871928095817566,1.1295134817296768,0.5800734491804812,3682.4062499999995,-365.68750000000205,-1258.156250000006,3932.138392741814,-0.2082764329996914
12.3046875,2026-05-04T22:12:20.812500Z,2026-05-04T22:13:22.236562500Z,0.99039489030838,0.2289794683456421,-0.5051836967468262,1.1351317998944397,0.6246198325417668,3670.4921875,-423.89062500000074,-1422.804687500002,3980.2286014318356,-0.09573544156240403
12.3125,2026-05-04T22:12:20.820312Z,2026-05-04T22:13:22.244375Z,0.9837243556976318,0.2463748008012772,-0.5178388357162476,1.1386708085476456,0.6526798376111432,3658.578125,-482.0937499999994,-1587.4531249999982,4028.3188101218575,0.016805549874884397
12.3203125,2026-05-04T22:12:20.828125Z,2026-05-04T22:13:22.252187500Z,0.9749135971069336,0.2667960524559021,-0.5253580808639526,1.1391390470697984,0.6563923957291868,3650.2734375,-508.5234375000012,-1722.7890624999986,4069.3248301720046,0.11276808106469818
12.328125,2026-05-04T22:12:20.835937Z,2026-05-04T22:13:22.260000Z,0.964759349822998,0.2910036742687225,-0.526296079158783,1.1368514874189586,0.6382548488370876,3651.25,-453.25,-1782.75,4092.114365148186,0.16610028590385897
12.3359375,2026-05-04T22:12:20.843750Z,2026-05-04T22:13:22.267812500Z,0.9531991481781006,0.3171199560165405,-0.5193765163421631,1.130887106796744,0.5909646139450586,3652.2265625,-397.9765624999988,-1842.7109375000014,4114.903900124368,0.21943249074302082
12.34375,2026-05-04T22:12:20.851562Z,2026-05-04T22:13:22.275625Z,0.9418107867240906,0.3431276082992554,-0.5018776655197144,1.120992999404785,0.5125164577576377,3653.203125,-342.7031249999976,-1902.6718750000025,4137.69343510055,0.27276469558218264
12.3515625,2026-05-04T22:12:20.859375Z,2026-05-04T22:13:22.283437500Z,0.9300162196159364,0.3694455921649933,-0.4765366911888123,1.1083805449249104,0.4125151378055191,3654.1796875,-287.4296874999965,-1962.6328125000039,4160.482970076731,0.3260969004213424
12.359375,2026-05-04T22:12:20.867187Z,2026-05-04T22:13:22.291250Z,0.9177217483520508,0.3935911357402802,-0.44610595703125,1.0936808101226043,0.2959642407915909,3656.0937500000005,-224.68749999999204,-2003.6249999999955,4176.447855500129,0.3634580199230893
12.3671875,2026-05-04T22:12:20.875000Z,2026-05-04T22:13:22.299062500Z,0.9082393050193788,0.4140900075435638,-0.410354882478714,1.0792406122378977,0.18147115372874467,3662.9296875000005,-122.73437499999439,-1945.0312499999968,4156.583330771426,0.31697094140345217
12.375,2026-05-04T22:12:20.882812Z,2026-05-04T22:13:22.306875Z,0.9004439115524292,0.4293439090251923,-0.3713900148868561,1.0644557168931597,0.06424503789324464,3669.765625,-20.78124999999675,-1886.4374999999982,4136.7188060427225,0.270483862883815
12.3828125,2026-05-04T22:12:20.890625Z,2026-05-04T22:13:22.314687500Z,0.8950856328010559,0.4388872683048248,-0.3278121054172516,1.0494098821647475,-0.05505000773197566,3676.6015625,81.1718750000009,-1827.8437499999995,4116.854281314019,0.2239967843641778
12.390625,2026-05-04T22:12:20.898437Z,2026-05-04T22:13:22.322500Z,0.8912113904953003,0.4437443315982819,-0.2799133360385895,1.0341751544426239,-0.17584274349601856,3683.4375,183.12499999999852,-1769.250000000001,4096.989756585316,0.17750970584454065
12.3984375,2026-05-04T22:12:20.906250Z,2026-05-04T22:13:22.330312500Z,0.8886962532997131,0.443464994430542,-0.2265557646751404,1.0187098440781683,-0.2984637172630632,3690.4999999999995,282.42968749999875,-1706.234375000006,4076.344173650007,0.12919479027998146
12.40625,2026-05-04T22:12:20.914062Z,2026-05-04T22:13:22.338125Z,0.8901803493499756,0.4374441504478455,-0.1670936048030853,1.005832347807512,-0.40056649406982936,3703.0,318.1718749999995,-1537.0937500000025,4036.95319375615,0.03701178563727579
12.4140625,2026-05-04T22:12:20.921875Z,2026-05-04T22:13:22.345937500Z,0.892601728439331,0.4263955354690552,-0.1053095608949661,0.9948070676752926,-0.48798346495548195,3715.5,353.9140625000002,-1367.9531249999989,3997.562213862293,-0.05517121900542988
12.421875,2026-05-04T22:12:20.929687Z,2026-05-04T22:13:22.353750Z,0.8983505964279175,0.4104123115539551,-0.0415572673082351,0.9885337961059216,-0.5377228268184902,3728.0000000000005,389.656250000001,-1198.8124999999952,3958.171233968436,-0.14735422364813555
12.4296875,2026-05-04T22:12:20.937500Z,2026-05-04T22:13:22.361562500Z,0.9053491950035096,0.39033243060112,0.0204881876707077,0.9861218672692089,-0.5568464690632825,3740.5000000000005,425.39843750000176,-1029.6718749999916,3918.780254074579,-0.2395372282908412
12.4375,2026-05-04T22:12:20.945312Z,2026-05-04T22:13:22.369375Z,0.9143317937850952,0.3665127754211426,0.0813957601785659,0.9884126230720778,-0.5386835805993123,3753.000000000001,461.14062500000256,-860.531249999988,3879.389274180722,-0.3317202329335458
12.4453125,2026-05-04T22:12:20.953125Z,2026-05-04T22:13:22.377187500Z,0.924157977104187,0.3400395810604095,0.1405657529830933,0.9947128300392761,-0.4887306540141898,3764.7812500000005,401.1093749999965,-647.0078124999889,3867.0246620583453,-0.36065597151516143
12.453125,2026-05-04T22:12:20.960937Z,2026-05-04T22:13:22.385000Z,0.9344528317451476,0.3130077421665192,0.1986901313066483,1.0053127422306753,-0.4046863300320568,3776.5000000000005,332.74999999999807,-429.62499999999386,3857.0101688726168,-0.3840919478306001
12.4609375,2026-05-04T22:12:20.968750Z,2026-05-04T22:13:22.392812500Z,0.9440759420394896,0.287775993347168,0.2555997371673584,1.019522256905028,-0.2920222783534813,3788.21875,264.39062499999966,-212.24218749999886,3846.9956756868887,-0.4075279241460376
12.46875,2026-05-04T22:12:20.976562Z,2026-05-04T22:13:22.400625Z,0.9525117874145508,0.2640339136123657,0.3108486533164978,1.0361561166010673,-0.16013613928700857,3799.9375,196.03125000000122,5.1406249999960965,3836.98118250116,-0.43096390046147626
12.4765625,2026-05-04T22:12:20.984375Z,2026-05-04T22:13:22.408437500Z,0.961181938648224,0.2431781440973282,0.3644983470439911,1.0563452910615831,-6.070765577568643e-05,3811.6562499999995,127.67187500000279,222.52343749999108,3826.9666893154317,-0.4543998767769149
12.484375,2026-05-04T22:12:20.992187Z,2026-05-04T22:13:22.416250Z,0.969633400440216,0.2268380224704742,0.4148574471473694,1.0787729701569297,0.17776332465894926,3820.8749999999995,38.84375000000267,431.15624999999415,3867.159943646411,-0.3603393847408705
12.4921875,2026-05-04T22:12:21.000000Z,2026-05-04T22:13:22.424062500Z,0.9741168618202208,0.2151997536420822,0.4587736427783966,1.098038182286139,0.33051286640378935,3829.46875,-55.10156249999933,637.6015624999985,3919.9051348565717,-0.23690477561694576
12.5,2026-05-04T22:12:21.007812Z,2026-05-04T22:13:22.431875Z,0.9752572774887084,0.2081857472658157,0.4975539743900299,1.1144631084475736,0.4607424183819937,3838.0625,-149.04687500000134,844.046875000003,3972.6503260667323,-0.11347016649302102
12.5078125,2026-05-04T22:12:21.015625Z,2026-05-04T22:13:22.439687500Z,0.9774287343025208,0.2071926146745682,0.5318442583084106,1.131880746947988,0.5988429636223843,3846.6562500000005,-242.99218750000335,1050.4921875000073,4025.3955172768924,0.009964442630902648
12.515625,2026-05-04T22:12:21.023437Z,2026-05-04T22:13:22.447500Z,0.9741793870925904,0.2117393016815186,0.5584615468978882,1.1426890694656417,0.6845397262912433,3855.2500000000005,-336.93750000000534,1256.9375000000118,4078.140708487053,0.13339905175482739
12.5234375,2026-05-04T22:12:21.031250Z,2026-05-04T22:13:22.455312500Z,0.9685554504394532,0.2216240763664246,0.5798660516738892,1.150417980424988,0.7458205260721534,3863.9765625000005,-373.24218750000045,1411.0546875000061,4135.358412085087,0.2673002608802471
12.53125,2026-05-04T22:12:21.039062Z,2026-05-04T22:13:22.463125Z,0.9628066420555116,0.2372814267873764,0.5961347222328186,1.1570115438214361,0.7980994099234223,3872.765625,-382.4218750000002,1540.5468750000032,4194.680827395063,0.4061269288299007
12.5390625,2026-05-04T22:12:21.046875Z,2026-05-04T22:13:22.470937500Z,0.9561360478401184,0.2564457654953003,0.6069907546043396,1.1612055583723915,0.8313528097008542,3881.5546875,-391.6015625,1670.0390625000002,4254.003242705038,0.5449535967795544
12.546875,2026-05-04T22:12:21.054687Z,2026-05-04T22:13:22.478750Z,0.945638120174408,0.2794584929943085,0.6119574904441833,1.1605259470362481,0.8259643239959342,3890.34375,-400.78124999999983,1799.5312499999973,4313.325658015014,0.6837802647292079
12.5546875,2026-05-04T22:12:21.062500Z,2026-05-04T22:13:22.486562500Z,0.9355307817459106,0.30492302775383,0.6094971895217896,1.1574466382877604,0.8015491762639645,3899.1328124999995,-409.9609374999996,1929.0234374999943,4372.648073324989,0.8226069326788615
12.5625,2026-05-04T22:12:21.070312Z,2026-05-04T22:13:22.494375Z,0.924407958984375,0.3306048214435577,0.6001173257827759,1.1506391386095187,0.7475740396651314,3905.515625,-367.4062500000035,1990.3749999999998,4400.850113846697,0.8886055150789864
12.5703125,2026-05-04T22:12:21.078125Z,2026-05-04T22:13:22.502187500Z,0.9134569764137268,0.3560072779655457,0.5827261805534363,1.140488768566241,0.6670940344488657,3910.0078125,-284.20312500000176,1998.1874999999998,4404.600431320476,0.8973820302616123
12.578125,2026-05-04T22:12:21.085937Z,2026-05-04T22:13:22.510000Z,0.9030215740203856,0.3800286650657654,0.5578003525733948,1.127391228788359,0.5632465820752163,3914.5,-201.0,2006.0,4408.350748794255,0.9061585454442402
12.5859375,2026-05-04T22:12:21.093750Z,2026-05-04T22:13:22.517812500Z,0.8934921622276306,0.4019086062908173,0.5259549021720886,1.1119745189938863,0.441010951316265,3918.9921875,-117.79687499999822,2013.8125000000002,4412.101066268035,0.9149350606268682
12.59375,2026-05-04T22:12:21.101562Z,2026-05-04T22:13:22.525625Z,0.8873371481895447,0.4201263785362244,0.4899885654449463,1.0972521053823105,0.32428023911525117,3923.484375,-34.59374999999644,2021.6250000000002,4415.851383741813,0.923711575809494
12.6015625,2026-05-04T22:12:21.109375Z,2026-05-04T22:13:22.533437500Z,0.8812445998191833,0.4336267709732056,0.4502087533473969,1.080422205809256,0.19083974387678637,3925.140625,49.38281250000377,1978.7343749999952,4399.971918320959,0.8865503567040369
12.609375,2026-05-04T22:12:21.117187Z,2026-05-04T22:13:22.541250Z,0.8781827092170715,0.4424097836017609,0.4058927595615387,1.063804596558444,0.05908245094213726,3923.1875,134.34375000000182,1871.3124999999977,4359.109092852396,0.7909229303228511
12.6171875,2026-05-04T22:12:21.125000Z,2026-05-04T22:13:22.549062500Z,0.8758394122123718,0.4456685185432434,0.3566715717315674,1.0454327881248555,-0.08658349347795245,3921.234375,219.30468749999986,1763.8906250000002,4318.246267383834,0.6952955039416653
12.625,2026-05-04T22:12:21.132812Z,2026-05-04T22:13:22.556875Z,0.8787763714790344,0.4423011839389801,0.303221732378006,1.0294764044746245,-0.2130980770771778,3919.28125,304.2656249999979,1656.4687500000027,4277.383441915271,0.5996680775604796
12.6328125,2026-05-04T22:12:21.140625Z,2026-05-04T22:13:22.564687500Z,0.8841034173965454,0.4324629604816437,0.2437442094087601,1.0139399905621138,-0.33628281491331324,3917.328125,389.2265624999959,1549.0468750000052,4236.520616446708,0.5040406511792938
12.640625,2026-05-04T22:12:21.148437Z,2026-05-04T22:13:22.572500Z,0.8911489248275757,0.4168676733970642,0.181637242436409,1.000458470494767,-0.4431747607948157,3911.187500000001,442.4375000000008,1414.562500000011,4188.722601769131,0.39218345390194603
12.6484375,2026-05-04T22:12:21.156250Z,2026-05-04T22:13:22.580312500Z,0.8998971581459045,0.3972998559474945,0.11805409938097,0.9907567012923137,-0.5200979106594401,3896.1484375000005,428.1796875000005,1222.5703125000068,4126.187310022396,0.24583799347024854
12.65625,2026-05-04T22:12:21.164062Z,2026-05-04T22:13:22.588125Z,0.9104888439178468,0.3751406073570251,0.0551629140973091,0.9862876645678795,-0.5555318995052307,3881.109375,413.9218750000002,1030.5781250000027,4063.65201827566,0.09949253303854999
12.6640625,2026-05-04T22:12:21.171875Z,2026-05-04T22:13:22.595937500Z,0.9227832555770874,0.3505605757236481,-0.0038686916232109,0.9871355635372576,-0.5488090989386043,3866.0703125,399.6640624999999,838.5859374999986,4001.116726528924,-0.046852927393148565
12.671875,2026-05-04T22:12:21.179687Z,2026-05-04T22:13:22.603750Z,0.9360306859016418,0.3256081342697144,-0.0624851211905479,0.9930148500512467,-0.5021935561262392,3851.0312499999995,385.4062499999996,646.5937499999945,3938.5814347821884,-0.1931983878248471
12.6796875,2026-05-04T22:12:21.187500Z,2026-05-04T22:13:22.611562500Z,0.9477939605712892,0.300810843706131,-0.1203942149877548,1.0016463060327845,-0.4337566794945163,3834.859374999999,354.8593749999961,450.14843749999125,3884.442791592963,-0.3198939615300447
12.6875,2026-05-04T22:12:21.195312Z,2026-05-04T22:13:22.619375Z,0.958948016166687,0.2764170467853546,-0.1776267290115356,1.0136759523254455,-0.3383763148127019,3814.1562499999995,259.1562499999983,235.8906249999962,3863.8907426337705,-0.36798998832926183
12.6953125,2026-05-04T22:12:21.203125Z,2026-05-04T22:13:22.627187500Z,0.9694459438323976,0.2544905245304108,-0.2317531406879425,1.028737276133988,-0.21895845974857797,3793.453125,163.4531250000005,21.632812500001137,3843.338693674578,-0.416086015128479
12.703125,2026-05-04T22:12:21.210937Z,2026-05-04T22:13:22.635000Z,0.9790221452713012,0.2359624207019806,-0.2815432548522949,1.0456716641795278,-0.08468949887045522,3772.7500000000005,67.75000000000274,-192.62499999999392,3822.7866447153856,-0.464182041927695
12.7109375,2026-05-04T22:12:21.218750Z,2026-05-04T22:13:22.642812500Z,0.9873329997062684,0.2233620584011078,-0.3269509971141815,1.0637734796262386,0.0588357317727351,3752.046875000001,-27.95312499999504,-406.882812499989,3802.234595756193,-0.5122780687269122
12.71875,2026-05-04T22:12:21.226562Z,2026-05-04T22:13:22.650625Z,0.990988552570343,0.2160066664218903,-0.3689450919628143,1.0792764577009966,0.18175536435800022,3731.875000000001,-121.76562499999488,-617.4999999999881,3786.3069520075005,-0.5495520350407597
12.7265625,2026-05-04T22:12:21.234375Z,2026-05-04T22:13:22.658437500Z,0.9922851920127868,0.2122203558683395,-0.4045577943325043,1.0923984578384933,0.28579675743144556,3717.812500000001,-193.83593749999642,-786.2499999999916,3823.5599681796166,-0.4623723057727273
12.734375,2026-05-04T22:12:21.242187Z,2026-05-04T22:13:22.666250Z,0.99467533826828,0.2137876451015472,-0.4333739578723907,1.1058468126821017,0.39242574369984173,3703.7500000000005,-265.90624999999795,-954.9999999999952,3860.812984351733,-0.37519257650469395
12.7421875,2026-05-04T22:12:21.250000Z,2026-05-04T22:13:22.674062500Z,0.9936755299568176,0.221453383564949,-0.4568236172199249,1.1158496660290862,0.4717361221501329,3689.6875,-337.9765624999995,-1123.7499999999989,3898.066000523849,-0.28801284723666165
12.75,2026-05-04T22:12:21.257812Z,2026-05-04T22:13:22.681875Z,0.9874111413955688,0.2343020290136337,-0.4762445092201233,1.1210205330475984,0.5127347658299349,3675.625,-410.046875000001,-1292.5000000000025,3935.3190166959653,-0.20083311796862932
12.7578125,2026-05-04T22:12:21.265625Z,2026-05-04T22:13:22.689687500Z,0.981584131717682,0.252147376537323,-0.4875311255455017,1.1246209608175877,0.5412817492870972,3661.5624999999995,-482.11718750000256,-1461.2500000000061,3972.5720328680814,-0.11365338870059699
12.765625,2026-05-04T22:12:21.273437Z,2026-05-04T22:13:22.697500Z,0.972570300102234,0.2724445164203644,-0.4929591417312622,1.1238895491038692,0.5354825500180729,3661.0,-453.12499999999955,-1547.5000000000011,4003.865744403039,-0.04041965946898751
12.7734375,2026-05-04T22:12:21.281250Z,2026-05-04T22:13:22.705312500Z,0.9621661305427552,0.2958607077598572,-0.4932359457015991,1.1209723097792972,0.5123524143621677,3661.0,-419.9218750000003,-1630.3124999999993,4034.911151578115,0.032232986427770574
12.78125,2026-05-04T22:12:21.289062Z,2026-05-04T22:13:22.713125Z,0.9506059288978576,0.3211390376091003,-0.4863009452819824,1.115020413676094,0.4651611664184829,3661.0,-386.7187500000011,-1713.1249999999973,4065.956558753191,0.10488563232452866
12.7890625,2026-05-04T22:12:21.296875Z,2026-05-04T22:13:22.720937500Z,0.9404672980308532,0.3464638888835907,-0.4710625410079956,1.1074366268580358,0.4050310233720645,3661.0,-353.5156250000018,-1795.9374999999955,4097.001965928267,0.17753827822128676
12.796875,2026-05-04T22:12:21.304687Z,2026-05-04T22:13:22.728750Z,0.9288289546966552,0.3707025349140167,-0.4489506781101227,1.0962209210967002,0.316104210425557,3661.0,-320.3125000000026,-1878.7499999999934,4128.047373103343,0.2501909241180438
12.8046875,2026-05-04T22:12:21.312500Z,2026-05-04T22:13:22.736562500Z,0.9190027713775636,0.3937463164329529,-0.4199038743972778,1.0843991512528983,0.2223720514364602,3665.9218749999995,-231.16406250000637,-1863.1250000000023,4123.515292383852,0.23958492195380102
12.8125,2026-05-04T22:12:21.320312Z,2026-05-04T22:13:22.744375Z,0.9081299304962158,0.413252055644989,-0.3868590891361237,1.07011082930933,0.10908315461327235,3671.7812499999995,-131.35937500000423,-1828.7500000000014,4112.206547303487,0.2131201296826893
12.8203125,2026-05-04T22:12:21.328125Z,2026-05-04T22:13:22.752187500Z,0.9010844230651855,0.4274972975254059,-0.3499701023101807,1.0569702689258775,0.004894601516600135,3677.640625,-31.554687500002117,-1794.3750000000007,4100.897802223123,0.18665533741157975
12.828125,2026-05-04T22:12:21.335937Z,2026-05-04T22:13:22.760000Z,0.8967415690422058,0.436202734708786,-0.3077607452869415,1.0436162818561592,-0.1009861638591057,3683.5,68.25000000000001,-1760.0,4089.589057142758,0.16019054514046804
12.8359375,2026-05-04T22:12:21.343750Z,2026-05-04T22:13:22.767812500Z,0.8926173448562622,0.4400976598262787,-0.2623530030250549,1.0292136671843581,-0.21518126206462065,3689.359375,168.05468750000216,-1725.6249999999993,4078.2803120623935,0.13372575286935742
12.84375,2026-05-04T22:12:21.351562Z,2026-05-04T22:13:22.775625Z,0.8903053402900696,0.4393993616104126,-0.2119939178228378,1.015212696495927,-0.3261918152989802,3699.15625,233.26562500000054,-1616.2968749999986,4051.7773045685694,0.07170325763232364
12.8515625,2026-05-04T22:12:21.359375Z,2026-05-04T22:13:22.783437500Z,0.892851710319519,0.4330526292324066,-0.1561606973409653,1.0045421443123266,-0.41079622791991016,3710.484375,285.0234374999994,-1477.8203125000018,4019.3654172472898,-0.004147233202567189
12.859375,2026-05-04T22:12:21.367187Z,2026-05-04T22:13:22.791250Z,0.8966946601867676,0.4212902188301086,-0.0982362180948257,0.9955888291031382,-0.4817850541071449,3721.8124999999995,336.7812499999982,-1339.343750000005,3986.9535299260097,-0.07999772403745908
12.8671875,2026-05-04T22:12:21.375000Z,2026-05-04T22:13:22.799062500Z,0.9014593362808228,0.4053225219249725,-0.0395890399813652,0.9891827808014692,-0.5325771728708755,3733.1406249999995,388.539062499997,-1200.8671875000082,3954.54164260473,-0.1558482148723499
12.875,2026-05-04T22:12:21.382812Z,2026-05-04T22:13:22.806875Z,0.9088329076766968,0.3850253820419312,0.0191811583936214,0.9872131055298726,-0.548194285888092,3744.468749999999,440.2968749999958,-1062.3906250000114,3922.1297552834503,-0.23169870570724074
12.8828125,2026-05-04T22:12:21.390625Z,2026-05-04T22:13:22.814687500Z,0.9162533283233644,0.3614695072174072,0.0764290541410446,0.9879381390697157,-0.5424456577277637,3754.390624999999,430.296875000004,-887.2343750000156,3896.400767285268,-0.2919098359324734
12.890625,2026-05-04T22:12:21.398437Z,2026-05-04T22:13:22.822500Z,0.9259857535362244,0.3363774120807648,0.1334309130907059,0.9941846848943215,-0.4929181982948085,3763.3749999999995,379.1250000000029,-687.6250000000114,3875.127045502486,-0.341694725751263
12.8984375,2026-05-04T22:12:21.406250Z,2026-05-04T22:13:22.830312500Z,0.936046302318573,0.3113163411617279,0.1892795115709305,1.004453721113685,-0.4114973156100702,3772.3593749999995,327.9531250000018,-488.01562500000705,3853.8533237197043,-0.3914796155700515
12.90625,2026-05-04T22:12:21.414062Z,2026-05-04T22:13:22.838125Z,0.946700394153595,0.2870000898838043,0.2438518404960632,1.0188593661527587,-0.2972781903027972,3781.34375,276.78125000000074,-288.4062500000028,3832.5796019369222,-0.4412645053888411
12.9140625,2026-05-04T22:12:21.421875Z,2026-05-04T22:13:22.845937500Z,0.9554174542427064,0.2642046213150024,0.2963790595531464,1.0346338196373754,-0.17220609014163443,3790.328125,225.60937499999963,-88.79687499999855,3811.3058801541406,-0.4910493952076296
12.921875,2026-05-04T22:12:21.429687Z,2026-05-04T22:13:22.853750Z,0.961447536945343,0.2442023158073425,0.3463537096977234,1.0507031119994414,-0.044796278715374255,3799.3125,152.68749999999932,113.34375000000146,3818.6471588544396,-0.47386929127681593
12.9296875,2026-05-04T22:12:21.437500Z,2026-05-04T22:13:22.861562500Z,0.9685711264610292,0.2296156883239746,0.3926686942577362,1.0700663973738056,0.1087308637719015,3808.296875,56.20312500000155,318.22656249999676,3856.9880214114073,-0.38414377745060435
12.9375,2026-05-04T22:12:21.445312Z,2026-05-04T22:13:22.869375Z,0.9726796746253968,0.2186601907014847,0.4347089231014252,1.0876074090640329,0.2478096073358367,3817.2812499999995,-40.28124999999622,523.109374999992,3895.3288839683746,-0.2944182636243938
12.9453125,2026-05-04T22:12:21.453125Z,2026-05-04T22:13:22.877187500Z,0.974819839000702,0.2128565758466721,0.4717670381069183,1.1036964159743834,0.37537573098933696,3826.2656249999995,-136.765624999994,727.9921874999873,3933.6697465253424,-0.20469274979818217
12.953125,2026-05-04T22:12:21.460937Z,2026-05-04T22:13:22.885000Z,0.9758352637290956,0.2127789855003357,0.5038430690765381,1.1186541900266815,0.49397256328412836,3835.249999999999,-233.24999999999176,932.8749999999826,3972.01060908231,-0.11496723597197057
12.9609375,2026-05-04T22:12:21.468750Z,2026-05-04T22:13:22.892812500Z,0.9733045101165771,0.2177291363477707,0.5298452973365784,1.1293642837179259,0.5788904916417139,3844.445312499999,-304.07031249999767,1115.5390624999868,4018.3025526908145,-0.006634555137896935
12.96875,2026-05-04T22:12:21.476562Z,2026-05-04T22:13:22.900625Z,0.96782124042511,0.2281570285558701,0.5510191321372986,1.1368182207718103,0.6379910850605348,3854.0156249999995,-329.2656249999982,1258.7031249999898,4078.7297515020578,0.13477753371016984
12.9765625,2026-05-04T22:12:21.484375Z,2026-05-04T22:13:22.908437500Z,0.9611663222312928,0.243674710392952,0.5669187903404236,1.1421974340357133,0.6806416593442802,3863.5859374999995,-354.46093749999875,1401.867187499993,4139.1569503133005,0.2761896225582356
12.984375,2026-05-04T22:12:21.492187Z,2026-05-04T22:13:22.916250Z,0.9536834359169006,0.2628545761108398,0.5775441527366638,1.1454963432874787,0.7067979701642885,3873.1562499999995,-379.65624999999926,1545.031249999996,4199.584149124544,0.41760171140630237
12.9921875,2026-05-04T22:12:21.500000Z,2026-05-04T22:13:22.924062500Z,0.944232165813446,0.285867303609848,0.5814191102981567,1.1451387165098454,0.703962427735127,3882.7265625,-404.85156249999983,1688.1953124999989,4260.011347935787,0.5590138002543692
13.0,2026-05-04T22:12:21.507812Z,2026-05-04T22:13:22.931875Z,0.9342966079711914,0.309407651424408,0.57845139503479,1.1415994318692249,0.6759002344235011,3891.40625,-408.0624999999998,1804.7812500000002,4309.634660107742,0.675142569547746
13.0078125,2026-05-04T22:12:21.515625Z,2026-05-04T22:13:22.939687500Z,0.9240174293518066,0.3343135416507721,0.5688255429267883,1.1354013617056125,0.626757127623305,3897.265625,-341.6562500000013,1837.2031249999993,4325.045664588619,0.7112074935846054
13.015625,2026-05-04T22:12:21.523437Z,2026-05-04T22:13:22.947500Z,0.9130976796150208,0.3581021726131439,0.5522493124008179,1.1255948834264329,0.5490037629975246,3903.1249999999995,-275.25000000000284,1869.6249999999986,4340.4566690694965,0.7472724176214671
13.0234375,2026-05-04T22:12:21.531250Z,2026-05-04T22:13:22.955312500Z,0.904005765914917,0.3815494179725647,0.5299375653266907,1.1151861756258454,0.4664754557028911,3908.9843749999995,-208.84375000000438,1902.046874999998,4355.867673550373,0.7833373416583267
13.03125,2026-05-04T22:12:21.539062Z,2026-05-04T22:13:22.963125Z,0.895226240158081,0.4027155339717865,0.5023976564407349,1.1027298978294269,0.36771242561070877,3914.8437499999995,-142.4375000000059,1934.468749999997,4371.278678031251,0.8194022656951884
13.0390625,2026-05-04T22:12:21.546875Z,2026-05-04T22:13:22.970937500Z,0.8874309062957764,0.419598788022995,0.4692452549934387,1.088020158679593,0.25108220637130657,3920.09375,-72.77343750000998,1952.9921875000089,4381.267228778118,0.8427775313614263
13.046875,2026-05-04T22:12:21.554687Z,2026-05-04T22:13:22.978750Z,0.8833379745483398,0.431718111038208,0.4310030937194824,1.0735130047993489,0.1360582402521161,3920.875,20.781249999992017,1869.593750000007,4351.491118808869,0.7730953023096674
13.0546875,2026-05-04T22:12:21.562500Z,2026-05-04T22:13:22.986562500Z,0.8798074126243591,0.4382044970989227,0.3869792520999908,1.0563319583077837,-0.0001664200673184653,3921.65625,114.335937499994,1786.1953125000052,4321.715008839621,0.7034130732579105
13.0625,2026-05-04T22:12:21.570312Z,2026-05-04T22:13:22.994375Z,0.8789794445037842,0.4404545724391937,0.3385422825813293,1.0398153544443123,-0.13112286396243583,3922.4375,207.890624999996,1702.7968750000036,4291.938898870373,0.6337308442061537
13.0703125,2026-05-04T22:12:21.578125Z,2026-05-04T22:13:23.002187500Z,0.8829473853111267,0.4365906715393066,0.2877065241336823,1.026149376909611,-0.23947733169009439,3923.21875,301.445312499998,1619.3984375000018,4262.162788901124,0.5640486151543946
13.078125,2026-05-04T22:12:21.585937Z,2026-05-04T22:13:23.010000Z,0.8882588744163513,0.4270162582397461,0.2339030504226685,1.0129448898027504,-0.3441727454244982,3924.0,395.0,1536.0,4232.386678931876,0.49436638610263783
13.0859375,2026-05-04T22:12:21.593750Z,2026-05-04T22:13:23.017812500Z,0.8943357467651367,0.4118554592132568,0.176839679479599,1.0003667424820584,-0.4439020516137506,3909.9374999999995,399.8828125000001,1368.0312499999964,4173.982015507933,0.35768744655676965
13.09375,2026-05-04T22:12:21.601562Z,2026-05-04T22:13:23.025625Z,0.9025997519493104,0.393141120672226,0.1173775196075439,0.991475534287957,-0.5143984452219899,3895.8749999999995,404.7656250000002,1200.0624999999927,4115.577352083991,0.22100850701090363
13.1015625,2026-05-04T22:12:21.609375Z,2026-05-04T22:13:23.033437500Z,0.9132070541381836,0.3709508180618286,0.0584381744265556,0.9874039970441622,-0.5466807499282936,3881.812499999999,409.6484375000003,1032.0937499999893,4057.1726886600486,0.08432956746503656
13.109375,2026-05-04T22:12:21.617187Z,2026-05-04T22:13:23.041250Z,0.9247828722000122,0.3464949429035187,0.0004675704985857,0.9875638332757979,-0.5454134443324438,3867.7499999999986,414.5312500000004,864.1249999999857,3998.768025236106,-0.05234937208083052
13.1171875,2026-05-04T22:12:21.625000Z,2026-05-04T22:13:23.049062500Z,0.9382646083831788,0.3218373358249664,-0.0559499710798263,0.9935039734893795,-0.4983154061982575,3853.6874999999986,419.4140625000005,696.156249999982,3940.363361812163,-0.18902831162669867
13.125,2026-05-04T22:12:21.632812Z,2026-05-04T22:13:23.056875Z,0.950277864933014,0.2991814911365509,-0.1115371733903885,1.0024859731029934,-0.427099147808261,3837.3906249999986,345.7499999999925,498.9687499999821,3907.6184220545706,-0.2656582137472598
13.1328125,2026-05-04T22:12:21.640625Z,2026-05-04T22:13:23.064687500Z,0.9590260982513428,0.2758273482322693,-0.1656635701656342,1.011561269345591,-0.3551431613930532,3820.789062499999,261.37499999999443,297.79687499998676,3878.372535524204,-0.33409961076437866
13.140625,2026-05-04T22:12:21.648437Z,2026-05-04T22:13:23.072500Z,0.9687272906303406,0.2549095153808594,-0.2161764204502106,1.024765177688221,-0.25045233655029686,3804.187499999999,176.9999999999964,96.62499999999139,3849.126648993837,-0.40254100778149865
13.1484375,2026-05-04T22:12:21.656250Z,2026-05-04T22:13:23.080312500Z,0.9798032641410828,0.238615944981575,-0.2626451551914215,1.0420818025311143,-0.11315270592184101,3787.5859374999995,92.62499999999835,-104.54687500000398,3819.8807624634705,-0.4709824047986175
13.15625,2026-05-04T22:12:21.664062Z,2026-05-04T22:13:23.088125Z,0.9855989813804626,0.2266673296689987,-0.3054696023464203,1.0564540256893151,0.0008014247955287584,3770.984375,8.250000000000291,-305.7187499999994,3790.6348759331036,-0.5394238018157375
13.1640625,2026-05-04T22:12:21.671875Z,2026-05-04T22:13:23.095937500Z,0.9894263744354248,0.2194515913724899,-0.3437732458114624,1.0701885796064616,0.10969961926353057,3754.9765625,-75.8281250000006,-484.7734375000012,3802.7381627114532,-0.511099618353254
13.171875,2026-05-04T22:12:21.679687Z,2026-05-04T22:13:23.103750Z,0.9916759133338928,0.2181636244058609,-0.3771409392356873,1.0831674718842366,0.21260634224634917,3739.1562499999995,-159.8125000000024,-656.8437500000049,3827.89908316624,-0.4522178831603689
13.1796875,2026-05-04T22:12:21.687500Z,2026-05-04T22:13:23.111562500Z,0.9910041689872742,0.2203516215085983,-0.4062646329402924,1.0934784186392235,0.29435952415872224,3723.335937499999,-243.79687500000418,-828.9140625000085,3853.0600036210267,-0.3933361479674839
13.1875,2026-05-04T22:12:21.695312Z,2026-05-04T22:13:23.119375Z,0.9900512099266052,0.2275207936763763,-0.4294374883174896,1.102897849397077,0.3690440758838441,3707.515624999999,-327.78125000000597,-1000.9843750000122,3878.220924075813,-0.3344544127745999
13.1953125,2026-05-04T22:12:21.703125Z,2026-05-04T22:13:23.127187500Z,0.984927237033844,0.239903911948204,-0.4477512836456299,1.1082042957981542,0.41111769804911313,3691.6953124999986,-411.7656250000078,-1173.054687500016,3903.3818445305997,-0.2755726775817149
13.203125,2026-05-04T22:12:21.710937Z,2026-05-04T22:13:23.135000Z,0.9787409901618958,0.2575630247592926,-0.4598374664783478,1.1116308439061366,0.43828602870390043,3683.6249999999995,-433.2499999999988,-1296.7500000000082,3932.285487980565,-0.2079321998500408
13.2109375,2026-05-04T22:12:21.718750Z,2026-05-04T22:13:23.142812500Z,0.969727098941803,0.2784498631954193,-0.4644658863544464,1.1106905655143806,0.4308307724373189,3679.9140624999995,-419.57812499999915,-1393.234375000006,3963.2944131153176,-0.13536492944029938
13.21875,2026-05-04T22:12:21.726562Z,2026-05-04T22:13:23.150625Z,0.9594479203224182,0.3015246689319611,-0.4615135490894318,1.1065496797607712,0.3979986189661111,3676.203125,-405.9062499999995,-1489.7187500000039,3994.3033382500703,-0.06279765903055794
13.2265625,2026-05-04T22:12:21.734375Z,2026-05-04T22:13:23.158437500Z,0.9478564262390136,0.3261201977729797,-0.4540865421295166,1.1004457169262023,0.3496016680498892,3672.4921875,-392.2343749999998,-1586.2031250000016,4025.3122633848225,0.009769611379182433
13.234375,2026-05-04T22:12:21.742187Z,2026-05-04T22:13:23.166250Z,0.938170850276947,0.3507623076438904,-0.44083172082901,1.0943177540651083,0.30101442631158987,3668.78125,-378.5625000000001,-1682.6874999999993,4056.321188519575,0.08233688178892386
13.2421875,2026-05-04T22:12:21.750000Z,2026-05-04T22:13:23.174062500Z,0.9288445711135864,0.3732784688472748,-0.4218874871730804,1.086313999000917,0.23755444932854058,3670.25,-324.8750000000006,-1725.953125,4071.242292041523,0.11725533669774689
13.25,2026-05-04T22:12:21.757812Z,2026-05-04T22:13:23.181875Z,0.9190808534622192,0.3935756087303162,-0.3961928188800812,1.0754441523019338,0.15136987523869908,3676.5,-234.24999999999872,-1720.09375,4071.3130986901124,0.11742103883649155
13.2578125,2026-05-04T22:12:21.765625Z,2026-05-04T22:13:23.189687500Z,0.908286154270172,0.4116227030754089,-0.3654391765594482,1.0620559210749934,0.045217595628525974,3682.75,-143.6249999999968,-1714.2343749999998,4071.3839053387014,0.11758674097523514
13.265625,2026-05-04T22:12:21.773437Z,2026-05-04T22:13:23.197500Z,0.9020373821258544,0.4255110323429108,-0.3290268778800964,1.0502331949455408,-0.048522145534799506,3689.0000000000005,-52.99999999999485,-1708.3749999999998,4071.4547119872905,0.11775244311397873
13.2734375,2026-05-04T22:12:21.781250Z,2026-05-04T22:13:23.205312500Z,0.8968196511268616,0.4339836835861206,-0.2886012196540833,1.0372646664434821,-0.15134669646673224,3695.2500000000005,37.625000000007084,-1702.5156249999995,4071.5255186358795,0.11791814525272233
13.28125,2026-05-04T22:12:21.789062Z,2026-05-04T22:13:23.213125Z,0.8946481943130493,0.4374286234378815,-0.2436086535453796,1.025224057595486,-0.24681398078859787,3702.1250000000005,118.32812500000537,-1654.937499999991,4060.582410944906,0.09230901976762704
13.2890625,2026-05-04T22:12:21.796875Z,2026-05-04T22:13:23.220937500Z,0.8947731852531433,0.434899240732193,-0.1958943903446198,1.013967955512394,-0.3360610871009457,3709.9375000000005,184.14843750000387,-1544.7812499999936,4033.118431744595,0.028037652846789385
13.296875,2026-05-04T22:12:21.804687Z,2026-05-04T22:13:23.228750Z,0.8964603543281555,0.4276214241981506,-0.1449971199035645,1.003755654577221,-0.41703212845496035,3717.7500000000005,249.96875000000233,-1434.6249999999961,4005.6544525442837,-0.036233714074049336
13.3046875,2026-05-04T22:12:21.812500Z,2026-05-04T22:13:23.236562500Z,0.8983505964279175,0.4159831702709198,-0.0913012772798538,0.9941889736282398,-0.4928841938864334,3725.5625,315.7890625000008,-1324.4687499999986,3978.1904733439724,-0.10050508099488806
13.3125,2026-05-04T22:12:21.820312Z,2026-05-04T22:13:23.244375Z,0.9028809666633606,0.3996120095252991,-0.0361446291208267,0.9880233966531836,-0.5417696694896041,3733.375,381.6093749999993,-1214.3125000000011,3950.7264941436615,-0.1647764479157257
13.3203125,2026-05-04T22:12:21.828125Z,2026-05-04T22:13:23.252187500Z,0.9121447801589966,0.3803855776786804,0.0205189418047666,0.9884949745193625,-0.5380306344624931,3741.515625,420.1953125000007,-1083.8671875000039,3923.776928820828,-0.22784398043123683
13.328125,2026-05-04T22:12:21.835937Z,2026-05-04T22:13:23.260000Z,0.9198619723320008,0.357838362455368,0.0743224248290062,0.9898071350620389,-0.5276268081124273,3750.5,388.75,-901.25,3898.150142040079,-0.2878159387616207
13.3359375,2026-05-04T22:12:21.843750Z,2026-05-04T22:13:23.267812500Z,0.928813338279724,0.3332273066043854,0.1279721409082413,0.9950434784881397,-0.48610901669694623,3759.484375,357.3046874999993,-718.6328124999961,3872.523355259331,-0.34778789709200353
13.34375,2026-05-04T22:12:21.851562Z,2026-05-04T22:13:23.275625Z,0.9387176036834716,0.3086162507534027,0.1810221672058105,1.0045913371686095,-0.4104061888067181,3768.4687500000005,325.85937499999864,-536.0156249999922,3846.896568478582,-0.4077598554223874
13.3515625,2026-05-04T22:12:21.859375Z,2026-05-04T22:13:23.283437500Z,0.9482157230377196,0.2851224541664124,0.2335955053567886,1.017337078557897,-0.3093480668740721,3777.4531250000005,294.414062499998,-353.3984374999883,3821.269781697834,-0.46773181375277023
13.359375,2026-05-04T22:12:21.867187Z,2026-05-04T22:13:23.291250Z,0.9552456140518188,0.2641115188598633,0.2840622365474701,1.0309900250691328,-0.20109691920587905,3786.843750000001,253.15624999999275,-168.24999999998448,3803.973293386737,-0.5082091582255586
13.3671875,2026-05-04T22:12:21.875000Z,2026-05-04T22:13:23.299062500Z,0.9628066420555116,0.2467937618494034,0.3313151895999908,1.0476991675732437,-0.06861387965593099,3798.3671875000005,160.38281249999488,30.187500000010935,3830.4108720412873,-0.44633977994603136
13.375,2026-05-04T22:12:21.882812Z,2026-05-04T22:13:23.306875Z,0.9682117700576782,0.232734739780426,0.3736475706100464,1.0635845043068626,0.057337388892201524,3809.8906250000005,67.60937499999704,228.62500000000637,3856.8484506958375,-0.38447040166650415
13.3828125,2026-05-04T22:12:21.890625Z,2026-05-04T22:13:23.314687500Z,0.972351610660553,0.2220896035432816,0.4121203720569611,1.079182397845958,0.18100958488475286,3821.4140625,-25.164062500000814,427.06250000000176,3883.2860293503877,-0.3226010233869769
13.390625,2026-05-04T22:12:21.898437Z,2026-05-04T22:13:23.322500Z,0.9746479988098145,0.2169222086668015,0.4466259479522705,1.093832118554362,0.2971639313767819,3832.9375,-117.93749999999866,625.4999999999972,3909.723608004938,-0.26073164510744967
13.3984375,2026-05-04T22:12:21.906250Z,2026-05-04T22:13:23.330312500Z,0.9743668437004088,0.2178998291492462,0.476826012134552,1.1064511410333977,0.39721732751966987,3844.2812499999995,-208.74218749999847,822.0390624999947,3937.2885162270763,-0.19622408349146134
13.40625,2026-05-04T22:12:21.914062Z,2026-05-04T22:13:23.338125Z,0.9711487293243408,0.2238431125879288,0.5035970211029053,1.1166223861203275,0.4778628462704026,3851.3125,-252.29687499999937,973.0156249999978,3991.909334071358,-0.06840012180034823
13.4140625,2026-05-04T22:12:21.921875Z,2026-05-04T22:13:23.345937500Z,0.9657903909683228,0.2350158393383026,0.5257858037948608,1.1244706467928989,0.5400899431323015,3858.34375,-295.85156250000034,1123.9921875000011,4046.530151915639,0.059423839890763816
13.421875,2026-05-04T22:12:21.929687Z,2026-05-04T22:13:23.353750Z,0.9594635367393494,0.2507197260856628,0.541424036026001,1.1298542588172755,0.582775394200278,3865.375,-339.40625000000125,1274.9687500000043,4101.15096975992,0.18724780158187584
13.4296875,2026-05-04T22:12:21.937500Z,2026-05-04T22:13:23.361562500Z,0.9514651298522948,0.2696047723293304,0.5491431951522827,1.1311635051439966,0.5931561143863038,3872.4062500000005,-382.96093750000216,1425.9453125000075,4155.771787604202,0.3150717632729879
13.4375,2026-05-04T22:12:21.945312Z,2026-05-04T22:13:23.369375Z,0.9436541795730592,0.2906467616558075,0.5512344241142273,1.1308484164622838,0.5906578469694801,3879.4375000000005,-426.5156250000031,1576.9218750000107,4210.392605448484,0.44289572496410207
13.4453125,2026-05-04T22:12:21.953125Z,2026-05-04T22:13:23.377187500Z,0.9341403841972352,0.3132094740867615,0.5481898188591003,1.1274885851070233,0.5640184984684647,3883.59375,-382.0234374999973,1640.750000000003,4235.693067226662,0.5021040155891366
13.453125,2026-05-04T22:12:21.960937Z,2026-05-04T22:13:23.385000Z,0.9228770136833192,0.3369050025939941,0.5391328930854797,1.1206566109047944,0.5098493088637056,3887.5,-329.8749999999985,1697.0000000000016,4258.443932825182,0.5553457261214766
13.4609375,2026-05-04T22:12:21.968750Z,2026-05-04T22:13:23.392812500Z,0.912316620349884,0.361035019159317,0.525232195854187,1.1128956646459784,0.4483145083855376,3891.40625,-277.7265624999997,1753.2500000000002,4281.194798423702,0.6085874366538166
13.46875,2026-05-04T22:12:21.976562Z,2026-05-04T22:13:23.400625Z,0.903537094593048,0.3836442828178406,0.5053192377090454,1.1040424579894166,0.3781194204367342,3895.3125,-225.5781250000009,1809.499999999999,4303.945664022222,0.6618291471861566
13.4765625,2026-05-04T22:12:21.984375Z,2026-05-04T22:13:23.408437500Z,0.8964291214942932,0.4026689827442169,0.4788865149021149,1.093187894957855,0.2920560271145468,3899.21875,-173.4296875000021,1865.7499999999977,4326.696529620742,0.7150708577184945
13.484375,2026-05-04T22:12:21.992187Z,2026-05-04T22:13:23.416250Z,0.890227198600769,0.4179539084434509,0.4469334781169891,1.0802497250976177,0.18947218303780478,3903.28125,-87.68750000000267,1830.4375000000016,4316.835403900056,0.6919937928538542
13.4921875,2026-05-04T22:12:22.000000Z,2026-05-04T22:13:23.424062500Z,0.8862436413764954,0.4288007915019989,0.4101982712745667,1.0665648280482785,0.08096770672619624,3907.3828125,6.453124999999326,1772.2343750000005,4298.821280349565,0.6498370341399609
13.5,2026-05-04T22:12:22.007812Z,2026-05-04T22:13:23.431875Z,0.8820101022720337,0.4344492256641388,0.3683425486087799,1.0499353233917337,-0.05088390220987268,3911.484375,100.59375000000134,1714.031249999999,4280.8071567990755,0.6076802754260697
13.5078125,2026-05-04T22:12:22.015625Z,2026-05-04T22:13:23.439687500Z,0.8827130794525146,0.4359544515609741,0.3234114944934845,1.0362594555625924,-0.15931678786167938,3915.5859375,194.73437500000333,1655.828124999998,4262.793033248586,0.5655235167121785
13.515625,2026-05-04T22:12:22.023437Z,2026-05-04T22:13:23.447500Z,0.8851344585418701,0.4310508370399475,0.2751282751560211,1.0222345139944045,-0.270517400819934,3919.6875000000005,288.87500000000534,1597.6249999999966,4244.778909698095,0.5233667579982851
13.5234375,2026-05-04T22:12:22.031250Z,2026-05-04T22:13:23.455312500Z,0.8909457921981812,0.4214453995227814,0.2232315391302109,1.0105607104360452,-0.36307636835162727,3914.8906249999995,334.5390625000011,1479.789062499993,4205.573308654042,0.43161757803874834
13.53125,2026-05-04T22:12:22.039062Z,2026-05-04T22:13:23.463125Z,0.8980381488800049,0.4062846004962921,0.1686745882034302,0.9999954050643705,-0.44684630262973307,3905.90625,357.39062500000057,1333.8906249999964,4156.395247613023,0.31653078808127016
13.5390625,2026-05-04T22:12:22.046875Z,2026-05-04T22:13:23.470937500Z,0.9066770672798156,0.3874461352825165,0.1139484867453575,0.9925533082449739,-0.5058530174875476,3896.921875,380.24218750000006,1187.9921874999998,4107.217186572002,0.20144399812378988
13.546875,2026-05-04T22:12:22.054687Z,2026-05-04T22:13:23.478750Z,0.9155972003936768,0.3662024140357971,0.0589917376637458,0.9878777588988287,-0.542924398546791,3887.9375,403.0937499999995,1042.0937500000032,4058.0391255309823,0.08635720816631172
13.5546875,2026-05-04T22:12:22.062500Z,2026-05-04T22:13:23.486562500Z,0.9269699454307556,0.3437017500400543,0.0045116748660802,0.9886478280573884,-0.5368186930765934,3878.9531250000005,425.945312499999,896.1953125000066,4008.8610644899622,-0.028729581791167504
13.5625,2026-05-04T22:12:22.070312Z,2026-05-04T22:13:23.494375Z,0.9397017955780028,0.3203321099281311,-0.0488458797335624,0.9940010287874336,-0.49437436633373943,3865.921875000001,397.6093750000029,726.781250000008,3966.218013222651,-0.12852310313910245
13.5703125,2026-05-04T22:12:22.078125Z,2026-05-04T22:13:23.502187500Z,0.9504340887069702,0.2971486747264862,-0.102633997797966,1.001077434253689,-0.43826713611371226,3849.7109375000005,329.0546875000015,538.890625000004,3928.7096124918257,-0.21630048486525044
13.578125,2026-05-04T22:12:22.085937Z,2026-05-04T22:13:23.510000Z,0.9599165320396424,0.2750204503536224,-0.1548229157924652,1.0104682735495478,-0.36380927967168436,3833.5,260.5,351.0,3891.201211761001,-0.30407786659139735
13.5859375,2026-05-04T22:12:22.093750Z,2026-05-04T22:13:23.517812500Z,0.9698364734649658,0.255669891834259,-0.203352153301239,1.0233777294360835,-0.26145310224585594,3817.2890624999995,191.94531249999852,163.109374999996,3853.692811030176,-0.3918552483175453
13.59375,2026-05-04T22:12:22.101562Z,2026-05-04T22:13:23.525625Z,0.9779598712921144,0.2404780685901642,-0.2472991049289703,1.0370111178908423,-0.1533570260164951,3801.078124999999,123.39062499999707,-24.781250000008022,3816.184410299351,-0.4796326300436933
13.6015625,2026-05-04T22:12:22.109375Z,2026-05-04T22:13:23.533437500Z,0.983755588531494,0.2301898449659348,-0.286310076713562,1.0501123190973969,-0.04948054299692799,3785.3828124999995,45.29687499999599,-206.2265625000077,3801.6178243687286,-0.5137214407838477
13.609375,2026-05-04T22:12:22.117187Z,2026-05-04T22:13:23.541250Z,0.9879110455513,0.22475865483284,-0.3204619884490967,1.062629085281068,0.04976208593754834,3770.3437499999995,-44.93750000000192,-379.4687500000037,3816.2499118201754,-0.47947934299639117
13.6171875,2026-05-04T22:12:22.125000Z,2026-05-04T22:13:23.549062500Z,0.9895356893539428,0.2236103415489197,-0.3519229590892792,1.0737933853805217,0.13828131493206586,3755.3046875,-135.17187499999983,-552.7109374999997,3830.8819992716226,-0.44523724520893354
13.625,2026-05-04T22:12:22.132812Z,2026-05-04T22:13:23.556875Z,0.9885202646255492,0.2258914411067963,-0.3802778124809265,1.0829637442712243,0.2109910317416074,3740.2656250000005,-225.40624999999773,-725.9531249999957,3845.51408672307,-0.41099514742147586
13.6328125,2026-05-04T22:12:22.140625Z,2026-05-04T22:13:23.564687500Z,0.9858489632606506,0.2333864867687225,-0.4041118919849396,1.0907217114424717,0.2725022117032779,3725.226562500001,-315.6406249999956,-899.1953124999917,3860.1461741745165,-0.3767530496340193
13.640625,2026-05-04T22:12:22.148437Z,2026-05-04T22:13:23.572500Z,0.982552707195282,0.2464368790388107,-0.4223949313163757,1.0975237745802744,0.326434243193527,3713.3125000000005,-378.3124999999998,-1052.8749999999936,3880.478411979855,-0.32917142620001055
13.6484375,2026-05-04T22:12:22.156250Z,2026-05-04T22:13:23.580312500Z,0.9755228757858276,0.2634442448616028,-0.4332663416862488,1.0994396182466488,0.341624537498657,3708.0390625,-382.41406249999983,-1164.984374999996,3912.923469287216,-0.253243310767073
13.65625,2026-05-04T22:12:22.164062Z,2026-05-04T22:13:23.588125Z,0.9682117700576782,0.2843000292778015,-0.4364339411258698,1.0994249057085437,0.34150788508712937,3702.765625,-386.51562499999994,-1277.0937499999984,3945.3685265945774,-0.17731519533413442
13.6640625,2026-05-04T22:12:22.171875Z,2026-05-04T22:13:23.595937500Z,0.9568859338760376,0.3067541122436523,-0.4335431158542633,1.0943895143562146,0.30158339754888724,3697.4921875,-390.6171875,-1389.2031250000007,3977.8135839019383,-0.1013870799011969
13.671875,2026-05-04T22:12:22.179687Z,2026-05-04T22:13:23.603750Z,0.946372389793396,0.3292703032493591,-0.4254856705665588,1.0886127358352293,0.25578061759900705,3692.21875,-394.7187500000001,-1501.3125000000032,4010.2586412092996,-0.025458964468258318
13.6796875,2026-05-04T22:12:22.187500Z,2026-05-04T22:13:23.611562500Z,0.9359681606292723,0.3531520366668701,-0.4123384654521942,1.082023922473608,0.203539395707449,3688.0,-382.5703124999969,-1594.0078125000007,4036.6618927554136,0.03633008130862821
13.6875,2026-05-04T22:12:22.195312Z,2026-05-04T22:13:23.619375Z,0.926782488822937,0.3749543726444244,-0.3948396742343903,1.0749022892819284,0.1470735650065993,3688.0,-305.42187499999864,-1609.0468750000002,4038.897921256547,0.04156284846132677
13.6953125,2026-05-04T22:12:22.203125Z,2026-05-04T22:13:23.627187500Z,0.918830931186676,0.3938859701156616,-0.3712516129016876,1.066407144406598,0.07971746853282359,3688.0,-228.2734375000004,-1624.0859375,4041.13394975768,0.046795615614025315
13.703125,2026-05-04T22:12:22.210937Z,2026-05-04T22:13:23.635000Z,0.911457359790802,0.4104899168014526,-0.3423893451690674,1.0566394627297362,0.002271713456606686,3688.0,-151.1250000000022,-1639.1249999999995,4043.369978258813,0.05202838276672281
13.7109375,2026-05-04T22:12:22.218750Z,2026-05-04T22:13:23.642812500Z,0.9038339257240297,0.4226712882518768,-0.3099442422389984,1.0448120484083818,-0.09150519932776346,3688.0,-73.97656250000395,-1654.1640624999993,4045.606006759946,0.057261149919421356
13.71875,2026-05-04T22:12:22.226562Z,2026-05-04T22:13:23.650625Z,0.8970071077346802,0.4292973577976227,-0.2717790007591248,1.0309130894465277,-0.20170692448471894,3688.6562499999995,3.0468749999946287,-1661.0312500000061,4046.0404527823403,0.058277843076263054
13.7265625,2026-05-04T22:12:22.234375Z,2026-05-04T22:13:23.658437500Z,0.8969602584838867,0.4319663941860199,-0.2268940508365631,1.0210845123252912,-0.27963550586776376,3696.8593749999995,78.63281249999623,-1573.9218750000043,4025.7567002992155,0.010809685280701942
13.734375,2026-05-04T22:12:22.242187Z,2026-05-04T22:13:23.666250Z,0.8968352675437927,0.4306318759918213,-0.1802715510129929,1.011066338988304,-0.3590673530793003,3705.0624999999995,154.21874999999784,-1486.8125000000025,4005.4729478160907,-0.03665847251485917
13.7421875,2026-05-04T22:12:22.250000Z,2026-05-04T22:13:23.674062500Z,0.8975695371627808,0.4239437580108643,-0.1323419958353043,1.0014358630789364,-0.4354252344290861,3713.265625,229.80468749999946,-1399.7031250000007,3985.189195332966,-0.08412663031042028
13.75,2026-05-04T22:12:22.257812Z,2026-05-04T22:13:23.681875Z,0.901865541934967,0.4116382002830505,-0.0813063457608223,0.9946950213622762,-0.4888718550159012,3721.46875,305.3906250000011,-1312.5937499999986,3964.905442849841,-0.13159478810598138
13.7578125,2026-05-04T22:12:22.265625Z,2026-05-04T22:13:23.689687500Z,0.9075206518173218,0.3937618434429169,-0.0302860643714666,0.9897269161347555,-0.5282628459769272,3729.6718750000005,380.9765625000027,-1225.4843749999968,3944.621690366716,-0.17906294590154356
13.765625,2026-05-04T22:12:22.273437Z,2026-05-04T22:13:23.697500Z,0.9137381911277772,0.3749388754367828,0.0199192464351654,0.9878731794202161,-0.5429607082045723,3737.875,371.81249999999983,-1066.7499999999977,3917.9547672202325,-0.24146903752056198
13.7734375,2026-05-04T22:12:22.281250Z,2026-05-04T22:13:23.705312500Z,0.9208930134773254,0.3539899885654449,0.0708780214190483,0.9891291868083726,-0.533002107609765,3746.078125,359.1171875000001,-905.0312500000014,3891.021878629442,-0.3044975430488917
13.78125,2026-05-04T22:12:22.289062Z,2026-05-04T22:13:23.713125Z,0.9317346215248108,0.3308065533638,0.1247276365756989,0.9965537436697425,-0.4741344631412525,3754.2812499999995,346.4218750000004,-743.3125000000051,3864.088990038652,-0.36752604857722143
13.7890625,2026-05-04T22:12:22.296875Z,2026-05-04T22:13:23.720937500Z,0.9400298595428468,0.3073593080043793,0.1763937473297119,1.0046096929385528,-0.41026065002788625,3762.4843749999995,333.7265625000007,-581.5937500000089,3837.1561014478616,-0.43055455410555116
13.796875,2026-05-04T22:12:22.304687Z,2026-05-04T22:13:23.728750Z,0.9479189515113832,0.2859604060649872,0.2252458930015564,1.0154109536465328,-0.3246198788624867,3770.6874999999995,321.03125000000097,-419.87500000001256,3810.2232128570713,-0.4935830596338808
13.8046875,2026-05-04T22:12:22.312500Z,2026-05-04T22:13:23.736562500Z,0.9555580615997314,0.2666253745555878,0.2717146277427673,1.0285957118200204,-0.22008089141145976,3780.5312499999995,248.78125000000534,-233.38281250001225,3816.4319259373547,-0.47905339248045614
13.8125,2026-05-04T22:12:22.320312Z,2026-05-04T22:13:23.744375Z,0.9632440209388732,0.2487334758043289,0.3168302178382874,1.0440731644840067,-0.09736364407750042,3790.6874999999995,165.18750000000358,-42.17187500000817,3828.9533250502277,-0.44975074005430643
13.8203125,2026-05-04T22:12:22.328125Z,2026-05-04T22:13:23.752187500Z,0.9695552587509156,0.2347520440816879,0.3578863143920898,1.0598247666483547,0.02752727309559573,3800.84375,81.5937500000018,149.03906249999588,3841.4747241631003,-0.4204480876281578
13.828125,2026-05-04T22:12:22.335937Z,2026-05-04T22:13:23.760000Z,0.9708206653594972,0.2269621640443802,0.392607182264328,1.071515276495067,0.12021870103691683,3811.0,-1.9999999999999787,340.24999999999994,3853.9961232759733,-0.39114543520200806
13.8359375,2026-05-04T22:12:22.343750Z,2026-05-04T22:13:23.767812500Z,0.9711487293243408,0.2234086096286774,0.4242680370807648,1.0830718483151824,0.2118481644357411,3821.15625,-85.59375000000175,531.460937500004,3866.517522388846,-0.3618427827758594
13.84375,2026-05-04T22:12:22.351562Z,2026-05-04T22:13:23.775625Z,0.9726171493530272,0.2236568927764893,0.4544527530670166,1.0966010348673914,0.3191180471741253,3828.21875,-150.2031250000006,698.2031250000017,3904.7089979488414,-0.27246686528547287
13.8515625,2026-05-04T22:12:22.359375Z,2026-05-04T22:13:23.783437500Z,0.9702426195144652,0.2290570437908173,0.4806548357009888,1.1067370695495946,0.39948439053085993,3834.078125,-207.4296874999993,855.4296874999981,3952.8832810160498,-0.15972912249233107
13.859375,2026-05-04T22:12:22.367187Z,2026-05-04T22:13:23.791250Z,0.9645406603813172,0.2412384450435638,0.4993991851806641,1.112624922898537,0.4461678578542321,3839.9375,-264.65624999999795,1012.6562499999944,4001.057564083258,-0.04699137969918929
13.8671875,2026-05-04T22:12:22.375000Z,2026-05-04T22:13:23.799062500Z,0.9578856825828552,0.2571440637111664,0.514360785484314,1.1172444083740833,0.48279472107038174,3845.7968749999995,-321.88281249999665,1169.8828124999907,4049.231847150467,0.06574636309395356
13.875,2026-05-04T22:12:22.382812Z,2026-05-04T22:13:23.806875Z,0.9499654173851012,0.275051474571228,0.5244941115379333,1.1194559754315587,0.5003297397507712,3851.6562499999995,-379.10937499999534,1327.109374999987,4097.406130217675,0.17848410588709535
13.8828125,2026-05-04T22:12:22.390625Z,2026-05-04T22:13:23.814687500Z,0.9416545629501344,0.2953486144542694,0.5271850824356079,1.118869175161915,0.49567713215513953,3858.6874999999995,-381.3750000000027,1432.5390624999945,4135.389736918402,0.2673735674408529
13.890625,2026-05-04T22:12:22.398437Z,2026-05-04T22:13:23.822500Z,0.9320158362388612,0.3177406489849091,0.521941602230072,1.1144665428606952,0.4607696490725762,3866.4999999999995,-347.00000000000193,1503.437499999996,4166.579559374807,0.3403641748350167
13.8984375,2026-05-04T22:12:22.406250Z,2026-05-04T22:13:23.830312500Z,0.9221271276474,0.3398844003677368,0.5108087658882141,1.1075944386212946,0.4062822774126664,3874.3124999999995,-312.62500000000125,1574.3359374999975,4197.769381831212,0.41335478222918043
13.90625,2026-05-04T22:12:22.414062Z,2026-05-04T22:13:23.838125Z,0.914441168308258,0.3615626096725464,0.4967697560787201,1.1016852370639743,0.359429544937946,3882.125,-278.2500000000005,1645.2343749999989,4228.959204287617,0.4863453896233442
13.9140625,2026-05-04T22:12:22.421875Z,2026-05-04T22:13:23.845937500Z,0.905661642551422,0.3819994330406189,0.4789787530899048,1.093419966684281,0.2938960717310163,3889.9375,-243.87499999999977,1716.1328125000005,4260.149026744021,0.559335997017508
13.921875,2026-05-04T22:12:22.429687Z,2026-05-04T22:13:23.853750Z,0.896991491317749,0.4011792838573456,0.4555906355381012,1.0830980474928127,0.21205589183320092,3896.53125,-185.2187499999994,1738.1874999999998,4272.785171074251,0.5889071768814821
13.9296875,2026-05-04T22:12:22.437500Z,2026-05-04T22:13:23.861562500Z,0.891180157661438,0.4160917997360229,0.4268821179866791,1.0721766654212455,0.12546270534433315,3901.8046875,-100.25781250000135,1707.3281250000005,4265.32149743446,0.5714406435877584
13.9375,2026-05-04T22:12:22.445312Z,2026-05-04T22:13:23.869375Z,0.8880088925361633,0.4263489842414856,0.3922535181045532,1.0602811287825737,0.031145666000077152,3907.078125,-15.296875000003318,1676.4687500000011,4257.857823794669,0.5539741102940324
13.9453125,2026-05-04T22:12:22.453125Z,2026-05-04T22:13:23.877187500Z,0.8850407600402832,0.4303835928440094,0.3515818417072296,1.045053575344464,-0.08959018647671552,3912.3515624999995,69.66406249999473,1645.6093750000018,4250.394150154877,0.5365075770003066
13.953125,2026-05-04T22:12:22.460937Z,2026-05-04T22:13:23.885000Z,0.8857749700546265,0.4306318759918213,0.3073427379131317,1.031746416879385,-0.19509965835971363,3917.6249999999995,154.62499999999275,1614.7500000000027,4242.9304765150855,0.5190410437065807
13.9609375,2026-05-04T22:12:22.468750Z,2026-05-04T22:13:23.892812500Z,0.8896492123603821,0.4251230955123901,0.2603972852230072,1.0198098418543513,-0.2897420818559171,3918.3984375000005,225.10156249999588,1550.3515625000114,4223.1512867040665,0.4727536664671416
13.96875,2026-05-04T22:12:22.476562Z,2026-05-04T22:13:23.900625Z,0.8930079340934753,0.4155641794204712,0.2112529873847961,1.0073651682733065,-0.3884131047296605,3911.1718750000005,269.8281249999968,1426.3281250000089,4181.477845921965,0.3752292333241862
13.9765625,2026-05-04T22:12:22.484375Z,2026-05-04T22:13:23.908437500Z,0.9004126787185669,0.4013499915599823,0.1614782363176346,0.9989494624487251,-0.45513934680488644,3903.9453125000005,314.5546874999978,1302.3046875000061,4139.804405139865,0.27770480018123284
13.984375,2026-05-04T22:12:22.492187Z,2026-05-04T22:13:23.916250Z,0.9096608757972716,0.3844512104988098,0.1109038814902306,0.9937732704897323,-0.49618021074225793,3896.71875,359.28124999999875,1178.2812500000036,4098.130964357763,0.1801803670382774
13.9921875,2026-05-04T22:12:22.500000Z,2026-05-04T22:13:23.924062500Z,0.9186122417449952,0.3630057573318481,0.0588533505797386,0.9894874165012386,-0.5301617848010834,3889.4921875,404.00781249999966,1054.257812500001,4056.457523575662,0.08265593389532193
14.0,2026-05-04T22:12:22.507812Z,2026-05-04T22:13:23.931875Z,0.9286414980888368,0.34090855717659,0.006679804995656,0.9892614902661901,-0.5319531031961436,3879.96875,424.82812499999983,918.7968749999994,4014.3476216816975,-0.015889908128794906
14.0078125,2026-05-04T22:12:22.515625Z,2026-05-04T22:13:23.939687500Z,0.9402954578399658,0.3185941278934479,-0.044771023094654,0.9938119595132671,-0.49587345416071316,3863.1718750000005,369.9453125000011,747.1171875000033,3970.8555929334975,-0.11767021160992863
14.015625,2026-05-04T22:12:22.523437Z,2026-05-04T22:13:23.947500Z,0.9509496092796326,0.2964503765106201,-0.0960373356938362,1.0007053287404564,-0.44121747718682386,3846.375000000001,315.06250000000233,575.4375000000073,3927.363564185298,-0.21945051509106128
14.0234375,2026-05-04T22:12:22.531250Z,2026-05-04T22:13:23.955312500Z,0.960010290145874,0.2758118510246277,-0.1450432538986206,1.0093212966410132,-0.37290340207197403,3829.578125000001,260.1796875000036,403.75781250001125,3883.871535437098,-0.321230818572195
14.03125,2026-05-04T22:12:22.539062Z,2026-05-04T22:13:23.963125Z,0.970336377620697,0.2588665187358856,-0.1904202401638031,1.0221665363924477,-0.2710563799642157,3812.7812500000014,205.29687500000486,232.07812500001518,3840.3795066888983,-0.42301112205332764
14.0390625,2026-05-04T22:12:22.546875Z,2026-05-04T22:13:23.970937500Z,0.9762570858001708,0.2440471351146698,-0.2325834929943085,1.0328271796124235,-0.18653053329120578,3796.2656250000014,146.6406250000092,60.117187500018545,3802.5660811828607,-0.5115023245665017
14.046875,2026-05-04T22:12:22.554687Z,2026-05-04T22:13:23.978750Z,0.9823652505874634,0.234503760933876,-0.2688420116901398,1.0451361283122422,-0.08893564252914746,3781.8125000000014,60.31250000000737,-113.90624999998518,3806.3957461193913,-0.5025401199812011
14.0546875,2026-05-04T22:12:22.562500Z,2026-05-04T22:13:23.986562500Z,0.9859582781791688,0.229693278670311,-0.3012871146202087,1.0562417592637205,-0.0008815880371317906,3767.359375000001,-26.015624999994465,-287.9296874999889,3810.225411055922,-0.49357791539590035
14.0625,2026-05-04T22:12:22.570312Z,2026-05-04T22:13:23.994375Z,0.9862863421440125,0.2291191220283508,-0.3310873806476593,1.0653052024668734,0.07098041828944063,3752.9062500000005,-112.34374999999629,-461.9531249999926,3814.0550759924527,-0.4846157108105997
14.0703125,2026-05-04T22:12:22.578125Z,2026-05-04T22:13:24.002187500Z,0.9858332872390748,0.2329985499382019,-0.3564130067825317,1.0738649011424435,0.13884834735235885,3738.4531250000005,-198.67187499999812,-635.9765624999964,3817.8847409289833,-0.475653506225299
14.078125,2026-05-04T22:12:22.585937Z,2026-05-04T22:13:24.010000Z,0.9852709174156188,0.2406798005104065,-0.3779559135437012,1.0823752674841558,0.20632513141570827,3724.0,-285.0,-810.0,3821.714405865514,-0.4666913016399983
14.0859375,2026-05-04T22:12:22.593750Z,2026-05-04T22:13:24.017812500Z,0.9787878394126892,0.2518370151519775,-0.3968232572078705,1.0857790816938229,0.23331321009473407,3715.9921875,-309.8046875000005,-931.4843750000026,3851.2655197006284,-0.39753560987503433
14.09375,2026-05-04T22:12:22.601562Z,2026-05-04T22:13:24.025625Z,0.9726796746253968,0.2681460976600647,-0.4082328677177429,1.0884218637112821,0.25426723538087964,3707.9843749999995,-334.6093750000011,-1052.9687500000052,3880.816633535743,-0.32837991811006934
14.1015625,2026-05-04T22:12:22.609375Z,2026-05-04T22:13:24.033437500Z,0.9660247564315796,0.2881639301776886,-0.4116926491260529,1.088913733056284,0.25816715698794274,3699.9765624999995,-359.4140625000016,-1174.4531250000077,3910.3677473708576,-0.2592242263451054
14.109375,2026-05-04T22:12:22.617187Z,2026-05-04T22:13:24.041250Z,0.9549643993377686,0.3103076815605164,-0.4088172018527985,1.0841491436923056,0.22038979761765187,3691.968749999999,-384.2187500000021,-1295.9375000000105,3939.9188612059725,-0.19006853458014034
14.1171875,2026-05-04T22:12:22.625000Z,2026-05-04T22:13:24.049062500Z,0.9446226954460144,0.3325910866260529,-0.3985147178173065,1.0778417546058419,0.17037992562132953,3683.960937499999,-409.0234375000027,-1417.421875000013,3969.469975041087,-0.12091284281517639
14.125,2026-05-04T22:12:22.632812Z,2026-05-04T22:13:24.056875Z,0.9355620145797728,0.3553245067596436,-0.3851830065250397,1.0723328479274594,0.12670104137161067,3685.4062500000005,-357.68749999999454,-1459.3281250000027,3982.1148170906768,-0.091321308496798
14.1328125,2026-05-04T22:12:22.640625Z,2026-05-04T22:13:24.064687500Z,0.9275948405265808,0.3755750954151154,-0.368729829788208,1.066513257228079,0.08055881327098673,3688.140625,-295.96874999999596,-1490.382812500002,3992.4542584422434,-0.06712488655749294
14.140625,2026-05-04T22:12:22.648437Z,2026-05-04T22:13:24.072500Z,0.9179717302322388,0.3932186961174011,-0.3477712273597717,1.0574676671469256,0.008838360340548043,3690.875,-234.24999999999739,-1521.4375000000014,4002.7936997938095,-0.04292846461818892
14.1484375,2026-05-04T22:12:22.656250Z,2026-05-04T22:13:24.080312500Z,0.9112386703491212,0.4075415432453156,-0.3214461207389832,1.0487009260740399,-0.06067116140765292,3693.609375,-172.5312499999988,-1552.4921875000007,4013.1331411453757,-0.018732042678884918
14.15625,2026-05-04T22:12:22.664062Z,2026-05-04T22:13:24.088125Z,0.9045056104660034,0.4184194505214691,-0.2903849482536316,1.0380407767093882,-0.1451930924126727,3696.34375,-110.81250000000023,-1583.546875,4023.472582496942,0.00546437926041909
14.1640625,2026-05-04T22:12:22.671875Z,2026-05-04T22:13:24.095937500Z,0.9016155600547792,0.4261162281036377,-0.2528039813041687,1.0287835102437262,-0.21859187987247108,3704.125,-34.54687499999943,-1544.8359374999995,4017.716583098099,-0.008005844652180199
14.171875,2026-05-04T22:12:22.679687Z,2026-05-04T22:13:24.103750Z,0.8971789479255676,0.4283818006515503,-0.2122860848903656,1.0166151747679022,-0.31507187995051283,3713.5000000000005,46.31250000000229,-1484.0937499999982,4006.8778129359684,-0.033370798833802534
14.1796875,2026-05-04T22:12:22.687500Z,2026-05-04T22:13:24.111562500Z,0.8986318111419678,0.4249679148197174,-0.1672012507915497,1.0080144437897556,-0.3832651449284093,3722.8750000000005,127.17187500000401,-1423.351562499997,3996.039042773838,-0.058735753015424864
14.1875,2026-05-04T22:12:22.695312Z,2026-05-04T22:13:24.119375Z,0.901599943637848,0.4175038933753967,-0.1189180463552475,1.0006665084334212,-0.4415252746857689,3732.2500000000005,208.03125000000574,-1362.6093749999957,3985.2002726117075,-0.0841007071970472
14.1953125,2026-05-04T22:12:22.703125Z,2026-05-04T22:13:24.127187500Z,0.9034589529037476,0.4059276878833771,-0.0730336159467697,0.9931511850823824,-0.5011125862729054,3741.625000000001,288.89062500000745,-1301.8671874999943,3974.361502449577,-0.10946566137866953
14.203125,2026-05-04T22:12:22.710937Z,2026-05-04T22:13:24.135000Z,0.9101607799530028,0.3907203674316406,-0.0251040775328874,0.9908003157041039,-0.5197521017802162,3750.875000000001,323.2500000000007,-1188.999999999988,3955.257080191568,-0.154173943590783
14.2109375,2026-05-04T22:12:22.718750Z,2026-05-04T22:13:24.142812500Z,0.917378067970276,0.3710284233093262,0.0235635507851839,0.9898483982014048,-0.5272996419443714,3760.0546875000005,331.4531250000005,-1046.8124999999911,3931.5032286296287,-0.20976284782004495
14.21875,2026-05-04T22:12:22.726562Z,2026-05-04T22:13:24.150625Z,0.9250797033309937,0.3495053648948669,0.0717698782682418,0.9915025834721216,-0.5141839783135537,3769.2343750000005,339.65625000000034,-904.6249999999944,3907.7493770676897,-0.2653517520493058
14.2265625,2026-05-04T22:12:22.734375Z,2026-05-04T22:13:24.158437500Z,0.9310316443443298,0.3277495503425598,0.1190228387713432,0.9941861629843004,-0.4929064788512117,3778.4140625,347.8593750000001,-762.4374999999977,3883.9955255057507,-0.32094065627856666
14.234375,2026-05-04T22:12:22.742187Z,2026-05-04T22:13:24.166250Z,0.9409828186035156,0.3061799705028534,0.1688437312841415,1.0038441337369544,-0.4163305970618676,3787.59375,356.06249999999994,-620.250000000001,3860.2416739438113,-0.37652956050782854
14.2421875,2026-05-04T22:12:22.750000Z,2026-05-04T22:13:24.174062500Z,0.9499966502189636,0.2852776348590851,0.217280700802803,1.0154249688280286,-0.32450875563495124,3795.046875,320.2890625000005,-457.7500000000013,3848.000490625197,-0.4051764502712387
14.25,2026-05-04T22:12:22.757812Z,2026-05-04T22:13:24.181875Z,0.958354353904724,0.2672305703163147,0.2634572684764862,1.0292059937994993,-0.2152421026104169,3800.90625,243.9218749999989,-276.49999999999744,3846.386385685037,-0.40895378822001566
14.2578125,2026-05-04T22:12:22.765625Z,2026-05-04T22:13:24.189687500Z,0.96154123544693,0.2521784007549286,0.3043442368507385,1.0396061310786795,-0.1327817490558559,3806.765625,167.55468749999727,-95.24999999999356,3844.772280744877,-0.41273112616879254
14.265625,2026-05-04T22:12:22.773437Z,2026-05-04T22:13:24.197500Z,0.9654310941696168,0.2392987310886383,0.3417714238166809,1.0517265739857757,-0.03668147840290841,3812.6250000000005,91.18749999999564,86.0000000000103,3843.1581758047173,-0.4165084641175695
14.2734375,2026-05-04T22:12:22.781250Z,2026-05-04T22:13:24.205312500Z,0.970680058002472,0.2305777817964554,0.3762154877185822,1.06626637462746,0.07860133655822575,3818.4843750000005,14.820312499994003,267.25000000001415,3841.5440708645574,-0.42028580206634636
14.28125,2026-05-04T22:12:22.789062Z,2026-05-04T22:13:24.213125Z,0.972835898399353,0.2273966521024704,0.4059542715549469,1.0783866621929241,0.17470037554224704,3824.3437500000005,-57.25000000000536,440.14062500001313,3856.9648772644605,-0.3841979395204792
14.2890625,2026-05-04T22:12:22.796875Z,2026-05-04T22:13:24.220937500Z,0.9704144597053528,0.2295380979776382,0.4310030937194824,1.0863496807309276,0.23783736175489947,3830.2031250000005,-122.87500000000384,600.4921875000094,3897.9380506744487,-0.2883122762326678
14.296875,2026-05-04T22:12:22.804687Z,2026-05-04T22:13:24.228750Z,0.9659934639930724,0.236040011048317,0.4545911252498627,1.0933944166900438,0.2936934915629319,3836.0625,-188.50000000000233,760.8437500000057,3938.911224084437,-0.19242661294485636
14.3046875,2026-05-04T22:12:22.812500Z,2026-05-04T22:13:24.236562500Z,0.9637595415115356,0.2468248158693314,0.4769336581230164,1.10327723525597,0.37205214118318974,3841.921875,-254.1250000000008,921.195312500002,3979.8843974944252,-0.09654094965704493
14.3125,2026-05-04T22:12:22.820312Z,2026-05-04T22:13:24.244375Z,0.9568077921867372,0.2621873021125793,0.4917569160461426,1.107270606969021,0.40371468894514756,3847.78125,-319.74999999999926,1081.5468749999984,4020.857570904414,-0.0006552863692324419
14.3203125,2026-05-04T22:12:22.828125Z,2026-05-04T22:13:24.252187500Z,0.9480282664299012,0.2811033725738525,0.4990608990192413,1.1076274107082993,0.4065437056879722,3854.1328125,-362.18750000000034,1220.5703124999982,4060.022083633292,0.09099773847157584
14.328125,2026-05-04T22:12:22.835937Z,2026-05-04T22:13:24.260000Z,0.9402485489845276,0.3013074100017548,0.5007369518280029,1.1070641282759888,0.4020775657445714,3861.75,-345.0,1304.75,4094.535754610744,0.17176683587723413
14.3359375,2026-05-04T22:12:22.843750Z,2026-05-04T22:13:24.267812500Z,0.9321408271789552,0.3213097155094147,0.496846616268158,1.1040756382928327,0.3783824996132197,3869.3671875,-327.81249999999966,1388.9296875000018,4129.049425588196,0.2525359332828924
14.34375,2026-05-04T22:12:22.851562Z,2026-05-04T22:13:24.275625Z,0.9224864840507508,0.3413740992546082,0.4865134060382843,1.0973663395389817,0.3251859760968162,3876.9843750000005,-310.62499999999926,1473.1093750000036,4163.563096565647,0.3333050306885496
14.3515625,2026-05-04T22:12:22.859375Z,2026-05-04T22:13:24.283437500Z,0.9140506386756896,0.3631609380245209,0.4719823002815247,1.0909361707952143,0.2742026117629622,3884.6015625000005,-293.4374999999989,1557.2890625000055,4198.0767675431,0.41407412809420896
14.359375,2026-05-04T22:12:22.867187Z,2026-05-04T22:13:24.291250Z,0.9050992727279664,0.3832563459873199,0.4527612924575806,1.0821658413478523,0.20466463859916423,3891.7187500000005,-265.6874999999935,1626.7187499999993,4227.0367095826105,0.48184635611885424
14.3671875,2026-05-04T22:12:22.875000Z,2026-05-04T22:13:24.299062500Z,0.8992097973823547,0.3993637263774872,0.4323716461658478,1.0747161886110643,0.14559801456872998,3896.2109375000005,-182.48437499999542,1618.7109374999995,4226.839574697952,0.4813850198932347
14.375,2026-05-04T22:12:22.882812Z,2026-05-04T22:13:24.306875Z,0.8938671350479126,0.4130192995071411,0.4066923558712006,1.0653553722623263,0.07137820333397933,3900.703125,-99.28124999999733,1610.7031249999998,4226.642439813294,0.4809236836676151
14.3828125,2026-05-04T22:12:22.890625Z,2026-05-04T22:13:24.314687500Z,0.8895866870880127,0.4225937128067017,0.3732323944568634,1.053210491886585,-0.024915826521405643,3905.1953125,-16.07812499999925,1602.6953125,4226.445304928636,0.4804623474419955
14.390625,2026-05-04T22:12:22.898437Z,2026-05-04T22:13:24.322500Z,0.8875558376312256,0.427264541387558,0.3348979949951172,1.040416753177368,-0.12635450842790658,3909.6875,67.12499999999883,1594.6875,4226.248170043977,0.48000101121637384
14.3984375,2026-05-04T22:12:22.906250Z,2026-05-04T22:13:24.330312500Z,0.8903053402900696,0.4252782762050629,0.2933498322963715,1.0293489861408887,-0.21410834843871318,3913.765625,149.07812499999815,1582.8828125000036,4224.661389461483,0.476287617891376
14.40625,2026-05-04T22:12:22.914062Z,2026-05-04T22:13:24.338125Z,0.8918519020080566,0.4191953241825104,0.2470656037330627,1.0159556818483033,-0.3203008512474321,3907.90625,201.03124999999926,1479.9531250000014,4189.723112130908,0.39452485418123007
14.4140625,2026-05-04T22:12:22.921875Z,2026-05-04T22:13:24.345937500Z,0.8961010575294495,0.4097605645656586,0.1990591734647751,1.0052489145077672,-0.4051924057170503,3902.046875,252.98437500000037,1377.0234374999993,4154.784834800332,0.312762090471082
14.421875,2026-05-04T22:12:22.929687Z,2026-05-04T22:13:24.353750Z,0.9035683274269104,0.3960118889808655,0.1524981707334518,0.9982568961045583,-0.4606305498598991,3896.1875,304.9375000000015,1274.093749999997,4119.846557469757,0.23099932676093607
14.4296875,2026-05-04T22:12:22.937500Z,2026-05-04T22:13:24.361562500Z,0.9119729399681092,0.3786320686340332,0.105445109307766,0.9930637228844333,-0.5018060544043289,3890.3281249999995,356.8906250000026,1171.164062499995,4084.908280139181,0.14923656305078906
14.4375,2026-05-04T22:12:22.945312Z,2026-05-04T22:13:24.369375Z,0.9221115112304688,0.3583349287509918,0.0579307377338409,0.9909841223153398,-0.5182947404260998,3884.4687499999995,408.8437500000037,1068.2343749999927,4049.9700028086054,0.06747379934064207
14.4453125,2026-05-04T22:12:22.953125Z,2026-05-04T22:13:24.377187500Z,0.9315940141677856,0.3385343551635742,0.0087864287197589,0.9912366610395889,-0.5162924175789312,3871.242187499999,380.1171874999982,912.2968749999917,4007.672916029023,-0.03151009386236069
14.453125,2026-05-04T22:12:22.960937Z,2026-05-04T22:13:24.385000Z,0.9407484531402588,0.3171975314617157,-0.0413573682308197,0.9936459922719839,-0.497189371155586,3857.3749999999995,344.374999999999,751.7499999999955,3964.735932775614,-0.1319914765864807
14.4609375,2026-05-04T22:12:22.968750Z,2026-05-04T22:13:24.392812500Z,0.9498248100280762,0.2954727709293365,-0.0893022865056991,0.9987222969778321,-0.45694049082273724,3843.5078125,308.63281249999983,591.2031249999991,3921.7989495222055,-0.23247285931059963
14.46875,2026-05-04T22:12:22.976562Z,2026-05-04T22:13:24.400625Z,0.9623535871505736,0.2763239145278931,-0.1343102306127548,1.0102071918615738,-0.36587933776024983,3829.6406250000005,272.8906250000006,430.6562500000028,3878.8619662687966,-0.3329542420347196
14.4765625,2026-05-04T22:12:22.984375Z,2026-05-04T22:13:24.408437500Z,0.9691647291183472,0.2602165639400482,-0.1797179728746414,1.019456464048355,-0.29254393514290444,3815.7734375000005,237.14843750000145,270.1093750000065,3835.924983015388,-0.43343562475883857
14.484375,2026-05-04T22:12:22.992187Z,2026-05-04T22:13:24.416250Z,0.974944829940796,0.2473834604024887,-0.2206510603427887,1.029758655384549,-0.2108601729804632,3804.0937500000005,163.28125000000236,106.59375000000468,3824.502549890407,-0.46016647046586134
14.4921875,2026-05-04T22:12:23.000000Z,2026-05-04T22:13:24.424062500Z,0.9798657298088074,0.2387090623378754,-0.2546492218971252,1.0401755097620717,-0.12826727330629584,3792.9609375,79.8828125000006,-57.66406249999882,3820.958754297535,-0.4684596819186045
14.5,2026-05-04T22:12:23.007812Z,2026-05-04T22:13:24.431875Z,0.983974277973175,0.2338830530643463,-0.2840189337730408,1.0505110265794957,-0.04631928088507751,3781.828125,-3.5156250000011813,-221.92187500000233,3817.4149587046627,-0.4767528933713487
14.5078125,2026-05-04T22:12:23.015625Z,2026-05-04T22:13:24.439687500Z,0.9852396845817566,0.2340227067470551,-0.3103594183921814,1.0591443867257715,0.022132693441349403,3770.6953124999995,-86.91406250000296,-386.1796875000058,3813.871163111791,-0.48504610482409183
14.515625,2026-05-04T22:12:23.023437Z,2026-05-04T22:13:24.447500Z,0.9837712049484252,0.2391901016235352,-0.3339935839176178,1.0661000902816247,0.07728290531255094,3759.5624999999995,-170.31250000000475,-550.4375000000093,3810.327367518919,-0.49333931627683497
14.5234375,2026-05-04T22:12:23.031250Z,2026-05-04T22:13:24.455312500Z,0.980428159236908,0.2475851625204086,-0.3562438488006592,1.0721228791203161,0.12503624583981257,3748.1640624999995,-224.0937500000019,-690.7890625000061,3824.923703385709,-0.4591808845597142
14.53125,2026-05-04T22:12:23.039062Z,2026-05-04T22:13:24.463125Z,0.9760852456092834,0.2583389282226562,-0.373173713684082,1.0764478757079392,0.1593281727792406,3736.6406249999995,-263.937500000001,-819.8906250000032,3848.0565717041018,-0.40504520899795804
14.5390625,2026-05-04T22:12:23.046875Z,2026-05-04T22:13:24.470937500Z,0.9713518023490906,0.2735773026943207,-0.3836453258991241,1.0796076141638553,0.1843810296041577,3725.1171875,-303.78125000000006,-948.9921875000002,3871.1894400224946,-0.35090953343620185
14.546875,2026-05-04T22:12:23.054687Z,2026-05-04T22:13:24.478750Z,0.9614318609237672,0.2928502857685089,-0.3889042139053345,1.0776636769731833,0.16896798805214203,3713.5937500000005,-343.62499999999915,-1078.0937499999973,3894.322308340888,-0.2967738578744446
14.5546875,2026-05-04T22:12:23.062500Z,2026-05-04T22:13:24.486562500Z,0.9526680111885072,0.3142491579055786,-0.3850446343421936,1.0745176793435949,0.14402407915422763,3702.0703125000005,-383.46874999999824,-1207.1953124999943,3917.455176659281,-0.2426381823126884
14.5625,2026-05-04T22:12:23.070312Z,2026-05-04T22:13:24.494375Z,0.9453412890434264,0.3365636169910431,-0.373035341501236,1.0705608749909201,0.112651465782964,3697.4375,-373.1093750000021,-1291.890624999998,3935.9050994820295,-0.19946156355860062
14.5703125,2026-05-04T22:12:23.078125Z,2026-05-04T22:13:24.502187500Z,0.9342653751373292,0.3570624887943268,-0.3596267402172089,1.06286255196227,0.05161319083725684,3698.21875,-323.3046875000011,-1341.6953124999989,3950.675565129628,-0.16489563229625517
14.578125,2026-05-04T22:12:23.085937Z,2026-05-04T22:13:24.510000Z,0.9250484704971312,0.3761802911758423,-0.3442499339580536,1.0562832485978122,-0.0005526284218784862,3699.0,-273.5,-1391.5,3965.4460307772265,-0.13032970103390973
14.5859375,2026-05-04T22:12:23.093750Z,2026-05-04T22:13:24.517812500Z,0.9185653328895568,0.3933428525924683,-0.3246906101703644,1.050668769310712,-0.0450685741840424,3699.78125,-223.69531249999895,-1441.3046875000011,3980.2164964248254,-0.09576376977156323
14.59375,2026-05-04T22:12:23.101562Z,2026-05-04T22:13:24.525625Z,0.9118791818618774,0.4060518443584442,-0.3010256886482239,1.0426016534833036,-0.10903092443353116,3700.5625,-173.8906249999979,-1491.109375000002,3994.986962072424,-0.06119783850921779
14.6015625,2026-05-04T22:12:23.109375Z,2026-05-04T22:13:24.533437500Z,0.9066614508628844,0.4150986671447754,-0.270594984292984,1.033229662500395,-0.18333933683380685,3703.234375,-111.02343749999648,-1499.320312499998,3998.9017385267507,-0.05203645544546115
14.609375,2026-05-04T22:12:23.117187Z,2026-05-04T22:13:24.541250Z,0.903146505355835,0.4216005802154541,-0.2350283861160278,1.0240405273497575,-0.2561979263929187,3708.3125,-31.531249999998302,-1454.593749999999,3989.0001832805524,-0.07520813372535708
14.6171875,2026-05-04T22:12:23.125000Z,2026-05-04T22:13:24.549062500Z,0.8985224366188049,0.4231989085674286,-0.1971860378980637,1.0125819566148677,-0.34705036118918664,3713.390625,47.960937499999865,-1409.8671875,3979.0986280343536,-0.09837981200525407
14.625,2026-05-04T22:12:23.132812Z,2026-05-04T22:13:24.556875Z,0.9004439115524292,0.4201884567737579,-0.1531929671764374,1.0053982605167329,-0.40400827474159445,3718.46875,127.45312499999802,-1365.1406250000011,3969.1970727881553,-0.12155149028515001
14.6328125,2026-05-04T22:12:23.140625Z,2026-05-04T22:13:24.564687500Z,0.904583752155304,0.4120571911334991,-0.1071855276823044,0.99977579025136,-0.4485875791764297,3723.5468749999995,206.9453124999962,-1320.414062500002,3959.295517541957,-0.14472316856504594
14.640625,2026-05-04T22:12:23.148437Z,2026-05-04T22:13:24.572500Z,0.9072238802909852,0.4008068740367889,-0.0632693395018577,0.9938331492591579,-0.495705445422849,3729.6874999999995,266.624999999999,-1251.3125000000068,3945.8586367627495,-0.17616823661338696
14.6484375,2026-05-04T22:12:23.156250Z,2026-05-04T22:13:24.580312500Z,0.9123478531837464,0.3856770992279053,-0.0181537549942731,0.9906841014663729,-0.5206735383799577,3738.0859374999995,284.2031249999994,-1130.4140625000043,3924.9091892258953,-0.2251942579196788
14.65625,2026-05-04T22:12:23.164062Z,2026-05-04T22:13:24.588125Z,0.9190496206283568,0.3665437996387482,0.0273923799395561,0.9898267043828886,-0.5274716473609132,3746.484375,301.7812499999998,-1009.5156250000017,3903.959741689041,-0.27422027922597064
14.6640625,2026-05-04T22:12:23.171875Z,2026-05-04T22:13:24.595937500Z,0.9250797033309937,0.3453621566295624,0.0721696689724922,0.9900787533658021,-0.5254732075628421,3754.8828125,319.3593750000001,-888.6171874999992,3883.010294152187,-0.3232463005322625
14.671875,2026-05-04T22:12:23.179687Z,2026-05-04T22:13:24.603750Z,0.9338279962539672,0.3249874114990234,0.1181002259254456,0.995790744877746,-0.48018410926233646,3763.2812500000005,336.9375000000005,-767.7187499999966,3862.0608466153326,-0.37227232183855435
14.6796875,2026-05-04T22:12:23.187500Z,2026-05-04T22:13:24.611562500Z,0.943622887134552,0.3051092624664307,0.1647534966468811,1.005315636914263,-0.40466337873577446,3771.1718750000005,339.59374999999767,-638.2265624999933,3843.694575092111,-0.4152531793256352
14.6875,2026-05-04T22:12:23.195312Z,2026-05-04T22:13:24.619375Z,0.9491530656814576,0.2857897281646729,0.209407776594162,1.0131233526649446,-0.34275775345681064,3777.03125,282.562499999999,-474.3593749999971,3835.661007623417,-0.4340533815358775
14.6953125,2026-05-04T22:12:23.203125Z,2026-05-04T22:13:24.627187500Z,0.9569952487945556,0.2680995464324951,0.2540774345397949,1.025803400147897,-0.24222050375857376,3782.890625,225.5312500000003,-310.49218750000085,3827.6274401547225,-0.45285358374612095
14.703125,2026-05-04T22:12:23.210937Z,2026-05-04T22:13:24.635000Z,0.9636502265930176,0.2539008557796478,0.2950566411018372,1.0393006423728939,-0.13520390041884184,3788.75,168.50000000000162,-146.62500000000463,3819.5938726860286,-0.47165378595636326
14.7109375,2026-05-04T22:12:23.218750Z,2026-05-04T22:13:24.642812500Z,0.9652124047279358,0.2431315928697586,0.3285934925079346,1.0481992372686753,-0.06464893931136843,3794.6093749999995,111.46875000000293,17.242187499991577,3811.560305217334,-0.4904539881666067
14.71875,2026-05-04T22:12:23.226562Z,2026-05-04T22:13:24.650625Z,0.9688522815704346,0.2366917580366135,0.3597930371761322,1.0602588181322168,0.030968769862355,3800.7187499999995,53.5937500000048,180.93749999998852,3806.9672049757046,-0.5012027885782608
14.7265625,2026-05-04T22:12:23.234375Z,2026-05-04T22:13:24.658437500Z,0.970680058002472,0.2335571795701981,0.3884093165397644,1.0712751879453548,0.11831509282846496,3809.7031249999995,-13.984374999996634,342.6562499999919,3841.9394778453557,-0.4193604683060565
14.734375,2026-05-04T22:12:23.242187Z,2026-05-04T22:13:24.666250Z,0.9686492085456848,0.2347054928541183,0.412643164396286,1.0787225494607298,0.1773635502787167,3818.6874999999995,-81.56249999999807,504.3749999999954,3876.9117507150067,-0.33751814803385216
14.7421875,2026-05-04T22:12:23.250000Z,2026-05-04T22:13:24.674062500Z,0.9648218154907228,0.2416574209928513,0.434355229139328,1.0853312442975225,0.22976240792332323,3827.671875,-149.14062499999952,666.0937499999989,3911.884023584658,-0.25567582776164777
14.75,2026-05-04T22:12:23.257812Z,2026-05-04T22:13:24.681875Z,0.9612600207328796,0.2541181147098541,0.4534071087837219,1.0927830754448389,0.2888463040817629,3836.65625,-216.71875000000094,827.8125000000023,3946.856296454309,-0.1738335074894434
14.7578125,2026-05-04T22:12:23.265625Z,2026-05-04T22:13:24.689687500Z,0.9541520476341248,0.2684719860553741,0.4676153063774109,1.0959687094344208,0.31410448077931696,3845.6406250000005,-284.2968750000024,989.5312500000057,3981.82856932396,-0.09199118721723905
14.765625,2026-05-04T22:12:23.273437Z,2026-05-04T22:13:24.697500Z,0.9480907917022704,0.2860690355300903,0.477656364440918,1.0994849907527928,0.3419842859133035,3850.125,-290.56250000000006,1092.9375000000014,4017.242371557217,-0.009115597311101465
14.7734375,2026-05-04T22:12:23.281250Z,2026-05-04T22:13:24.705312500Z,0.9389363527297974,0.3058851361274719,0.4787019789218903,1.0974164093929843,0.3255829687280339,3854.421875,-294.27343749999994,1193.914062499999,4052.6745708472918,0.07380304549645093
14.78125,2026-05-04T22:12:23.289062Z,2026-05-04T22:13:24.713125Z,0.9294226169586182,0.3253443241119385,0.4723052382469177,1.0921298312112613,0.2836668772134155,3858.71875,-297.9843749999999,1294.8906249999968,4088.106770137366,0.15672168830400227
14.7890625,2026-05-04T22:12:23.296875Z,2026-05-04T22:13:24.720937500Z,0.9227988719940186,0.3446173071861267,0.4630637466907501,1.0884607848080359,0.25457583201887496,3863.0156249999995,-301.6953124999998,1395.8671874999945,4123.53896942744,0.2396403311115536
14.796875,2026-05-04T22:12:23.304687Z,2026-05-04T22:13:24.728750Z,0.9153472185134888,0.3636885285377502,0.4493937790393829,1.082628581217784,0.20833359913824756,3867.3124999999995,-305.4062499999997,1496.843749999992,4158.971168717515,0.3225589739191071
14.8046875,2026-05-04T22:12:23.312500Z,2026-05-04T22:13:24.736562500Z,0.9059740900993348,0.3820304572582245,0.4298959672451019,1.0731015165667448,0.13279564243891231,3875.5468749999995,-247.42968750000446,1518.9062499999995,4172.029492913256,0.3531181416068771
14.8125,2026-05-04T22:12:23.320312Z,2026-05-04T22:13:24.744375Z,0.9002564549446106,0.398898184299469,0.4097369611263275,1.0665204280368419,0.08061566900375043,3884.5312499999995,-177.70312500000296,1525.9374999999998,4180.826126614836,0.3737040759384917
14.8203125,2026-05-04T22:12:23.328125Z,2026-05-04T22:13:24.752187500Z,0.895226240158081,0.4107536971569061,0.3860874176025391,1.057928218182424,0.012489966102824717,3893.515625,-107.97656250000146,1532.9687499999998,4189.622760316415,0.39429001027010624
14.828125,2026-05-04T22:12:23.335937Z,2026-05-04T22:13:24.760000Z,0.8922111988067627,0.4178452789783478,0.3559334576129913,1.0475323988731962,-0.06993615123741109,3902.5,-38.24999999999998,1540.0,4198.419394017996,0.414875944601723
14.8359375,2026-05-04T22:12:23.343750Z,2026-05-04T22:13:24.767812500Z,0.8911645412445068,0.4216936826705933,0.3192751407623291,1.036309035512392,-0.1589236795708989,3911.484375,31.476562500001513,1547.0312500000002,4207.216027719575,0.4354618789333376
14.84375,2026-05-04T22:12:23.351562Z,2026-05-04T22:13:24.775625Z,0.8916488289833069,0.42087122797966,0.2772349119186401,1.024221373119574,-0.2547640408856796,3911.46875,97.8281250000007,1488.812499999999,4190.347818212505,0.39598679505641055
14.8515625,2026-05-04T22:12:23.359375Z,2026-05-04T22:13:24.783437500Z,0.8942264318466187,0.4139503538608551,0.2332418411970139,1.0126191600792647,-0.34675538327252314,3907.953125,162.86718749999918,1405.2187500000011,4163.498836346517,0.3331546485428306
14.859375,2026-05-04T22:12:23.367187Z,2026-05-04T22:13:24.791250Z,0.9027247428894044,0.4031034708023071,0.1912016272544861,1.0069570158960963,-0.39164925329437794,3904.4375,227.90624999999767,1321.625000000003,4136.649854480529,0.2703225020292506
14.8671875,2026-05-04T22:12:23.375000Z,2026-05-04T22:13:24.799062500Z,0.906723976135254,0.3902703523635864,0.1454863399267197,0.9978103987921731,-0.46417072680680754,3900.921875,292.9453124999962,1238.031250000005,4109.800872614542,0.20749035551567283
14.875,2026-05-04T22:12:23.382812Z,2026-05-04T22:13:24.806875Z,0.9123634696006776,0.3747060894966125,0.0981257408857345,0.9911813230645563,-0.5167311799590502,3897.4062500000005,357.98437499999466,1154.4375000000068,4082.9518907485535,0.14465820900209286
14.8828125,2026-05-04T22:12:23.390625Z,2026-05-04T22:13:24.814687500Z,0.9232050776481628,0.3554486334323883,0.0546554774045944,0.9907767496336533,-0.5199389518620069,3889.085937500001,371.9296875000016,1035.8046875000111,4048.2106029045194,0.0633564412560308
14.890625,2026-05-04T22:12:23.398437Z,2026-05-04T22:13:24.822500Z,0.9350308775901794,0.3350428938865662,0.009847430512309,0.9932942437559178,-0.4999783061685083,3877.5625000000005,351.81250000000114,893.8125000000081,4008.207777741786,-0.030258407311691327
14.8984375,2026-05-04T22:12:23.406250Z,2026-05-04T22:13:24.830312500Z,0.9424981474876404,0.3148233294487,-0.0386203005909919,0.9944385422943628,-0.4909054199633389,3866.0390625000005,331.69531250000074,751.8203125000051,3968.204952579052,-0.12387325587941345
14.90625,2026-05-04T22:12:23.414062Z,2026-05-04T22:13:24.838125Z,0.951105773448944,0.2957831025123596,-0.0854580849409103,0.9996964140685505,-0.4492169351092006,3854.515625,311.5781250000003,609.828125000002,3928.2021274163185,-0.21748810444713557
14.9140625,2026-05-04T22:12:23.421875Z,2026-05-04T22:13:24.845937500Z,0.9621192216873168,0.2778136134147644,-0.1282978951931,1.009610890615665,-0.3706072764636273,3842.9921875,291.46093749999983,467.83593749999903,3888.199302253585,-0.3111029530148577
14.921875,2026-05-04T22:12:23.429687Z,2026-05-04T22:13:24.853750Z,0.9682430624961852,0.2613183259963989,-0.1690618395805359,1.0170367747411628,-0.3117291084158273,3829.3125,243.49999999999943,316.84374999999886,3859.3261279627054,-0.37867212663982913
14.9296875,2026-05-04T22:12:23.437500Z,2026-05-04T22:13:24.861562500Z,0.9742262363433838,0.2496645599603653,-0.2065505236387253,1.0266996984977785,-0.23511395537006807,3813.2968750000005,165.37500000000125,156.1015625000026,3842.5100754496675,-0.4180251524101552
14.9375,2026-05-04T22:12:23.445312Z,2026-05-04T22:13:24.869375Z,0.9782097935676576,0.2429453879594803,-0.2410253584384918,1.0363445783970044,-0.1586418680185309,3797.2812500000005,87.25000000000306,-4.64062499999369,3825.6940229366296,-0.4573781781804813
14.9453125,2026-05-04T22:12:23.453125Z,2026-05-04T22:13:24.877187500Z,0.9818028807640076,0.2388332039117813,-0.2694878280162811,1.0457542184548927,-0.08403494455532573,3781.265625000001,9.12500000000486,-165.38281249998997,3808.8779704235917,-0.4967312039508074
14.953125,2026-05-04T22:12:23.460937Z,2026-05-04T22:13:24.885000Z,0.9833182096481324,0.2394694238901138,-0.2934910655021667,1.0537539143146604,-0.020607152092821074,3765.2500000000014,-68.99999999999334,-326.12499999998624,3792.0619179105533,-0.5360842297211346
14.9609375,2026-05-04T22:12:23.468750Z,2026-05-04T22:13:24.892812500Z,0.9825370907783508,0.2446678429841995,-0.3159258365631104,1.060684035117823,0.034340219875874586,3751.414062500001,-137.42187499999528,-476.5312499999878,3788.523894883204,-0.5443639321818246
14.96875,2026-05-04T22:12:23.476562Z,2026-05-04T22:13:24.900625Z,0.9774911999702454,0.2527680695056915,-0.3358234465122223,1.0640291961258637,0.06086325048741893,3741.453125000001,-188.59374999999636,-608.5624999999906,3808.5912576081982,-0.49740217098091827
14.9765625,2026-05-04T22:12:23.484375Z,2026-05-04T22:13:24.908437500Z,0.972835898399353,0.2644063532352448,-0.3506774306297302,1.06737765818791,0.08741245441505573,3731.4921875000005,-239.76562499999747,-740.5937499999934,3828.658620333193,-0.450440409780011
14.984375,2026-05-04T22:12:23.492187Z,2026-05-04T22:13:24.916250Z,0.9673057198524476,0.2797223031520844,-0.3604724705219269,1.0695163975106459,0.1043700383372312,3721.5312500000005,-290.9374999999986,-872.6249999999962,3848.725983058188,-0.40347864857910365
14.9921875,2026-05-04T22:12:23.500000Z,2026-05-04T22:13:24.924062500Z,0.9595103859901428,0.297986626625061,-0.3645934462547302,1.0688239291493418,0.09887961216633892,3711.5703125,-342.10937499999966,-1004.6562499999991,3868.7933457831828,-0.35651688737819637
15.0,2026-05-04T22:12:23.507812Z,2026-05-04T22:13:24.931875Z,0.9536052942276,0.3184234201908112,-0.3611336648464203,1.0682574856233529,0.09438840862085861,3703.625,-372.7968749999999,-1119.4375000000002,3887.710398293014,-0.31224708896142694
15.0078125,2026-05-04T22:12:23.515625Z,2026-05-04T22:13:24.939687500Z,0.9416545629501344,0.3383791744709015,-0.3530915975570679,1.06107844097683,0.03746737538398524,3702.0625,-338.6171875000007,-1179.5937499999989,3902.9848017881595,-0.27650183936109524
15.015625,2026-05-04T22:12:23.523437Z,2026-05-04T22:13:24.947500Z,0.9330156445503236,0.3579780161380768,-0.3396061360836029,1.0554614065324432,-0.0070688296466450235,3700.5,-304.4375000000015,-1239.7499999999975,3918.259205283305,-0.24075658976076353
15.0234375,2026-05-04T22:12:23.531250Z,2026-05-04T22:13:24.955312500Z,0.92572021484375,0.3765992522239685,-0.321384608745575,1.049796637299128,-0.05198351310176457,3698.9375,-270.2578125000022,-1299.9062499999961,3933.533608778451,-0.20501134016043182
15.03125,2026-05-04T22:12:23.539062Z,2026-05-04T22:13:24.963125Z,0.9189403057098388,0.3923186957836151,-0.3014254868030548,1.0436582623703543,-0.10065330978708661,3697.375,-236.07812500000304,-1360.0624999999945,3948.8080122735964,-0.1692660905601001
15.0390625,2026-05-04T22:12:23.546875Z,2026-05-04T22:13:24.970937500Z,0.9115511178970336,0.404655247926712,-0.2789599597454071,1.035610916008092,-0.16445891238586985,3696.7265624999995,-196.8828125000081,-1410.585937500002,3962.073926835362,-0.13822111866724143
15.046875,2026-05-04T22:12:23.554687Z,2026-05-04T22:13:24.978750Z,0.9079424738883972,0.4132210314273834,-0.2512048184871674,1.028695784736996,-0.2192874357201046,3702.7812499999995,-120.90625000000648,-1390.4687500000018,3960.6109225523196,-0.14164484996256294
15.0546875,2026-05-04T22:12:23.562500Z,2026-05-04T22:13:24.986562500Z,0.9045369029045104,0.4173332154750824,-0.2190826386213303,1.0199760899159056,-0.2884239383001612,3708.8359374999995,-44.92968750000486,-1370.3515625000014,3959.147918269278,-0.14506858125788336
15.0625,2026-05-04T22:12:23.570312Z,2026-05-04T22:13:24.994375Z,0.901990532875061,0.4173176884651184,-0.1822243928909302,1.0104190733881533,-0.3641993767054664,3714.8906249999995,31.046874999996763,-1350.234375000001,3957.684913986236,-0.14849231255320378
15.0703125,2026-05-04T22:12:23.578125Z,2026-05-04T22:13:25.002187500Z,0.9040682315826416,0.4151762425899506,-0.1406301110982895,1.0047325554174065,-0.40928650101687836,3720.9453125,107.02343749999838,-1330.1171875000005,3956.221909703194,-0.15191604384852528
15.078125,2026-05-04T22:12:23.585937Z,2026-05-04T22:13:25.010000Z,0.9055367112159728,0.4077588021755219,-0.0972059741616249,0.9978541865043042,-0.4638235438680877,3727.0,183.0,-1310.0,3954.758905420152,-0.1553397751438457
15.0859375,2026-05-04T22:12:23.593750Z,2026-05-04T22:13:25.017812500Z,0.9098483324050904,0.3954532444477081,-0.0537203326821327,0.9935256064480783,-0.4981438833255442,3734.6171875,219.13281250000077,-1203.1640624999977,3936.2702558275664,-0.198607022514264
15.09375,2026-05-04T22:12:23.601562Z,2026-05-04T22:13:25.025625Z,0.915487825870514,0.3802459239959717,-0.0101424325257539,0.9913666279284422,-0.5152619392960446,3742.2343750000005,255.26562500000153,-1096.3281249999955,3917.781606234981,-0.2418742698846812
15.1015625,2026-05-04T22:12:23.609375Z,2026-05-04T22:13:25.033437500Z,0.9196901321411132,0.3619970977306366,0.0308675393462181,0.9888501620106216,-0.5352144325873494,3749.8515625000005,291.3984375000023,-989.4921874999932,3899.2929566423954,-0.28514151725509945
15.109375,2026-05-04T22:12:23.617187Z,2026-05-04T22:13:25.041250Z,0.928454041481018,0.3419482409954071,0.0735843405127525,0.992154303438223,-0.5090166370198125,3757.4687500000005,327.53125000000307,-882.6562499999909,3880.8043070498097,-0.3284087646255177
15.1171875,2026-05-04T22:12:23.625000Z,2026-05-04T22:13:25.049062500Z,0.9373897910118104,0.3218993842601776,0.1181309819221497,0.9981351425383931,-0.4615959065511619,3765.085937500001,363.66406250000387,-775.8203124999886,3862.315657457224,-0.37167601199593603
15.125,2026-05-04T22:12:23.632812Z,2026-05-04T22:13:25.056875Z,0.9435760378837584,0.3032626509666443,0.1610169261693954,1.0041067798061962,-0.4142481353454481,3772.1875000000005,326.4062499999958,-630.3124999999866,3850.47217461853,-0.3993922007388159
15.1328125,2026-05-04T22:12:23.640625Z,2026-05-04T22:13:25.064687500Z,0.9496998190879822,0.2861776649951935,0.2039951384067535,1.0126408143124777,-0.3465836917189635,3779.2187500000005,279.1406249999969,-479.5312499999901,3839.5348508826387,-0.42498779057794245
15.140625,2026-05-04T22:12:23.648437Z,2026-05-04T22:13:25.072500Z,0.9570733904838562,0.2693254351615906,0.2461891174316406,1.0242727890259578,-0.254356375707334,3786.2500000000005,231.87499999999798,-328.74999999999363,3828.597527146747,-0.45058338041707013
15.1484375,2026-05-04T22:12:23.656250Z,2026-05-04T22:13:25.080312500Z,0.9627597332000732,0.2557319402694702,0.283600926399231,1.0357290256625842,-0.16352244745216823,3793.28125,184.6093749999991,-177.9687499999971,3817.6602034108555,-0.4761789702561967
15.15625,2026-05-04T22:12:23.664062Z,2026-05-04T22:13:25.088125Z,0.9653842449188232,0.2458471804857254,0.3166610896587372,1.0453142217506304,-0.08752357963987838,3800.3125,137.34375000000017,-27.187500000000604,3806.722879674964,-0.5017745600953233
15.1640625,2026-05-04T22:12:23.671875Z,2026-05-04T22:13:25.095937500Z,0.9687272906303406,0.2411453276872635,0.3464921116828918,1.0567120781631427,0.0028474649252153983,3808.0859375,69.29687499999947,126.4140625000011,3823.3393022140795,-0.46288870957330325
15.171875,2026-05-04T22:12:23.679687Z,2026-05-04T22:13:25.103750Z,0.9681336879730223,0.2384762912988663,0.3732016384601593,1.0646282178531878,0.06561275927716341,3816.09375,-5.312500000002123,280.9062500000044,3848.6569077874083,-0.40364029893723474
15.1796875,2026-05-04T22:12:23.687500Z,2026-05-04T22:13:25.111562500Z,0.9666027426719666,0.2408039420843124,0.396912693977356,1.0723092311943767,0.12651378959718435,3824.1015625000005,-79.92187500000371,435.3984375000077,3873.974513360737,-0.3443918883011663
15.1875,2026-05-04T22:12:23.695312Z,2026-05-04T22:13:25.119375Z,0.9631346464157104,0.2487800270318985,0.4158876836299896,1.0781847774715734,0.1730996769117422,3832.1093750000005,-154.53125000000531,589.890625000011,3899.292118934066,-0.28514347766509784
15.1953125,2026-05-04T22:12:23.703125Z,2026-05-04T22:13:25.127187500Z,0.9584324955940248,0.2589906752109528,0.4324177503585815,1.0828915593363873,0.21041869359950482,3840.117187500001,-229.1406250000069,744.3828125000143,3924.6097245073947,-0.2258950670290294
15.203125,2026-05-04T22:12:23.710937Z,2026-05-04T22:13:25.135000Z,0.9546051025390624,0.273406594991684,0.4462107717990875,1.0886349805366802,0.2559569908426588,3845.1250000000005,-264.8750000000012,871.5000000000095,3955.710088301524,-0.15311381132660004
15.2109375,2026-05-04T22:12:23.718750Z,2026-05-04T22:13:25.142812500Z,0.9469191431999208,0.2908484935760498,0.454283595085144,1.0897808471144153,0.26504230967931913,3848.4453125,-278.74218750000085,983.2187500000069,3990.063253594853,-0.07272033027434474
15.21875,2026-05-04T22:12:23.726562Z,2026-05-04T22:13:25.150625Z,0.9366086721420288,0.3094542026519775,0.456082671880722,1.086742431241407,0.24095139237617677,3851.765625,-292.60937500000057,1094.9375000000043,4024.4164188881814,0.0076731507779094765
15.2265625,2026-05-04T22:12:23.734375Z,2026-05-04T22:13:25.158437500Z,0.929282009601593,0.3290840983390808,0.4523307383060455,1.0846494797699915,0.22435685004730302,3855.0859375,-306.4765625000002,1206.6562500000018,4058.76958418151,0.0880666318301637
15.234375,2026-05-04T22:12:23.742187Z,2026-05-04T22:13:25.166250Z,0.9219396710395812,0.3477984368801117,0.4418745040893555,1.0799025822253756,0.18671976514075095,3858.40625,-320.3437499999999,1318.374999999999,4093.122749474838,0.1684601128824179
15.2421875,2026-05-04T22:12:23.750000Z,2026-05-04T22:13:25.174062500Z,0.913722574710846,0.3654110133647919,0.4262362718582153,1.0724231961646913,0.12741739226056337,3863.046875,-295.61718750000045,1384.6953124999998,4115.557002481687,0.22096088475096665
15.25,2026-05-04T22:12:23.757812Z,2026-05-04T22:13:25.181875Z,0.9091765880584716,0.3813166320323944,0.4098446071147919,1.0676970750729113,0.08994503918403153,3868.90625,-235.26562499999915,1409.1093750000005,4126.989182608707,0.247714540449937
15.2578125,2026-05-04T22:12:23.765625Z,2026-05-04T22:13:25.189687500Z,0.901599943637848,0.3956549763679504,0.3886245787143707,1.0585151779135793,0.01714383803298084,3874.765625,-174.91406249999787,1433.523437500001,4138.421362735727,0.27446819614890733
15.265625,2026-05-04T22:12:23.773437Z,2026-05-04T22:13:25.197500Z,0.8966009616851807,0.4082553684711456,0.364344596862793,1.0503869361542026,-0.047303166007717626,3880.6250000000005,-114.56249999999658,1457.9375000000014,4149.8535428627465,0.30122185184787764
15.2734375,2026-05-04T22:12:23.781250Z,2026-05-04T22:13:25.205312500Z,0.8931797742843628,0.4152538478374481,0.3368662297725677,1.0410017887091532,-0.1217158930425542,3886.4843750000005,-54.21093749999528,1482.3515625000018,4161.285722989766,0.32797550754684796
15.28125,2026-05-04T22:12:23.789062Z,2026-05-04T22:13:25.213125Z,0.8955855369567871,0.417736679315567,0.3042519986629486,1.0339954864225338,-0.1772672908900932,3889.921875,10.125000000005747,1472.156249999995,4161.1143472082085,0.3275744529269944
15.2890625,2026-05-04T22:12:23.796875Z,2026-05-04T22:13:25.220937500Z,0.8936952948570251,0.4149590134620667,0.2636110484600067,1.0199867880385416,-0.28833911528761313,3889.7265625,80.43750000000412,1410.0468749999964,4143.53763756379,0.2864413328289178
15.296875,2026-05-04T22:12:23.804687Z,2026-05-04T22:13:25.228750Z,0.8981475234031677,0.4090467691421509,0.2220782786607742,1.011586375448883,-0.35494410073661653,3889.53125,150.7500000000025,1347.9374999999977,4125.96092791937,0.24530821273083905
15.3046875,2026-05-04T22:12:23.812500Z,2026-05-04T22:13:25.236562500Z,0.9033496379852296,0.3980602324008942,0.1791615784168243,1.0032902811489341,-0.42072196988698235,3889.3359375,221.06250000000088,1285.8281249999993,4108.384218274951,0.20417509263276246
15.3125,2026-05-04T22:12:23.820312Z,2026-05-04T22:13:25.244375Z,0.9098483324050904,0.3848081231117249,0.1358143240213394,0.9971693989500809,-0.4692530706440523,3889.140625,291.37499999999926,1223.7187500000007,4090.8075086305325,0.16304197253468583
15.3203125,2026-05-04T22:12:23.828125Z,2026-05-04T22:13:25.252187500Z,0.917378067970276,0.3696473240852356,0.0939432457089424,0.9935023891317938,-0.4983279682138506,3887.03125,340.5781250000001,1144.0000000000027,4068.591690758039,0.11105238386235781
15.328125,2026-05-04T22:12:23.835937Z,2026-05-04T22:13:25.260000Z,0.9248297214508056,0.3523916602134705,0.050150066614151,0.9909616163344493,-0.5184731852957686,3880.0,335.5,1019.0,4034.446737441923,0.031146161713378768
15.3359375,2026-05-04T22:12:23.843750Z,2026-05-04T22:13:25.267812500Z,0.9350464940071106,0.3326531648635864,0.0075101535767316,0.9924850006199066,-0.5063946133109792,3872.96875,330.4218749999999,893.9999999999973,4000.3017841258065,-0.04876006043560028
15.34375,2026-05-04T22:12:23.851562Z,2026-05-04T22:13:25.275625Z,0.9436854124069214,0.3131629228591919,-0.0357140824198722,0.9949314898657228,-0.48699694934155396,3865.9374999999995,325.3437499999998,768.9999999999947,3966.1568308096907,-0.12866628258457827
15.3515625,2026-05-04T22:12:23.859375Z,2026-05-04T22:13:25.283437500Z,0.9532616138458252,0.2947434186935425,-0.0804298669099807,1.0010246504388698,-0.43868564713093355,3858.9062499999995,320.26562499999966,643.9999999999919,3932.0118774935745,-0.20857250473355732
15.359375,2026-05-04T22:12:23.867187Z,2026-05-04T22:13:25.291250Z,0.9598540663719176,0.2785739898681641,-0.1224547028541565,1.0069351770659685,-0.3918224084754317,3850.6562499999986,304.4999999999944,514.312499999988,3899.684980375283,-0.28422410099162493
15.3671875,2026-05-04T22:12:23.875000Z,2026-05-04T22:13:25.299062500Z,0.968071222305298,0.2647166848182678,-0.1600356549024582,1.0162914077748106,-0.3176389557498941,3836.007812499999,232.62499999999605,360.0156249999915,3876.902878295564,-0.33753891132242486
15.375,2026-05-04T22:12:23.882812Z,2026-05-04T22:13:25.306875Z,0.9729139804840088,0.2541646659374237,-0.1956944912672043,1.02443039038514,-0.2531067899134177,3821.3593749999995,160.7499999999977,205.71874999999505,3854.120776215844,-0.3908537216532259
15.3828125,2026-05-04T22:12:23.890625Z,2026-05-04T22:13:25.314687500Z,0.9768194556236268,0.2458316832780838,-0.2275245189666748,1.0326552532763253,-0.18789369861099228,3806.7109375,88.87499999999937,51.4218749999986,3831.338674136125,-0.44416853198402584
15.390625,2026-05-04T22:12:23.898437Z,2026-05-04T22:13:25.322500Z,0.9796470403671264,0.2433178126811981,-0.2556487023830414,1.0412819698324587,-0.1194943998192543,3792.0625,17.000000000001034,-102.87499999999785,3808.556572056406,-0.49748334231482577
15.3984375,2026-05-04T22:12:23.906250Z,2026-05-04T22:13:25.330312500Z,0.9793658256530762,0.2450868338346481,-0.2796980440616608,1.047595328563536,-0.06943719585103464,3777.5234375000005,-54.304687499997954,-256.2890624999953,3787.1552054565364,-0.5475669472911945
15.40625,2026-05-04T22:12:23.914062Z,2026-05-04T22:13:25.338125Z,0.979131519794464,0.2507973313331604,-0.2989498376846313,1.0540250660731552,-0.018457250675925164,3765.609375,-111.92187499999918,-388.5156249999981,3798.8914903730965,-0.5201016237611216
15.4140625,2026-05-04T22:12:23.921875Z,2026-05-04T22:13:25.345937500Z,0.976507008075714,0.2588509917259216,-0.314142107963562,1.057948503819664,0.012650806366177582,3753.6953125,-169.5390625000004,-520.7421875000009,3810.6277752896567,-0.4926363002310486
15.421875,2026-05-04T22:12:23.929687Z,2026-05-04T22:13:25.353750Z,0.9711018204689026,0.2709082663059235,-0.328473299741745,1.0603418048507416,0.031626752922212016,3741.7812499999995,-227.15625000000165,-652.9687500000038,3822.3640602062164,-0.46517097670097673
15.4296875,2026-05-04T22:12:23.937500Z,2026-05-04T22:13:25.361562500Z,0.9627128839492798,0.2860845625400543,-0.3399136662483215,1.0602838178280611,0.031166986838029792,3729.8671874999995,-284.77343750000284,-785.1953125000066,3834.1003451227766,-0.43770565317090376
15.4375,2026-05-04T22:12:23.945312Z,2026-05-04T22:13:25.369375Z,0.9575576782226562,0.3027815818786621,-0.3433273136615753,1.0613515146991512,0.03963251562056215,3717.953124999999,-342.3906250000041,-917.4218750000093,3845.836630039337,-0.41024032964083085
15.4453125,2026-05-04T22:12:23.953125Z,2026-05-04T22:13:25.377187500Z,0.9515119791030884,0.3201614022254944,-0.3396984040737152,1.0598459206799353,0.027694998662712692,3715.5625,-329.031249999999,-998.617187500004,3864.4185461653233,-0.3667548193760987
15.453125,2026-05-04T22:12:23.960937Z,2026-05-04T22:13:25.385000Z,0.94173264503479,0.3405982255935669,-0.3317331969738007,1.05494760058316,-0.011142681664075048,3714.0,-309.49999999999943,-1075.3750000000023,3883.59573457039,-0.3218762493953099
15.4609375,2026-05-04T22:12:23.968750Z,2026-05-04T22:13:25.392812500Z,0.9317346215248108,0.360678106546402,-0.3186782896518707,1.0487010793287674,-0.060669946285325155,3712.4375,-289.9687499999999,-1152.1328125000005,3902.7729229754564,-0.27699767941452214
15.46875,2026-05-04T22:12:23.976562Z,2026-05-04T22:13:25.400625Z,0.9255014657974244,0.3772975504398346,-0.3005336225032806,1.0436603197477736,-0.1006369973034301,3710.875,-270.43750000000034,-1228.8906249999986,3921.950111380523,-0.23211910943373326
15.4765625,2026-05-04T22:12:23.984375Z,2026-05-04T22:13:25.408437500Z,0.9192527532577516,0.389959990978241,-0.2799594402313232,1.0370495200858745,-0.1530525436337518,3709.3125,-250.9062500000008,-1305.6484374999968,3941.1272997855895,-0.1872405394529455
15.484375,2026-05-04T22:12:23.992187Z,2026-05-04T22:13:25.416250Z,0.9130820631980896,0.4016758501529694,-0.2587701976299286,1.0305456602749938,-0.2046201878943853,3710.5625,-191.53125000000196,-1318.1875,3944.5210152958025,-0.17929854629925962
15.4921875,2026-05-04T22:12:24.000000Z,2026-05-04T22:13:25.424062500Z,0.9084736108779908,0.4097760915756226,-0.2339058816432953,1.0236956131370376,-0.2589326737489762,3712.515625,-122.1953125000005,-1314.671875,3943.968862582301,-0.18059069735235214
15.5,2026-05-04T22:12:24.007812Z,2026-05-04T22:13:25.431875Z,0.9057241678237916,0.4129416942596436,-0.2024756669998169,1.0158019033084873,-0.32152012676485414,3714.46875,-52.85937499999901,-1311.15625,3943.4167098687994,-0.18188284840544466
15.5078125,2026-05-04T22:12:24.015625Z,2026-05-04T22:13:25.439687500Z,0.9062240719795228,0.4126313328742981,-0.1652176380157471,1.009357990713042,-0.37261246301303336,3716.421875,16.476562500002462,-1307.6406249999998,3942.864557155298,-0.18317499945853719
15.515625,2026-05-04T22:12:24.023437Z,2026-05-04T22:13:25.447500Z,0.906255304813385,0.4093881547451019,-0.1270677596330643,1.002518605456361,-0.4268404132046895,3718.375,85.81250000000394,-1304.1249999999998,3942.3124044417964,-0.1844671505116297
15.5234375,2026-05-04T22:12:24.031250Z,2026-05-04T22:13:25.455312500Z,0.9066146016120912,0.402405172586441,-0.0882105380296707,0.9958218002233422,-0.4799378783993314,3725.5078125000005,138.14843750000213,-1244.031249999996,3933.7725698152576,-0.20445212212562422
15.53125,2026-05-04T22:12:24.039062Z,2026-05-04T22:13:25.463125Z,0.9125977754592896,0.3901461958885193,-0.0455398634076118,0.9935404536800254,-0.49802616295678365,3735.0781250000005,182.4843750000011,-1157.312499999998,3921.473826053173,-0.23323371518004046
15.5390625,2026-05-04T22:12:24.046875Z,2026-05-04T22:13:25.470937500Z,0.9183154106140136,0.3746129870414734,-0.0031921118497848,0.9917904380509932,-0.5119016439838359,3744.6484375,226.82031250000009,-1070.5937499999998,3909.1750822910885,-0.2620153082344567
15.546875,2026-05-04T22:12:24.054687Z,2026-05-04T22:13:25.478750Z,0.9223458766937256,0.3579469919204712,0.0369875133037567,0.9900586050427654,-0.525632959092705,3754.21875,271.15624999999903,-983.8750000000018,3896.876338529004,-0.2907969012888729
15.5546875,2026-05-04T22:12:24.062500Z,2026-05-04T22:13:25.486562500Z,0.9284384250640868,0.3403964936733246,0.076613575220108,0.9918353300566495,-0.5115457053496796,3763.7890624999995,315.492187499998,-897.1562500000039,3884.5775947669194,-0.31957849434328917
15.5625,2026-05-04T22:12:24.070312Z,2026-05-04T22:13:25.494375Z,0.9375303387641908,0.3213873207569122,0.1187306791543961,0.9981732916778874,-0.4612934305889648,3771.0624999999995,317.9375000000013,-780.468750000006,3870.817197625637,-0.35178065729984237
15.5703125,2026-05-04T22:12:24.078125Z,2026-05-04T22:13:25.502187500Z,0.9447789192199708,0.3018660545349121,0.1592485904693604,1.004534934509203,-0.41085339283020644,3776.53125,287.4687500000006,-640.234375000003,3855.908358543556,-0.3866704108937905
15.578125,2026-05-04T22:12:24.085937Z,2026-05-04T22:13:25.510000Z,0.9513713717460632,0.2855569422245026,0.1984133422374725,1.0129255197735114,-0.34432632603757424,3782.0,257.0,-500.0,3840.9995194614753,-0.4215601644877376
15.5859375,2026-05-04T22:12:24.093750Z,2026-05-04T22:13:25.517812500Z,0.9572608470916748,0.2718082666397095,0.2366862446069717,1.022862865478313,-0.26553534297504827,3787.46875,226.53124999999935,-359.76562499999704,3826.0906803793946,-0.45644991808168467
15.59375,2026-05-04T22:12:24.101562Z,2026-05-04T22:13:25.525625Z,0.9611350893974304,0.2595492899417877,0.2733753323554993,1.032414919652352,-0.1897992499582389,3792.9375000000005,196.0624999999987,-219.53124999999403,3811.1818412973134,-0.4913396716756328
15.6015625,2026-05-04T22:12:24.109375Z,2026-05-04T22:13:25.533437500Z,0.964525043964386,0.2502231597900391,0.3079424202442169,1.042951928094329,-0.10625367568277126,3799.3515625000005,148.3203124999969,-74.6562499999933,3810.378708675959,-0.49321916739679855
15.609375,2026-05-04T22:12:24.117187Z,2026-05-04T22:13:25.541250Z,0.9658997654914856,0.2458937615156174,0.3356207013130188,1.0516973681048407,-0.03691304527583764,3806.96875,78.59374999999851,76.1250000000032,3827.5282933682515,-0.45308560764352573
15.6171875,2026-05-04T22:12:24.125000Z,2026-05-04T22:13:25.549062500Z,0.9666652083396912,0.2450713068246841,0.3589473366737366,1.0598795973828092,0.02796201367905229,3814.5859375,8.867187500000114,226.9062499999997,3844.6778780605446,-0.41295204789025186
15.625,2026-05-04T22:12:24.132812Z,2026-05-04T22:13:25.556875Z,0.9646031260490416,0.2478955239057541,0.3793677389621735,1.0657538472468038,0.07453762202438789,3822.203125,-60.85937499999828,377.6874999999962,3861.8274627528376,-0.37281848813697793
15.6328125,2026-05-04T22:12:24.140625Z,2026-05-04T22:13:25.564687500Z,0.9626972675323486,0.2536836266517639,0.398604154586792,1.072392970603264,0.12717774056993916,3829.8203124999995,-130.58593749999667,528.4687499999927,3878.97704744513,-0.3326849283837051
15.640625,2026-05-04T22:12:24.148437Z,2026-05-04T22:13:25.572500Z,0.9578232169151306,0.2642977237701416,0.4148113131523132,1.0767297837298242,0.16156335819367157,3836.4374999999995,-187.24999999999835,668.7499999999933,3901.470528038599,-0.28004555176586976
15.6484375,2026-05-04T22:12:24.156250Z,2026-05-04T22:13:25.580312500Z,0.9501216411590576,0.2793498933315277,0.4256981015205383,1.077954715904758,0.17127557039952435,3840.9296875,-216.15624999999898,786.7187499999958,3935.319787422068,-0.20083131431083465
15.65625,2026-05-04T22:12:24.164062Z,2026-05-04T22:13:25.588125Z,0.9431073665618896,0.2965434789657593,0.4331558644771576,1.0793579307678116,0.18240134601328017,3845.421875,-245.06249999999957,904.6874999999983,3969.1690468055376,-0.12161707685579955
15.6640625,2026-05-04T22:12:24.171875Z,2026-05-04T22:13:25.595937500Z,0.936264991760254,0.3135819137096405,0.4358929097652435,1.0793184794977058,0.18208854574980504,3849.9140625,-273.9687500000002,1022.6562500000008,4003.018306189007,-0.04240283940076443
15.671875,2026-05-04T22:12:24.179687Z,2026-05-04T22:13:25.603750Z,0.9305942058563232,0.3310082852840424,0.4316335320472717,1.0779051752763997,0.17088277387962494,3854.40625,-302.8750000000008,1140.6250000000034,4036.8675655724765,0.03681139805427068
15.6796875,2026-05-04T22:12:24.187500Z,2026-05-04T22:13:25.611562500Z,0.922517716884613,0.3489777743816376,0.4200855493545532,1.0720523745390786,0.12447723084414546,3859.3281250000005,-316.390624999998,1242.4609375000016,4067.1438027293957,0.10766402771518414
15.6875,2026-05-04T22:12:24.195312Z,2026-05-04T22:13:25.619375Z,0.9148942232131958,0.3663886189460754,0.405554473400116,1.0657140754709655,0.07422228054291725,3865.96875,-268.34374999999915,1279.7656250000007,4083.1279509801193,0.14507022619962276
15.6953125,2026-05-04T22:12:24.203125Z,2026-05-04T22:13:25.627187500Z,0.9072238802909852,0.3811614513397217,0.3893934190273285,1.0582846761337081,0.01531624117027579,3872.609375,-220.29687500000026,1317.0703124999998,4099.112099230842,0.18247642468406028
15.703125,2026-05-04T22:12:24.210937Z,2026-05-04T22:13:25.635000Z,0.9032090306282043,0.3937928676605225,0.3710488677024841,1.0528706653012676,-0.027610235222010823,3879.25,-172.25000000000136,1354.3749999999989,4115.096247481566,0.21988262316849888
15.7109375,2026-05-04T22:12:24.218750Z,2026-05-04T22:13:25.642812500Z,0.8982568979263306,0.4050587117671967,0.346968799829483,1.04466519167906,-0.09266959336379159,3885.8906249999995,-124.20312500000247,1391.6796874999982,4131.08039573229,0.2572888216529375
15.71875,2026-05-04T22:12:24.226562Z,2026-05-04T22:13:25.650625Z,0.8966946601867676,0.4119951128959656,0.3170608878135681,1.0364983807217212,-0.15742240391597098,3891.875,-74.67187500000473,1422.640625000003,4144.707525081174,0.28917911053175926
15.7265625,2026-05-04T22:12:24.234375Z,2026-05-04T22:13:25.658437500Z,0.8977726101875305,0.4125227332115173,0.2857229113578796,1.028498054005964,-0.22085519829398267,3890.3125,-8.070312500003311,1380.648437500002,4131.228937058876,0.25763643894591276
15.734375,2026-05-04T22:12:24.242187Z,2026-05-04T22:13:25.666250Z,0.8987411260604858,0.4089691638946533,0.2499871999025345,1.0185700706403422,-0.2995719494710891,3888.75,58.53124999999811,1338.6562500000011,4117.750349036578,0.22609376736006628
15.7421875,2026-05-04T22:12:24.250000Z,2026-05-04T22:13:25.674062500Z,0.9001627564430237,0.4033207297325134,0.2099305838346481,1.0084797713133495,-0.37957566746439153,3887.1875,125.13281249999953,1296.6640625000002,4104.27176101428,0.1945510957742198
15.75,2026-05-04T22:12:24.257812Z,2026-05-04T22:13:25.681875Z,0.9058022499084472,0.3940566778182983,0.1698278486728668,1.0022973009328386,-0.428595087086679,3885.625,191.73437500000094,1254.6718749999993,4090.793172991982,0.16300842418837333
15.7578125,2026-05-04T22:12:24.265625Z,2026-05-04T22:13:25.689687500Z,0.9119260311126708,0.3803080022335052,0.1287871152162552,0.996408241550356,-0.4752881167792256,3884.0625,258.3359375000024,1212.6796874999984,4077.314584969684,0.13146575260252685
15.765625,2026-05-04T22:12:24.273437Z,2026-05-04T22:13:25.697500Z,0.9206587076187134,0.3636419773101807,0.0876848846673965,0.9937487522383875,-0.49637461045258435,3879.5,276.3750000000002,1103.5624999999984,4048.7633028996534,0.06464987306084356
15.7734375,2026-05-04T22:12:24.281250Z,2026-05-04T22:13:25.705312500Z,0.9283134341239928,0.3475501537322998,0.0452141091227531,0.9922707579074324,-0.5080932956786133,3874.8125,292.3906249999999,991.648437500001,4019.583991910968,-0.0036357234789978323
15.78125,2026-05-04T22:12:24.289062Z,2026-05-04T22:13:25.713125Z,0.9356400966644288,0.3296737670898438,0.0032046437263488,0.9920269416375964,-0.5100264601430164,3870.125,308.4062499999995,879.7343750000036,3990.4046809222828,-0.07192132001883922
15.7890625,2026-05-04T22:12:24.296875Z,2026-05-04T22:13:25.720937500Z,0.9444977045059204,0.3111301064491272,-0.0360985025763511,0.9950783681923012,-0.48583238406572754,3865.4375000000005,324.42187499999915,767.8203125000061,3961.225369933597,-0.14020691655868167
15.796875,2026-05-04T22:12:24.304687Z,2026-05-04T22:13:25.728750Z,0.9549331665039062,0.2942779064178467,-0.074033111333847,1.001986896255943,-0.4310562160809125,3860.7500000000005,340.43749999999875,655.9062500000088,3932.0460589449117,-0.20849251309852307
15.8046875,2026-05-04T22:12:24.312500Z,2026-05-04T22:13:25.736562500Z,0.960494577884674,0.2799085080623627,-0.114873930811882,1.0070226546665815,-0.3911288182197441,3847.203125000001,289.84375000000404,517.2500000000092,3903.742496902953,-0.27472867676212026
15.8125,2026-05-04T22:12:24.320312Z,2026-05-04T22:13:25.744375Z,0.9657591581344604,0.2674477994441986,-0.1535927653312683,1.0138095553456932,-0.3373170064603367,3831.9687500000005,226.5625000000027,373.50000000000614,3875.605744184181,-0.3405744722588127
15.8203125,2026-05-04T22:12:24.328125Z,2026-05-04T22:13:25.752187500Z,0.9713830351829528,0.2562750577926636,-0.1872679889202118,1.0219252448012521,-0.27296952681849435,3816.7343750000005,163.28125000000134,229.75000000000304,3847.4689914654086,-0.40642026775550516
15.828125,2026-05-04T22:12:24.335937Z,2026-05-04T22:13:25.760000Z,0.9780067205429076,0.2487645298242569,-0.2156228423118591,1.031927394176752,-0.19366473000005663,3801.5,100.0,85.99999999999999,3819.3322387466364,-0.4722660632521976
15.8359375,2026-05-04T22:12:24.343750Z,2026-05-04T22:13:25.767812500Z,0.9785847663879396,0.2482524365186691,-0.2427629232406616,1.0383598866213706,-0.14266294156384615,3786.2656249999995,36.71874999999864,-57.75000000000309,3791.1954860278643,-0.53811185874889
15.84375,2026-05-04T22:12:24.351562Z,2026-05-04T22:13:25.775625Z,0.9755071997642516,0.2518214881420135,-0.2661664485931396,1.0420522717400669,-0.11338684893410574,3773.421875,-25.437500000000657,-192.3593750000014,3787.2412690756955,-0.5473655406994851
15.8515625,2026-05-04T22:12:24.359375Z,2026-05-04T22:13:25.783437500Z,0.9760852456092834,0.2567250728607178,-0.2825581431388855,1.0480883903495788,-0.06552781964667191,3761.5078125,-87.15624999999923,-323.4140624999984,3792.691371588315,-0.5346111784932687
15.859375,2026-05-04T22:12:24.367187Z,2026-05-04T22:13:25.791250Z,0.9742730855941772,0.2638011574745178,-0.2961666285991669,1.0519095816152124,-0.03523045199609925,3749.5937500000005,-148.8749999999978,-454.4687499999954,3798.1414741009353,-0.5218568162870513
15.8671875,2026-05-04T22:12:24.375000Z,2026-05-04T22:13:25.799062500Z,0.9682742953300476,0.2760911583900452,-0.3104978203773499,1.053655700500473,-0.021385867375555607,3737.679687500001,-210.59374999999636,-585.5234374999924,3803.591576613555,-0.5091024540808349
15.875,2026-05-04T22:12:24.382812Z,2026-05-04T22:13:25.806875Z,0.960260272026062,0.291872650384903,-0.3212154507637024,1.0537878343782505,-0.020338207523999213,3725.765625000001,-272.31249999999494,-716.5781249999893,3809.041679126175,-0.4963480918746175
15.8828125,2026-05-04T22:12:24.390625Z,2026-05-04T22:13:25.814687500Z,0.9566828012466432,0.3077782988548279,-0.3219074010848999,1.055269557184481,-0.008589960054591428,3719.2421875000005,-295.0078125000003,-820.3281249999933,3822.5212565742722,-0.4648031048286509
15.890625,2026-05-04T22:12:24.398437Z,2026-05-04T22:13:25.822500Z,0.9487156271934508,0.3245684504508972,-0.3180631995201111,1.0519364140470322,-0.035017703668342365,3716.3125,-291.68750000000017,-905.8749999999951,3841.35381731269,-0.4207310345561791
15.8984375,2026-05-04T22:12:24.406250Z,2026-05-04T22:13:25.830312500Z,0.940201699733734,0.3435620963573456,-0.3100211322307587,1.047915670588668,-0.06689727585366528,3713.3828125,-288.3671875000001,-991.4218749999969,3860.1863780511076,-0.3766589642837073
15.90625,2026-05-04T22:12:24.414062Z,2026-05-04T22:13:25.838125Z,0.9303130507469176,0.3624936640262604,-0.2994264960289001,1.0423724168325663,-0.11084849037136733,3710.453125,-285.04687500000006,-1076.9687499999989,3879.0189387895252,-0.33258689401123553
15.9140625,2026-05-04T22:12:24.421875Z,2026-05-04T22:13:25.845937500Z,0.9249390959739684,0.3767544329166412,-0.2823120951652527,1.0378614324947606,-0.14661507242593308,3707.5234375,-281.7265625,-1162.5156250000007,3897.851499527943,-0.2885148237387638
15.921875,2026-05-04T22:12:24.429687Z,2026-05-04T22:13:25.853750Z,0.9207367897033693,0.3886099457740784,-0.2614918947219849,1.0330304627033475,-0.18491874730230223,3708.15625,-248.68749999999955,-1212.34375,3910.4689463581853,-0.258987399875091
15.9296875,2026-05-04T22:12:24.437500Z,2026-05-04T22:13:25.861562500Z,0.9138944149017334,0.3995344042778015,-0.2391186356544495,1.0256746383271085,-0.2432414273273242,3712.6484375,-183.45312500000105,-1223.4765624999998,3916.353353121238,-0.24521667628761726
15.9375,2026-05-04T22:12:24.445312Z,2026-05-04T22:13:25.869375Z,0.9071145057678224,0.4073087871074677,-0.2154690772294998,1.0174399726133672,-0.30853224300896637,3717.140625,-118.21875000000254,-1234.6093749999995,3922.2377598842904,-0.23144595270014356
15.9453125,2026-05-04T22:12:24.453125Z,2026-05-04T22:13:25.877187500Z,0.9075050354003906,0.4098071157932281,-0.1853305101394653,1.0128448348194223,-0.34496605892398896,3721.6328124999995,-52.98437500000406,-1245.7421874999993,3928.122166647343,-0.21767522911266984
15.953125,2026-05-04T22:12:24.460937Z,2026-05-04T22:13:25.885000Z,0.9097702503204346,0.4079294800758362,-0.1499945968389511,1.0082592663417123,-0.3813240018789909,3726.1249999999995,12.249999999994438,-1256.874999999999,3934.0065734103955,-0.20390450552519612
15.9609375,2026-05-04T22:12:24.468750Z,2026-05-04T22:13:25.892812500Z,0.9082236289978028,0.4032897055149078,-0.1156274080276489,1.0004411248701406,-0.44331229035821695,3731.3203124999995,72.63281249999523,-1239.2500000000064,3933.9979808989237,-0.20392461377147555
15.96875,2026-05-04T22:12:24.476562Z,2026-05-04T22:13:25.900625Z,0.9090672135353088,0.3967101871967316,-0.0788768082857132,0.9949893075987589,-0.48653852551695426,3737.7656249999995,124.39062499999632,-1170.5000000000048,3923.5129452327383,-0.2284617563888807
15.9765625,2026-05-04T22:12:24.484375Z,2026-05-04T22:13:25.908437500Z,0.9143005609512328,0.3851029574871063,-0.0372210070490837,0.9927916231449593,-0.5039634721495785,3744.2109374999995,176.1484374999974,-1101.7500000000034,3913.0279095665524,-0.25299889900628686
15.984375,2026-05-04T22:12:24.492187Z,2026-05-04T22:13:25.916250Z,0.9211117029190063,0.3699887096881866,0.0044962968677282,0.992652321428104,-0.5050679641879325,3750.65625,227.90624999999852,-1033.000000000002,3902.542873900367,-0.277536041623692
15.9921875,2026-05-04T22:12:24.500000Z,2026-05-04T22:13:25.924062500Z,0.9254233837127686,0.3537572026252747,0.0434765294194221,0.9916868488298146,-0.5127229796617724,3757.1015625,279.6640624999996,-964.2500000000005,3892.0578382341814,-0.30207318424109714
16.0,2026-05-04T22:12:24.507812Z,2026-05-04T22:13:25.931875Z,0.9314534664154052,0.3370757102966309,0.0800118520855903,0.993794491352925,-0.4960119552822936,3763.734375,314.21874999999994,-882.1406249999995,3880.856121998756,-0.328287506974854
16.0078125,2026-05-04T22:12:24.515625Z,2026-05-04T22:13:25.939687500Z,0.9381396174430848,0.3182837665081024,0.1175927966833115,0.9976164411589479,-0.465708573335274,3770.9609375,294.2968750000004,-757.7265625000024,3867.384917294072,-0.35981290007705496
16.015625,2026-05-04T22:12:24.523437Z,2026-05-04T22:13:25.947500Z,0.9459818005561828,0.299864262342453,0.1577109098434448,1.0048247976126725,-0.40855513335988464,3778.1874999999995,274.37500000000085,-633.3125000000053,3853.9137125893876,-0.3913382931792559
16.0234375,2026-05-04T22:12:24.531250Z,2026-05-04T22:13:25.955312500Z,0.9526367783546448,0.28492072224617,0.1961837112903595,1.0135012077027117,-0.3397618256944895,3785.4140624999995,254.4531250000013,-508.8984375000082,3840.442507884703,-0.42286368628145793
16.03125,2026-05-04T22:12:24.539062Z,2026-05-04T22:13:25.963125Z,0.95574551820755,0.2724445164203644,0.2311659753322601,1.02034955689345,-0.28546280248218386,3792.6406249999995,234.53125000000176,-384.484375000011,3826.971303180019,-0.4543890793836589
16.0390625,2026-05-04T22:12:24.546875Z,2026-05-04T22:13:25.970937500Z,0.9598228335380554,0.2621407508850098,0.2653793692588806,1.0297591245936206,-0.21085645272707654,3799.6093749999995,209.40625000000674,-257.2343750000158,3816.0949845570517,-0.47984190469590454
16.046875,2026-05-04T22:12:24.554687Z,2026-05-04T22:13:25.978750Z,0.9643532037734984,0.2542112171649933,0.2969941198825836,1.04057962300131,-0.12506315015973155,3804.6874999999995,146.1250000000054,-109.18750000001262,3824.247830533363,-0.4607625662150975
16.0546875,2026-05-04T22:12:24.562500Z,2026-05-04T22:13:25.986562500Z,0.965243637561798,0.2489507347345352,0.3236114084720612,1.0480439360406928,-0.06588028788140392,3809.7656249999995,82.84375000000405,38.85937499999053,3832.400676509674,-0.4416832277342904
16.0625,2026-05-04T22:12:24.570312Z,2026-05-04T22:13:25.994375Z,0.9655404686927797,0.2490593641996384,0.3464921116828918,1.0556304973983417,-0.005728146133481641,3814.84375,19.562500000002693,186.9062499999937,3840.553522485986,-0.4226038892534823
16.0703125,2026-05-04T22:12:24.578125Z,2026-05-04T22:13:26.002187500Z,0.9624472856521606,0.2539784610271454,0.36574387550354,1.0604614178711445,0.032575137706698884,3819.921875,-43.71874999999866,334.9531249999968,3848.706368462297,-0.40352455077267524
16.078125,2026-05-04T22:12:24.585937Z,2026-05-04T22:13:26.010000Z,0.9604633450508118,0.2608062326908112,0.3839038908481598,1.0667201721186883,0.08219939498421992,3825.0,-107.0,483.0,3856.8592144386084,-0.3844452122918682
16.0859375,2026-05-04T22:12:24.593750Z,2026-05-04T22:13:26.017812500Z,0.954683244228363,0.2702720165252686,0.3986195027828217,1.0692822675635518,0.1025136745511748,3830.2734375,-145.86718750000082,599.9921875000025,3887.3091021223786,-0.31318620463868235
16.09375,2026-05-04T22:12:24.601562Z,2026-05-04T22:13:26.025625Z,0.9490436911582948,0.2848276197910309,0.4079378545284271,1.0715521423992587,0.12051100251449773,3835.546875,-184.73437500000165,716.984375000005,3917.7589898061487,-0.24192719698549658
16.1015625,2026-05-04T22:12:24.609375Z,2026-05-04T22:13:26.033437500Z,0.9423887729644777,0.3016177713871002,0.4117205739021301,1.0717199776062376,0.12184173018999599,3840.8203125000005,-223.6015625000025,833.9765625000075,3948.208877489919,-0.1706681893323108
16.109375,2026-05-04T22:12:24.617187Z,2026-05-04T22:13:26.041250Z,0.9370148181915284,0.3179113566875458,0.4138579368591309,1.0725403452191042,0.1283462408119006,3846.0937500000005,-262.4687500000033,950.96875000001,3978.658765173689,-0.09940918167912498
16.1171875,2026-05-04T22:12:24.625000Z,2026-05-04T22:13:26.049062500Z,0.9291726350784302,0.333987683057785,0.4118589460849762,1.0698305238135284,0.10686067526837388,3851.3671875000005,-301.33593750000415,1067.9609375000125,4009.108652857459,-0.02815017402593918
16.125,2026-05-04T22:12:24.632812Z,2026-05-04T22:13:26.056875Z,0.9211742281913756,0.3516312837600708,0.4026789963245392,1.0650619195538211,0.06905148269123106,3858.703125000001,-275.7499999999956,1130.296875000007,4032.031039549087,0.025492931185204248
16.1328125,2026-05-04T22:12:24.640625Z,2026-05-04T22:13:26.064687500Z,0.9133945107460022,0.3682041764259338,0.387855738401413,1.058440325010973,0.01655034617342136,3866.3203125000014,-241.37499999999488,1185.1796875000082,4053.9269488326963,0.07673386788152634
16.140625,2026-05-04T22:12:24.648437Z,2026-05-04T22:13:26.072500Z,0.9080674052238464,0.381704568862915,0.3712334036827087,1.0526628284168877,-0.02925812721685504,3873.9375000000014,-206.99999999999415,1240.0625000000093,4075.8228581163057,0.1279748045778484
16.1484375,2026-05-04T22:12:24.656250Z,2026-05-04T22:13:26.080312500Z,0.9050836563110352,0.3920238614082336,0.35096675157547,1.0469177587309386,-0.07480949493267598,3881.5546875000014,-172.6249999999934,1294.9453125000105,4097.718767399915,0.1792157412741705
16.15625,2026-05-04T22:12:24.664062Z,2026-05-04T22:13:26.088125Z,0.9017093181610109,0.4012258350849152,0.3272249400615692,1.0397778736808552,-0.131420040521091,3889.171875000002,-138.24999999999267,1349.8281250000118,4119.6146766835245,0.23045667797049257
16.1640625,2026-05-04T22:12:24.671875Z,2026-05-04T22:13:26.095937500Z,0.8992097973823547,0.4075725674629211,0.2995313107967377,1.0317037673694638,-0.1954378167486493,3891.59375,-78.49218749998869,1339.992187499995,4118.772604422564,0.22848605547390052
16.171875,2026-05-04T22:12:24.679687Z,2026-05-04T22:13:26.103750Z,0.8982412815093994,0.4083174169063568,0.2698540389537811,1.0229280107106251,-0.265018821053784,3892.375,-10.71874999999326,1309.718749999997,4110.750116937011,0.2097117827058826
16.1796875,2026-05-04T22:12:24.687500Z,2026-05-04T22:13:26.111562500Z,0.9005220532417297,0.4044069647789001,0.2374704629182816,1.0153212212374005,-0.3253313469886969,3893.15625,57.05468750000217,1279.445312499999,4102.727629451458,0.19093750993786465
16.1875,2026-05-04T22:12:24.695312Z,2026-05-04T22:13:26.119375Z,0.905068039894104,0.397594690322876,0.200765997171402,1.0087302316431914,-0.3775898237398574,3893.9375,124.82812499999758,1249.1718750000011,4094.705141965905,0.1721632371698478
16.1953125,2026-05-04T22:12:24.703125Z,2026-05-04T22:13:26.127187500Z,0.9079580903053284,0.3885323703289032,0.159094825387001,1.0003281761548133,-0.444207835363961,3894.71875,192.601562499993,1218.8984375000032,4086.682654480352,0.15338896440182986
16.203125,2026-05-04T22:12:24.710937Z,2026-05-04T22:13:26.135000Z,0.9143630862236024,0.3749698996543884,0.1189305782318115,0.9953927674710753,-0.4833395827700265,3890.125000000001,230.4999999999976,1146.625000000011,4065.2623406344815,0.1032610189680572
16.2109375,2026-05-04T22:12:24.718750Z,2026-05-04T22:13:26.142812500Z,0.9236112236976624,0.3591108322143555,0.0809959694743156,0.9942729149610103,-0.4922186419045419,3882.507812500001,251.59374999999807,1050.7265625000089,4036.3057494609284,0.035496632659788606
16.21875,2026-05-04T22:12:24.726562Z,2026-05-04T22:13:26.150625Z,0.9313597083091736,0.342584490776062,0.0415390506386756,0.9932373997740948,-0.5004290093383559,3874.8906250000005,272.6874999999985,954.8281250000068,4007.349158287375,-0.032267753648481064
16.2265625,2026-05-04T22:12:24.734375Z,2026-05-04T22:13:26.158437500Z,0.9374522566795348,0.327252984046936,0.0010672677308321,0.9929312101961474,-0.5028567177593598,3867.2734375000005,293.781249999999,858.9296875000048,3978.3925671138213,-0.10003213995675073
16.234375,2026-05-04T22:12:24.742187Z,2026-05-04T22:13:26.166250Z,0.9453725814819336,0.3107887208461761,-0.0367904603481292,0.9958275376769036,-0.47989238741815754,3859.65625,314.87499999999943,763.0312500000027,3949.435975940268,-0.1677965262650204
16.2421875,2026-05-04T22:12:24.750000Z,2026-05-04T22:13:26.174062500Z,0.9541520476341248,0.293533056974411,-0.0734180361032486,1.000978518034425,-0.43905142060860197,3850.2109375,301.33593750000034,648.4453125000009,3921.806485698199,-0.23245522310686761
16.25,2026-05-04T22:12:24.757812Z,2026-05-04T22:13:26.181875Z,0.9606039524078368,0.2789153754711151,-0.1102608889341354,1.0063355323570247,-0.3965768567465728,3839.078125,255.82812499999935,516.6093749999981,3895.402011700579,-0.2942471296720153
16.2578125,2026-05-04T22:12:24.765625Z,2026-05-04T22:13:26.189687500Z,0.9675244092941284,0.2688599228858948,-0.1456121951341629,1.014688155092958,-0.3303507863184693,3827.9453124999995,210.32031249999838,384.7734374999953,3868.997537702958,-0.356039036237164
16.265625,2026-05-04T22:12:24.773437Z,2026-05-04T22:13:26.197500Z,0.9709925055503844,0.2605579495429993,-0.1785339564085007,1.0210735842709564,-0.27972215195712963,3816.8124999999995,164.8124999999974,252.9374999999925,3842.5930637053375,-0.41783094280231275
16.2734375,2026-05-04T22:12:24.781250Z,2026-05-04T22:13:26.205312500Z,0.9736325740814208,0.2538232803344727,-0.2058893293142319,1.0270233993817424,-0.23254740373511837,3805.679687499999,119.30468749999643,121.10156249998968,3816.188589707717,-0.47962284936746147
16.28125,2026-05-04T22:12:24.789062Z,2026-05-04T22:13:26.213125Z,0.975429117679596,0.2530318796634674,-0.2302000820636749,1.0336726626574513,-0.17982688804635474,3793.7656249999986,66.21874999999359,-11.125000000013216,3799.8200248277135,-0.5179286619264195
16.2890625,2026-05-04T22:12:24.796875Z,2026-05-04T22:13:26.220937500Z,0.9750229716300964,0.256259560585022,-0.251927524805069,1.0391372552998093,-0.1364993598393413,3780.6796874999986,1.7656249999922082,-143.93750000001606,3798.5053236241306,-0.5210053334761048
16.296875,2026-05-04T22:12:24.804687Z,2026-05-04T22:13:26.228750Z,0.9731639623641968,0.2617838382720947,-0.2690880298614502,1.0430662699174826,-0.1053470850378377,3767.593749999998,-62.68750000000917,-276.75000000001893,3797.1906224205472,-0.524082005025791
16.3046875,2026-05-04T22:12:24.812500Z,2026-05-04T22:13:26.236562500Z,0.9714298844337464,0.2701168656349182,-0.2820506989955902,1.046991756546008,-0.07422278287022015,3754.5078124999977,-127.14062500001054,-409.56250000002177,3795.8759212169643,-0.5271586765754762
16.3125,2026-05-04T22:12:24.820312Z,2026-05-04T22:13:26.244375Z,0.9662122130393982,0.281755119562149,-0.2926760911941528,1.0481465939374417,-0.065066336465779,3741.4218749999977,-191.59375000001194,-542.3750000000246,3794.561220013381,-0.5302353481251626
16.3203125,2026-05-04T22:12:24.828125Z,2026-05-04T22:13:26.252187500Z,0.9584324955940248,0.2969934940338135,-0.3009641766548157,1.047557835987357,-0.06973446607010979,3731.7265625,-240.73437500000176,-663.0468750000163,3799.1848678139368,-0.5194150601350347
16.328125,2026-05-04T22:12:24.835937Z,2026-05-04T22:13:26.260000Z,0.9531991481781006,0.3129767179489136,-0.3021943271160126,1.047790271670161,-0.06789153572522977,3730.75,-250.5000000000011,-752.5000000000101,3819.0785559108344,-0.4728597333282791
16.3359375,2026-05-04T22:12:24.843750Z,2026-05-04T22:13:26.267812500Z,0.94635671377182,0.3292858004570007,-0.2987960577011108,1.045609512285218,-0.08518228728673237,3729.7734375,-260.26562500000045,-841.9531250000041,3838.9722440077326,-0.4263044065215224
16.34375,2026-05-04T22:12:24.851562Z,2026-05-04T22:13:26.275625Z,0.9396237134933472,0.3461690545082092,-0.2914305627346039,1.0429081983348023,-0.10660039912830098,3728.796875,-270.0312499999998,-931.4062499999981,3858.8659321046302,-0.3797490797147668
16.3515625,2026-05-04T22:12:24.859375Z,2026-05-04T22:13:26.283437500Z,0.9306254982948304,0.3622298836708069,-0.2800978422164917,1.037173615126707,-0.15206862191553516,3727.8203125,-279.79687499999915,-1020.859374999992,3878.7596202015284,-0.3331937529080101
16.359375,2026-05-04T22:12:24.867187Z,2026-05-04T22:13:26.291250Z,0.9234862327575684,0.3767389059066772,-0.2644596099853516,1.031841998869076,-0.1943418102225421,3727.3124999999995,-279.46875000000756,-1099.8437499999966,3896.5750320412653,-0.2915020205175119
16.3671875,2026-05-04T22:12:24.875000Z,2026-05-04T22:13:26.299062500Z,0.919190227985382,0.3885944485664368,-0.2442852258682251,1.0274198714537117,-0.22940386568831295,3729.2656249999995,-226.14843750000645,-1123.867187499997,3903.479493530898,-0.2753441588123902
16.375,2026-05-04T22:12:24.882812Z,2026-05-04T22:13:26.306875Z,0.915972113609314,0.3977033197879791,-0.221235379576683,1.0227990695423674,-0.2660411666283517,3731.21875,-172.82812500000531,-1147.8906249999975,3910.3839550205303,-0.2591862971072685
16.3828125,2026-05-04T22:12:24.890625Z,2026-05-04T22:13:26.314687500Z,0.9117229580879213,0.4036776423454285,-0.1963249444961548,1.0162371155717407,-0.31806942643890773,3733.171875,-119.50781250000416,-1171.9140624999982,3917.2884165101627,-0.2430284354021468
16.390625,2026-05-04T22:12:24.898437Z,2026-05-04T22:13:26.322500Z,0.9077862501144408,0.4047173261642456,-0.1690157204866409,1.0081856494545003,-0.38190769364998683,3735.125,-66.18750000000303,-1195.9374999999986,3924.192877999795,-0.2268705736970251
16.3984375,2026-05-04T22:12:24.906250Z,2026-05-04T22:13:26.330312500Z,0.9091609716415404,0.4032586514949799,-0.1369089186191559,1.0039597922024597,-0.4154135670553273,3737.1953125,-12.742187500002006,-1216.9843750000018,3930.521460594052,-0.21206038719645812
16.40625,2026-05-04T22:12:24.914062Z,2026-05-04T22:13:26.338125Z,0.9109418392181396,0.3982619643211365,-0.1025417298078537,0.9994710766275551,-0.4510035850884041,3742.078125,43.7031249999992,-1166.5937500000007,3923.028949699273,-0.22959440560524144
16.4140625,2026-05-04T22:12:24.921875Z,2026-05-04T22:13:26.345937500Z,0.9128321409225464,0.3902703523635864,-0.0668060034513473,0.9950057826627838,-0.48640789843311294,3746.9609375,100.1484375000004,-1116.2031249999995,3915.5364388044945,-0.24712842401402477
16.421875,2026-05-04T22:12:24.929687Z,2026-05-04T22:13:26.353750Z,0.9184091687202454,0.3796872794628143,-0.0286099929362535,0.9942114277512092,-0.4927061601865781,3751.84375,156.5937500000016,-1065.8124999999986,3908.0439279097163,-0.264662442422807
16.4296875,2026-05-04T22:12:24.937500Z,2026-05-04T22:13:26.361562500Z,0.922267735004425,0.3652403056621552,0.0093861259520053,0.9920011871317311,-0.510230661837885,3756.7265625000005,213.03906250000279,-1015.4218749999975,3900.5514170149377,-0.28219646083159033
16.4375,2026-05-04T22:12:24.945312Z,2026-05-04T22:13:26.369375Z,0.92771977186203,0.3490087985992432,0.0478896796703338,0.9923530309432986,-0.507440971248327,3761.6093750000005,269.484375000004,-965.0312499999965,3893.058906120159,-0.2997304792403737
16.4453125,2026-05-04T22:12:24.953125Z,2026-05-04T22:13:26.377187500Z,0.9325625896453856,0.3326376378536224,0.0844403728842735,0.9937056698518836,-0.49671620102275915,3764.8750000000005,273.46093749999994,-857.6796874999897,3877.1618361703304,-0.33693289656889003
16.453125,2026-05-04T22:12:24.960937Z,2026-05-04T22:13:26.385000Z,0.9395768046379088,0.316111296415329,0.1203452423214912,0.9986059787946302,-0.45786275158278067,3768.0000000000005,272.87499999999994,-745.3749999999873,3860.533934998324,-0.3758456094556425
16.4609375,2026-05-04T22:12:24.968750Z,2026-05-04T22:13:26.392812500Z,0.947090983390808,0.2999108135700226,0.1570343375205994,1.0057771174951904,-0.4010044028164844,3771.1250000000005,272.28906249999994,-633.0703124999849,3843.906033826318,-0.4147583223423949
16.46875,2026-05-04T22:12:24.976562Z,2026-05-04T22:13:26.400625Z,0.952402412891388,0.2857431769371033,0.1927085518836975,1.0128455485495103,-0.3449603999183612,3774.2500000000005,271.7031249999999,-520.7656249999825,3827.278132654312,-0.45367103522914737
16.4765625,2026-05-04T22:12:24.984375Z,2026-05-04T22:13:26.408437500Z,0.9561672806739808,0.2734221220016479,0.2256918251514435,1.0197805280409844,-0.2899745045008668,3777.3750000000005,271.1171874999999,-408.4609374999801,3810.6502314823056,-0.4925837481158998
16.484375,2026-05-04T22:12:24.992187Z,2026-05-04T22:13:26.416250Z,0.9604008197784424,0.2636149525642395,0.2576448321342468,1.0287095981724068,-0.21917791209198267,3784.093750000001,220.3749999999919,-277.2499999999826,3810.857434520307,-0.4920988503381463
16.4921875,2026-05-04T22:12:25.000000Z,2026-05-04T22:13:26.424062500Z,0.9633221626281738,0.2569113075733185,0.2875988781452179,1.0376445073723668,-0.14833502301959187,3791.7109375000005,157.09374999999616,-141.3124999999918,3815.273413610805,-0.48176454989427814
16.5,2026-05-04T22:12:25.007812Z,2026-05-04T22:13:26.431875Z,0.963103413581848,0.2544905245304108,0.3128629922866821,1.0441345048753767,-0.09687728988584213,3799.328125,93.81250000000044,-5.375000000000978,3819.689392701304,-0.4714302494504089
16.5078125,2026-05-04T22:12:25.015625Z,2026-05-04T22:13:26.439687500Z,0.963790774345398,0.2551422715187073,0.3364664316177368,1.0522356651599492,-0.032645008778811734,3806.9453124999995,30.531250000004718,130.56249999998985,3824.105371791802,-0.4610959490065407
16.515625,2026-05-04T22:12:25.023437Z,2026-05-04T22:13:26.447500Z,0.9602289795875548,0.2587268650531769,0.3546725809574127,1.0558276012792023,-0.0041653537138780315,3814.562499999999,-32.74999999999101,266.4999999999807,3828.5213508823003,-0.45076164856267253
16.5234375,2026-05-04T22:12:25.031250Z,2026-05-04T22:13:26.455312500Z,0.9578856825828552,0.2659891545772552,0.3699724972248077,1.0607425983492442,0.03480455458979752,3820.320312499999,-82.88281249999345,393.67187499998164,3847.8832896340505,-0.40545072472544386
16.53125,2026-05-04T22:12:25.039062Z,2026-05-04T22:13:26.463125Z,0.9527304768562316,0.2777050137519836,0.3808900415897369,1.0629640915740868,0.0524182756227201,3825.2031249999995,-126.82812499999439,516.7187499999843,3874.278621167571,-0.3436802134089751
16.5390625,2026-05-04T22:12:25.046875Z,2026-05-04T22:13:26.470937500Z,0.9484188556671144,0.289995014667511,0.3901622593402863,1.0657495122825276,0.07450325106588351,3830.0859374999995,-170.7734374999953,639.7656249999869,3900.673952701092,-0.2819097020925064
16.546875,2026-05-04T22:12:25.054687Z,2026-05-04T22:13:26.478750Z,0.9416545629501344,0.3049851059913635,0.3958209455013275,1.066022256662091,0.07666578001767325,3834.9687499999995,-214.71874999999625,762.8124999999895,3927.0692842346125,-0.22013919077603764
16.5546875,2026-05-04T22:12:25.062500Z,2026-05-04T22:13:26.486562500Z,0.9340779185295104,0.3219924867153168,0.3962668776512146,1.0645225022088443,0.06477456366735436,3839.8515624999995,-258.6640624999972,885.8593749999922,3953.464615768133,-0.15836867945956892
16.5625,2026-05-04T22:12:25.070312Z,2026-05-04T22:13:26.494375Z,0.9258920550346376,0.3386585116386414,0.3921304941177368,1.0610051882524347,0.03688657097820557,3846.2656249999995,-266.73437500000085,975.4374999999973,3978.2385695744906,-0.10039252591113267
16.5703125,2026-05-04T22:12:25.078125Z,2026-05-04T22:13:26.502187500Z,0.9208617806434632,0.3535709977149963,0.3844882249832153,1.058692620464397,0.01855074018083395,3853.8828125,-246.61718750000043,1038.7187499999986,4001.7385837380766,-0.04539765346615128
16.578125,2026-05-04T22:12:25.085937Z,2026-05-04T22:13:26.510000Z,0.9156284332275392,0.3680490255355835,0.3709566295146942,1.0542506029940475,-0.016669019065404078,3861.5,-226.5,1102.0,4025.2385979016626,0.009597218978830107
16.5859375,2026-05-04T22:12:25.093750Z,2026-05-04T22:13:26.517812500Z,0.910270094871521,0.381394237279892,0.352642834186554,1.0480506563858656,-0.06582700377331174,3869.1171875,-206.38281249999957,1165.2812500000014,4048.7386120652486,0.06459209142381149
16.59375,2026-05-04T22:12:25.101562Z,2026-05-04T22:13:26.525625Z,0.9045525193214417,0.3914652168750763,0.3318072557449341,1.0399790051721245,-0.1298253140827942,3876.7343750000005,-186.26562499999915,1228.5625000000027,4072.2386262288346,0.11958696386879289
16.6015625,2026-05-04T22:12:25.109375Z,2026-05-04T22:13:26.533437500Z,0.9031152725219728,0.3983705937862396,0.3108640313148499,1.0348684802530987,-0.17034551880315688,3882.546875,-147.58593749999602,1258.499999999999,4085.108806152541,0.14970583521589811
16.609375,2026-05-04T22:12:25.117187Z,2026-05-04T22:13:26.541250Z,0.90197491645813,0.4023896753787994,0.2850924730300903,1.0279853690347538,-0.2249201623279421,3886.0625000000005,-85.28124999999469,1245.9999999999989,4084.4501061345854,0.1481643415293492
16.6171875,2026-05-04T22:12:25.125000Z,2026-05-04T22:13:26.549062500Z,0.9009751081466676,0.4035069346427917,0.2544926106929779,1.0194804954985894,-0.2923533951692901,3889.5781250000005,-22.976562499993356,1233.4999999999986,4083.79140611663,0.14662284784280027
16.625,2026-05-04T22:12:25.132812Z,2026-05-04T22:13:26.556875Z,0.9035995602607728,0.4002482295036316,0.2219706326723099,1.0128977106762556,-0.34454681812630295,3893.0937500000005,39.32812500000797,1220.9999999999984,4083.132706098674,0.14508135415625137
16.6328125,2026-05-04T22:12:25.140625Z,2026-05-04T22:13:26.564687500Z,0.9067864418029784,0.3918066024780273,0.1875573098659515,1.0054609934091097,-0.4035108797220839,3896.6093750000005,101.6328125000093,1208.4999999999982,4082.4740060807185,0.14353986046970243
16.640625,2026-05-04T22:12:25.148437Z,2026-05-04T22:13:26.572500Z,0.912316620349884,0.3813321590423584,0.1507144570350647,1.0002253140397495,-0.44502340598075596,3897.8124999999995,154.62500000000472,1174.4374999999886,4075.164352308212,0.12643376538236975
16.6484375,2026-05-04T22:12:25.156250Z,2026-05-04T22:13:26.580312500Z,0.9179404973983764,0.3697559535503387,0.1121186465024948,0.9959441815902387,-0.4789675440170175,3894.1015624999995,187.82812500000247,1094.554687499994,4053.7214218072945,0.07625289231839313
16.65625,2026-05-04T22:12:25.164062Z,2026-05-04T22:13:26.588125Z,0.924142360687256,0.3557434678077698,0.07379961758852,0.9929949150225915,-0.5023516164928379,3890.390625,221.03125000000026,1014.6718749999994,4032.2784913063774,0.026072019254417586
16.6640625,2026-05-04T22:12:25.171875Z,2026-05-04T22:13:26.595937500Z,0.9322813749313354,0.339372307062149,0.0367414839565753,0.9928101840170044,-0.5038163071622292,3886.6796875,254.234374999998,934.7890625000048,4010.8355608054603,-0.02410885380955797
16.671875,2026-05-04T22:12:25.179687Z,2026-05-04T22:13:26.603750Z,0.9409672021865844,0.3223649263381958,-8.599460124969482e-05,0.9946549294699897,-0.48918973462882065,3882.9687500000005,287.4374999999958,854.9062500000102,3989.3926303045428,-0.07428972687353459
16.6796875,2026-05-04T22:12:25.187500Z,2026-05-04T22:13:26.611562500Z,0.9479970335960388,0.3072972297668457,-0.0379129648208618,0.9972799787576078,-0.46837630817641535,3877.2656250000023,307.6328125000056,767.2500000000211,3966.189133781197,-0.12859068697917897
16.6875,2026-05-04T22:12:25.195312Z,2026-05-04T22:13:26.619375Z,0.9531522989273072,0.2932692468166351,-0.0747865736484527,1.000049592608728,-0.44641666175615285,3863.5937500000023,275.796875000005,648.5000000000185,3935.943373168128,-0.19937199525152105
16.6953125,2026-05-04T22:12:25.203125Z,2026-05-04T22:13:26.627187500Z,0.9613693952560424,0.2799861133098602,-0.1073239147663116,1.0070460567730242,-0.39094326817176067,3849.921875000002,243.9609375000043,529.750000000016,3905.697612555059,-0.270153303523862
16.703125,2026-05-04T22:12:25.210937Z,2026-05-04T22:13:26.635000Z,0.9670870304107666,0.2685805857181549,-0.1380621790885925,1.0131406717273337,-0.34262043449942553,3836.2500000000014,212.1250000000036,411.00000000001353,3875.45185194199,-0.3409346117962041
16.7109375,2026-05-04T22:12:25.218750Z,2026-05-04T22:13:26.642812500Z,0.9699145555496216,0.2624045610427856,-0.1696000397205353,1.0189968460188108,-0.29618814331043863,3822.5781250000014,180.28906250000293,292.25000000001097,3845.206091328921,-0.4117159200685451
16.71875,2026-05-04T22:12:25.226562Z,2026-05-04T22:13:26.650625Z,0.9712737202644348,0.2598286271095276,-0.1978626251220703,1.0247112635089626,-0.25087980997337844,3809.3125000000005,145.67187500000475,172.6250000000092,3817.1294308278275,-0.47742108740122163
16.7265625,2026-05-04T22:12:25.234375Z,2026-05-04T22:13:26.658437500Z,0.9739137887954712,0.2577492594718933,-0.2195285558700562,1.031084640369864,-0.20034673572843842,3800.7187500000005,79.07031250000331,42.93750000000646,3813.9974216144788,-0.48475063392768797
16.734375,2026-05-04T22:12:25.242187Z,2026-05-04T22:13:26.666250Z,0.9738200902938844,0.2595803439617157,-0.2382421493530273,1.0355997513323485,-0.1645474345932614,3792.1250000000005,12.46875000000189,-86.7499999999963,3810.86541240113,-0.49208018045415425
16.7421875,2026-05-04T22:12:25.250000Z,2026-05-04T22:13:26.674062500Z,0.9719610810279846,0.2671219408512115,-0.2555718123912811,1.0398939492112504,-0.13049970370067335,3783.53125,-54.13281249999953,-216.43749999999906,3807.7334031877817,-0.4994097269806195
16.75,2026-05-04T22:12:25.257812Z,2026-05-04T22:13:26.681875Z,0.966899573802948,0.2778601944446564,-0.2700875401496887,1.0416565426383375,-0.11652449613668228,3774.9375,-120.73437500000095,-346.1250000000018,3804.601393974433,-0.5067392735070857
16.7578125,2026-05-04T22:12:25.265625Z,2026-05-04T22:13:26.689687500Z,0.961791217327118,0.2885984182357788,-0.2782833874225616,1.0420043360999744,-0.11376691986238073,3766.3437499999995,-187.33593750000236,-475.81250000000455,3801.4693847610843,-0.514068820033552
16.765625,2026-05-04T22:12:25.273437Z,2026-05-04T22:13:26.697500Z,0.9591198563575744,0.3017884492874146,-0.2807897925376892,1.0439492682003446,-0.09834598989473507,3759.2499999999995,-211.37500000000128,-574.9375000000056,3814.0411914074116,-0.48464820359881544
16.7734375,2026-05-04T22:12:25.281250Z,2026-05-04T22:13:26.705312500Z,0.9504497051239014,0.3171199560165405,-0.2834499776363373,1.0412797886716536,-0.11951169375358596,3752.2187499999995,-233.64062500000173,-672.7890625000076,3827.267323714558,-0.45369633037403007
16.78125,2026-05-04T22:12:25.289062Z,2026-05-04T22:13:26.713125Z,0.9414514899253844,0.3340187072753906,-0.2820968329906464,1.0380163909476583,-0.14538644164258832,3745.187499999999,-255.90625000000222,-770.6406250000098,3840.493456021705,-0.4227444571492447
16.7890625,2026-05-04T22:12:25.296875Z,2026-05-04T22:13:26.720937500Z,0.9366867542266846,0.3495829701423645,-0.2735934555530548,1.0365537648760628,-0.15698327539047832,3738.156249999999,-278.1718750000027,-868.4921875000118,3853.7195883288514,-0.3917925839244593
16.796875,2026-05-04T22:12:25.304687Z,2026-05-04T22:13:26.728750Z,0.9326094388961792,0.3633005917072296,-0.26027712225914,1.0341623981873296,-0.1759438849803435,3731.124999999999,-300.4375000000032,-966.3437500000139,3866.945720635998,-0.36084071069967394
16.8046875,2026-05-04T22:12:25.312500Z,2026-05-04T22:13:26.736562500Z,0.9242048859596252,0.3765837550163269,-0.245530754327774,1.0277428409357112,-0.22684311317533154,3730.1640625,-265.2812499999959,-1010.7109375000031,3875.264809777658,-0.3413723289778905
16.8125,2026-05-04T22:12:25.320312Z,2026-05-04T22:13:26.744375Z,0.9180341958999634,0.3885789215564728,-0.2278781831264496,1.0225990560648368,-0.2676270285867193,3730.359375,-219.187499999999,-1044.8906250000007,3882.6492240306543,-0.3240912789709625
16.8203125,2026-05-04T22:12:25.328125Z,2026-05-04T22:13:26.752187500Z,0.9140662550926208,0.3967412412166595,-0.20556640625,1.0174371128279742,-0.30855491760529735,3730.5546875,-173.09375000000213,-1079.0703124999984,3890.0336382836513,-0.3068102289640334
16.828125,2026-05-04T22:12:25.335937Z,2026-05-04T22:13:26.760000Z,0.913113296031952,0.4002637565135956,-0.1792566776275635,1.0129757759407587,-0.34392785617046917,3730.75,-127.00000000000524,-1113.2499999999961,3897.4180525366482,-0.28952917895710434
16.8359375,2026-05-04T22:12:25.343750Z,2026-05-04T22:13:26.767812500Z,0.9116292595863342,0.4006361663341522,-0.1515937745571136,1.0072526580721082,-0.38930517285532634,3730.9453125,-80.90625000000836,-1147.4296874999939,3904.8024667896448,-0.27224812895017636
16.84375,2026-05-04T22:12:25.351562Z,2026-05-04T22:13:26.775625Z,0.9106763005256652,0.4005585908889771,-0.1233311891555786,1.0024914420046704,-0.42705578611468514,3733.5312499999995,-26.515625000010644,-1131.5468750000066,3903.1767690022302,-0.27605259654881664
16.8515625,2026-05-04T22:12:25.359375Z,2026-05-04T22:13:26.783437500Z,0.9105981588363647,0.3949101269245148,-0.0919624790549278,0.9967949201203032,-0.4722222292112171,3737.0468749999995,31.101562499990585,-1096.1953125000057,3898.047138754652,-0.28805698766074195
16.859375,2026-05-04T22:12:25.367187Z,2026-05-04T22:13:26.791250Z,0.9164251685142516,0.3842494785785675,-0.0542431473731994,0.9952010200513393,-0.48485990501195125,3740.5624999999995,88.71874999999181,-1060.843750000005,3892.9175085070738,-0.3000613787726683
16.8671875,2026-05-04T22:12:25.375000Z,2026-05-04T22:13:26.799062500Z,0.9207680225372314,0.3733095228672028,-0.0179384816437959,0.9937281018035804,-0.49653834311394657,3744.0781249999995,146.33593749999304,-1025.4921875000043,3887.7878782594958,-0.3120657698845936
16.875,2026-05-04T22:12:25.382812Z,2026-05-04T22:13:26.806875Z,0.9221271276474,0.3611901998519897,0.0147987650707364,0.9904523226586848,-0.522511260509518,3747.5937499999995,203.9531249999943,-990.1406250000035,3882.6582480119177,-0.324070160996519
16.8828125,2026-05-04T22:12:25.390625Z,2026-05-04T22:13:26.814687500Z,0.928672730922699,0.3471156358718872,0.051903024315834,0.9927820655910834,-0.5040392518484964,3752.0468749999995,231.10156249999946,-916.3515625000077,3872.659014731406,-0.34747042599131445
16.890625,2026-05-04T22:12:25.398437Z,2026-05-04T22:13:26.822500Z,0.936015009880066,0.3291926980018616,0.0893917083740234,0.9962343141372673,-0.47666714818920897,3757.1249999999995,237.9374999999996,-816.9375000000057,3859.413379428937,-0.37846794024135993
16.8984375,2026-05-04T22:12:25.406250Z,2026-05-04T22:13:26.830312500Z,0.942341923713684,0.3128215372562408,0.1247430145740509,1.000712963364014,-0.44115694397068317,3762.203125,244.77343749999974,-717.5234375000035,3846.1677441264683,-0.40946545449140437
16.90625,2026-05-04T22:12:25.414062Z,2026-05-04T22:13:26.838125Z,0.9459661841392516,0.300795316696167,0.1567729264497757,1.0049415876303212,-0.40762913153044444,3767.28125,251.60937499999991,-618.1093750000014,3832.922108823999,-0.4404629687414499
16.9140625,2026-05-04T22:12:25.421875Z,2026-05-04T22:13:26.845937500Z,0.9516056776046752,0.288117378950119,0.1893717795610428,1.0121396448102682,-0.3505573521845505,3772.359375,258.44531250000006,-518.6953124999993,3819.6764735215306,-0.47146048299149435
16.921875,2026-05-04T22:12:25.429687Z,2026-05-04T22:13:26.853750Z,0.9568859338760376,0.274694561958313,0.2234775573015213,1.020308782397143,-0.28578609430913,3777.625,237.34374999999855,-405.59374999999636,3812.3064378871295,-0.48870788406995425
16.9296875,2026-05-04T22:12:25.437500Z,2026-05-04T22:13:26.861562500Z,0.9609007239341736,0.2658184468746185,0.2543849647045135,1.0289321446158488,-0.21741339130577403,3783.0937500000005,185.97656249999744,-277.66406249999363,3811.3016352264685,-0.4910593292125301
16.9375,2026-05-04T22:12:25.445312Z,2026-05-04T22:13:26.869375Z,0.958213746547699,0.26165971159935,0.2774502038955688,1.0313185756054846,-0.19849191576593989,3788.5625000000005,134.60937499999636,-149.7343749999909,3810.2968325658076,-0.49341077435510594
16.9453125,2026-05-04T22:12:25.453125Z,2026-05-04T22:13:26.877187500Z,0.961181938648224,0.2606045007705688,0.3016379177570343,1.0405627604494767,-0.1251968495474108,3794.0312500000005,83.24218749999525,-21.804687499988177,3809.292029905146,-0.4957622194976829
16.953125,2026-05-04T22:12:25.460937Z,2026-05-04T22:13:26.885000Z,0.961775541305542,0.260697603225708,0.3255181312561035,1.048302192098091,-0.06383263358329194,3799.5000000000005,31.874999999994163,106.12500000001455,3808.287227244485,-0.49811366464025875
16.9609375,2026-05-04T22:12:25.468750Z,2026-05-04T22:13:26.892812500Z,0.96154123544693,0.2644373774528503,0.3443547189235687,1.0550207801289413,-0.010562457475095167,3805.1093750000005,-18.08593750000489,230.67968750001222,3815.6970433535867,-0.4807731690591011
16.96875,2026-05-04T22:12:25.476562Z,2026-05-04T22:13:26.900625Z,0.9548394680023192,0.2732669413089752,0.3567638099193573,1.0553073708334886,-0.008290144121142722,3810.96875,-65.54687500000169,349.2343750000042,3838.066181720036,-0.4284247788579903
16.9765625,2026-05-04T22:12:25.484375Z,2026-05-04T22:13:26.908437500Z,0.9502934813499452,0.2842534780502319,0.3669125139713287,1.0575833458355008,0.009755550691269188,3816.828125,-113.00781249999848,467.7890624999962,3860.4353200864853,-0.3760763886568805
16.984375,2026-05-04T22:12:25.492187Z,2026-05-04T22:13:26.916250Z,0.945060133934021,0.2946503162384033,0.3741088807582855,1.058260327269712,0.015123184494207229,3822.6874999999995,-160.46874999999528,586.3437499999882,3882.804458452935,-0.32372799845576966
16.9921875,2026-05-04T22:12:25.500000Z,2026-05-04T22:13:26.924062500Z,0.9413577318191528,0.3080420792102814,0.3790448307991028,1.0605278334751114,0.03310173211960297,3828.546874999999,-207.92968749999207,704.8984374999802,3905.173596819384,-0.2713796082546599
17.0,2026-05-04T22:12:25.507812Z,2026-05-04T22:13:26.931875Z,0.9346246719360352,0.3239632546901703,0.3772303760051727,1.0586681370297273,0.018356616524107687,3834.265624999999,-241.28125000000242,812.9531249999841,3927.6988534468933,-0.21866586917360564
17.0078125,2026-05-04T22:12:25.515625Z,2026-05-04T22:13:26.939687500Z,0.925954520702362,0.3394654095172882,0.3704491853713989,1.0534994720502777,-0.02262456768234588,3839.539062499999,-229.95312500000216,887.7578124999857,3950.7184845677602,-0.16479519197272766
17.015625,2026-05-04T22:12:25.523437Z,2026-05-04T22:13:26.947500Z,0.9212366938591005,0.3529968559741974,0.3640677928924561,1.0515841308529235,-0.03781087802342418,3844.812499999999,-218.62500000000193,962.5624999999873,3973.738115688627,-0.11092451477184964
17.0234375,2026-05-04T22:12:25.531250Z,2026-05-04T22:13:26.955312500Z,0.9181279540061952,0.3662489652633667,0.3543650209903717,1.050081812329685,-0.049722424309050044,3850.085937499999,-207.29687500000168,1037.3671874999889,3996.757746809494,-0.05705383757097165
17.03125,2026-05-04T22:12:25.539062Z,2026-05-04T22:13:26.963125Z,0.910645067691803,0.3779492974281311,0.3359436094760895,1.0416228777660606,-0.11679141735087477,3855.3593749999995,-195.96875000000145,1112.1718749999905,4019.7773779303607,-0.003183160370094714
17.0390625,2026-05-04T22:12:25.546875Z,2026-05-04T22:13:26.970937500Z,0.90659898519516,0.3883616626262665,0.3152925372123718,1.0354496052326965,-0.16573790930814136,3860.5859374999995,-179.64843750000563,1178.3515624999998,4040.6182622430088,0.04558880063538746
17.046875,2026-05-04T22:12:25.554687Z,2026-05-04T22:13:26.978750Z,0.9065521359443665,0.3932652771472931,0.293211430311203,1.0307605426383821,-0.20291643387826186,3865.4687499999995,-126.7187500000045,1181.2812499999998,4045.4816699620333,0.05697017620792358
17.0546875,2026-05-04T22:12:25.562500Z,2026-05-04T22:13:26.986562500Z,0.9044431447982788,0.394429087638855,0.2669785618782043,1.0221884659155445,-0.2708825056989729,3870.3515624999995,-73.78906250000338,1184.2109374999998,4050.3450776810582,0.06835155178046078
17.0625,2026-05-04T22:12:25.570312Z,2026-05-04T22:13:26.994375Z,0.9055679440498352,0.3946618437767029,0.2372705638408661,1.0159274544421144,-0.32052466001377644,3875.234375,-20.859375000002252,1187.1406249999998,4055.208485400083,0.07973292735299796
17.0703125,2026-05-04T22:12:25.578125Z,2026-05-04T22:13:27.002187500Z,0.9068176746368408,0.3932807743549347,0.2047947347164154,1.0094201037618338,-0.3721199825941483,3880.1171875,32.07031249999888,1190.0703125,4060.0718931191077,0.09111430292553409
17.078125,2026-05-04T22:12:25.585937Z,2026-05-04T22:13:27.010000Z,0.9104419946670532,0.3853977918624878,0.1732414960861206,1.0037174401154747,-0.4173351223426285,3885.0,85.0,1193.0,4064.9353008381327,0.10249567849807127
17.0859375,2026-05-04T22:12:25.593750Z,2026-05-04T22:13:27.017812500Z,0.9169719219207764,0.3748302459716797,0.142656996846199,1.0008427636924038,-0.4401277863083175,3883.046875,124.64843750000085,1125.0312499999986,4047.663806453318,0.06207682495972316
17.09375,2026-05-04T22:12:25.601562Z,2026-05-04T22:13:27.025625Z,0.9206899404525756,0.3636264801025391,0.1050914376974106,0.9954588860217373,-0.48281534362608597,3881.09375,164.2968750000017,1057.062499999997,4030.3923120685035,0.021657971421375037
17.1015625,2026-05-04T22:12:25.609375Z,2026-05-04T22:13:27.033437500Z,0.924157977104187,0.3523916602134705,0.0657729133963584,0.9912486695930309,-0.5161972044547262,3879.140625,203.94531250000253,989.0937499999957,4013.120817683689,-0.018760882116973084
17.109375,2026-05-04T22:12:25.617187Z,2026-05-04T22:13:27.041250Z,0.9336561560630798,0.3365170657634735,0.0303754806518554,0.9929150130446086,-0.5029851413374925,3877.1875,243.59375000000338,921.1249999999942,3995.8493232988744,-0.059179735655321204
17.1171875,2026-05-04T22:12:25.625000Z,2026-05-04T22:13:27.049062500Z,0.9437166452407836,0.3203476369380951,-0.003853315487504,0.9966135474879854,-0.473660292092944,3875.234375,283.2421875000042,853.1562499999927,3978.57782891406,-0.09959858919366932
17.125,2026-05-04T22:12:25.632812Z,2026-05-04T22:13:27.056875Z,0.9492624402046204,0.3066765367984772,-0.0407269224524498,0.9984029050530582,-0.4594728776876735,3865.5468749999986,269.9531249999974,747.7187499999859,3952.1057116315524,-0.1615487949750744
17.1328125,2026-05-04T22:12:25.640625Z,2026-05-04T22:13:27.064687500Z,0.9539021253585817,0.2952710390090942,-0.0755707919597625,1.0014116016097252,-0.4356175981715256,3854.804687499998,249.44531249999693,637.1718749999835,3924.3789639539064,-0.22643509424416577
17.140625,2026-05-04T22:12:25.648437Z,2026-05-04T22:13:27.072500Z,0.9581044316291808,0.283632755279541,-0.1060784012079239,1.004820515802583,-0.40858908287077705,3844.062499999998,228.9374999999965,526.6249999999811,3896.65221627626,-0.2913213935132582
17.1484375,2026-05-04T22:12:25.656250Z,2026-05-04T22:13:27.080312500Z,0.9643688201904296,0.2731428146362305,-0.1328648179769516,1.011072340833697,-0.359019765794651,3833.3203124999977,208.42968749999608,416.0781249999788,3868.925468598614,-0.35620769278234954
17.15625,2026-05-04T22:12:25.664062Z,2026-05-04T22:13:27.088125Z,0.969508409500122,0.2675098776817322,-0.1601432859897614,1.0184075622246478,-0.300860442214409,3822.5781249999977,187.92187499999562,305.5312499999764,3841.198720920968,-0.4210939920514409
17.1640625,2026-05-04T22:12:25.671875Z,2026-05-04T22:13:27.095937500Z,0.9705238342285156,0.2667184770107269,-0.188636526465416,1.0240307602320735,-0.2562753676762219,3813.9140624999986,137.42968749999,184.8906249999793,3829.0696890916934,-0.4494784242347057
17.171875,2026-05-04T22:12:25.679687Z,2026-05-04T22:13:27.103750Z,0.9694303274154664,0.2655546367168427,-0.2130549252033234,1.0274759490849732,-0.2289592387400148,3805.906249999999,77.46874999999405,61.06249999998768,3821.866251740846,-0.4663359510224601
17.1796875,2026-05-04T22:12:25.687500Z,2026-05-04T22:13:27.111562500Z,0.9716330170631408,0.2662994861602783,-0.229092925786972,1.0331842550204127,-0.18369936254816502,3797.8984374999995,17.50781249999809,-62.765625000003965,3814.662814389999,-0.4831934778102145
17.1875,2026-05-04T22:12:25.695312Z,2026-05-04T22:13:27.119375Z,0.9686179757118224,0.2716065645217896,-0.2438854277133942,1.035118838884861,-0.16836048141986473,3789.8906250000005,-42.45312499999786,-186.59374999999562,3807.459377039152,-0.5000510045979679
17.1953125,2026-05-04T22:12:25.703125Z,2026-05-04T22:13:27.127187500Z,0.9642282128334044,0.2829499840736389,-0.2573555409908295,1.0373179909699128,-0.1509238982685385,3781.882812500001,-102.4140624999938,-310.42187499998727,3800.255939688305,-0.5169085313857222
17.203125,2026-05-04T22:12:25.710937Z,2026-05-04T22:13:27.135000Z,0.959526002407074,0.2945882678031921,-0.2642751038074493,1.0379372463280347,-0.1460139615628459,3772.750000000001,-141.62499999999687,-419.2499999999886,3802.714358244831,-0.5111553257071471
17.2109375,2026-05-04T22:12:25.718750Z,2026-05-04T22:13:27.142812500Z,0.956323504447937,0.3043954372406006,-0.2656590044498444,1.0381646950353118,-0.14421057182729474,3762.984375000001,-169.16406249999744,-519.6406249999908,3810.607570749258,-0.4926835830162552
17.21875,2026-05-04T22:12:25.726562Z,2026-05-04T22:13:27.150625Z,0.950746476650238,0.3175854682922363,-0.2657820284366608,1.037024338756399,-0.15325220074170845,3753.218750000001,-196.70312499999804,-620.0312499999928,3818.500783253685,-0.4742118403253623
17.2265625,2026-05-04T22:12:25.734375Z,2026-05-04T22:13:27.158437500Z,0.9438416361808776,0.3347170054912567,-0.2645672559738159,1.0357935802500151,-0.16301060862156166,3743.4531250000005,-224.24218749999864,-720.421874999995,3826.3939957581115,-0.4557400976344705
17.234375,2026-05-04T22:12:25.742187Z,2026-05-04T22:13:27.166250Z,0.9353745579719543,0.3486518859863281,-0.2587701976299286,1.0312350442476657,-0.19915421714848308,3733.6875000000005,-251.7812499999992,-820.8124999999972,3834.287208262538,-0.43726835494357863
17.2421875,2026-05-04T22:12:25.750000Z,2026-05-04T22:13:27.174062500Z,0.9331874847412108,0.3602746427059174,-0.2443006038665771,1.029718157994739,-0.21118126769220882,3728.1875,-251.49218750000017,-893.4765624999997,3842.869645243064,-0.41718368504825243
17.25,2026-05-04T22:12:25.757812Z,2026-05-04T22:13:27.181875Z,0.9279853701591492,0.3706249594688416,-0.2284932434558868,1.025050667096844,-0.24818875512447602,3726.625,-225.51562499999963,-940.5468750000007,3852.0882894322967,-0.3956101592719106
17.2578125,2026-05-04T22:12:25.765625Z,2026-05-04T22:13:27.189687500Z,0.9194870591163636,0.3820770084857941,-0.2144695818424225,1.0185462649440997,-0.2997606994919853,3725.0625,-199.53906249999906,-987.6171875000017,3861.306933621529,-0.37403663349556987
17.265625,2026-05-04T22:12:25.773437Z,2026-05-04T22:13:27.197500Z,0.9170031547546388,0.3888116776943207,-0.1930343061685562,1.014559781333465,-0.33136863303633096,3723.5,-173.56249999999852,-1034.6875000000027,3870.5255778107617,-0.352463107719228
17.2734375,2026-05-04T22:12:25.781250Z,2026-05-04T22:13:27.205312500Z,0.9173624515533448,0.3907513916492462,-0.1649716049432755,1.0106711374296515,-0.3622008175112579,3721.9375,-147.58593749999795,-1081.7578125000036,3879.7442219999944,-0.3308895819428862
17.28125,2026-05-04T22:12:25.789062Z,2026-05-04T22:13:27.213125Z,0.9157221913337708,0.3913565874099731,-0.1377085149288177,1.0053212149826558,-0.40461915148381905,3722.7187500000005,-108.40624999999413,-1100.6249999999977,3884.507156384999,-0.31974333466219246
17.2890625,2026-05-04T22:12:25.796875Z,2026-05-04T22:13:27.220937500Z,0.9140506386756896,0.3918066024780273,-0.1101532578468323,1.000567201152967,-0.4423126598170396,3727.0156250000005,-49.42187499999287,-1077.1874999999973,3882.5865260636638,-0.324238005124964
17.296875,2026-05-04T22:12:25.804687Z,2026-05-04T22:13:27.228750Z,0.9154253602027892,0.3871978521347046,-0.0783539935946464,0.9970281415849629,-0.4703730685784198,3731.3125000000005,9.562500000008383,-1053.7499999999966,3880.6658957423288,-0.3287326755877355
17.3046875,2026-05-04T22:12:25.812500Z,2026-05-04T22:13:27.236562500Z,0.9174874424934388,0.3773751556873322,-0.0457705184817314,0.9931214203838702,-0.5013485838849444,3735.609375000001,68.54687500000963,-1030.3124999999961,3878.7452654209937,-0.333227346050507
17.3125,2026-05-04T22:12:25.820312Z,2026-05-04T22:13:27.244375Z,0.9218928217887878,0.3670869171619415,-0.0123566966503858,0.9923668009205374,-0.5073317921902946,3739.906250000001,127.5312500000109,-1006.8749999999957,3876.824635099659,-0.3377220165132775
17.3203125,2026-05-04T22:12:25.828125Z,2026-05-04T22:13:27.252187500Z,0.927126169204712,0.3575590550899506,0.0211955215781927,0.9939117977144624,-0.49508185947808364,3745.3515625000014,174.648437500003,-965.8828124999844,3873.1801836546733,-0.34625078338778825
17.328125,2026-05-04T22:12:25.835937Z,2026-05-04T22:13:27.260000Z,0.9283915162086488,0.3458276689052582,0.0536867380142211,0.9921642252103461,-0.5089379695161828,3753.750000000001,191.25000000000188,-879.7499999999902,3865.1030493203043,-0.3651529410353316
17.3359375,2026-05-04T22:12:25.843750Z,2026-05-04T22:13:27.267812500Z,0.9340935349464417,0.331411749124527,0.0915444642305374,0.9953616771896403,-0.48358609063145375,3762.1484375000005,207.85156250000077,-793.617187499996,3857.0259149859357,-0.38405509868287385
17.34375,2026-05-04T22:12:25.851562Z,2026-05-04T22:13:27.275625Z,0.9414045810699464,0.3178803026676178,0.128740981221199,1.0019304927635124,-0.4315034267092619,3770.546875,224.45312499999966,-707.4843750000018,3848.9487806515667,-0.4029572563304172
17.3515625,2026-05-04T22:12:25.859375Z,2026-05-04T22:13:27.283437500Z,0.9429667592048644,0.3071420788764954,0.1587411612272263,1.004351194478141,-0.4123102262850717,3778.945312499999,241.05468749999852,-621.3515625000076,3840.8716463171977,-0.42185941397796056
17.359375,2026-05-04T22:12:25.867187Z,2026-05-04T22:13:27.291250Z,0.9462317824363708,0.2969624698162079,0.1881262511014938,1.0094220033888481,-0.37210492087803626,3786.7187499999995,249.0625000000053,-529.2187500000176,3833.3491564027745,-0.43946358946622055
17.3671875,2026-05-04T22:12:25.875000Z,2026-05-04T22:13:27.299062500Z,0.953011691570282,0.2861000895500183,0.2201869189739227,1.0191009885175304,-0.2953624208190957,3791.2109374999995,211.9531250000045,-405.58593750001495,3828.7385496930683,-0.4502533586182394
17.375,2026-05-04T22:12:25.882812Z,2026-05-04T22:13:27.306875Z,0.954542636871338,0.2771929204463959,0.2477729320526123,1.0243920082706803,-0.25341111308180964,3795.7031249999995,174.8437500000037,-281.95312500001234,3824.1279429833626,-0.46104312777025724
17.3828125,2026-05-04T22:12:25.890625Z,2026-05-04T22:13:27.314687500Z,0.955386221408844,0.2744462788105011,0.2718376517295837,1.0305237992926968,-0.20479351871501536,3800.1953124999995,137.7343750000029,-158.3203125000097,3819.5173362736564,-0.47183289692227615
17.390625,2026-05-04T22:12:25.898437Z,2026-05-04T22:13:27.322500Z,0.9565891027450562,0.274120420217514,0.2950873970985413,1.0379216194863705,-0.14613786328202352,3804.6874999999995,100.62500000000212,-34.687500000007056,3814.9067295639506,-0.48262266607429394
17.3984375,2026-05-04T22:12:25.906250Z,2026-05-04T22:13:27.330312500Z,0.9549956321716307,0.2733755707740784,0.3166918456554413,1.0426143032145663,-0.10893062755433708,3809.2109375,63.218750000001585,88.71093749999582,3811.1833571573275,-0.4913361242510425
17.40625,2026-05-04T22:12:25.914062Z,2026-05-04T22:13:27.338125Z,0.9565578699111938,0.2765256464481354,0.3372813761234283,1.0512983012981203,-0.04007715639194101,3814.484375,18.68750000000063,206.48437499999832,3828.7536080247064,-0.45021811902127973
17.4140625,2026-05-04T22:12:25.921875Z,2026-05-04T22:13:27.345937500Z,0.9510120749473572,0.2834465503692627,0.3488909006118774,1.0518986520295952,-0.03531711022665977,3819.7578125,-25.843750000000323,324.25781250000085,3846.3238588920854,-0.40910011379151695
17.421875,2026-05-04T22:12:25.929687Z,2026-05-04T22:13:27.353750Z,0.9459505677223206,0.2926330268383026,0.35614874958992,1.0522825175803268,-0.032273526456462136,3825.03125,-70.37500000000128,442.03125000000335,3863.8941097594643,-0.3679821085617542
17.4296875,2026-05-04T22:12:25.937500Z,2026-05-04T22:13:27.361562500Z,0.944325864315033,0.3016022443771362,0.3641754388809204,1.0560961140501233,-0.002036376236976382,3830.3046875000005,-114.90625000000223,559.8046875000059,3881.4643606268437,-0.32686410333199034
17.4375,2026-05-04T22:12:25.945312Z,2026-05-04T22:13:27.369375Z,0.9418107867240906,0.3111766576766968,0.3679888844490051,1.0579481505965753,0.012648005739608682,3835.5781250000005,-159.43750000000318,677.5781250000084,3899.0346114942226,-0.28574609810222756
17.4453125,2026-05-04T22:12:25.953125Z,2026-05-04T22:13:27.377187500Z,0.9319533109664916,0.3251736164093018,0.3625301122665405,1.0515241019254387,-0.0382868339123726,3841.2109375000005,-168.9296875000006,760.4921875000074,3922.313671984953,-0.23126830275219404
17.453125,2026-05-04T22:12:25.960937Z,2026-05-04T22:13:27.385000Z,0.9272980093955994,0.3382550477981567,0.3586090505123138,1.0501897574721044,-0.04886655150954094,3846.8750000000005,-175.37500000000074,840.3750000000091,3946.089150703801,-0.1756287865221374
17.4609375,2026-05-04T22:12:25.968750Z,2026-05-04T22:13:27.392812500Z,0.9237830638885498,0.3495053648948669,0.3526120781898499,1.0487442142405246,-0.06032793925421058,3852.539062500001,-181.82031250000088,920.2578125000108,3969.8646294226482,-0.1199892702920818
17.46875,2026-05-04T22:12:25.976562Z,2026-05-04T22:13:27.400625Z,0.9203931093215942,0.3594987690448761,0.3420789539813995,1.045648531481043,-0.08487291284322482,3858.203125000001,-188.265625000001,1000.1406250000125,3993.640108141496,-0.06434975406202513
17.4765625,2026-05-04T22:12:25.984375Z,2026-05-04T22:13:27.408437500Z,0.9143787026405334,0.3698801100254059,0.3250568211078644,1.038538224902551,-0.1412489373710468,3863.867187500001,-194.71093750000114,1080.023437500014,4017.4155868603434,-0.008710237831969541
17.484375,2026-05-04T22:12:25.992187Z,2026-05-04T22:13:27.416250Z,0.9117229580879213,0.3784613907337189,0.3027450442314148,1.0325339405498355,-0.1888555599834423,3866.8750000000005,-162.09374999999457,1107.5625000000018,4026.4798532849313,0.01250201218445652
17.492187488,2026-05-04T22:12:26.000000Z,2026-05-04T22:13:27.424062488Z,0.910301387310028,0.3816425204277039,0.2791416347026825,1.0257775983913169,-0.24242508009375247,3869.2187464,-119.71100260000283,1122.015602799999,4031.86630836235,0.025107426285537384
17.499999988,2026-05-04T22:12:26.007812Z,2026-05-04T22:13:27.431874988Z,0.9122072458267212,0.3820925354957581,0.2555843591690063,1.0214891725672774,-0.2764270456592181,3871.5624964,-77.3281901000057,1136.468727799998,4037.252771713377,0.03771285974856537
17.507812488,2026-05-04T22:12:26.015625Z,2026-05-04T22:13:27.439687488Z,0.910863757133484,0.3836442828178406,0.2251228839159012,1.013674520080659,-0.33838767076006154,3873.9062463999994,-34.945377600008555,1150.9218527999972,4042.639235064404,0.05031829321159336
17.515624988,2026-05-04T22:12:26.023437Z,2026-05-04T22:13:27.447499988Z,0.9109106063842772,0.382666677236557,0.1944307535886765,1.0069733048257534,-0.39152010202815,3876.2499963999994,7.437434899988578,1165.374977799996,4048.025698415431,0.06292372667462134
17.523437488,2026-05-04T22:12:26.031250Z,2026-05-04T22:13:27.455312488Z,0.9135663509368896,0.3765061497688293,0.165983647108078,1.0019535565509967,-0.43132055911634376,3877.7968731999995,45.968693599989855,1132.5469596000153,4041.6443749477344,0.04799011566940142
17.531249988,2026-05-04T22:12:26.039062Z,2026-05-04T22:13:27.463124988Z,0.920018196105957,0.3678783178329468,0.1360142230987549,1.000133894427549,-0.44574825156129994,3878.9687481999995,82.68744359999063,1077.4688346000141,4029.725230357375,0.020096862846779445
17.539062488,2026-05-04T22:12:26.046875Z,2026-05-04T22:13:27.470937488Z,0.924501657485962,0.3611591458320618,0.0993251353502273,0.9974992360021017,-0.46663786671020896,3880.1406232,119.40619359999141,1022.3907096000129,4017.8060857670157,-0.007796389975842533
17.546874988,2026-05-04T22:12:26.054687Z,2026-05-04T22:13:27.478749988Z,0.9269543290138244,0.3529813289642334,0.0615904182195663,0.9937975278150408,-0.4959878798558922,3881.3124982,156.1249435999922,967.3125846000117,4005.8869411766564,-0.03568964279846451
17.554687488,2026-05-04T22:12:26.062500Z,2026-05-04T22:13:27.486562488Z,0.9320783019065856,0.3410016596317291,0.0266542918980121,0.9928557518759924,-0.5034550098387413,3882.4843732,192.84369359999297,912.2344596000105,3993.967796586297,-0.06358289562108649
17.562499988,2026-05-04T22:12:26.070312Z,2026-05-04T22:13:27.494374988Z,0.9378740191459656,0.3275478482246399,-0.0063597355037927,0.9934463824994668,-0.49877203222753697,3877.421890300002,207.6875036000004,831.3439054000172,3974.0819113727102,-0.11011996207406538
17.570312488,2026-05-04T22:12:26.078125Z,2026-05-04T22:13:27.502187488Z,0.9442009329795836,0.3183923959732056,-0.041049838066101,0.9972834145108038,-0.46834906686068384,3867.4609528000015,205.34375360000035,730.172030400015,3947.936405219991,-0.17130583055351103
17.578124988,2026-05-04T22:12:26.085937Z,2026-05-04T22:13:27.509999988Z,0.9471222162246704,0.310695618391037,-0.0755092874169349,0.9996368901956016,-0.449688886534123,3857.5000153000015,203.0000036000003,629.0001554000129,3921.7908990672713,-0.23249169903295666
17.585937488,2026-05-04T22:12:26.093750Z,2026-05-04T22:13:27.517812488Z,0.951699435710907,0.3011987805366516,-0.1044023185968399,1.0036694502960728,-0.41771562284648456,3847.539077800001,200.65625360000024,527.8282804000107,3895.645392914552,-0.2936775675124023
17.593749988,2026-05-04T22:12:26.101562Z,2026-05-04T22:13:27.525624988Z,0.9576045274734496,0.2937502861022949,-0.1281595081090927,1.0098121217046234,-0.36901176033761346,3837.578140300001,198.31250360000018,426.6564054000085,3869.4998867618324,-0.35486343599184794
17.601562488,2026-05-04T22:12:26.109375Z,2026-05-04T22:13:27.533437488Z,0.9608851075172424,0.2893587946891785,-0.1527624130249023,1.0150689911260158,-0.3273312229137513,3828.3047004000005,178.00787880000271,318.00799400000744,3849.8308692013816,-0.4008929874774471
17.609374988,2026-05-04T22:12:26.117187Z,2026-05-04T22:13:27.541249988Z,0.9596197605133056,0.2869225144386292,-0.1780880391597748,1.0173052461042225,-0.3096004592525619,3819.9062629000005,134.8438163000018,199.84393150000494,3838.4047066877115,-0.4276325607219862
17.617187488,2026-05-04T22:12:26.125000Z,2026-05-04T22:13:27.549062488Z,0.9608226418495178,0.2866587042808533,-0.2010917514562607,1.0226393569261898,-0.26730749210498717,3811.5078254,91.6797538000009,81.67986900000243,3826.9785441740414,-0.4543721339665253
17.624999988,2026-05-04T22:12:26.132812Z,2026-05-04T22:13:27.556874988Z,0.9600571393966676,0.2850759029388428,-0.2202205210924149,1.025414579208392,-0.2453033776938238,3803.1093879,48.51569129999998,-36.48419350000008,3815.5523816603713,-0.4811117072110644
17.632812488,2026-05-04T22:12:26.140625Z,2026-05-04T22:13:27.564687488Z,0.9630097150802612,0.2861000895500183,-0.2345516979694366,1.0316275837722837,-0.19604185938673108,3794.7109504,5.351628799999061,-154.6482560000026,3804.126219146701,-0.5078512804556046
17.640624988,2026-05-04T22:12:26.148437Z,2026-05-04T22:13:27.572499988Z,0.961775541305542,0.2886760234832764,-0.2455922663211823,1.0337609006266681,-0.17912726899871728,3786.6875111,-33.18745590000043,-268.1873407000015,3798.659766424426,-0.520643905519374
17.648437488,2026-05-04T22:12:26.156250Z,2026-05-04T22:13:27.580312488Z,0.9604477286338806,0.2956124246120453,-0.2526348531246185,1.0361809272691185,-0.15993942107026746,3779.4609486000004,-61.89839339999849,-371.89827819999454,3805.8577864049385,-0.5037990564937891
17.656249988,2026-05-04T22:12:26.164062Z,2026-05-04T22:13:27.588124988Z,0.9553706049919128,0.3039143979549408,-0.2556179463863373,1.0346194898037133,-0.1723197081755542,3772.234386100001,-90.60933089999655,-475.60921569998754,3813.055806385451,-0.48695420746820417
17.664062488,2026-05-04T22:12:26.171875Z,2026-05-04T22:13:27.595937488Z,0.953011691570282,0.3125422298908234,-0.2522350549697876,1.0341839549569458,-0.17577296619376095,3765.0078236000013,-119.32026839999462,-579.3201531999805,3820.2538263659635,-0.47010935844261925
17.671874988,2026-05-04T22:12:26.179687Z,2026-05-04T22:13:27.603749988Z,0.949590504169464,0.3217597305774689,-0.2468839287757874,1.032571123031179,-0.18856074843669923,3757.7812611000018,-148.03120589999267,-683.0310906999736,3827.451846346476,-0.4532645094170343
17.679687488,2026-05-04T22:12:26.187500Z,2026-05-04T22:13:27.611562488Z,0.9425293803215028,0.3311013877391815,-0.2416711747646332,1.027810643282198,-0.22630552359232414,3751.0625072000016,-170.21875600000118,-776.0780475999846,3834.60930846263,-0.43651457414603323
17.687499988,2026-05-04T22:12:26.195312Z,2026-05-04T22:13:27.619374988Z,0.9389832019805908,0.3423517048358917,-0.2339673936367035,1.0264671863683303,-0.23695749184322634,3746.375007200001,-166.3125060000011,-826.4686725999857,3841.6045375639146,-0.42014429753808646
17.695312488,2026-05-04T22:12:26.203125Z,2026-05-04T22:13:27.627187488Z,0.9364680647850036,0.3518950939178467,-0.2205434292554855,1.024422763156593,-0.25316726449617954,3741.687507200001,-162.40625600000104,-876.8592975999868,3848.5997666651997,-0.40377402093013864
17.703124988,2026-05-04T22:12:26.210937Z,2026-05-04T22:13:27.634999988Z,0.93082857131958,0.3598867058753967,-0.2020604908466339,1.0182282220660932,-0.3022823900679769,3737.000007200001,-158.50000600000095,-927.2499225999878,3855.5949957664848,-0.3874037443221908
17.710937488,2026-05-04T22:12:26.218750Z,2026-05-04T22:13:27.642812488Z,0.9258607625961304,0.3672265708446503,-0.1793335527181625,1.0120444798426238,-0.35131189384754125,3732.312507200001,-154.59375600000087,-977.640547599989,3862.5902248677694,-0.37103346771424406
17.718749988,2026-05-04T22:12:26.226562Z,2026-05-04T22:13:27.650624988Z,0.9224864840507508,0.3744112551212311,-0.1543616056442261,1.007468414648735,-0.3875944873987045,3728.3124939999993,-148.0156823000074,-1023.4843849000013,3869.150552986315,-0.3556809489640352
17.726562488,2026-05-04T22:12:26.234375Z,2026-05-04T22:13:27.658437488Z,0.9201900362968444,0.3790665864944458,-0.1281133741140366,1.0034212557662021,-0.4196835015517412,3732.2187439999993,-110.7109948000066,-1017.0390724000011,3870.709415425099,-0.35203288984443465
17.734374988,2026-05-04T22:12:26.242187Z,2026-05-04T22:13:27.666249988Z,0.9194714426994324,0.3805252313613892,-0.0997585207223892,1.0000894700471221,-0.4461004824999994,3736.1249939999993,-73.4063073000058,-1010.593759900001,3872.268277863883,-0.34838483072483417
17.742187488,2026-05-04T22:12:26.250000Z,2026-05-04T22:13:27.674062488Z,0.9202525019645692,0.3770337700843811,-0.0696353390812873,0.9969293914842,-0.4711560359570098,3740.0312439999993,-36.101619800005004,-1004.1484474000009,3873.8271403026674,-0.3447367716052337
17.749999988,2026-05-04T22:12:26.257812Z,2026-05-04T22:13:27.681874988Z,0.9204087257385254,0.3728284537792206,-0.0405577793717384,0.99388038104723,-0.4953309551792216,3743.9374939999993,1.2030676999957917,-997.7031349000007,3875.3860027414516,-0.3410887124856332
17.757812488,2026-05-04T22:12:26.265625Z,2026-05-04T22:13:27.689687488Z,0.922049045562744,0.3674748539924622,-0.0106498692184686,0.9926356987607886,-0.5051997615851256,3747.843744,38.50775519999659,-991.2578224000006,3876.9448651802363,-0.33744065336603163
17.765624988,2026-05-04T22:12:26.273437Z,2026-05-04T22:13:27.697499988Z,0.92426735162735,0.3605694770812988,0.0226409416645765,0.9923674205284932,-0.5073268794579209,3752.6874924999997,68.87495379999788,-923.8751074000049,3868.314634660105,-0.3576371699860443
17.773437488,2026-05-04T22:12:26.281250Z,2026-05-04T22:13:27.705312488Z,0.9284228086471558,0.3523451089859009,0.0580229982733726,0.9947274278772006,-0.4886149110346435,3757.5703049999997,98.95307879999852,-853.9532324000035,3859.2598416181695,-0.3788272503362329
17.781249988,2026-05-04T22:12:26.289062Z,2026-05-04T22:13:27.713124988Z,0.9317814707756042,0.3433758914470673,0.0932820439338684,0.9974092699731122,-0.46735118715581725,3762.4531174999997,129.03120379999916,-784.031357400002,3850.205048576234,-0.40001733068642154
17.789062488,2026-05-04T22:12:26.296875Z,2026-05-04T22:13:27.720937488Z,0.9333593249320984,0.3329324722290039,0.1267266273498535,0.9990311799847328,-0.45449142680826354,3767.33593,159.10932879999982,-714.1094824000004,3841.1502555342986,-0.4212074110366091
17.796874988,2026-05-04T22:12:26.304687Z,2026-05-04T22:13:27.728749988Z,0.9353589415550232,0.3239477276802063,0.1566191613674164,1.0021816409830782,-0.4295121288615453,3772.2187425,189.18745380000044,-644.1876073999989,3832.095462492363,-0.4423974913867977
17.804687488,2026-05-04T22:12:26.312500Z,2026-05-04T22:13:27.736562488Z,0.9382646083831788,0.3159716427326202,0.1852969229221344,1.0072306111313347,-0.3894799780989663,3778.0859281999997,182.35158380000053,-538.8282972000043,3826.67615361149,-0.45507979015346706
17.812499988,2026-05-04T22:12:26.320312Z,2026-05-04T22:13:27.744374988Z,0.9456068873405457,0.3022695183753967,0.2143129855394363,1.0156127721211448,-0.3230197054875005,3784.140615699999,168.48439630000146,-426.7189222000119,3821.949325818146,-0.4661415405743306
17.820312488,2026-05-04T22:12:26.328125Z,2026-05-04T22:13:27.752187488Z,0.9535896778106688,0.2891880869865417,0.2424986809492111,1.0255577182899547,-0.2441684600522302,3790.1953031999988,154.6172088000024,-314.60954720001945,3817.222498024802,-0.4772032909951941
17.828124988,2026-05-04T22:12:26.335937Z,2026-05-04T22:13:27.759999988Z,0.9526054859161376,0.282344788312912,0.260627955198288,1.0271819324325289,-0.23129043076764533,3796.2499906999988,140.75002130000334,-202.500172200027,3812.4956702314585,-0.4882650414160566
17.835937488,2026-05-04T22:12:26.343750Z,2026-05-04T22:13:27.767812488Z,0.9524336457252502,0.2793033123016357,0.2791877686977386,1.0310606189563145,-0.20053719612343046,3802.3046781999983,126.88283380000428,-90.3907972000346,3807.7688424381145,-0.4993267918369201
17.843749988,2026-05-04T22:12:26.351562Z,2026-05-04T22:13:27.775624988Z,0.9529491662979126,0.2777205109596252,0.3014687895774841,1.037364076322713,-0.1505584978527964,3807.9374915999983,97.68755400001096,22.843575399964557,3815.0937601733685,-0.4821849759334862
17.851562488,2026-05-04T22:12:26.359375Z,2026-05-04T22:13:27.783437488Z,0.9573858380317688,0.2767739295959473,0.3247031569480896,1.0481524655792354,-0.06501978153623778,3813.4062415999983,62.531304000010216,136.515450399967,3827.1055035453705,-0.45407502289317286
17.859374988,2026-05-04T22:12:26.367187Z,2026-05-04T22:13:27.791249988Z,0.9552924633026124,0.2788843512535095,0.3364818096160889,1.05051424550997,-0.04629375870802729,3818.8749915999983,27.375054000009474,250.1873253999694,3839.117246917372,-0.4259650698528606
17.867187488,2026-05-04T22:12:26.375000Z,2026-05-04T22:13:27.799062488Z,0.950746476650238,0.2838965654373169,0.338742196559906,1.0484571514659893,-0.06260399554511348,3824.343741599999,-7.781195999991273,363.8592003999718,3851.128990289374,-0.39785511681254726
17.874999988,2026-05-04T22:12:26.382812Z,2026-05-04T22:13:27.806874988Z,0.948746919631958,0.2897777557373047,0.3408641815185547,1.0489424462159933,-0.058756202425727,3829.812491599999,-42.93744599999202,477.53107539997427,3863.1407336613756,-0.369745163772235
17.882812488,2026-05-04T22:12:26.390625Z,2026-05-04T22:13:27.814687488Z,0.9466379284858704,0.2957831025123596,0.3446315228939056,1.0499437594233463,-0.05081701480918758,3834.3437439999993,-73.4062079999944,575.7342399999819,3880.827085785504,-0.3283554576932219
17.890624988,2026-05-04T22:12:26.398437Z,2026-05-04T22:13:27.822499988Z,0.9422793984413148,0.3053730428218842,0.3458462655544281,1.0491676698255463,-0.056970454990473915,3838.2499939999993,-100.74995799999498,663.6248649999839,3902.2965346227793,-0.2781125262613103
17.898437488,2026-05-04T22:12:26.406250Z,2026-05-04T22:13:27.830312488Z,0.9348434209823608,0.3180665373802185,0.3393726348876953,1.044161064810244,-0.09666670212524386,3842.1562439999993,-128.09370799999556,751.5154899999857,3923.765983460055,-0.2278695948293976
17.906249988,2026-05-04T22:12:26.414062Z,2026-05-04T22:13:27.838124988Z,0.9331718683242798,0.3308065533638,0.3312844336032867,1.0440268614974013,-0.09773077006282302,3846.0624939999993,-155.43745799999613,839.4061149999876,3945.23543229733,-0.17762666339748595
17.914062488,2026-05-04T22:12:26.421875Z,2026-05-04T22:13:27.845937488Z,0.926641881465912,0.338456779718399,0.316599577665329,1.0360759918084672,-0.16077143077873896,3849.9687439999993,-182.78120799999672,927.2967399999894,3966.7048811346053,-0.12738373196557434
17.921874988,2026-05-04T22:12:26.429687Z,2026-05-04T22:13:27.853749988Z,0.9276260733604432,0.3471621870994568,0.3043288588523865,1.0361601085064935,-0.16010448836510574,3853.6874946,-188.37502760000177,986.6874561999972,3982.7468223985347,-0.08984228592905598
17.929687488,2026-05-04T22:12:26.437500Z,2026-05-04T22:13:27.861562488Z,0.9217522144317628,0.3560228049755096,0.2858920693397522,1.0286465174120087,-0.21967806527893421,3857.2031196,-170.4062776000014,1015.2030811999978,3992.908927607837,-0.06606086708106054
17.937499988,2026-05-04T22:12:26.445312Z,2026-05-04T22:13:27.869374988Z,0.9176905155181884,0.3665282726287842,0.2649795711040497,1.0230899422879518,-0.2637349019323761,3860.7187446,-152.437527600001,1043.7187061999985,4003.0710328171394,-0.04227944823306511
17.945312488,2026-05-04T22:12:26.453125Z,2026-05-04T22:13:27.877187488Z,0.914800465106964,0.371493935585022,0.2437749654054642,1.0170023937507726,-0.31200170756976425,3864.2343696,-134.46877760000064,1072.234331199999,4013.2331380264413,-0.01849802938507074
17.953124988,2026-05-04T22:12:26.460937Z,2026-05-04T22:13:27.884999988Z,0.9143787026405334,0.3746129870414734,0.2182955741882324,1.0119665308758439,-0.35192993370483744,3867.7499946,-116.50002760000024,1100.7499561999996,4023.3952432357437,0.005283389462924696
17.960937488,2026-05-04T22:12:26.468750Z,2026-05-04T22:13:27.892812488Z,0.9172219038009644,0.3765682280063629,0.1864040493965149,1.0088836012085518,-0.3763737908890753,3870.4921854,-89.17975500000105,1105.7813064000009,4027.0247965136873,0.01377729155861237
17.968749988,2026-05-04T22:12:26.476562Z,2026-05-04T22:13:27.900624988Z,0.9110668301582336,0.3734181225299835,0.1523597836494446,0.9963419929532706,-0.47581338703206055,3871.8593729,-45.23444250000402,1069.0625564000034,4019.0408467127136,-0.004906795091516006
17.976562488,2026-05-04T22:12:26.484375Z,2026-05-04T22:13:27.908437488Z,0.9256108403205872,0.3706249594688416,0.1254657208919525,1.0049178749625272,-0.4078171439496583,3873.2265604,-1.289130000006982,1032.3438064000059,4011.05689691174,-0.023590881741644382
17.984374988,2026-05-04T22:12:26.492187Z,2026-05-04T22:13:27.916249988Z,0.916690707206726,0.3628040254116058,0.0951733961701393,0.990457767334171,-0.5224680908999703,3874.5937478999995,42.65618249999005,995.6250564000084,4003.072947110766,-0.042274968391772756
17.992187488,2026-05-04T22:12:26.500000Z,2026-05-04T22:13:27.924062488Z,0.925110936164856,0.3610815703868866,0.0712009295821189,0.9956303114400616,-0.48145614997086716,3875.9609353999995,86.6014949999871,958.9063064000107,3995.0889973097924,-0.06095905504190113
17.999999988,2026-05-04T22:12:26.507812Z,2026-05-04T22:13:27.931874988Z,0.9256576895713806,0.3538658320903778,0.0402627736330032,0.9918085885513718,-0.5117577327412982,3875.312510800002,124.07809889999422,909.2501392000308,3983.667970264762,-0.0876866102322883
18.007812488,2026-05-04T22:12:26.515625Z,2026-05-04T22:13:27.939687488Z,0.9352495670318604,0.3467897772789001,0.0067105591297149,0.9974968340111485,-0.46665691155720607,3868.281260800002,141.0702863999946,818.6251392000289,3961.3627736242192,-0.13988536362740944
18.015624988,2026-05-04T22:12:26.523437Z,2026-05-04T22:13:27.947499988Z,0.9356400966644288,0.3347170054912567,-0.0319775119423866,0.9942235289517549,-0.49261021248428827,3861.250010800002,158.06247389999496,728.000139200027,3939.0575769836764,-0.19208411702253056
18.023437488,2026-05-04T22:12:26.531250Z,2026-05-04T22:13:27.955312488Z,0.9419044852256776,0.3253908753395081,-0.0648223981261253,0.9986316760153775,-0.45765900408875154,3854.2187608000017,175.0546613999953,637.375139200025,3916.7523803431336,-0.2442828704176517
18.031249988,2026-05-04T22:12:26.539062Z,2026-05-04T22:13:27.963124988Z,0.9446226954460144,0.3161888718605042,-0.0932848826050758,1.0004946320509445,-0.4428880439345059,3847.1875108000017,192.04684889999567,546.7501392000231,3894.447183702591,-0.2964816238127728
18.039062488,2026-05-04T22:12:26.546875Z,2026-05-04T22:13:27.970937488Z,0.9489968419075012,0.3112232089042664,-0.1150123327970505,1.0053271748075345,-0.40457189737039434,3840.039074800002,204.09378720000566,453.71110760002585,3873.117106248536,-0.3463983975075304
18.046874988,2026-05-04T22:12:26.554687Z,2026-05-04T22:13:27.978749988Z,0.9509808421134948,0.3070800006389618,-0.1360016912221909,1.0085430823096317,-0.3790736887888049,3832.031262300002,179.87503720000515,342.9689201000235,3858.9380068427863,-0.3795804099853017
18.054687488,2026-05-04T22:12:26.562500Z,2026-05-04T22:13:27.986562488Z,0.9527929425239564,0.303976446390152,-0.1546076387166977,1.0119879412488062,-0.35176017566445633,3824.0234498000013,155.65628720000464,232.22673260002117,3844.758907437037,-0.41276242246307193
18.062499988,2026-05-04T22:12:26.570312Z,2026-05-04T22:13:27.994374988Z,0.9546363353729248,0.2997401356697083,-0.1736902594566345,1.0155505836617178,-0.32351278382038234,3816.0156373000013,131.4375372000041,121.4845451000188,3830.5798080312875,-0.4459444349408432
18.070312488,2026-05-04T22:12:26.578125Z,2026-05-04T22:13:28.002187488Z,0.9571983218193054,0.2968383133411407,-0.191219836473465,1.020248321450149,-0.2862654755837749,3808.0078248000013,107.2187872000036,10.742357600016442,3816.400708625538,-0.4791264474186145
18.078124988,2026-05-04T22:12:26.585937Z,2026-05-04T22:13:28.009999988Z,0.9591354727745056,0.2937658131122589,-0.2062583714723587,1.0241004461918326,-0.25572284334646833,3800.000012300001,83.00003720000308,-99.99982989998591,3802.221609219788,-0.5123084598963857
18.085937488,2026-05-04T22:12:26.593750Z,2026-05-04T22:13:28.017812488Z,0.9594479203224182,0.2946348190307617,-0.2189288586378098,1.02726814101322,-0.2306069022860104,3791.601575400001,48.62505280000364,-198.0467243999896,3802.9715142565074,-0.5105535276842971
18.093749988,2026-05-04T22:12:26.601562Z,2026-05-04T22:13:28.025624988Z,0.9576669931411744,0.2957831025123596,-0.2266787886619568,1.0276171401417686,-0.22783976654945043,3783.203137900001,14.250052800002905,-296.0935993999917,3803.721442224214,-0.5087985418089752
18.101562488,2026-05-04T22:12:26.609375Z,2026-05-04T22:13:28.033437488Z,0.9580419063568116,0.2983900904655457,-0.2302615642547607,1.0295150938169289,-0.2127913179681807,3774.8047004000005,-20.124947199997827,-394.1404743999938,3804.4713701919213,-0.5070435559336522
18.109374988,2026-05-04T22:12:26.617187Z,2026-05-04T22:13:28.041249988Z,0.9565422534942628,0.3019281327724457,-0.2303692102432251,1.0291762011956094,-0.21547832147793042,3766.4062629000005,-54.49994719999856,-492.18734939999587,3805.221298159628,-0.5052885700583304
18.117187488,2026-05-04T22:12:26.625000Z,2026-05-04T22:13:28.049062488Z,0.9560423493385316,0.3054351210594177,-0.2245875298976898,1.0284683492897901,-0.2210907203195277,3758.0078254,-88.87494719999928,-590.234224399998,3805.971226127335,-0.5035335841830085
18.124999988,2026-05-04T22:12:26.632812Z,2026-05-04T22:13:28.056874988Z,0.9520274996757508,0.3082593381404877,-0.2153306901454926,1.0235953721115623,-0.25972746233488425,3753.9062554,-102.96873260000001,-656.3124052000001,3814.129632848615,-0.48444123241386305
18.132812488,2026-05-04T22:12:26.640625Z,2026-05-04T22:13:28.064687488Z,0.951105773448944,0.3141871094703674,-0.205996960401535,1.0226194207719361,-0.26746556139620375,3750.3906303999997,-114.29685760000025,-718.0311552000013,3823.2983013671837,-0.4629846599982464
18.140624988,2026-05-04T22:12:26.648437Z,2026-05-04T22:13:28.072499988Z,0.9459661841392516,0.3239942789077759,-0.1997693479061127,1.0196725487443405,-0.29083064810155274,3746.8750053999997,-125.6249826000005,-779.7499052000027,3832.466969885753,-0.4415280875826286
18.148437488,2026-05-04T22:12:26.656250Z,2026-05-04T22:13:28.080312488Z,0.9386551380157472,0.3357566893100739,-0.1908815503120422,1.0150082703058885,-0.32781266466412556,3743.3593803999997,-136.95310760000072,-841.468655200004,3841.635638404322,-0.4200715151670109
18.156249988,2026-05-04T22:12:26.664062Z,2026-05-04T22:13:28.088124988Z,0.9372960329055786,0.342227578163147,-0.1690157204866409,1.0120325500336276,-0.3514064826247141,3739.8437553999997,-148.28123260000098,-903.1874052000053,3850.8043069228906,-0.39861494275139425
18.164062488,2026-05-04T22:12:26.671875Z,2026-05-04T22:13:28.095937488Z,0.933671772480011,0.3485898375511169,-0.1410299092531204,1.0065521789126597,-0.39485911484620334,3737.6640652,-143.28126559999959,-920.0781208000001,3851.9574829220105,-0.39591627344265484
18.171874988,2026-05-04T22:12:26.679687Z,2026-05-04T22:13:28.103749988Z,0.9327031970024108,0.3554020822048187,-0.1098764687776566,1.0041507516927355,-0.41389949212919486,3735.9062527,-133.12501560000027,-922.8124958,3850.5794294416146,-0.3991412023660667
18.179687488,2026-05-04T22:12:26.687500Z,2026-05-04T22:13:28.111562488Z,0.9281259775161744,0.3606005311012268,-0.0834898501634597,0.9992102522748444,-0.45307160282344094,3734.1484402,-122.96876560000096,-925.5468707999997,3849.201375961219,-0.40236613128947746
18.187499988,2026-05-04T22:12:26.695312Z,2026-05-04T22:13:28.119374988Z,0.9247204065322876,0.3659696280956268,-0.0610704496502876,0.9963790437209019,-0.4755196198137702,3732.3906277,-112.81251560000165,-928.2812457999995,3847.823322480823,-0.40559106021288927
18.195312488,2026-05-04T22:12:26.703125Z,2026-05-04T22:13:28.127187488Z,0.9232363104820251,0.3669938147068024,-0.0376669317483902,0.9942175530400029,-0.4926575941469195,3730.6328152000006,-102.65626560000234,-931.0156207999994,3846.4452690004273,-0.40881598913630113
18.203124988,2026-05-04T22:12:26.710937Z,2026-05-04T22:13:28.134999988Z,0.9233143925666808,0.3657834231853485,-0.0121875498443841,0.9932046700298885,-0.5006885161320207,3734.7499885999982,-79.00004800000752,-899.6250777000122,3843.7200578929182,-0.41519354432413325
18.210937488,2026-05-04T22:12:26.718750Z,2026-05-04T22:13:28.142812488Z,0.9238768219947816,0.3631299138069153,0.015767503529787,0.9928042761230216,-0.5038631495272392,3742.1718635999982,-47.750048000006856,-849.039140200011,3840.2370655683035,-0.42334446360808187
18.218749988,2026-05-04T22:12:26.726562Z,2026-05-04T22:13:28.150624988Z,0.9250640869140624,0.3599642813205719,0.0467979237437248,0.9937343178090949,-0.49648905780177555,3749.5937385999987,-16.50004800000619,-798.45320270001,3836.754073243689,-0.4314953828920294
18.226562488,2026-05-04T22:12:26.734375Z,2026-05-04T22:13:28.158437488Z,0.924876630306244,0.3576366305351257,0.0778590962290763,0.9946671702900218,-0.489092679914969,3757.0156135999987,14.749951999994481,-747.8672652000089,3833.2710809190744,-0.439646302175978
18.234374988,2026-05-04T22:12:26.742187Z,2026-05-04T22:13:28.166249988Z,0.9235799908638,0.354672759771347,0.1087818741798401,0.9953020959476973,-0.4840584969222514,3764.4374885999987,45.99995199999515,-697.2813277000079,3829.78808859446,-0.4477972214599255
18.242187488,2026-05-04T22:12:26.750000Z,2026-05-04T22:13:28.174062488Z,0.92771977186203,0.350824385881424,0.1408886760473251,1.001794062605276,-0.4325851508040205,3770.8437415999992,70.85153339999746,-625.3673282000123,3825.7440996366718,-0.45726098839020657
18.249999988,2026-05-04T22:12:26.757812Z,2026-05-04T22:13:28.181874988Z,0.9301880598068236,0.3443224728107452,0.170366033911705,1.0063957359808782,-0.39609951572933794,3776.3124915999992,89.79684589999786,-533.7657657000103,3821.182264446141,-0.4679366221439521
18.257812488,2026-05-04T22:12:26.765625Z,2026-05-04T22:13:28.189687488Z,0.9322501420974731,0.3359428942203522,0.1954917460680008,1.010032167011834,-0.3672670704990546,3781.7812415999997,108.74215839999827,-442.1642032000084,3816.62042925561,-0.47861225589769757
18.265624988,2026-05-04T22:12:26.773437Z,2026-05-04T22:13:28.197499988Z,0.9351714253425598,0.32917720079422,0.2142514735460281,1.0143011969906166,-0.33341889023607396,3787.2499915999997,127.68747089999867,-350.56264070000645,3812.058594065079,-0.48928788965144304
18.273437488,2026-05-04T22:12:26.781250Z,2026-05-04T22:13:28.205312488Z,0.935218334197998,0.3225045800209045,0.2299665808677673,1.0156412580584493,-0.32279384688598306,3792.7187415999997,146.63278339999908,-258.9610782000045,3807.4967588745485,-0.49996352340518746
18.281249988,2026-05-04T22:12:26.789062Z,2026-05-04T22:13:28.213124988Z,0.9390300512313844,0.3159716427326202,0.2478652000427246,1.0212995023591203,-0.27793089815688843,3797.9531174999997,153.3906427000003,-161.26578910000296,3807.328522306639,-0.500357231618653
18.289062488,2026-05-04T22:12:26.796875Z,2026-05-04T22:13:28.220937488Z,0.9422481656074524,0.3101990520954132,0.2671938538551331,1.0273498007248847,-0.22995944076562175,3802.83593,141.8672052000001,-54.42985160000068,3813.7507258513715,-0.48532795281483243
18.296874988,2026-05-04T22:12:26.804687Z,2026-05-04T22:13:28.228749988Z,0.9425293803215028,0.3055747747421265,0.2844159007072449,1.0308394541843315,-0.2022907619468392,3807.7187425,130.34376769999983,52.40608590000159,3820.1729293961043,-0.47029867401101083
18.304687488,2026-05-04T22:12:26.812500Z,2026-05-04T22:13:28.236562488Z,0.9445289969444276,0.3027040064334869,0.3000541031360626,1.036241866741794,-0.15945624567292743,3812.601555,118.82033019999959,159.24202340000386,3826.595132940837,-0.4552693952071893
18.312499988,2026-05-04T22:12:26.820312Z,2026-05-04T22:13:28.244374988Z,0.9439665675163268,0.2996470332145691,0.309633880853653,1.0376581157950546,-0.14822712489132345,3817.4843675,107.29689269999933,266.07796090000613,3833.01733648557,-0.4402401164033677
18.320312488,2026-05-04T22:12:26.828125Z,2026-05-04T22:13:28.252187488Z,0.9473252892494202,0.2986383736133575,0.3161690235137939,1.042388091487808,-0.11072420954906802,3822.9687392000005,91.39847919999853,368.04673760000486,3843.211627057549,-0.4163833771788539
18.328124988,2026-05-04T22:12:26.835937Z,2026-05-04T22:13:28.259999988Z,0.9450132846832277,0.2983590662479401,0.3159844875335693,1.0401511606502096,-0.12846033194763787,3829.9999892,64.25004170000037,457.4998625999988,3863.105643887819,-0.3698272810683113
18.335937488,2026-05-04T22:12:26.843750Z,2026-05-04T22:13:28.267812488Z,0.9472472071647644,0.2991504669189453,0.3138317465782166,1.0417574758549146,-0.11572421932293199,3837.0312391999996,37.1016042000022,546.9529875999928,3882.999660718089,-0.32327118495776874
18.343749988,2026-05-04T22:12:26.851562Z,2026-05-04T22:13:28.275624988Z,0.9446852207183838,0.2996315062046051,0.312294065952301,1.0391038395575305,-0.13676430575771029,3844.062489199999,9.953166700004031,636.4061125999867,3902.8936775483594,-0.2767150888472262
18.351562488,2026-05-04T22:12:26.859375Z,2026-05-04T22:13:28.283437488Z,0.941607654094696,0.303976446390152,0.307542622089386,1.036151108000815,-0.1601758513539297,3851.0937391999987,-17.195270799994137,725.8592375999807,3922.7876943786296,-0.23015899273668364
18.359374988,2026-05-04T22:12:26.867187Z,2026-05-04T22:13:28.291249988Z,0.9397330284118652,0.3109749257564545,0.3003924190998077,1.0344269788583447,-0.17384608424080103,3857.2499975999995,-42.4999759999958,806.93744299999,3941.134033596489,-0.1872247809487624
18.367187488,2026-05-04T22:12:26.875000Z,2026-05-04T22:13:28.299062488Z,0.9394206404685974,0.3168716728687286,0.2932575643062592,1.0338852914264214,-0.17814100227441926,3858.8124975999995,-58.12497599999613,844.0468179999908,3951.3549724876284,-0.16330567916978814
18.374999988,2026-05-04T22:12:26.882812Z,2026-05-04T22:13:28.306874988Z,0.9370617270469666,0.3243667185306549,0.281079113483429,1.0306812875099747,-0.20354482999785672,3860.3749975999995,-73.74997599999647,881.1561929999916,3961.575911378768,-0.1393865773908128
18.382812488,2026-05-04T22:12:26.890625Z,2026-05-04T22:13:28.314687488Z,0.9351558089256288,0.3302013576030731,0.2650103271007538,1.026537771833218,-0.23639783553925578,3861.9374975999995,-89.37497599999679,918.2655679999924,3971.7968502699073,-0.11546747561183854
18.390624988,2026-05-04T22:12:26.898437Z,2026-05-04T22:13:28.322499988Z,0.9306567311286926,0.3362377285957336,0.2438057214021683,1.0191265824787388,-0.2951594920467679,3863.4999976,-104.99997599999713,955.3749429999932,3982.0177891610465,-0.09154837383286427
18.398437488,2026-05-04T22:12:26.906250Z,2026-05-04T22:13:28.330312488Z,0.9276885390281676,0.3423051536083221,0.2187722623348236,1.0127389329921754,-0.34580573073623855,3864.9375024,-119.49220700000207,990.5312680000019,3991.644934288444,-0.06901887173958753
18.406249988,2026-05-04T22:12:26.914062Z,2026-05-04T22:13:28.338124988Z,0.924876630306244,0.347038060426712,0.1914015263319016,1.0062140631861336,-0.3975399585315567,3863.3750024,-106.7968945000018,978.8125180000017,3987.0204590220733,-0.07984109617012014
18.414062488,2026-05-04T22:12:26.921875Z,2026-05-04T22:13:28.345937488Z,0.926423192024231,0.3505295515060425,0.1661066561937332,1.004351690610045,-0.4123062925665913,3861.8125024,-94.10158200000153,967.0937680000014,3982.395983755702,-0.09066332060065382
18.421874988,2026-05-04T22:12:26.929687Z,2026-05-04T22:13:28.353749988Z,0.9279072880744934,0.3529658019542694,0.1418266594409943,1.0028517307853506,-0.42419913726101055,3860.2500024,-81.40626950000126,955.3750180000012,3977.771508489331,-0.10148554503118751
18.429687488,2026-05-04T22:12:26.937500Z,2026-05-04T22:13:28.361562488Z,0.9234862327575684,0.3561159074306488,0.1148710995912552,0.996413935640818,-0.47524296961433093,3858.6875024,-68.71095700000099,943.6562680000009,3973.14703322296,-0.11230776946172119
18.437499988,2026-05-04T22:12:26.945312Z,2026-05-04T22:13:28.369374988Z,0.9240642786026,0.3585366606712341,0.0904219597578048,0.9952986782072331,-0.484085595419076,3857.1250024,-56.01564450000071,931.9375180000006,3968.522557956589,-0.12312999389225487
18.445312488,2026-05-04T22:12:26.953125Z,2026-05-04T22:13:28.377187488Z,0.9252827763557434,0.3580090701580048,0.0646042749285697,0.9942295624628339,-0.4925623741295251,3855.7421896,-31.640664000000882,872.9610344000022,3955.6250851560512,-0.15331273619150282
18.453124988,2026-05-04T22:12:26.960937Z,2026-05-04T22:13:28.384999988Z,0.9276260733604432,0.356581449508667,0.0352960638701915,0.9944276113606988,-0.49099208888225976,3854.3750021,-6.250039000000343,809.8750969000008,3942.008206252181,-0.1851790369181415
18.460937488,2026-05-04T22:12:26.968750Z,2026-05-04T22:13:28.392812488Z,0.928797721862793,0.3523140847682953,0.0020360071212053,0.9933753408398224,-0.49933530559731365,3853.0078146,19.140586000000198,746.7891593999996,3928.3913273483113,-0.2170453376447791
18.468749988,2026-05-04T22:12:26.976562Z,2026-05-04T22:13:28.400624988Z,0.9313753247261048,0.3477518558502197,-0.0308242533355951,0.9946564649916202,-0.48917755982255184,3851.6406271,44.53121100000074,683.7032218999982,3914.774448444441,-0.24891163837141778
18.476562488,2026-05-04T22:12:26.984375Z,2026-05-04T22:13:28.408437488Z,0.9333124160766602,0.3414516746997833,-0.0596250295639038,0.995598541736897,-0.48170804481465207,3850.2734396,69.92183600000128,620.6172843999968,3901.157569540571,-0.28077793909805643
18.484374988,2026-05-04T22:12:26.992187Z,2026-05-04T22:13:28.416249988Z,0.9371866583824158,0.3378360569477081,-0.0835206061601638,0.9997138218897121,-0.44907891240343506,3845.6250084,83.59373350000001,527.3751547999999,3887.009592602842,-0.31388711859168295
18.492187488,2026-05-04T22:12:27.000000Z,2026-05-04T22:13:28.424062488Z,0.9412639737129213,0.3345463275909424,-0.102203443646431,1.004163660668725,-0.41379713975676496,3840.1562584000003,94.33592099999929,426.5939048000067,3872.728839882011,-0.3473070207599709
18.499999988,2026-05-04T22:12:27.007812Z,2026-05-04T22:13:28.431874988Z,0.9417951703071594,0.3292547762393951,-0.1198252737522125,1.0048606603505474,-0.4082707857628081,3834.6875084000008,105.07810849999856,325.81265480001355,3858.44808716118,-0.3807269229282588
18.507812488,2026-05-04T22:12:27.015625Z,2026-05-04T22:13:28.439687488Z,0.9441697001457214,0.3243046402931213,-0.1379699110984802,1.0078023708830193,-0.3849466233934895,3829.218758400001,115.82029599999784,225.03140480002034,3844.167334440349,-0.41414682509654677
18.515624988,2026-05-04T22:12:27.023437Z,2026-05-04T22:13:28.447499988Z,0.9465598464012146,0.3193545043468475,-0.1575753539800644,1.0113322077574975,-0.3569593392984906,3823.7500084000017,126.56248349999711,124.25015480002715,3829.886581719518,-0.4475667272648347
18.523437488,2026-05-04T22:12:27.031250Z,2026-05-04T22:13:28.455312488Z,0.9499185085296632,0.3152733445167542,-0.1763350814580917,1.0162856466382035,-0.3176846345086206,3816.2890754000023,118.57815080000464,30.37513920002504,3821.625025352018,-0.4669004704474963
18.531249988,2026-05-04T22:12:27.039062Z,2026-05-04T22:13:28.463124988Z,0.9513089060783386,0.3111766576766968,-0.1908354163169861,1.0189394992774021,-0.2966428327481663,3807.8906379000023,101.78127580000428,-60.249860799976894,3816.196051968932,-0.4796053861395324
18.539062488,2026-05-04T22:12:27.046875Z,2026-05-04T22:13:28.470937488Z,0.9543551802635192,0.3090352118015289,-0.2003998011350632,1.0229646389411526,-0.26472840403732556,3799.492200400002,84.98440080000393,-150.87486079997882,3810.767078585846,-0.49231030183156854
18.546874988,2026-05-04T22:12:27.054687Z,2026-05-04T22:13:28.478749988Z,0.9543238878250122,0.3078093230724335,-0.2055202722549438,1.0235815768914085,-0.25983684153832226,3791.093762900002,68.18752580000357,-241.49986079998075,3805.33810520276,-0.5050152175236047
18.554687488,2026-05-04T22:12:27.062500Z,2026-05-04T22:13:28.486562488Z,0.9516369700431824,0.3083834946155548,-0.2064582705497742,1.0214393373973192,-0.2768221775333365,3782.695325400002,51.39065080000321,-332.1248607999827,3799.9091318196743,-0.5177201332156398
18.562499988,2026-05-04T22:12:27.070312Z,2026-05-04T22:13:28.494374988Z,0.950387179851532,0.3091903924942017,-0.2032445073127747,1.0198739236737446,-0.2892339914969397,3775.2812602000013,33.39065410000322,-414.3280088999872,3800.143894336753,-0.5171707405815872
18.570312488,2026-05-04T22:12:27.078125Z,2026-05-04T22:13:28.502187488Z,0.9529960751533508,0.3116887509822845,-0.1973090618848801,1.0219012978994004,-0.2731593964269639,3768.640635200001,14.44534160000281,-489.9139463999888,3804.8287628019307,-0.5062071836292177
18.578124988,2026-05-04T22:12:27.085937Z,2026-05-04T22:13:28.509999988Z,0.9531679153442384,0.3146371245384216,-0.1917887777090073,1.0219141501293552,-0.27305749398110357,3762.000010200001,-4.499970899997595,-565.4998838999904,3809.5136312671084,-0.49524362667684824
18.585937488,2026-05-04T22:12:27.093750Z,2026-05-04T22:13:28.517812488Z,0.949106216430664,0.3181441128253937,-0.1866067945957184,1.0182535943379114,-0.3020812190210524,3755.359385200001,-23.445283399998,-641.085821399992,3814.198499732286,-0.48428006972447873
18.593749988,2026-05-04T22:12:27.101562Z,2026-05-04T22:13:28.525624988Z,0.9458568692207336,0.3213562667369843,-0.1774268299341202,1.0145912217260955,-0.3311193492218381,3748.7187602000004,-42.3905958999984,-716.6717588999936,3818.8833681974643,-0.47331651277210823
18.601562488,2026-05-04T22:12:27.109375Z,2026-05-04T22:13:28.533437488Z,0.9437791109085084,0.3232494294643402,-0.1631879061460495,1.0108607701106063,-0.36069726255835066,3745.5156232,-55.57811599999963,-769.8280871999984,3824.3750616211896,-0.46046481926918686
18.609374988,2026-05-04T22:12:27.117187Z,2026-05-04T22:13:28.541249988Z,0.9432323575019836,0.3293944299221039,-0.1445204466581345,1.0094920159192564,-0.3715498072429236,3746.6874982,-61.43749099999975,-794.437462199999,3830.8936295752546,-0.4452100279034337
18.617187488,2026-05-04T22:12:27.125000Z,2026-05-04T22:13:28.549062488Z,0.9396393299102784,0.3362067043781281,-0.1225162148475647,1.0054686674798046,-0.4034500337384475,3747.8593732,-67.29686599999988,-819.0468371999995,3837.4121975293197,-0.42995523653768053
18.624999988,2026-05-04T22:12:27.132812Z,2026-05-04T22:13:28.556874988Z,0.9354682564735411,0.3408154547214508,-0.0965140163898468,1.0002854534613286,-0.4445465740089407,3749.0312482,-73.15624100000001,-843.6562122,3843.9307654833847,-0.41470044517192733
18.632812488,2026-05-04T22:12:27.140625Z,2026-05-04T22:13:28.564687488Z,0.9351558089256288,0.3450207412242889,-0.0696045830845832,0.9991999283570248,-0.4531534588500128,3750.2031232,-79.01561600000014,-868.2655872000006,3850.4493334374497,-0.3994456538061742
18.640624988,2026-05-04T22:12:27.148437Z,2026-05-04T22:13:28.572499988Z,0.9316096305847168,0.3476898074150085,-0.0451400652527809,0.9954005884414091,-0.4832775720521337,3751.8124961,-79.31251769999983,-874.0625524999995,3853.355181189299,-0.3926453716725101
18.648437488,2026-05-04T22:12:27.156250Z,2026-05-04T22:13:28.580312488Z,0.9301568269729614,0.3500019311904907,-0.0224746409803628,0.994081578185954,-0.4937357082369951,3754.3515586,-67.78908020000061,-839.8828650000017,3848.5839443203786,-0.403811048475278
18.656249988,2026-05-04T22:12:27.164062Z,2026-05-04T22:13:28.588124988Z,0.9311410188674928,0.3510571420192719,0.0018053539097309,0.9951220896367797,-0.4854857265483474,3756.8906211,-56.265642700001386,-805.7031775000041,3843.8127074514578,-0.4149767252780469
18.664062488,2026-05-04T22:12:27.171875Z,2026-05-04T22:13:28.595937488Z,0.92868834733963,0.3500950336456299,0.0283149890601635,0.9928898819472506,-0.5031844001662683,3759.4296835999994,-44.74220520000216,-771.5234900000064,3839.0414705825374,-0.4261424020808148
18.671874988,2026-05-04T22:12:27.179687Z,2026-05-04T22:13:28.603749988Z,0.9285321235656738,0.3501571118831635,0.0581152588129043,0.9940620155717795,-0.49389081581278704,3761.9687460999994,-33.21876770000294,-737.3438025000087,3834.2702337136166,-0.43730807888358364
18.679687488,2026-05-04T22:12:27.187500Z,2026-05-04T22:13:28.611562488Z,0.927001178264618,0.3493812382221222,0.0887458845973014,0.9946226752686523,-0.4894454709498423,3764.859368399999,-20.523464200005296,-695.586048200022,3829.337157159918,-0.4488524938759945
18.687499988,2026-05-04T22:12:27.195312Z,2026-05-04T22:13:28.619374988Z,0.9285321235656738,0.347969114780426,0.1185154020786285,0.9986492426594595,-0.45751972211170766,3769.156243399999,-3.140651700004928,-623.5157357000204,3823.7567156524146,-0.46191187617063934
18.695312488,2026-05-04T22:12:27.203125Z,2026-05-04T22:13:28.627187488Z,0.9302505254745485,0.3458897471427917,0.1454248279333115,1.0030723492867357,-0.4224499026945292,3773.453118399999,14.242160799995442,-551.4454232000189,3818.1762741449106,-0.47497125846528526
18.703124988,2026-05-04T22:12:27.210937Z,2026-05-04T22:13:28.634999988Z,0.9324063658714294,0.3419016897678375,0.1702122688293457,1.0075964534691961,-0.38657929633722926,3777.749993399999,31.624973299995812,-479.37511070001733,3812.595832637407,-0.48803064075993013
18.710937488,2026-05-04T22:12:27.218750Z,2026-05-04T22:13:28.642812488Z,0.9325313568115234,0.3362377285957336,0.1917705684900284,1.00967642960849,-0.3700876325036596,3782.046868399999,49.00778579999618,-407.3047982000158,3807.0153911299035,-0.501090023054575
18.718749988,2026-05-04T22:12:27.226562Z,2026-05-04T22:13:28.650624988Z,0.9322501420974731,0.3308375775814056,0.2116989195346832,1.0116127039103668,-0.35473534827650677,3786.6093632999987,65.45311629999888,-333.1407759000195,3802.314203984215,-0.5120917690798067
18.726562488,2026-05-04T22:12:27.234375Z,2026-05-04T22:13:28.658437488Z,0.9358119368553162,0.3269736766815186,0.2308123111724854,1.0178065088180133,-0.3056260597332734,3794.2265507999987,71.117178799999,-234.8985884000174,3807.724653024529,-0.4994302041645316
18.734374988,2026-05-04T22:12:27.242187Z,2026-05-04T22:13:28.666249988Z,0.9370929598808287,0.3239477276802063,0.246711939573288,1.0217397549549472,-0.2744402341655702,3801.8437382999987,76.78124129999912,-136.65640090001529,3813.135102064843,-0.48676863924925545
18.742187488,2026-05-04T22:12:27.250000Z,2026-05-04T22:13:28.674062488Z,0.9376553297042848,0.3204872906208038,0.2623193860054016,1.0250468677316982,-0.24821887943772283,3809.460925799999,82.44530379999924,-38.414213400013196,3818.545551105157,-0.47410707433398036
18.749999988,2026-05-04T22:12:27.257812Z,2026-05-04T22:13:28.681874988Z,0.9388894438743592,0.3166078627109528,0.2762507796287537,1.0286245280930235,-0.21985241365235192,3817.078113299999,88.10936629999937,59.82797409998889,3823.956000145471,-0.4614455094187042
18.757812488,2026-05-04T22:12:27.265625Z,2026-05-04T22:13:28.689687488Z,0.941498339176178,0.3140474259853363,0.2883984744548798,1.0335466068385202,-0.18082635633390104,3824.695300799999,93.77342879999948,158.07016159999097,3829.3664491857853,-0.44878394450342807
18.765624988,2026-05-04T22:12:27.273437Z,2026-05-04T22:13:28.697499988Z,0.9397955536842346,0.311642199754715,0.2947491109371185,1.0330602992036992,-0.1846821803895983,3827.2499964,81.06252070000095,249.3748601999936,3840.5610008026974,-0.42258638845238533
18.773437488,2026-05-04T22:12:27.281250Z,2026-05-04T22:13:28.705312488Z,0.940889060497284,0.3114714920520782,0.2977014482021332,1.0348492000220404,-0.17049838742661896,3829.5937464,67.58595820000066,340.39048519999557,3851.996566333821,-0.3958248102106635
18.781249988,2026-05-04T22:12:27.289062Z,2026-05-04T22:13:28.713124988Z,0.9402329325675964,0.3094852268695831,0.2979782521724701,1.0337359971979982,-0.17932472269357874,3831.9374964,54.10939570000037,431.4061101999975,3863.4321318649454,-0.3690632319689407
18.789062488,2026-05-04T22:12:27.296875Z,2026-05-04T22:13:28.720937488Z,0.9413108825683594,0.3089266121387482,0.2945030927658081,1.033554014542914,-0.18076762230886362,3834.2812464,40.632833200000086,522.4217351999995,3874.867697396069,-0.34230165372721894
18.796874988,2026-05-04T22:12:27.304687Z,2026-05-04T22:13:28.728749988Z,0.9425918459892272,0.3106180429458618,0.2886752784252167,1.0335842360943652,-0.18052800241243985,3836.6249964,27.156270699999794,613.4373602000014,3886.3032629271934,-0.31554007548549606
18.804687488,2026-05-04T22:12:27.312500Z,2026-05-04T22:13:28.736562488Z,0.9386551380157472,0.3125111758708954,0.2814481556415558,1.0285668512457538,-0.2203097204253402,3842.0859281999997,13.679708200000515,670.656171999998,3901.3783472748064,-0.28026127373571
18.812499988,2026-05-04T22:12:27.320312Z,2026-05-04T22:13:28.744374988Z,0.9408422112464904,0.3156612813472748,0.2786188423633575,1.0307543695395553,-0.20296537899293862,3848.140615699999,0.2031457000014251,721.4374219999946,3917.146681224527,-0.24336012515774538
18.820312488,2026-05-04T22:12:27.328125Z,2026-05-04T22:13:28.752187488Z,0.9386239051818848,0.3199286460876465,0.2714686095714569,1.0281363625264046,-0.22372296883215148,3854.1953031999988,-13.273416799997666,772.2186719999912,3932.9150151742474,-0.2064589765797818
18.828124988,2026-05-04T22:12:27.335937Z,2026-05-04T22:13:28.759999988Z,0.9360931515693665,0.3260426223278046,0.2573065459728241,1.0241000139585612,-0.25572627042703666,3860.2499906999988,-26.749979299996756,822.9999219999878,3948.683349123968,-0.16955782800181712
18.835937488,2026-05-04T22:12:27.343750Z,2026-05-04T22:13:28.767812488Z,0.9330937266349792,0.3303255140781403,0.2369630336761475,1.017806625673828,-0.3056251332097531,3866.3046781999983,-40.22654179999584,873.7811719999844,3964.451683073689,-0.13265667942385248
18.843749988,2026-05-04T22:12:27.351562Z,2026-05-04T22:13:28.775624988Z,0.9331405758857728,0.3322962522506714,0.212898313999176,1.0131622899259354,-0.34244902865620874,3866.5937530000006,-46.53124459999891,895.3124843999968,3969.215807296249,-0.12150764767825832
18.851562488,2026-05-04T22:12:27.359375Z,2026-05-04T22:13:28.783437488Z,0.9321408271789552,0.3335842192173004,0.1854968219995499,1.0072606534440902,-0.3892417793459196,3864.6406280000006,-50.04686959999898,905.4687343999971,3969.7004840197706,-0.12037340433688917
18.859374988,2026-05-04T22:12:27.367187Z,2026-05-04T22:13:28.791249988Z,0.932593822479248,0.3369670808315277,0.1611091941595078,1.0046065019366053,-0.4102859507659175,3862.6875030000006,-53.562494599999056,915.6249843999973,3970.1851607432923,-0.11923916099552001
18.867187488,2026-05-04T22:12:27.375000Z,2026-05-04T22:13:28.799062488Z,0.9314221739768982,0.341296523809433,0.1407041549682617,1.0019122928508197,-0.4316477297309447,3860.7343780000006,-57.07811959999913,925.7812343999975,3970.669837466814,-0.11810491765415085
18.874999988,2026-05-04T22:12:27.382812Z,2026-05-04T22:13:28.806874988Z,0.92937570810318,0.3457811176776886,0.1211294606328011,0.9989875546711842,-0.45483732212508304,3858.7812530000006,-60.593744599999205,935.9374843999977,3971.1545141903357,-0.1169706743127817
18.882812488,2026-05-04T22:12:27.390625Z,2026-05-04T22:13:28.814687488Z,0.9277041554450988,0.3483725786209106,0.0998018160462379,0.9959713128655934,-0.4787524262259656,3856.3593792000006,-51.21877760000369,906.9532096000113,3962.990272878512,-0.13607668022530264
18.890624988,2026-05-04T22:12:27.398437Z,2026-05-04T22:13:28.822499988Z,0.9296881556510924,0.3486208617687225,0.0739533826708793,0.995653390908082,-0.4812731580504988,3853.6250042000006,-33.25002760000331,851.8750846000102,3949.0600493076413,-0.1686762719990464
18.898437488,2026-05-04T22:12:27.406250Z,2026-05-04T22:13:28.830312488Z,0.931281566619873,0.3476587533950806,0.0423540249466896,0.9949602145650706,-0.4867691976494,3850.8906292000006,-15.28127760000292,796.796959600009,3935.1298257367703,-0.20127586377279122
18.906249988,2026-05-04T22:12:27.414062Z,2026-05-04T22:13:28.838124988Z,0.9317658543586732,0.3449741899967194,0.0093553718179464,0.9936208140404934,-0.49738900370031613,3848.1562542000006,2.6874723999974632,741.7188346000078,3921.1996021658997,-0.23387545554653497
18.914062488,2026-05-04T22:12:27.421875Z,2026-05-04T22:13:28.845937488Z,0.9346246719360352,0.3433138132095337,-0.0189841035753488,0.9958654768193199,-0.47959157647564515,3845.4218792,20.656222399997848,686.6407096000066,3907.269378595029,-0.2664750473202787
18.921874988,2026-05-04T22:12:27.429687Z,2026-05-04T22:13:28.853749988Z,0.9350308775901794,0.3412189185619354,-0.0424029976129531,0.996248516504894,-0.4765545408048664,3841.8437569000002,34.593735299999054,616.9376314000084,3893.2867037529027,-0.2991973858699272
18.929687488,2026-05-04T22:12:27.437500Z,2026-05-04T22:13:28.861562488Z,0.933281183242798,0.3396981954574585,-0.0638075247406959,0.9952286326295406,-0.4846409710786851,3837.3515694000002,44.16404779999926,531.3907564000066,3879.2472063505734,-0.33205270091178535
18.937499988,2026-05-04T22:12:27.445312Z,2026-05-04T22:13:28.869374988Z,0.9365774393081664,0.3375722765922546,-0.0823981016874313,0.9989603540213255,-0.4550529899710013,3832.8593819000002,53.734360299999466,445.8438814000048,3865.2077089482436,-0.3649080159536446
18.945312488,2026-05-04T22:12:27.453125Z,2026-05-04T22:13:28.877187488Z,0.942435622215271,0.3350894451141357,-0.1011731922626495,1.0053386758101965,-0.4044807085023744,3828.3671944000002,63.30467279999967,360.297006400003,3851.1682115459143,-0.3977633309955027
18.953124988,2026-05-04T22:12:27.460937Z,2026-05-04T22:13:28.884999988Z,0.94338858127594,0.3316289782524109,-0.1213629543781281,1.0073176069115226,-0.38879020808925596,3823.8750069000002,72.87498529999988,274.7501314000012,3837.1287141435846,-0.43061864603736194
18.960937488,2026-05-04T22:12:27.468750Z,2026-05-04T22:13:28.892812488Z,0.9429511427879332,0.3277185261249542,-0.1393077075481415,1.0079498635512085,-0.38377718714095665,3819.2421950000003,77.4531316000001,188.3595100000021,3826.4028502463334,-0.45571937630864745
18.968749988,2026-05-04T22:12:27.476562Z,2026-05-04T22:13:28.900624988Z,0.9452319741249084,0.3235908150672913,-0.1540848165750504,1.01089892234731,-0.3603947620390758,3814.3593825000003,73.15625660000039,100.46888500000804,3821.56792963097,-0.46703408619233494
18.976562488,2026-05-04T22:12:27.484375Z,2026-05-04T22:13:28.908437488Z,0.9462942481040956,0.321495920419693,-0.1671089828014374,1.0132906014437972,-0.34143167543826686,3809.4765700000007,68.85938160000069,12.578260000013964,3816.733009015607,-0.47834879607602143
18.984374988,2026-05-04T22:12:27.492187Z,2026-05-04T22:13:28.916249988Z,0.94635671377182,0.3203010857105255,-0.179056778550148,1.0150099236722252,-0.3277995554936385,3804.593757500001,64.56250660000097,-75.3123649999801,3811.898088400244,-0.48966350595970787
18.992187488,2026-05-04T22:12:27.500000Z,2026-05-04T22:13:28.924062488Z,0.94801265001297,0.3185475766658783,-0.1864530295133591,1.0173324311153298,-0.30938491540279156,3799.7109450000016,60.265631600001264,-163.2029899999742,3807.0631677848805,-0.5009782158433954
18.999999988,2026-05-04T22:12:27.507812Z,2026-05-04T22:13:28.931874988Z,0.949809193611145,0.317414790391922,-0.188236728310585,1.0189812163690135,-0.2963120672946728,3795.203130100001,53.95314450000432,-248.70300529997348,3804.6828040452183,-0.5065487571768653
19.007812488,2026-05-04T22:12:27.515625Z,2026-05-04T22:13:28.939687488Z,0.9498716592788696,0.3167164921760559,-0.185099869966507,1.0182472525762671,-0.30213150142534256,3791.882817600001,41.25783200000405,-326.63269279997513,3810.0752692005594,-0.493929278255805
19.015624988,2026-05-04T22:12:27.523437Z,2026-05-04T22:13:28.947499988Z,0.949543595314026,0.3180820345878601,-0.1802100390195847,1.0174894978784201,-0.30813956830126543,3788.562505100001,28.56251950000378,-404.56238029997684,3815.4677343559,-0.4813097993347457
19.023437488,2026-05-04T22:12:27.531250Z,2026-05-04T22:13:28.955312488Z,0.9480751752853394,0.3201614022254944,-0.1749511659145355,1.015853223611648,-0.3211132196030007,3785.242192600001,15.86720700000351,-482.4920677999785,3820.860199511241,-0.46869032041368647
19.031249988,2026-05-04T22:12:27.539062Z,2026-05-04T22:13:28.963124988Z,0.945638120174408,0.3213717937469482,-0.1696461588144302,1.013060266392681,-0.34325795034610557,3781.9218801000006,3.1718945000032397,-560.4217552999802,3826.2526646665815,-0.45607084149262717
19.039062488,2026-05-04T22:12:27.546875Z,2026-05-04T22:13:28.970937488Z,0.9465442299842834,0.3221476674079895,-0.1622345298528671,1.012938863707741,-0.34422052497891104,3778.2968840000012,-9.49998079999708,-633.1952587999918,3831.109631590339,-0.4447045387073531
19.046874988,2026-05-04T22:12:27.554687Z,2026-05-04T22:13:28.978749988Z,0.9451382160186768,0.3229390680789948,-0.1525010168552399,1.0103625335554454,-0.36464766834526474,3772.4375090000012,-21.999980799997346,-668.1561962999925,3832.039554361936,-0.4425283279250251
19.054687488,2026-05-04T22:12:27.562500Z,2026-05-04T22:13:28.986562488Z,0.9430761337280272,0.3255926072597504,-0.1381851881742477,1.0072230567954439,-0.3895398747322228,3766.5781340000012,-34.49998079999761,-703.1171337999933,3832.969477133533,-0.4403521171426972
19.062499988,2026-05-04T22:12:27.570312Z,2026-05-04T22:13:28.994374988Z,0.942560613155365,0.3299065232276917,-0.1171497106552124,1.0054764434071048,-0.40338838015665496,3760.718759000001,-46.99998079999788,-738.0780712999941,3833.89939990513,-0.4381759063603692
19.070312488,2026-05-04T22:12:27.578125Z,2026-05-04T22:13:29.002187488Z,0.9412795901298524,0.3343756198883057,-0.090778462588787,1.0030229564873854,-0.4228415271114138,3754.859384000001,-59.49998079999814,-773.0390087999948,3834.8293226767273,-0.43599969557804014
19.078124988,2026-05-04T22:12:27.585937Z,2026-05-04T22:13:29.009999988Z,0.9369367361068726,0.3371843099594116,-0.0654220879077911,0.9979096932767106,-0.4633834431314881,3749.000009000001,-71.99998079999841,-807.9999462999956,3835.7592454483242,-0.43382348479571214
19.085937488,2026-05-04T22:12:27.593750Z,2026-05-04T22:13:29.017812488Z,0.9331718683242798,0.3400706052780151,-0.0439714342355728,0.9941786758096937,-0.492965842977725,3752.3203074,-64.18751200000082,-794.3281460000014,3836.150582826648,-0.43290767474325587
19.093749988,2026-05-04T22:12:27.601562Z,2026-05-04T22:13:29.025624988Z,0.935671329498291,0.3416689336299896,-0.0227821785956621,0.9963621453640832,-0.4756536030911403,3755.6406199,-56.37501200000066,-780.6562710000012,3836.541919377704,-0.4319918666267776
19.101562488,2026-05-04T22:12:27.609375Z,2026-05-04T22:13:29.033437488Z,0.9362337589263916,0.3415448069572449,-0.0018697045743465,0.9965891843222551,-0.4738534621642516,3758.9609324,-48.562512000000496,-766.9843960000009,3836.933255928759,-0.43107605851030034
19.109374988,2026-05-04T22:12:27.617187Z,2026-05-04T22:13:29.041249988Z,0.9336248636245728,0.3405516743659973,0.0203190427273511,0.9940038694033552,-0.494351843727843,3762.2812449,-40.750012000000325,-753.3125210000006,3837.324592479815,-0.43016025039382205
19.117187488,2026-05-04T22:12:27.625000Z,2026-05-04T22:13:29.049062488Z,0.9308129549026488,0.3414051234722137,0.048181839287281,0.9926186100334727,-0.5053352542674275,3765.6015574,-32.93751200000016,-739.6406460000003,3837.71592903087,-0.42924444227734476
19.124999988,2026-05-04T22:12:27.632812Z,2026-05-04T22:13:29.056874988Z,0.9296413064002992,0.3426155149936676,0.0781666338443756,0.9938452456628204,-0.4956095357539693,3768.9218699,-22.03126739999999,-686.43759,3832.709347304664,-0.44096087451016974
19.132812488,2026-05-04T22:12:27.640625Z,2026-05-04T22:13:29.064687488Z,0.9309066534042358,0.3438103795051575,0.1080745458602905,0.9982348831165251,-0.460805085899884,3772.2421824000003,-10.703142399999749,-627.8438399999987,3826.9666751067425,-0.4543999100281736
19.140624988,2026-05-04T22:12:27.648437Z,2026-05-04T22:13:29.072499988Z,0.9322032928466796,0.3429103493690491,0.1336000561714172,1.002217272804456,-0.4292296121495307,3775.5624949000003,0.6249826000004924,-569.2500899999975,3821.224002908821,-0.4678389455461775
19.148437488,2026-05-04T22:12:27.656250Z,2026-05-04T22:13:29.080312488Z,0.933421790599823,0.3388136923313141,0.1569420695304871,1.0053366453413854,-0.4044968076337175,3778.8828074000003,11.953107600000735,-510.6563399999962,3815.4813307109002,-0.4812779810641803
19.156249988,2026-05-04T22:12:27.664062Z,2026-05-04T22:13:29.088124988Z,0.9321564435958862,0.3348877131938934,0.1754557639360428,1.0059076204522692,-0.39996967416899054,3782.2031199000003,23.281232600000976,-452.06258999999494,3809.738658512979,-0.4947170165821842
19.164062488,2026-05-04T22:12:27.671875Z,2026-05-04T22:13:29.095937488Z,0.9343903660774232,0.3329634964466095,0.1935081481933594,1.0106411082087823,-0.3624389124616778,3786.1171812000002,32.23436240000033,-364.52358599999616,3807.8667481967104,-0.4990976722003048
19.171874988,2026-05-04T22:12:27.679687Z,2026-05-04T22:13:29.103749988Z,0.9328125715255736,0.3307444751262665,0.2111299782991409,1.0119817533727071,-0.35180923794480745,3790.2187437,40.437487399999775,-267.84389850000264,3807.2171940312646,-0.5006177627085969
19.179687488,2026-05-04T22:12:27.687500Z,2026-05-04T22:13:29.111562488Z,0.9359369277954102,0.3289754688739777,0.2303048670291901,1.0184513359553795,-0.3005133701310658,3794.3203062,48.64061239999922,-171.16421100000917,3806.567639865819,-0.5021378532168892
19.187499988,2026-05-04T22:12:27.695312Z,2026-05-04T22:13:29.119374988Z,0.9366711378097534,0.3256546854972839,0.2468657046556473,1.0219327134049885,-0.27291030993624305,3798.4218686999993,56.843737399998666,-74.48452350001571,3805.9180857003735,-0.5036579437251802
19.195312488,2026-05-04T22:12:27.703125Z,2026-05-04T22:13:29.127187488Z,0.9352495670318604,0.3228925168514252,0.2582906782627106,1.0225778232239056,-0.26779537901548367,3802.523431199999,65.0468623999981,22.19516399997777,3805.2685315349277,-0.5051780342334724
19.203124988,2026-05-04T22:12:27.710937Z,2026-05-04T22:13:29.134999988Z,0.9375147223472596,0.3215890526771545,0.2696387469768524,1.027160370775127,-0.23146138830838356,3808.7499885999982,64.37500870000136,111.24986979997959,3813.585795068974,-0.485713924809447
19.210937488,2026-05-04T22:12:27.718750Z,2026-05-04T22:13:29.142812488Z,0.9369679689407348,0.3196803629398346,0.277081161737442,1.0280459520177299,-0.2244398134573943,3816.1718635999982,58.710946200001246,196.01549479998138,3826.9469271846374,-0.4544461242325424
19.218749988,2026-05-04T22:12:27.726562Z,2026-05-04T22:13:29.150624988Z,0.9410765171051024,0.319618284702301,0.2835701704025269,1.033534179650015,-0.18092488872153348,3823.5937385999987,53.046883700001125,280.7811197999832,3840.3080593003006,-0.4231783236556378
19.226562488,2026-05-04T22:12:27.734375Z,2026-05-04T22:13:29.158437488Z,0.9390769004821776,0.3188268840312958,0.2826475501060486,1.0312156149813045,-0.19930826743940092,3831.0156135999987,47.382821200001004,365.546744799985,3853.6691914159637,-0.3919105230787332
19.234374988,2026-05-04T22:12:27.742187Z,2026-05-04T22:13:29.166249988Z,0.9375459551811218,0.3177406489849091,0.2788187265396118,1.0284412576141644,-0.22130552413321944,3838.4374885999987,41.71875870000088,450.3123697999868,3867.030323531627,-0.36064272250182866
19.242187488,2026-05-04T22:12:27.750000Z,2026-05-04T22:13:29.174062488Z,0.9372491836547852,0.3170113265514374,0.2746054828166962,1.0268107832587532,-0.2342331892399102,3844.5390549999993,33.71876560000136,523.0936551999918,3881.2524291203954,-0.3273600666996319
19.249999988,2026-05-04T22:12:27.757812Z,2026-05-04T22:13:29.181874988Z,0.9396237134933472,0.3178648054599762,0.2712533175945282,1.0283526242564727,-0.22200827812730545,3849.4218674999993,23.562515600001145,584.812405199993,3896.2692843443206,-0.29221753309026083
19.257812488,2026-05-04T22:12:27.765625Z,2026-05-04T22:13:29.189687488Z,0.938389539718628,0.3199286460876465,0.2657330632209778,1.026422587304867,-0.23731110780450404,3854.3046799999997,13.40626560000093,646.5311551999944,3911.2861395682457,-0.25707499948088974
19.265624988,2026-05-04T22:12:27.773437Z,2026-05-04T22:13:29.197499988Z,0.9374054074287416,0.3238701522350311,0.2583521902561188,1.0248739569310565,-0.24958985035585243,3859.1874924999997,3.2500156000007125,708.2499051999956,3926.302994792171,-0.22193246587151869
19.273437488,2026-05-04T22:12:27.781250Z,2026-05-04T22:13:29.205312488Z,0.9356869459152222,0.3267098665237427,0.2457278221845627,1.0210933161252627,-0.27956570251432866,3864.0703049999997,-6.906234399999504,769.968655199997,3941.319850016096,-0.1867899322621476
19.281249988,2026-05-04T22:12:27.789062Z,2026-05-04T22:13:29.213124988Z,0.9346871972084044,0.3284633755683899,0.2281059771776199,1.0166418654271723,-0.31486025570547316,3865.9843789,-14.718743399999882,813.6405994999996,3950.775610491578,-0.16466150554718822
19.289062488,2026-05-04T22:12:27.796875Z,2026-05-04T22:13:29.220937488Z,0.9345622062683104,0.3284789025783539,0.206839844584465,1.0119721479032402,-0.35188539755568937,3863.4453164,-19.015618399999973,830.2421619999999,3951.8896754576795,-0.16205436410975402
19.296874988,2026-05-04T22:12:27.804687Z,2026-05-04T22:13:29.228749988Z,0.9348277449607848,0.3305117189884186,0.1825906038284302,1.008206445993863,-0.38174280255840454,3860.9062539,-23.312493400000065,846.8437245000002,3953.003740423781,-0.1594472226723198
19.304687488,2026-05-04T22:12:27.812500Z,2026-05-04T22:13:29.236562488Z,0.9341716766357422,0.3329324722290039,0.1597867757081985,1.004516085577614,-0.411002841777006,3858.3671913999997,-27.609368400000157,863.4452870000006,3954.117805389882,-0.15684008123488666
19.312499988,2026-05-04T22:12:27.820312Z,2026-05-04T22:13:29.244374988Z,0.9332187175750732,0.3353842794895172,0.1403658539056778,1.001539995558758,-0.43459959137533555,3855.8281288999997,-31.906243400000246,880.0468495000009,3955.2318703559836,-0.15423293979745245
19.320312488,2026-05-04T22:12:27.828125Z,2026-05-04T22:13:29.252187488Z,0.9335936307907104,0.3382550477981567,0.1218983009457588,1.000436275125696,-0.4433507428931024,3853.453128,-33.304696799999675,881.609431999998,3953.384007184019,-0.15855732014593046
19.328124988,2026-05-04T22:12:27.835937Z,2026-05-04T22:13:29.259999988Z,0.9317971467971802,0.3408775329589844,0.0998479500412941,0.9972026014722474,-0.4689898153000841,3851.500003,-27.25000930000008,844.5000570000005,3943.9196993413852,-0.18070574946016457
19.335937488,2026-05-04T22:12:27.843750Z,2026-05-04T22:13:29.267812488Z,0.9327031970024108,0.3415448069572449,0.0749375000596046,0.9960942414115056,-0.47777775338408274,3849.546878,-21.19532180000049,807.390682000003,3934.4553914987514,-0.2028541787743987
19.343749988,2026-05-04T22:12:27.851562Z,2026-05-04T22:13:29.275624988Z,0.933640480041504,0.3398378491401672,0.0486738942563533,0.9947579894941401,-0.48837259483531087,3847.593753,-15.140634300000897,770.2813070000055,3924.991083656117,-0.22500260808863387
19.351562488,2026-05-04T22:12:27.859375Z,2026-05-04T22:13:29.283437488Z,0.9340466856956482,0.3387826383113861,0.0200883895158767,0.9937909390176538,-0.49604012095112476,3845.6406280000006,-9.085946800001306,733.171932000008,3915.5267758134833,-0.247151037402868
19.359374988,2026-05-04T22:12:27.867187Z,2026-05-04T22:13:29.291249988Z,0.935577630996704,0.339015394449234,-0.0076513905078172,0.9951359128640056,-0.48537612528312246,3843.250007200001,-2.6562629000022606,690.5001104000194,3905.301619205727,-0.2710800095072703
19.367187488,2026-05-04T22:12:27.875000Z,2026-05-04T22:13:29.299062488Z,0.935577630996704,0.3380067646503448,-0.0319006294012069,0.9952746991293366,-0.4842757201441803,3838.562507200001,5.742174599997918,618.6251104000178,3891.081960929706,-0.3043569380936689
19.374999988,2026-05-04T22:12:27.882812Z,2026-05-04T22:13:29.306874988Z,0.9385301470756532,0.3365480899810791,-0.0516137108206749,0.9983824061873486,-0.4596354085916895,3833.875007200001,14.140612099998098,546.7501104000163,3876.862302653685,-0.3376338666800665
19.382812488,2026-05-04T22:12:27.890625Z,2026-05-04T22:13:29.314687488Z,0.9384364485740662,0.3350894451141357,-0.0704810619354248,0.9989571984478367,-0.4550780098047374,3829.187507200001,22.53904959999828,474.87511040001476,3862.642644377664,-0.37091079526646514
19.390624988,2026-05-04T22:12:27.898437Z,2026-05-04T22:13:29.322499988Z,0.9379833936691284,0.3337083458900452,-0.088779479265213,0.9995278399596119,-0.450553521372446,3824.5000072000007,30.937487099998457,403.0001104000132,3848.4229861016433,-0.4041877238528627
19.398437488,2026-05-04T22:12:27.906250Z,2026-05-04T22:13:29.330312488Z,0.9412327408790588,0.3323893547058105,-0.1058785021305084,1.0037987910123476,-0.4166901093453916,3819.8828170000006,39.05468539999978,330.39857580001467,3834.5582306538117,-0.436634106737
19.406249988,2026-05-04T22:12:27.914062Z,2026-05-04T22:13:29.338124988Z,0.9434354305267334,0.3303720653057098,-0.1217166185379028,1.0069910865225293,-0.39137911494657784,3816.9531295000006,40.421872899999805,240.35951330001274,3829.2114838023663,-0.4491465954122825
19.414062488,2026-05-04T22:12:27.921875Z,2026-05-04T22:13:29.345937488Z,0.9433573484420776,0.3281219899654388,-0.1385081112384796,1.0083509428950805,-0.38059711906961247,3814.023442,41.78906039999983,150.3204508000108,3823.864736950921,-0.46165908408756506
19.421874988,2026-05-04T22:12:27.929687Z,2026-05-04T22:13:29.353749988Z,0.9448570609092712,0.3265081346035004,-0.1527624130249023,1.0112857075750425,-0.3573280288054327,3811.0937545,43.15624789999986,60.281388300008885,3818.5179900994754,-0.4741715727628476
19.429687488,2026-05-04T22:12:27.937500Z,2026-05-04T22:13:29.361562488Z,0.9458099603652954,0.3244132697582245,-0.1632186472415924,1.0131341360001644,-0.34267225481281605,3808.164067,44.5234353999999,-29.757674199993033,3813.17124324803,-0.48668406143813014
19.437499988,2026-05-04T22:12:27.945312Z,2026-05-04T22:13:29.369374988Z,0.9460287094116212,0.323156327009201,-0.1691694855690002,1.0139125433511391,-0.3365004376869655,3805.2343795,45.890622899999926,-119.79673669999495,3807.8244963965844,-0.49919655011341263
19.445312488,2026-05-04T22:12:27.953125Z,2026-05-04T22:13:29.377187488Z,0.94684100151062,0.3228459656238556,-0.1698921918869019,1.014692444302888,-0.33031677813590454,3799.7890712000003,41.50782000000017,-197.97644399999731,3808.2181666204065,-0.4982752807220934
19.453124988,2026-05-04T22:12:27.960937Z,2026-05-04T22:13:29.384999988Z,0.9459505677223206,0.3236373662948608,-0.1691848635673523,1.0139956309061484,-0.3358416551172617,3794.1250087,36.625007500000066,-275.124881499999,3809.1110139638354,-0.4961858340765336
19.460937488,2026-05-04T22:12:27.968750Z,2026-05-04T22:13:29.392812488Z,0.945888102054596,0.3248167335987091,-0.1659096032381058,1.0137732529914203,-0.33760483967713445,3788.4609462,31.742194999999963,-352.27331900000064,3810.0038613072643,-0.4940963874309738
19.468749988,2026-05-04T22:12:27.976562Z,2026-05-04T22:13:29.400624988Z,0.9453412890434264,0.3251736164093018,-0.1622960418462753,1.0127921992086821,-0.34538339486434105,3782.7968837,26.859382499999857,-429.4217565000023,3810.8967086506927,-0.492006940785415
19.476562488,2026-05-04T22:12:27.984375Z,2026-05-04T22:13:29.408437488Z,0.9451694488525392,0.3248012065887451,-0.1579444110393524,1.0118238719383355,-0.3530610443920216,3777.1328212,21.976569999999754,-506.57019400000394,3811.7895559941217,-0.48991749413985514
19.484374988,2026-05-04T22:12:27.992187Z,2026-05-04T22:13:29.416249988Z,0.9448726773262024,0.3251115679740906,-0.1519628167152405,1.010729739174715,-0.36173617743131203,3773.3437551,14.281262899999993,-555.1249364,3814.7941891592563,-0.4828860337964573
19.492187488,2026-05-04T22:12:28.000000Z,2026-05-04T22:13:29.424062488Z,0.9440290927886964,0.325996071100235,-0.1411067843437195,1.0086503313795439,-0.378223334991932,3770.0234426,5.882825400000559,-596.5311863999973,3818.326773848113,-0.4746190581677444
19.499999988,2026-05-04T22:12:28.007812Z,2026-05-04T22:13:29.431874988Z,0.9412327408790588,0.3281064629554749,-0.1265910714864731,1.0047876506585613,-0.4088496632191793,3766.7031301000006,-2.5156120999988736,-637.9374363999945,3821.85935853697,-0.4663520825390315
19.507812488,2026-05-04T22:12:28.015625Z,2026-05-04T22:13:29.439687488Z,0.9410765171051024,0.3312410414218903,-0.1072624176740646,1.0034195856241865,-0.41969674373281957,3763.3828176000006,-10.914049599998307,-679.3436863999916,3825.3919432258267,-0.4580851069103186
19.515624988,2026-05-04T22:12:28.023437Z,2026-05-04T22:13:29.447499988Z,0.9408578276634216,0.3334290385246277,-0.0851044207811355,1.0018139238618533,-0.43242767535966387,3760.062505100001,-19.31248709999774,-720.7499363999889,3828.9245279146835,-0.4498181312816057
19.523437488,2026-05-04T22:12:28.031250Z,2026-05-04T22:13:29.455312488Z,0.938420832157135,0.3342359662055969,-0.0640996843576431,0.9982264817498222,-0.46087169845028253,3757.0078170000006,-23.460934199999407,-732.2734414000007,3827.78109344646,-0.4524940034019971
19.531249988,2026-05-04T22:12:28.039062Z,2026-05-04T22:13:29.463124988Z,0.9371241927146912,0.335880845785141,-0.0438945442438125,0.9964659683857122,-0.4748304136619227,3754.0781295000006,-25.609371699999453,-729.7343789000006,3824.4371638420703,-0.46031948728376304
19.539062488,2026-05-04T22:12:28.046875Z,2026-05-04T22:13:29.470937488Z,0.9368898868560792,0.3371998369693756,-0.0239661913365125,0.9960124338945517,-0.47842638681942595,3751.1484420000006,-27.7578091999995,-727.1953164000006,3821.09323423768,-0.4681449711655301
19.546874988,2026-05-04T22:12:28.054687Z,2026-05-04T22:13:29.478749988Z,0.9359993934631348,0.3369825780391693,-0.0027615614235401,0.9948164396946689,-0.48790915631795656,3748.2187545000006,-29.906246699999542,-724.6562539000006,3817.74930463329,-0.4759704550472961
19.554687488,2026-05-04T22:12:28.062500Z,2026-05-04T22:13:29.486562488Z,0.9359837770462036,0.3373860418796539,0.0208726078271865,0.9951535750357351,-0.48523608588880884,3745.2890670000006,-32.05468419999959,-722.1171914000005,3814.4053750289004,-0.4837959389290621
19.562499988,2026-05-04T22:12:28.070312Z,2026-05-04T22:13:29.494374988Z,0.9348277449607848,0.3375412225723267,0.0456446632742881,0.9949474483456451,-0.4868704181370841,3745.9687445999994,-28.953136100001228,-694.8594467000079,3810.7268707465873,-0.4924043964553385
19.570312488,2026-05-04T22:12:28.078125Z,2026-05-04T22:13:29.502187488Z,0.9337186217308044,0.3379446864128113,0.0708318874239921,0.9955170676174123,-0.48235403481631306,3749.4843695999994,-21.726573600001075,-648.179759200007,3806.785484721454,-0.5016280513944285
19.578124988,2026-05-04T22:12:28.085937Z,2026-05-04T22:13:29.509999988Z,0.9326563477516174,0.3379912376403809,0.0972338840365409,0.9967649511935569,-0.472459846103073,3752.9999945999994,-14.50001110000092,-601.500071700006,3802.844098696321,-0.5108517063335173
19.585937488,2026-05-04T22:12:28.093750Z,2026-05-04T22:13:29.517812488Z,0.9343903660774232,0.3369205296039581,0.1241279393434525,1.0010037686305504,-0.4388512143009287,3756.5156196,-7.273448600000766,-554.8203842000049,3798.902712671188,-0.5200753612726061
19.593749988,2026-05-04T22:12:28.101562Z,2026-05-04T22:13:29.525624988Z,0.9350152611732484,0.3354773819446564,0.1468856334686279,1.0041782718933918,-0.41368129063674375,3760.0312446,-0.0468861000006121,-508.14069670000396,3794.9613266460547,-0.5292990162116961
19.601562488,2026-05-04T22:12:28.109375Z,2026-05-04T22:13:29.533437488Z,0.9327812790870668,0.3346394300460815,0.1639692783355713,1.0044652243829841,-0.4114061087703935,3766.0390483999995,7.3515507999995195,-446.67981080000504,3794.2279833040834,-0.5310151906475642
19.609374988,2026-05-04T22:12:28.117187Z,2026-05-04T22:13:29.541249988Z,0.9332187175750732,0.3331807553768158,0.1813758313655853,1.0073746983071825,-0.3883375432306427,3775.2187358999995,14.968738299999682,-366.40637330000334,3797.577628829374,-0.523176330333824
19.617187488,2026-05-04T22:12:28.125000Z,2026-05-04T22:13:29.549062488Z,0.9358275532722472,0.3300151526927948,0.1993052065372467,1.012129327617387,-0.3506391548905948,3784.3984234,22.585925799999846,-286.13293580000163,3800.9272743546653,-0.5153374700200828
19.624999988,2026-05-04T22:12:28.132812Z,2026-05-04T22:13:29.556874988Z,0.93662428855896,0.3265857398509979,0.2164657264947891,1.0152737139015855,-0.32570802198851506,3793.5781109,30.203113300000005,-205.85949829999996,3804.2769198799565,-0.5074986097063416
19.632812488,2026-05-04T22:12:28.140625Z,2026-05-04T22:13:29.564687488Z,0.9354214072227478,0.3268495500087738,0.2305047661066055,1.0173378419332413,-0.3093420142423526,3802.7577984000004,37.82030080000017,-125.58606079999825,3807.626565405247,-0.49965974939260144
19.640624988,2026-05-04T22:12:28.148437Z,2026-05-04T22:13:29.572499988Z,0.936046302318573,0.3278271555900574,0.2437749654054642,1.0213126640676577,-0.27782654192482636,3810.4374931,42.00000479999995,-44.250128399998744,3812.328319027825,-0.4886566776947958
19.648437488,2026-05-04T22:12:28.156250Z,2026-05-04T22:13:29.580312488Z,0.9356869459152222,0.325406402349472,0.2569836378097534,1.0234451512162812,-0.26091853008751437,3814.9296805999998,38.87500480000016,39.343621599995615,3819.903322638855,-0.4709296093424542
19.656249988,2026-05-04T22:12:28.164062Z,2026-05-04T22:13:29.588124988Z,0.93759286403656,0.3240408301353455,0.2663019895553589,1.027131728615286,-0.23168848556331914,3819.4218680999993,35.750004800000376,122.93737159998997,3827.478326249885,-0.4532025409901137
19.664062488,2026-05-04T22:12:28.171875Z,2026-05-04T22:13:29.595937488Z,0.9360775351524352,0.3230787515640259,0.2682702243328094,1.0259580619074076,-0.24099422539048548,3823.9140555999993,32.62500480000059,206.53112159998432,3835.053329860915,-0.43547547263777314
19.671874988,2026-05-04T22:12:28.179687Z,2026-05-04T22:13:29.603749988Z,0.9355620145797728,0.3227683901786804,0.2658560574054718,1.0247610258407964,-0.2504852556163958,3828.406243099999,29.500004800000795,290.1248715999787,3842.6283334719446,-0.41774840428543264
19.679687488,2026-05-04T22:12:28.187500Z,2026-05-04T22:13:29.611562488Z,0.9377803206443788,0.3218218088150024,0.2640262246131897,1.0260170825577557,-0.2405262639045857,3833.0546793999983,26.062507200001427,371.453013999978,3851.7428474187627,-0.3964185647196349
19.687499988,2026-05-04T22:12:28.195312Z,2026-05-04T22:13:29.619374988Z,0.9378427863121032,0.3216045498847961,0.2617197036743164,1.0254149314475693,-0.24530058486846745,3838.3281168999983,21.375007200001328,443.71863899997953,3867.015461826395,-0.36067750195250686
19.695312488,2026-05-04T22:12:28.203125Z,2026-05-04T22:13:29.627187488Z,0.9388894438743592,0.3230321705341339,0.2599052488803864,1.0263595419804274,-0.23781098002769546,3843.601554399999,16.687507200001228,515.9842639999811,3882.2880762340274,-0.3249364391853789
19.703124988,2026-05-04T22:12:28.210937Z,2026-05-04T22:13:29.634999988Z,0.9346246719360352,0.3243977427482605,0.2547232508659363,1.021587542711548,-0.27564709087035233,3848.874991899999,12.000007200001127,588.2498889999825,3897.5606906416597,-0.2891953764182509
19.710937488,2026-05-04T22:12:28.218750Z,2026-05-04T22:13:29.642812488Z,0.935921311378479,0.3262133002281189,0.2473116368055344,1.0215316265478838,-0.2760904375783226,3854.148429399999,7.3125072000010265,660.5155139999841,3912.833305049292,-0.25345431365112286
19.718749988,2026-05-04T22:12:28.226562Z,2026-05-04T22:13:29.650624988Z,0.9358900785446168,0.3274857699871063,0.2360557913780212,1.019244575803767,-0.2942239494632697,3858.9218765,2.5312590000011608,728.7343416999958,3927.153847880191,-0.21994129443139335
19.726562488,2026-05-04T22:12:28.234375Z,2026-05-04T22:13:29.658437488Z,0.9377334713935852,0.3289909660816193,0.2200485318899155,1.0178410855934674,-0.30535190824352004,3857.945314,-3.3281159999989645,750.4140291999962,3930.525339077058,-0.2120513107475367
19.734374988,2026-05-04T22:12:28.242187Z,2026-05-04T22:13:29.666249988Z,0.9344215989112854,0.3296427130699158,0.1986747533082962,1.0105838413482229,-0.36289296854208564,3856.9687515,-9.18749099999909,772.0937166999967,3933.8968302739254,-0.20416132706368004
19.742187488,2026-05-04T22:12:28.250000Z,2026-05-04T22:13:29.674062488Z,0.934031069278717,0.3304806649684906,0.177331730723381,1.0065177847496332,-0.39513181844301626,3855.992189,-15.046865999999214,793.7734041999971,3937.268321470793,-0.19627134337982233
19.749999988,2026-05-04T22:12:28.257812Z,2026-05-04T22:13:29.681874988Z,0.933765470981598,0.330822080373764,0.1574494987726212,1.0030710584619917,-0.4224601373541215,3855.0156265,-20.90624099999934,815.4530916999976,3940.6398126676604,-0.18838135969596567
19.757812488,2026-05-04T22:12:28.265625Z,2026-05-04T22:13:29.689687488Z,0.935327649116516,0.3335221409797668,0.13778255879879,1.0025262406713842,-0.4267798752989513,3854.039064,-26.765615999999465,837.132779199998,3944.0113038645277,-0.18049137601210902
19.765624988,2026-05-04T22:12:28.273437Z,2026-05-04T22:13:29.697499988Z,0.9345465898513794,0.3353687524795532,0.1190228387713432,1.0000079824140022,-0.4467465796482401,3854.5624991,-22.125007800000358,815.8750354000016,3940.298858550242,-0.18917926254259732
19.773437488,2026-05-04T22:12:28.281250Z,2026-05-04T22:13:29.705312488Z,0.9350464940071106,0.3365636169910431,0.1002631187438965,0.9988191564128792,-0.4561725141081347,3855.1484366,-17.046882800000247,792.8281604000011,3936.2912374080784,-0.1985579212951789
19.781249988,2026-05-04T22:12:28.289062Z,2026-05-04T22:13:29.713124988Z,0.93614000082016,0.3369670808315277,0.0776438191533088,0.9979646673867779,-0.4629475657549876,3855.7343741,-11.96875780000014,769.7812854000007,3932.283616265914,-0.20793658004776158
19.789062488,2026-05-04T22:12:28.296875Z,2026-05-04T22:13:29.720937488Z,0.9341403841972352,0.3372308611869812,0.0512110702693462,0.9944674377993495,-0.49067631399162115,3856.3203116,-6.890632800000032,746.7344104000001,3928.2759951237504,-0.21731523880034315
19.796874988,2026-05-04T22:12:28.304687Z,2026-05-04T22:13:29.728749988Z,0.9329375028610228,0.3364084362983704,0.0240248553454875,0.99202833323028,-0.5100154265170548,3856.9062491,-1.8125077999999233,723.6875353999997,3924.268373981586,-0.22669389755292582
19.804687488,2026-05-04T22:12:28.312500Z,2026-05-04T22:13:29.736562488Z,0.93662428855896,0.3349652886390686,0.0006367154419422,0.9947196629795686,-0.48867647716467244,3853.8828182,4.414052599999753,670.1250912000023,3913.2887229989815,-0.252388541865711
19.812499988,2026-05-04T22:12:28.320312Z,2026-05-04T22:13:29.744374988Z,0.9400142431259156,0.333972156047821,-0.022090220823884,0.9978237099562558,-0.46406518557528215,3850.1718807,10.859365099999318,610.7500912000063,3900.981051155248,-0.28119102846972394
19.820312488,2026-05-04T22:12:28.328125Z,2026-05-04T22:13:29.752187488Z,0.9377647042274476,0.3337548971176147,-0.0442789644002914,0.9963712152271081,-0.47558169018348795,3846.4609432000007,17.304677599998882,551.3750912000103,3888.6733793115145,-0.30999351507373796
19.828124988,2026-05-04T22:12:28.335937Z,2026-05-04T22:13:29.759999988Z,0.9375459551811218,0.3334135115146637,-0.0624543651938438,0.997024340459543,-0.4704032068484843,3842.750005700001,23.74999009999845,492.0000912000143,3876.3657074677812,-0.33879600167775087
19.835937488,2026-05-04T22:12:28.343750Z,2026-05-04T22:13:29.767812488Z,0.940670371055603,0.3327307403087616,-0.0774006322026252,1.0007803707076135,-0.4406224862768871,3839.039068200001,30.195302599998012,432.6250912000183,3864.0580356240475,-0.36759848828176483
19.843749988,2026-05-04T22:12:28.351562Z,2026-05-04T22:13:29.775624988Z,0.9417638778686525,0.3321100473403931,-0.0924852937459945,1.002880757997641,-0.42396898701165103,3831.8125132000027,32.56249879999976,354.4063814000267,3851.2775814158163,-0.3975073829776543
19.851562488,2026-05-04T22:12:28.359375Z,2026-05-04T22:13:29.783437488Z,0.9419357180595398,0.3309151828289032,-0.1086155772209167,1.004263460849821,-0.413005846526966,3823.2187632000023,33.34374879999977,268.8595064000249,3838.3132659983294,-0.4278465507653047
19.859374988,2026-05-04T22:12:28.367187Z,2026-05-04T22:13:29.791249988Z,0.9431855082511902,0.3293789327144623,-0.1243153065443039,1.0067490649274915,-0.39329804983742883,3814.6250132000023,34.12499879999979,183.31263140002304,3825.348950580842,-0.4581857185529562
19.867187488,2026-05-04T22:12:28.375000Z,2026-05-04T22:13:29.799062488Z,0.943169891834259,0.327252984046936,-0.1396613717079163,1.008052210541502,-0.3829657008328156,3806.0312632000023,34.90624879999981,97.76575640002122,3812.384635163355,-0.4885248863406066
19.874999988,2026-05-04T22:12:28.382812Z,2026-05-04T22:13:29.806874988Z,0.9448257684707642,0.3261357247829437,-0.1498715728521347,1.0107035827062447,-0.36194356619743095,3797.437513200002,35.68749879999982,12.218881400019404,3799.4203197458683,-0.518864054128257
19.882812488,2026-05-04T22:12:28.390625Z,2026-05-04T22:13:29.814687488Z,0.9454506635665894,0.3260115683078766,-0.155238077044487,1.0120569946764537,-0.3512126665398059,3792.4765664000006,31.8984480000014,-66.99988479998461,3795.2307844685533,-0.5286684294182388
19.890624988,2026-05-04T22:12:28.398437Z,2026-05-04T22:13:29.822499988Z,0.9452163577079772,0.3266167640686035,-0.1564220935106277,1.0122155624113018,-0.34995541857019513,3789.9375039000006,25.062510500001256,-141.9998847999862,3796.891140057183,-0.5247828554277566
19.898437488,2026-05-04T22:12:28.406250Z,2026-05-04T22:13:29.830312488Z,0.9429511427879332,0.3268495500087738,-0.1553918570280075,1.0100168885997005,-0.36738820959870844,3787.3984414000006,18.22657300000111,-216.99988479998783,3798.551495645813,-0.5208972814372734
19.906249988,2026-05-04T22:12:28.414062Z,2026-05-04T22:13:29.838124988Z,0.9444040060043336,0.3281219899654388,-0.1521473377943039,1.011292133487553,-0.3572770791878165,3784.8593789,11.390635500000966,-291.99988479998945,3800.2118512344423,-0.5170117074467914
19.914062488,2026-05-04T22:12:28.421875Z,2026-05-04T22:13:29.845937488Z,0.9437947273254396,0.3278116285800934,-0.1490104794502258,1.0101549753110264,-0.36629335106641653,3782.3203164,4.554698000000821,-366.99988479999104,3801.872206823072,-0.5131261334563092
19.921874988,2026-05-04T22:12:28.429687Z,2026-05-04T22:13:29.853749988Z,0.94338858127594,0.3278271555900574,-0.1461965143680573,1.0093691495372088,-0.37252398720148033,3779.3125054,0.1562527000001734,-429.4374249999952,3804.3316584079466,-0.5073705102786694
19.929687488,2026-05-04T22:12:28.437500Z,2026-05-04T22:13:29.861562488Z,0.945513129234314,0.3283237218856812,-0.1405993551015854,1.0107223766011675,-0.3617945536240007,3775.7968804,-1.601559799999864,-478.2655499999962,3807.656802649411,-0.49958898801457413
19.937499988,2026-05-04T22:12:28.445312Z,2026-05-04T22:13:29.869374988Z,0.9444040060043336,0.3294254839420319,-0.1314501464366913,1.0088107934720478,-0.37695106708576975,3772.2812554,-3.359372299999902,-527.0936749999972,3810.9819468908754,-0.4918074657504789
19.945312488,2026-05-04T22:12:28.453125Z,2026-05-04T22:13:29.877187488Z,0.9396393299102784,0.3298289477825165,-0.1181953251361847,1.0028356495426394,-0.4243266418240724,3768.7656304,-5.117184799999939,-575.9217999999983,3814.30709113234,-0.4840259434863836
19.953124988,2026-05-04T22:12:28.460937Z,2026-05-04T22:13:29.884999988Z,0.938389539718628,0.3311324119567871,-0.099220335483551,1.0000341381548563,-0.4465391966512266,3765.2500054,-6.874997299999976,-624.7499249999993,3817.632235373804,-0.4762444212222884
19.960937488,2026-05-04T22:12:28.468750Z,2026-05-04T22:13:29.892812488Z,0.9429824352264404,0.3332273066043854,-0.0774621367454528,1.0031234687921384,-0.4220445876130177,3763.703122,-8.210936599999986,-659.1640489999997,3821.0135544423706,-0.46833143829482543
19.968749988,2026-05-04T22:12:28.476562Z,2026-05-04T22:13:29.900624988Z,0.9394518733024596,0.3353687524795532,-0.059947945177555,0.9993176564647517,-0.4522200191149522,3765.656247,-8.796874099999947,-667.9531114999992,3824.494740536008,-0.4601847459633166
19.976562488,2026-05-04T22:12:28.484375Z,2026-05-04T22:13:29.908437488Z,0.937702178955078,0.3360670506954193,-0.041034460067749,0.9969504831701875,-0.4709888047141036,3767.609372,-9.382811599999906,-676.7421739999986,3827.975926629645,-0.4520380536318088
19.984374988,2026-05-04T22:12:28.492187Z,2026-05-04T22:13:29.916249988Z,0.9364055991172792,0.3346239030361176,-0.0212598722428083,0.9946258516191383,-0.48942028637996066,3769.5624969999994,-9.968749099999867,-685.531236499998,3831.4571127232825,-0.44389136130029994
19.992187488,2026-05-04T22:12:28.500000Z,2026-05-04T22:13:29.924062488Z,0.937952160835266,0.3337083458900452,-0.0009163431823253,0.9955482689538677,-0.48210664642456197,3771.5156219999994,-10.554686599999828,-694.3202989999974,3834.93829881692,-0.4357446689687911
19.999999988,2026-05-04T22:12:28.507812Z,2026-05-04T22:13:29.931874988Z,0.9365930557250975,0.3351514935493469,0.0191196501255035,0.9949364988187714,-0.4869572344773898,3773.5156216999994,-10.015631300001395,-691.6250600000133,3836.6207820886543,-0.4318073116431424
20.007812488,2026-05-04T22:12:28.515625Z,2026-05-04T22:13:29.939687488Z,0.9356244802474976,0.3358342945575714,0.0422310084104538,0.9949679891889716,-0.4867075544019677,3775.6640591999994,-5.914068800001308,-652.5625600000125,3832.6073251253033,-0.44119962741905894
20.015624988,2026-05-04T22:12:28.523437Z,2026-05-04T22:13:29.947499988Z,0.9359993934631348,0.3343600928783417,0.0680640637874603,0.9962551144421959,-0.47650222724130037,3777.8124966999994,-1.8125063000012216,-613.5000600000117,3828.5938681619527,-0.4505919431949745
20.023437488,2026-05-04T22:12:28.531250Z,2026-05-04T22:13:29.955312488Z,0.9353432655334472,0.3343756198883057,0.0934050604701042,0.997696639703615,-0.4650726970799624,3779.9609341999994,2.2890561999988654,-574.4375600000108,3824.5804111986017,-0.459984258970891
20.031249988,2026-05-04T22:12:28.539062Z,2026-05-04T22:13:29.963124988Z,0.9345465898513794,0.3340031802654266,0.1169162169098854,0.9993021839297564,-0.45234269737119465,3782.1093716999994,6.390618699998953,-535.37506000001,3820.5669542352507,-0.4693765747468076
20.039062488,2026-05-04T22:12:28.546875Z,2026-05-04T22:13:29.970937488Z,0.9348746538162231,0.3341273367404938,0.1371982395648956,1.0022250507969779,-0.42916794219306015,3784.3515579999994,10.656241599998722,-492.8204172000159,3816.688103469217,-0.47845388430186686
20.046874988,2026-05-04T22:12:28.554687Z,2026-05-04T22:13:29.978749988Z,0.9359525442123412,0.3324514329433441,0.1558349430561066,1.0053932811397426,-0.40404775510383184,3787.2812454999994,16.12499159999884,-424.6563547000145,3813.7963791750226,-0.48522111463620815
20.054687488,2026-05-04T22:12:28.562500Z,2026-05-04T22:13:29.986562488Z,0.9353745579719543,0.3300772309303284,0.1729185879230499,1.0068651250933085,-0.39237783483930283,3790.2109329999994,21.593741599998953,-356.492292200013,3810.9046548808283,-0.4919883449705495
20.062499988,2026-05-04T22:12:28.570312Z,2026-05-04T22:13:29.994374988Z,0.9375303387641908,0.3292392492294312,0.1891872584819794,1.01151047355348,-0.3555459098245531,3793.1406204999994,27.06249159999907,-288.3282297000116,3808.012930586634,-0.49875557530489084
20.070312488,2026-05-04T22:12:28.578125Z,2026-05-04T22:13:30.002187488Z,0.934031069278717,0.3272374868392944,0.2035030722618103,1.010401856486238,-0.3643358856553904,3796.0703079999994,32.531241599999184,-220.16416720001013,3805.121206292439,-0.5055228056392332
20.078124988,2026-05-04T22:12:28.585937Z,2026-05-04T22:13:30.009999988Z,0.9347184300422668,0.3273771405220032,0.2184185832738876,1.0141898309076145,-0.33430188690542795,3798.9999955,37.999991599999305,-152.00010470000868,3802.229481998245,-0.5122900359735746
20.085937488,2026-05-04T22:12:28.593750Z,2026-05-04T22:13:30.017812488Z,0.938998818397522,0.3276564478874207,0.2332418411970139,1.021508338330685,-0.27627508462405925,3804.4687415999992,37.60937560000004,-71.14074920000856,3808.850042614795,-0.49679656077449963
20.093749988,2026-05-04T22:12:28.601562Z,2026-05-04T22:13:30.025624988Z,0.9367805123329164,0.3269736766815186,0.2444822937250137,1.0218811601523905,-0.2733190641018854,3809.9374915999997,37.218750600000035,9.718625799993163,3815.4706178422375,-0.4813030513829267
20.101562488,2026-05-04T22:12:28.609375Z,2026-05-04T22:13:30.033437488Z,0.9342341423034668,0.3259339928627014,0.2516632676124573,1.0209607243250336,-0.28061699313019506,3815.4062415999997,36.82812560000002,90.57800079999488,3822.0911930696807,-0.46580954199135277
20.109374988,2026-05-04T22:12:28.617187Z,2026-05-04T22:13:30.041249988Z,0.934859037399292,0.3250960409641266,0.2555382251739502,1.022227293796606,-0.2705746481472738,3820.8749915999997,36.437500600000014,171.4373757999966,3828.711768297124,-0.4503160325997788
20.117187488,2026-05-04T22:12:28.625000Z,2026-05-04T22:13:30.049062488Z,0.938405215740204,0.3256546854972839,0.256307065486908,1.0258404529619916,-0.24192672031433596,3826.3437415999997,36.04687560000001,252.2967507999983,3835.3323435245666,-0.4348225232082059
20.124999988,2026-05-04T22:12:28.632812Z,2026-05-04T22:13:30.056874988Z,0.9355151057243348,0.3258253633975983,0.2521399557590485,1.0222158469529639,-0.27066540760058394,3830.0937446,31.875007199999995,322.3280197000001,3846.0009696214943,-0.4098557411765219
20.132812488,2026-05-04T22:12:28.640625Z,2026-05-04T22:13:30.064687488Z,0.9357494711875916,0.3248477578163147,0.2496796548366547,1.021515084874176,-0.276221592795384,3833.6093696000003,27.187507199999896,390.8827072000015,3857.2216106843753,-0.38359713044937427
20.140624988,2026-05-04T22:12:28.648437Z,2026-05-04T22:13:30.072499988Z,0.9372648000717164,0.3243822157382965,0.2481573522090912,1.0223850540751211,-0.26932380231764486,3837.1249946000003,22.500007199999796,459.437394700003,3868.4422517472567,-0.3573385197222256
20.148437488,2026-05-04T22:12:28.656250Z,2026-05-04T22:13:30.080312488Z,0.9364212155342102,0.3265547156333923,0.2430215030908585,1.0210691093993167,-0.27975763220970845,3840.6406196000003,17.812507199999693,527.9920822000045,3879.6628928101377,-0.331079908995078
20.156249988,2026-05-04T22:12:28.664062Z,2026-05-04T22:13:30.088124988Z,0.9344684481620787,0.3300151526927948,0.2355637401342392,1.018642016256606,-0.29900150883222393,3844.1562446000003,13.125007199999594,596.5467697000059,3890.8835338730187,-0.30482129826793036
20.164062488,2026-05-04T22:12:28.671875Z,2026-05-04T22:13:30.095937488Z,0.9345153570175172,0.3305427432060242,0.2278907150030136,1.0171094511272256,-0.3111528736672916,3846.3359348,9.773441999999884,637.1952636000012,3899.183273607578,-0.28539819814333944
20.171874988,2026-05-04T22:12:28.679687Z,2026-05-04T22:13:30.103749988Z,0.9359369277954102,0.3299530744552612,0.2144513726234436,1.015301115617268,-0.3254907599368205,3848.0937473,6.843754500000081,669.0312010999991,3906.560615681474,-0.2681336984918643
20.179687488,2026-05-04T22:12:28.687500Z,2026-05-04T22:13:30.111562488Z,0.9352651834487916,0.3306823968887329,0.1936465352773666,1.0107278523957415,-0.3617511372781927,3849.8515598,3.914067000000278,700.867138599997,3913.9379577553696,-0.25086919884038916
20.187499988,2026-05-04T22:12:28.695312Z,2026-05-04T22:13:30.119374988Z,0.932843804359436,0.3314737975597382,0.1702276468276978,1.0045147552649267,-0.41101338952763583,3851.6093723,0.9843795000004759,732.7030760999949,3921.3152998292653,-0.233604699188914
20.195312488,2026-05-04T22:12:28.703125Z,2026-05-04T22:13:30.127187488Z,0.9344528317451476,0.3313496708869934,0.1503454148769379,1.0027953145722024,-0.42464644874907376,3853.3671847999994,-1.9453079999993266,764.5390135999927,3928.6926419031606,-0.21634019953743988
20.203124988,2026-05-04T22:12:28.710937Z,2026-05-04T22:13:30.134999988Z,0.9374210238456726,0.3319548666477203,0.1355836689472198,1.0036608693797742,-0.41778365900531717,3855.3749966999994,-3.624998499999765,770.0000144000022,3931.551501340217,-0.20964987973658372
20.210937488,2026-05-04T22:12:28.718750Z,2026-05-04T22:13:30.142812488Z,0.936015009880066,0.333646297454834,0.1188383176922798,1.0007829416402094,-0.4406021019295334,3857.5234341999994,-4.601560999999786,760.6250144000021,3931.868697349698,-0.20890757575497612
20.218749988,2026-05-04T22:12:28.726562Z,2026-05-04T22:13:30.150624988Z,0.9331562519073486,0.3360670506954193,0.0987254381179809,0.996728832315227,-0.47274622458031085,3859.6718716999994,-5.578123499999807,751.2500144000019,3932.1858933591784,-0.2081652717733696
20.226562488,2026-05-04T22:12:28.734375Z,2026-05-04T22:13:30.158437488Z,0.934124767780304,0.3362532556056976,0.0781820118427276,0.99587537406134,-0.47951310346569537,3861.8203091999994,-6.554685999999828,741.8750144000016,3932.5030893686594,-0.20742296779176203
20.234374988,2026-05-04T22:12:28.742187Z,2026-05-04T22:13:30.166249988Z,0.9364212155342102,0.3348566591739655,0.0546247214078903,0.9959907305214274,-0.4785984679923104,3863.9687467,-7.531248499999848,732.5000144000014,3932.82028537814,-0.2066806638101555
20.242187488,2026-05-04T22:12:28.750000Z,2026-05-04T22:13:30.174062488Z,0.9390144348144532,0.3332893848419189,0.0289608146995306,0.9968292991411681,-0.4719496456732042,3861.953134000001,-4.750009600000839,703.1172610000065,3926.1067398419823,-0.22239174286927657
20.249999988,2026-05-04T22:12:28.757812Z,2026-05-04T22:13:30.181874988Z,0.9377334713935852,0.332358330488205,0.003542935475707,0.9948963139988789,-0.4872758508924345,3856.093759000001,1.4999903999992945,655.2656985000054,3912.903239094866,-0.25329065358312763
20.257812488,2026-05-04T22:12:28.765625Z,2026-05-04T22:13:30.189687488Z,0.9367023706436156,0.3317996859550476,-0.0196914356201887,0.9939266146985006,-0.4949643789382014,3850.2343840000003,7.749990399999428,607.4141360000044,3899.699738347749,-0.2841895642969797
20.265624988,2026-05-04T22:12:28.773437Z,2026-05-04T22:13:30.197499988Z,0.9384676814079284,0.3320479691028595,-0.0369134694337844,0.9961626609435557,-0.4772352702753088,3844.3750090000003,13.999990399999561,559.5625735000034,3886.496237600633,-0.31508847501083076
20.273437488,2026-05-04T22:12:28.781250Z,2026-05-04T22:13:30.205312488Z,0.9410296678543092,0.331753134727478,-0.0517982318997383,0.9991396474024232,-0.45363141300538723,3838.5156340000003,20.249990399999692,511.7110110000023,3873.292736853516,-0.34598738572468285
20.281249988,2026-05-04T22:12:28.789062Z,2026-05-04T22:13:30.213124988Z,0.9411546587944032,0.3313496708869934,-0.0671135410666465,1.0000344611871297,-0.44653663540085486,3833.8281295,25.01562109999993,451.0469977000022,3861.896037376573,-0.37265800939602733
20.289062488,2026-05-04T22:12:28.796875Z,2026-05-04T22:13:30.220937488Z,0.9409984350204468,0.3303410112857819,-0.0839972868561744,1.0008290476637063,-0.4402365376204779,3830.898442,27.554683599999983,371.1641852000005,3853.2095571502496,-0.3929861619118987
20.296874988,2026-05-04T22:12:28.804687Z,2026-05-04T22:13:30.228749988Z,0.9434666633605956,0.3299686014652252,-0.0998354107141494,1.0044778405013,-0.4113060784007087,3827.9687545,30.09374610000004,291.28137269999877,3844.5230769239256,-0.4133143144277712
20.304687488,2026-05-04T22:12:28.812500Z,2026-05-04T22:13:30.236562488Z,0.9426074624061584,0.3290840983390808,-0.1147047877311707,1.00496883548291,-0.40741308942467525,3825.0390669999997,32.63280860000009,211.3985601999971,3835.836596697602,-0.4336424669436426
20.312499988,2026-05-04T22:12:28.820312Z,2026-05-04T22:13:30.244374988Z,0.9411234259605408,0.3277806043624878,-0.1267140805721283,1.0045943886480668,-0.4103819943111877,3822.1093794999997,35.171871100000146,131.5157476999954,3827.150116471278,-0.4539706194595151
20.320312488,2026-05-04T22:12:28.828125Z,2026-05-04T22:13:30.252187488Z,0.9439353346824646,0.3266478180885315,-0.1354173719882965,1.0079933421210239,-0.38343245532225295,3818.5781328,36.01563039999981,53.21886399999599,3820.1013193592044,-0.4704662562438419
20.328124988,2026-05-04T22:12:28.835937Z,2026-05-04T22:13:30.259999988Z,0.9462786316871644,0.3279357850551605,-0.1425368338823318,1.0115838457195114,-0.35496415839285456,3813.5000078000003,32.50000540000005,-20.999885999998998,3817.2637394834533,-0.4771067774891944
20.335937488,2026-05-04T22:12:28.843750Z,2026-05-04T22:13:30.267812488Z,0.9442477822303772,0.3288047611713409,-0.1467500776052475,1.0105701511983591,-0.3630015146667833,3808.4218828000003,28.984380400000283,-95.21863599999398,3814.426159607702,-0.48374729873454686
20.343749988,2026-05-04T22:12:28.851562Z,2026-05-04T22:13:30.275624988Z,0.9418264031410216,0.3278892338275909,-0.1452585309743881,1.0077938103275075,-0.38501449811621447,3803.3437578000007,25.46875540000052,-169.43738599998898,3811.5885797319506,-0.49038781997990044
20.351562488,2026-05-04T22:12:28.859375Z,2026-05-04T22:13:30.283437488Z,0.9447476863861084,0.3285409808158875,-0.1392308175563812,1.0098874133113989,-0.36841479009118966,3798.265632800001,21.95313040000076,-243.65613599998395,3808.7509998561995,-0.4970283412252529
20.359374988,2026-05-04T22:12:28.867187Z,2026-05-04T22:13:30.291249988Z,0.9432167410850524,0.3305737972259521,-0.1367705315351486,1.008782947106016,-0.3771718546702566,3793.0937587000017,18.312506600001157,-314.59366749998554,3806.4673905634454,-0.5023724572285441
20.367187488,2026-05-04T22:12:28.875000Z,2026-05-04T22:13:30.299062488Z,0.9418732523918152,0.3318927884101868,-0.1345870196819305,1.0076664688460608,-0.38602416013320284,3787.429696200001,14.015631600001065,-368.3046049999867,3807.0921600699826,-0.5009103679259441
20.374999988,2026-05-04T22:12:28.882812Z,2026-05-04T22:13:30.306874988Z,0.9417794942855836,0.3311634659767151,-0.1297894567251205,1.0067090742272677,-0.3936151271212015,3781.765633700001,9.718756600000974,-422.0155424999878,3807.71692957652,-0.4994482786233431
20.382812488,2026-05-04T22:12:28.890625Z,2026-05-04T22:13:30.314687488Z,0.9421388506889344,0.3296582400798798,-0.1211630553007126,1.0054753379371537,-0.40339714517970876,3776.101571200001,5.421881600000883,-475.72647999998895,3808.341699083058,-0.4979861893207421
20.390624988,2026-05-04T22:12:28.898437Z,2026-05-04T22:13:30.322499988Z,0.9414827227592468,0.3306048214435577,-0.1096765697002411,1.003851689821312,-0.41627068656541116,3770.437508700001,1.1250066000007908,-529.4374174999901,3808.9664685895955,-0.4965241000181411
20.398437488,2026-05-04T22:12:28.906250Z,2026-05-04T22:13:30.330312488Z,0.9409672021865844,0.3334135115146637,-0.0932387560606002,1.0026351833459244,-0.425916093291213,3764.9687512,-3.0312487999998727,-581.7187223999971,3809.653585713161,-0.4949161044525975
20.406249988,2026-05-04T22:12:28.914062Z,2026-05-04T22:13:30.338124988Z,0.9385770559310912,0.3344066441059113,-0.0735564306378364,0.9990821998367457,-0.45408690185610634,3764.1875012,-3.8124987999998896,-599.6874723999974,3811.8371055014263,-0.489806218501005
20.414062488,2026-05-04T22:12:28.921875Z,2026-05-04T22:13:30.345937488Z,0.9382646083831788,0.3353532254695892,-0.0530129969120025,0.997803908099627,-0.4642221900507819,3763.4062512,-4.593748799999906,-617.6562223999979,3814.020625289691,-0.48469633254941347
20.421874988,2026-05-04T22:12:28.929687Z,2026-05-04T22:13:30.353749988Z,0.9401704668998718,0.3352445960044861,-0.0330385118722915,0.9986996491676913,-0.45712006022469004,3762.6250012,-5.374998799999923,-635.6249723999982,3816.204145077956,-0.47958644659782096
20.429687488,2026-05-04T22:12:28.937500Z,2026-05-04T22:13:30.361562488Z,0.9367023706436156,0.3346549272537231,-0.0180614944547414,0.9948524860935428,-0.4876233525140529,3761.8437512,-6.15624879999994,-653.5937223999986,3818.3876648662213,-0.4744765606462284
20.437499988,2026-05-04T22:12:28.945312Z,2026-05-04T22:13:30.369374988Z,0.9364680647850036,0.3343135416507721,-0.0020080972462892,0.9943550738784425,-0.4915672222936993,3761.0625012,-6.937498799999956,-671.562472399999,3820.571184654486,-0.46936667469463694
20.445312488,2026-05-04T22:12:28.953125Z,2026-05-04T22:13:30.377187488Z,0.9384989142417908,0.3339100778102875,0.0189351290464401,0.9963105395449241,-0.47606277404524394,3762.4374976,-4.1250048000001085,-648.7422280000009,3818.3145441941724,-0.4746476780763893
20.453124988,2026-05-04T22:12:28.960937Z,2026-05-04T22:13:30.384999988Z,0.93924880027771,0.3326531648635864,0.0429383441805839,0.9973415354420211,-0.467888239045777,3763.9999976,-1.0000048000000419,-622.3750405000004,3815.671794784907,-0.48083225590918943
20.460937488,2026-05-04T22:12:28.968750Z,2026-05-04T22:13:30.392812488Z,0.9331562519073486,0.332342803478241,0.0652808547019958,0.9927204639213251,-0.5045276776578357,3765.5624976,2.1249952000000247,-596.0078529999998,3813.029045375641,-0.4870168337419906
20.468749988,2026-05-04T22:12:28.976562Z,2026-05-04T22:13:30.400624988Z,0.934015452861786,0.3337548971176147,0.0889150276780128,0.995832857301655,-0.47985020930781064,3767.1249976,5.249995200000091,-569.6406654999993,3810.3862959663757,-0.4932014115747907
20.476562488,2026-05-04T22:12:28.984375Z,2026-05-04T22:13:30.408437488Z,0.9381396174430848,0.3334135115146637,0.112825982272625,1.0019981106531983,-0.4309672996428168,3768.6874976,8.374995200000157,-543.2734779999987,3807.7435465571098,-0.4993859894075919
20.484374988,2026-05-04T22:12:28.992187Z,2026-05-04T22:13:30.416249988Z,0.9378584027290344,0.3314893245697021,0.131800964474678,1.003411705188647,-0.4197592259369774,3773.3749916,10.562497000000002,-490.34384149999994,3806.742285933824,-0.5017291454533065
20.492187488,2026-05-04T22:12:29.000000Z,2026-05-04T22:13:30.424062488Z,0.9358119368553162,0.3300461769104004,0.1476390957832336,1.0032306627380168,-0.4211946708822328,3778.8437415999997,12.515621999999869,-430.773529000004,3806.1514014466134,-0.5031119368328205
20.499999988,2026-05-04T22:12:29.007812Z,2026-05-04T22:13:30.431874988Z,0.9351245760917664,0.3285254538059235,0.1639692783355713,1.0046257367035156,-0.41013344261747775,3784.3124915999992,14.468746999999738,-371.203216500008,3805.5605169594032,-0.5044947282123335
20.507812488,2026-05-04T22:12:29.015625Z,2026-05-04T22:13:30.439687488Z,0.9364212155342102,0.3271909356117249,0.1804378479719162,1.0082144703532974,-0.38167917921399713,3789.781241599999,16.421871999999606,-311.632904000012,3804.9696324721926,-0.5058775195918476
20.515624988,2026-05-04T22:12:29.023437Z,2026-05-04T22:13:30.447499988Z,0.9357650876045228,0.3276719748973846,0.1953841149806976,1.0105444941710597,-0.36320494347598786,3795.2499915999983,18.374996999999475,-252.06259150001603,3804.378747984982,-0.5072603109713616
20.523437488,2026-05-04T22:12:29.031250Z,2026-05-04T22:13:30.455312488Z,0.9363430738449096,0.3273461163043976,0.2098536938428879,1.0138700136686214,-0.3368376459913208,3800.054680599999,19.796873199999677,-182.53136400002052,3806.675833742086,-0.5018846572663154
20.531249988,2026-05-04T22:12:29.039062Z,2026-05-04T22:13:30.463124988Z,0.936858594417572,0.3265857398509979,0.2225241959095001,1.0167985489629998,-0.31361794712687563,3804.546868099999,20.968748199999702,-108.31261400001894,3810.3319739133253,-0.49332853636534
20.539062488,2026-05-04T22:12:29.046875Z,2026-05-04T22:13:30.470937488Z,0.9370929598808287,0.326321929693222,0.2321808338165283,1.0190864324720739,-0.2954778324355466,3809.039055599999,22.140623199999727,-34.093864000017355,3813.988114084564,-0.4847724154643657
20.546874988,2026-05-04T22:12:29.054687Z,2026-05-04T22:13:30.478749988Z,0.936264991760254,0.3263064324855804,0.2397001087665558,1.020060863291987,-0.2877517892336602,3813.531243099999,23.31249819999975,40.12488599998422,3817.644254255803,-0.47621629456339143
20.554687488,2026-05-04T22:12:29.062500Z,2026-05-04T22:13:30.486562488Z,0.9359369277954102,0.3267719447612762,0.2440209835767746,1.0209329444777233,-0.2808372533026722,3818.0234305999993,24.484373199999776,114.34363599998579,3821.3003944270417,-0.46766017366241713
20.562499988,2026-05-04T22:12:29.070312Z,2026-05-04T22:13:30.494374988Z,0.9367023706436156,0.3271443843841553,0.2464043945074081,1.0223257333335691,-0.26979414315932687,3822.9531168999993,24.125002400000266,187.68738839998767,3829.359965200569,-0.44879911836406555
20.570312488,2026-05-04T22:12:29.078125Z,2026-05-04T22:13:30.502187488Z,0.9342653751373292,0.3269736766815186,0.2436519414186478,1.0193771848438637,-0.2931725221563624,3828.2265543999993,22.56250240000023,260.34363839998923,3840.879395872351,-0.42184127842305463
20.578124988,2026-05-04T22:12:29.085937Z,2026-05-04T22:13:30.509999988Z,0.936015009880066,0.3273305892944336,0.2398538738489151,1.0201957136789748,-0.28668259079045855,3833.4999918999993,21.0000024000002,332.99988839999077,3852.3988265441326,-0.39488343848204366
20.585937488,2026-05-04T22:12:29.093750Z,2026-05-04T22:13:30.517812488Z,0.9351401925086976,0.326927125453949,0.2353484630584717,1.018212857936282,-0.30240420880385394,3838.7734293999993,19.437502400000167,405.6561383999923,3863.918257215914,-0.36792559854103374
20.593749988,2026-05-04T22:12:29.101562Z,2026-05-04T22:13:30.525624988Z,0.9358900785446168,0.3283237218856812,0.2317349165678024,1.018522349792974,-0.29995031735607636,3844.0468668999997,17.87500240000013,478.3123883999939,3875.4376878876956,-0.3409677586000228
20.601562488,2026-05-04T22:12:29.109375Z,2026-05-04T22:13:30.533437488Z,0.9369367361068726,0.3307600021362305,0.2268450856208801,1.0191718791990403,-0.2948003445210518,3848.2031208,15.367193200000234,536.6171259999975,3885.876617334042,-0.31653851403158595
20.609374988,2026-05-04T22:12:29.117187Z,2026-05-04T22:13:30.541249988Z,0.9344372153282166,0.3320789933204651,0.2182955741882324,1.0154320877859115,-0.32445231101617256,3850.9374958,11.656255700000155,576.6561884999983,3894.9403548299592,-0.29532750181716994
20.617187488,2026-05-04T22:12:29.125000Z,2026-05-04T22:13:30.549062488Z,0.9325625896453856,0.3324203789234161,0.2048254758119583,1.0110043360299157,-0.3595589606160927,3853.6718708,7.945318200000076,616.6952509999992,3904.0040923258766,-0.27411648960275387
20.624999988,2026-05-04T22:12:29.132812Z,2026-05-04T22:13:30.556874988Z,0.9358275532722472,0.3332117795944214,0.1875726878643036,1.010933634199912,-0.36011953955294285,3856.4062458,4.234380699999997,656.7343135,3913.0678298217936,-0.25290547738833896
20.632812488,2026-05-04T22:12:29.140625Z,2026-05-04T22:13:30.564687488Z,0.9354994893074036,0.3326376378536224,0.1671215295791626,1.0068449226470428,-0.39253801550009737,3859.1406208,0.5234431999999182,696.7733760000009,3922.131567317711,-0.23169446517392292
20.640624988,2026-05-04T22:12:29.148437Z,2026-05-04T22:13:30.572499988Z,0.933640480041504,0.3314737975597382,0.1469471305608749,1.0015752011810592,-0.43432045390011426,3861.1249994,-1.000004799999953,723.5000024,3928.3276954262838,-0.21719424944589433
20.648437488,2026-05-04T22:12:29.156250Z,2026-05-04T22:13:30.580312488Z,0.9363118410110474,0.3325600624084473,0.1305708289146423,1.0021600671000936,-0.4296831833361827,3861.5156244,2.124995199999836,721.9375024000001,3928.4301105724035,-0.21695457691386602
20.656249988,2026-05-04T22:12:29.164062Z,2026-05-04T22:13:30.588124988Z,0.935921311378479,0.333972156047821,0.1143944188952446,1.00028605167823,-0.4445418308814354,3861.9062494,5.249995199999625,720.3750024000002,3928.532525718523,-0.21671490438183771
20.664062488,2026-05-04T22:12:29.171875Z,2026-05-04T22:13:30.595937488Z,0.933906078338623,0.334918737411499,0.0966956987977027,0.9968456159271178,-0.47182027354068623,3862.2968744,8.374995199999415,718.8125024000003,3928.6349408646424,-0.2164752318498105
20.671874988,2026-05-04T22:12:29.179687Z,2026-05-04T22:13:30.603749988Z,0.9353901743888856,0.3353997766971588,0.0782127603888511,0.9967773193845342,-0.4723617814935935,3862.6874994,11.499995199999203,717.2500024000004,3928.737356010762,-0.21623555931778218
20.679687488,2026-05-04T22:12:29.187500Z,2026-05-04T22:13:30.611562488Z,0.9372648000717164,0.3338014781475067,0.0556088387966156,0.996484357739369,-0.4746846086053666,3862.0625072000016,14.546870799999168,708.3047466000118,3926.67888418023,-0.22105280729745025
20.687499988,2026-05-04T22:12:29.195312Z,2026-05-04T22:13:30.619374988Z,0.9382333755493164,0.3316134810447693,0.0311596989631652,0.9956004693875798,-0.48169276090516405,3857.375007200001,17.281245799999226,669.828184100011,3915.9767814643756,-0.24609793151118342
20.695312488,2026-05-04T22:12:29.203125Z,2026-05-04T22:13:30.627187488Z,0.938045859336853,0.3310703635215759,0.0071103554219007,0.9947804667239648,-0.4881943779263874,3852.687507200001,20.015620799999283,631.35162160001,3905.274678748521,-0.2711430557249166
20.703124988,2026-05-04T22:12:29.210937Z,2026-05-04T22:13:30.634999988Z,0.9391081929206848,0.3309772312641144,-0.0134792011231184,0.995817159165743,-0.4799746763030731,3848.000007200001,22.74999579999934,592.8750591000093,3894.5725760326673,-0.2961881799386487
20.710937488,2026-05-04T22:12:29.218750Z,2026-05-04T22:13:30.642812488Z,0.9396861791610718,0.3305272161960602,-0.0308703836053609,0.9965998878871064,-0.4737685960015999,3843.312507200001,25.4843707999994,554.3984966000085,3883.870473316813,-0.32123330415238194
20.718749988,2026-05-04T22:12:29.226562Z,2026-05-04T22:13:30.650624988Z,0.9402485489845276,0.3297823667526245,-0.0454783588647842,0.9974427424235971,-0.4670857916108134,3838.7812542000006,28.031249399999922,513.2969845000141,3873.308784607524,-0.3459498306756282
20.726562488,2026-05-04T22:12:29.234375Z,2026-05-04T22:13:30.658437488Z,0.9402329325675964,0.3294254839420319,-0.0605322644114494,0.9981098496607885,-0.4617964480991912,3836.0468792000006,28.421874399999933,442.0079220000126,3864.3618906737506,-0.3668874048933098
20.734374988,2026-05-04T22:12:29.242187Z,2026-05-04T22:13:30.666249988Z,0.9415451884269714,0.3297668695449829,-0.0772007331252098,1.000606557691158,-0.44200061066164836,3833.3125042000006,28.81249939999994,370.7188595000111,3855.414996739977,-0.38782497911099134
20.742187488,2026-05-04T22:12:29.250000Z,2026-05-04T22:13:30.674062488Z,0.9433261156082152,0.3293789327144623,-0.0915011763572692,1.00335791569079,-0.420185710789221,3830.5781292,29.203124399999947,299.42979700000956,3846.468102806203,-0.408762553328674
20.749999988,2026-05-04T22:12:29.257812Z,2026-05-04T22:13:30.681874988Z,0.9435448050498962,0.3278271555900574,-0.1041101664304733,1.0042840085519111,-0.4128429284102532,3827.8437542,29.593749399999957,228.14073450000805,3837.5212088724297,-0.42970012754635556
20.757812488,2026-05-04T22:12:29.265625Z,2026-05-04T22:13:30.689687488Z,0.9439509510993958,0.3272219598293304,-0.1154582500457764,1.005707818692703,-0.4015538574631504,3825.1093792,29.984374399999965,156.85167200000652,3828.5743149386562,-0.45063770176403717
20.765624988,2026-05-04T22:12:29.273437Z,2026-05-04T22:13:30.697499988Z,0.9409202933311462,0.3273616135120392,-0.126498818397522,1.0042402976676177,-0.4131895021982969,3819.7500084000003,23.43751050000048,86.87510740000491,3823.390751062216,-0.462768308673924
20.773437488,2026-05-04T22:12:29.281250Z,2026-05-04T22:13:30.705312488Z,0.9433729648590088,0.3280444145202637,-0.1318807005882263,1.0074513427021976,-0.3877298470299808,3814.2812584000003,16.601573000000336,16.95323240000342,3818.3639988770587,-0.4745319439343497
20.781249988,2026-05-04T22:12:29.289062Z,2026-05-04T22:13:30.713124988Z,0.9453256726264954,0.3282616436481476,-0.1331415921449661,1.0095162294763842,-0.3713578233846367,3808.8125084000003,9.765635500000188,-52.96864259999808,3813.337246691902,-0.48629557919477434
20.789062488,2026-05-04T22:12:29.296875Z,2026-05-04T22:13:30.720937488Z,0.9439353346824646,0.328587532043457,-0.1334030032157898,1.0083551177752301,-0.38056401738220763,3803.3437584,2.929698000000043,-122.89051759999957,3808.3104945067444,-0.49805921445520007
20.796874988,2026-05-04T22:12:29.304687Z,2026-05-04T22:13:30.728749988Z,0.9427949190139772,0.3303875625133514,-0.1319114565849304,1.0076799259489313,-0.3859174617857934,3797.8750084,-3.9062395000001024,-192.81239260000106,3803.283742321587,-0.5098228497156257
20.804687488,2026-05-04T22:12:29.312500Z,2026-05-04T22:13:30.736562488Z,0.9420294761657716,0.3316445052623749,-0.1284209191799164,1.0069257888836187,-0.3918968452655445,3789.9453254000005,-6.148435399999948,-253.21865999999775,3800.054806477231,-0.51737922451852
20.812499988,2026-05-04T22:12:29.320312Z,2026-05-04T22:13:30.744374988Z,0.9418264031410216,0.3326376378536224,-0.1241922825574875,1.0065329079653733,-0.3950119098607217,3781.546887900001,-7.5156228999998556,-311.8124099999938,3797.168315754267,-0.5241342072184456
20.820312488,2026-05-04T22:12:29.328125Z,2026-05-04T22:13:30.752187488Z,0.9409359097480774,0.3315514028072357,-0.117857038974762,1.004578021157534,-0.4105117684689622,3773.1484504000014,-8.882810399999762,-370.4061599999898,3794.2818250313035,-0.5308891899183701
20.828124988,2026-05-04T22:12:29.335937Z,2026-05-04T22:13:30.759999988Z,0.9414671063423156,0.3321255445480347,-0.1098918467760086,1.0043624383925074,-0.41222107581242823,3764.750012900002,-10.24999789999967,-428.9999099999859,3791.3953343083394,-0.5376441726182957
20.835937488,2026-05-04T22:12:29.343750Z,2026-05-04T22:13:30.767812488Z,0.9397799372673036,0.333056628704071,-0.1006965190172195,1.0021241626445516,-0.42996786170327567,3756.3515754000027,-11.617185399999578,-487.5936599999819,3788.508843585376,-0.5443991553182201
20.843749988,2026-05-04T22:12:29.351562Z,2026-05-04T22:13:30.775624988Z,0.940311074256897,0.3341118097305298,-0.0861500427126884,1.001617415798551,-0.43398574367561554,3756.109370499999,-11.578125900000183,-522.562460399992,3792.5654261842155,-0.5349059166745003
20.851562488,2026-05-04T22:12:29.359375Z,2026-05-04T22:13:30.783437488Z,0.9394049644470216,0.3348721861839294,-0.0678823813796043,0.9996144686873436,-0.4498666616392541,3759.039057999999,-10.99218840000017,-548.3437103999925,3799.322113424763,-0.5190938771430385
20.859374988,2026-05-04T22:12:29.367187Z,2026-05-04T22:13:30.791249988Z,0.939123809337616,0.3356325626373291,-0.0485383421182632,0.9984782005746972,-0.4588758764011755,3761.9687454999994,-10.406250900000158,-574.124960399993,3806.07880066531,-0.5032818376115767
20.867187488,2026-05-04T22:12:29.375000Z,2026-05-04T22:13:30.799062488Z,0.9370929598808287,0.335523933172226,-0.0310087744146585,0.9958318478941472,-0.4798582126733182,3764.8984329999994,-9.820313400000146,-599.9062103999936,3812.835487905857,-0.4874697980801161
20.874999988,2026-05-04T22:12:29.382812Z,2026-05-04T22:13:30.806874988Z,0.9359993934631348,0.3352601230144501,-0.0140788983553648,0.9943301413644872,-0.4917649065992588,3767.8281204999994,-9.234375900000133,-625.6874603999942,3819.5921751464043,-0.4716577585486544
20.882812488,2026-05-04T22:12:29.390625Z,2026-05-04T22:13:30.814687488Z,0.9378740191459656,0.3348101079463959,0.0028817318379879,0.9958482758686036,-0.4797279589520941,3767.9453152000006,-6.421881600000882,-625.6875264000035,3819.6524740394734,-0.4715166467216646
20.890624988,2026-05-04T22:12:29.398437Z,2026-05-04T22:13:30.822499988Z,0.9384520649909972,0.3335842192173004,0.0217337105423212,0.9962143663743362,-0.47682530952302205,3766.1875027000006,-2.1250066000007903,-608.5000264000032,3815.248485462889,-0.4818228868937959
20.898437488,2026-05-04T22:12:29.406250Z,2026-05-04T22:13:30.830312488Z,0.9371398091316224,0.3321876227855682,0.0418927185237407,0.9951555850501418,-0.4852201489358459,3764.4296902,2.171868399999301,-591.3125264000028,3810.844496886305,-0.4921291270659271
20.906249988,2026-05-04T22:12:29.414062Z,2026-05-04T22:13:30.838124988Z,0.9359525442123412,0.3322186470031738,0.062759056687355,0.9951457650165932,-0.48529800977715926,3762.6718777,6.468743399999393,-574.1250264000024,3806.440508309721,-0.5024353672380584
20.914062488,2026-05-04T22:12:29.421875Z,2026-05-04T22:13:30.845937488Z,0.9367961287498474,0.3324514329433441,0.085732027888298,0.9977278800918733,-0.46482499905523356,3760.9140652,10.765618399999484,-556.9375264000021,3802.0365197331366,-0.5127416074101896
20.921874988,2026-05-04T22:12:29.429687Z,2026-05-04T22:13:30.853749988Z,0.935577630996704,0.3316600322723389,0.1081514284014702,0.998499179816174,-0.45870953670554976,3762.4374921999997,15.62499159999946,-524.2813259000048,3799.554298407421,-0.5185505164703158
20.929687488,2026-05-04T22:12:29.437500Z,2026-05-04T22:13:30.861562488Z,0.9377647042274476,0.3303099870681763,0.1286948472261429,1.0025316412733971,-0.4267370551380785,3767.5156171999997,21.093741599999575,-474.8672634000038,3799.1540044153026,-0.5194872868434652
20.937499988,2026-05-04T22:12:29.445312Z,2026-05-04T22:13:30.869374988Z,0.937952160835266,0.3288668394088745,0.1442869454622269,1.0043537109550333,-0.41229027370476523,3772.5937421999997,26.562491599999692,-425.4532009000028,3798.7537104231847,-0.5204240572166137
20.945312488,2026-05-04T22:12:29.453125Z,2026-05-04T22:13:30.877187488Z,0.9352495670318604,0.3277961313724518,0.1570035815238953,1.0033903432799014,-0.4199285997154655,3777.6718671999997,32.03124159999981,-376.0391384000017,3798.3534164310668,-0.5213608275897621
20.953124988,2026-05-04T22:12:29.460937Z,2026-05-04T22:13:30.884999988Z,0.9369367361068726,0.327284038066864,0.1725803017616272,1.0073476309576979,-0.38855215416782307,3782.7499921999997,37.49999159999992,-326.6250759000007,3797.9531224389484,-0.5222975979629116
20.960937488,2026-05-04T22:12:29.468750Z,2026-05-04T22:13:30.892812488Z,0.938405215740204,0.3260115683078766,0.1880032420158386,1.011055443883987,-0.3591537379153725,3787.3359318,40.01562920000006,-268.77354940000174,3798.2733692857355,-0.5215481543937561
20.968749988,2026-05-04T22:12:29.476562Z,2026-05-04T22:13:30.900624988Z,0.9378584027290344,0.3253598511219025,0.2014579623937607,1.012927799452344,-0.3443082509759207,3791.0468693,37.28125420000025,-195.92198690000666,3799.8745861636894,-0.5178009771645493
20.976562488,2026-05-04T22:12:29.484375Z,2026-05-04T22:13:30.908437488Z,0.9358431696891784,0.3267564177513123,0.2119449526071548,1.0136532236081566,-0.3385565257092675,3794.7578067999993,34.54687920000043,-123.07042440001159,3801.4758030416433,-0.5140537999353426
20.984374988,2026-05-04T22:12:29.492187Z,2026-05-04T22:13:30.916249988Z,0.9375772476196288,0.3274081647396088,0.2223089188337326,1.0176779731256742,-0.3066451903803156,3798.4687442999993,31.81250420000062,-50.218861900016506,3803.077019919597,-0.5103066227061358
20.992187488,2026-05-04T22:12:29.500000Z,2026-05-04T22:13:30.924062488Z,0.9361556172370912,0.3257943391799927,0.2304432541131973,1.0176607413537022,-0.306781817231581,3802.179681799999,29.078129200000806,22.63270059997858,3804.678236797551,-0.506559445476929
20.999999988,2026-05-04T22:12:29.507812Z,2026-05-04T22:13:30.931874988Z,0.9363274574279784,0.3256391584873199,0.2350409328937531,1.0188200082494643,-0.2975902502817865,3806.499990399998,26.296879500000998,94.82801729997614,3808.5167956674636,-0.4975764272560082
21.007812488,2026-05-04T22:12:29.515625Z,2026-05-04T22:13:30.939687488Z,0.9361087679862976,0.3281840682029724,0.2344719916582108,1.0193044309700834,-0.293749371287614,3812.749990399998,23.367192000000934,164.94520479997763,3819.4403305080937,-0.4720131062713076
21.015624988,2026-05-04T22:12:29.523437Z,2026-05-04T22:13:30.947499988Z,0.934609055519104,0.328587532043457,0.2320424467325211,1.0175006387999648,-0.30805123443558335,3818.9999903999983,20.437504500000873,235.06239229997914,3830.3638653487237,-0.44644978528660695
21.023437488,2026-05-04T22:12:29.531250Z,2026-05-04T22:13:30.955312488Z,0.936499297618866,0.3275633454322815,0.2313658744096756,1.0187535754797483,-0.29811698079806087,3825.2499903999983,17.50781700000081,305.1795797999806,3841.287400189354,-0.42088646430190635
21.031249988,2026-05-04T22:12:29.539062Z,2026-05-04T22:13:30.963124988Z,0.9367648959159852,0.3277650773525238,0.228475034236908,1.0184101616843524,-0.3008398316820152,3831.4999903999983,14.578129500000747,375.2967672999821,3852.210935029984,-0.3953231433172057
21.039062488,2026-05-04T22:12:29.546875Z,2026-05-04T22:13:30.970937488Z,0.93448406457901,0.3302168846130371,0.2223704308271408,1.0157520693269078,-0.3219152492165843,3837.1640603999995,11.906251200000183,442.1796211999899,3862.7164978730784,-0.37073796287872035
21.046874988,2026-05-04T22:12:29.554687Z,2026-05-04T22:13:30.978749988Z,0.933203101158142,0.3320014178752899,0.2158967852592468,1.0137575604490718,-0.33772926232228684,3838.5312479,11.125001200000167,485.34368369999083,3870.1568881499884,-0.353325917448825
21.054687488,2026-05-04T22:12:29.562500Z,2026-05-04T22:13:30.986562488Z,0.9349527359008788,0.3334600627422333,0.2084544152021408,1.0142906265118785,-0.3335027011888129,3839.8984354,10.343751200000149,528.5077461999917,3877.597278426899,-0.33591387201892864
21.062499988,2026-05-04T22:12:29.570312Z,2026-05-04T22:13:30.994374988Z,0.9359837770462036,0.3333980143070221,0.1973523497581482,1.0129994159882842,-0.34374041954106005,3841.2656229,9.562501200000133,571.6718086999927,3885.037668703809,-0.3185018265890333
21.070312488,2026-05-04T22:12:29.578125Z,2026-05-04T22:13:31.002187488Z,0.9338123202323914,0.3338169753551483,0.1800841838121414,1.007903534924026,-0.38414451642465947,3842.6328104,8.781251200000115,614.8358711999936,3892.4780589807187,-0.3010897811591379
21.078124988,2026-05-04T22:12:29.585937Z,2026-05-04T22:13:31.009999988Z,0.9332187175750732,0.3335686922073364,0.1615243554115295,1.0041191984244138,-0.41414967090970184,3843.9999979,8.0000012000001,657.9999336999945,3899.918449257629,-0.28367773572924154
21.085937488,2026-05-04T22:12:29.593750Z,2026-05-04T22:13:31.017812488Z,0.9344059824943542,0.3334290385246277,0.1440870463848114,1.0025220899255018,-0.4268127856311695,3843.2187512,6.437502400000166,664.4453025999993,3900.26186448944,-0.28287407336811965
21.093749988,2026-05-04T22:12:29.601562Z,2026-05-04T22:13:31.025624988Z,0.9360619187355042,0.3331186771392822,0.1278798878192902,1.0017650595196925,-0.43281510975813625,3842.4375012,4.875002400000132,670.8906150999994,3900.60526882028,-0.282070436517515
21.101562488,2026-05-04T22:12:29.609375Z,2026-05-04T22:13:31.033437488Z,0.9359837770462036,0.3346239030361176,0.1108885034918785,1.000167509761975,-0.4454817231216058,3841.6562512,3.3125024000000987,677.3359275999996,3900.9486731511197,-0.2812667996669103
21.109374988,2026-05-04T22:12:29.617187Z,2026-05-04T22:13:31.041249988Z,0.9349215030670166,0.3348877131938934,0.0935588255524635,0.9974874691864962,-0.46673116314937985,3840.8750012,1.7500024000000654,683.7812400999998,3901.2920774819595,-0.2804631628163057
21.117187488,2026-05-04T22:12:29.625000Z,2026-05-04T22:13:31.049062488Z,0.934374749660492,0.3335066139698029,0.075122021138668,0.9949503266116699,-0.4868475970119718,3840.0937512,0.18750240000003204,690.2265525999999,3901.6354818127993,-0.27965952596570104
21.124999988,2026-05-04T22:12:29.632812Z,2026-05-04T22:13:31.056874988Z,0.938045859336853,0.3335531949996948,0.0548707544803619,0.997095064580486,-0.46984245117178086,3841.2031229,4.296867500000004,664.1875468,3898.656281855959,-0.28663146736428935
21.132812488,2026-05-04T22:12:29.640625Z,2026-05-04T22:13:31.064687488Z,0.9382333755493164,0.3328703939914703,0.032682005316019,0.9960686119249906,-0.4779809638285907,3842.5703104,9.179680000000108,633.7187967999993,3895.223992905953,-0.2946637303104285
21.140624988,2026-05-04T22:12:29.648437Z,2026-05-04T22:13:31.072499988Z,0.9378740191459656,0.3306979238986969,0.0108469221740961,0.994528254189174,-0.49019411449057443,3843.9374979,14.06249250000021,603.2500467999987,3891.791703955946,-0.3026959932565686
21.148437488,2026-05-04T22:12:29.656250Z,2026-05-04T22:13:31.080312488Z,0.9411234259605408,0.3287892639636993,-0.0079589243978261,0.996934816057232,-0.4711130257353086,3845.3046854,18.945305000000314,572.781296799998,3888.3594150059394,-0.3107282562027087
21.156249988,2026-05-04T22:12:29.664062Z,2026-05-04T22:13:31.088124988Z,0.9403891563415528,0.328572005033493,-0.0264111068099737,0.996488271089748,-0.47465358052879697,3846.6718729,23.82811750000042,542.3125467999973,3884.9271260559326,-0.3187605191488489
21.164062488,2026-05-04T22:12:29.671875Z,2026-05-04T22:13:31.095937488Z,0.937936544418335,0.3290530443191528,-0.0435716360807418,0.9949368597061133,-0.4869543730826786,3841.9531352,25.296874400000014,488.24228199999754,3874.5044569529055,-0.34315171116546506
21.171874988,2026-05-04T22:12:29.679687Z,2026-05-04T22:13:31.103749988Z,0.9411234259605408,0.3291151225566864,-0.056442029774189,0.9986069144123921,-0.4578553332796016,3835.3125102000004,25.68749939999999,426.7188445000017,3861.8742807910903,-0.37270892428633906
21.179687488,2026-05-04T22:12:29.687500Z,2026-05-04T22:13:31.111562488Z,0.9456849694252014,0.3278426826000214,-0.0677593648433685,1.0031910174314258,-0.4215090096174352,3828.671885200001,26.078124399999965,365.19540700000584,3849.244104629275,-0.402266137407213
21.187499988,2026-05-04T22:12:29.695312Z,2026-05-04T22:13:31.119374988Z,0.9421544671058656,0.3273771405220032,-0.0828747823834419,1.00084917024445,-0.44007699019547647,3822.0312602000013,26.468749399999936,303.67196950001,3836.61392846746,-0.431823350528087
21.195312488,2026-05-04T22:12:29.703125Z,2026-05-04T22:13:31.127187488Z,0.9413421154022216,0.3279047310352325,-0.0973751172423362,1.0015629807072426,-0.43441734729339126,3815.3906352000017,26.85937439999991,242.14853200001414,3823.9837523056453,-0.4613805636489599
21.203124988,2026-05-04T22:12:29.710937Z,2026-05-04T22:13:31.134999988Z,0.9433104395866394,0.326927125453949,-0.1079697459936142,1.0041779707007352,-0.4136836787256972,3810.625005700001,24.8750051000008,175.37510710001678,3816.5680020770433,-0.478734946291748
21.210937488,2026-05-04T22:12:29.718750Z,2026-05-04T22:13:31.142812488Z,0.9449039101600648,0.3270512819290161,-0.1151814758777618,1.0065151329376882,-0.39515284406456996,3806.9140682000007,21.554692600000728,105.6485446000153,3812.0853859900217,-0.48922519102987955
21.218749988,2026-05-04T22:12:29.726562Z,2026-05-04T22:13:31.150624988Z,0.9431073665618896,0.3275323212146759,-0.1211322993040085,1.0056848215212617,-0.4017361968724203,3803.2031307000007,18.23438010000066,35.9219821000138,3807.602769903,-0.4997154357680111
21.226562488,2026-05-04T22:12:29.734375Z,2026-05-04T22:13:31.158437488Z,0.942560613155365,0.3289444148540497,-0.1245920807123184,1.0060557261462784,-0.3987953773723621,3799.4921932000007,14.914067600000587,-33.80458039998769,3803.1201538159785,-0.5102056805061426
21.234374988,2026-05-04T22:12:29.742187Z,2026-05-04T22:13:31.166249988Z,0.9436072707176208,0.3297358155250549,-0.1240231394767761,1.0072249642045248,-0.38952475131385217,3795.7812557000007,11.593755100000518,-103.53114289998918,3798.6375377289564,-0.5206959252442752
21.242187488,2026-05-04T22:12:29.750000Z,2026-05-04T22:13:31.174062488Z,0.9420138597488404,0.3303255140781403,-0.1222701817750931,1.005711218273521,-0.40152690295008375,3792.8828158,7.664069400000603,-166.4530379999924,3797.5582212893023,-0.5232217479741408
21.249999988,2026-05-04T22:12:29.757812Z,2026-05-04T22:13:31.181874988Z,0.9437634944915771,0.3317065834999084,-0.1182107031345367,1.0073194932133978,-0.3887752520251811,3790.7343783,3.171881900000507,-223.0936629999936,3799.6204315488603,-0.5183957513007065
21.257812488,2026-05-04T22:12:29.765625Z,2026-05-04T22:13:31.189687488Z,0.9415608048439026,0.3322962522506714,-0.1141512244939804,1.0049816170117813,-0.40731174755183236,3788.5859408,-1.3203055999995892,-279.7342879999948,3801.6826418084183,-0.5135697546272723
21.265624988,2026-05-04T22:12:29.773437Z,2026-05-04T22:13:31.197499988Z,0.939358115196228,0.3333514630794525,-0.1093382835388184,1.002732131114505,-0.4251474161998552,3786.4375033,-5.812493099999685,-336.374912999996,3803.744852067977,-0.5087437579538369
21.273437488,2026-05-04T22:12:29.781250Z,2026-05-04T22:13:31.205312488Z,0.9390769004821776,0.3337859511375427,-0.1021880656480789,1.0018587160657455,-0.4320725280312884,3784.2890658,-10.30468059999978,-393.0155379999972,3805.807062327535,-0.5039177612804026
21.281249988,2026-05-04T22:12:29.789062Z,2026-05-04T22:13:31.213124988Z,0.940795361995697,0.3339566290378571,-0.0909783616662025,1.0024470088350854,-0.4274080867406457,3782.2968777,-12.921875300000005,-439.26557789999913,3807.973459139699,-0.49884794661897985
21.289062488,2026-05-04T22:12:29.796875Z,2026-05-04T22:13:31.220937488Z,0.9399048686027528,0.3343445956707001,-0.0779541954398155,1.0006419575772498,-0.4417199329124455,3780.5390652,-12.726562800000002,-469.9296403999998,3810.2961367809667,-0.493412402634915
21.296874988,2026-05-04T22:12:29.804687Z,2026-05-04T22:13:31.228749988Z,0.9383583068847656,0.3352911770343781,-0.0625773817300796,0.9984249667355753,-0.4592979555600573,3778.7812527,-12.531250299999996,-500.59370290000044,3812.6188144222347,-0.48797685865084905
21.304687488,2026-05-04T22:12:29.812500Z,2026-05-04T22:13:31.236562488Z,0.9397643208503724,0.3367187976837158,-0.0442328378558158,0.9992462516325532,-0.452786171998374,3777.0234402,-12.335937799999993,-531.2577654000011,3814.9414920635027,-0.4825413146667831
21.312499988,2026-05-04T22:12:29.820312Z,2026-05-04T22:13:31.244374988Z,0.9363586902618408,0.3369050025939941,-0.027333715930581,0.9954997285927821,-0.48249151204982604,3775.2656277,-12.14062529999999,-561.9218279000017,3817.2641697047707,-0.4771057706827172
21.320312488,2026-05-04T22:12:29.828125Z,2026-05-04T22:13:31.252187488Z,0.9350621104240416,0.3350118398666382,-0.0095888692885637,0.9933106410462569,-0.499848295734761,3773.726564,-11.12500479999983,-582.5234455999997,3818.4443871171316,-0.4743438188984197
21.328124988,2026-05-04T22:12:29.835937Z,2026-05-04T22:13:31.259999988Z,0.9381240010261536,0.3345308005809784,0.0076331682503223,0.9960149412012888,-0.478406506947223,3772.7500015,-8.000004800000042,-577.2500081000001,3816.686827272145,-0.47845687086581956
21.335937488,2026-05-04T22:12:29.843750Z,2026-05-04T22:13:31.267812488Z,0.9393893480300904,0.3342825174331665,0.0231022462248802,0.9973619515674781,-0.46772636417064734,3771.773439,-4.875004800000252,-571.9765706000004,3814.9292674271583,-0.4825699228332194
21.343749988,2026-05-04T22:12:29.851562Z,2026-05-04T22:13:31.275624988Z,0.9360619187355042,0.3330255746841431,0.0408624708652496,0.9943780421075833,-0.4913851123614327,3770.7968765,-1.7500048000004638,-566.7031331000007,3813.1717075821716,-0.4866829748006193
21.351562488,2026-05-04T22:12:29.859375Z,2026-05-04T22:13:31.283437488Z,0.9370617270469666,0.3312100172042847,0.0636201649904251,0.9959077674092692,-0.4792562638825862,3769.820314,1.3749951999993253,-561.4296956000012,3811.414147737185,-0.4907960267680191
21.359374988,2026-05-04T22:12:29.867187Z,2026-05-04T22:13:31.291249988Z,0.9376084804534912,0.3302789330482483,0.0857627764344215,0.9977720631765226,-0.46447468129658215,3769.781242499999,4.749992799998738,-549.9688175000118,3809.8960302719024,-0.49434873425910997
21.367187488,2026-05-04T22:12:29.875000Z,2026-05-04T22:13:31.299062488Z,0.9369367361068726,0.3319238126277924,0.104368731379509,0.9994582017001697,-0.45110566749709585,3774.664054999999,9.43749279999884,-506.0235050000109,3809.63499966675,-0.49495959962858016
21.374999988,2026-05-04T22:12:29.882812Z,2026-05-04T22:13:31.306874988Z,0.936749279499054,0.3313341438770294,0.1223903596401215,1.0011298255838545,-0.4378517370191933,3779.546867499999,14.124992799998939,-462.07819250000995,3809.3739690615976,-0.49557046499805035
21.382812488,2026-05-04T22:12:29.890625Z,2026-05-04T22:13:31.314687488Z,0.9379990100860596,0.327858179807663,0.1401813328266144,1.0034858918102774,-0.41917101686968966,3784.429679999999,18.81249279999904,-418.13288000000904,3809.1129384564456,-0.4961813303675195
21.390624988,2026-05-04T22:12:29.898437Z,2026-05-04T22:13:31.322499988Z,0.937811553478241,0.3257322609424591,0.1544664055109024,1.004714828241037,-0.40942705581838845,3789.3124924999993,23.49999279999914,-374.1875675000081,3808.851907851293,-0.4967921957369897
21.398437488,2026-05-04T22:12:29.906250Z,2026-05-04T22:13:31.330312488Z,0.9355932474136353,0.3256081342697144,0.1661681681871414,1.0044736143011752,-0.41133958699267476,3794.2187415999992,27.796882800000827,-329.3672886000107,3808.7060208904886,-0.4971336012674282
21.406249988,2026-05-04T22:12:29.914062Z,2026-05-04T22:13:31.338124988Z,0.9379209280014038,0.3267874717712402,0.1798073947429657,1.0093643633960465,-0.3725619354402208,3799.6874915999992,22.718757800000716,-263.5469761000093,3811.323691936179,-0.491007711969722
21.414062488,2026-05-04T22:12:29.921875Z,2026-05-04T22:13:31.345937488Z,0.9375147223472596,0.3255770802497864,0.1935696452856064,1.011139702206293,-0.35848567259462205,3805.1562415999992,17.64063280000061,-197.7266636000079,3813.9413629818696,-0.4848818226720147
21.421874988,2026-05-04T22:12:29.929687Z,2026-05-04T22:13:31.353749988Z,0.9375147223472596,0.3258253633975983,0.2051637768745422,1.0135029340818227,-0.33974813762210726,3810.6249915999992,12.562507800000501,-131.90635110000648,3816.5590340275603,-0.47875593337430733
21.429687488,2026-05-04T22:12:29.937500Z,2026-05-04T22:13:31.361562488Z,0.9380927681922911,0.3260581493377686,0.2150203138589859,1.0161523969642856,-0.31874114125726694,3816.0937415999997,7.484382800000392,-66.08603860000508,3819.176705073251,-0.47263004407660003
21.437499988,2026-05-04T22:12:29.945312Z,2026-05-04T22:13:31.369374988Z,0.9351558089256288,0.3254374265670776,0.2207866162061691,1.0144814613750808,-0.33198961440276664,3821.5624915999997,2.406257800000284,-0.2657261000036689,3821.7943761189413,-0.4665041547788938
21.445312488,2026-05-04T22:12:29.953125Z,2026-05-04T22:13:31.377187488Z,0.9365618228912354,0.3271133303642273,0.2240618765354156,1.0170324004258182,-0.31176379138011834,3824.1562464,0.9218768000000406,67.53114559999764,3827.0735804257156,-0.45414972956701777
21.453124988,2026-05-04T22:12:29.960937Z,2026-05-04T22:13:31.384999988Z,0.9384676814079284,0.3281064629554749,0.2262453883886337,1.0195893368643323,-0.29149041641626117,3826.4999964,-0.24999819999998452,135.4998955999991,3832.5842272373784,-0.4412536812332965
21.460937488,2026-05-04T22:12:29.968750Z,2026-05-04T22:13:31.392812488Z,0.9354838728904724,0.3281064629554749,0.2252458930015564,1.0166216797734438,-0.31502030322201086,3828.8437464,-1.4218732000000096,203.46864560000054,3838.0948740490417,-0.4283576328995742
21.468749988,2026-05-04T22:12:29.976562Z,2026-05-04T22:13:31.400624988Z,0.9339216947555542,0.3279202580451965,0.2223704308271408,1.0144900374462842,-0.33192161665960623,3831.1874964,-2.5937482000000345,271.437395600002,3843.6055208607045,-0.4154615845658529
21.476562488,2026-05-04T22:12:29.984375Z,2026-05-04T22:13:31.408437488Z,0.9345309734344482,0.3286030292510986,0.2181418091058731,1.014353952041061,-0.3330006072851232,3833.5312464000003,-3.76562320000006,339.4061456000034,3849.1161676723673,-0.40256553623213165
21.484374988,2026-05-04T22:12:29.992187Z,2026-05-04T22:13:31.416249988Z,0.9363274574279784,0.3312100172042847,0.2141438275575638,1.0160052962022437,-0.31990747017394444,3835.4062473,-3.3750011999999994,390.03117890000004,3856.1258031535567,-0.38616154572853595
21.492187488,2026-05-04T22:12:30.000000Z,2026-05-04T22:13:31.424062488Z,0.9351245760917664,0.3333204090595245,0.2080546170473099,1.0143210495603043,-0.3332614836681151,3837.1640598,-2.593751200000052,436.3202413999969,3863.510189399707,-0.3688805612633953
21.499999988,2026-05-04T22:12:30.007812Z,2026-05-04T22:13:31.431874988Z,0.9349995851516724,0.3337548971176147,0.200704500079155,1.0128666506188326,-0.34479308634832406,3838.9218723,-1.8125012000001048,482.6093038999938,3870.894575645857,-0.35159957679825576
21.507812488,2026-05-04T22:12:30.015625Z,2026-05-04T22:13:31.439687488Z,0.9342653751373292,0.3335997462272644,0.1894794106483459,1.0099717961027597,-0.3677457378832479,3840.6796847999994,-1.0312512000001575,528.8983663999907,3878.2789618920074,-0.3343185923331151
21.515624988,2026-05-04T22:12:30.023437Z,2026-05-04T22:13:31.447499988Z,0.934031069278717,0.3350428938865662,0.172995463013649,1.0072711697180334,-0.3891583981708297,3842.4374972999994,-0.2500012000002103,575.1874288999875,3885.6633481381577,-0.31703760786797447
21.523437488,2026-05-04T22:12:30.031250Z,2026-05-04T22:13:31.455312488Z,0.9322969913482666,0.3350428938865662,0.1548969596624374,1.0027085762740746,-0.4253341772413366,3842.4687512,0.5312487999997841,600.8906003999956,3889.2677905539417,-0.30860247036076066
21.531249988,2026-05-04T22:12:30.039062Z,2026-05-04T22:13:31.463124988Z,0.9354682564735411,0.3337548971176147,0.1403966099023819,1.0030974021956782,-0.422251263804146,3841.6875012,1.3124987999998008,616.906225399996,3891.093423316837,-0.3043301137473604
21.539062488,2026-05-04T22:12:30.046875Z,2026-05-04T22:13:31.470937488Z,0.9359525442123412,0.3333514630794525,0.1242509558796883,1.001283507799755,-0.4366332252324716,3840.9062512,2.0937487999998172,632.9218503999963,3892.9190560797324,-0.30005775713395916
21.546874988,2026-05-04T22:12:30.054687Z,2026-05-04T22:13:31.478749988Z,0.9346715211868286,0.3348877131938934,0.1066598743200302,0.9985674547850537,-0.4581681998056975,3840.1250012,2.874998799999834,648.9374753999966,3894.7446888426275,-0.2957854005205589
21.554687488,2026-05-04T22:12:30.062500Z,2026-05-04T22:13:31.486562488Z,0.9342966079711914,0.3354308307170868,0.0898222625255584,0.9967407048511862,-0.4726520899081908,3839.3437512,3.6562487999998505,664.953100399997,3896.570321605523,-0.29151304390715765
21.562499988,2026-05-04T22:12:30.070312Z,2026-05-04T22:13:31.494374988Z,0.9358744621276855,0.3342669904232025,0.0736919790506362,0.9965068677765194,-0.47450613157452376,3839.1093747,5.859369899999437,658.1094131000042,3895.313591070964,-0.294454052153565
21.570312488,2026-05-04T22:12:30.078125Z,2026-05-04T22:13:31.502187488Z,0.93876451253891,0.3333514630794525,0.0551167801022529,0.9977173283994164,-0.4649086610557666,3839.3046872,9.179682399999507,633.3047256000037,3891.6349885625,-0.3030627395492619
21.578124988,2026-05-04T22:12:30.085937Z,2026-05-04T22:13:31.509999988Z,0.9379677772521972,0.3315979540348053,0.0335277281701564,0.9954219521588561,-0.48310818393285904,3839.4999997,12.499994899999578,608.5000381000032,3887.9563860540366,-0.31167142694495764
21.585937488,2026-05-04T22:12:30.093750Z,2026-05-04T22:13:31.517812488Z,0.9389363527297974,0.3306203484535217,0.0127997789531946,0.9955275604574256,-0.4822708394435923,3839.6953122,15.820307399999649,583.6953506000026,3884.2777835455727,-0.32028011434065445
21.593749988,2026-05-04T22:12:30.101562Z,2026-05-04T22:13:31.525624988Z,0.9377647042274476,0.3291306495666504,-0.0067595336586236,0.9938688627149156,-0.49542228145016465,3839.8906247,19.14061989999972,558.8906631000021,3880.5991810371092,-0.3288888017363502
21.601562488,2026-05-04T22:12:30.109375Z,2026-05-04T22:13:31.533437488Z,0.9410609006881714,0.3290840983390808,-0.0227360483258962,0.9972005267132361,-0.4690062655984808,3838.9687536,22.632806799999766,523.2578884000031,3875.169556079912,-0.3415952422459834
21.609374988,2026-05-04T22:12:30.117187Z,2026-05-04T22:13:31.541249988Z,0.9433417320251464,0.3283858001232147,-0.0365290492773056,0.9995325049961461,-0.4505165333451126,3836.6250036,26.343744299999845,473.84382590000206,3867.511343204596,-0.35951703741184043
21.617187488,2026-05-04T22:12:30.125000Z,2026-05-04T22:13:31.549062488Z,0.9410296678543092,0.3279823362827301,-0.0518597364425659,0.9978971294474004,-0.46348305891338715,3834.2812536,30.054681799999923,424.42976340000104,3859.8531303292793,-0.3774388325776985
21.624999988,2026-05-04T22:12:30.132812Z,2026-05-04T22:13:31.556874988Z,0.9422793984413148,0.3275788724422455,-0.0648223981261253,0.9997001178834986,-0.44918756839201984,3831.9375036,33.765619300000004,375.01570089999996,3852.194917453963,-0.3953606277435555
21.632812488,2026-05-04T22:12:30.140625Z,2026-05-04T22:13:31.564687488Z,0.9425137639045716,0.3271598815917969,-0.0769239515066146,1.0006413331399584,-0.441724883935537,3829.5937536,37.47655680000008,325.60163839999893,3844.536704578647,-0.41328242290941253
21.640624988,2026-05-04T22:12:30.148437Z,2026-05-04T22:13:31.572499988Z,0.943622887134552,0.3268340229988098,-0.0878568664193153,1.0024786584714687,-0.4271571438794144,3826.0000096,39.00000479999995,271.062600499999,3836.641014318076,-0.43175996405992056
21.648437488,2026-05-04T22:12:30.156250Z,2026-05-04T22:13:31.580312488Z,0.942779302597046,0.326927125453949,-0.099220335483551,1.002775564987711,-0.42480303877053177,3819.7500096000003,35.87500480000016,205.63291300000344,3828.2406810516613,-0.45141847376404043
21.656249988,2026-05-04T22:12:30.164062Z,2026-05-04T22:13:31.588124988Z,0.9433261156082152,0.327252984046936,-0.1077544689178467,1.0042757099162933,-0.4129087264289423,3813.500009600001,32.750004800000376,140.20322550000785,3819.8403477852466,-0.4710769834681603
21.664062488,2026-05-04T22:12:30.171875Z,2026-05-04T22:13:31.595937488Z,0.9441540241241456,0.3275478482246399,-0.1134285181760788,1.0057735544753752,-0.4010326532006664,3807.2500096000012,29.625004800000585,74.77353800001228,3811.440014518832,-0.49073549317228016
21.671874988,2026-05-04T22:12:30.179687Z,2026-05-04T22:13:31.603749988Z,0.9425449967384338,0.3283702731132507,-0.1164116263389587,1.0048730138121964,-0.4081728379388659,3801.0000096000017,26.500004800000795,9.343850500016696,3803.0396812524173,-0.5103940028764
21.679687488,2026-05-04T22:12:30.187500Z,2026-05-04T22:13:31.611562488Z,0.9422637820243835,0.3290530443191528,-0.1156427711248398,1.0047438436756053,-0.40919699895194356,3795.7656268000005,22.3593876000025,-55.42177959998107,3796.7442841514444,-0.5251265284888731
21.687499988,2026-05-04T22:12:30.195312Z,2026-05-04T22:13:31.619374988Z,0.9441697001457214,0.3302323818206787,-0.1120907366275787,1.0065158627234512,-0.3951470577570997,3794.5937518000005,14.156262600002325,-117.5311545999824,3798.868712542422,-0.5201549285754843
21.695312488,2026-05-04T22:12:30.203125Z,2026-05-04T22:13:31.627187488Z,0.9422481656074524,0.3327152132987976,-0.1104607880115509,1.0053519803726485,-0.4043752196136965,3793.4218768000005,5.953137600002152,-179.64052959998372,3800.9931409334004,-0.5151833286620945
21.703124988,2026-05-04T22:12:30.210937Z,2026-05-04T22:13:31.634999988Z,0.9399986267089844,0.3338169753551483,-0.107493057847023,1.0032875703084034,-0.42074346353294034,3792.2500018,-2.249987399998022,-241.74990459998503,3803.1175693243786,-0.5102117287487047
21.710937488,2026-05-04T22:12:30.218750Z,2026-05-04T22:13:31.642812488Z,0.9399986267089844,0.3327152132987976,-0.1007733941078186,1.0022235820091496,-0.42917958788199323,3791.0781268,-10.453112399998197,-303.85927959998634,3805.241997715357,-0.5052401288353148
21.718749988,2026-05-04T22:12:30.226562Z,2026-05-04T22:13:31.650624988Z,0.941373348236084,0.333056628704071,-0.0929465964436531,1.0028706638861244,-0.42404902095564023,3789.593757800001,-17.98437530000004,-363.70307309999333,3807.1110425298393,-0.5008661790814591
21.726562488,2026-05-04T22:12:30.234375Z,2026-05-04T22:13:31.658437488Z,0.93876451253891,0.3347325325012207,-0.084227941930294,1.0002094903163592,-0.4451488687309374,3784.5156328000007,-17.789062800000035,-397.492135599994,3806.043114921375,-0.5033653496010656
21.734374988,2026-05-04T22:12:30.242187Z,2026-05-04T22:13:31.666249988Z,0.9378584027290344,0.3361446261405945,-0.0711115151643753,0.9988135165493252,-0.4562172313200506,3779.4375078000007,-17.593750300000032,-431.28119809999475,3804.9751873129107,-0.505864520120672
21.742187488,2026-05-04T22:12:30.250000Z,2026-05-04T22:13:31.674062488Z,0.9386707544326782,0.3362067043781281,-0.0544276684522628,0.9985489994933472,-0.4583145276702459,3774.3593828000007,-17.398437800000025,-465.07026059999544,3803.9072597044465,-0.5083636906402784
21.749999988,2026-05-04T22:12:30.257812Z,2026-05-04T22:13:31.681874988Z,0.9382020831108092,0.3360980749130249,-0.038235880434513,0.9973199322515847,-0.46805952589262084,3769.2812578000007,-17.20312530000002,-498.8593230999962,3802.839332095982,-0.5108628611598849
21.757812488,2026-05-04T22:12:30.265625Z,2026-05-04T22:13:31.689687488Z,0.9380927681922911,0.3371067345142365,-0.0233357418328523,0.9970975624463321,-0.4698226461542827,3764.2031328000003,-17.007812800000018,-532.6483855999969,3801.771404487518,-0.5133620316794912
21.765624988,2026-05-04T22:12:30.273437Z,2026-05-04T22:13:31.697499988Z,0.9374054074287416,0.336222231388092,-0.0077744033187627,0.9959089958943014,-0.4792465235005731,3764.9374985,-10.250010800000494,-535.1249981999999,3802.8173488118055,-0.5109143065718239
21.773437488,2026-05-04T22:12:30.281250Z,2026-05-04T22:13:31.705312488Z,0.935671329498291,0.3343911468982697,0.0083251241594552,0.9936637175932862,-0.4970488310624873,3765.914061,-3.218760800000344,-536.2968731999999,3803.9513746564166,-0.5082604525681808
21.781249988,2026-05-04T22:12:30.289062Z,2026-05-04T22:13:31.713124988Z,0.9387957453727722,0.333972156047821,0.0277614220976829,0.9968177110696492,-0.47204152489064277,3766.8906235,3.8124891999998063,-537.4687481999999,3805.085400501028,-0.5056065985645375
21.789062488,2026-05-04T22:12:30.296875Z,2026-05-04T22:13:31.720937488Z,0.936749279499054,0.3327307403087616,0.0455677770078182,0.9951308358652381,-0.4854163796665144,3767.867186,10.843739199999957,-538.6406231999999,3806.2194263456395,-0.5029527445608932
21.796874988,2026-05-04T22:12:30.304687Z,2026-05-04T22:13:31.728749988Z,0.9350621104240416,0.3319393396377563,0.0630819723010063,0.9942354906053179,-0.49251537121869504,3768.8437485,17.87498920000011,-539.8124982,3807.3534521902507,-0.5002988905572501
21.804687488,2026-05-04T22:12:30.312500Z,2026-05-04T22:13:31.736562488Z,0.9377490878105164,0.3318772614002228,0.0824413895606994,0.9981545226249623,-0.46144224619577273,3770.9687464,20.31249759999994,-511.78130160000126,3806.128446745165,-0.5031656555612167
21.812499988,2026-05-04T22:12:30.320312Z,2026-05-04T22:13:31.744374988Z,0.940420389175415,0.3305427432060242,0.1025542691349983,1.0020810304465484,-0.4303098472176449,3773.3124964,21.874997599999833,-478.18755160000353,3804.454096871488,-0.5070839790605196
21.820312488,2026-05-04T22:12:30.328125Z,2026-05-04T22:13:31.752187488Z,0.937702178955078,0.3279823362827301,0.1201299726963043,1.0006442922790264,-0.44170142158622233,3775.6562463999994,23.43749759999973,-444.5938016000058,3802.779746997812,-0.5110023025598215
21.828124988,2026-05-04T22:12:30.335937Z,2026-05-04T22:13:31.759999988Z,0.9355620145797728,0.3278892338275909,0.1352453827857971,1.000539327737538,-0.442533661870122,3777.9999963999994,24.999997599999624,-411.0000516000081,3801.105397124135,-0.5149206260591244
21.835937488,2026-05-04T22:12:30.343750Z,2026-05-04T22:13:31.767812488Z,0.9374834895133972,0.3273616135120392,0.150437667965889,1.00432684473454,-0.41250328993532953,3780.3437463999994,26.562497599999517,-377.40630160001035,3799.4310472504585,-0.5188389495584262
21.843749988,2026-05-04T22:12:30.351562Z,2026-05-04T22:13:31.775624988Z,0.9388113617897034,0.3267098665237427,0.1637847572565079,1.0074381155281809,-0.3878347223231303,3784.9374915999983,25.734377700000547,-325.81259000001825,3800.4651155396004,-0.5164190168186035
21.851562488,2026-05-04T22:12:30.359375Z,2026-05-04T22:13:31.783437488Z,0.9374366402626038,0.325406402349472,0.1743178814649582,1.00750360048751,-0.3873155067826205,3790.4062415999983,23.97656520000051,-267.218840000017,3802.552465583689,-0.5115341878723917
21.859374988,2026-05-04T22:12:30.367187Z,2026-05-04T22:13:31.791249988Z,0.9382176995277404,0.3244908452033997,0.1858658641576767,1.0099964751359392,-0.3675500633698509,3795.8749915999983,22.218752700000472,-208.62509000001577,3804.6398156277774,-0.50664935892618
21.867187488,2026-05-04T22:12:30.375000Z,2026-05-04T22:13:31.799062488Z,0.9378740191459656,0.3242735862731934,0.1966296434402466,1.011644330396273,-0.35448458897021085,3801.343741599999,20.460940200000437,-150.03134000001452,3806.7271656718654,-0.5017645299799693
21.874999988,2026-05-04T22:12:30.382812Z,2026-05-04T22:13:31.806874988Z,0.938155233860016,0.3258564174175262,0.2059479951858521,1.0142643759455412,-0.3337108360357938,3806.812491599999,18.703127700000397,-91.43759000001327,3808.814515715954,-0.49687970103375756
21.882812488,2026-05-04T22:12:30.390625Z,2026-05-04T22:13:31.814687488Z,0.936264991760254,0.3277029991149902,0.2132827341556549,1.014628461612279,-0.33082408252500667,3810.7578079999994,15.890630400000722,-28.74228800001343,3812.4221629968933,-0.4884370634821094
21.890624988,2026-05-04T22:12:30.398437Z,2026-05-04T22:13:31.822499988Z,0.9354838728904724,0.3274236917495728,0.2183878421783447,1.0149037392621973,-0.32864146784131565,3813.6874954999994,12.375005400000646,36.68739949998796,3817.0433482556855,-0.4776225383468139
21.898437488,2026-05-04T22:12:30.406250Z,2026-05-04T22:13:31.830312488Z,0.937233567237854,0.3275633454322815,0.2190336585044861,1.0167006680365864,-0.31439402301718655,3816.6171829999994,8.859380400000571,102.11708699998935,3821.6645335144776,-0.4668080132115184
21.906249988,2026-05-04T22:12:30.414062Z,2026-05-04T22:13:31.838124988Z,0.9359681606292723,0.3274392187595367,0.2153124660253525,1.0146981313274985,-0.3302716869945597,3819.5468704999994,5.3437554000004965,167.54677449999076,3826.2857187732698,-0.4559934880762228
21.914062488,2026-05-04T22:12:30.421875Z,2026-05-04T22:13:31.845937488Z,0.9348434209823608,0.3279978334903717,0.2119910717010498,1.013141162429669,-0.3426165438307771,3822.476558,1.8281304000004213,232.97646199999215,3830.9069040320624,-0.44517896294092624
21.921874988,2026-05-04T22:12:30.429687Z,2026-05-04T22:13:31.853749988Z,0.935905694961548,0.3294409811496735,0.2107148021459579,1.0143232018275672,-0.33324441882419287,3826.5312418999993,-1.8749939999996146,290.99992319999507,3838.287407851556,-0.42790706415366114
21.929687488,2026-05-04T22:12:30.437500Z,2026-05-04T22:13:31.861562488Z,0.935218334197998,0.3314737975597382,0.2072703987360001,1.0136415684456381,-0.3386489368761788,3831.8046793999997,-5.781243999999698,340.99992319999615,3848.6571918406607,-0.40363963419412957
21.937499988,2026-05-04T22:12:30.445312Z,2026-05-04T22:13:31.869374988Z,0.9344528317451476,0.3340187072753906,0.2011504173278809,1.0125374471878208,-0.34740326644344205,3837.0781168999997,-9.687493999999782,390.99992319999717,3859.0269758297654,-0.379372204234598
21.945312488,2026-05-04T22:12:30.453125Z,2026-05-04T22:13:31.877187488Z,0.9330312609672546,0.3343290686607361,0.1920473426580429,1.0095570523332082,-0.3710341481180075,3842.3515543999997,-13.593743999999866,440.99992319999825,3869.39675981887,-0.3551047742750665
21.953124988,2026-05-04T22:12:30.460937Z,2026-05-04T22:13:31.884999988Z,0.9338123202323914,0.3341583609580994,0.1802379488945007,1.00804413486598,-0.38302973105096066,3847.6249918999997,-17.499993999999948,490.99992319999933,3879.766543807975,-0.3308373443155349
21.960937488,2026-05-04T22:12:30.468750Z,2026-05-04T22:13:31.892812488Z,0.9358431696891784,0.3346083760261536,0.1665525883436203,1.0077226643500221,-0.3855785985987314,3850.7890634,-17.679697400000155,531.9999615999994,3887.549144283679,-0.3126244565499259
21.968749988,2026-05-04T22:12:30.476562Z,2026-05-04T22:13:31.900624988Z,0.9347184300422668,0.3349808156490326,0.1510527431964874,1.0043543306725746,-0.412285360103513,3850.2031259,-11.23438490000059,556.9999615999977,3890.7322767391825,-0.30517527110913
21.976562488,2026-05-04T22:12:30.484375Z,2026-05-04T22:13:31.908437488Z,0.9333437085151672,0.3352911770343781,0.1349532157182693,1.0008811228385945,-0.4398236452501726,3849.6171884,-4.789072400001025,581.999961599996,3893.9154091946853,-0.2977260856683352
21.984374988,2026-05-04T22:12:30.492187Z,2026-05-04T22:13:31.916249988Z,0.9347652792930604,0.3353066742420197,0.1201145946979523,1.0003220526523098,-0.4442563872405254,3849.0312509,1.6562400999985392,606.9999615999943,3897.098541650188,-0.2902769002275404
21.992187488,2026-05-04T22:12:30.500000Z,2026-05-04T22:13:31.924062488Z,0.935577630996704,0.3346083760261536,0.1047685295343399,0.999121971387404,-0.4537715621600372,3848.4453134,8.101552599998104,631.9999615999926,3900.281674105691,-0.28282771478674557
21.999999988,2026-05-04T22:12:30.507812Z,2026-05-04T22:13:31.931874988Z,0.9344528317451476,0.3339411318302155,0.0871928259730339,0.9961532829769393,-0.47730962606716526,3847.203130100001,14.078118099998472,647.0625252000056,3901.3039024106097,-0.28043549004818474
22.007812488,2026-05-04T22:12:30.515625Z,2026-05-04T22:13:31.939687488Z,0.9372179508209229,0.3342980444431305,0.0697708874940872,0.9974971912748344,-0.46665407889365007,3843.882817600001,18.570305599998566,630.6562752000052,3895.483209947521,-0.29405710905320803
22.015624988,2026-05-04T22:12:30.523437Z,2026-05-04T22:13:31.947499988Z,0.9386707544326782,0.3331497311592102,0.0529025197029113,0.9974418304791434,-0.4670930222136466,3840.562505100001,23.06249309999866,614.2500252000049,3889.662517484432,-0.30767872805823243
22.023437488,2026-05-04T22:12:30.531250Z,2026-05-04T22:13:31.955312488Z,0.9370929598808287,0.3318307101726532,0.034081295132637,0.9946941089349116,-0.4888790894476259,3837.242192600001,27.554680599998758,597.8437752000045,3883.8418250213435,-0.3213003470632557
22.031249988,2026-05-04T22:12:30.539062Z,2026-05-04T22:13:31.963124988Z,0.9377803206443788,0.3311013877391815,0.0155676063150167,0.9946368227232818,-0.48933329895832656,3833.9218801000006,32.04686809999885,581.4375252000042,3878.0211325582545,-0.33492196606828006
22.039062488,2026-05-04T22:12:30.546875Z,2026-05-04T22:13:31.970937488Z,0.9394206404685974,0.3298909962177277,-0.0031459815800189,0.9956651577332896,-0.48117986153519504,3830.6015676000006,35.67187920000064,561.4688208000108,3871.8559672781203,-0.3493497224016607
22.046874988,2026-05-04T22:12:30.554687Z,2026-05-04T22:13:31.978749988Z,0.9410765171051024,0.3273926675319672,-0.0203065108507871,0.9966059021415138,-0.4737209103286624,3827.2812551000006,32.93750420000058,515.3750708000098,3863.164631262078,-0.3696892384654157
22.054687488,2026-05-04T22:12:30.562500Z,2026-05-04T22:13:31.986562488Z,0.9415920376777648,0.3270357549190521,-0.0358063429594039,0.9974116725854806,-0.46733213738175816,3823.9609426000006,30.20312920000052,469.2813208000088,3854.473295246035,-0.3900287545291717
22.062499988,2026-05-04T22:12:30.570312Z,2026-05-04T22:13:31.994374988Z,0.9425293803215028,0.3280754387378693,-0.0488458797335624,0.9991901952277289,-0.4532306306470174,3820.6406301000006,27.468754200000465,423.18757080000785,3845.7819592299925,-0.4103682705929267
22.070312488,2026-05-04T22:12:30.578125Z,2026-05-04T22:13:32.002187488Z,0.9422481656074524,0.3272219598293304,-0.0595481470227241,0.999225599351316,-0.4529499192996652,3817.3203176000006,24.734379200000408,377.0938208000068,3837.0906232139496,-0.4307077866566827
22.078124988,2026-05-04T22:12:30.585937Z,2026-05-04T22:13:32.009999988Z,0.9432167410850524,0.3268961012363434,-0.0691586583852767,1.000650689149955,-0.4416507022327899,3814.0000051000006,22.000004200000348,331.00007080000586,3828.399287197907,-0.45104730272043764
22.085937488,2026-05-04T22:12:30.593750Z,2026-05-04T22:13:32.017812488Z,0.9421231746673584,0.3267564177513123,-0.0811372026801109,1.000474426682524,-0.4430482477644094,3811.070317,20.242190200000184,268.69540820000657,3822.6652828468377,-0.46446605369185884
22.093749988,2026-05-04T22:12:30.601562Z,2026-05-04T22:13:32.025624988Z,0.9417638778686525,0.3273150622844696,-0.0930849835276603,1.0013586599290152,-0.43603736087195266,3808.1406295,18.48437770000015,206.39072070000526,3816.931283038237,-0.47788479403296813
22.101562488,2026-05-04T22:12:30.609375Z,2026-05-04T22:13:32.033437488Z,0.9445133805274964,0.3267409205436707,-0.1007580161094666,1.00449854801464,-0.4111418931764738,3805.210942,16.72656520000011,144.08603320000393,3811.1972832296365,-0.4913035343740764
22.109374988,2026-05-04T22:12:30.617187Z,2026-05-04T22:13:32.041249988Z,0.9450289011001588,0.3262753784656525,-0.1053249388933182,1.0053002483140843,-0.4047853914917016,3802.2812545,14.968752700000074,81.7813457000026,3805.4632834210356,-0.5047222747151857
22.117187488,2026-05-04T22:12:30.625000Z,2026-05-04T22:13:32.049062488Z,0.9432167410850524,0.3277185261249542,-0.1077852249145508,1.00432808769769,-0.41249343475956907,3799.351567,13.210940200000035,19.476658200001275,3799.729283612435,-0.518141015056294
22.124999988,2026-05-04T22:12:30.632812Z,2026-05-04T22:13:32.056874988Z,0.9409828186035156,0.3300306499004364,-0.1079543679952621,1.0030069991530357,-0.42296804923289544,3798.4843759,9.390631299999997,-39.734284700000046,3800.408028549934,-0.5165526121302114
22.132812488,2026-05-04T22:12:30.640625Z,2026-05-04T22:13:32.064687488Z,0.9419201016426086,0.331380695104599,-0.1043254435062408,1.0039474294649113,-0.41551158842579317,3797.8984384,5.28906879999991,-98.5233472000013,3801.961251399599,-0.5129177508104972
22.140624988,2026-05-04T22:12:30.648437Z,2026-05-04T22:13:32.072499988Z,0.9422950148582458,0.332342803478241,-0.1010501831769943,1.0042822180894087,-0.41285712458545915,3797.3125009,1.187506299999823,-157.31240970000255,3803.514474249264,-0.5092828894907829
22.148437488,2026-05-04T22:12:30.656250Z,2026-05-04T22:13:32.080312488Z,0.9415295720100404,0.3327152132987976,-0.0982208475470542,1.0034065392565148,-0.41980018545305225,3796.7265634,-2.914056200000264,-216.1014722000038,3805.067697098929,-0.5056480281710687
22.156249988,2026-05-04T22:12:30.664062Z,2026-05-04T22:13:32.088124988Z,0.9410452842712402,0.3338480293750763,-0.0940844789147377,1.0029320131192436,-0.42356259665973833,3796.1406259,-7.015618700000351,-274.89053470000505,3806.620919948594,-0.5020131668513546
22.164062488,2026-05-04T22:12:30.671875Z,2026-05-04T22:13:32.095937488Z,0.9391394257545472,0.3346549272537231,-0.0872571691870689,1.000794981460397,-0.44050664089832364,3793.4765675999997,-7.554688399999977,-318.6874400000016,3807.5156566811647,-0.499919298646125
22.171874988,2026-05-04T22:12:30.679687Z,2026-05-04T22:13:32.103749988Z,0.939233124256134,0.3350273668766022,-0.0758014470338821,1.0000740260743892,-0.44622293429247634,3790.1562551,-6.968750900000016,-357.7499399999989,3808.202448678288,-0.49831206394340927
22.179687488,2026-05-04T22:12:30.687500Z,2026-05-04T22:13:32.111562488Z,0.9381396174430848,0.3353532254695892,-0.0620391890406608,0.9982066863260021,-0.461028651921487,3786.8359426,-6.382813400000056,-396.8124399999963,3808.889240675411,-0.49670482924069354
22.187499988,2026-05-04T22:12:30.695312Z,2026-05-04T22:13:32.119374988Z,0.9389050602912904,0.3374325931072235,-0.0485229715704917,0.9988783438946344,-0.4557032298534639,3783.5156301000006,-5.796875900000095,-435.87493999999367,3809.5760326725344,-0.49509759453797786
22.195312488,2026-05-04T22:12:30.703125Z,2026-05-04T22:13:32.127187488Z,0.9372022747993468,0.3373239934444427,-0.0341764017939567,0.9966461793846193,-0.47340156111071197,3780.1953176000006,-5.210938400000135,-474.937439999991,3810.2628246696577,-0.4934903598352621
22.203124988,2026-05-04T22:12:30.710937Z,2026-05-04T22:13:32.134999988Z,0.9372804164886476,0.3360360264778137,-0.018538175150752,0.9958707015280902,-0.4795501509328035,3779.4999988,-3.0000048000007524,-494.8749858999978,3811.7962002853656,-0.48990194513010127
22.210937488,2026-05-04T22:12:30.718750Z,2026-05-04T22:13:32.142812488Z,0.938030242919922,0.335492879152298,-0.0027000531554222,0.9962246227038098,-0.47674398938927165,3780.2812488,0.12499519999931419,-504.05467339999797,3813.8057823612235,-0.4851991092441223
22.218749988,2026-05-04T22:12:30.726562Z,2026-05-04T22:13:32.150624988Z,0.9371554255485536,0.3351670205593109,0.0124153587967157,0.9953649403308051,-0.4835602179177647,3781.0624988,3.249995199999381,-513.2343608999981,3815.8153644370814,-0.4804962733581433
22.226562488,2026-05-04T22:12:30.734375Z,2026-05-04T22:13:32.158437488Z,0.9359369277954102,0.3338325023651123,0.028776291757822,0.9941077141908692,-0.4935284817218101,3781.8437488,6.374995199999447,-522.4140483999984,3817.8249465129397,-0.4757934374721633
22.234374988,2026-05-04T22:12:30.742187Z,2026-05-04T22:13:32.166249988Z,0.9362806081771852,0.3330876529216766,0.0463827475905418,0.9948467827015167,-0.4876685734289608,3782.6249988,9.499995199999514,-531.5937358999986,3819.8345285887976,-0.4710906015861843
22.242187488,2026-05-04T22:12:30.750000Z,2026-05-04T22:13:32.174062488Z,0.9383739233016968,0.3315358757972717,0.0652193501591682,0.9973541098869884,-0.4677885390947168,3783.2031244,13.031243999999475,-521.6797298000037,3819.2637421353393,-0.4724263594279777
22.249999988,2026-05-04T22:12:30.757812Z,2026-05-04T22:13:32.181874988Z,0.937936544418335,0.3305737972259521,0.0822876170277595,0.9978853885511599,-0.4635761498437322,3783.5937494,16.93749399999956,-494.1406673000031,3816.311062381675,-0.4793362380898917
22.257812488,2026-05-04T22:12:30.765625Z,2026-05-04T22:13:32.189687488Z,0.937811553478241,0.3300617039203644,0.0997864380478858,0.9991939608756503,-0.45320077367007344,3783.9843744,20.843743999999642,-466.6016048000025,3813.358382628011,-0.4862461167518056
22.265624988,2026-05-04T22:12:30.773437Z,2026-05-04T22:13:32.197499988Z,0.9375772476196288,0.3292237520217896,0.1171776205301285,1.0005848134478188,-0.4421730158852908,3784.3749994,24.749993999999727,-439.06254230000195,3810.4057028743473,-0.4931559954137185
22.273437488,2026-05-04T22:12:30.781250Z,2026-05-04T22:13:32.205312488Z,0.938045859336853,0.3276098966598511,0.1337384432554245,1.0025688254742802,-0.4264422299574918,3784.7656244,28.65624399999981,-411.5234798000013,3807.453023120683,-0.5000658740756325
22.281249988,2026-05-04T22:12:30.789062Z,2026-05-04T22:13:32.213124988Z,0.9369055032730104,0.3267719447612762,0.1465934664011002,1.0030261563577543,-0.4228161560576609,3786.562494,31.390623499999972,-372.65633580000156,3805.7634208020186,-0.5040198914371065
22.289062488,2026-05-04T22:12:30.796875Z,2026-05-04T22:13:32.220937488Z,0.9386082887649536,0.3265236616134644,0.1585566401481628,1.0063515436798478,-0.3964499065626059,3790.468744,32.367186,-316.79696080000036,3805.9684467614434,-0.5035400884715427
22.296874988,2026-05-04T22:12:30.804687Z,2026-05-04T22:13:32.228749988Z,0.9383583068847656,0.3248787820339203,0.1692896485328674,1.0073338673031247,-0.3886612830948593,3794.3749940000002,33.34374850000002,-260.93758579999917,3806.1734727208686,-0.503060285505978
22.304687488,2026-05-04T22:12:30.812500Z,2026-05-04T22:13:32.236562488Z,0.9382489919662476,0.3245218694210052,0.1802225708961487,1.0090122842258171,-0.37535349213576863,3798.2812440000002,34.32031100000003,-205.07821079999795,3806.3784986802934,-0.5025804825404143
22.312499988,2026-05-04T22:12:30.820312Z,2026-05-04T22:13:32.244374988Z,0.9382176995277404,0.3253908753395081,0.1908479481935501,1.01121442473445,-0.35789321444480027,3802.1874940000002,35.29687350000005,-149.21883579999675,3806.5835246397182,-0.5021006795748507
22.320312488,2026-05-04T22:12:30.828125Z,2026-05-04T22:13:32.252187488Z,0.938030242919922,0.3260581493377686,0.2003969550132751,1.013100978659369,-0.34293515192383744,3806.0937440000002,34.68750719999974,-92.37509119999679,3808.0028954772497,-0.4987790595273563
22.328124988,2026-05-04T22:12:30.835937Z,2026-05-04T22:13:32.259999988Z,0.936858594417572,0.3266788423061371,0.2063939124345779,1.0134207117651577,-0.3404000599112335,3809.999994,30.000007200000063,-33.000091200000796,3812.544891221287,-0.48814985416389634
22.335937488,2026-05-04T22:12:30.843750Z,2026-05-04T22:13:32.267812488Z,0.9365618228912354,0.327284038066864,0.2091463655233383,1.0139058594772634,-0.33655343262233123,3813.906244,25.31250720000038,26.374908799995197,3817.086886965324,-0.4775206488004364
22.343749988,2026-05-04T22:12:30.851562Z,2026-05-04T22:13:32.275624988Z,0.9365462064743042,0.3277340531349182,0.2096691727638245,1.0141447472886294,-0.3346593447986498,3817.8124939999993,20.625007200000695,85.74990879999119,3821.6288827093613,-0.46689144343697636
22.351562488,2026-05-04T22:12:30.859375Z,2026-05-04T22:13:32.283437488Z,0.9361712336540222,0.3273461163043976,0.2088695913553238,1.0135080486971013,-0.3397075849858439,3821.7187439999993,15.937507200001011,145.1249087999872,3826.1708784533985,-0.4562622380735164
22.359374988,2026-05-04T22:12:30.867187Z,2026-05-04T22:13:32.291249988Z,0.9349995851516724,0.3286340832710266,0.2062247693538666,1.0123009633583497,-0.3492782936343963,3825.593744299999,11.437505400000946,203.81241539998518,3831.34554782178,-0.44415244614411103
22.367187488,2026-05-04T22:12:30.875000Z,2026-05-04T22:13:32.299062488Z,0.9352964162826538,0.3313651978969574,0.2028572559356689,1.0127849460641754,-0.3454409034187338,3829.304681799999,7.921880400000871,258.8905403999863,3839.84179167876,-0.42426948590742875
22.374999988,2026-05-04T22:12:30.882812Z,2026-05-04T22:13:32.306874988Z,0.934609055519104,0.3320324420928955,0.1988900303840637,1.011581372627362,-0.3549837669852748,3833.0156192999993,4.406255400000796,313.9686653999875,3848.3380355357394,-0.40438652567074646
22.382812488,2026-05-04T22:12:30.890625Z,2026-05-04T22:13:32.314687488Z,0.93496835231781,0.333056628704071,0.1937695443630219,1.0112562356209502,-0.35756170531269,3836.7265567999993,0.8906304000007212,369.0467903999887,3856.834279392719,-0.3845035654340642
22.390624988,2026-05-04T22:12:30.898437Z,2026-05-04T22:13:32.322499988Z,0.93496835231781,0.3341428637504578,0.1844511926174164,1.0098710391377825,-0.36854461723763215,3840.4374942999993,-2.624994599999354,424.12491539998985,3865.330523249699,-0.3646206051973809
22.398437488,2026-05-04T22:12:30.906250Z,2026-05-04T22:13:32.330312488Z,0.9339216947555542,0.3350739181041718,0.1728416979312897,1.0071536700387578,-0.3900900267479846,3844.0,-5.9375024000002545,478.0233981999958,3873.6298921454186,-0.34519837291204125
22.406249988,2026-05-04T22:12:30.914062Z,2026-05-04T22:13:32.338124988Z,0.933546781539917,0.3346549272537231,0.16034035384655,1.0045957110849961,-0.41037150900567526,3844.0,-4.375002400000221,503.6093356999964,3877.204072963655,-0.33683405377478753
22.414062488,2026-05-04T22:12:30.921875Z,2026-05-04T22:13:32.345937488Z,0.9334686398506165,0.335508406162262,0.1459015160799026,1.0026050292036817,-0.42615517871515707,3844.0,-2.8125024000001875,529.1952731999969,3880.778253781892,-0.32846973463753265
22.421874988,2026-05-04T22:12:30.929687Z,2026-05-04T22:13:32.353749988Z,0.9361243844032288,0.3356325626373291,0.1309091150760651,1.003052977956211,-0.42260349362520777,3844.0,-1.2500024000001542,554.7812106999975,3884.3524346001286,-0.3201054155002789
22.429687488,2026-05-04T22:12:30.937500Z,2026-05-04T22:13:32.361562488Z,0.9348121285438538,0.3348411619663239,0.1152708977460861,0.9996397847659111,-0.4496659361359986,3844.0,0.31249759999987914,580.367148199998,3887.926615418365,-0.31174109636302516
22.437499988,2026-05-04T22:12:30.945312Z,2026-05-04T22:13:32.369374988Z,0.9346559047698976,0.3347635567188263,0.0997403115034103,0.9977957852020983,-0.4642865946816176,3844.0,1.8749975999999124,605.9530856999986,3891.5007962366017,-0.3033767772257714
22.445312488,2026-05-04T22:12:30.953125Z,2026-05-04T22:13:32.377187488Z,0.9357182383537292,0.3349497616291046,0.0840405747294426,0.9974080321533687,-0.46736100155066074,3842.7421896,5.234369599999878,600.6328248000003,3889.438559900359,-0.3082028349240177
22.453124988,2026-05-04T22:12:30.960937Z,2026-05-04T22:13:32.384999988Z,0.9377959370613098,0.3342669904232025,0.0693249627947807,0.9979987930462557,-0.46267699106253085,3841.3750021,8.749994599999953,592.6250123000001,3886.886190104616,-0.31417590584951544
22.460937488,2026-05-04T22:12:30.968750Z,2026-05-04T22:13:32.392812488Z,0.9373116493225098,0.3331807553768158,0.0524104610085487,0.9961472783340211,-0.47735723553276305,3840.0078146,12.265619600000027,584.6171998,3884.333820308873,-0.3201489767750142
22.468749988,2026-05-04T22:12:30.976562Z,2026-05-04T22:13:32.400624988Z,0.9364524483680724,0.3318307101726532,0.0331586860120296,0.9940595086443713,-0.4939106926773772,3838.6406271,15.781244600000104,576.6093872999998,3881.7814505131296,-0.326122047700513
22.476562488,2026-05-04T22:12:30.984375Z,2026-05-04T22:13:32.408437488Z,0.9393112659454346,0.3304030895233154,0.0148756494745612,0.9958379089218571,-0.4798101561453666,3837.2734396,19.29686960000018,568.6015747999996,3879.2290807173868,-0.3320951186260107
22.484374988,2026-05-04T22:12:30.992187Z,2026-05-04T22:13:32.416249988Z,0.9404985308647156,0.329487532377243,-0.0025462862104177,0.9965470405977825,-0.4741876102939179,3836.8437503,22.1874958,537.4688067,3874.9702414124067,-0.3420616796123429
22.492187488,2026-05-04T22:12:31.000000Z,2026-05-04T22:13:32.424062488Z,0.9398267865180968,0.3281840682029724,-0.0185535531491041,0.9956522513476491,-0.48128219336932887,3836.6484378,24.921870799999816,500.55474420000246,3870.2847806345826,-0.3530266226982785
22.499999988,2026-05-04T22:12:31.007812Z,2026-05-04T22:13:32.431874988Z,0.94173264503479,0.3270667791366577,-0.0313624441623687,0.9974049607069773,-0.4673853543595289,3836.4531253,27.65624579999963,463.64068170000496,3865.599319856759,-0.363991565784213
22.507812488,2026-05-04T22:12:31.015625Z,2026-05-04T22:13:32.439687488Z,0.9438572525978088,0.3266012668609619,-0.0422953590750694,0.9996618419225364,-0.4494910498931631,3836.2578128,30.390620799999446,426.72661920000746,3860.9138590789353,-0.37495650887014753
22.515624988,2026-05-04T22:12:31.023437Z,2026-05-04T22:13:32.447499988Z,0.940451681613922,0.327252984046936,-0.0561652481555938,0.9973456853661409,-0.46785533522912953,3836.0625003,33.12499579999926,389.81255670000996,3856.228398301111,-0.38592145195608313
22.523437488,2026-05-04T22:12:31.031250Z,2026-05-04T22:13:32.455312488Z,0.9409515857696532,0.3281685411930084,-0.0677593648433685,0.9988372288391884,-0.4560292218973652,3832.4140706000017,32.2734414000007,336.9610302000167,3848.746352295493,-0.40343098036922076
22.531249988,2026-05-04T22:12:31.039062Z,2026-05-04T22:13:32.463124988Z,0.9457787275314332,0.3262443542480469,-0.0750172287225723,1.0032748201439707,-0.42084455672419113,3827.140633100001,29.734378900000646,276.6094677000154,3839.9482568929607,-0.4240203353820697
22.539062488,2026-05-04T22:12:31.046875Z,2026-05-04T22:13:32.470937488Z,0.9454506635665894,0.3257322609424591,-0.0851659253239631,1.0036093352960989,-0.41819226118487524,3821.867195600001,27.195316400000593,216.2579052000141,3831.1501614904278,-0.4446096903949196
22.546874988,2026-05-04T22:12:31.054687Z,2026-05-04T22:13:32.478749988Z,0.9411077499389648,0.3265081346035004,-0.0951147302985191,1.0006688617505786,-0.44150661576237077,3816.593758100001,24.65625390000054,155.90634270001283,3822.352066087895,-0.4651990454077696
22.554687488,2026-05-04T22:12:31.062500Z,2026-05-04T22:13:32.486562488Z,0.9413577318191528,0.3273305892944336,-0.0991895794868469,1.0015679041494485,-0.4343783104255011,3811.320320600001,22.117191400000486,95.55478020001154,3813.553970685362,-0.48578840042061955
22.562499988,2026-05-04T22:12:31.070312Z,2026-05-04T22:13:32.494374988Z,0.9443415403366088,0.3280444145202637,-0.0987744033336639,1.0045648139653225,-0.41061648533086337,3807.5781289000006,18.156257800000862,36.18759000000994,3808.9546418162245,-0.4965517771032887
22.570312488,2026-05-04T22:12:31.078125Z,2026-05-04T22:13:32.502187488Z,0.9428418278694152,0.3298134207725525,-0.0986052602529525,1.0037183879213258,-0.41732760740282643,3805.0390664000006,13.078132800000754,-22.406159999991306,3807.6543643602,-0.49959469411343926
22.578124988,2026-05-04T22:12:31.085937Z,2026-05-04T22:13:32.509999988Z,0.9416701793670654,0.3315824270248413,-0.0975596383213996,1.0030989560608103,-0.4222389435563713,3802.5000039,8.000007800000645,-80.99990999999255,3806.354086904176,-0.5026376111235887
22.585937488,2026-05-04T22:12:31.093750Z,2026-05-04T22:13:32.517812488Z,0.9409515857696532,0.3322962522506714,-0.0956836715340614,1.002479950433177,-0.4271469002050874,3799.9609414,2.9218828000005366,-139.5936599999938,3805.0538094481517,-0.5056805281337383
22.593749988,2026-05-04T22:12:31.101562Z,2026-05-04T22:13:32.525624988Z,0.941014051437378,0.3329324722290039,-0.0917625799775123,1.002383084030868,-0.42791493216154425,3797.4218789,-2.156242199999572,-198.18740999999505,3803.7535319921276,-0.5087234451438878
22.601562488,2026-05-04T22:12:31.109375Z,2026-05-04T22:13:32.533437488Z,0.94173264503479,0.3328238427639008,-0.0847046226263046,1.0024005976308157,-0.4277760707595333,3794.7968792,-6.6328067999997655,-248.70306319999747,3803.387484008556,-0.5095800728048387
22.609374988,2026-05-04T22:12:31.117187Z,2026-05-04T22:13:32.541249988Z,0.9399048686027528,0.3346394300460815,-0.0779080688953399,1.0007369171584135,-0.44096701971274904,3792.0625042,-10.343744299999845,-288.9374381999983,3804.2104627656554,-0.5076541330391621
22.617187488,2026-05-04T22:12:31.125000Z,2026-05-04T22:13:32.549062488Z,0.9372022747993468,0.3361756801605225,-0.069727599620819,0.9981102794628164,-0.4617930402954071,3789.3281292,-14.054681799999925,-329.1718131999992,3805.0334415227544,-0.5057281932734865
22.624999988,2026-05-04T22:12:31.132812Z,2026-05-04T22:13:32.556874988Z,0.937702178955078,0.3362377285957336,-0.0565189123153686,0.9977652900345009,-0.4645283840190358,3786.5937542,-17.765619300000004,-369.40618820000003,3805.856420279854,-0.5038022535078099
22.632812488,2026-05-04T22:12:31.140625Z,2026-05-04T22:13:32.564687488Z,0.9382646083831788,0.3357722163200378,-0.0422799810767173,0.9974322299769331,-0.4671691424402652,3783.8593792,-21.476556800000083,-409.6405632000009,3806.6793990369533,-0.5018763137421333
22.640624988,2026-05-04T22:12:31.148437Z,2026-05-04T22:13:32.572499988Z,0.9385301470756532,0.3366256952285767,-0.0291943121701479,0.9975008789575365,-0.4666248400854259,3781.8750006,-22.750005999999942,-441.93747630000024,3807.7277458993235,-0.4994229662006037
22.648437488,2026-05-04T22:12:31.156250Z,2026-05-04T22:13:32.580312488Z,0.9377803206443788,0.3366256952285767,-0.0149092469364404,0.9964793395350494,-0.47472439682078127,3781.4843756,-18.843756000000205,-457.3671637999992,3809.2550033659327,-0.49584886922422977
22.656249988,2026-05-04T22:12:31.164062Z,2026-05-04T22:13:32.588124988Z,0.9370929598808287,0.3359739482402802,0.0002215411514043,0.9955007576264604,-0.48248335307281914,3781.0937506,-14.93750600000047,-472.79685129999814,3810.782260832542,-0.4922747722478559
22.664062488,2026-05-04T22:12:31.171875Z,2026-05-04T22:13:32.595937488Z,0.9372960329055786,0.335523933172226,0.0164902154356241,0.9956766996555705,-0.4810883482247035,3780.7031256,-11.031256000000733,-488.2265387999971,3812.309518299151,-0.488700675271482
22.671874988,2026-05-04T22:12:31.179687Z,2026-05-04T22:13:32.603749988Z,0.9366555213928224,0.3341428637504578,0.0331125557422637,0.9950233467104184,-0.48626863704271844,3780.3125006,-7.1250060000009965,-503.6562262999961,3813.83677576576,-0.4851265782951081
22.679687488,2026-05-04T22:12:31.187500Z,2026-05-04T22:13:32.611562488Z,0.9372179508209229,0.3320324420928955,0.0497041419148445,0.9955368057820025,-0.4821975353406873,3780.703119599999,-3.492191400000774,-511.89846900000623,3815.2587951604064,-0.48179876007855404
22.687499988,2026-05-04T22:12:31.195312Z,2026-05-04T22:13:32.619374988Z,0.9375303387641908,0.3321255445480347,0.0645735263824462,0.9967147303788038,-0.4728580356681889,3784.218744599999,-0.9531289000007195,-491.39065650000583,3816.2598582260284,-0.4794560663584553
22.695312488,2026-05-04T22:12:31.203125Z,2026-05-04T22:13:32.627187488Z,0.9381240010261536,0.3314893245697021,0.0813650116324424,0.9982895765873464,-0.46037143364895833,3787.734369599999,1.5859335999993347,-470.8828440000054,3817.26092129165,-0.4771133726383576
22.703124988,2026-05-04T22:12:31.210937Z,2026-05-04T22:13:32.634999988Z,0.9365774393081664,0.3289909660816193,0.0997095555067062,0.9976744714804043,-0.4652484639448178,3791.2499945999994,4.124996099999389,-450.3750315000049,3818.261984357272,-0.4747706789182588
22.710937488,2026-05-04T22:12:31.218750Z,2026-05-04T22:13:32.642812488Z,0.938295841217041,0.3277806043624878,0.1167624443769455,1.0007360684307884,-0.4409737490835406,3794.7656195999994,6.664058599999443,-429.8672190000045,3819.263047422894,-0.47242798519816004
22.718749988,2026-05-04T22:12:31.226562Z,2026-05-04T22:13:32.650624988Z,0.9390612840652466,0.32917720079422,0.1296789646148682,1.0034990576062202,-0.4190666282295086,3797.8281283000006,9.23437049999942,-407.10944970000963,3819.7208386952875,-0.47135665934888815
22.726562488,2026-05-04T22:12:31.234375Z,2026-05-04T22:13:32.658437488Z,0.9376084804534912,0.3277806043624878,0.1419342905282974,1.0033419806039783,-0.4203120565149684,3795.6796908000006,12.164057999999482,-358.4766372000086,3813.9308739578078,-0.4849063691482992
22.734374988,2026-05-04T22:12:31.242187Z,2026-05-04T22:13:32.666249988Z,0.9382489919662476,0.325033962726593,0.1558041870594025,1.0051035730494013,-0.40634478550986103,3793.5312533,15.093745499999544,-309.8438247000076,3808.140909220328,-0.4984560789477102
22.742187488,2026-05-04T22:12:31.250000Z,2026-05-04T22:13:32.674062488Z,0.9393268823623656,0.3242425620555878,0.1670138835906982,1.0076516601926582,-0.3861415746213456,3791.3828158,18.023432999999606,-261.2110122000065,3802.3509444828483,-0.5120057887471212
22.749999988,2026-05-04T22:12:31.257812Z,2026-05-04T22:13:32.681874988Z,0.9371554255485536,0.3250029385089874,0.1753634959459305,1.0072931834301995,-0.3889838563893579,3789.2343783,20.95312049999967,-212.57819970000548,3796.560979745368,-0.5255554985465333
22.757812488,2026-05-04T22:12:31.265625Z,2026-05-04T22:13:32.689687488Z,0.9374522566795348,0.3259339928627014,0.1848048716783524,1.00955561602768,-0.37104553626207676,3787.0859408,23.882807999999734,-163.94538720000446,3790.7710150078883,-0.5391052083459443
22.765624988,2026-05-04T22:12:31.273437Z,2026-05-04T22:13:32.697499988Z,0.9371398091316224,0.3256857097148895,0.1928623169660568,1.0106918801876568,-0.3620363528399855,3793.1874900999996,21.00000480000022,-107.62508700000397,3796.4668103667836,-0.5257758742844977
22.773437488,2026-05-04T22:12:31.281250Z,2026-05-04T22:13:32.705312488Z,0.939233124256134,0.3267564177513123,0.1990591734647751,1.014176105408764,-0.33441071330430616,3799.6328025999996,17.875004800000152,-50.98446200000277,3802.641198205993,-0.5113265352637014
22.781249988,2026-05-04T22:12:31.289062Z,2026-05-04T22:13:32.713124988Z,0.9377334713935852,0.3266478180885315,0.202518954873085,1.0134381024595183,-0.3402621730000287,3806.0781150999996,14.750004800000086,5.656162999998438,3808.815586045203,-0.49687719624290416
22.789062488,2026-05-04T22:12:31.296875Z,2026-05-04T22:13:32.720937488Z,0.933203101158142,0.3268805742263794,0.2019807696342468,1.0092151252928108,-0.3737452108553701,3812.5234276,11.62500480000002,62.296787999999644,3814.9899738844124,-0.48242785722210796
22.796874988,2026-05-04T22:12:31.304687Z,2026-05-04T22:13:32.728749988Z,0.9376553297042848,0.3293944299221039,0.2017501145601273,1.0141012358298274,-0.33500433738674473,3818.9687401,8.500004799999953,118.93741300000086,3821.164361723622,-0.46797851820131176
22.804687488,2026-05-04T22:12:31.312500Z,2026-05-04T22:13:32.736562488Z,0.938045859336853,0.3299220502376556,0.2011042982339859,1.0145055604678652,-0.3317985381065597,3820.3281244,4.882818200000142,172.296793999998,3825.5205117859264,-0.4577842300038667
22.812499988,2026-05-04T22:12:31.320312Z,2026-05-04T22:13:32.744374988Z,0.9344996809959412,0.3305427432060242,0.1970601826906204,1.0106338973484612,-0.36249608575425524,3820.7187494,1.1718807000003926,225.03116899999443,3829.53032688503,-0.44840043694024995
22.820312488,2026-05-04T22:12:31.328125Z,2026-05-04T22:13:32.752187488Z,0.9330624938011168,0.3318772614002228,0.1909709721803665,1.0085722810926272,-0.37884217819384497,3821.1093744,-2.539056799999357,277.7655439999909,3833.5401419841337,-0.43901664387663214
22.828124988,2026-05-04T22:12:31.335937Z,2026-05-04T22:13:32.759999988Z,0.9349995851516724,0.3323738276958466,0.1845434606075287,1.009332885833009,-0.3728115139705254,3821.4999994,-6.2499942999991065,330.4999189999873,3837.549957083237,-0.4296328508130154
22.835937488,2026-05-04T22:12:31.343750Z,2026-05-04T22:13:32.767812488Z,0.9355463981628418,0.333646297454834,0.1770088225603104,1.0089098265875764,-0.37616585574664185,3821.8906244,-9.960931799998857,383.2342939999837,3841.559772182341,-0.4202490577493975
22.843749988,2026-05-04T22:12:31.351562Z,2026-05-04T22:13:32.775624988Z,0.9342966079711914,0.3355704843997955,0.1653685718774796,1.0064116783064396,-0.3959731126091684,3824.953118699999,-11.14062469999994,420.3593272999903,3848.376658396215,-0.4042961402237193
22.851562488,2026-05-04T22:12:31.359375Z,2026-05-04T22:13:32.783437488Z,0.9351558089256288,0.3360360264778137,0.1550968587398529,1.0057294037907587,-0.4013827140667321,3829.054681199999,-11.335937199999943,451.414014799991,3856.2851916942113,-0.38578854372089993
22.859374988,2026-05-04T22:12:31.367187Z,2026-05-04T22:13:32.791249988Z,0.9336092472076416,0.3348256349563599,0.1420880556106567,1.001959803506491,-0.4312710284087323,3833.156243699999,-11.531249699999947,482.46870229999166,3864.193724992208,-0.3672809472180795
22.867187488,2026-05-04T22:12:31.375000Z,2026-05-04T22:13:32.799062488Z,0.9347496628761292,0.3355549573898315,0.1268496364355087,1.0012216996948027,-0.4371232878201178,3837.257806199999,-11.726562199999952,513.5233897999923,3872.102258290204,-0.3487733507152602
22.874999988,2026-05-04T22:12:31.382812Z,2026-05-04T22:13:32.806874988Z,0.9341560006141664,0.3365480899810791,0.1099197641015053,0.9989966991404414,-0.45476481768136456,3841.359368699999,-11.921874699999956,544.578077299993,3880.010791588201,-0.3302657542124398
22.882812488,2026-05-04T22:12:31.390625Z,2026-05-04T22:13:32.814687488Z,0.9365462064743042,0.3350739181041718,0.0966956987977027,0.9993714953014555,-0.4517931430660703,3843.0,-8.484384000001203,558.0546847999997,3883.3294121515933,-0.3224994986984385
22.890624988,2026-05-04T22:12:31.398437Z,2026-05-04T22:13:32.822499988Z,0.9369211196899414,0.3336617946624756,0.0819647088646888,0.9979326586687655,-0.4632013556938395,3843.0,-2.6250090000010773,559.8124972999997,3883.588071308235,-0.32189418300682976
22.898437488,2026-05-04T22:12:31.406250Z,2026-05-04T22:13:32.830312488Z,0.9358900785446168,0.3336617946624756,0.0653731226921081,0.9957379562445887,-0.4806026584830785,3843.0,3.234365999999048,561.5703097999997,3883.8467304648775,-0.3212888673152199
22.906249988,2026-05-04T22:12:31.414062Z,2026-05-04T22:13:32.838124988Z,0.9360306859016418,0.3338945806026459,0.0483509823679924,0.9949758054351194,-0.4866455811410846,3843.0,9.093740999999174,563.3281222999998,3884.10538962152,-0.32068355162361
22.914062488,2026-05-04T22:12:31.421875Z,2026-05-04T22:13:32.845937488Z,0.9377803206443788,0.3325600624084473,0.0329434089362621,0.9955467809647751,-0.4821184443560092,3843.0,14.953115999999298,565.0859347999998,3884.364048778162,-0.32007823593200013
22.921874988,2026-05-04T22:12:31.429687Z,2026-05-04T22:13:32.853749988Z,0.9395924806594848,0.3303099870681763,0.0166593603789806,0.9961005228173809,-0.477727949527134,3842.4375018,19.21874609999975,550.4375498000032,3882.0066174357153,-0.32559511073357206
22.929687488,2026-05-04T22:12:31.437500Z,2026-05-04T22:13:32.861562488Z,0.9417170286178588,0.3293013274669647,0.0003138035535812,0.9976324096244189,-0.46558196295763016,3841.2656268,21.757808599999805,518.0156748000026,3876.8150706119277,-0.3377443993841615
22.937499988,2026-05-04T22:12:31.445312Z,2026-05-04T22:13:32.869374988Z,0.9399986267089844,0.3283392488956451,-0.0163854230195283,0.995827576776051,-0.47989207740979534,3840.0937518,24.29687109999986,485.5937998000018,3871.62352378814,-0.3498936880347509
22.945312488,2026-05-04T22:12:31.453125Z,2026-05-04T22:13:32.877187488Z,0.9395299553871156,0.3277806043624878,-0.0305013414472341,0.9955335220353124,-0.4822235714309602,3838.9218768,26.835933599999912,453.17192480000114,3866.4319769643525,-0.3620429766853403
22.953124988,2026-05-04T22:12:31.460937Z,2026-05-04T22:13:32.884999988Z,0.9422950148582458,0.326927125453949,-0.0406500399112701,0.9982252582103258,-0.4608813996202529,3837.7500018,29.374996099999965,420.75004980000045,3861.2404301405654,-0.3741922653359287
22.960937488,2026-05-04T22:12:31.468750Z,2026-05-04T22:13:32.892812488Z,0.9447633028030396,0.326927125453949,-0.0508448705077171,1.0010216004351935,-0.4387098299253273,3836.8593756,30.85937560000001,382.0000768000012,3856.5041565471806,-0.38527612087403884
22.968749988,2026-05-04T22:12:31.476562Z,2026-05-04T22:13:32.900624988Z,0.9421231746673584,0.3268184959888458,-0.0633769780397415,0.999211212362613,-0.4530639905030726,3836.4687506,30.468750600000035,332.0000768000046,3852.5772629814774,-0.3944658604736645
22.976562488,2026-05-04T22:12:31.484375Z,2026-05-04T22:13:32.908437488Z,0.9416701793670654,0.326321929693222,-0.0731720104813575,0.9992911846032633,-0.4524299085615032,3836.0781256,30.078125600000064,282.00007680000795,3848.6503694157745,-0.40365560007328904
22.984374988,2026-05-04T22:12:31.492187Z,2026-05-04T22:13:32.916249988Z,0.9436072707176208,0.3258408904075623,-0.0798609256744384,1.0014712849914014,-0.4351443820377155,3835.6875006,29.68750060000009,232.00007680001133,3844.7234758500713,-0.41284533967291465
22.992187488,2026-05-04T22:12:31.500000Z,2026-05-04T22:13:32.924062488Z,0.944232165813446,0.3267253935337067,-0.0856579840183258,1.002826583195016,-0.42439852685889445,3835.2968756,29.296875600000114,182.0000768000147,3840.796582284368,-0.4220350792725403
22.999999988,2026-05-04T22:12:31.507812Z,2026-05-04T22:13:32.931874988Z,0.9424043893814088,0.3277029991149902,-0.0909014791250228,1.001887402686261,-0.43184507825764684,3833.0312626000027,28.015631300001395,130.21883820001955,3835.850952386146,-0.4336088716762165
23.007812488,2026-05-04T22:12:31.515625Z,2026-05-04T22:13:32.939687488Z,0.9428730607032776,0.3286806344985962,-0.0930849835276603,1.0028486337691802,-0.4242236928069154,3824.8281376000027,23.91406880000131,72.79696320001831,3827.6792969351336,-0.4527322282012152
23.015624988,2026-05-04T22:12:31.523437Z,2026-05-04T22:13:32.947499988Z,0.9431855082511902,0.3296116888523102,-0.0933310166001319,1.0034707006498707,-0.4192914641699911,3816.6250126000023,19.81250630000122,15.375088200017094,3819.507641484121,-0.471855584726214
23.023437488,2026-05-04T22:12:31.531250Z,2026-05-04T22:13:32.955312488Z,0.9408109784126282,0.3304961919784546,-0.0920854955911636,1.001415382602173,-0.43558761953127667,3808.4218876000023,15.710943800001134,-42.046786799984126,3811.3359860331084,-0.4909789412512127
23.031249988,2026-05-04T22:12:31.539062Z,2026-05-04T22:13:32.963124988Z,0.9417014122009276,0.3310393095016479,-0.0877799838781356,1.0020448591486286,-0.4305966413180423,3800.2187626000023,11.609381300001047,-99.46866179998536,3803.1643305820958,-0.5101022977762114
23.039062488,2026-05-04T22:12:31.546875Z,2026-05-04T22:13:32.970937488Z,0.943138599395752,0.3329634964466095,-0.0831208080053329,1.0036354798230238,-0.4179849671005881,3792.7187536000006,7.554693200000867,-155.5546163999892,3796.0856784481,-0.5266678014598091
23.046874988,2026-05-04T22:12:31.554687Z,2026-05-04T22:13:32.978749988Z,0.9396705627441406,0.3348721861839294,-0.0793996155261993,1.0007119698060989,-0.4411648216683282,3790.3750036000006,3.8437557000007883,-201.84367889999018,3797.0225005607585,-0.5244754447986325
23.054687488,2026-05-04T22:12:31.562500Z,2026-05-04T22:13:32.986562488Z,0.9372022747993468,0.334918737411499,-0.0715574398636817,0.9978171835352543,-0.4641169321021581,3788.0312536000006,0.13281820000070904,-248.13274139999115,3797.9593226734164,-0.5222830881374569
23.062499988,2026-05-04T22:12:31.570312Z,2026-05-04T22:13:32.994374988Z,0.9384364485740662,0.3341583609580994,-0.0609013065695762,0.9980149033718839,-0.4625492559075497,3785.6875036000006,-3.57811929999937,-294.42180389999214,3798.8961447860747,-0.5200907314762804
23.070312488,2026-05-04T22:12:31.578125Z,2026-05-04T22:13:33.002187488Z,0.940326690673828,0.335508406162262,-0.0496147200465202,0.9996208262358427,-0.44981625406453635,3783.3437536,-7.289056799999449,-340.7108663999931,3799.832966898733,-0.5178983748151037
23.078124988,2026-05-04T22:12:31.585937Z,2026-05-04T22:13:33.009999988Z,0.9373897910118104,0.3370912075042725,-0.0391584858298301,0.9969270231478025,-0.4711748139645914,3781.0000036,-10.999994299999528,-386.99992889999413,3800.7697890113914,-0.5157060181539271
23.085937488,2026-05-04T22:12:31.593750Z,2026-05-04T22:13:33.017812488Z,0.9371866583824158,0.3376343250274658,-0.0246735271066427,0.9964559965330299,-0.4749094782430632,3777.093756,-11.0,-406.9218443999979,3799.1882472651814,-0.5194071515231998
23.093749988,2026-05-04T22:12:31.601562Z,2026-05-04T22:13:33.025624988Z,0.936983585357666,0.3359273970127106,-0.00940434448421,0.995426489997438,-0.48307220442953214,3773.187506,-11.0,-426.8437193999983,3797.6067016507586,-0.5231082939448872
23.101562488,2026-05-04T22:12:31.609375Z,2026-05-04T22:13:33.033437488Z,0.9369523525238036,0.3349497616291046,0.0061877481639385,0.9950423819831115,-0.48611771063913894,3769.281256,-11.0,-446.76559439999875,3796.0251560363354,-0.5268094363665756
23.109374988,2026-05-04T22:12:31.617187Z,2026-05-04T22:13:33.041249988Z,0.9374366402626038,0.3359584212303162,0.0187967382371425,0.9959964019366538,-0.47855350061426777,3765.375006,-11.0,-466.68746939999915,3794.4436104219126,-0.5305105787882629
23.117187488,2026-05-04T22:12:31.625000Z,2026-05-04T22:13:33.049062488Z,0.9362337589263916,0.3345308005809784,0.033743005245924,0.994777914056106,-0.4882146174567407,3761.468756,-11.0,-486.6093443999996,3792.8620648074893,-0.5342117212099513
23.124999988,2026-05-04T22:12:31.632812Z,2026-05-04T22:13:33.056874988Z,0.9367805123329164,0.3326221108436584,0.0501962006092071,0.9953466006695417,-0.4837056289744898,3764.437494,-4.125011999999994,-475.0781493,3794.4576780758903,-0.5304776575810365
23.132812488,2026-05-04T22:12:31.640625Z,2026-05-04T22:13:33.064687488Z,0.9400142431259156,0.3319083154201508,0.0684177279472351,0.9992351538162036,-0.45287416409264186,3768.3437440000002,3.6874880000001737,-459.25783679999967,3796.4865465846715,-0.5257296874704076
23.140624988,2026-05-04T22:12:31.648437Z,2026-05-04T22:13:33.072499988Z,0.9358900785446168,0.3307600021362305,0.0831794738769531,0.9960980087350114,-0.4777478831218059,3772.2499940000002,11.499988000000341,-443.4375242999993,3798.515415093453,-0.5209817173597776
23.148437488,2026-05-04T22:12:31.656250Z,2026-05-04T22:13:33.080312488Z,0.9366555213928224,0.3308065533638,0.0979412198066711,0.9981728427688841,-0.4612969898876676,3776.1562440000002,19.312488000000506,-427.617211799999,3800.5442836022344,-0.5162337472491487
23.156249988,2026-05-04T22:12:31.664062Z,2026-05-04T22:13:33.088124988Z,0.9388269782066344,0.3296737670898438,0.1137793436646461,1.0015121700511516,-0.43482021357805006,3780.0624940000002,27.124988000000673,-411.79689929999864,3802.573152111016,-0.5114857771385187
23.164062488,2026-05-04T22:12:31.671875Z,2026-05-04T22:13:33.095937488Z,0.9396861791610718,0.3268029987812042,0.1288486272096634,1.003201018765699,-0.42142971128337986,3783.5234324000003,30.039060400000054,-379.3516203999985,3803.2368468641866,-0.5099325947430128
23.171874988,2026-05-04T22:12:31.679687Z,2026-05-04T22:13:33.103749988Z,0.9376084804534912,0.3258719146251678,0.1402736008167267,1.0024863342938237,-0.42709628400725796,3786.8437449,31.40624789999996,-341.656307900001,3803.4694304851996,-0.5093883011744489
23.179687488,2026-05-04T22:12:31.687500Z,2026-05-04T22:13:33.111562488Z,0.9373272657394408,0.3262443542480469,0.1506221890449524,1.0038450207128562,-0.41632356442907664,3790.1640574,32.77343539999987,-303.9609954000036,3803.7020141062126,-0.5088440076058851
23.187499988,2026-05-04T22:12:31.695312Z,2026-05-04T22:13:33.119374988Z,0.9389363527297974,0.3256701827049255,0.1625238507986069,1.0070136764011708,-0.3912000048704774,3793.4843698999994,34.14062289999978,-266.26568290000614,3803.9345977272255,-0.5082997140373212
23.195312488,2026-05-04T22:12:31.703125Z,2026-05-04T22:13:33.127187488Z,0.9379053115844728,0.3248322308063507,0.1724880337715149,1.0074395631815143,-0.3878232442048618,3796.8046823999994,35.507810399999684,-228.57037040000867,3804.1671813482385,-0.5077554204687573
23.203124988,2026-05-04T22:12:31.710937Z,2026-05-04T22:13:33.134999988Z,0.9384832978248596,0.3250805139541626,0.1806992590427399,1.0094951525725726,-0.3715249374229887,3800.499993999999,33.50000600000094,-177.75008940001402,3806.0864915135785,-0.5032638394428707
23.210937488,2026-05-04T22:12:31.718750Z,2026-05-04T22:13:33.142812488Z,0.9376240968704224,0.3258253633975983,0.1869729906320572,1.0100792115924115,-0.36689406458162127,3804.4062439999993,29.593756000000855,-119.54696440001277,3808.9545916853435,-0.4965518944198734
23.218749988,2026-05-04T22:12:31.726562Z,2026-05-04T22:13:33.150624988Z,0.9378427863121032,0.3258874416351318,0.1918628215789795,1.0112186008758877,-0.35786010275692454,3808.3124939999993,25.687506000000774,-61.343839400011525,3811.822691857108,-0.48983994939687714
23.226562488,2026-05-04T22:12:31.734375Z,2026-05-04T22:13:33.158437488Z,0.9374522566795348,0.3270512819290161,0.1952918618917465,1.0118884256112974,-0.35254921281203394,3812.2187439999993,21.78125600000069,-3.140714400010282,3814.690792028873,-0.48312800437387987
23.234374988,2026-05-04T22:12:31.742187Z,2026-05-04T22:13:33.166249988Z,0.9365149140357972,0.3277806043624878,0.1969986855983734,1.0115872631341307,-0.35493706247958107,3816.1249939999993,17.875006000000607,55.06241059999096,3817.5588922006377,-0.4764160593508836
23.242187488,2026-05-04T22:12:31.750000Z,2026-05-04T22:13:33.174062488Z,0.9363743662834167,0.3288513123989105,0.1961221992969513,1.01163434923703,-0.3545637273409803,3819.2187464,13.257820600000708,109.91398299999305,3821.663298734225,-0.46681090285158483
23.249999988,2026-05-04T22:12:31.757812Z,2026-05-04T22:13:33.181874988Z,0.935796320438385,0.3299686014652252,0.1926624178886414,1.0107981195894828,-0.3611940044746864,3821.5624964,7.984383100000595,161.67179549999415,3826.9089181630907,-0.45453507317006936
23.257812488,2026-05-04T22:12:31.765625Z,2026-05-04T22:13:33.189687488Z,0.9354214072227478,0.3306358456611633,0.1887413263320923,1.0099289874997428,-0.3680851576856205,3823.9062464,2.710945600000482,213.42960799999526,3832.1545375919563,-0.4422592434885539
23.265624988,2026-05-04T22:12:31.773437Z,2026-05-04T22:13:33.197499988Z,0.9358744621276855,0.3311634659767151,0.1850662678480148,1.0098414596141756,-0.3687791466394206,3826.2499964,-2.562491899999631,265.18742049999634,3837.4001570208216,-0.42998341380703947
23.273437488,2026-05-04T22:12:31.781250Z,2026-05-04T22:13:33.205312488Z,0.9348277449607848,0.3328548967838287,0.1783466041088104,1.008217638339354,-0.38165406096379806,3828.5937464,-7.835929399999744,316.9452329999975,3842.645776449687,-0.41770758412552395
23.281249988,2026-05-04T22:12:31.789062Z,2026-05-04T22:13:33.213124988Z,0.9351714253425598,0.3352290987968445,0.1703045219182968,1.0079324251373198,-0.38391545240958636,3832.6562397999996,-10.765625900000016,362.84369299999895,3850.128233042045,-0.40019709485486427
23.289062488,2026-05-04T22:12:31.796875Z,2026-05-04T22:13:33.220937488Z,0.933640480041504,0.3352445960044861,0.160417228937149,1.0048916222470037,-0.40802529583705377,3839.2968648,-10.179688400000003,399.95306799999975,3860.965966853361,-0.37483456594756115
23.296874988,2026-05-04T22:12:31.804687Z,2026-05-04T22:13:33.228749988Z,0.934031069278717,0.3347480297088623,0.1487462222576141,1.0032924401229286,-0.4207048518668909,3845.9374898,-9.593750899999991,437.06244300000054,3871.8037006646764,-0.3494720370402591
23.304687488,2026-05-04T22:12:31.812500Z,2026-05-04T22:13:33.236562488Z,0.9351245760917664,0.3353997766971588,0.1351223587989807,1.0026011344830557,-0.426186059080598,3852.5781148,-9.007813399999979,474.17181800000134,3882.6414344759924,-0.32410950813295597
23.312499988,2026-05-04T22:12:31.820312Z,2026-05-04T22:13:33.244374988Z,0.9356400966644288,0.335880845785141,0.120868057012558,1.001422698093844,-0.4355296166402156,3859.2187398000005,-8.421875899999966,511.28119300000213,3893.4791682873083,-0.2987469792256528
23.320312488,2026-05-04T22:12:31.828125Z,2026-05-04T22:13:33.252187488Z,0.9347184300422668,0.3356325626373291,0.1070750504732132,0.9989058148779704,-0.45548541859409597,3862.7421944,-6.1406351999996405,538.9843696000002,3900.179734475925,-0.28306627451258337
23.328124988,2026-05-04T22:12:31.835937Z,2026-05-04T22:13:33.259999988Z,0.9357338547706604,0.3354463279247284,0.0936664640903472,0.9984465395690107,-0.4591269094070591,3858.2500069000002,0.49998979999991067,542.4999945999999,3896.2417885795926,-0.2922818788418619
23.335937488,2026-05-04T22:12:31.843750Z,2026-05-04T22:13:33.267812488Z,0.9366555213928224,0.3346859812736511,0.0796120539307594,0.9978358336659597,-0.46396905940293043,3853.7578194000002,7.1406147999994625,546.0156195999997,3892.3038426832595,-0.30149748317114156
23.343749988,2026-05-04T22:12:31.851562Z,2026-05-04T22:13:33.275624988Z,0.93565571308136,0.333972156047821,0.0626052916049957,0.9954438391863023,-0.48293464660608876,3849.2656319000007,13.781239799999014,549.5312445999995,3888.365896786927,-0.3107130875004201
23.351562488,2026-05-04T22:12:31.859375Z,2026-05-04T22:13:33.283437488Z,0.9369055032730104,0.3334600627422333,0.0460444614291191,0.9955438854895371,-0.4821414019291091,3844.773444400001,20.421864799998566,553.0468695999992,3884.427950890594,-0.3199286918296997
23.359374988,2026-05-04T22:12:31.867187Z,2026-05-04T22:13:33.291249988Z,0.9396549463272096,0.3318772614002228,0.0312980897724628,0.997032349131716,-0.4703397078848495,3840.5312545000006,26.0,551.843789900007,3880.1288302062626,-0.3299895195387626
23.367187488,2026-05-04T22:12:31.875000Z,2026-05-04T22:13:33.299062488Z,0.9396393299102784,0.3301858305931091,0.0159212723374366,0.996091481718191,-0.47779963437279654,3837.6015670000006,26.0,525.8672274000064,3873.933520214241,-0.3444878207055884
23.374999988,2026-05-04T22:12:31.882812Z,2026-05-04T22:13:33.306874988Z,0.9392018914222716,0.3298754990100861,0.0002984255552291,0.9954487062406269,-0.4828960568250504,3834.6718795000006,26.0,499.8906649000059,3867.738210222219,-0.35898612187241535
23.382812488,2026-05-04T22:12:31.890625Z,2026-05-04T22:13:33.314687488Z,0.9402173161506652,0.3296582400798798,-0.0130332764238119,0.9964201037396139,-0.47519406414377696,3831.7421920000006,26.0,473.91410240000533,3861.5429002301976,-0.3734844230392411
23.390624988,2026-05-04T22:12:31.898437Z,2026-05-04T22:13:33.322499988Z,0.9417951703071594,0.3275633454322815,-0.0256115105003118,0.9974626998313206,-0.4669275538056058,3828.8125045000006,26.0,447.93753990000477,3855.3475902381756,-0.38798272420606805
23.398437488,2026-05-04T22:12:31.906250Z,2026-05-04T22:13:33.330312488Z,0.9421856999397278,0.3264615833759308,-0.0381128638982772,0.9978695550951353,-0.46370168976178644,3825.9453146,26.015624399999936,421.1563208000075,3849.199137636233,-0.402371369430878
23.406249988,2026-05-04T22:12:31.914062Z,2026-05-04T22:13:33.338124988Z,0.942576229572296,0.3273771405220032,-0.0500452741980552,0.9990646976851136,-0.4542256724869938,3824.5781271,26.406249399999943,375.06257080000654,3844.175307381017,-0.4141281667735349
23.414062488,2026-05-04T22:12:31.921875Z,2026-05-04T22:13:33.345937488Z,0.9423731565475464,0.3271133303642273,-0.0601478442549705,0.9993438148364568,-0.45201261525851105,3823.2109396,26.796874399999954,328.9688208000055,3839.1514771258007,-0.4258849641161919
23.421874988,2026-05-04T22:12:31.929687Z,2026-05-04T22:13:33.353749988Z,0.9436854124069214,0.3257788121700287,-0.0669136419892311,1.0005755481385696,-0.4422464784421753,3821.8437521,27.18749939999996,282.87507080000455,3834.127646870584,-0.43764176145885
23.429687488,2026-05-04T22:12:31.937500Z,2026-05-04T22:13:33.361562488Z,0.9431855082511902,0.325965017080307,-0.0739254727959632,1.000658318739882,-0.44159020892717454,3820.4765646,27.578124399999968,236.78132080000358,3829.103816615368,-0.4493985588015069
23.437499988,2026-05-04T22:12:31.945312Z,2026-05-04T22:13:33.369374988Z,0.9421388506889344,0.3278271555900574,-0.0813217237591743,1.0008543753588217,-0.44003572001222174,3819.1093771,27.96874939999998,190.6875708000026,3824.079986360152,-0.4611553561441639
23.445312488,2026-05-04T22:12:31.953125Z,2026-05-04T22:13:33.377187488Z,0.9421231746673584,0.3279047310352325,-0.0855811014771461,1.0012201125679765,-0.4371358717923972,3814.3281328000003,24.046881600000148,135.25008640000195,3818.4080528094587,-0.474428848660612
23.453124988,2026-05-04T22:12:31.960937Z,2026-05-04T22:13:33.384999988Z,0.944107174873352,0.3279202580451965,-0.0861500427126884,1.0031410086040589,-0.4219055183821591,3809.2500078000003,19.75000660000006,79.00008640000075,3812.6797612743194,-0.48783423046633007
23.460937488,2026-05-04T22:12:31.968750Z,2026-05-04T22:13:33.392812488Z,0.9429667592048644,0.3287892639636993,-0.0864883288741111,1.002381623980883,-0.42792650857008097,3804.1718828,15.453131599999967,22.75008639999955,3806.95146973918,-0.5012396122720482
23.468749988,2026-05-04T22:12:31.976562Z,2026-05-04T22:13:33.400624988Z,0.9409672021865844,0.3305737972259521,-0.0852889418601989,1.000985771430776,-0.4389939100573939,3799.0937578,11.156256599999875,-33.49991360000165,3801.223178204041,-0.5146449940777662
23.476562488,2026-05-04T22:12:31.984375Z,2026-05-04T22:13:33.408437488Z,0.9402329325675964,0.3324669301509857,-0.0821828246116638,1.0006629021752702,-0.44155386789700807,3794.0156328,6.859381599999783,-89.74991360000286,3795.4948866689015,-0.5280503758834842
23.484374988,2026-05-04T22:12:31.992187Z,2026-05-04T22:13:33.416249988Z,0.9407484531402588,0.3335221409797668,-0.0776927918195724,1.0011397707164753,-0.4377728842954224,3792.3750012,3.968753899999998,-136.31243220000005,3795.715075879695,-0.5275350877871849
23.492187488,2026-05-04T22:12:32.000000Z,2026-05-04T22:13:33.424062488Z,0.9409359097480774,0.3333204090595245,-0.0710961371660232,1.000758483385967,-0.4407960259363049,3791.5937512,1.4296914000001695,-180.45305719999706,3797.422399553353,-0.5235395988057102
23.499999988,2026-05-04T22:12:32.007812Z,2026-05-04T22:13:33.431874988Z,0.9403735399246216,0.3339100778102875,-0.0643764659762382,0.9999713316016744,-0.4470371757107234,3790.8125012,-1.109371099999659,-224.59368219999408,3799.129723227011,-0.5195441098242355
23.507812488,2026-05-04T22:12:32.015625Z,2026-05-04T22:13:33.439687488Z,0.9375147223472596,0.3352445960044861,-0.057103231549263,0.9972881092349588,-0.46831184344687027,3790.0312512,-3.6484335999994877,-268.7343071999911,3800.837046900668,-0.5155486208427618
23.515624988,2026-05-04T22:12:32.023437Z,2026-05-04T22:13:33.447499988Z,0.9379833936691284,0.3365636169910431,-0.0456321239471435,0.9975821799817177,-0.4659802225175641,3789.2500012,-6.187496099999317,-312.8749321999881,3802.544370574326,-0.511553131861287
23.523437488,2026-05-04T22:12:32.031250Z,2026-05-04T22:13:33.455312488Z,0.9392644166946412,0.3362067043781281,-0.0306858625262975,0.9980952933946284,-0.46191186146555113,3787.1406292000006,-8.195309799999514,-343.6015249999933,3802.945524422286,-0.5106143492484002
23.531249988,2026-05-04T22:12:32.039062Z,2026-05-04T22:13:33.463124988Z,0.938030242919922,0.3365946412086487,-0.0174002926796674,0.9967444302869843,-0.4726225517641436,3784.4062542000006,-9.953122299999551,-368.0155874999938,3802.7320057781317,-0.5111140268451091
23.539062488,2026-05-04T22:12:32.046875Z,2026-05-04T22:13:33.470937488Z,0.9370617270469666,0.3369360268115997,-0.0056216474622488,0.9958123163428039,-0.4800130739588964,3781.6718792000006,-11.71093479999959,-392.4296499999943,3802.5184871339775,-0.511613704441818
23.546874988,2026-05-04T22:12:32.054687Z,2026-05-04T22:13:33.478749988Z,0.93545264005661,0.3360670506954193,0.0073102544993162,0.9940151629491594,-0.4942622997386725,3778.9375042000006,-13.468747299999627,-416.8437124999948,3802.304968489823,-0.512113382038528
23.554687488,2026-05-04T22:12:32.062500Z,2026-05-04T22:13:33.486562488Z,0.9374522566795348,0.3348256349563599,0.0217337105423212,0.9956893559496452,-0.4809879993104459,3776.2031292000006,-15.226559799999665,-441.2577749999953,3802.0914498456686,-0.5126130596352368
23.562499988,2026-05-04T22:12:32.070312Z,2026-05-04T22:13:33.494374988Z,0.9379209280014038,0.3333514630794525,0.0375103242695331,0.9961053606657438,-0.4776895913136085,3775.3281241,-13.703131300000697,-449.3750072000008,3802.0163149604446,-0.5127888907390099
23.570312488,2026-05-04T22:12:32.078125Z,2026-05-04T22:13:33.502187488Z,0.9370929598808287,0.333056628704071,0.0530716627836227,0.9959350052953017,-0.4790403007994056,3775.9140616,-9.60156880000061,-444.6875072000007,3802.049910849323,-0.5127102694407123
23.578124988,2026-05-04T22:12:32.085937Z,2026-05-04T22:13:33.509999988Z,0.9365774393081664,0.3329324722290039,0.0682639628648757,0.9963339297201395,-0.4758773185972834,3776.4999991,-5.500006300000522,-440.0000072000006,3802.0835067382013,-0.5126316481424157
23.585937488,2026-05-04T22:12:32.093750Z,2026-05-04T22:13:33.517812488Z,0.9372022747993468,0.3314427733421326,0.0842558518052101,0.9976479661950983,-0.4654586184013146,3777.0859366,-1.3984438000004351,-435.3125072000005,3802.11710262708,-0.512553026844118
23.593749988,2026-05-04T22:12:32.101562Z,2026-05-04T22:13:33.525624988Z,0.9381864666938782,0.3289444148540497,0.1002477407455444,0.9992236405709196,-0.4529654500296633,3777.6718741,2.703118699999652,-430.62500720000037,3802.150698515958,-0.5124744055458214
23.601562488,2026-05-04T22:12:32.109375Z,2026-05-04T22:13:33.533437488Z,0.9373584985733032,0.3284478485584259,0.1124876886606216,0.9995861264395705,-0.4500913809587369,3778.1718744,8.351550799999519,-412.6172412000022,3800.990309758676,-0.5151899541939662
23.609374988,2026-05-04T22:12:32.117187Z,2026-05-04T22:13:33.541249988Z,0.9384676814079284,0.3285254538059235,0.1245123594999313,1.0020747928741651,-0.4303593035286762,3778.5624994,15.968738299999682,-377.65630370000144,3798.3102947060397,-0.52146174130628
23.617187488,2026-05-04T22:12:32.125000Z,2026-05-04T22:13:33.549062488Z,0.9377647042274476,0.3265391886234283,0.1368445605039597,1.002375636147029,-0.42797398476038123,3778.9531244,23.585925799999846,-342.6953662000007,3795.630279653403,-0.527733528418595
23.624999988,2026-05-04T22:12:32.132812Z,2026-05-04T22:13:33.556874988Z,0.938045859336853,0.3249874114990234,0.1495150625705719,1.0039430291542109,-0.4155464775014247,3779.3437494,31.203113300000005,-307.73442869999997,3792.9502646007663,-0.5340053155309088
23.632812488,2026-05-04T22:12:32.140625Z,2026-05-04T22:13:33.564687488Z,0.9392956495285034,0.3256857097148895,0.1597252786159515,1.0069059853653706,-0.3920538629156515,3779.7343744,38.82030080000017,-272.7734911999992,3790.27024954813,-0.5402771026432227
23.640624988,2026-05-04T22:12:32.148437Z,2026-05-04T22:13:33.572499988Z,0.9385926723480223,0.3254995048046112,0.1678288578987122,1.007508142774556,-0.38727949200842005,3781.874991,42.93750509999995,-232.1250809999992,3789.8044352477145,-0.5413672040302289
23.648437488,2026-05-04T22:12:32.156250Z,2026-05-04T22:13:33.580312488Z,0.9373897910118104,0.3256081342697144,0.1749944537878036,1.0076424644943571,-0.38621448524865076,3787.7343659999997,39.61719260000017,-179.39070600000278,3794.0438307589393,-0.5314461455252983
23.656249988,2026-05-04T22:12:32.164062Z,2026-05-04T22:13:33.588124988Z,0.9390769004821776,0.3260115683078766,0.1828520148992538,1.0107343009131984,-0.36170000843103184,3793.593740999999,36.2968801000004,-126.65633100000633,3798.2832262701645,-0.5215250870203668
23.664062488,2026-05-04T22:12:32.171875Z,2026-05-04T22:13:33.595937488Z,0.9383426904678344,0.3258874416351318,0.1875573098659515,1.0108745589112718,-0.3605879342535939,3799.4531159999988,32.97656760000062,-73.92195600000989,3802.5226217813897,-0.5116040285154353
23.671874988,2026-05-04T22:12:32.179687Z,2026-05-04T22:13:33.603749988Z,0.9364524483680724,0.3267253935337067,0.1900637298822403,1.0098598379235912,-0.3686334291501733,3805.3124909999983,29.65625510000085,-21.18758100001345,3806.762017292615,-0.5016829700105037
23.679687488,2026-05-04T22:12:32.187500Z,2026-05-04T22:13:33.611562488Z,0.9365774393081664,0.3286961317062378,0.1892641484737396,1.0104649250306397,-0.363835829326332,3810.9765549999984,25.671885200002023,31.781167199983575,3811.572910492147,-0.4904244892277703
23.687499988,2026-05-04T22:12:32.195312Z,2026-05-04T22:13:33.619374988Z,0.9365618228912354,0.3291306495666504,0.1881570070981979,1.010385120586042,-0.364468580850673,3815.859367499999,19.03126020000188,85.68741719998472,3818.6698163905926,-0.4738162679764052
23.695312488,2026-05-04T22:12:32.203125Z,2026-05-04T22:13:33.627187488Z,0.9372022747993468,0.3286806344985962,0.1873574107885361,1.0106838589592961,-0.3620999513588131,3820.742179999999,12.390635200001741,139.59366719998587,3825.7667222890377,-0.4572080467250411
23.703124988,2026-05-04T22:12:32.210937Z,2026-05-04T22:13:33.634999988Z,0.9353589415550232,0.3302789330482483,0.1834363341331482,1.008776195120915,-0.3772253896442345,3825.624992499999,5.7500102000016,193.49991719998704,3832.8636281874833,-0.44059982547367593
23.710937488,2026-05-04T22:12:32.218750Z,2026-05-04T22:13:33.642812488Z,0.9342653751373292,0.3329324722290039,0.1772702187299728,1.0075319115013595,-0.3870910351099062,3830.507804999999,-0.8906147999985412,247.40616719998818,3839.9605340859284,-0.42399160422231186
23.718749988,2026-05-04T22:12:32.226562Z,2026-05-04T22:13:33.650624988Z,0.9347496628761292,0.3332273066043854,0.1727033108472824,1.0072853635844528,-0.38904585819065207,3835.1874963999994,-6.921876500000193,299.85932009999294,3846.9637608583116,-0.407602611417053
23.726562488,2026-05-04T22:12:32.234375Z,2026-05-04T22:13:33.658437488Z,0.935921311378479,0.3341428637504578,0.1659990102052689,1.007549416096748,-0.38695224510302273,3837.5312463999994,-5.945314000000173,335.6015075999937,3852.8896551975527,-0.39373479835786
23.734374988,2026-05-04T22:12:32.242187Z,2026-05-04T22:13:33.666249988Z,0.934124767780304,0.3350118398666382,0.153866708278656,1.0042395025828976,-0.41319580624653807,3839.8749963999994,-4.968751500000152,371.3436950999944,3858.8155495367937,-0.379866985298667
23.742187488,2026-05-04T22:12:32.250000Z,2026-05-04T22:13:33.674062488Z,0.9341091513633728,0.3354773819446564,0.1416575163602829,1.0025825813361238,-0.4263331628172588,3842.2187464,-3.9921890000001308,407.0858825999952,3864.741443876035,-0.365999172239473
23.749999988,2026-05-04T22:12:32.257812Z,2026-05-04T22:13:33.681874988Z,0.9343435168266296,0.3353687524795532,0.1293560564517975,1.0011008924760814,-0.43808114113496255,3844.5624964,-3.01562650000011,442.82807009999595,3870.6673382152762,-0.35213135918028
23.757812488,2026-05-04T22:12:32.265625Z,2026-05-04T22:13:33.689687488Z,0.9344528317451476,0.3357411623001099,0.1162550076842308,0.9997196855273054,-0.4490324209374019,3846.9062464,-2.039064000000089,478.5702575999967,3876.5932325545177,-0.33826354612108595
23.765624988,2026-05-04T22:12:32.273437Z,2026-05-04T22:13:33.697499988Z,0.9367961287498474,0.3357722163200378,0.104368731379509,1.0006112133006202,-0.44196369737945246,3844.1875045,-1.4375009000000412,491.2499819999992,3875.523560368855,-0.34076679931059284
23.773437488,2026-05-04T22:12:32.281250Z,2026-05-04T22:13:33.705312488Z,0.9358431696891784,0.3354153037071228,0.0907910019159317,0.9982729437602366,-0.4605033116008807,3841.257817,-0.8515634000000286,502.9687319999994,3874.1623945853585,-0.34395220754561723
23.781249988,2026-05-04T22:12:32.289062Z,2026-05-04T22:13:33.713124988Z,0.9346246719360352,0.3350118398666382,0.0751527771353721,0.9956927990869122,-0.48096069944807396,3838.3281295,-0.265625900000016,514.6874819999997,3872.8012288018613,-0.34713761578064267
23.789062488,2026-05-04T22:12:32.296875Z,2026-05-04T22:13:33.720937488Z,0.9368117451667786,0.3343756198883057,0.0605601742863655,0.9965394301118792,-0.4742479521280175,3835.398442,0.32031159999999653,526.4062319999999,3871.4400630183645,-0.35032302401566706
23.796874988,2026-05-04T22:12:32.304687Z,2026-05-04T22:13:33.728749988Z,0.9387019872665404,0.3328548967838287,0.0461982265114784,0.9970396578591703,-0.4702817586257453,3832.4687545,0.906249100000009,538.1249820000002,3870.078897234868,-0.35350843225069145
23.804687488,2026-05-04T22:12:32.312500Z,2026-05-04T22:13:33.736562488Z,0.938873827457428,0.3319238126277924,0.029852669686079,0.9962673652997553,-0.47640509294214867,3835.7734305999998,7.234363599999716,523.4297178000007,3871.542847325703,-0.3500824875703665
23.812499988,2026-05-04T22:12:32.320312Z,2026-05-04T22:13:33.744374988Z,0.9374210238456726,0.3301703333854675,0.0139222862198948,0.9939640109427145,-0.4946678725136507,3840.2656180999993,14.656238599999215,503.7031553000021,3873.5449208758578,-0.3453972231807456
23.820312488,2026-05-04T22:12:32.328125Z,2026-05-04T22:13:33.752187488Z,0.9398580193519592,0.3292858004570007,0.0004983246326446,0.9958727244232743,-0.4795341118510481,3844.7578055999993,22.078113599998716,483.9765928000034,3875.5469944260126,-0.34071195879112476
23.828124988,2026-05-04T22:12:32.335937Z,2026-05-04T22:13:33.759999988Z,0.9419982433319092,0.3294565081596375,-0.0123720709234476,0.9980257257947206,-0.462463447346617,3849.249993099999,29.499988599998215,464.25003030000477,3877.5490679761674,-0.3360266944015039
23.835937488,2026-05-04T22:12:32.343750Z,2026-05-04T22:13:33.767812488Z,0.9406235218048096,0.3284168243408203,-0.0246889013797044,0.996614149073717,-0.4736555222547394,3853.7421805999984,36.921863599997714,444.5234678000061,3879.5511415263227,-0.331341430011882
23.843749988,2026-05-04T22:12:32.351562Z,2026-05-04T22:13:33.775624988Z,0.9423575401306152,0.3267564177513123,-0.0344839394092559,0.9979963086404054,-0.4626966893587443,3851.2031331000017,37.73437770000055,409.4688130000128,3873.762402031187,-0.34488827249189696
23.851562488,2026-05-04T22:12:32.359375Z,2026-05-04T22:13:33.783437488Z,0.9432948231697084,0.3258874416351318,-0.0448479056358337,0.9990090503464838,-0.4546668877416206,3845.9296956000017,35.97656520000051,368.4531880000119,3864.9438788233824,-0.3655254327757318
23.859374988,2026-05-04T22:12:32.367187Z,2026-05-04T22:13:33.791249988Z,0.9411077499389648,0.3270512819290161,-0.0565650463104248,0.9979208097192355,-0.46329530335445834,3840.656258100001,34.21875270000047,327.43756300001104,3856.125355615578,-0.38616259305956663
23.867187488,2026-05-04T22:12:32.375000Z,2026-05-04T22:13:33.799062488Z,0.940670371055603,0.3274547159671783,-0.0646840035915374,0.9981339380622529,-0.46160545657206065,3835.382820600001,32.46094020000044,286.4219380000102,3847.3068324077735,-0.4067997533434015
23.874999988,2026-05-04T22:12:32.382812Z,2026-05-04T22:13:33.806874988Z,0.9465754628181458,0.3265081346035004,-0.0687434822320938,1.0036624607511424,-0.41777104137901677,3830.109383100001,30.703127700000397,245.4063130000093,3838.488309199969,-0.42743691362723635
23.882812488,2026-05-04T22:12:32.390625Z,2026-05-04T22:13:33.814687488Z,0.9442946314811708,0.3261667490005493,-0.0756476745009422,1.0018980336616836,-0.43176078764027814,3825.8906304000006,27.53906880000084,196.77352000001102,3832.0695761479715,-0.44245807076338717
23.890624988,2026-05-04T22:12:32.398437Z,2026-05-04T22:13:33.822499988Z,0.9403891563415528,0.3274081647396088,-0.0810141861438751,0.9990451291405663,-0.4543808270833808,3822.3750054000006,23.437506300000756,143.06258250000988,3827.2507134389766,-0.45373520183940563
23.898437488,2026-05-04T22:12:32.406250Z,2026-05-04T22:13:33.830312488Z,0.9406079053878784,0.3283858001232147,-0.0814447328448295,0.9996067776425396,-0.4499276422067908,3818.8593804000006,19.335943800000667,89.35164500000873,3822.4318507299818,-0.46501233291542404
23.906249988,2026-05-04T22:12:32.414062Z,2026-05-04T22:13:33.838124988Z,0.943513572216034,0.3292703032493591,-0.0791382119059562,1.0024468315783428,-0.42740949216956203,3815.3437554000006,15.234381300000582,35.64070750000759,3817.6129880209874,-0.47628946399144145
23.914062488,2026-05-04T22:12:32.421875Z,2026-05-04T22:13:33.845937488Z,0.943029284477234,0.3301392793655396,-0.0765549093484878,1.002076259227309,-0.43034767714380956,3811.8281304000006,11.132818800000495,-18.07022999999355,3812.7941253119925,-0.4875665950674599
23.921874988,2026-05-04T22:12:32.429687Z,2026-05-04T22:13:33.853749988Z,0.9407328367233276,0.3326531648635864,-0.0758168175816535,1.000692054536004,-0.441322725373738,3808.8750036,6.843756900000443,-68.12492919999545,3810.118831181892,-0.49382733424887154
23.929687488,2026-05-04T22:12:32.437500Z,2026-05-04T22:13:33.861562488Z,0.9393268823623656,0.3335842192173004,-0.073617935180664,0.9995163948728815,-0.4506442668955984,3806.5312536,2.351569400000347,-114.21867919999643,3809.765750636098,-0.494653615435069
23.937499988,2026-05-04T22:12:32.445312Z,2026-05-04T22:13:33.869374988Z,0.940436065196991,0.3331652283668518,-0.0664215832948684,0.9999154408465412,-0.4474803209601562,3804.1875036,-2.140618099999749,-160.3124291999974,3809.4126700903034,-0.49547989662126757
23.945312488,2026-05-04T22:12:32.453125Z,2026-05-04T22:13:33.877187488Z,0.9421544671058656,0.3329169452190399,-0.0565650463104248,1.0008438123731471,-0.4401194715541425,3801.8437536,-6.632805599999845,-206.4061791999984,3809.059589544509,-0.4963061778074661
23.953124988,2026-05-04T22:12:32.460937Z,2026-05-04T22:13:33.884999988Z,0.9372804164886476,0.3351204693317413,-0.0497684925794601,0.99663293691905,-0.4735065576471487,3799.5000036,-11.12499309999994,-252.49992919999937,3808.7065089987145,-0.49713245899366465
23.960937488,2026-05-04T22:12:32.468750Z,2026-05-04T22:13:33.892812488Z,0.9367961287498474,0.3375256955623627,-0.0391738638281822,0.996516519488155,-0.47442960531986844,3797.1562536,-13.929687800000005,-291.70308359999933,3808.534449775707,-0.4975351130072503
23.968749988,2026-05-04T22:12:32.476562Z,2026-05-04T22:13:33.900624988Z,0.9375303387641908,0.3372774124145508,-0.025257846340537,0.9966730395822471,-0.47318859263409724,3794.8125036,-13.734375300000018,-318.6562085999975,3808.6842083830998,-0.4971846470265161
23.976562488,2026-05-04T22:12:32.484375Z,2026-05-04T22:13:33.908437488Z,0.9384364485740662,0.335523933172226,-0.0124028269201517,0.9966910794520424,-0.47304555855661656,3792.4687536000006,-13.539062800000032,-345.6093335999957,3808.8339669904926,-0.49683418104578186
23.984374988,2026-05-04T22:12:32.492187Z,2026-05-04T22:13:33.916249988Z,0.937686562538147,0.3362532556056976,-0.00170055963099,0.9961552255412283,-0.4772942239110425,3790.1250036000006,-13.343750300000044,-372.5624585999939,3808.9837255978855,-0.4964837150650477
23.992187488,2026-05-04T22:12:32.500000Z,2026-05-04T22:13:33.924062488Z,0.9368742108345032,0.3359584212303162,0.010539386421442,0.9953453804526748,-0.48371530380007677,3787.7812536000006,-13.148437800000057,-399.51558359999206,3809.1334842052784,-0.4961332490843135
23.999999988,2026-05-04T22:12:32.507812Z,2026-05-04T22:13:33.931874988Z,0.9374366402626038,0.3351980447769165,0.024962842464447,0.9958756585201843,-0.47951084805538213,3785.5312530000006,-11.968756600001463,-419.296879500001,3808.704523247222,-0.49713710606107847
24.007812488,2026-05-04T22:12:32.515625Z,2026-05-04T22:13:33.939687488Z,0.9371398091316224,0.3344842493534088,0.0407855883240699,0.9958786066281912,-0.4794874731688749,3783.5781280000006,-7.67188160000137,-416.36719200000095,3806.442934899285,-0.5024296885187767
24.015624988,2026-05-04T22:12:32.523437Z,2026-05-04T22:13:33.947499988Z,0.9372804164886476,0.3328083455562592,0.0565929561853408,0.9962222325840872,-0.47676294011194775,3781.6250030000006,-3.3750066000012793,-413.4375045000009,3804.181346551348,-0.5077222709764748
24.023437488,2026-05-04T22:12:32.531250Z,2026-05-04T22:13:33.955312488Z,0.9377803206443788,0.3324979841709137,0.0711855590343475,0.9975240463671178,-0.46644115089616467,3779.6718780000006,0.9218683999988124,-410.5078170000008,3801.9197582034108,-0.513014853434173
24.031249988,2026-05-04T22:12:32.539062Z,2026-05-04T22:13:33.963124988Z,0.937936544418335,0.3320169150829315,0.0835177674889564,0.9984665296057416,-0.4589684128937783,3777.7187530000006,5.218743399998904,-407.5781295000007,3799.6581698554737,-0.5183074358918712
24.039062488,2026-05-04T22:12:32.546875Z,2026-05-04T22:13:33.970937488Z,0.936983585357666,0.3299375474452972,0.097925841808319,0.9981916123359243,-0.46114817020455573,3776.515618399999,9.351557999999315,-401.78910360000623,3797.8988586599835,-0.5224245863801009
24.046874988,2026-05-04T22:12:32.554687Z,2026-05-04T22:13:33.978749988Z,0.9382176995277404,0.3273461163043976,0.1133949235081673,1.0001331612561002,-0.445754064713114,3780.8124933999993,12.281245499999377,-375.03129110000566,3799.8229668260287,-0.5179217770445231
24.054687488,2026-05-04T22:12:32.562500Z,2026-05-04T22:13:33.986562488Z,0.9386082887649536,0.3275167942047119,0.1252043098211288,1.0019625189707404,-0.43124949810234653,3785.1093683999993,15.210932999999441,-348.2734786000051,3801.747074992074,-0.5134189677089454
24.062499988,2026-05-04T22:12:32.570312Z,2026-05-04T22:13:33.994374988Z,0.937702178955078,0.3285409808158875,0.1343996524810791,1.0026404236213506,-0.425874544323851,3789.4062433999993,18.140620499999503,-321.5156661000045,3803.6711831581188,-0.5089161583733686
24.070312488,2026-05-04T22:12:32.578125Z,2026-05-04T22:13:34.002187488Z,0.9373272657394408,0.3268340229988098,0.145163431763649,1.0032324275109743,-0.4211806783936611,3793.7031183999993,21.070307999999567,-294.75785360000395,3805.595291324164,-0.5044133490377908
24.078124988,2026-05-04T22:12:32.585937Z,2026-05-04T22:13:34.009999988Z,0.9393424987792968,0.3247701525688171,0.156926691532135,1.00621367935828,-0.39754300181643404,3797.9999933999993,23.999995499999628,-268.0000411000034,3807.5193994902093,-0.49991053970221305
24.085937488,2026-05-04T22:12:32.593750Z,2026-05-04T22:13:34.017812488Z,0.9387801289558412,0.3239167034626007,0.1649072617292404,1.0066899057184693,-0.3937671099239477,3801.5156196,25.171873199999876,-221.32038420000495,3809.220319595723,-0.4959300363888667
24.093749988,2026-05-04T22:12:32.601562Z,2026-05-04T22:13:34.025624988Z,0.9369523525238036,0.3255460560321808,0.1710426062345505,1.006536397079363,-0.3949842454592372,3805.0312446,26.3437481999999,-174.64069670000396,3810.9212393584194,-0.49194953387778423
24.101562488,2026-05-04T22:12:32.609375Z,2026-05-04T22:13:34.033437488Z,0.9381864666938782,0.3268805742263794,0.1773932427167892,1.0092141094216274,-0.3737532654699103,3808.5468696,27.515623199999926,-127.96100920000295,3812.622159121116,-0.4879690313667007
24.109374988,2026-05-04T22:12:32.617187Z,2026-05-04T22:13:34.041249988Z,0.9367961287498474,0.3262133002281189,0.1816833764314651,1.0084696095361323,-0.3796562379145292,3812.0624946,28.68749819999995,-81.28132170000195,3814.3230788838123,-0.48398852885561827
24.117187488,2026-05-04T22:12:32.625000Z,2026-05-04T22:13:34.049062488Z,0.9389519691467284,0.3268650472164154,0.1847126036882401,1.011232072977117,-0.35775328549089563,3815.5781196,29.859373199999975,-34.60163420000096,3816.023998646509,-0.4800080263445347
24.124999988,2026-05-04T22:12:32.632812Z,2026-05-04T22:13:34.056874988Z,0.9376397132873536,0.3274702429771423,0.1839283853769302,1.0100666527098416,-0.3669936411419266,3816.1718747,26.734380699999996,17.40616900000004,3817.669855004822,-0.47615638353878575
24.132812488,2026-05-04T22:12:32.640625Z,2026-05-04T22:13:34.064687488Z,0.933906078338623,0.3282771706581116,0.1807761341333389,1.0062934336491103,-0.39691064795005615,3816.3671872,23.023443199999917,70.14054400000117,3819.308202607865,-0.4723223127666277
24.140624988,2026-05-04T22:12:32.648437Z,2026-05-04T22:13:34.072499988Z,0.938639521598816,0.3299530744552612,0.1806069910526276,1.0112032773220314,-0.35798159977516375,3816.5624997,19.31250569999984,122.8749190000023,3820.9465502109083,-0.4684882419944697
24.148437488,2026-05-04T22:12:32.656250Z,2026-05-04T22:13:34.080312488Z,0.9384832978248596,0.3310548365116119,0.1793614774942398,1.011196689414513,-0.35803383381482773,3816.7578122,15.60156819999976,175.60929400000342,3822.584897813952,-0.4646541712223106
24.156249988,2026-05-04T22:12:32.664062Z,2026-05-04T22:13:34.088124988Z,0.933281183242798,0.3327307403087616,0.1731953620910645,1.0058430026556573,-0.4004820141710022,3816.9531247,11.890630699999681,228.34366900000452,3824.2232454169953,-0.4608201004501526
24.164062488,2026-05-04T22:12:32.671875Z,2026-05-04T22:13:34.095937488Z,0.9324063658714294,0.3334755897521973,0.1658144891262054,1.0040328903389202,-0.4148339883425752,3820.71093,7.289069999999805,272.3202492000016,3831.1336975223494,-0.4446482194706089
24.171874988,2026-05-04T22:12:32.679687Z,2026-05-04T22:13:34.103749988Z,0.9354994893074036,0.333972156047821,0.1587411612272263,1.0059301425931182,-0.39979110117063893,3825.5937424999997,2.4062575000001347,313.53118669999884,3839.709038753724,-0.42458015508950725
24.179687488,2026-05-04T22:12:32.687500Z,2026-05-04T22:13:34.111562488Z,0.9371241927146912,0.3349652886390686,0.1479466259479523,1.0061270800915754,-0.39822962795975747,3830.4765549999997,-2.4765549999995358,354.74212419999606,3848.2843799850993,-0.4045120907084046
24.187499988,2026-05-04T22:12:32.695312Z,2026-05-04T22:13:34.119374988Z,0.9337498545646667,0.3356325626373291,0.1345687955617905,1.0013225098543366,-0.43632398669803574,3835.3593674999993,-7.359367499999206,395.95306169999327,3856.859721216474,-0.38444402632730296
24.195312488,2026-05-04T22:12:32.703125Z,2026-05-04T22:13:34.127187488Z,0.9353745579719543,0.3352135717868805,0.1247891485691071,1.001431991705852,-0.4354559296771108,3840.242179999999,-12.242179999998877,437.1639991999905,3865.4350624478493,-0.36437596194620026
24.203124988,2026-05-04T22:12:32.710937Z,2026-05-04T22:13:34.134999988Z,0.9349058866500854,0.334934264421463,0.1133487895131111,0.9995388569038306,-0.4504661704951473,3842.2499994,-13.12500210000033,461.12497809999655,3869.9184200646196,-0.35388398187575537
24.210937488,2026-05-04T22:12:32.718750Z,2026-05-04T22:13:34.142812488Z,0.9344215989112854,0.3363774120807648,0.0996787995100021,0.9981128948880638,-0.46177230317580903,3842.6406244,-11.7578146000003,475.3827905999969,3872.1000215531963,-0.3487785851404647
24.218749988,2026-05-04T22:12:32.726562Z,2026-05-04T22:13:34.150624988Z,0.9344215989112854,0.336439460515976,0.0865162461996078,0.9969053595806752,-0.471346579524662,3843.0312494,-10.390627100000271,489.6406030999972,3874.281623041773,-0.3436731884051741
24.226562488,2026-05-04T22:12:32.734375Z,2026-05-04T22:13:34.158437488Z,0.937811553478241,0.3350583910942078,0.0738765001296997,0.998605213561057,-0.45786881894798,3843.4218744,-9.023439600000241,503.89841559999746,3876.46322453035,-0.3385677916698823
24.234374988,2026-05-04T22:12:32.742187Z,2026-05-04T22:13:34.166249988Z,0.9374991059303284,0.3328083455562592,0.0581460148096084,0.9965173995120701,-0.47442262780781974,3843.8124994,-7.656252100000213,518.1562280999977,3878.644826018927,-0.3334623949345916
24.242187488,2026-05-04T22:12:32.750000Z,2026-05-04T22:13:34.174062488Z,0.935702621936798,0.3326531648635864,0.0417543277144432,0.9939521863128244,-0.4947616273493042,3843.1875024,-3.5468852000008915,516.9765862000021,3877.8885458777977,-0.33523224620380976
24.249999988,2026-05-04T22:12:32.757812Z,2026-05-04T22:13:34.181874988Z,0.9385301470756532,0.3326221108436584,0.0279151909053325,0.9961202555290297,-0.4775714932866566,3841.6250024,3.0937397999992498,501.54689870000175,3874.4203583129456,-0.34334851930120464
24.257812488,2026-05-04T22:12:32.765625Z,2026-05-04T22:13:34.189687488Z,0.9379677772521972,0.3312410414218903,0.0141836926341056,0.9948393618179894,-0.48772741194838853,3840.0625024,9.73436479999939,486.1172112000014,3870.9521707480935,-0.35146479239859946
24.265624988,2026-05-04T22:12:32.773437Z,2026-05-04T22:13:34.197499988Z,0.941498339176178,0.3297823667526245,0.0030970070511102,0.997589656895629,-0.4659209397458019,3838.5000024,16.374989799999533,470.68752370000107,3867.483983183242,-0.3595810654959933
24.273437488,2026-05-04T22:12:32.781250Z,2026-05-04T22:13:34.205312488Z,0.9414827227592468,0.3291151225566864,-0.0105268526822328,0.9974052816067605,-0.4673828100171931,3836.9375024,23.015614799999675,455.2578362000008,3864.01579561839,-0.3676973385933881
24.281249988,2026-05-04T22:12:32.789062Z,2026-05-04T22:13:34.213124988Z,0.9401080012321472,0.3280444145202637,-0.0241045821458101,0.9959905736296251,-0.4785997119521873,3835.1406283,28.17187049999992,431.78130460000096,3859.778239179939,-0.3776140932893112
24.289062488,2026-05-04T22:12:32.796875Z,2026-05-04T22:13:34.220937488Z,0.9395299553871156,0.3271288573741913,-0.0346069484949111,0.9954533978448157,-0.4828588581487481,3832.9921908,31.101557999999983,396.2344296000002,3854.386622045121,-0.39023158766771715
24.296874988,2026-05-04T22:12:32.804687Z,2026-05-04T22:13:34.228749988Z,0.9451225996017456,0.3267564177513123,-0.0415111407637596,1.0008744474843687,-0.4398765726351472,3830.8437533,34.03124550000005,360.6875545999995,3848.995004910303,-0.402849082046122
24.304687488,2026-05-04T22:12:32.812500Z,2026-05-04T22:13:34.236562488Z,0.943622887134552,0.3266012668609619,-0.0514599382877349,0.9998703245360921,-0.44783803805665556,3828.6953158,36.960933000000104,325.1406795999987,3843.603387775485,-0.415466576424528
24.312499988,2026-05-04T22:12:32.820312Z,2026-05-04T22:13:34.244374988Z,0.9407172203063964,0.3267409205436707,-0.0610397011041641,0.9977145698292694,-0.4649305331391361,3826.5468782999997,39.89062050000017,289.59380459999795,3838.2117706406666,-0.4280840708029339
24.320312488,2026-05-04T22:12:32.828125Z,2026-05-04T22:13:34.252187488Z,0.9427636861801147,0.3255770802497864,-0.0665907263755798,0.9996189914177906,-0.4498308019249365,3824.453128,40.14063519999964,250.1641383999973,3833.274031454964,-0.439639397314399
24.328124988,2026-05-04T22:12:32.835937Z,2026-05-04T22:13:34.259999988Z,0.9434979557991028,0.3265547156333923,-0.0709269940853118,1.000928076032174,-0.4394513639197306,3822.500003,33.50001020000009,200.75007590000067,3829.5034158879103,-0.4484634142152275
24.335937488,2026-05-04T22:12:32.843750Z,2026-05-04T22:13:34.267812488Z,0.9433729648590088,0.3273771405220032,-0.0739869773387908,1.001300362418276,-0.43649958874624567,3820.546878,26.85938520000054,151.336013400004,3825.7328003208563,-0.457287431116056
24.343749988,2026-05-04T22:12:32.851562Z,2026-05-04T22:13:34.275624988Z,0.9418888688087464,0.3286030292510986,-0.0749710947275161,1.000377557256989,-0.44381630369134734,3818.593753,20.218760200000986,101.92195090000732,3821.962184753803,-0.4661114480168835
24.351562488,2026-05-04T22:12:32.859375Z,2026-05-04T22:13:34.283437488Z,0.9433573484420776,0.3298289477825165,-0.0734795406460762,1.0020526256382685,-0.4305350625653405,3816.6406280000006,13.578135200001435,52.50788840001066,3818.191569186749,-0.474935464917712
24.359374988,2026-05-04T22:12:32.867187Z,2026-05-04T22:13:34.291249988Z,0.9394987225532532,0.3308996558189392,-0.0728952214121818,0.9987322690316048,-0.45686142464719637,3814.5000048000006,7.5625042000007365,3.156325300013197,3814.7603074721937,-0.48296532392135927
24.367187488,2026-05-04T22:12:32.875000Z,2026-05-04T22:13:34.299062488Z,0.9407172203063964,0.3312875926494598,-0.0689587593078613,0.999727797007639,-0.4489681068309428,3811.3750048000006,4.828129200000678,-45.86711219998785,3813.1106738446874,-0.4868258063148651
24.374999988,2026-05-04T22:12:32.882812Z,2026-05-04T22:13:34.306874988Z,0.9418107867240906,0.3320014178752899,-0.0651914402842521,1.000740937179742,-0.4409351458661694,3808.2500048000006,2.0937542000006197,-94.8905496999889,3811.461040217181,-0.49068628870837094
24.382812488,2026-05-04T22:12:32.890625Z,2026-05-04T22:13:34.314687488Z,0.940545380115509,0.333972156047821,-0.0609013065695762,0.9999359890581692,-0.44731739880343135,3805.1250048000006,-0.6406207999994384,-143.91398719998995,3809.8114065896752,-0.4945467711018757
24.390624988,2026-05-04T22:12:32.898437Z,2026-05-04T22:13:34.322499988Z,0.9383114576339722,0.3349497616291046,-0.0537972152233123,0.9977544160305014,-0.4646146015554278,3802.0000048000006,-3.3749957999994966,-192.93742469999097,3808.161772962169,-0.4984072534953816
24.398437488,2026-05-04T22:12:32.906250Z,2026-05-04T22:13:34.330312488Z,0.9373741149902344,0.3351825475692749,-0.0425413846969604,0.9964072164836469,-0.47529624430302436,3798.8984414000006,-6.124995199999492,-241.04683479999574,3806.561821474214,-0.5021514694514121
24.406249988,2026-05-04T22:12:32.914062Z,2026-05-04T22:13:34.338124988Z,0.9382489919662476,0.3356946110725403,-0.0314700827002525,0.996991679470789,-0.4706621684956047,3796.3593789,-9.249995199999558,-267.2187097999963,3806.154289032172,-0.5031051792879795
24.414062488,2026-05-04T22:12:32.921875Z,2026-05-04T22:13:34.345937488Z,0.938405215740204,0.3366256952285767,-0.0207216832786798,0.9971712971071938,-0.4692380205824595,3793.8203164,-12.374995199999624,-293.3905847999969,3805.7467565901306,-0.5040588891245459
24.421874988,2026-05-04T22:12:32.929687Z,2026-05-04T22:13:34.353749988Z,0.9378740191459656,0.3374636471271515,-0.0094351004809141,0.9967840338019317,-0.4723085443855006,3791.2812539,-15.499995199999692,-319.56245979999744,3805.339224148089,-0.5050125989611122
24.429687488,2026-05-04T22:12:32.937500Z,2026-05-04T22:13:34.361562488Z,0.9360306859016418,0.3361291289329529,0.0022820346057415,0.9945559028775937,-0.48997489424749474,3788.7421914,-18.62499519999976,-345.73433479999795,3804.931691706048,-0.5059663087976785
24.437499988,2026-05-04T22:12:32.945312Z,2026-05-04T22:13:34.369374988Z,0.9370773434638976,0.3348256349563599,0.0160750411450862,0.9952288984977784,-0.4846388630691179,3786.2031289,-21.749995199999823,-371.9062097999985,3804.5241592640064,-0.5069200186342449
24.445312488,2026-05-04T22:12:32.953125Z,2026-05-04T22:13:34.377187488Z,0.9383583068847656,0.3352290987968445,0.0291299596428871,0.9968667991906365,-0.47165231620009584,3785.6406256,-17.50782000000017,-380.10936479999975,3804.7506358783626,-0.5063900167188592
24.453124988,2026-05-04T22:12:32.960937Z,2026-05-04T22:13:34.384999988Z,0.9369211196899414,0.3346549272537231,0.0419234707951545,0.9957774260645601,-0.4802897111418842,3785.2500006,-12.625007500000066,-386.7499897999999,3805.032244865581,-0.5057309936976968
24.460937488,2026-05-04T22:12:32.968750Z,2026-05-04T22:13:34.392812488Z,0.9348277449607848,0.3331807553768158,0.0560086369514465,0.9940066880635616,-0.49432949520388264,3784.8593756,-7.7421949999999615,-393.39061480000004,3805.3138538527996,-0.5050719706765345
24.468749988,2026-05-04T22:12:32.976562Z,2026-05-04T22:13:34.400624988Z,0.939358115196228,0.332327276468277,0.0726156011223793,0.9990536085697289,-0.45431359559326495,3784.4687506,-2.859382499999858,-400.0312398000002,3805.595462840018,-0.5044129476553723
24.476562488,2026-05-04T22:12:32.984375Z,2026-05-04T22:13:34.408437488Z,0.9385301470756532,0.3306979238986969,0.0872850865125656,0.9989087246431786,-0.45546234771903055,3784.0781256,2.023430000000246,-406.6718648000003,3805.8770718272367,-0.5037539246342099
24.484374988,2026-05-04T22:12:32.992187Z,2026-05-04T22:13:34.416249988Z,0.9355620145797728,0.3299686014652252,0.0986946821212768,0.9969434293662301,-0.471044732742034,3785.8749964,7.687491000000005,-388.7812869,3806.072982614843,-0.503295453047767
24.492187488,2026-05-04T22:12:33.000000Z,2026-05-04T22:13:34.424062488Z,0.9385457634925842,0.3299840986728668,0.1112883016467094,1.0010707975114603,-0.4383197573528302,3788.2187464,13.54686599999961,-364.7578494000016,3806.2474686468704,-0.5028871198013283
24.499999988,2026-05-04T22:12:33.007812Z,2026-05-04T22:13:34.431874988Z,0.9389207363128662,0.3281219899654388,0.1231591999530792,1.0021997694622848,-0.42936839221993556,3790.5624964,19.406240999999216,-340.73441190000324,3806.4219546788977,-0.5024787865548896
24.507812488,2026-05-04T22:12:33.015625Z,2026-05-04T22:13:34.439687488Z,0.9379833936691284,0.3257788121700287,0.1341075003147125,1.0019628251081127,-0.4312470708078521,3792.9062463999994,25.26561599999882,-316.71097440000483,3806.596440710925,-0.502070453308451
24.515624988,2026-05-04T22:12:33.023437Z,2026-05-04T22:13:34.447499988Z,0.93828022480011,0.3257632851600647,0.1435642391443253,1.003544811640373,-0.41870385476493754,3795.2499963999994,31.124990999998424,-292.6875369000065,3806.770926742952,-0.5016621200620134
24.523437488,2026-05-04T22:12:33.031250Z,2026-05-04T22:13:34.455312488Z,0.9394518733024596,0.3259184658527374,0.1528057008981705,1.0060528071936798,-0.3988185210921825,3797.4609341999994,33.0,-255.11725500001214,3806.931554939624,-0.5012862170040163
24.531249988,2026-05-04T22:12:33.039062Z,2026-05-04T22:13:34.463124988Z,0.9377803206443788,0.3259029686450958,0.1604787409305573,1.005682902832805,-0.4017514097224299,3799.6093716999994,33.0,-211.1719425000112,3807.085661755979,-0.5009255753188951
24.539062488,2026-05-04T22:12:33.046875Z,2026-05-04T22:13:34.470937488Z,0.9376240968704224,0.3259184658527374,0.167767345905304,1.00673118346855,-0.3934398279108148,3801.7578091999994,33.0,-167.22663000001026,3807.239768572333,-0.5005649336337751
24.546874988,2026-05-04T22:12:33.054687Z,2026-05-04T22:13:34.478749988Z,0.9390144348144532,0.3254839777946472,0.17425636947155,1.0089862292877634,-0.3755600758900095,3803.9062466999994,33.0,-123.28131750000932,3807.393875388688,-0.5002042919486539
24.554687488,2026-05-04T22:12:33.062500Z,2026-05-04T22:13:34.486562488Z,0.938389539718628,0.3261201977729797,0.176486000418663,1.008997829528192,-0.37546810018801746,3806.0546841999994,33.0,-79.33600500000838,3807.547982205042,-0.4998436502635337
24.562499988,2026-05-04T22:12:33.070312Z,2026-05-04T22:13:34.494374988Z,0.9379990100860596,0.3273305892944336,0.1771164536476135,1.0091371045417843,-0.37436381987384093,3808.4218710999994,29.93750840000093,-33.42194790000806,3809.4498220338,-0.49539295342287387
24.570312488,2026-05-04T22:12:33.078125Z,2026-05-04T22:13:34.502187488Z,0.935921311378479,0.3277650773525238,0.1778391599655151,1.007474770821363,-0.38754409073295965,3810.9609335999994,24.468758400000812,14.038989599992952,3812.724889218367,-0.4877286217841681
24.578124988,2026-05-04T22:12:33.085937Z,2026-05-04T22:13:34.509999988Z,0.9369055032730104,0.3284633755683899,0.178592637181282,1.008749444217145,-0.3774374915543896,3813.4999961,19.000008400000695,61.49992709999396,3815.9999564029345,-0.4800642901454613
24.585937488,2026-05-04T22:12:33.093750Z,2026-05-04T22:13:34.517812488Z,0.93710857629776,0.3300617039203644,0.1757325381040573,1.0089574505964674,-0.37578825567219937,3816.0390586,13.53125840000058,108.96086459999498,3819.2750235875014,-0.47239995850675554
24.593749988,2026-05-04T22:12:33.101562Z,2026-05-04T22:13:34.525624988Z,0.9350308775901794,0.3319083154201508,0.170350655913353,1.0067100962353626,-0.3936070238484684,3818.5781211,8.062508400000462,156.42180209999597,3822.5500907720684,-0.4647356268680498
24.601562488,2026-05-04T22:12:33.109375Z,2026-05-04T22:13:34.533437488Z,0.935780704021454,0.3321255445480347,0.1667832285165787,1.0068810995716575,-0.39225117678689947,3821.2031208,4.140628000000123,201.30462359999737,3826.963586645751,-0.454407137662893
24.609374988,2026-05-04T22:12:33.117187Z,2026-05-04T22:13:34.541249988Z,0.9348277449607848,0.3324979841709137,0.1606478840112686,1.005119676886034,-0.4062171018046689,3823.9374958,2.1875030000000817,242.90618609999825,3832.8260007923195,-0.44068788132687947
24.617187488,2026-05-04T22:12:33.125000Z,2026-05-04T22:13:34.549062488Z,0.9365305304527284,0.3344221711158752,0.1526980698108673,1.0061035351930183,-0.3984163101743574,3826.6718708,0.23437800000003978,284.50774859999916,3838.688414938888,-0.4269686249908659
24.624999988,2026-05-04T22:12:33.132812Z,2026-05-04T22:13:34.556874988Z,0.9341716766357422,0.3361291289329529,0.1420265585184097,1.0029112902297204,-0.4237269037982778,3829.4062458,-1.718747000000002,326.1093111,3844.550829085457,-0.41324936865485135
24.632812488,2026-05-04T22:12:33.140625Z,2026-05-04T22:13:34.564687488Z,0.9339685440063475,0.3355860114097595,0.1310936361551285,1.00104982577673,-0.43848603752914866,3832.1406208,-3.6718720000000435,367.7108736000009,3850.4132432320253,-0.3995301123188378
24.640624988,2026-05-04T22:12:33.148437Z,2026-05-04T22:13:34.572499988Z,0.9352807998657228,0.3351359963417053,0.1201760992407799,1.0007540184631503,-0.44083142730690067,3833.6875015,-4.937500299999997,402.2499700000003,3854.811822511409,-0.38923653101607936
24.648437488,2026-05-04T22:12:33.156250Z,2026-05-04T22:13:34.580312488Z,0.9363274574279784,0.3351514935493469,0.1082283109426498,1.0003744291271142,-0.44384110593082987,3832.710939,-4.742187800000011,421.781219999999,3856.0997307403973,-0.3862225605443593
24.656249988,2026-05-04T22:12:33.164062Z,2026-05-04T22:13:34.588124988Z,0.93448406457901,0.3355860114097595,0.0943122953176498,0.9973831997051595,-0.4675578924573849,3831.7343765,-4.546875300000023,441.31246999999763,3857.3876389693855,-0.3832085900726392
24.664062488,2026-05-04T22:12:33.171875Z,2026-05-04T22:13:34.595937488Z,0.9355307817459106,0.3359739482402802,0.0825490280985832,0.9974520938522801,-0.4670116462322729,3830.757814,-4.351562800000036,460.8437199999963,3858.675547198374,-0.38019461960091916
24.671874988,2026-05-04T22:12:33.179687Z,2026-05-04T22:13:34.603749988Z,0.9383739233016968,0.3351514935493469,0.0710010379552841,0.998956100612887,-0.45508671429157915,3829.7812515,-4.15625030000005,480.374969999995,3859.963455427362,-0.3771806491291991
24.679687488,2026-05-04T22:12:33.187500Z,2026-05-04T22:13:34.611562488Z,0.9358431696891784,0.3335686922073364,0.0566083341836929,0.9951256273324759,-0.48545767695341957,3829.1171866,-3.101569400001369,494.1640766000028,3860.8870762141246,-0.3750191862891364
24.687499988,2026-05-04T22:12:33.195312Z,2026-05-04T22:13:34.619374988Z,0.9362181425094604,0.3331497311592102,0.0409547314047813,0.9945704820472786,-0.48985929928422833,3829.7031241,1.390618099998727,484.9843891000026,3860.3535332432366,-0.3762677867122531
24.695312488,2026-05-04T22:12:33.203125Z,2026-05-04T22:13:34.627187488Z,0.938639521598816,0.3318772614002228,0.0269156973809003,0.9959473494654556,-0.47894242664564135,3830.2890616,5.882805599998823,475.80470160000243,3859.819990272348,-0.37751638713537083
24.703124988,2026-05-04T22:12:33.210937Z,2026-05-04T22:13:34.634999988Z,0.940326690673828,0.3298599720001221,0.0134917357936501,0.9965961635769225,-0.47379812522090425,3830.8749991,10.37499309999892,466.6250141000022,3859.2864473014597,-0.3787649875584886
24.710937488,2026-05-04T22:12:33.218750Z,2026-05-04T22:13:34.642812488Z,0.9400142431259156,0.3290840983390808,0.000713599845767,0.9959536285811573,-0.478892640946965,3831.4609366,14.867180599999015,457.44532660000203,3858.7529043305713,-0.3800135879816063
24.718749988,2026-05-04T22:12:33.226562Z,2026-05-04T22:13:34.650624988Z,0.9410609006881714,0.3299530744552612,-0.0099271591752767,0.9972778943884211,-0.4683928346717355,3832.0156247,19.09374819999977,446.3906751000065,3858.0304681475104,-0.3817042374195387
24.726562488,2026-05-04T22:12:33.234375Z,2026-05-04T22:13:34.658437488Z,0.9409202933311462,0.3286340832710266,-0.0206601750105619,0.9968742156968579,-0.47159351238734437,3832.2109372,20.265623199999794,413.77348760000575,3855.1357146892146,-0.388478556621666
24.734374988,2026-05-04T22:12:33.242187Z,2026-05-04T22:13:34.666249988Z,0.9411234259605408,0.3268184959888458,-0.0308703836053609,0.9967329696543898,-0.47271342054696175,3832.4062497,21.43749819999982,381.15630010000507,3852.240961230919,-0.39525287582379337
24.742187488,2026-05-04T22:12:33.250000Z,2026-05-04T22:13:34.674062488Z,0.9435291886329652,0.3270047008991241,-0.0401579812169075,0.9993958513361584,-0.4516000295350783,3832.6015622,22.609373199999844,348.5391126000044,3849.346207772623,-0.4020271950259207
24.749999988,2026-05-04T22:12:33.257812Z,2026-05-04T22:13:34.681874988Z,0.9417170286178588,0.3266322910785675,-0.0507064759731292,0.9980434671244016,-0.4623227803266774,3832.7968747,23.78124819999987,315.9219251000037,3846.4514543143277,-0.408801514228047
24.757812488,2026-05-04T22:12:33.265625Z,2026-05-04T22:13:34.689687488Z,0.9433261156082152,0.3261512517929077,-0.056872583925724,0.9997366104314441,-0.4488982271722916,3832.9921872,24.953123199999894,283.30473760000297,3843.556700856032,-0.41557583343017435
24.765624988,2026-05-04T22:12:33.273437Z,2026-05-04T22:13:34.697499988Z,0.9434198141098022,0.3261047005653381,-0.0614548698067665,1.0000809579272816,-0.44616797318716134,3827.3750090000003,24.437500900000042,236.06257350000337,3835.9039263394734,-0.43348490171663023
24.773437488,2026-05-04T22:12:33.281250Z,2026-05-04T22:13:34.705312488Z,0.9421231746673584,0.3275788724422455,-0.0664369612932205,0.9996588736872752,-0.4495145843641509,3821.5156340000003,23.85156340000003,188.21101100000234,3828.0528930154387,-0.45185793643954636
24.781249988,2026-05-04T22:12:33.289062Z,2026-05-04T22:13:34.713124988Z,0.941014051437378,0.3283392488956451,-0.0694354400038719,0.9990672588452071,-0.45420536562361824,3815.6562590000003,23.265625900000018,140.35944850000132,3820.201859691404,-0.4702309711624625
24.789062488,2026-05-04T22:12:33.296875Z,2026-05-04T22:13:34.720937488Z,0.94338858127594,0.3282771706581116,-0.0684513226151466,1.0012160104717107,-0.43716839639272803,3809.796884,22.679688400000003,92.50788600000028,3812.35082636737,-0.4886040058853775
24.796874988,2026-05-04T22:12:33.304687Z,2026-05-04T22:13:34.728749988Z,0.9434354305267334,0.3289289176464081,-0.0680515244603157,1.0014467806222023,-0.4353386716796257,3803.937509,22.09375089999999,44.65632349999927,3804.499793043335,-0.5069770406082936
24.804687488,2026-05-04T22:12:33.312500Z,2026-05-04T22:13:34.736562488Z,0.9402954578399658,0.330108255147934,-0.067743994295597,0.9988574757764024,-0.45586868847782963,3801.359378,17.898445000000187,-1.882741399998227,3802.4276982706583,-0.5118261690779202
24.812499988,2026-05-04T22:12:33.320312Z,2026-05-04T22:13:34.744374988Z,0.940201699733734,0.3322341740131378,-0.0645609870553016,0.9992631803553803,-0.45265194795574093,3799.406253,13.015632500000516,-48.1718038999951,3801.456366278265,-0.5140992859642148
24.820312488,2026-05-04T22:12:33.328125Z,2026-05-04T22:13:34.752187488Z,0.9405141472816468,0.3335997462272644,-0.0594405084848403,0.9996943662783916,-0.4492331715776216,3797.4531280000006,8.132820000000846,-94.46086639999197,3800.4850342858713,-0.5163724028505096
24.828124988,2026-05-04T22:12:33.335937Z,2026-05-04T22:13:34.759999988Z,0.9408734440803528,0.3334135115146637,-0.0533359125256538,0.9996259935601453,-0.449775283510256,3795.5000030000006,3.250007500001175,-140.74992889998884,3799.513702293478,-0.5186455197368032
24.835937488,2026-05-04T22:12:33.343750Z,2026-05-04T22:13:34.767812488Z,0.9397799372673036,0.3338169753551483,-0.0463240817189216,0.9983817025930003,-0.4596409872333137,3793.5468780000006,-1.632804999998495,-187.03899139998572,3798.5423703010847,-0.5209186366230978
24.843749988,2026-05-04T22:12:33.351562Z,2026-05-04T22:13:34.775624988Z,0.937936544418335,0.3354618549346924,-0.0394814014434814,0.9969044079206256,-0.4713541250235379,3792.2968765000005,-3.5624987999997564,-220.39058149999116,3799.031793742798,-0.5197732849836797
24.851562488,2026-05-04T22:12:33.359375Z,2026-05-04T22:13:34.783437488Z,0.9371554255485536,0.3363618850708008,-0.0288713965564966,0.9961090135635736,-0.4776606283068273,3791.3203140000005,-4.343748799999773,-248.71089399999178,3800.0892930703944,-0.5172985187887754
24.859374988,2026-05-04T22:12:33.367187Z,2026-05-04T22:13:34.791249988Z,0.9383426904678344,0.3360825777053833,-0.0148784946650266,0.9968248960549723,-0.4719845567551155,3790.3437515,-5.12499879999979,-277.0312064999924,3801.1467923979903,-0.5148237525938721
24.867187488,2026-05-04T22:12:33.375000Z,2026-05-04T22:13:34.799062488Z,0.9393893480300904,0.336827427148819,-0.0026539228856563,0.9979539599494429,-0.4630324626216929,3789.367189,-5.906248799999807,-305.351518999993,3802.2042917255862,-0.5123489863989689
24.874999988,2026-05-04T22:12:33.382812Z,2026-05-04T22:13:34.806874988Z,0.9361087679862976,0.3372463881969452,0.0068950802087783,0.9950287905301003,-0.4862254742186509,3788.3906265,-6.6874987999998226,-333.6718314999936,3803.2617910531826,-0.5098742202040646
24.882812488,2026-05-04T22:12:33.390625Z,2026-05-04T22:13:34.814687488Z,0.9351714253425598,0.3359118700027466,0.0179663896560668,0.9938335727591671,-0.49570208758635614,3785.6562560000007,-7.0,-349.80467519999837,3801.8146377961584,-0.5132608568343396
24.890624988,2026-05-04T22:12:33.398437Z,2026-05-04T22:13:34.822499988Z,0.9370773434638976,0.3337238729000092,0.0319131650030612,0.9952406849989853,-0.48454541054723244,3781.7500060000007,-7.0,-357.81248769999854,3798.6977054628405,-0.5205551203567876
24.898437488,2026-05-04T22:12:33.406250Z,2026-05-04T22:13:34.830312488Z,0.9389050602912904,0.3331807553768158,0.045598529279232,0.9973120644344408,-0.46812190804835335,3777.8437560000007,-7.0,-365.8203001999987,3795.580773129523,-0.5278493838792345
24.906249988,2026-05-04T22:12:33.414062Z,2026-05-04T22:13:34.838124988Z,0.9364836812019348,0.3332273066043854,0.0584996789693832,0.9957230214592113,-0.4807210730433311,3773.9375060000007,-7.0,-373.8281126999989,3792.4638407962057,-0.5351436474016814
24.914062488,2026-05-04T22:12:33.421875Z,2026-05-04T22:13:34.845937488Z,0.93759286403656,0.333615243434906,0.072969265282154,0.9978496996142395,-0.46385911941206037,3770.0312560000007,-7.0,-381.83592519999905,3789.346908462888,-0.5424379109241283
24.921874988,2026-05-04T22:12:33.429687Z,2026-05-04T22:13:34.853749988Z,0.9385457634925842,0.3313341438770294,0.0883922129869461,0.9992315289187644,-0.4529029050906126,3770.0624933999998,-3.812510200000655,-377.56252700000175,3789.03025548302,-0.5431789441046171
24.929687488,2026-05-04T22:12:33.437500Z,2026-05-04T22:13:34.861562488Z,0.9365149140357972,0.3286495804786682,0.1010473370552063,0.9976378577851934,-0.4655387657140141,3774.3593683999998,2.828114799999486,-359.98440200000135,3791.7472571379785,-0.5368206007263064
24.937499988,2026-05-04T22:12:33.445312Z,2026-05-04T22:13:34.869374988Z,0.9377803206443788,0.3287116587162018,0.1108731254935265,0.9998880608950853,-0.44769741044818406,3778.6562433999998,9.468739799999627,-342.406277000001,3794.464258792937,-0.5304622573479957
24.945312488,2026-05-04T22:12:33.453125Z,2026-05-04T22:13:34.877187488Z,0.9382176995277404,0.3286340832710266,0.1201299726963043,1.0013411120764633,-0.4361764938551732,3782.9531183999998,16.109364799999767,-324.8281520000006,3797.181260447896,-0.5241039139696838
24.953124988,2026-05-04T22:12:33.460937Z,2026-05-04T22:13:34.884999988Z,0.9394987225532532,0.3264926373958588,0.131324291229248,1.003245414352721,-0.4210777086411242,3787.2499933999998,22.74998979999991,-307.2500270000002,3799.8982621028545,-0.517745570591373
24.960937488,2026-05-04T22:12:33.468750Z,2026-05-04T22:13:34.892812488Z,0.9381864666938782,0.3249408602714539,0.1422418355941772,1.0030020681706977,-0.42300714588479993,3791.1249952,27.49218539999997,-282.5703698000009,3802.0564016072844,-0.5126950797304565
24.968749988,2026-05-04T22:12:33.476562Z,2026-05-04T22:13:34.900624988Z,0.939608097076416,0.3261667490005493,0.1508836001157761,1.0059890581060256,-0.3993239732959025,3794.2499952,28.859372899999876,-245.26568230000342,3803.221001776085,-0.5099696755121123
24.976562488,2026-05-04T22:12:33.484375Z,2026-05-04T22:13:34.908437488Z,0.9374210238456726,0.3263840079307556,0.1568805575370789,1.0049359212974514,-0.4076740586116222,3797.3749951999994,30.226560399999784,-207.96099480000592,3804.385601944885,-0.5072442712937691
24.984374988,2026-05-04T22:12:33.492187Z,2026-05-04T22:13:34.916249988Z,0.9376553297042848,0.3260426223278046,0.1639077663421631,1.0061645316569847,-0.39793268290586775,3800.4999951999994,31.59374789999969,-170.65630730000845,3805.550202113685,-0.504518867075426
24.992187488,2026-05-04T22:12:33.500000Z,2026-05-04T22:13:34.924062488Z,0.9401236176490784,0.3257477879524231,0.1701968908309937,1.00941122416289,-0.37219038694061646,3803.624995199999,32.9609353999996,-133.35161980001095,3806.7148022824854,-0.5017934628570819
24.999999988,2026-05-04T22:12:33.507812Z,2026-05-04T22:13:34.931874988Z,0.9375772476196288,0.3263064324855804,0.1716269254684448,1.0074635401250094,-0.3876331364029464,3806.4687469999994,33.5781277000006,-93.46882380001635,3808.1195530968967,-0.49850605667435544
25.007812488,2026-05-04T22:12:33.515625Z,2026-05-04T22:13:34.939687488Z,0.9369679689407348,0.3274236917495728,0.1724726557731628,1.0074036260254837,-0.38810818184678675,3808.4218719999994,31.82031520000056,-45.42194880001532,3810.2847873598034,-0.49343896261759634
25.015624988,2026-05-04T22:12:33.523437Z,2026-05-04T22:13:34.947499988Z,0.9367961287498474,0.3286806344985962,0.1729032099246979,1.0077268808250401,-0.3855451671149532,3810.3749969999994,30.062502700000522,2.624926199985698,3812.45002162271,-0.48837186856083725
25.023437488,2026-05-04T22:12:33.531250Z,2026-05-04T22:13:34.955312488Z,0.937827169895172,0.3291306495666504,0.1721651256084442,1.008705911330713,-0.3777826540373513,3812.3281219999994,28.304690200000486,50.671801199986724,3814.6152558856165,-0.48330477450407916
25.031249988,2026-05-04T22:12:33.539062Z,2026-05-04T22:13:34.963124988Z,0.9363274574279784,0.3286340832710266,0.1701815128326416,1.0068124033457957,-0.39279585373878634,3814.2812469999994,26.546877700000447,98.71867619998774,3816.7804901485233,-0.47823768044732007
25.039062488,2026-05-04T22:12:33.546875Z,2026-05-04T22:13:34.970937488Z,0.9361712336540222,0.331411749124527,0.166029766201973,1.006884407190892,-0.3922249514165818,3816.3281207999994,24.179698000001597,145.96868639999033,3819.3318333657094,-0.47226701192704607
25.046874988,2026-05-04T22:12:33.554687Z,2026-05-04T22:13:34.978749988Z,0.9346715211868286,0.3331342041492462,0.1594792455434799,1.0049989453979389,-0.40717435466838064,3819.0624957999994,17.34376050000145,187.3749363999912,3824.714683433099,-0.45967003429180503
25.054687488,2026-05-04T22:12:33.562500Z,2026-05-04T22:13:34.986562488Z,0.9349371194839478,0.3333204090595245,0.1552506238222122,1.0046455438022588,-0.4099763965784297,3821.7968707999994,10.507823000001306,228.7811863999921,3830.097533500488,-0.44707305665656394
25.062499988,2026-05-04T22:12:33.570312Z,2026-05-04T22:13:34.994374988Z,0.936858594417572,0.3340497612953186,0.1486232131719589,1.005674961629793,-0.40181437373823337,3824.5312457999994,3.6718855000011605,270.187436399993,3835.480383567878,-0.43447607902132185
25.070312488,2026-05-04T22:12:33.578125Z,2026-05-04T22:13:35.002187488Z,0.9345309734344482,0.335492879152298,0.1362756192684174,1.0022348311035825,-0.4290903963377664,3827.2656207999994,-3.164051999998985,311.5936863999938,3840.8632336352675,-0.42187910138608076
25.078124988,2026-05-04T22:12:33.585937Z,2026-05-04T22:13:35.009999988Z,0.9341716766357422,0.3351980447769165,0.125265821814537,1.0003629225264064,-0.44393233918449826,3829.9999958,-9.999989499999131,352.99993639999474,3846.246083702657,-0.4092821237508397
25.085937488,2026-05-04T22:12:33.593750Z,2026-05-04T22:13:35.017812488Z,0.9340623021125792,0.3352445960044861,0.1149326041340828,0.9990349477726512,-0.45446155286376333,3830.976561,-10.585936599999938,378.5858981999973,3849.9954927640692,-0.4005077344402181
25.093749988,2026-05-04T22:12:33.601562Z,2026-05-04T22:13:35.025624988Z,0.9364680647850036,0.3354773819446564,0.103968933224678,1.0001635112492797,-0.4455134264310625,3831.9531235,-11.17187409999995,404.1718356999978,3853.7448993165117,-0.3917333510011025
25.101562488,2026-05-04T22:12:33.609375Z,2026-05-04T22:13:35.033437488Z,0.9363430738449096,0.3356480598449707,0.092451699078083,0.9989721160660348,-0.45495973135919554,3832.929686,-11.757811599999963,429.7577731999984,3857.494305868954,-0.382958967561987
25.109374988,2026-05-04T22:12:33.617187Z,2026-05-04T22:13:35.041249988Z,0.9354214072227478,0.3357101380825043,0.0798734575510025,0.9970427649419615,-0.47025712326386354,3833.9062485,-12.343749099999975,455.34371069999895,3861.2437124213966,-0.3741845841228714
25.117187488,2026-05-04T22:12:33.625000Z,2026-05-04T22:13:35.049062488Z,0.935780704021454,0.3350583910942078,0.0664033666253089,0.9961722032664344,-0.47715961133954754,3834.882811,-12.929686599999988,480.92964819999946,3864.9931189738395,-0.3654102006837548
25.124999988,2026-05-04T22:12:33.632812Z,2026-05-04T22:13:35.056874988Z,0.9375772476196288,0.3335531949996948,0.053394578397274,0.9965740364622819,-0.47397356614513664,3837.0624964,-7.156260199999995,478.6718843,3866.8512833882096,-0.36106171330673725
25.132812488,2026-05-04T22:12:33.640625Z,2026-05-04T22:13:35.064687488Z,0.9384520649909972,0.3325134813785553,0.0403089076280593,0.9964347954675815,-0.4750775767311575,3839.4062464,-0.5156351999998537,472.6171967999999,3868.4515473961574,-0.35731676598956713
25.140624988,2026-05-04T22:12:33.648437Z,2026-05-04T22:13:35.072499988Z,0.9379677772521972,0.3319548666477203,0.0264236386865377,0.9953269781011513,-0.4838612119137996,3841.7499964000003,6.124989800000288,466.56250929999976,3870.051811404105,-0.35357181867239695
25.148437488,2026-05-04T22:12:33.656250Z,2026-05-04T22:13:35.080312488Z,0.93876451253891,0.3305737972259521,0.0129074165597558,0.9953514187547278,-0.48366742745875674,3844.0937464000003,12.765614800000428,460.5078217999996,3871.652075412053,-0.3498268713552268
25.156249988,2026-05-04T22:12:33.664062Z,2026-05-04T22:13:35.088124988Z,0.9399986267089844,0.3293013274669647,0.0018361080437898,0.9960121253172726,-0.4784288334593939,3846.4374964000003,19.40623980000057,454.4531342999995,3873.2523394200007,-0.3460819240380566
25.164062488,2026-05-04T22:12:33.671875Z,2026-05-04T22:13:35.095937488Z,0.9422637820243835,0.3299375474452972,-0.0092505794018507,0.9984014189434942,-0.4594846607167601,3843.28907,22.781246400000093,433.109415199999,3867.965360769646,-0.35845454281486294
25.171874988,2026-05-04T22:12:33.679687Z,2026-05-04T22:13:35.103749988Z,0.939608097076416,0.3286185562610626,-0.0209215823560953,0.9956361002991764,-0.48141025140660165,3838.4062575000003,25.124996399999937,406.93754020000074,3860.5034450699495,-0.37591696216675785
25.179687488,2026-05-04T22:12:33.687500Z,2026-05-04T22:13:35.111562488Z,0.943138599395752,0.3268650472164154,-0.0284562241286039,0.9985794577566812,-0.4580730309384469,3833.5234450000003,27.468746399999777,380.7656652000025,3853.0415293702526,-0.3933793815186538
25.187499988,2026-05-04T22:12:33.695312Z,2026-05-04T22:13:35.119374988Z,0.943138599395752,0.3262598514556885,-0.0372671410441398,0.9986714916045578,-0.4573433152211282,3828.6406325000007,29.81249639999962,354.59379020000426,3845.5796136705562,-0.4108418008705487
25.195312488,2026-05-04T22:12:33.703125Z,2026-05-04T22:13:35.127187488Z,0.9399048686027528,0.3275012671947479,-0.0482154339551925,0.9964953437466786,-0.47459750301987486,3823.757820000001,32.15624639999946,328.421915200006,3838.1176979708594,-0.4283042202224447
25.203124988,2026-05-04T22:12:33.710937Z,2026-05-04T22:13:35.134999988Z,0.9419982433319092,0.3273616135120392,-0.0539048537611961,0.9987151994941422,-0.4569967651774601,3821.5000012,30.375006300000987,291.00006720001056,3833.4025484695453,-0.43933864103507514
25.210937488,2026-05-04T22:12:33.718750Z,2026-05-04T22:13:35.142812488Z,0.9454350471496582,0.3261047005653381,-0.0564112737774848,1.0016855474243818,-0.43344554331061586,3820.7187512,26.2734438000009,247.2500672000096,3830.232465255221,-0.4467572885643128
25.218749988,2026-05-04T22:12:33.726562Z,2026-05-04T22:13:35.150624988Z,0.9429824352264404,0.3263840079307556,-0.0619776844978332,0.9997917919018161,-0.4484607056824894,3819.9375012,22.171881300000813,203.5000672000087,3827.062382040897,-0.45417593609355045
25.226562488,2026-05-04T22:12:33.734375Z,2026-05-04T22:13:35.158437488Z,0.9397017955780028,0.3285409808158875,-0.0662524402141571,0.9976813251345934,-0.46519412285946476,3819.1562512,18.070318800000727,159.75006720000775,3823.8922988265726,-0.4615945836227881
25.234374988,2026-05-04T22:12:33.742187Z,2026-05-04T22:13:35.166249988Z,0.9421544671058656,0.3293634057044983,-0.0651914402842521,1.0001925898501443,-0.4452828687332365,3818.3750012,13.96875630000064,116.00006720000681,3820.7222156122484,-0.46901323115202576
25.242187488,2026-05-04T22:12:33.750000Z,2026-05-04T22:13:35.174062488Z,0.9419670104980468,0.3291306495666504,-0.0629771798849105,0.999797458757047,-0.4484157744596282,3816.2734426000006,11.289064600000183,70.72663420000626,3817.6293467572236,-0.4762511811799328
25.249999988,2026-05-04T22:12:33.757812Z,2026-05-04T22:13:35.181874988Z,0.942451238632202,0.3306358456611633,-0.0600555837154388,1.0005703737223317,-0.44228750522681903,3812.9531301,9.921877100000154,24.046946700005268,3814.6077531340134,-0.48332233248785444
25.257812488,2026-05-04T22:12:33.765625Z,2026-05-04T22:13:35.189687488Z,0.9399361610412598,0.3325445353984833,-0.0584717690944671,0.9987416095454373,-0.45678736581005475,3809.6328176,8.554689600000126,-22.632740799995727,3811.5861595108026,-0.49039348379577713
25.265624988,2026-05-04T22:12:33.773437Z,2026-05-04T22:13:35.197499988Z,0.9388113617897034,0.3334600627422333,-0.0560114756226539,0.9978475193489827,-0.4638764062457906,3806.3125051,7.1875021000000965,-69.31242829999672,3808.5645658875924,-0.49746463510369876
25.273437488,2026-05-04T22:12:33.781250Z,2026-05-04T22:13:35.205312488Z,0.941373348236084,0.3330411016941071,-0.0480770394206047,0.9997057356573935,-0.4491430263240516,3802.9921926,5.820314600000067,-115.99211579999772,3805.542972264382,-0.5045357864116203
25.281249988,2026-05-04T22:12:33.789062Z,2026-05-04T22:13:35.213124988Z,0.9403891563415528,0.3333980143070221,-0.0396197885274887,0.9985267792861671,-0.45849070670432424,3800.6093765,2.421884900000178,-157.35932369999907,3804.1534595294156,-0.5077875323505044
25.289062488,2026-05-04T22:12:33.796875Z,2026-05-04T22:13:35.220937488Z,0.9363586902618408,0.3353997766971588,-0.0333153009414672,0.9951736111423949,-0.4850772240974043,3799.632814,-4.02342759999996,-190.75776119999978,3805.212083794853,-0.5053101335693969
25.296874988,2026-05-04T22:12:33.804687Z,2026-05-04T22:13:35.228749988Z,0.9369055032730104,0.3369360268115997,-0.0233357418328523,0.9959228710466135,-0.4791365105329972,3798.6562515,-10.468740100000097,-224.1561987000005,3806.27070806029,-0.5028327347882893
25.304687488,2026-05-04T22:12:33.812500Z,2026-05-04T22:13:35.236562488Z,0.9384364485740662,0.3362843096256256,-0.0103115793317556,0.9969234843161258,-0.47120287256645377,3797.679689,-16.914052600000236,-257.5546362000012,3807.329332325727,-0.5003553360071816
25.312499988,2026-05-04T22:12:33.820312Z,2026-05-04T22:13:35.244374988Z,0.9377647042274476,0.3355394601821899,9.85264778137207e-05,0.9959866362264177,-0.47863093073823315,3796.7031265,-23.35936510000037,-290.95307370000194,3808.3879565911643,-0.49787793722607404
25.320312488,2026-05-04T22:12:33.828125Z,2026-05-04T22:13:35.252187488Z,0.9370929598808287,0.3357411623001099,0.010508632287383,0.9954776616646868,-0.48266647576845406,3795.0156303999997,-26.468758399999704,-319.4843504000009,3808.58422920629,-0.4974186188887261
25.328124988,2026-05-04T22:12:33.835937Z,2026-05-04T22:13:35.259999988Z,0.937952160835266,0.335865318775177,0.0223949141800403,0.9965246111123535,-0.47436544864824726,3791.5000054,-21.000008400000073,-335.4999753999998,3806.563009254041,-0.5021486898020203
25.335937488,2026-05-04T22:12:33.843750Z,2026-05-04T22:13:35.267812488Z,0.9367648959159852,0.3353687524795532,0.0350039042532444,0.9956033063791767,-0.48167026703572474,3787.9843804,-15.531258400000443,-351.51560039999873,3804.541789301792,-0.5068787607153145
25.343749988,2026-05-04T22:12:33.851562Z,2026-05-04T22:13:35.275624988Z,0.9367336630821228,0.3338635265827179,0.0490736924111843,0.9956621099652073,-0.4812040266040655,3784.4687554000006,-10.062508400000812,-367.53122539999765,3802.520569349543,-0.5116088316286086
25.351562488,2026-05-04T22:12:33.859375Z,2026-05-04T22:13:35.283437488Z,0.9377177953720092,0.332358330488205,0.0628666952252388,0.996859541244799,-0.47170986282316146,3780.9531304000006,-4.593758400001182,-383.5468503999966,3800.4993493972943,-0.5163389025419027
25.359374988,2026-05-04T22:12:33.867187Z,2026-05-04T22:13:35.291249988Z,0.9391862750053406,0.3323893547058105,0.0748606175184249,0.9990784024967171,-0.45411701011265365,3778.843741899999,0.6874933999988433,-394.2187767000047,3799.3861165797,-0.5189440965804681
25.367187488,2026-05-04T22:12:33.875000Z,2026-05-04T22:13:35.299062488Z,0.9359993934631348,0.3317996859550476,0.0850400701165199,0.9967034211281944,-0.47294770417723336,3784.117179399999,4.984368399998934,-376.8359642000043,3803.0398706987994,-0.5103935595328536
25.374999988,2026-05-04T22:12:33.882812Z,2026-05-04T22:13:35.306874988Z,0.937467873096466,0.3300151526927948,0.0990175977349281,0.9987795045734851,-0.4564869046404669,3789.390616899999,9.281243399999026,-359.45315170000396,3806.6936248178995,-0.5018430224852379
25.382812488,2026-05-04T22:12:33.890625Z,2026-05-04T22:13:35.314687488Z,0.9386863708496094,0.3274236917495728,0.112841360270977,1.0005356312123692,-0.44256297078827994,3794.664054399999,13.578118399999118,-342.07033920000356,3810.347378936999,-0.4932924854376234
25.390624988,2026-05-04T22:12:33.898437Z,2026-05-04T22:13:35.322499988Z,0.938998818397522,0.3283547461032867,0.1218829229474068,1.0021931286666756,-0.4294210455973976,3799.9374918999993,17.87499339999921,-324.6875267000032,3814.001133056099,-0.4847419483900077
25.398437488,2026-05-04T22:12:33.906250Z,2026-05-04T22:13:35.330312488Z,0.9372491836547852,0.3287271857261658,0.1294329464435577,1.0016239226985681,-0.4339341519262412,3805.0234366,22.023436599999904,-306.6719260000054,3817.4546272905486,-0.4766600607115178
25.406249988,2026-05-04T22:12:33.914062Z,2026-05-04T22:13:35.338124988Z,0.9379990100860596,0.3262753784656525,0.1393048614263535,1.0028477501257846,-0.4242306990170123,3805.6093741,22.60937409999992,-273.4688010000047,3816.1016920365005,-0.47982620781273905
25.414062488,2026-05-04T22:12:33.921875Z,2026-05-04T22:13:35.345937488Z,0.9408578276634216,0.3244908452033997,0.1488231122493744,1.0063081432821357,-0.3967940185722535,3806.1953116,23.19531159999993,-240.265676000004,3814.748756782452,-0.4829923549139613
25.421874988,2026-05-04T22:12:33.929687Z,2026-05-04T22:13:35.353749988Z,0.9369367361068726,0.3249408602714539,0.1543741375207901,1.0036276124518693,-0.41804734572017105,3806.7812491,23.781249099999943,-207.06255100000328,3813.3958215284033,-0.4861585020151836
25.429687488,2026-05-04T22:12:33.937500Z,2026-05-04T22:13:35.361562488Z,0.9376553297042848,0.3271443843841553,0.1598021537065506,1.005861667370912,-0.400334025834158,3807.3671866,24.367186599999954,-173.85942600000257,3812.042886274355,-0.48932464911640483
25.437499988,2026-05-04T22:12:33.945312Z,2026-05-04T22:13:35.369374988Z,0.9371398091316224,0.3274547159671783,0.1650610268115997,1.0063313348199483,-0.3966101380756633,3807.9531241,24.953124099999968,-140.65630100000186,3810.6899510203066,-0.49249079621762715
25.445312488,2026-05-04T22:12:33.953125Z,2026-05-04T22:13:35.377187488Z,0.9382646083831788,0.3267874717712402,0.1679672449827194,1.0076425568812404,-0.3862137527337952,3809.0781232,24.820312800000007,-93.25788720000169,3811.499674199189,-0.49059587723466813
25.453124988,2026-05-04T22:12:33.960937Z,2026-05-04T22:13:35.384999988Z,0.9403423070907592,0.3268805742263794,0.1697663366794586,1.009908497528812,-0.3682476180649333,3810.2499982,24.625000300000004,-44.62507470000065,3812.497458557789,-0.4882608563641777
25.460937488,2026-05-04T22:12:33.968750Z,2026-05-04T22:13:35.392812488Z,0.9353432655334472,0.3277961313724518,0.1670753955841064,1.005102738992937,-0.40635139855631297,3811.4218732,24.4296878,4.007737800000387,3813.495242916388,-0.48592583549368834
25.468749988,2026-05-04T22:12:33.976562Z,2026-05-04T22:13:35.400624988Z,0.9363586902618408,0.3297047913074493,0.1650149077177048,1.0063313400709735,-0.39661009644146367,3812.5937482,24.234375299999993,52.64055030000142,3814.493027274988,-0.4835908146231979
25.476562488,2026-05-04T22:12:33.984375Z,2026-05-04T22:13:35.408437488Z,0.93828022480011,0.3299686014652252,0.1655377149581909,1.0082915219704274,-0.38106825424061136,3813.7656232,24.03906279999999,101.27336280000246,3815.490811633588,-0.4812557937527075
25.484374988,2026-05-04T22:12:33.992187Z,2026-05-04T22:13:35.416249988Z,0.936749279499054,0.3313031196594238,0.1631543040275574,1.0069162312033608,-0.39197262596651716,3815.7187467,21.187505399999996,142.24994000000004,3819.1179824266783,-0.4727674671621956
25.492187488,2026-05-04T22:12:34.000000Z,2026-05-04T22:13:35.424062488Z,0.933296799659729,0.3329169452190399,0.1555735319852829,1.0030352598605123,-0.4227439764281171,3817.8671842,17.671880400000234,181.3124399999974,3823.4025061389307,-0.462740799373717
25.499999988,2026-05-04T22:12:34.007812Z,2026-05-04T22:13:35.431874988Z,0.9348277449607848,0.3333359360694885,0.1486232131719589,1.0035460221222272,-0.41869425712607966,3820.0156217,14.156255400000472,220.37493999999475,3827.687029851183,-0.4527141315852384
25.507812488,2026-05-04T22:12:34.015625Z,2026-05-04T22:13:35.439687488Z,0.9367023706436156,0.3337083458900452,0.1413807272911072,1.0043709978565698,-0.41215320974356034,3822.1640591999994,10.640630400000708,259.43743999999214,3831.971553563435,-0.4426874637967609
25.515624988,2026-05-04T22:12:34.023437Z,2026-05-04T22:13:35.447499988Z,0.9353901743888856,0.3348721861839294,0.1305246949195862,1.0020632991017708,-0.4304504350695267,3824.3124966999994,7.125005400000946,298.49993999998946,3836.2560772756874,-0.4326607960082823
25.523437488,2026-05-04T22:12:34.031250Z,2026-05-04T22:13:35.455312488Z,0.9351401925086976,0.3351049423217773,0.1214677542448044,1.0007681636297998,-0.44071927345626405,3826.0624975999995,5.734375600000108,328.53121039999286,3840.4015704951703,-0.42295948820310403
25.531249988,2026-05-04T22:12:34.039062Z,2026-05-04T22:13:35.463124988Z,0.9351089596748352,0.3350894451141357,0.1127183437347412,0.9997095216638457,-0.44911300792888714,3827.6249975999995,5.343750600000099,354.3124603999934,3844.4816371385755,-0.4134112920590872
25.539062488,2026-05-04T22:12:34.046875Z,2026-05-04T22:13:35.470937488Z,0.9353432655334472,0.3360360264778137,0.1004168912768364,0.9989348264644068,-0.4552553922386251,3829.1874975999995,4.953125600000091,380.093710399994,3848.5617037819807,-0.4038630959150704
25.546874988,2026-05-04T22:12:34.054687Z,2026-05-04T22:13:35.478749988Z,0.9347028136253356,0.3365636169910431,0.0875618681311607,0.9973021101109889,-0.4682008336441606,3830.7499975999995,4.562500600000083,405.8749603999945,3852.6417704253863,-0.3943148997710526
25.554687488,2026-05-04T22:12:34.062500Z,2026-05-04T22:13:35.486562488Z,0.9376240968704224,0.3352135717868805,0.0762445256114006,0.9986592579192869,-0.4574403133650599,3832.3124976,4.1718756000000745,431.6562103999951,3856.7218370687915,-0.3847667036270358
25.562499988,2026-05-04T22:12:34.070312Z,2026-05-04T22:13:35.494374988Z,0.937467873096466,0.3335686922073364,0.0634971484541893,0.9970686903973756,-0.4700515661484029,3833.1093747,4.437498799999867,444.7499951999995,3858.830848815422,-0.3798311818361324
25.570312488,2026-05-04T22:12:34.078125Z,2026-05-04T22:13:35.502187488Z,0.9358900785446168,0.3334135115146637,0.0498271584510803,0.9947550223537939,-0.48839612062496396,3833.3046872,5.218748799999884,447.87499519999955,3859.391164917555,-0.3785199267725747
25.578124988,2026-05-04T22:12:34.085937Z,2026-05-04T22:13:35.509999988Z,0.9375459551811218,0.3333359360694885,0.037910122424364,0.9957622415687565,-0.480410105600044,3833.4999997,5.999998799999901,450.9999951999996,3859.9514810196883,-0.37720867170901695
25.585937488,2026-05-04T22:12:34.093750Z,2026-05-04T22:13:35.517812488Z,0.9384520649909972,0.3324669301509857,0.0259315818548202,0.9959412557311703,-0.4789907424966867,3833.6953122,6.781248799999918,454.12499519999966,3860.5117971218215,-0.3758974166454592
25.593749988,2026-05-04T22:12:34.101562Z,2026-05-04T22:13:35.525624988Z,0.9394362568855286,0.3301703333854675,0.0133840981870889,0.9958574515879495,-0.47965520673343887,3833.8906247,7.562498799999934,457.2499951999997,3861.0721132239546,-0.3745861615819015
25.601562488,2026-05-04T22:12:34.109375Z,2026-05-04T22:13:35.533437488Z,0.9416389465332032,0.3297047913074493,0.0020206291228532,0.9976939600805959,-0.4650939432092797,3833.3984396,9.804681199999742,448.6015988000015,3859.7204810962594,-0.37774925909910717
25.609374988,2026-05-04T22:12:34.117187Z,2026-05-04T22:13:35.541249988Z,0.9412327408790588,0.3288513123989105,-0.010080924257636,0.9970776715999008,-0.46998035620994766,3832.0312521,13.906243699999829,424.968786300001,3855.93544514319,-0.3866070226727677
25.617187488,2026-05-04T22:12:34.125000Z,2026-05-04T22:13:35.549062488Z,0.9381396174430848,0.3278426826000214,-0.0203372631222009,0.9939820776160592,-0.49452462591684465,3830.6640646,18.007806199999916,401.3359738000005,3852.1504091901206,-0.3954647862464283
25.624999988,2026-05-04T22:12:34.132812Z,2026-05-04T22:13:35.556874988Z,0.943154275417328,0.3276719748973846,-0.0265956278890371,0.9988074077588479,-0.45626566654826173,3829.2968771,22.1093687,377.7031613,3848.3653732370512,-0.40432254982008886
25.632812488,2026-05-04T22:12:34.140625Z,2026-05-04T22:13:35.564687488Z,0.9436385035514832,0.327858179807663,-0.0346377044916153,0.9995720994626275,-0.45020259770972487,3827.9296896,26.21093120000009,354.07034879999946,3844.580337283982,-0.4131803133937494
25.640624988,2026-05-04T22:12:34.148437Z,2026-05-04T22:13:35.572499988Z,0.940420389175415,0.3274081647396088,-0.044755645096302,0.996789688190535,-0.47226371200773,3827.624997,28.625001799999982,324.8125632999994,3841.8292319723214,-0.4196184663516279
25.648437488,2026-05-04T22:12:34.156250Z,2026-05-04T22:13:35.580312488Z,0.9424043893814088,0.3260736465454102,-0.0502451732754707,0.9984861709278948,-0.4588126812600931,3829.578122,27.45312680000006,283.6016258000022,3841.2752447826892,-0.4209149104566354
25.656249988,2026-05-04T22:12:34.164062Z,2026-05-04T22:13:35.588124988Z,0.9438572525978088,0.3258408904075623,-0.0543354079127311,0.9999955678382378,-0.4468450120322829,3831.531247,26.281251800000142,242.39068830000494,3840.721257593057,-0.42221135456164294
25.664062488,2026-05-04T22:12:34.171875Z,2026-05-04T22:13:35.595937488Z,0.942435622215271,0.3274236917495728,-0.0588869452476501,0.9994292612585465,-0.4513351297613159,3833.4843719999994,25.10937680000022,201.17975080000772,3840.1672704034245,-0.4235077986666515
25.671874988,2026-05-04T22:12:34.179687Z,2026-05-04T22:13:35.603749988Z,0.9406859874725342,0.3286185562610626,-0.0601017102599144,0.9982447085371645,-0.4607271823455365,3835.4374969999994,23.937501800000298,159.9688133000105,3839.6132832137923,-0.424804242771659
25.679687488,2026-05-04T22:12:34.187500Z,2026-05-04T22:13:35.611562488Z,0.9425137639045716,0.3292237520217896,-0.0580104663968086,1.000042843210451,-0.44647017621978685,3836.140631600001,22.257818200001132,117.85944520001392,3838.284639755915,-0.4279135420674883
25.687499988,2026-05-04T22:12:34.195312Z,2026-05-04T22:13:35.619374988Z,0.940779745578766,0.3296272158622742,-0.0586409121751785,0.9985786837846575,-0.4580791675888586,3831.843756600001,18.54688070000105,72.15632020001296,3833.8573414780217,-0.43827433174079466
25.695312488,2026-05-04T22:12:34.203125Z,2026-05-04T22:13:35.627187488Z,0.9414827227592468,0.3308375775814056,-0.0572262480854988,0.9995589344626161,-0.45030698003914427,3827.546881600001,14.835943200000973,26.45319520001198,3829.4300432001287,-0.44863512141409995
25.703124988,2026-05-04T22:12:34.210937Z,2026-05-04T22:13:35.634999988Z,0.9415295720100404,0.3315203487873077,-0.0541662573814392,0.9996587718157534,-0.4495153920805768,3823.250006600001,11.125005700000894,-19.249929799988994,3825.0027449222357,-0.4589959110874053
25.710937488,2026-05-04T22:12:34.218750Z,2026-05-04T22:13:35.642812488Z,0.94076406955719,0.3327617645263672,-0.0494763329625129,0.999107268527221,-0.4538881378374931,3818.953131600001,7.4140682000008145,-64.95305479998997,3820.5754466443423,-0.4693567007607117
25.718749988,2026-05-04T22:12:34.226562Z,2026-05-04T22:13:35.650624988Z,0.9384989142417908,0.3338945806026459,-0.042787417769432,0.9970439138313882,-0.4702480139775361,3814.3906367000013,3.9843753000000386,-109.81244599999303,3816.039679125057,-0.4799713307956889
25.726562488,2026-05-04T22:12:34.234375Z,2026-05-04T22:13:35.658437488Z,0.9372491836547852,0.3343756198883057,-0.0348991081118583,0.9957213642301007,-0.4807342128408851,3806.7734492000013,3.7890628000000346,-144.96869599999377,3810.256489296638,-0.49350518591275666
25.734374988,2026-05-04T22:12:34.242187Z,2026-05-04T22:13:35.666249988Z,0.9382646083831788,0.3355860114097595,-0.0269339177757501,0.9968369386841069,-0.4718890734523941,3799.1562617000013,3.5937503000000306,-180.12494599999454,3804.4732994682186,-0.5070390410298254
25.742187488,2026-05-04T22:12:34.250000Z,2026-05-04T22:13:35.674062488Z,0.9394206404685974,0.3364549875259399,-0.0182306412607431,0.9980207686467693,-0.46250275145979525,3791.539074200001,3.398437800000026,-215.28119599999528,3798.6901096397996,-0.5205728961468932
25.749999988,2026-05-04T22:12:34.257812Z,2026-05-04T22:13:35.681874988Z,0.9384676814079284,0.3358032405376434,-0.0078359115868806,0.996768181129972,-0.4724342366623898,3783.921886700001,3.203125300000022,-250.43744599999602,3792.9069198113807,-0.5341067512639609
25.757812488,2026-05-04T22:12:34.265625Z,2026-05-04T22:13:35.689687488Z,0.9372179508209229,0.335492879152298,0.003496803343296,0.9954622980989736,-0.48278829003172385,3776.304699200001,3.0078128000000177,-285.5936959999968,3787.1237299829613,-0.5476406063810297
25.765624988,2026-05-04T22:12:34.273437Z,2026-05-04T22:13:35.697499988Z,0.9361243844032288,0.3353842794895172,0.0154292145743966,0.9945096976226071,-0.49034124534075363,3777.1249982,0.7500036000001644,-302.7499747999988,3789.380805211327,-0.542358585552505
25.773437488,2026-05-04T22:12:34.281250Z,2026-05-04T22:13:35.705312488Z,0.936389982700348,0.3361756801605225,0.0276845376938581,0.9952922793131024,-0.4841363308140241,3778.2968732,-1.5937463999998858,-319.1562247999992,3791.9729048841887,-0.5362925385330694
25.781249988,2026-05-04T22:12:34.289062Z,2026-05-04T22:13:35.713124988Z,0.9382646083831788,0.3351980447769165,0.0394324287772178,0.997122420270439,-0.46962555404776274,3779.4687482,-3.9374963999999357,-335.56247479999956,3794.5650045570505,-0.5302264915136337
25.789062488,2026-05-04T22:12:34.296875Z,2026-05-04T22:13:35.720937488Z,0.9354994893074036,0.3333049118518829,0.0496118813753128,0.9943403831347706,-0.49168370190205873,3780.6406232,-6.281246399999986,-351.9687247999999,3797.1571042299124,-0.5241604444941981
25.796874988,2026-05-04T22:12:34.304687Z,2026-05-04T22:13:35.728749988Z,0.9389207363128662,0.3327462673187256,0.0624668970704078,0.9980953565278442,-0.46191136089645735,3781.8124982,-8.624996400000036,-368.37497480000025,3799.7492039027748,-0.5180943974747613
25.804687488,2026-05-04T22:12:34.312500Z,2026-05-04T22:13:35.736562488Z,0.9388582110404968,0.331411749124527,0.0761061385273933,0.9985392492123137,-0.4583918354595271,3781.8359378,-5.554693800000157,-362.1406412000004,3799.1993305991155,-0.5193812142394295
25.812499988,2026-05-04T22:12:34.320312Z,2026-05-04T22:13:35.744374988Z,0.9353432655334472,0.330449640750885,0.0881000533699989,0.9959044175295931,-0.47928282432645736,3781.6406253,-1.4531313000004342,-351.59376620000114,3798.0509794126283,-0.5220685924930462
25.820312488,2026-05-04T22:12:34.328125Z,2026-05-04T22:13:35.752187488Z,0.93828022480011,0.3311169147491455,0.1005552783608437,1.0000597759584997,-0.4463359202620746,3781.4453128,2.6484311999992887,-341.0468912000018,3796.902628226141,-0.5247559707466628
25.828124988,2026-05-04T22:12:34.335937Z,2026-05-04T22:13:35.759999988Z,0.9386082887649536,0.3297358155250549,0.1115650832653046,1.0010784163002626,-0.4382593496869091,3781.2500003,6.7499936999990116,-330.50001620000256,3795.754277039654,-0.5274433490002794
25.835937488,2026-05-04T22:12:34.343750Z,2026-05-04T22:13:35.767812488Z,0.937936544418335,0.3275323212146759,0.1201299726963043,1.0007165398531672,-0.4411285867911435,3781.0546878,10.851556199998734,-319.95314120000324,3794.605925853167,-0.5301307272538962
25.843749988,2026-05-04T22:12:34.351562Z,2026-05-04T22:13:35.775624988Z,0.9385457634925842,0.3266322910785675,0.1278952658176422,1.0019550901930072,-0.43130839921316005,3784.2343680999984,15.937491599998294,-296.4687938000089,3796.220396346549,-0.5263525338353016
25.851562488,2026-05-04T22:12:34.359375Z,2026-05-04T22:13:35.783437488Z,0.9400923252105712,0.3266167640686035,0.1375211477279663,1.0046711683744494,-0.40977322509849656,3788.726555599999,21.40624159999841,-267.95316880000826,3798.9093056793718,-0.5200599322757737
25.859374988,2026-05-04T22:12:34.367187Z,2026-05-04T22:13:35.791249988Z,0.9378584027290344,0.3256701827049255,0.1449942737817764,1.0033258647627998,-0.42043983540150903,3793.218743099999,26.874991599998527,-239.4375438000077,3801.5982150121945,-0.513767330716246
25.867187488,2026-05-04T22:12:34.375000Z,2026-05-04T22:13:35.799062488Z,0.9367961287498474,0.3263840079307556,0.1519292294979095,1.003591549510792,-0.41833328068349057,3797.710930599999,32.343741599998644,-210.92191880000706,3804.287124345017,-0.5074747291567182
25.874999988,2026-05-04T22:12:34.382812Z,2026-05-04T22:13:35.806874988Z,0.938405215740204,0.3264926373958588,0.1581260859966278,1.006084315688668,-0.39856869730938466,3802.203118099999,37.81249159999876,-182.40629380000647,3806.97603367784,-0.5011821275971904
25.882812488,2026-05-04T22:12:34.390625Z,2026-05-04T22:13:35.814687488Z,0.9384989142417908,0.3264926373958588,0.1608785390853882,1.0066079468417546,-0.39441694345685285,3804.4687488,37.6562560000008,-142.75788480000966,3808.1270980171344,-0.49848840000729167
25.890624988,2026-05-04T22:12:34.398437Z,2026-05-04T22:13:35.822499988Z,0.9399517774581908,0.3274236917495728,0.1620625555515289,1.0084542080717518,-0.3797783526678235,3805.2499988,33.75000600000072,-95.68757230000865,3808.252925799253,-0.49819393708571774
25.898437488,2026-05-04T22:12:34.406250Z,2026-05-04T22:13:35.830312488Z,0.9372804164886476,0.3273150622844696,0.1638001352548599,1.0062108195805337,-0.3975656763521372,3806.0312488,29.843756000000635,-48.61725980000766,3808.3787535813713,-0.49789947416414376
25.906249988,2026-05-04T22:12:34.414062Z,2026-05-04T22:13:35.838124988Z,0.93662428855896,0.3277029991149902,0.1647996306419373,1.0058892741287464,-0.4001151380492748,3806.8124988,25.93750600000055,-1.5469473000066565,3808.50458136349,-0.49760501124256873
25.914062488,2026-05-04T22:12:34.421875Z,2026-05-04T22:13:35.845937488Z,0.9365462064743042,0.3298289477825165,0.1634618490934372,1.0062930526272045,-0.39691366898720415,3807.5937488,22.031256000000468,45.523365199994345,3808.6304091456086,-0.49731054832099475
25.921874988,2026-05-04T22:12:34.429687Z,2026-05-04T22:13:35.853749988Z,0.936015009880066,0.3317065834999084,0.1593869924545288,1.0057621834318797,-0.401122811651632,3809.4999952,18.218755700000365,87.90619269999632,3810.964674019672,-0.4918478878260558
25.929687488,2026-05-04T22:12:34.437500Z,2026-05-04T22:13:35.861562488Z,0.936858594417572,0.3312565684318542,0.1553890109062195,1.0057736747269386,-0.40103169975301806,3812.6249952,14.507818200000287,125.21088019999712,3815.691427132971,-0.4807863121718766
25.937499988,2026-05-04T22:12:34.445312Z,2026-05-04T22:13:35.869374988Z,0.9348746538162231,0.3314893245697021,0.1493151634931564,1.0030806591200274,-0.4223840158919978,3815.7499952,10.796880700000209,162.51556769999792,3820.4181802462704,-0.46972473651769636
25.945312488,2026-05-04T22:12:34.453125Z,2026-05-04T22:13:35.877187488Z,0.9370929598808287,0.3332428336143494,0.142995297908783,1.0048092639091037,-0.40867829660801375,3818.8749952,7.085943200000129,199.8202551999987,3825.144933359569,-0.45866316086351716
25.953124988,2026-05-04T22:12:34.460937Z,2026-05-04T22:13:35.884999988Z,0.9355620145797728,0.3351670205593109,0.1359219551086426,1.0030393774302804,-0.4227113291418609,3821.9999952,3.37500570000005,237.1249426999995,3829.8716864728685,-0.4476015852093369
25.960937488,2026-05-04T22:12:34.468750Z,2026-05-04T22:13:35.892812488Z,0.9353901743888856,0.3352911770343781,0.1285410821437836,1.0019469853934706,-0.43137266034907945,3824.8437464,1.4218731999999719,270.63277139999934,3834.5633060325263,-0.4366222293056473
25.968749988,2026-05-04T22:12:34.476562Z,2026-05-04T22:13:35.900624988Z,0.9338279962539672,0.3352601230144501,0.1184231415390968,0.9992287611569998,-0.4529248500522552,3827.1874964,2.593748199999893,297.3905838999976,3839.1924655248667,-0.42578904282173363
25.976562488,2026-05-04T22:12:34.484375Z,2026-05-04T22:13:35.908437488Z,0.9365305304527284,0.335865318775177,0.1073979660868645,1.0007143798035558,-0.4411457133395601,3829.5312463999994,3.7656231999998138,324.14839639999576,3843.8216250172077,-0.4149558563378189
25.984374988,2026-05-04T22:12:34.492187Z,2026-05-04T22:13:35.916249988Z,0.93448406457901,0.3352911770343781,0.0940816402435302,0.9972622500526724,-0.4685168750975807,3831.8749963999994,4.937498199999735,350.90620889999394,3848.450784509548,-0.40412266985390527
25.992187488,2026-05-04T22:12:34.500000Z,2026-05-04T22:13:35.924062488Z,0.9366867542266846,0.3348721861839294,0.0833486169576644,0.998232662545201,-0.4608226923113724,3834.2187463999994,6.109373199999656,377.6640213999921,3853.0799440018886,-0.3932894833699916
25.999999988,2026-05-04T22:12:34.507812Z,2026-05-04T22:13:35.931874988Z,0.9377803206443788,0.3342825174331665,0.07379961758852,0.9983101295717383,-0.4602084736500604,3836.0,6.906250600000133,400.0624867999971,3856.822440905423,-0.38453126993220904
26.007812488,2026-05-04T22:12:34.515625Z,2026-05-04T22:13:35.939687488Z,0.935796320438385,0.3344066441059113,0.0613905265927314,0.9956461990704987,-0.48133018051605964,3836.0,6.515625600000124,408.65623679999726,3857.7571492999105,-0.3823438598068248
26.015624988,2026-05-04T22:12:34.523437Z,2026-05-04T22:13:35.947499988Z,0.9354838728904724,0.333987683057785,0.0482894740998745,0.9944896792733987,-0.49049996633731274,3836.0,6.125000600000116,417.24998679999743,3858.691857694398,-0.3801564496814405
26.023437488,2026-05-04T22:12:34.531250Z,2026-05-04T22:13:35.955312488Z,0.9378584027290344,0.3331342041492462,0.0367414839565753,0.9959451381411221,-0.47895995973981814,3836.0,5.734375600000108,425.8437367999976,3859.6265660888853,-0.3779690395560573
26.031249988,2026-05-04T22:12:34.539062Z,2026-05-04T22:13:35.963124988Z,0.9401080012321472,0.330434113740921,0.0245476681739091,0.9967910239951137,-0.47225312071312725,3836.0,5.343750600000099,434.4374867999978,3860.561274483373,-0.3757816294306731
26.039062488,2026-05-04T22:12:34.546875Z,2026-05-04T22:13:35.970937488Z,0.9394362568855286,0.3298909962177277,0.0108469221740961,0.9957340035658462,-0.48063399838541315,3836.0234372,5.703115999998631,439.5390940000048,3861.1622430047837,-0.37437523933454936
26.046874988,2026-05-04T22:12:34.554687Z,2026-05-04T22:13:35.978749988Z,0.9410921335220336,0.3302323818206787,0.0008827447891235,0.9973507953665923,-0.4678148191827949,3836.2187497,11.562490999998756,419.03128150000435,3859.3157501909195,-0.3786964127628781
26.054687488,2026-05-04T22:12:34.562500Z,2026-05-04T22:13:35.986562488Z,0.940545380115509,0.3288978636264801,-0.0079743023961782,0.9964251132189492,-0.4751543451068039,3836.4140622,17.421865999998882,398.5234690000039,3857.469257377055,-0.3830175861912078
26.062499988,2026-05-04T22:12:34.570312Z,2026-05-04T22:13:35.994374988Z,0.9408109784126282,0.3281375169754028,-0.0169082339853048,0.9965367105756874,-0.47426951471991996,3836.6093747,23.281240999999007,378.0156565000035,3855.6227645631902,-0.38733875961953756
26.070312488,2026-05-04T22:12:34.578125Z,2026-05-04T22:13:36.002187488Z,0.9419357180595398,0.3281840682029724,-0.0259498003870248,0.9978081337204666,-0.464188686051838,3836.8046872,29.14061599999913,357.50784400000305,3853.7762717493256,-0.39165993304786734
26.078124988,2026-05-04T22:12:34.585937Z,2026-05-04T22:13:36.009999988Z,0.9415920376777648,0.3275788724422455,-0.0349452421069145,0.9975593481265207,-0.4661612511714476,3836.9999997,34.999990999999255,337.0000315000026,3851.929778935461,-0.3959811064761971
26.085937488,2026-05-04T22:12:34.593750Z,2026-05-04T22:13:36.017812488Z,0.9423106908798218,0.3265236616134644,-0.0410805866122245,0.9981256205189183,-0.4616714045057915,3832.5078194000007,33.632814600000145,303.0156772000036,3845.2216628967494,-0.41167947939321065
26.093749988,2026-05-04T22:12:34.601562Z,2026-05-04T22:13:36.025624988Z,0.9433573484420776,0.3260270953178406,-0.0453399643301963,0.9991358596840167,-0.45366144497425254,3828.0156319000002,32.26562710000012,269.03130220000287,3838.513539390572,-0.427377869785632
26.101562488,2026-05-04T22:12:34.609375Z,2026-05-04T22:13:36.033437488Z,0.9421700835227966,0.3276254236698151,-0.0505988374352455,0.9987908323918365,-0.45639708891196373,3823.5234444000002,30.898439600000085,235.04692720000216,3831.805415884395,-0.44307626017805235
26.109374988,2026-05-04T22:12:34.617187Z,2026-05-04T22:13:36.041249988Z,0.9406391382217408,0.3288978636264801,-0.0545506849884986,0.9979737322621856,-0.46287569239303317,3819.0312569000002,29.531252100000057,201.06255220000142,3825.0972923782183,-0.4587746505704726
26.117187488,2026-05-04T22:12:34.625000Z,2026-05-04T22:13:36.049062488Z,0.9422325491905212,0.3288358151912689,-0.0548274666070938,0.9994704703997644,-0.451008391732452,3814.5390694000002,28.164064600000028,167.0781772000007,3818.3891688720414,-0.4744730409628929
26.124999988,2026-05-04T22:12:34.632812Z,2026-05-04T22:13:36.056874988Z,0.9434822797775269,0.328215092420578,-0.0549351051449775,1.000450810846859,-0.4432354924234123,3814.1718747,24.906255399999996,125.01569129999997,3817.2180539621327,-0.4772136910169956
26.132812488,2026-05-04T22:12:34.640625Z,2026-05-04T22:13:36.064687488Z,0.9411546587944032,0.3293013274669647,-0.0555809289216995,0.9986494358390804,-0.45751819043386466,3814.3671872,21.39063039999992,81.85162879999905,3816.801996661504,-0.47818735077816044
26.140624988,2026-05-04T22:12:34.648437Z,2026-05-04T22:13:36.072499988Z,0.9399048686027528,0.3315203487873077,-0.0531206354498863,0.9980724951594527,-0.46209262355383357,3814.5624997,17.875005399999846,38.68756629999813,3816.3859393608745,-0.47916101053932625
26.148437488,2026-05-04T22:12:34.656250Z,2026-05-04T22:13:36.080312488Z,0.9403579235076904,0.332358330488205,-0.0480924174189567,0.9985228914560754,-0.4585215324362652,3814.7578122,14.359380399999772,-4.4764962000027815,3815.9698820602457,-0.48013467030049106
26.156249988,2026-05-04T22:12:34.664062Z,2026-05-04T22:13:36.088124988Z,0.9401392340660096,0.3324824571609497,-0.041711039841175,0.9980712272150911,-0.46210267680001094,3814.9531247,10.843755399999697,-47.6405587000037,3815.553824759617,-0.4811083300616558
26.164062488,2026-05-04T22:12:34.671875Z,2026-05-04T22:13:36.095937488Z,0.939358115196228,0.3334911167621613,-0.0364521667361259,0.9974661668467968,-0.46690006461827405,3812.4765675999997,8.960939599999946,-86.20306800000148,3814.063929108244,-0.48459499269654704
26.171874988,2026-05-04T22:12:34.679687Z,2026-05-04T22:13:36.103749988Z,0.9383270740509032,0.3351359963417053,-0.0323926880955696,0.9969067760743396,-0.471335348464413,3809.1562551,7.593752100000038,-123.31244299999896,3812.234923753626,-0.48887524186908854
26.179687488,2026-05-04T22:12:34.687500Z,2026-05-04T22:13:36.111562488Z,0.9375772476196288,0.3350118398666382,-0.0246273968368768,0.9959370144641627,-0.4790243705505842,3805.8359426,6.22656460000013,-160.42181799999645,3810.4059183990075,-0.4931554910416311
26.187499988,2026-05-04T22:12:34.695312Z,2026-05-04T22:13:36.119374988Z,0.9392800331115724,0.3343445956707001,-0.0120030287653207,0.997084430705756,-0.46992676477710654,3802.5156301000006,4.859377100000223,-197.53119299999395,3808.5769130443896,-0.4974357402141726
26.195312488,2026-05-04T22:12:34.703125Z,2026-05-04T22:13:36.127187488Z,0.9395299553871156,0.335523933172226,-0.0011008642613887,0.9976442545833649,-0.46548804693745577,3799.1953176000006,3.492189600000315,-234.64056799999145,3806.747907689771,-0.5017159893867151
26.203124988,2026-05-04T22:12:34.710937Z,2026-05-04T22:13:36.134999988Z,0.9361243844032288,0.3371843099594116,0.0072795022279024,0.9950251821485799,-0.48625408426560907,3796.3750039000006,2.250001800000282,-260.12497089999545,3805.414770539434,-0.5048358048482764
26.210937488,2026-05-04T22:12:34.718750Z,2026-05-04T22:13:36.142812488Z,0.9349058866500854,0.3366567194461823,0.0183815639466047,0.9938433707251717,-0.4956244017136441,3793.8359414000006,1.078126800000257,-279.07028339999584,3804.3605611135154,-0.507302871995773
26.218749988,2026-05-04T22:12:34.726562Z,2026-05-04T22:13:36.150624988Z,0.937686562538147,0.3340963125228882,0.0311135686933994,0.9959138967615807,-0.47920766562420775,3791.2968789000006,-0.09374819999976809,-298.01559589999624,3803.3063516875964,-0.5097699391432706
26.226562488,2026-05-04T22:12:34.734375Z,2026-05-04T22:13:36.158437488Z,0.939967393875122,0.3331031799316406,0.0420464873313903,0.9981304208999284,-0.4616333433624944,3788.7578164000006,-1.2656231999997931,-316.96090839999664,3802.2521422616774,-0.5122370062907683
26.234374988,2026-05-04T22:12:34.742187Z,2026-05-04T22:13:36.166249988Z,0.9364836812019348,0.3335066139698029,0.0512264445424079,0.9954157399496888,-0.48315743914464515,3786.2187539000006,-2.437498199999818,-335.90622089999704,3801.197932835759,-0.5147040734382649
26.242187488,2026-05-04T22:12:34.750000Z,2026-05-04T22:13:36.174062488Z,0.9365618228912354,0.3338945806026459,0.0637124255299568,0.9963397574221761,-0.475831112056211,3786.2187464,-0.5625072000006288,-343.3750048000004,3801.7677368195245,-0.5133706147778698
26.249999988,2026-05-04T22:12:34.757812Z,2026-05-04T22:13:36.181874988Z,0.9374522566795348,0.3318462371826172,0.0787817016243934,0.9975696543082339,-0.46607953577048206,3788.5624964,4.124992799999472,-340.25000480000034,3803.836639329731,-0.5085289568597988
26.257812488,2026-05-04T22:12:34.765625Z,2026-05-04T22:13:36.189687488Z,0.937827169895172,0.3303410112857819,0.0913138091564178,0.9984904586792783,-0.45877868464201527,3790.9062464,8.812492799999571,-337.1250048000003,3805.905541839938,-0.5036872989417267
26.265624988,2026-05-04T22:12:34.773437Z,2026-05-04T22:13:36.197499988Z,0.93759286403656,0.3308065533638,0.0999248325824737,0.9992488812139603,-0.452765322637764,3793.2499964,13.499992799999672,-334.0000048000002,3807.9744443501445,-0.49884564102365564
26.273437488,2026-05-04T22:12:34.781250Z,2026-05-04T22:13:36.205312488Z,0.938295841217041,0.3298754990100861,0.108520470559597,1.0004966881618471,-0.44287174149277575,3795.5937464,18.187492799999774,-330.87500480000017,3810.043346860351,-0.4940039831055846
26.281249988,2026-05-04T22:12:34.789062Z,2026-05-04T22:13:36.213124988Z,0.9384676814079284,0.3265391886234283,0.1193149983882904,1.0007924358199445,-0.4405268247099499,3796.9218753,22.01562109999993,-317.6719185000008,3810.450648422065,-0.49305081357652875
26.289062488,2026-05-04T22:12:34.796875Z,2026-05-04T22:13:36.220937488Z,0.9386707544326782,0.3257788121700287,0.1294329464435577,1.0019917700815657,-0.43101757261177187,3796.7265628,24.554683599999983,-289.3516060000002,3808.3655326096105,-0.4979304139606274
26.296874988,2026-05-04T22:12:34.804687Z,2026-05-04T22:13:36.228749988Z,0.9392644166946412,0.327858179807663,0.1362756192684174,1.0041313036363866,-0.41405369140170734,3796.5312503,27.09374610000004,-261.03129349999955,3806.280416797156,-0.502810014344726
26.304687488,2026-05-04T22:12:34.812500Z,2026-05-04T22:13:36.236562488Z,0.936749279499054,0.3277029991149902,0.1418881565332413,1.0025072155527648,-0.42693072119316017,3796.3359378,29.632808600000093,-232.71098099999898,3804.195300984701,-0.5076896147288247
26.312499988,2026-05-04T22:12:34.820312Z,2026-05-04T22:13:36.244374988Z,0.9384520649909972,0.3263995349407196,0.1494535505771637,1.004771266744579,-0.40897956759479753,3796.1406253,32.171871100000146,-204.39066849999836,3802.1101851722465,-0.5125692151129233
26.320312488,2026-05-04T22:12:34.828125Z,2026-05-04T22:13:36.252187488Z,0.940201699733734,0.3253908753395081,0.1547893136739731,1.006885390480999,-0.3922171551300825,3796.7109336000003,33.89062559999998,-172.35162639999774,3801.0811722377052,-0.5149773172819433
26.328124988,2026-05-04T22:12:34.835937Z,2026-05-04T22:13:36.259999988Z,0.938155233860016,0.3261357247829437,0.1562808752059937,1.0054468985251228,-0.4036226348927769,3799.2499961,33.50000060000001,-130.75006390000055,3802.7678731089063,-0.5110300899050221
26.335937488,2026-05-04T22:12:34.843750Z,2026-05-04T22:13:36.267812488Z,0.9369367361068726,0.3273926675319672,0.1589103043079376,1.0051312804979944,-0.40612509937055874,3801.7890586,33.10937560000003,-89.14850140000337,3804.4545739801074,-0.5070828625281009
26.343749988,2026-05-04T22:12:34.851562Z,2026-05-04T22:13:36.275624988Z,0.9369679689407348,0.328587532043457,0.1607708930969238,1.0058459231425647,-0.400458858285991,3804.3281210999994,32.71875060000006,-47.54693890000617,3806.141274851309,-0.5031356351511787
26.351562488,2026-05-04T22:12:34.859375Z,2026-05-04T22:13:36.283437488Z,0.9384364485740662,0.3293478786945343,0.1611245721578598,1.0075187943487451,-0.38719503806805666,3806.8671835999994,32.328125600000085,-5.945376400008976,3807.82797572251,-0.49918840777425744
26.359374988,2026-05-04T22:12:34.867187Z,2026-05-04T22:13:36.291249988Z,0.9361868500709534,0.3290220201015472,0.1585258841514587,1.0049038580399015,-0.40792828098222195,3809.3749963999994,31.093758700001526,35.46868789998911,3809.8397255661316,-0.49448049886530815
26.367187488,2026-05-04T22:12:34.875000Z,2026-05-04T22:13:36.299062488Z,0.9365930557250975,0.3302479088306427,0.1536668092012405,1.0049297097656027,-0.40772330845310084,3811.7187463999994,25.429696200001406,75.89837539998997,3813.55800201809,-0.48577896627187295
26.374999988,2026-05-04T22:12:34.882812Z,2026-05-04T22:13:36.306874988Z,0.93614000082016,0.3309306800365448,0.1485617011785507,1.003964040781384,-0.41537988102688445,3814.0624963999994,19.765633700001285,116.32806289999084,3817.2762784700485,-0.47707743367843775
26.382812488,2026-05-04T22:12:34.890625Z,2026-05-04T22:13:36.314687488Z,0.9369055032730104,0.3321410715579987,0.1453479528427124,1.0046072072578993,-0.4102803584317286,3816.4062463999994,14.101571200001162,156.7577503999917,3820.994554922007,-0.46837590108500254
26.390624988,2026-05-04T22:12:34.898437Z,2026-05-04T22:13:36.322499988Z,0.9371554255485536,0.3337548971176147,0.1407810300588608,1.004724798842705,-0.4093480011562594,3818.7499963999994,8.437508700001041,197.18743789999255,3824.7128313739654,-0.45967436849156734
26.398437488,2026-05-04T22:12:34.906250Z,2026-05-04T22:13:36.330312488Z,0.9343122243881226,0.3353532254695892,0.1321238875389099,1.0014279006160818,-0.4354883670094099,3821.1171829999994,3.0468731999998093,237.14839339999534,3828.491755340495,-0.4508309082250372
26.406249988,2026-05-04T22:12:34.914062Z,2026-05-04T22:13:36.338124988Z,0.9350621104240416,0.3345463275909424,0.1234052330255508,1.000745345826469,-0.44090019069605496,3824.0468704999994,4.218748199999834,265.85933089999594,3833.7262778805725,-0.4385810475484415
26.414062488,2026-05-04T22:12:34.921875Z,2026-05-04T22:13:36.345937488Z,0.9346402883529664,0.3346704542636871,0.1121340245008469,0.9990649733727709,-0.454223486621454,3826.976558,5.39062319999986,294.57026839999656,3838.9608004206507,-0.4263311868718448
26.421874988,2026-05-04T22:12:34.929687Z,2026-05-04T22:13:36.353749988Z,0.9369992017745972,0.3346859812736511,0.101570151746273,1.0001493418050627,-0.4456257727730814,3829.9062455,6.562498199999885,323.2812058999972,3844.195322960729,-0.41408132619524807
26.429687488,2026-05-04T22:12:34.937500Z,2026-05-04T22:13:36.361562488Z,0.9359837770462036,0.3345463275909424,0.091359943151474,0.9981650742291598,-0.4613585848950287,3832.835933,7.73437319999991,351.99214339999776,3849.429845500807,-0.4018314655186513
26.437499988,2026-05-04T22:12:34.945312Z,2026-05-04T22:13:36.369374988Z,0.9359837770462036,0.3350273668766022,0.08142651617527,0.9974664129615535,-0.4668981132296235,3835.7656205,8.906248199999935,380.7030808999984,3854.664368040885,-0.38958160484205456
26.445312488,2026-05-04T22:12:34.953125Z,2026-05-04T22:13:36.377187488Z,0.9354682564735411,0.335880845785141,0.069909282028675,0.996395558575385,-0.4753886772403196,3838.3359336,8.820312800000007,390.36717519999974,3858.175249594148,-0.3813654190199062
26.453124988,2026-05-04T22:12:34.960937Z,2026-05-04T22:13:36.384999988Z,0.9367180466651917,0.3348101079463959,0.058376669883728,0.996466930167802,-0.4748227879076625,3840.8749961,8.625000300000004,398.3749876999999,3861.5362461944974,-0.37349999485302937
26.460937488,2026-05-04T22:12:34.968750Z,2026-05-04T22:13:36.392812488Z,0.9377647042274476,0.3331652283668518,0.0467671677470207,0.99628754778257,-0.4762450705670751,3843.4140586,8.429687799999998,406.3828002000001,3864.8972427948465,-0.3656345706861525
26.468749988,2026-05-04T22:12:34.976562Z,2026-05-04T22:13:36.400624988Z,0.9391550421714784,0.3315514028072357,0.0348193831741809,0.9965695737800686,-0.47400894975049046,3845.9531211,8.234375299999995,414.39061270000025,3868.2582393951957,-0.35776914651927566
26.476562488,2026-05-04T22:12:34.984375Z,2026-05-04T22:13:36.408437488Z,0.9386551380157472,0.3309306800365448,0.0220566242933273,0.995527537433309,-0.48227102199664373,3848.4921836000003,8.03906279999999,422.3984252000004,3871.619235995545,-0.3499037223523988
26.484374988,2026-05-04T22:12:34.992187Z,2026-05-04T22:13:36.416249988Z,0.939717411994934,0.331753134727478,0.0117080248892307,0.9966273298755014,-0.47355101463660954,3846.3437551,10.812494600000003,411.8125234,3868.4453949121034,-0.3573311640692198
26.492187488,2026-05-04T22:12:35.000000Z,2026-05-04T22:13:36.424062488Z,0.9392956495285034,0.331023782491684,0.0014824401587247,0.9959193036722901,-0.4791647954430971,3843.0234426,14.328119599999766,396.578148400001,3863.6378287240736,-0.3685818589599142
26.499999988,2026-05-04T22:12:35.007812Z,2026-05-04T22:13:36.431874988Z,0.9402173161506652,0.3287892639636993,-0.0072362143546342,0.996073965368806,-0.47793851757447897,3839.7031301000006,17.84374459999953,381.343773400002,3858.8302625360443,-0.37983255385060755
26.507812488,2026-05-04T22:12:35.015625Z,2026-05-04T22:13:36.439687488Z,0.9421231746673584,0.3272374868392944,-0.0156627092510461,0.9974596580811086,-0.46695167116013453,3836.3828176000006,21.35936959999929,366.1093984000031,3854.022696348015,-0.39108324874130096
26.515624988,2026-05-04T22:12:35.023437Z,2026-05-04T22:13:36.447499988Z,0.9416545629501344,0.3279047310352325,-0.0264726150780916,0.9974645998275676,-0.46691248916193095,3833.062505100001,24.874994599999056,350.8750234000041,3849.215130159985,-0.40233394363199537
26.523437488,2026-05-04T22:12:35.031250Z,2026-05-04T22:13:36.455312488Z,0.9405766129493712,0.3277806043624878,-0.0343916714191436,0.9966480203595206,-0.47338696443403633,3832.1328122,24.67187800000054,325.2812968000084,3846.356929162908,-0.40902272254770994
26.531249988,2026-05-04T22:12:35.039062Z,2026-05-04T22:13:36.463124988Z,0.9432323575019836,0.3271598815917969,-0.0367904603481292,0.9990367392316138,-0.45444734878784865,3832.3281247,22.718753000000497,294.8125468000078,3844.4160829663997,-0.41356470232139375
26.539062488,2026-05-04T22:12:35.046875Z,2026-05-04T22:13:36.470937488Z,0.9441227912902832,0.326927125453949,-0.0403886288404464,0.9999402140782964,-0.4472838995674009,3832.5234372,20.765628000000458,264.3437968000071,3842.4752367698916,-0.4181066820950776
26.546874988,2026-05-04T22:12:35.054687Z,2026-05-04T22:13:36.478749988Z,0.9396861791610718,0.328215092420578,-0.04843071103096,0.996534392768231,-0.4742878920948715,3832.7187497,18.812503000000415,233.87504680000646,3840.5343905733835,-0.42264866186876143
26.554687488,2026-05-04T22:12:35.062500Z,2026-05-04T22:13:36.486562488Z,0.9402329325675964,0.328230619430542,-0.0518443584442138,0.9972267267371607,-0.4687985314909429,3832.9140622,16.859378000000373,203.4062968000058,3838.593544376876,-0.4271906416424442
26.562499988,2026-05-04T22:12:35.070312Z,2026-05-04T22:13:36.494374988Z,0.9432948231697084,0.3277340531349182,-0.0519673749804496,0.9999576696367559,-0.4471454983633179,3830.3750072000007,15.6718759000001,166.2656901000072,3834.609080073056,-0.4365151086246686
26.570312488,2026-05-04T22:12:35.078125Z,2026-05-04T22:13:36.502187488Z,0.9437166452407836,0.3281840682029724,-0.0511216521263122,1.000459550628058,-0.4431661966604516,3825.6875072000007,15.085938400000087,123.8828776000063,3829.0189058181895,-0.4495972675523838
26.578124988,2026-05-04T22:12:35.085937Z,2026-05-04T22:13:36.509999988Z,0.9411234259605408,0.3306513726711273,-0.0494301989674568,0.9987426984518928,-0.4567787321152396,3821.0000072000007,14.500000900000074,81.50006510000539,3823.4287315633237,-0.46267942648009786
26.585937488,2026-05-04T22:12:35.093750Z,2026-05-04T22:13:36.517812488Z,0.9385926723480223,0.3325600624084473,-0.0477079972624778,0.9969094506008602,-0.4713141427440885,3816.3125072000007,13.914063400000062,39.117252600004484,3817.8385573084574,-0.475761585407813
26.593749988,2026-05-04T22:12:35.101562Z,2026-05-04T22:13:36.525624988Z,0.9397486448287964,0.3323738276958466,-0.0428027957677841,0.9977133637073757,-0.46494009620884513,3811.6250072000003,13.32812590000005,-3.2655598999964157,3812.248383053591,-0.4888437443355282
26.601562488,2026-05-04T22:12:35.109375Z,2026-05-04T22:13:36.533437488Z,0.942091941833496,0.3322962522506714,-0.0372363850474357,0.9996722335339968,-0.4494086571389112,3807.710942,11.710942000000184,-42.640570399997756,3808.313064541795,-0.49805320004394027
26.609374988,2026-05-04T22:12:35.117187Z,2026-05-04T22:13:36.541249988Z,0.93924880027771,0.3331497311592102,-0.0337766036391258,0.9971549083005941,-0.46936796375054196,3804.7812545,8.781254500000122,-78.18744539999852,3806.4839391961136,-0.5023337300202797
26.617187488,2026-05-04T22:12:35.125000Z,2026-05-04T22:13:36.549062488Z,0.9370304346084596,0.3344376981258392,-0.0284715984016656,0.9953317242134777,-0.48382358105471224,3801.851567,5.85156700000006,-113.73432039999928,3804.654813850432,-0.5066142599966191
26.624999988,2026-05-04T22:12:35.132812Z,2026-05-04T22:13:36.556874988Z,0.9385926723480223,0.3344221711158752,-0.0178462173789739,0.9965504907399301,-0.47416025489142066,3798.9218795,2.921879499999997,-149.28119540000003,3802.825688504751,-0.5108947899729586
26.632812488,2026-05-04T22:12:35.140625Z,2026-05-04T22:13:36.564687488Z,0.9382489919662476,0.3354618549346924,-0.0072054620832204,0.9964425451202578,-0.47501613147495997,3795.992192,-0.007808000000065558,-184.8280704000008,3800.9965631590694,-0.5151753199492981
26.640624988,2026-05-04T22:12:35.148437Z,2026-05-04T22:13:36.572499988Z,0.937952160835266,0.3366256952285767,0.0016054548323154,0.9965308285190608,-0.4743161522263329,3793.7500012,-2.9374955000000442,-215.4374691000003,3799.946865119708,-0.5176318295232317
26.648437488,2026-05-04T22:12:35.156250Z,2026-05-04T22:13:36.580312488Z,0.9365149140357972,0.3361291289329529,0.0114927496761083,0.9950754035869945,-0.48585588975562155,3792.9687512,-5.867182999999846,-235.55465659999894,3800.553461797742,-0.516212268381617
26.656249988,2026-05-04T22:12:35.164062Z,2026-05-04T22:13:36.588124988Z,0.937952160835266,0.3343911468982697,0.0229023490101099,0.996040266620615,-0.4782057073831887,3792.1875012,-8.796870499999649,-255.6718440999976,3801.160058475776,-0.5147927072400014
26.664062488,2026-05-04T22:12:35.171875Z,2026-05-04T22:13:36.595937488Z,0.9376553297042848,0.3343135416507721,0.0328357741236686,0.9960126753793016,-0.47842447214106,3791.4062512,-11.726557999999452,-275.78903159999624,3801.76665515381,-0.5133731460983867
26.671874988,2026-05-04T22:12:35.179687Z,2026-05-04T22:13:36.603749988Z,0.9369523525238036,0.3343756198883057,0.0442607477307319,0.9958141291753507,-0.47999870041663095,3790.6250012,-14.656245499999253,-295.90621909999487,3802.3732518318443,-0.511953584956771
26.679687488,2026-05-04T22:12:35.187500Z,2026-05-04T22:13:36.611562488Z,0.9372804164886476,0.333987683057785,0.0566852167248725,0.9966220775010886,-0.4735926595341198,3789.9609378,-15.593760800002142,-312.4687463999993,3802.85917209208,-0.5108164314834128
26.687499988,2026-05-04T22:12:35.195312Z,2026-05-04T22:13:36.619374988Z,0.9369523525238036,0.3331186771392822,0.0670953243970871,0.9966692262304809,-0.47321882784411634,3789.7656253,-8.562510800001993,-314.81249639999936,3802.8623820471116,-0.5108089195276202
26.695312488,2026-05-04T22:12:35.203125Z,2026-05-04T22:13:36.627187488Z,0.9367805123329164,0.3317841589450836,0.0784126594662666,0.9968886605725789,-0.4714789822107678,3789.5703128,-1.5312608000018424,-317.15624639999936,3802.865592002143,-0.5108014075718286
26.703124988,2026-05-04T22:12:35.210937Z,2026-05-04T22:13:36.634999988Z,0.937467873096466,0.3299065232276917,0.0897300019860267,0.997865622422482,-0.46373287104033123,3789.3750003,5.499989199998308,-319.4999963999994,3802.868801957174,-0.510793895616037
26.710937488,2026-05-04T22:12:35.218750Z,2026-05-04T22:13:36.642812488Z,0.9393424987792968,0.3295496106147766,0.1001708582043648,1.0005006130446312,-0.4428406219783549,3789.1796878,12.531239199998458,-321.8437463999995,3802.872011912206,-0.5107863836602444
26.718749988,2026-05-04T22:12:35.226562Z,2026-05-04T22:13:36.650624988Z,0.9381864666938782,0.3298754990100861,0.1094277054071426,1.0004929354300154,-0.4429014960609447,3789.1718716999994,18.859377700000348,-322.28128300000424,3802.9243264930983,-0.5106639567679384
26.726562488,2026-05-04T22:12:35.234375Z,2026-05-04T22:13:36.658437488Z,0.9381864666938782,0.3288202881813049,0.1196532845497131,1.0013159025555893,-0.4363763744863997,3791.3203091999994,17.101565200000312,-300.7969080000038,3803.541356056735,-0.5092199805255939
26.734374988,2026-05-04T22:12:35.242187Z,2026-05-04T22:13:36.666249988Z,0.9384989142417908,0.3273461163043976,0.128264307975769,1.0021913113737793,-0.4294354545047731,3793.4687467,15.343752700000273,-279.3125330000033,3804.1583856203715,-0.5077760042832494
26.742187488,2026-05-04T22:12:35.250000Z,2026-05-04T22:13:36.674062488Z,0.9371866583824158,0.3267253935337067,0.1343535184860229,1.0015583774095889,-0.4344538458070025,3795.6171842,13.585940200000236,-257.8281580000029,3804.775415184008,-0.5063320280409049
26.749999988,2026-05-04T22:12:35.257812Z,2026-05-04T22:13:36.681874988Z,0.9378427863121032,0.3266633152961731,0.1397200375795364,1.0028856875532541,-0.42392990167192846,3797.7656217,11.828127700000199,-236.34378300000242,3805.3924447476443,-0.5048880517985614
26.757812488,2026-05-04T22:12:35.265625Z,2026-05-04T22:13:36.689687488Z,0.9392018914222716,0.32635298371315,0.1457016170024872,1.0049056791693376,-0.40791384165578404,3799.9140592,10.070315200000161,-214.85940800000196,3806.009474311281,-0.503444075556217
26.765624988,2026-05-04T22:12:35.273437Z,2026-05-04T22:13:36.697499988Z,0.937467873096466,0.3265702128410339,0.149545818567276,1.0039213459499736,-0.4157183987597313,3802.4374961,12.812495499999795,-178.00005760000263,3807.367516371277,-0.5002659774774453
26.773437488,2026-05-04T22:12:35.281250Z,2026-05-04T22:13:36.705312488Z,0.9401080012321472,0.3273616135120392,0.1545740365982056,1.0074035004764337,-0.3881091772970176,3804.9765586,15.742182999999857,-140.50005760000184,3808.7564351869773,-0.4970156214319481
26.781249988,2026-05-04T22:12:35.289062Z,2026-05-04T22:13:36.713124988Z,0.9368117451667786,0.3274236917495728,0.1560502201318741,1.004576622764312,-0.4105228560148656,3807.5156211,18.67187049999992,-103.00005760000103,3810.145354002678,-0.49376526538645094
26.789062488,2026-05-04T22:12:35.296875Z,2026-05-04T22:13:36.720937488Z,0.9366086721420288,0.3286495804786682,0.1558041870594025,1.0047493698359309,-0.4091531832673989,3810.0546836,21.601557999999983,-65.50005760000022,3811.534272818378,-0.4905149093409538
26.796874988,2026-05-04T22:12:35.304687Z,2026-05-04T22:13:36.728749988Z,0.938420832157135,0.3288047611713409,0.1555120199918747,1.0064443439939368,-0.39571411370676823,3812.5937461,24.531245500000043,-28.00005759999942,3812.9231916340786,-0.4872645532954567
26.804687488,2026-05-04T22:12:35.312500Z,2026-05-04T22:13:36.736562488Z,0.9378740191459656,0.329487532377243,0.1532208770513535,1.0058063168152394,-0.4007728879633477,3815.2968708,22.539067000000113,15.734305999998279,3816.347246552131,-0.47925155967970484
26.812499988,2026-05-04T22:12:35.320312Z,2026-05-04T22:13:36.744374988Z,0.9360775351524352,0.3305427432060242,0.1491613984107971,1.0038669133301918,-0.416149982781328,3818.0312458,19.60937950000031,60.65618099999524,3820.1589508722964,-0.47033138663528573
26.820312488,2026-05-04T22:12:35.328125Z,2026-05-04T22:13:36.752187488Z,0.9352027177810668,0.3310858607292175,0.1448558866977692,1.0025992212399217,-0.42620122875586514,3820.7656207999994,16.679692000000507,105.57805599999222,3823.970655192462,-0.4614112135908666
26.828124988,2026-05-04T22:12:35.335937Z,2026-05-04T22:13:36.759999988Z,0.9370617270469666,0.3321876227855682,0.1409655511379242,1.0041437066654302,-0.41395535056902144,3823.4999957999994,13.750004500000705,150.49993099998918,3827.7823595126274,-0.4524910405464475
26.835937488,2026-05-04T22:12:35.343750Z,2026-05-04T22:13:36.767812488Z,0.9351714253425598,0.3337083458900452,0.13346166908741,1.0018577104606732,-0.4320805012481388,3826.234370799999,10.820317000000902,195.42180599998613,3831.594063832793,-0.4435708675020284
26.843749988,2026-05-04T22:12:35.351562Z,2026-05-04T22:13:36.775624988Z,0.936389982700348,0.3346239030361176,0.1262191832065582,1.0023625284267232,-0.4280779129318753,3826.5781259,8.593753000000609,229.51557909999067,3833.834260379972,-0.4383283462632668
26.851562488,2026-05-04T22:12:35.359375Z,2026-05-04T22:13:36.783437488Z,0.9372022747993468,0.3340031802654266,0.1193457543849945,1.0020726707211474,-0.43037612960350996,3825.9921884,6.640628000000567,259.3983915999913,3835.4633103591045,-0.4345160338456974
26.859374988,2026-05-04T22:12:35.367187Z,2026-05-04T22:13:36.791249988Z,0.9356244802474976,0.3344066441059113,0.1090279072523117,0.9995539286203603,-0.45034667023853037,3825.4062509,4.687503000000525,289.28120409999195,3837.0923603382366,-0.4307037214281291
26.867187488,2026-05-04T22:12:35.375000Z,2026-05-04T22:13:36.799062488Z,0.9349215030670166,0.335849791765213,0.0979873538017272,0.9982358544106154,-0.46079738472710724,3824.8203134,2.7343780000004836,319.1640165999926,3838.7214103173687,-0.42689140901056083
26.874999988,2026-05-04T22:12:35.382812Z,2026-05-04T22:13:36.806874988Z,0.935093343257904,0.3358342945575714,0.088561363518238,0.9975105759411453,-0.4665479548794584,3824.2343759,0.781253000000442,349.0468290999932,3840.350460296501,-0.42307909659299253
26.882812488,2026-05-04T22:12:35.390625Z,2026-05-04T22:13:36.814687488Z,0.9372179508209229,0.3343290686607361,0.0785356760025024,0.9981589381945618,-0.46140723613575657,3824.7031232,-0.11718719999995991,366.859359999998,3842.289650592653,-0.4185409919671377
26.890624988,2026-05-04T22:12:35.398437Z,2026-05-04T22:13:36.822499988Z,0.9357338547706604,0.3335686922073364,0.0655422657728195,0.9955710461777738,-0.4819260509299191,3825.8749982,-0.3124996999999641,376.6249849999982,3844.43560242342,-0.4135190227723712
26.898437488,2026-05-04T22:12:35.406250Z,2026-05-04T22:13:36.830312488Z,0.93710857629776,0.3338325023651123,0.0547631159424781,0.9963009697244587,-0.47613865100319624,3827.0468732,-0.5078121999999682,386.3906099999984,3846.5815542541873,-0.40849705357760363
26.906249988,2026-05-04T22:12:35.414062Z,2026-05-04T22:13:36.838124988Z,0.9380146265029908,0.3335842192173004,0.0439685881137847,0.9965355525946282,-0.47427869609175993,3828.2187482,-0.7031246999999724,396.1562349999986,3848.7275060849543,-0.40347508438283713
26.914062488,2026-05-04T22:12:35.421875Z,2026-05-04T22:13:36.845937488Z,0.9386082887649536,0.3324203789234161,0.0334815979003906,0.9962980705892316,-0.47616163759552793,3829.3906232,-0.8984371999999765,405.92185999999884,3850.8734579157217,-0.39845311518806964
26.921874988,2026-05-04T22:12:35.429687Z,2026-05-04T22:13:36.853749988Z,0.9402485489845276,0.3317996859550476,0.0240094792097806,0.997363935862583,-0.4677106311402542,3830.5624982,1.1562430999995568,405.18751860000117,3851.981555752067,-0.395859938063062
26.929687488,2026-05-04T22:12:35.437500Z,2026-05-04T22:13:36.861562488Z,0.9391081929206848,0.3311634659767151,0.0120463147759437,0.9958607095915303,-0.4796293747545001,3831.7343732,5.648430599999653,393.07814360000094,3851.965304842073,-0.3958979685389597
26.937499988,2026-05-04T22:12:35.445312Z,2026-05-04T22:13:36.869374988Z,0.9370773434638976,0.3298134207725525,0.0003291796892881,0.9934238513919001,-0.49895067632098017,3832.9062482,10.140618099999749,380.96876860000066,3851.9490539320786,-0.3959359990148573
26.945312488,2026-05-04T22:12:35.453125Z,2026-05-04T22:13:36.877187488Z,0.9415451884269714,0.3288668394088745,-0.007682142779231,0.9973563832604894,-0.4677705140266218,3834.0781232,14.632805599999845,368.85939360000043,3851.9328030220845,-0.395974029490755
26.953124988,2026-05-04T22:12:35.460937Z,2026-05-04T22:13:36.884999988Z,0.9438572525978088,0.328215092420578,-0.0155858267098665,0.9994171192091731,-0.4514314013447892,3835.2499982,19.12499309999994,356.75001860000015,3851.91655211209,-0.3960120599666537
26.960937488,2026-05-04T22:12:35.468750Z,2026-05-04T22:13:36.892812488Z,0.940545380115509,0.3283237218856812,-0.0251655858010053,0.996521643075654,-0.4743889815448838,3834.593756,22.56249759999996,338.94535540000066,3849.7804609289024,-0.4010109532155045
26.968749988,2026-05-04T22:12:35.476562Z,2026-05-04T22:13:36.900624988Z,0.9409828186035156,0.3276254236698151,-0.0303937029093504,0.9968504703908126,-0.47178178358792444,3830.687506,24.12499759999986,311.01566790000254,3843.875739691453,-0.4148292168563784
26.976562488,2026-05-04T22:12:35.484375Z,2026-05-04T22:13:36.908437488Z,0.9423731565475464,0.326942652463913,-0.0345761999487876,0.9980752365350138,-0.462070887802475,3826.7812560000007,25.68749759999975,283.0859804000045,3837.971018454004,-0.4286474804972512
26.984374988,2026-05-04T22:12:35.492187Z,2026-05-04T22:13:36.916249988Z,0.942779302597046,0.3279357850551605,-0.0397428050637245,0.9989765678330248,-0.4549244342981965,3822.8750060000007,27.249997599999645,255.15629290000632,3832.0662972165546,-0.4424657441381251
26.992187488,2026-05-04T22:12:35.500000Z,2026-05-04T22:13:36.924062488Z,0.940889060497284,0.3282461166381836,-0.0442635938525199,0.9974853397380087,-0.4667480470683557,3818.968756000001,28.812497599999542,227.22660540000822,3826.1615759791052,-0.456284007778999
26.999999988,2026-05-04T22:12:35.507812Z,2026-05-04T22:13:36.931874988Z,0.9422793984413148,0.3282771706581116,-0.04560137540102,0.9988672839475151,-0.4557909216911067,3815.109380700001,29.250004800001065,196.95318290001282,3820.5196463999564,-0.4694872848233866
27.007812488,2026-05-04T22:12:35.515625Z,2026-05-04T22:13:36.939687488Z,0.9413264989852904,0.3281530141830444,-0.0477387532591819,0.9980275381832219,-0.4624490773250892,3811.398443200001,26.125004800000998,159.25787040001202,3815.7098974132496,-0.4807430879124839
27.015624988,2026-05-04T22:12:35.523437Z,2026-05-04T22:13:36.947499988Z,0.9414514899253844,0.3291306495666504,-0.0480462908744812,0.9984820170807718,-0.45884561618135267,3807.687505700001,23.00000480000093,121.56255790001121,3810.900148426543,-0.49199889100158006
27.023437488,2026-05-04T22:12:35.531250Z,2026-05-04T22:13:36.955312488Z,0.941982626914978,0.3307444751262665,-0.045832023024559,0.999411702738524,-0.45147434732451563,3803.976568200001,19.875004800000863,83.86724540001042,3806.0903994398363,-0.5032546940906774
27.031249988,2026-05-04T22:12:35.539062Z,2026-05-04T22:13:36.963124988Z,0.9409672021865844,0.331396222114563,-0.0432025864720344,0.9985535514435501,-0.45827843627904435,3800.265630700001,16.7500048000008,46.171932900009615,3801.28065045313,-0.5145104971797736
27.039062488,2026-05-04T22:12:35.546875Z,2026-05-04T22:13:36.970937488Z,0.9397955536842346,0.3319083154201508,-0.0383896455168724,0.997422968179804,-0.4672425771503384,3797.0937488,14.023437199999954,8.664118000008443,3797.2325409816667,-0.5239839069605816
27.046874988,2026-05-04T22:12:35.554687Z,2026-05-04T22:13:36.978749988Z,0.9391394257545472,0.3322807252407074,-0.0332845449447631,0.9967453046316552,-0.472615619281547,3797.8749988,14.21874969999996,-27.468694499992324,3798.769869197924,-0.5203862423561856
27.054687488,2026-05-04T22:12:35.562500Z,2026-05-04T22:13:36.986562488Z,0.9385770559310912,0.3339100778102875,-0.0279949177056551,0.9965974841433693,-0.47378765474602713,3798.6562488,14.414062199999963,-63.60150699999309,3800.3071974141812,-0.5167885777517894
27.062499988,2026-05-04T22:12:35.570312Z,2026-05-04T22:13:36.994374988Z,0.9395924806594848,0.3348877131938934,-0.0212444942444562,0.9977149586408848,-0.46492745033913,3799.4374988,14.609374699999966,-99.73431949999386,3801.8445256304385,-0.5131909131473934
27.070312488,2026-05-04T22:12:35.578125Z,2026-05-04T22:13:37.002187488Z,0.9386863708496094,0.3343135416507721,-0.0133561883121728,0.9965320038594462,-0.4743068332162928,3800.2187488,14.804687199999972,-135.86713199999463,3803.381853846696,-0.5095932485429974
27.078124988,2026-05-04T22:12:35.585937Z,2026-05-04T22:13:37.009999988Z,0.9385457634925842,0.334577351808548,-0.0046529099345207,0.9964094560390108,-0.4752784873713466,3800.9999988,14.999999699999975,-171.9999444999954,3804.919182062953,-0.5059955839386013
27.085937488,2026-05-04T22:12:35.593750Z,2026-05-04T22:13:37.017812488Z,0.9365618228912354,0.3347170054912567,0.0043886601924896,0.9945867394052028,-0.4897303983431824,3802.1718732,9.335946200000599,-197.97652259999725,3807.7130392528825,-0.49945738278178053
27.093749988,2026-05-04T22:12:35.601562Z,2026-05-04T22:13:37.025624988Z,0.93662428855896,0.3355394601821899,0.0149679100140929,0.9950255401687553,-0.4862512456040174,3803.3437482,3.6718837000004783,-223.9530850999978,3810.5068983728434,-0.4929191771082887
27.101562488,2026-05-04T22:12:35.609375Z,2026-05-04T22:13:37.033437488Z,0.9388582110404968,0.3351670205593109,0.0268080607056617,0.9972513946982305,-0.46860294476581776,3804.5156232,-1.9921787999996425,-249.92964759999836,3813.300757492804,-0.4863809714347969
27.109374988,2026-05-04T22:12:35.617187Z,2026-05-04T22:13:37.041249988Z,0.9366867542266846,0.3341738879680634,0.036480076611042,0.9951809176893217,-0.48501929212721245,3805.6874982,-7.656241299999763,-275.90621009999893,3816.0946166127646,-0.47984276576130613
27.117187488,2026-05-04T22:12:35.625000Z,2026-05-04T22:13:37.049062488Z,0.9374210238456726,0.3343445956707001,0.0471208356320858,0.996375861687114,-0.475544849445277,3806.8593732,-13.320303799999884,-301.88277259999944,3818.8884757327255,-0.47330456008781435
27.124999988,2026-05-04T22:12:35.632812Z,2026-05-04T22:13:37.056874988Z,0.9378427863121032,0.333056628704071,0.0588533505797386,0.9969651581854966,-0.4708724498124019,3804.5937542,-10.734380699999997,-305.5156241,3816.862895656754,-0.47804483458848923
27.132812488,2026-05-04T22:12:35.640625Z,2026-05-04T22:13:37.064687488Z,0.9371398091316224,0.3312410414218903,0.0694941058754921,0.9963840023469597,-0.47548030398101804,3801.8593792,-7.023443199999918,-306.1015616,3814.1801097675566,-0.4843231060289477
27.140624988,2026-05-04T22:12:35.648437Z,2026-05-04T22:13:37.072499988Z,0.937467873096466,0.3319548666477203,0.0788739621639251,0.9976277604831141,-0.46561882495525864,3799.1250041999997,-3.312505699999839,-306.6874991,3811.497323878359,-0.49060137746940613
27.148437488,2026-05-04T22:12:35.656250Z,2026-05-04T22:13:37.080312488Z,0.9388113617897034,0.3315979540348053,0.0899452790617942,0.9997070217673827,-0.44913282904669166,3796.3906291999997,0.3984318000002401,-307.2734366,3808.8145379891616,-0.4968796489098646
27.156249988,2026-05-04T22:12:35.664062Z,2026-05-04T22:13:37.088124988Z,0.9377959370613098,0.3294565081596375,0.1004168912768364,0.999042723005951,-0.4543999047845451,3793.6562541999997,4.109369300000319,-307.8593741,3806.131752099964,-0.503157920350323
27.164062488,2026-05-04T22:12:35.671875Z,2026-05-04T22:13:37.095937488Z,0.9387801289558412,0.3280288875102997,0.1103656888008118,1.000545684528232,-0.44248326030387203,3795.0781208000003,7.820306800000148,-296.27346119999936,3806.744973041584,-0.5017228570677977
27.171874988,2026-05-04T22:12:35.679687Z,2026-05-04T22:13:37.103749988Z,0.9386707544326782,0.3278892338275909,0.119130477309227,1.0014021197856444,-0.43569277742590035,3797.8124958,11.531244299999898,-280.84377370000044,3808.399047010588,-0.49785198336079833
27.179687488,2026-05-04T22:12:35.687500Z,2026-05-04T22:13:37.111562488Z,0.9365930557250975,0.3284789025783539,0.1256041079759598,1.0004405696551855,-0.4433166925329449,3800.5468708,15.242181799999647,-265.41408620000146,3810.0531209795927,-0.4939811096537978
27.187499988,2026-05-04T22:12:35.695312Z,2026-05-04T22:13:37.119374988Z,0.9382176995277404,0.3279512822628021,0.132216140627861,1.0026393185425493,-0.42588330624556603,3803.2812457999994,18.953119299999397,-249.98439870000252,3811.707194948597,-0.4901102359467973
27.195312488,2026-05-04T22:12:35.703125Z,2026-05-04T22:13:37.127187488Z,0.9394206404685974,0.3264926373958588,0.1393971145153046,1.0042609907525666,-0.41302543137353614,3806.0156207999994,22.664056799999145,-234.55471120000354,3813.3612689176016,-0.48623936223979686
27.203124988,2026-05-04T22:12:35.710937Z,2026-05-04T22:13:37.134999988Z,0.9395143389701844,0.3260115683078766,0.1437333822250366,1.0048034738032072,-0.40872420505773216,3806.3750015,24.499998799999812,-206.37505430000851,3812.51290933709,-0.4882246983588703
27.210937488,2026-05-04T22:12:35.718750Z,2026-05-04T22:13:37.142812488Z,0.9381396174430848,0.3280133605003357,0.1450250297784805,1.004355995524112,-0.4122721598694492,3805.398439,25.28124879999983,-171.02349180000775,3810.2569215008266,-0.4935041744659524
27.218749988,2026-05-04T22:12:35.726562Z,2026-05-04T22:13:37.150624988Z,0.9372960329055786,0.3277029991149902,0.1492536514997482,1.004086530840596,-0.41440868484760274,3804.4218765,26.062498799999844,-135.671929300007,3808.000933664563,-0.49878365057303453
27.226562488,2026-05-04T22:12:35.734375Z,2026-05-04T22:13:37.158437488Z,0.9377490878105164,0.327252984046936,0.1537744402885437,1.0050444993845469,-0.4068131673358793,3803.445314,26.84374879999986,-100.32036680000625,3805.744945828299,-0.5040631266801178
27.234374988,2026-05-04T22:12:35.742187Z,2026-05-04T22:13:37.166249988Z,0.938170850276947,0.3286651074886322,0.1537436991930008,1.005893842426442,-0.400078917042473,3802.4687515,27.62499879999988,-64.9688043000055,3803.4889579920355,-0.5093426027871999
27.242187488,2026-05-04T22:12:35.750000Z,2026-05-04T22:13:37.174062488Z,0.9358900785446168,0.3302789330482483,0.1498841047286987,1.0037129358457337,-0.4173708356861522,3803.3203086,25.257820600000706,-27.789122200005213,3803.9885430048043,-0.5081734709789637
27.249999988,2026-05-04T22:12:35.757812Z,2026-05-04T22:13:37.181874988Z,0.9372960329055786,0.3301703333854675,0.1479773819446564,1.004705732000968,-0.4094991778637007,3805.8593711,19.984383100000596,11.078065299995616,3807.0317493773787,-0.5010517413868679
27.257812488,2026-05-04T22:12:35.765625Z,2026-05-04T22:13:37.189687488Z,0.9371866583824158,0.329146146774292,0.1452710628509521,1.0038723525868256,-0.4161068561366449,3808.3984336,14.710945600000482,49.945252799996446,3810.074955749953,-0.4939300117947722
27.265624988,2026-05-04T22:12:35.773437Z,2026-05-04T22:13:37.197499988Z,0.9373741149902344,0.3310703635215759,0.1409655511379242,1.0040662844970207,-0.41456921356030946,3810.9374961,9.437508100000368,88.81244029999728,3813.1181621225273,-0.4868082822026764
27.273437488,2026-05-04T22:12:35.781250Z,2026-05-04T22:13:37.205312488Z,0.9362181425094604,0.3334911167621613,0.135214626789093,1.0029973731874136,-0.4230443713531905,3813.4765586,4.164070600000256,127.67962779999812,3816.161368495101,-0.47968655261058174
27.281249988,2026-05-04T22:12:35.789062Z,2026-05-04T22:13:37.213124988Z,0.9347496628761292,0.3342359662055969,0.1297250986099243,1.001148947241009,-0.4377001256926147,3816.8749927999997,1.234374099999984,163.9687001999991,3820.6498226610934,-0.4691826455654373
27.289062488,2026-05-04T22:12:35.796875Z,2026-05-04T22:13:37.220937488Z,0.9353589415550232,0.3335842192173004,0.1225748807191849,1.0005995114135684,-0.44205647901469863,3821.5624927999997,1.8203115999999964,196.3905751999998,3827.306162391644,-0.45360543987169216
27.296874988,2026-05-04T22:12:35.804687Z,2026-05-04T22:13:37.228749988Z,0.9369211196899414,0.3340497612953186,0.1146096885204315,1.0012720950097747,-0.4367237146819438,3826.2499928,2.406249100000009,228.81245020000048,3833.962502122195,-0.43802823417794695
27.304687488,2026-05-04T22:12:35.812500Z,2026-05-04T22:13:37.236562488Z,0.9357494711875916,0.3346394300460815,0.1032615974545479,0.9991364163507848,-0.45365703128842605,3830.9374928,2.9921866000000215,261.2343252000012,3840.618841852746,-0.42245102848420174
27.312499988,2026-05-04T22:12:35.820312Z,2026-05-04T22:13:37.244374988Z,0.9362962245941162,0.3349808156490326,0.0931897833943367,0.9987727983736693,-0.45654007659319923,3835.6249928,3.578124100000034,293.6562002000019,3847.275181583296,-0.40687382279045764
27.320312488,2026-05-04T22:12:35.828125Z,2026-05-04T22:13:37.252187488Z,0.9373897910118104,0.3344376981258392,0.0861471965909004,0.9989842509776352,-0.45486351636952127,3838.9453128,3.9453127999999893,321.1562272000008,3852.395987248928,-0.39489008301751144
27.328124988,2026-05-04T22:12:35.835937Z,2026-05-04T22:13:37.259999988Z,0.935312032699585,0.3342980444431305,0.0751989036798477,0.9961017298176837,-0.4777183794927163,3838.7500003,3.7500003000000026,335.9999771999998,3853.5682466635285,-0.39214675458674514
27.335937488,2026-05-04T22:12:35.843750Z,2026-05-04T22:13:37.267812488Z,0.9352807998657228,0.3348101079463959,0.0628359466791153,0.9953875321580054,-0.48338109239197935,3838.5546878,3.554687800000016,350.8437271999988,3854.740506078129,-0.38940342615597884
27.343749988,2026-05-04T22:12:35.851562Z,2026-05-04T22:13:37.275624988Z,0.9382333755493164,0.3338945806026459,0.0528256371617317,0.9972752909262438,-0.4684134769388366,3838.3593753,3.359375300000029,365.6874771999978,3855.9127654927292,-0.38666009772521254
27.351562488,2026-05-04T22:12:35.859375Z,2026-05-04T22:13:37.283437488Z,0.9382489919662476,0.3319083154201508,0.0412930212914943,0.9960820319522392,-0.4778745594454635,3838.1640628,3.164062800000042,380.5312271999968,3857.085024907329,-0.3839167692944473
27.359374988,2026-05-04T22:12:35.867187Z,2026-05-04T22:13:37.291249988Z,0.9390300512313844,0.3315824270248413,0.0306368879973888,0.996324727151477,-0.47595028369814163,3837.9062509,3.4062460999993167,392.06250900000157,3857.8855071926832,-0.38204347590529997
27.367187488,2026-05-04T22:12:35.875000Z,2026-05-04T22:13:37.299062488Z,0.9393268823623656,0.331737607717514,0.0218259710818529,0.9964242095194228,-0.4751615103374596,3837.3203134,5.945308599999371,386.20313400000146,3856.7341372426463,-0.38473791868727
27.374999988,2026-05-04T22:12:35.882812Z,2026-05-04T22:13:37.306874988Z,0.9388894438743592,0.3310548365116119,0.0122154597193002,0.9956203644223974,-0.4815350176407244,3836.7343759,8.484371099999425,380.34375900000134,3855.5827672926093,-0.38743236146924
27.382812488,2026-05-04T22:12:35.890625Z,2026-05-04T22:13:37.314687488Z,0.9389207363128662,0.3302634358406067,0.0021436437964439,0.9953143630734278,-0.483961233636423,3836.1484384,11.023433599999478,374.4843840000012,3854.431397342572,-0.390126804251211
27.390624988,2026-05-04T22:12:35.898437Z,2026-05-04T22:13:37.322499988Z,0.9413264989852904,0.3294409811496735,-0.0072208363562822,0.9973359906422948,-0.46793220251794493,3835.5625009,13.562496099999533,368.62500900000106,3853.280027392535,-0.392821247033181
27.398437488,2026-05-04T22:12:35.906250Z,2026-05-04T22:13:37.330312488Z,0.9415764212608336,0.3278892338275909,-0.016462305560708,0.9971702533864403,-0.46924629600998846,3834.9062536000006,16.03906099999984,362.0937848000037,3852.009511671527,-0.3957945154546293
27.406249988,2026-05-04T22:12:35.914062Z,2026-05-04T22:13:37.338124988Z,0.9408734440803528,0.327252984046936,-0.0235663969069719,0.9964400275011165,-0.47503609311190115,3832.5625036,17.01562349999986,339.4375348000032,3847.8793830628606,-0.4054598669064991
27.414062488,2026-05-04T22:12:35.921875Z,2026-05-04T22:13:37.345937488Z,0.9421388506889344,0.3280288875102997,-0.0284715984016656,0.9980176335788146,-0.4625276087097547,3830.2187536,17.992185999999883,316.7812848000027,3843.7492544541947,-0.4151252183583678
27.421874988,2026-05-04T22:12:35.929687Z,2026-05-04T22:13:37.353749988Z,0.9421544671058656,0.3290064930915833,-0.0329770073294639,0.9984927618147099,-0.45876042359825453,3827.8750036,18.968748499999904,294.12503480000225,3839.6191258455287,-0.4247905698102365
27.429687488,2026-05-04T22:12:35.937500Z,2026-05-04T22:13:37.361562488Z,0.9406859874725342,0.3285254538059235,-0.0369134694337844,0.9970866086008796,-0.46990949673563037,3825.5312536,19.945310999999926,271.46878480000174,3835.488997236863,-0.4344559212621052
27.437499988,2026-05-04T22:12:35.945312Z,2026-05-04T22:13:37.369374988Z,0.9423575401306152,0.3283858001232147,-0.0396351665258407,0.9987221403318939,-0.4569417328332128,3823.1875036,20.921873499999947,248.81253480000126,3831.358868628197,-0.4441212727139739
27.445312488,2026-05-04T22:12:35.953125Z,2026-05-04T22:13:37.377187488Z,0.9422637820243835,0.3279668092727661,-0.0435255020856857,0.9986579655874502,-0.45745055997405165,3821.5625024,21.898435999999965,212.3203704000013,3828.2329310470354,-0.4514366103708051
27.453124988,2026-05-04T22:12:35.960937Z,2026-05-04T22:13:37.384999988Z,0.9415764212608336,0.3286185562610626,-0.0456475019454956,0.9983185899437754,-0.4601413932596136,3820.0000024,22.874998499999986,174.6250579000005,3825.194316247141,-0.4585475947372979
27.460937488,2026-05-04T22:12:35.968750Z,2026-05-04T22:13:37.392812488Z,0.9413108825683594,0.3296737670898438,-0.043694645166397,0.9983286995599443,-0.46006123638271784,3818.4375024,23.851561000000007,136.92974539999972,3822.155701447247,-0.4656585791037906
27.468749988,2026-05-04T22:12:35.976562Z,2026-05-04T22:13:37.400624988Z,0.9409046769142152,0.3309462070465088,-0.0404501408338546,0.9982300420699595,-0.4608434694712407,3816.8750024,24.82812350000003,99.23443289999891,3819.1170866473526,-0.47276956347028337
27.476562488,2026-05-04T22:12:35.984375Z,2026-05-04T22:13:37.408437488Z,0.9399830102920532,0.3313496708869934,-0.0372825115919113,0.9973718713224421,-0.4676477126606193,3815.3125024,25.80468600000005,61.5391203999981,3816.0784718474583,-0.47988054783677614
27.484374988,2026-05-04T22:12:35.992187Z,2026-05-04T22:13:37.416249988Z,0.9399048686027528,0.3324979841709137,-0.034314788877964,0.9975738450042776,-0.4660463086824033,3813.7500024,22.250007199999995,23.062559399999966,3814.5726540048886,-0.48340447167788686
27.492187488,2026-05-04T22:12:36.000000Z,2026-05-04T22:13:37.424062488Z,0.9393424987792968,0.3333514630794525,-0.0306397322565317,0.9972092664746436,-0.4689369699924425,3812.1875024,17.56250720000031,-15.609315599997426,3813.4500390803696,-0.4860316217786906
27.499999988,2026-05-04T22:12:36.007812Z,2026-05-04T22:13:37.431874988Z,0.9389519691467284,0.333258330821991,-0.0245197582989931,0.9966409252954744,-0.4734432196039475,3810.6250024,12.875007200000628,-54.281190599994815,3812.3274241558506,-0.4886587718794943
27.507812488,2026-05-04T22:12:36.015625Z,2026-05-04T22:13:37.439687488Z,0.9404672980308532,0.3333359360694885,-0.0154166836291551,0.9979124506062128,-0.46336158088491275,3809.0625024000005,8.187507200000944,-92.95306559999221,3811.204809231331,-0.4912859219802991
27.515624988,2026-05-04T22:12:36.023437Z,2026-05-04T22:13:37.447499988Z,0.9388269782066344,0.3350583910942078,-0.0079743023961782,0.9968569656424863,-0.47173028419565155,3807.5000024000005,3.500007200001261,-131.6249405999896,3810.082194306812,-0.4939130720811028
27.523437488,2026-05-04T22:12:36.031250Z,2026-05-04T22:13:37.455312488Z,0.9362493753433228,0.3358963429927826,-0.0002858936786651,0.994680515442965,-0.48898686919339945,3804.210943800001,3.7265585999992985,-161.13277379999303,3807.881731222187,-0.4990626088352702
27.531249988,2026-05-04T22:12:36.039062Z,2026-05-04T22:13:37.463124988Z,0.9365930557250975,0.3354153037071228,0.008771052584052,0.9948803492666087,-0.48740243167036684,3800.109381300001,6.265621099999352,-186.32808629999357,3805.174041893579,-0.5053991594522556
27.539062488,2026-05-04T22:12:36.046875Z,2026-05-04T22:13:37.470937488Z,0.9390144348144532,0.3338325023651123,0.0193503033369779,0.9967781511773284,-0.47235518639527385,3796.007818800001,8.804683599999407,-211.5233987999941,3802.466352564971,-0.5117357100692409
27.546874988,2026-05-04T22:12:36.054687Z,2026-05-04T22:13:37.478749988Z,0.9375459551811218,0.3336773216724396,0.0278844367712736,0.9955453354262809,-0.4821299057061926,3791.9062563000007,11.34374609999946,-236.71871129999465,3799.758663236363,-0.5180722606862262
27.554687488,2026-05-04T22:12:36.062500Z,2026-05-04T22:13:37.486562488Z,0.9379677772521972,0.3352911770343781,0.0385098196566104,0.9968383674249857,-0.471877745286733,3787.8046938000007,13.882808599999516,-261.91402379999516,3797.050973907755,-0.5244088113032115
27.562499988,2026-05-04T22:12:36.070312Z,2026-05-04T22:13:37.494374988Z,0.9377334713935852,0.3345463275909424,0.0507497638463974,0.9969156670485799,-0.47126485392577205,3787.4218710999994,13.906253000000332,-277.04686389999875,3797.5845100523193,-0.5231602268550986
27.570312488,2026-05-04T22:12:36.078125Z,2026-05-04T22:13:37.502187488Z,0.9364055991172792,0.3325910866260529,0.0626975521445274,0.9956923520878348,-0.4809642436034032,3789.9609335999994,11.953128000000289,-284.2734263999989,3800.6647392298114,-0.5159518562754767
27.578124988,2026-05-04T22:12:36.085937Z,2026-05-04T22:13:37.509999988Z,0.9364368319511414,0.3322651982307434,0.0722311809659004,0.9962587242748412,-0.4764736056886988,3792.4999961,10.000003000000248,-291.4999888999991,3803.7449684073035,-0.5087434856958548
27.585937488,2026-05-04T22:12:36.093750Z,2026-05-04T22:13:37.517812488Z,0.938061535358429,0.3319858908653259,0.0799195915460586,0.998279127782178,-0.46045427987928034,3795.0390586,8.046878000000206,-298.7265513999992,3806.8251975847957,-0.501535115116233
27.593749988,2026-05-04T22:12:36.101562Z,2026-05-04T22:13:37.525624988Z,0.9382646083831788,0.3298444449901581,0.0894224643707275,0.9985660771173029,-0.45817912302399355,3797.5781211,6.093753000000165,-305.9531138999994,3809.905426762288,-0.4943267445366112
27.601562488,2026-05-04T22:12:36.109375Z,2026-05-04T22:13:37.533437488Z,0.9383426904678344,0.3287426829338074,0.1000939756631851,0.9992885270536204,-0.45245097967597603,3798.7421884,5.687497599999901,-302.6953380000011,3810.8615843931066,-0.49208913878122174
27.609374988,2026-05-04T22:12:36.117187Z,2026-05-04T22:13:37.541249988Z,0.9394987225532532,0.329503059387207,0.1103656888008118,1.001703898908855,-0.4333000385103151,3798.1562509,7.249997599999935,-286.0937755000007,3809.1143613850536,-0.49617800042155646
27.617187488,2026-05-04T22:12:36.125000Z,2026-05-04T22:13:37.549062488Z,0.9371241927146912,0.3292082250118256,0.1179003342986107,1.0002401195784552,-0.4449060161883461,3797.5703134,8.812497599999968,-269.49221300000033,3807.367138377,-0.5002668620618923
27.624999988,2026-05-04T22:12:36.132812Z,2026-05-04T22:13:37.556874988Z,0.9375459551811218,0.328230619430542,0.1257732510566711,1.0012725244855187,-0.43672030946519047,3796.9843759,10.3749976,-252.8906505,3805.6199153689467,-0.504355723702228
27.632812488,2026-05-04T22:12:36.140625Z,2026-05-04T22:13:37.564687488Z,0.9389519691467284,0.3271598815917969,0.1319393664598465,1.0030315971640689,-0.4227730171259064,3796.3984384,11.937497600000034,-236.28908799999962,3803.872692360894,-0.5084445853425628
27.640624988,2026-05-04T22:12:36.148437Z,2026-05-04T22:13:37.572499988Z,0.939358115196228,0.3266943693161011,0.1360142230987549,1.0038041384717504,-0.41664771054034316,3796.1874991,14.187494300000056,-215.68754469999956,3802.510221927036,-0.5116330467280953
27.648437488,2026-05-04T22:12:36.156250Z,2026-05-04T22:13:37.580312488Z,0.9381240010261536,0.3264926373958588,0.1403043568134308,1.0031746588285875,-0.42163871330667474,3796.7734366,17.898431799999805,-186.58598220000152,3801.96535648466,-0.5129081440661042
27.656249988,2026-05-04T22:12:36.164062Z,2026-05-04T22:13:37.588124988Z,0.9371866583824158,0.3270202279090881,0.1439947932958603,1.0029933013774461,-0.4230766558202612,3797.3593741,21.609369299999553,-157.48441970000349,3801.4204910422836,-0.5141832414041131
27.664062488,2026-05-04T22:12:36.171875Z,2026-05-04T22:13:37.595937488Z,0.9389207363128662,0.3284943997859955,0.1474084407091141,1.0055893635880149,-0.4024930613938992,3797.9453116,25.320306799999305,-128.38285720000545,3800.8756255999074,-0.515458338742122
27.671874988,2026-05-04T22:12:36.179687Z,2026-05-04T22:13:37.603749988Z,0.9371554255485536,0.3280444145202637,0.14871546626091,1.0039869119855263,-0.4151985403840477,3798.5312491,29.031244299999052,-99.28129470000742,3800.330760157531,-0.5167334360801309
27.679687488,2026-05-04T22:12:36.187500Z,2026-05-04T22:13:37.611562488Z,0.9372960329055786,0.328587532043457,0.148638591170311,1.004284347333981,-0.4128402422832804,3799.0781244,31.257818200001132,-68.42193320001155,3800.0104338687725,-0.5174830655598592
27.687499988,2026-05-04T22:12:36.195312Z,2026-05-04T22:13:37.619374988Z,0.9372491836547852,0.3293168544769287,0.1460245251655579,1.0040960038034046,-0.41433357585226555,3799.4687494,27.54688070000105,-30.531308200010734,3800.5882728168554,-0.516130803428341
27.695312488,2026-05-04T22:12:36.203125Z,2026-05-04T22:13:37.627187488Z,0.9377803206443788,0.3300772309303284,0.1442869454622269,1.0045902800631343,-0.4104145703587001,3799.8593744,23.835943200000973,7.359316799990074,3801.1661117649383,-0.5147785412968227
27.703124988,2026-05-04T22:12:36.210937Z,2026-05-04T22:13:37.634999988Z,0.9373741149902344,0.331396222114563,0.1418881565332413,1.0043037072768035,-0.412686741643137,3800.2499994,20.125005700000894,45.249941799990886,3801.7439507130216,-0.5134262791653033
27.710937488,2026-05-04T22:12:36.218750Z,2026-05-04T22:13:37.642812488Z,0.9345465898513794,0.3321255445480347,0.1369983404874802,1.0012258742364255,-0.43709018881681566,3800.6406244,16.414068200000816,83.14056679999169,3802.3217896611045,-0.512074017033785
27.718749988,2026-05-04T22:12:36.226562Z,2026-05-04T22:13:37.650624988Z,0.9357494711875916,0.3325910866260529,0.1320008635520935,1.0018323870336066,-0.43228128501599417,3801.5937385999987,12.87500240000031,120.93744359999272,3803.6084800319104,-0.5090628966010022
27.726562488,2026-05-04T22:12:36.234375Z,2026-05-04T22:13:37.658437488Z,0.9362181425094604,0.3335531949996948,0.1245123594999313,1.0016314052218056,-0.4338748246793907,3809.0156135999987,11.312502400000277,157.65619359999351,3813.047131891661,-0.48697450756999033
27.734374988,2026-05-04T22:12:36.242187Z,2026-05-04T22:13:37.666249988Z,0.9367961287498474,0.3336617946624756,0.1160704866051674,1.001194056074468,-0.4373424678794888,3816.4374885999987,9.750002400000243,194.37494359999428,3822.4857837514114,-0.4648861185389795
27.742187488,2026-05-04T22:12:36.250000Z,2026-05-04T22:13:37.674062488Z,0.936389982700348,0.3340652585029602,0.1093815714120865,1.0001950433814322,-0.4452634152344963,3823.859363599999,8.18750240000021,231.09369359999508,3831.924435611162,-0.44279772950796753
27.749999988,2026-05-04T22:12:36.257812Z,2026-05-04T22:13:37.681874988Z,0.9362337589263916,0.3340187072753906,0.1012472361326218,0.9991762362005306,-0.4533413086397348,3831.281238599999,6.625002400000176,267.81244359999585,3841.363087470913,-0.4207093404769556
27.757812488,2026-05-04T22:12:36.265625Z,2026-05-04T22:13:37.689687488Z,0.9357182383537292,0.3353842794895172,0.0919903889298439,0.9982552119433051,-0.4606439031963645,3838.703113599999,5.0625024000001435,304.53119359999664,3850.801739330663,-0.3986209514459447
27.765624988,2026-05-04T22:12:36.273437Z,2026-05-04T22:13:37.697499988Z,0.935327649116516,0.3356170356273651,0.0815187767148017,0.9970566266577873,-0.47014721683117144,3839.1874997,2.375004200000192,321.7499747999988,3852.7889981667417,-0.3939703565380212
27.773437488,2026-05-04T22:12:36.281250Z,2026-05-04T22:13:37.705312488Z,0.9368898868560792,0.3344842493534088,0.071892887353897,0.997402105677941,-0.46740799124377586,3839.3828122,-0.359370799999866,338.1562247999992,3854.4657698744913,-0.3900463654482656
27.781249988,2026-05-04T22:12:36.289062Z,2026-05-04T22:13:37.713124988Z,0.937827169895172,0.3327617645263672,0.0608215779066085,0.996970138401015,-0.4708329628016632,3839.5781247,-3.0937457999999243,354.56247479999956,3856.1425415822414,-0.3861223743585089
27.789062488,2026-05-04T22:12:36.296875Z,2026-05-04T22:13:37.720937488Z,0.93710857629776,0.3322186470031738,0.0489353016018867,0.9954578730063376,-0.48282337559775823,3839.7734372,-5.828120799999982,370.9687247999999,3857.819313289991,-0.3821983832687533
27.796874988,2026-05-04T22:12:36.304687Z,2026-05-04T22:13:37.728749988Z,0.9390456676483154,0.3335376679897308,0.0392017737030983,0.9972917932874847,-0.4682826334214978,3839.9687497,-8.56249580000004,387.37497480000025,3859.496084997741,-0.37827439217899655
27.804687488,2026-05-04T22:12:36.312500Z,2026-05-04T22:13:37.736562488Z,0.9379209280014038,0.3328859210014343,0.0296835247427225,0.9956856005914414,-0.48101777470252977,3838.5234402,-3.5859474000002467,385.8984450000002,3857.9037321974342,-0.3820008256411506
27.812499988,2026-05-04T22:12:36.320312Z,2026-05-04T22:13:37.744374988Z,0.938873827457428,0.3308841288089752,0.0217490866780281,0.9957115010652248,-0.4808124156608099,3836.7656277,2.859365099999318,381.0156325000005,3855.6886818981666,-0.3871844994814924
27.820312488,2026-05-04T22:12:36.328125Z,2026-05-04T22:13:37.752187488Z,0.9404672980308532,0.3297668695449829,0.0125229964032769,0.9966853828334535,-0.4730907257664612,3835.0078152,9.304677599998882,376.13282000000083,3853.4736315988985,-0.3923681733218353
27.828124988,2026-05-04T22:12:36.335937Z,2026-05-04T22:13:37.759999988Z,0.940436065196991,0.3305427432060242,0.000344555824995,0.9968342974276513,-0.47191001538184324,3833.2500027000006,15.749990099998447,371.2500075000012,3851.258581299631,-0.3975518471621771
27.835937488,2026-05-04T22:12:36.343750Z,2026-05-04T22:13:37.767812488Z,0.9385613799095154,0.3292237520217896,-0.00940434448421,0.9946729032441449,-0.489047224608831,3831.4921902000006,22.195302599998012,366.3671950000015,3849.0435310003627,-0.40273552100251997
27.843749988,2026-05-04T22:12:36.351562Z,2026-05-04T22:13:37.775624988Z,0.9427324533462524,0.3279047310352325,-0.0136944781988859,0.998225190005077,-0.4608819404043577,3830.2968765000005,24.703123499999695,349.39065830000675,3846.4698029611927,-0.40875857461588966
27.851562488,2026-05-04T22:12:36.359375Z,2026-05-04T22:13:37.783437488Z,0.9419670104980468,0.3274857699871063,-0.0194761622697114,0.9974608259512908,-0.46694241137965786,3829.3203140000005,25.679685999999716,327.7109708000063,3843.7565880715315,-0.4151080561836052
27.859374988,2026-05-04T22:12:36.367187Z,2026-05-04T22:13:37.791249988Z,0.9398580193519592,0.3289909660816193,-0.0273798462003469,0.9961514986594456,-0.47732377351997574,3828.3437515,26.656248499999737,306.03128330000584,3841.0433731818703,-0.4214575377513207
27.867187488,2026-05-04T22:12:36.375000Z,2026-05-04T22:13:37.799062488Z,0.940404772758484,0.3286961317062378,-0.0318545028567314,0.9967030615874669,-0.47295055489494153,3827.367189,27.63281099999976,284.3515958000054,3838.330158292209,-0.42780701931903625
27.874999988,2026-05-04T22:12:36.382812Z,2026-05-04T22:13:37.806874988Z,0.9427636861801147,0.3279668092727661,-0.0346530824899673,0.9987824748615353,-0.45646335389337556,3826.3906265,28.60937349999978,262.67190830000493,3835.616943402548,-0.43415650088675184
27.882812488,2026-05-04T22:12:36.390625Z,2026-05-04T22:13:37.814687488Z,0.944325864315033,0.3275012671947479,-0.0368827208876609,1.0001843595700628,-0.4453481247762244,3824.8281280000006,28.06250240000032,232.6719296000073,3832.44634266381,-0.44157635952969004
27.890624988,2026-05-04T22:12:36.398437Z,2026-05-04T22:13:37.822499988Z,0.9407172203063964,0.3286030292510986,-0.0396044179797172,0.9972448793237815,-0.46865460370705947,3822.8750030000006,26.500002400000287,197.12505460000654,3828.9708160741684,-0.44970980745640016
27.898437488,2026-05-04T22:12:36.406250Z,2026-05-04T22:13:37.830312488Z,0.9395143389701844,0.3298599720001221,-0.0405270233750343,0.996562709457937,-0.4740633754195648,3820.921878,24.937502400000255,161.57817960000577,3825.4952894845273,-0.4578432553831091
27.906249988,2026-05-04T22:12:36.414062Z,2026-05-04T22:13:37.838124988Z,0.9412015080451964,0.3307754993438721,-0.0388509482145309,0.998389756502894,-0.459577129589948,3818.968753,23.37500240000022,126.03130460000502,3822.019762894886,-0.4659767033098192
27.914062488,2026-05-04T22:12:36.421875Z,2026-05-04T22:13:37.845937488Z,0.9426387548446656,0.330108255147934,-0.0360831245779991,0.999420469137603,-0.45140484051436025,3817.015628,21.812502400000188,90.48442960000425,3818.5442363052443,-0.4741101512365293
27.921874988,2026-05-04T22:12:36.429687Z,2026-05-04T22:13:37.853749988Z,0.9395143389701844,0.3309306800365448,-0.0352220237255096,0.9967160573981705,-0.4728475140295589,3815.2500024,20.156252700000174,55.781301900003335,3816.045189847651,-0.47995843457000903
27.929687488,2026-05-04T22:12:36.437500Z,2026-05-04T22:13:37.861562488Z,0.9386239051818848,0.3322341740131378,-0.0324234440922737,0.9962156701678048,-0.4768149720373244,3813.6875024,18.398440200000135,21.992239400002617,3814.60400337633,-0.4833311076930118
27.937499988,2026-05-04T22:12:36.445312Z,2026-05-04T22:13:37.869374988Z,0.9394987225532532,0.3327772915363312,-0.0250118169933557,0.9970076060044678,-0.47053589058572765,3812.1250024,16.6406277000001,-11.7968230999981,3813.1628169050095,-0.48670378081601456
27.945312488,2026-05-04T22:12:36.453125Z,2026-05-04T22:13:37.877187488Z,0.9405141472816468,0.3336773216724396,-0.0169851165264844,0.998096142873438,-0.4619051261387867,3810.5625024,14.88281520000006,-45.58588559999882,3811.721630433689,-0.49007645393901733
27.953124988,2026-05-04T22:12:36.460937Z,2026-05-04T22:13:37.884999988Z,0.938514530658722,0.3351514935493469,-0.0116493608802557,0.9966301999713022,-0.4735282582913694,3809.0000024,13.125002700000023,-79.37494809999953,3810.2804439623683,-0.49344912706202015
27.960937488,2026-05-04T22:12:36.468750Z,2026-05-04T22:13:37.892812488Z,0.93710857629776,0.3350583910942078,-0.0044991411268711,0.9952169871361387,-0.48473330558134237,3806.8046926,10.171882800000121,-111.82807879999928,3808.67143203469,-0.49721454631279793
27.968749988,2026-05-04T22:12:36.476562Z,2026-05-04T22:13:37.900624988Z,0.9377490878105164,0.3341583609580994,0.0031892675906419,0.9955125982705711,-0.4823894712640049,3803.4843801,5.093757800000465,-141.90620379999726,3806.7640617511015,-0.5016781855566346
27.976562488,2026-05-04T22:12:36.484375Z,2026-05-04T22:13:37.908437488Z,0.9385770559310912,0.3337859511375427,0.0118925468996167,0.9962335989961533,-0.47667281838254566,3800.1640676000006,0.015632800000807877,-171.9843287999952,3804.8566914675134,-0.5061418248004702
27.984374988,2026-05-04T22:12:36.492187Z,2026-05-04T22:13:37.916249988Z,0.9382020831108092,0.3341738879680634,0.0215338114649057,0.9961721945473883,-0.47715968047090696,3796.8437551000006,-5.062492199998849,-202.0624537999932,3802.949321183925,-0.5106054640443068
27.992187488,2026-05-04T22:12:36.500000Z,2026-05-04T22:13:37.924062488Z,0.9370304346084596,0.3349808156490326,0.031928539276123,0.9956192112729227,-0.4815441607040159,3793.523442600001,-10.140617199998507,-232.14057879999118,3801.041950900337,-0.5150691032881424
27.999999988,2026-05-04T22:12:36.507812Z,2026-05-04T22:13:37.931874988Z,0.9368429780006408,0.3347790837287903,0.0429690927267074,0.9957902104666192,-0.4801883464881803,3791.4218722999994,-12.734383100001795,-256.87498799999736,3800.1484342879276,-0.5171601161609373
28.007812488,2026-05-04T22:12:36.515625Z,2026-05-04T22:13:37.939687488Z,0.9370304346084596,0.3333824872970581,0.0535944774746894,0.9960131958135278,-0.4784203457349233,3793.1796847999994,-7.460945600001682,-264.68748799999753,3802.465481337196,-0.5117377489216451
28.015624988,2026-05-04T22:12:36.523437Z,2026-05-04T22:13:37.947499988Z,0.9379833936691284,0.3323117792606354,0.0636662915349006,0.9971446044141398,-0.4694496609529152,3794.9374972999994,-2.1875081000015686,-272.4999879999977,3804.7825283864636,-0.5063153816823542
28.023437488,2026-05-04T22:12:36.531250Z,2026-05-04T22:13:37.955312488Z,0.9379990100860596,0.3321565985679626,0.072046659886837,0.9976777385987501,-0.4652225596969542,3796.6953097999994,3.085929399998544,-280.31248799999787,3807.099575435732,-0.5008930144430622
28.031249988,2026-05-04T22:12:36.539062Z,2026-05-04T22:13:37.963124988Z,0.938295841217041,0.3313031196594238,0.0815341547131538,0.9984030554470722,-0.4594716852473012,3798.4531222999994,8.359366899998657,-288.124987999998,3809.416622485,-0.49547064720377015
28.039062488,2026-05-04T22:12:36.546875Z,2026-05-04T22:13:37.970937488Z,0.9380927681922911,0.3304030895233154,0.091790497303009,0.9988041543247411,-0.45629146229686685,3799.531256000001,13.187497599999634,-293.64064240000266,3810.8937221141837,-0.49201392989585657
28.046874988,2026-05-04T22:12:36.554687Z,2026-05-04T22:13:37.978749988Z,0.937686562538147,0.3292392492294312,0.1017239168286324,0.999000664690832,-0.454733375722622,3795.6250060000007,14.749997599999668,-282.3125174000024,3806.2111177338625,-0.5029721884234242
28.054687488,2026-05-04T22:12:36.562500Z,2026-05-04T22:13:37.986562488Z,0.9368742108345032,0.3289599418640137,0.1087049916386604,0.9988817274758356,-0.45567640219776634,3791.7187560000007,16.312497599999702,-270.98439240000215,3801.5285133535417,-0.5139304469509908
28.062499988,2026-05-04T22:12:36.570312Z,2026-05-04T22:13:37.994374988Z,0.9390612840652466,0.3286495804786682,0.1169315874576569,1.0017582732997228,-0.4328689161727039,3787.8125060000007,17.874997599999734,-259.6562674000019,3796.8459089732205,-0.5248887054785584
28.070312488,2026-05-04T22:12:36.578125Z,2026-05-04T22:13:38.002187488Z,0.9384989142417908,0.3277029991149902,0.1237588971853256,1.001741349997347,-0.43300309723779457,3783.9062560000007,19.43749759999977,-248.32814240000167,3792.1633045928993,-0.535846964006126
28.078124988,2026-05-04T22:12:36.585937Z,2026-05-04T22:13:38.009999988Z,0.9381864666938782,0.3277340531349182,0.1294636875391006,1.0021797754210602,-0.42952692048394897,3780.0000060000007,20.9999975999998,-237.00001740000144,3787.4807002125785,-0.5468052225336926
28.085937488,2026-05-04T22:12:36.593750Z,2026-05-04T22:13:38.017812488Z,0.9397330284118652,0.3272219598293304,0.1359527111053467,1.0043184332369774,-0.4125699828110393,3783.5156196,20.21875120000008,-207.7031700000031,3789.7372633761947,-0.5415244000421294
28.093749988,2026-05-04T22:12:36.601562Z,2026-05-04T22:13:38.025624988Z,0.9378896355628968,0.3275788724422455,0.1393202394247055,1.0031724753402047,-0.42165602569584726,3787.0312446,19.437501200000067,-178.40629500000247,3791.99383719839,-0.5362435526072967
28.101562488,2026-05-04T22:12:36.609375Z,2026-05-04T22:13:38.033437488Z,0.93662428855896,0.3282461166381836,0.1409655511379242,1.0024379569899797,-0.4274798567882614,3790.5468696,18.65625120000005,-149.10942000000185,3794.2504110205846,-0.530962705172465
28.109374988,2026-05-04T22:12:36.617187Z,2026-05-04T22:13:38.041249988Z,0.9384520649909972,0.328215092420578,0.1435642391443253,1.0045039153430932,-0.41109933683418554,3794.0624946,17.875001200000032,-119.81254500000122,3796.5069848427793,-0.5256818577376333
28.117187488,2026-05-04T22:12:36.625000Z,2026-05-04T22:13:38.049062488Z,0.9392175078392028,0.3280754387378693,0.1449481546878815,1.0053720645025652,-0.4042159770566695,3797.5781196,17.093751200000018,-90.5156700000006,3798.7635586649744,-0.5204010103028006
28.124999988,2026-05-04T22:12:36.632812Z,2026-05-04T22:13:38.056874988Z,0.9369523525238036,0.3284633755683899,0.143902525305748,1.00323269323674,-0.42117857151372357,3801.7812434,16.3125012,-56.40630339999997,3802.8278851295136,-0.5108896494186681
28.132812488,2026-05-04T22:12:36.640625Z,2026-05-04T22:13:38.064687488Z,0.9362025260925292,0.3294565081596375,0.1429184079170227,1.002717523509144,-0.4252632366232137,3806.0781184,15.531251199999982,-21.640678399999235,3807.13872690364,-0.5008013919457882
28.140624988,2026-05-04T22:12:36.648437Z,2026-05-04T22:13:38.072499988Z,0.9368429780006408,0.3312565684318542,0.1407656520605087,1.0036038303824757,-0.41823590840908664,3810.3749934,14.750001199999966,13.124946600001504,3811.449568677767,-0.4907131344729073
28.148437488,2026-05-04T22:12:36.656250Z,2026-05-04T22:13:38.080312488Z,0.936858594417572,0.3315824270248413,0.1375365257263184,1.003278240447095,-0.4208174379086101,3814.6718684,13.96875119999995,47.89057160000225,3815.760410451893,-0.48062487700002743
28.156249988,2026-05-04T22:12:36.664062Z,2026-05-04T22:13:38.088124988Z,0.9374522566795348,0.3320324420928955,0.1332771480083466,1.0034067342493587,-0.419798639398571,3818.9687434,13.187501199999932,82.65619660000299,3820.07125222602,-0.47053661952714654
28.164062488,2026-05-04T22:12:36.671875Z,2026-05-04T22:13:38.095937488Z,0.93662428855896,0.3324979841709137,0.1266036033630371,1.0019223721330932,-0.43156781336469524,3821.6328092,12.851562799999993,115.9374496000013,3823.875392345899,-0.461634148269076
28.171874988,2026-05-04T22:12:36.679687Z,2026-05-04T22:13:38.103749988Z,0.9352495670318604,0.3334755897521973,0.1188998222351074,1.0000174445085437,-0.4466715568249533,3823.7812467,12.656250300000005,148.7499495999991,3827.519520069604,-0.45310613896902574
28.179687488,2026-05-04T22:12:36.687500Z,2026-05-04T22:13:38.111562488Z,0.9359525442123412,0.3337083458900452,0.1129489988088608,1.0000629487518016,-0.4463107638963071,3825.9296842,12.460937800000018,181.56244959999688,3831.1636477933093,-0.44457812966897436
28.187499988,2026-05-04T22:12:36.695312Z,2026-05-04T22:13:38.119374988Z,0.937467873096466,0.3342049121856689,0.106782890856266,1.000970290366634,-0.43911665593932586,3828.0781216999994,12.265625300000032,214.37494959999466,3834.8077755170143,-0.43605012036892404
28.195312488,2026-05-04T22:12:36.703125Z,2026-05-04T22:13:38.127187488Z,0.935796320438385,0.334577351808548,0.0970801189541816,0.9985395871899118,-0.45838915571103167,3830.2265591999994,12.070312800000044,247.18744959999245,3838.4519032407193,-0.4275221110688738
28.203124988,2026-05-04T22:12:36.710937Z,2026-05-04T22:13:38.134999988Z,0.9338436126708984,0.3342980444431305,0.0869467929005622,0.9956800792626261,-0.4810615520791139,3831.0,10.625003300000518,271.2499705999954,3840.7430783561085,-0.4221602894826046
28.210937488,2026-05-04T22:12:36.718750Z,2026-05-04T22:13:38.142812488Z,0.937827169895172,0.3344376981258392,0.0786740630865097,0.9987782450193026,-0.4564968913627978,3831.0,8.476565800000472,290.3905955999958,3842.2732125557345,-0.41857946035857246
28.218749988,2026-05-04T22:12:36.726562Z,2026-05-04T22:13:38.150624988Z,0.9373584985733032,0.3338169753551483,0.0682485848665237,0.9973628212537001,-0.46771946862384584,3831.0,6.328128300000426,309.53122059999623,3843.8033467553605,-0.4149986312345404
28.226562488,2026-05-04T22:12:36.734375Z,2026-05-04T22:13:38.158437488Z,0.9369523525238036,0.3336928486824036,0.0583459138870239,0.9963106311933941,-0.476062047385101,3831.0,4.1796908000003805,328.67184559999663,3845.3334809549865,-0.4114178021105083
28.234374988,2026-05-04T22:12:36.742187Z,2026-05-04T22:13:38.166249988Z,0.9381396174430848,0.333056628704071,0.0489814318716526,0.9967105098313032,-0.47289149944176717,3831.0,2.0312533000003343,347.812470599997,3846.8636151546125,-0.40783697298647625
28.242187488,2026-05-04T22:12:36.750000Z,2026-05-04T22:13:38.174062488Z,0.9368898868560792,0.332358330488205,0.0378793701529502,0.9948163481875878,-0.48790988185705864,3830.492189,1.0,357.1015622,3847.1019131759954,-0.40727930654429384
28.249999988,2026-05-04T22:12:36.757812Z,2026-05-04T22:13:38.181874988Z,0.9381396174430848,0.3318462371826172,0.0276537854224443,0.9954861118050367,-0.48259947650275853,3829.5156265,1.0,357.2968747,3846.1477396945825,-0.4095122689814824
28.257812488,2026-05-04T22:12:36.765625Z,2026-05-04T22:13:38.189687488Z,0.940436065196991,0.3307134509086609,0.0195963326841592,0.9970834446473287,-0.46993458301299734,3828.539064,1.0,357.4921872,3845.1935662131696,-0.411745231418671
28.265624988,2026-05-04T22:12:36.773437Z,2026-05-04T22:13:38.197499988Z,0.9405922293663024,0.3306513726711273,0.0095706470310688,0.9970635232913522,-0.4700925349719967,3827.5625015,1.0,357.6874997,3844.239392731757,-0.4139781938558585
28.273437488,2026-05-04T22:12:36.781250Z,2026-05-04T22:13:38.205312488Z,0.9394362568855286,0.3300461769104004,0.0009134989231824,0.9957267668012881,-0.4806913770668699,3826.585939,1.0,357.8828122,3843.285219250344,-0.416211156293047
28.281249988,2026-05-04T22:12:36.789062Z,2026-05-04T22:13:38.213124988Z,0.9400298595428468,0.3290840983390808,-0.0052218530327081,0.9959818012197238,-0.47866926642080304,3825.1406283,2.562493999999892,351.43752520000044,3841.3198955854145,-0.4208104183834243
28.289062488,2026-05-04T22:12:36.796875Z,2026-05-04T22:13:38.220937488Z,0.9417794942855836,0.3289133906364441,-0.0124489571899175,0.9976410230798892,-0.4655136688030106,3822.9921908,6.468743999999976,335.0312752000001,3837.8378369381303,-0.4289591526701495
28.296874988,2026-05-04T22:12:36.804687Z,2026-05-04T22:13:38.228749988Z,0.9402173161506652,0.3287737369537354,-0.0203065108507871,0.9962495300290068,-0.4765465047997216,3820.8437533,10.37499400000006,318.62502519999975,3834.3557782908465,-0.4371078869568737
28.304687488,2026-05-04T22:12:36.812500Z,2026-05-04T22:13:38.236562488Z,0.9417170286178588,0.3277340531349182,-0.0251194555312395,0.9974324832384778,-0.46716713438633756,3818.6953158,14.281244000000143,302.2187751999994,3830.8737196435623,-0.4452566212435989
28.312499988,2026-05-04T22:12:36.820312Z,2026-05-04T22:13:38.244374988Z,0.9411234259605408,0.3276564478874207,-0.0299785267561674,0.9969808236873856,-0.47074824156498146,3816.5468782999997,18.187494000000225,285.8125251999991,3827.391660996278,-0.45340535553032413
28.320312488,2026-05-04T22:12:36.828125Z,2026-05-04T22:13:38.252187488Z,0.9422013163566588,0.3281685411930084,-0.0333460494875907,0.9982734449986119,-0.46049933739433535,3815.3281232,21.546872000000107,264.92192479999824,3824.7624636868227,-0.4595582186588168
28.328124988,2026-05-04T22:12:36.835937Z,2026-05-04T22:13:38.259999988Z,0.9417951703071594,0.3287737369537354,-0.0346992090344429,0.9981354357160311,-0.46159358201149103,3816.4999982,23.499996999999972,232.50004980000043,3824.3263550981387,-0.46057880256314476
28.335937488,2026-05-04T22:12:36.843750Z,2026-05-04T22:13:38.267812488Z,0.9421544671058656,0.3296892642974854,-0.0350836291909217,0.9987897235743671,-0.4564058804767383,3817.6718732,25.45312199999984,200.0781748000026,3823.8902465094543,-0.46159938646747384
28.343749988,2026-05-04T22:12:36.851562Z,2026-05-04T22:13:38.275624988Z,0.9409202933311462,0.3301392793655396,-0.036052368581295,0.9978089573975018,-0.46418215530154994,3818.8437482,27.40624699999971,167.6562998000048,3823.4541379207703,-0.4626199703718018
28.351562488,2026-05-04T22:12:36.859375Z,2026-05-04T22:13:38.283437488Z,0.9394049644470216,0.3297823667526245,-0.0355295613408088,0.9962431662891057,-0.4765969614646763,3820.0156232,29.359371999999578,135.234424800007,3823.0180293320864,-0.46364055427612977
28.359374988,2026-05-04T22:12:36.867187Z,2026-05-04T22:13:38.291249988Z,0.9400923252105712,0.3302168846130371,-0.0334536880254745,0.9969633493994972,-0.47088679127050126,3820.7187527000006,30.25000720000126,102.25005520000967,3822.3427085586704,-0.4652209439531285
28.367187488,2026-05-04T22:12:36.875000Z,2026-05-04T22:13:38.299062488Z,0.9408265948295592,0.3317065834999084,-0.0311625432223081,0.9980756700650745,-0.462067450439956,3818.9609402000006,25.56250720000116,66.3125552000089,3820.4115094625436,-0.46974034752531574
28.374999988,2026-05-04T22:12:36.882812Z,2026-05-04T22:13:38.306874988Z,0.9412171244621276,0.3327152132987976,-0.0264572370797395,0.9986436170802445,-0.45756432606630626,3817.2031277000006,20.87500720000106,30.375055200008138,3818.4803103664167,-0.47425975109750296
28.382812488,2026-05-04T22:12:36.890625Z,2026-05-04T22:13:38.314687488Z,0.9395455718040466,0.3330255746841431,-0.0208446998149156,0.9970388239184423,-0.4702883707545491,3815.4453152000006,16.18750720000096,-5.562444799992628,3816.54911127029,-0.4787791546696902
28.390624988,2026-05-04T22:12:36.898437Z,2026-05-04T22:13:38.322499988Z,0.938514530658722,0.333258330821991,-0.0142480451613664,0.9960289383902162,-0.4782955263787222,3813.6875027000006,11.50000720000086,-41.49994479999339,3814.6179121741625,-0.48329855824187845
28.398437488,2026-05-04T22:12:36.906250Z,2026-05-04T22:13:38.330312488Z,0.9377334713935852,0.3343756198883057,-0.0076513905078172,0.9955951297210406,-0.48173509792234676,3811.8593804000006,6.9375024000002545,-77.11714459999546,3812.6667083346374,-0.48786477703314685
28.406249988,2026-05-04T22:12:36.914062Z,2026-05-04T22:13:38.338124988Z,0.9391862750053406,0.3343135416507721,0.000682845711708,0.996913672073844,-0.47128067163256226,3808.3437554000006,5.375002400000221,-105.04683209999605,3810.2353714482565,-0.49355460602671763
28.414062488,2026-05-04T22:12:36.921875Z,2026-05-04T22:13:38.345937488Z,0.9379053115844728,0.334561824798584,0.0076792985200881,0.9958197425923458,-0.4799541928935434,3804.8281304000006,3.8125024000001875,-132.97651959999666,3807.804034561876,-0.49924443502028737
28.421874988,2026-05-04T22:12:36.929687Z,2026-05-04T22:13:38.353749988Z,0.9374210238456726,0.3346549272537231,0.0152754466980695,0.9954825139372813,-0.4826280031884347,3801.3125054,2.250002400000154,-160.90620709999726,3805.3726976754956,-0.5049342640138571
28.429687488,2026-05-04T22:12:36.937500Z,2026-05-04T22:13:38.361562488Z,0.9384364485740662,0.3339256048202515,0.0259162038564682,0.9964140340185934,-0.4752421895990368,3797.7968804,0.6875024000001209,-188.83589459999786,3802.941360789115,-0.5106240930074268
28.437499988,2026-05-04T22:12:36.945312Z,2026-05-04T22:13:38.369374988Z,0.937342882156372,0.3332893848419189,0.0354652106761932,0.9954653554724171,-0.48276404880410023,3794.2812554,-0.8749975999999124,-216.76558209999845,3800.5100239027347,-0.5163139220009966
28.445312488,2026-05-04T22:12:36.953125Z,2026-05-04T22:13:38.377187488Z,0.9375459551811218,0.3340652585029602,0.0444452688097953,0.9962767672362468,-0.4763305470985341,3792.5625024,-0.10156400000003385,-229.96091919999958,3799.601510004115,-0.5184400316118795
28.453124988,2026-05-04T22:12:36.960937Z,2026-05-04T22:13:38.384999988Z,0.9377959370613098,0.3338325023651123,0.0550706535577774,0.9969644607945328,-0.47087797926878244,3791.0000024,0.874998499999987,-241.87498169999984,3798.825418259275,-0.5202562461135376
28.460937488,2026-05-04T22:12:36.968750Z,2026-05-04T22:13:38.392812488Z,0.9380146265029908,0.3324979841709137,0.0654807537794113,0.9973535371806662,-0.4677930799545669,3789.4375024,1.8515610000000078,-253.7890442000001,3798.049326514435,-0.5220724606151957
28.468749988,2026-05-04T22:12:36.976562Z,2026-05-04T22:13:38.400624988Z,0.9379833936691284,0.3312255144119263,0.0745377019047737,0.9975364941703864,-0.46634245505870103,3787.8750024,2.8281235000000287,-265.7031067000004,3797.273234769595,-0.5238886751168539
28.476562488,2026-05-04T22:12:36.984375Z,2026-05-04T22:13:38.408437488Z,0.938639521598816,0.3306823968887329,0.083994448184967,0.9987242194145634,-0.4569252482535009,3786.3125024,3.8046860000000495,-277.6171692000006,3796.4971430247556,-0.525704889618511
28.484374988,2026-05-04T22:12:36.992187Z,2026-05-04T22:13:38.416249988Z,0.9358744621276855,0.3303255140781403,0.0918827578425407,0.9967037650689011,-0.4729449771485881,3788.9687443,7.593743100000004,-272.96876349999997,3798.8424936743772,-0.5202162861258987
28.492187488,2026-05-04T22:12:37.000000Z,2026-05-04T22:13:38.424062488Z,0.9381240010261536,0.3302013576030731,0.1003861352801323,0.9995933943462773,-0.4500337553581745,3792.6796818,12.0859305999997,-264.1797010000006,3801.9682124140904,-0.5129014606031219
28.499999988,2026-05-04T22:12:37.007812Z,2026-05-04T22:13:38.431874988Z,0.9389675855636596,0.3284168243408203,0.1095660924911499,1.000760943419125,-0.4407765208856977,3796.3906192999993,16.578118099999397,-255.3906385000012,3805.093931153803,-0.5055866350803462
28.507812488,2026-05-04T22:12:37.015625Z,2026-05-04T22:13:38.439687488Z,0.9382176995277404,0.3278426826000214,0.116316519677639,1.0006312052856547,-0.4418051854185088,3800.1015567999993,21.070305599999095,-246.60157600000178,3808.2196498935164,-0.4982718095575694
28.515624988,2026-05-04T22:12:37.023437Z,2026-05-04T22:13:38.447499988Z,0.939233124256134,0.3286185562610626,0.1213601157069206,1.0024356811803143,-0.4274979011721568,3803.812494299999,25.562493099998793,-237.81251350000235,3811.3453686332296,-0.4909569840347926
28.523437488,2026-05-04T22:12:37.031250Z,2026-05-04T22:13:38.455312488Z,0.9378896355628968,0.3278892338275909,0.1284949481487274,1.0018279642014851,-0.43231635265891616,3803.9375024000005,28.195309799999514,-220.65628240000584,3810.6121755624918,-0.49267280680502945
28.531249988,2026-05-04T22:12:37.039062Z,2026-05-04T22:13:38.463124988Z,0.9381083846092224,0.3275012671947479,0.1345995515584946,1.0027070661803668,-0.4253461504353155,3802.3750024000005,29.953122299999553,-199.56253240000538,3808.063011174157,-0.4986383764171102
28.539062488,2026-05-04T22:12:37.046875Z,2026-05-04T22:13:38.470937488Z,0.9374366402626038,0.3281064629554749,0.1379209458827972,1.002728025365401,-0.4251799697627204,3800.8125024000005,31.71093479999959,-178.46878240000493,3805.513846785822,-0.504603946029192
28.546874988,2026-05-04T22:12:37.054687Z,2026-05-04T22:13:38.478749988Z,0.9379833936691284,0.3287271857261658,0.1387051641941071,1.0035504631101588,-0.41865904552981487,3799.2500024000005,33.46874729999963,-157.37503240000447,3802.964682397487,-0.5105695156412727
28.554687488,2026-05-04T22:12:37.062500Z,2026-05-04T22:13:38.486562488Z,0.938639521598816,0.328215092420578,0.1397354155778885,1.0041390764065643,-0.4139920628520308,3797.6875024,35.22655979999966,-136.28128240000402,3800.415518009152,-0.5165350852533546
28.562499988,2026-05-04T22:12:37.070312Z,2026-05-04T22:13:38.494374988Z,0.9375459551811218,0.3277340531349182,0.1397969126701355,1.0029681971293132,-0.42327570176755935,3798.3124963999994,34.6875036000004,-106.2188070000063,3800.420734822438,-0.5165228768359791
28.570312488,2026-05-04T22:12:37.078125Z,2026-05-04T22:13:38.502187488Z,0.9376240968704224,0.3291926980018616,0.1397815346717834,1.0035166450463187,-0.4189271813655191,3800.6562464,32.34375360000035,-69.10943200000551,3802.4329779482887,-0.5118138135450336
28.578124988,2026-05-04T22:12:37.085937Z,2026-05-04T22:13:38.509999988Z,0.937342882156372,0.3309462070465088,0.1398891806602478,1.003845632332721,-0.41631871503248363,3802.9999964,30.000003600000298,-32.00005700000472,3804.4452210741388,-0.5071047502540893
28.585937488,2026-05-04T22:12:37.093750Z,2026-05-04T22:13:38.517812488Z,0.9367336630821228,0.331396222114563,0.13825923204422,1.0031993953489575,-0.4214425829902502,3805.3437464,27.656253600000248,5.109317999996066,3806.4574641999893,-0.5023956869631437
28.593749988,2026-05-04T22:12:37.101562Z,2026-05-04T22:13:38.525624988Z,0.9358588457107544,0.3316755294799805,0.1339998543262482,1.001896400288147,-0.43177373829234195,3807.6874964,25.3125036000002,42.218692999996854,3808.46970732584,-0.4976866236721983
28.601562488,2026-05-04T22:12:37.109375Z,2026-05-04T22:13:38.533437488Z,0.936749279499054,0.3321255445480347,0.1285718381404877,1.0021663073293519,-0.4296337059593866,3810.8906183999998,24.08593719999999,77.78119839999788,3812.06173801604,-0.4892805321587675
28.609374988,2026-05-04T22:12:37.117187Z,2026-05-04T22:13:38.541249988Z,0.936858594417572,0.3322651982307434,0.1214677542448044,1.0014282816111497,-0.4354853461850533,3815.1874933999998,24.281249699999993,111.3749483999986,3817.664419958401,-0.4761691026666363
28.617187488,2026-05-04T22:12:37.125000Z,2026-05-04T22:13:38.549062488Z,0.9372491836547852,0.3328859210014343,0.1147480830550194,1.0012073667464378,-0.43723693054981616,3819.4843683999998,24.476562199999996,144.9686983999993,3823.267101900762,-0.46305767317450514
28.624999988,2026-05-04T22:12:37.132812Z,2026-05-04T22:13:38.556874988Z,0.9365930557250975,0.3333204090595245,0.1093969494104385,1.000138360262416,-0.4457128429592628,3823.7812434,24.6718747,178.56244840000002,3828.869783843123,-0.44994624368237396
28.632812488,2026-05-04T22:12:37.140625Z,2026-05-04T22:13:38.564687488Z,0.93496835231781,0.3343135416507721,0.1020775884389877,0.9981739317516173,-0.4612883555880632,3828.0781184,24.867187200000004,212.15619840000076,3834.472465785484,-0.43683481419024284
28.640624988,2026-05-04T22:12:37.148437Z,2026-05-04T22:13:38.572499988Z,0.9358275532722472,0.3348411619663239,0.0933435559272766,0.9983009729753984,-0.46028107424669384,3830.8125009,23.625006599999935,240.68747270000026,3838.505746748254,-0.42739610617337703
28.648437488,2026-05-04T22:12:37.156250Z,2026-05-04T22:13:38.580312488Z,0.9365305304527284,0.3341273367404938,0.0846095159649848,0.9979425243064819,-0.46312313326731763,3830.2265634,19.328131600000226,258.4609101999991,3839.2040270882667,-0.42576198638253243
28.656249988,2026-05-04T22:12:37.164062Z,2026-05-04T22:13:38.588124988Z,0.9376709461212158,0.3334290385246277,0.0745838358998298,0.9979801979542712,-0.4628244273720971,3829.6406259,15.031256600000516,276.23434769999784,3839.9023074282795,-0.42412786659168783
28.664062488,2026-05-04T22:12:37.171875Z,2026-05-04T22:13:38.595937488Z,0.9377490878105164,0.333615243434906,0.0644505098462104,0.9974098207662804,-0.46734682004044514,3829.0546884,10.734381600000807,294.00778519999665,3840.6005877682924,-0.42249374680084323
28.671874988,2026-05-04T22:12:37.179687Z,2026-05-04T22:13:38.603749988Z,0.9374522566795348,0.3334290385246277,0.0554243177175521,0.9965257208318641,-0.47435664993139043,3828.4687509,6.437506600001098,311.78122269999545,3841.298868108305,-0.4208596270099986
28.679687488,2026-05-04T22:12:37.187500Z,2026-05-04T22:13:38.611562488Z,0.9373272657394408,0.3328083455562592,0.0473822429776191,0.99578555669384,-0.4802252452077297,3828.3906219999994,3.507808599999226,327.56248799999764,3842.3882506012465,-0.41831024764256264
28.687499988,2026-05-04T22:12:37.195312Z,2026-05-04T22:13:38.619374988Z,0.9379053115844728,0.3329790234565735,0.0369567610323429,0.9959453829133714,-0.4789580189956067,3830.3437469999994,6.04687109999928,335.3749879999978,3845.0420567243423,-0.4120997948225166
28.695312488,2026-05-04T22:12:37.203125Z,2026-05-04T22:13:38.627187488Z,0.9395924806594848,0.3319858908653259,0.0269156973809003,0.9968816961961878,-0.4715342011876019,3832.2968719999994,8.585933599999334,343.1874879999979,3847.6958628474376,-0.40588934200247156
28.703124988,2026-05-04T22:12:37.210937Z,2026-05-04T22:13:38.634999988Z,0.9388582110404968,0.3302789330482483,0.0169822722673416,0.995403090021833,-0.4832577375825816,3834.2499969999994,11.12499609999939,350.9999879999981,3850.3496689705335,-0.3996788891824255
28.710937488,2026-05-04T22:12:37.218750Z,2026-05-04T22:13:38.642812488Z,0.939483106136322,0.3294099569320679,0.0089248213917016,0.9955998588179954,-0.4816976019743203,3836.2031219999994,13.664058599999443,358.81248799999827,3853.0034750936293,-0.39346843636237944
28.718749988,2026-05-04T22:12:37.226562Z,2026-05-04T22:13:38.650624988Z,0.9409828186035156,0.3298444449901581,0.0022205282002687,0.9971213334110199,-0.4696341715120856,3837.7968789000006,16.156246999999613,364.6875252000033,3855.1328672899667,-0.38848522012226433
28.726562488,2026-05-04T22:12:37.234375Z,2026-05-04T22:13:38.658437488Z,0.9409046769142152,0.3303875625133514,-0.0044222567230463,0.9972347310724201,-0.46873506691372246,3835.2578164000006,18.109371999999656,348.2812752000029,3851.23137346681,-0.39761551909382215
28.734374988,2026-05-04T22:12:37.242187Z,2026-05-04T22:13:38.666249988Z,0.9394049644470216,0.3296272158622742,-0.0116032306104898,0.9956256443188998,-0.4814931545267455,3832.7187539000006,20.062496999999695,331.87502520000254,3847.3298796436534,-0.40674581806538
28.742187488,2026-05-04T22:12:37.250000Z,2026-05-04T22:13:38.674062488Z,0.9414358139038086,0.3283858001232147,-0.0178308431059122,0.997224430301002,-0.4688167394176728,3830.1796914,22.015621999999738,315.4687752000022,3843.4283858204967,-0.41587611703693783
28.749999988,2026-05-04T22:12:37.257812Z,2026-05-04T22:13:38.681874988Z,0.9419357180595398,0.3276254236698151,-0.0239661913365125,0.9975749062192498,-0.46603789454714156,3827.6406289,23.96874699999978,299.06252520000186,3839.52689199734,-0.4250064160084957
28.757812488,2026-05-04T22:12:37.265625Z,2026-05-04T22:13:38.689687488Z,0.9415139555931092,0.3282616436481476,-0.0289790350943803,0.9975189320219281,-0.4664817013909534,3825.1015664,25.921871999999823,282.6562752000015,3835.6253981741834,-0.4341367149800535
28.765624988,2026-05-04T22:12:37.273437Z,2026-05-04T22:13:38.697499988Z,0.9414358139038086,0.3289289176464081,-0.0306089762598276,0.9977136533056159,-0.4649378000494165,3823.8750018,23.937503300000152,253.68754530000209,3832.8080066759144,-0.4407299912647532
28.773437488,2026-05-04T22:12:37.281250Z,2026-05-04T22:13:38.705312488Z,0.9419201016426086,0.3293168544769287,-0.0301169212907552,0.9982835756782911,-0.46041901350959563,3822.7031268,21.789065800000106,224.19535780000143,3830.035787914689,-0.447217554042456
28.781249988,2026-05-04T22:12:37.289062Z,2026-05-04T22:13:38.713124988Z,0.9402329325675964,0.3294720351696014,-0.0315930917859077,0.9967888005450574,-0.4722707499494374,3821.5312518,19.64062830000006,194.7031703000008,3827.2635691534642,-0.4537051168201578
28.789062488,2026-05-04T22:12:37.296875Z,2026-05-04T22:13:38.720937488Z,0.9401704668998718,0.330449640750885,-0.0325464531779289,0.9970841205823985,-0.4699292236755829,3820.3593768,17.492190800000014,165.21098280000018,3824.491350392239,-0.46019267959786064
28.796874988,2026-05-04T22:12:37.304687Z,2026-05-04T22:13:38.728749988Z,0.9409359097480774,0.3306203484535217,-0.0327309817075729,0.997868487441362,-0.46371015494885615,3819.1875018,15.343753299999968,135.71879529999956,3821.7191316310136,-0.46668024237556344
28.804687488,2026-05-04T22:12:37.312500Z,2026-05-04T22:13:38.736562488Z,0.9409202933311462,0.3300306499004364,-0.0303629469126462,0.9975836490346536,-0.46596857472665243,3817.359378,14.34375120000003,102.4531772000013,3819.3040396877286,-0.47233205485700724
28.812499988,2026-05-04T22:12:37.320312Z,2026-05-04T22:13:38.744374988Z,0.9408109784126282,0.3309151828289032,-0.0262727160006761,0.9976574617244465,-0.46538333048095193,3815.406253,13.562501200000083,68.4688022000036,3816.9569726776617,-0.47782467498650744
28.820312488,2026-05-04T22:12:37.328125Z,2026-05-04T22:13:38.752187488Z,0.9402485489845276,0.3333980143070221,-0.0214905235916376,0.9978393720512423,-0.463941004340427,3813.4531280000006,12.781251200000135,34.48442720000589,3814.609905667595,-0.4833172951160077
28.828124988,2026-05-04T22:12:37.335937Z,2026-05-04T22:13:38.759999988Z,0.9376084804534912,0.3340497612953186,-0.0169082339853048,0.9954821917122706,-0.48263055803820165,3811.5000030000006,12.000001200000188,0.5000522000081866,3812.262838657528,-0.4888099152455079
28.835937488,2026-05-04T22:12:37.343750Z,2026-05-04T22:13:38.767812488Z,0.9390456676483154,0.3334445655345917,-0.0100040417164564,0.9965400769985558,-0.47424282310879057,3809.5468780000006,11.218751200000241,-33.48432279998952,3809.915771647461,-0.4943025353750081
28.843749988,2026-05-04T22:12:37.351562Z,2026-05-04T22:13:38.775624988Z,0.9394206404685974,0.333258330821991,-0.0032997485250234,0.9967864079836852,-0.47228972003140374,3806.046881300001,8.890629500000914,-64.51557909999067,3806.981999158887,-0.501168167143083
28.851562488,2026-05-04T22:12:37.359375Z,2026-05-04T22:13:38.783437488Z,0.9380146265029908,0.3338325023651123,0.0022359043359756,0.9956508315856005,-0.4812934503438618,3801.945318800001,5.960942000000851,-94.39839159999131,3803.820061690281,-0.5085677519499061
28.859374988,2026-05-04T22:12:37.367187Z,2026-05-04T22:13:38.791249988Z,0.938045859336853,0.3347635567188263,0.0101857203990221,0.9960423796335681,-0.478188953777875,3797.843756300001,3.031254500000788,-124.28120409999195,3800.6581242216753,-0.5159673367567281
28.867187488,2026-05-04T22:12:37.375000Z,2026-05-04T22:13:38.799062488Z,0.9390925765037536,0.3346859812736511,0.0211647674441337,0.9971747693792343,-0.46921048971700874,3793.742193800001,0.10156700000072559,-154.16401659999258,3797.496186753069,-0.5233669215635512
28.874999988,2026-05-04T22:12:37.382812Z,2026-05-04T22:13:38.806874988Z,0.9365930557250975,0.3334755897521973,0.0298834238201379,0.9946383966106805,-0.48932081995849497,3789.640631300001,-2.8281204999993372,-184.04682909999323,3794.334249284463,-0.5307665063703744
28.882812488,2026-05-04T22:12:37.390625Z,2026-05-04T22:13:38.814687488Z,0.9364212155342102,0.3344687223434448,0.0383406728506088,0.9951000082018197,-0.4856608052886487,3787.7656256,-3.88281280000004,-206.19528639999652,3793.478918777847,-0.5327681558920391
28.890624988,2026-05-04T22:12:37.398437Z,2026-05-04T22:13:38.822499988Z,0.9383270740509032,0.3337083458900452,0.0467056632041931,0.9969956755116557,-0.47063048478472314,3787.3750006,-3.687500300000036,-223.1874738999969,3794.1613360874403,-0.5311711588590123
28.898437488,2026-05-04T22:12:37.406250Z,2026-05-04T22:13:38.830312488Z,0.938389539718628,0.3323117792606354,0.056469939649105,0.9970932258182689,-0.46985703030458065,3786.9843756,-3.492187800000032,-240.17966139999723,3794.8437533970337,-0.5295741618259856
28.906249988,2026-05-04T22:12:37.414062Z,2026-05-04T22:13:38.838124988Z,0.938170850276947,0.3309927582740784,0.0668185427784919,0.997088495570124,-0.46989453538013437,3786.5937506,-3.2968753000000275,-257.1718488999976,3795.526170706627,-0.5279771647929589
28.914062488,2026-05-04T22:12:37.421875Z,2026-05-04T22:13:38.845937488Z,0.9382333755493164,0.3320169150829315,0.0769518613815307,0.9982177557356579,-0.46094088505751657,3786.2031256,-3.1015628000000235,-274.16403639999794,3796.2085880162203,-0.5263801677599321
28.921874988,2026-05-04T22:12:37.429687Z,2026-05-04T22:13:38.853749988Z,0.9371710419654846,0.3322186470031738,0.0846710279583931,0.9979118068701375,-0.46336668492372907,3786.6562479,-1.7812539000002505,-279.71876050000066,3796.989878580675,-0.5245517869497951
28.929687488,2026-05-04T22:12:37.437500Z,2026-05-04T22:13:38.861562488Z,0.9363430738449096,0.3300617039203644,0.0936203375458717,0.9972180543563934,-0.4688672928510129,3788.0234354,0.7578085999998037,-272.88282300000054,3797.878282497053,-0.5224727388385585
28.937499988,2026-05-04T22:12:37.445312Z,2026-05-04T22:13:38.869374988Z,0.9391394257545472,0.3288358151912689,0.1017239168286324,1.0002317779465146,-0.44497215511522487,3789.3906229,3.296871099999858,-266.04688550000037,3798.766686413431,-0.5203936907273219
28.945312488,2026-05-04T22:12:37.453125Z,2026-05-04T22:13:38.877187488Z,0.9394206404685974,0.3286340832710266,0.1075056046247482,1.001033943206498,-0.4386119668627257,3790.7578104,5.835933599999912,-259.21094800000026,3799.6550903298094,-0.5183146426160852
28.953124988,2026-05-04T22:12:37.460937Z,2026-05-04T22:13:38.884999988Z,0.9374991059303284,0.3286495804786682,0.1133795455098152,0.9998850142436289,-0.4477215666635794,3792.1249979,8.374996099999967,-252.3750105000001,3800.543494246187,-0.5162355945048497
28.960937488,2026-05-04T22:12:37.468750Z,2026-05-04T22:13:38.892812488Z,0.9385301470756532,0.3281064629554749,0.1214062422513962,1.0016147780761846,-0.4340066575840636,3793.4218732,11.19530739999992,-239.28128720000058,3801.112564308432,-0.5149038533719481
28.968749988,2026-05-04T22:12:37.476562Z,2026-05-04T22:13:38.900624988Z,0.9391394257545472,0.3282771706581116,0.1281412839889526,1.0030797328449086,-0.4223913601194572,3794.5937482,14.515619899999695,-215.06253720000223,3801.1139259563924,-0.5149006668353195
28.976562488,2026-05-04T22:12:37.484375Z,2026-05-04T22:13:38.908437488Z,0.9373272657394408,0.3284168243408203,0.1318163424730301,1.0019059645254402,-0.4316979056021081,3795.7656232,17.83593239999947,-190.84378720000385,3801.115287604353,-0.5148974802986911
28.984374988,2026-05-04T22:12:37.492187Z,2026-05-04T22:13:38.916249988Z,0.936983585357666,0.3280133605003357,0.1337691992521286,1.001711137287085,-0.4332426470344148,3796.9374982,21.156244899999248,-166.6250372000055,3801.1166492523134,-0.5148942937620626
28.992187488,2026-05-04T22:12:37.500000Z,2026-05-04T22:13:38.924062488Z,0.9388269782066344,0.3279512822628021,0.1353837698698044,1.003631856653911,-0.4180136943950462,3798.1093731999995,24.476557399999024,-142.4062872000071,3801.118010900274,-0.5148911072254341
28.999999988,2026-05-04T22:12:37.507812Z,2026-05-04T22:13:38.931874988Z,0.9387176036834716,0.3274857699871063,0.1367830634117126,1.0035672749973366,-0.41852574785081503,3800.359366299998,26.8593759000002,-117.1562938000097,3802.385572269709,-0.5119247525950491
29.007812488,2026-05-04T22:12:37.515625Z,2026-05-04T22:13:38.939687488Z,0.9378584027290344,0.3289754688739777,0.1379670798778534,1.003413253759552,-0.41974694766594217,3806.0234287999983,26.273438400000188,-88.6406688000091,3807.66279985603,-0.4995749533160957
29.015624988,2026-05-04T22:12:37.523437Z,2026-05-04T22:13:38.947499988Z,0.9364212155342102,0.3301858305931091,0.1374442577362061,1.002396278729967,-0.4278103143547276,3811.6874912999983,25.687500900000174,-60.125043800008484,3812.94002744235,-0.48722515403714334
29.023437488,2026-05-04T22:12:37.531250Z,2026-05-04T22:13:38.955312488Z,0.9359681606292723,0.3309617340564728,0.1357374340295792,1.001996366319931,-0.4309811300696741,3817.3515537999983,25.101563400000163,-31.60941880000788,3818.217255028671,-0.4748753547581899
29.031249988,2026-05-04T22:12:37.539062Z,2026-05-04T22:13:38.963124988Z,0.9375772476196288,0.3312875926494598,0.1333694010972977,1.003289570087582,-0.4207276077328041,3823.015616299999,24.51562590000015,-3.0937938000072727,3823.4944826149917,-0.4625255554792365
29.039062488,2026-05-04T22:12:37.546875Z,2026-05-04T22:13:38.970937488Z,0.937936544418335,0.3310703635215759,0.1298788636922836,1.0030957412887938,-0.42226443276194325,3827.484381600001,23.437507200001097,25.65620319999288,3827.717088826835,-0.4526437873922389
29.046874988,2026-05-04T22:12:37.554687Z,2026-05-04T22:13:38.978749988Z,0.9371398091316224,0.3313186466693878,0.1240356788039207,1.0016925262306982,-0.4333902099221431,3823.1875066000007,18.750007200000994,56.12495319999353,3824.2056924647745,-0.4608611779729869
29.054687488,2026-05-04T22:12:37.562500Z,2026-05-04T22:13:38.986562488Z,0.9350621104240416,0.3329324722290039,0.1177158057689667,0.9995209814421187,-0.4506079010178462,3818.8906316000007,14.062507200000894,86.59370319999418,3820.694296102714,-0.4690785685537349
29.062499988,2026-05-04T22:12:37.570312Z,2026-05-04T22:13:38.994374988Z,0.9366711378097534,0.3343445956707001,0.1129336208105087,1.000946118314764,-0.43930831071174126,3814.5937566000007,9.375007200000795,117.06245319999483,3817.1828997406537,-0.4772959591344818
29.070312488,2026-05-04T22:12:37.578125Z,2026-05-04T22:13:39.002187488Z,0.936749279499054,0.3335997462272644,0.1063984706997871,1.000054317470879,-0.4463791993849362,3810.2968816000007,4.687507200000693,147.53120319999547,3813.671503378593,-0.4855133497152298
29.078124988,2026-05-04T22:12:37.585937Z,2026-05-04T22:13:39.009999988Z,0.9360619187355042,0.3332273066043854,0.0981103628873825,0.9984377781712291,-0.4591963765630504,3806.0000066000007,7.200000593457088e-06,177.99995319999613,3810.1601070165325,-0.49373074029597774
29.085937488,2026-05-04T22:12:37.593750Z,2026-05-04T22:13:39.017812488Z,0.936046302318573,0.3331807553768158,0.0886536240577697,0.9975227119701663,-0.4664517310300079,3808.3437464,1.1718731999998762,203.3905859999973,3814.1147263228668,-0.48447611675377955
29.093749988,2026-05-04T22:12:37.601562Z,2026-05-04T22:13:39.025624988Z,0.9369992017745972,0.3337859511375427,0.0790584832429885,0.9978130130819642,-0.4641499986899875,3810.6874964,2.3437481999999012,228.78121099999785,3818.0693570970193,-0.4752214663745251
29.101562488,2026-05-04T22:12:37.609375Z,2026-05-04T22:13:39.033437488Z,0.93807715177536,0.3339411318302155,0.0722158029675483,0.9983589256421084,-0.4598215805632886,3813.0312464,3.515623199999926,254.1718359999984,3822.0239878711723,-0.4659668159952696
29.109374988,2026-05-04T22:12:37.617187Z,2026-05-04T22:13:39.041249988Z,0.9373584985733032,0.33363077044487,0.0641122236847877,0.9970259891602842,-0.47039013467045704,3815.3749964,4.687498199999951,279.5624609999989,3825.978618645325,-0.4567121656160152
29.117187488,2026-05-04T22:12:37.625000Z,2026-05-04T22:13:39.049062488Z,0.937936544418335,0.3331186771392822,0.0547016076743602,0.9968376398875557,-0.471883513767676,3817.7187464,5.859373199999976,304.9530859999995,3829.9332494194778,-0.4474575152367597
29.124999988,2026-05-04T22:12:37.632812Z,2026-05-04T22:13:39.056874988Z,0.9356088638305664,0.3327152132987976,0.0431382432579994,0.9939437948245232,-0.4948281615760738,3820.5781205,4.796877099999999,316.2499856,3833.6887340470935,-0.4386689078500951
29.132812488,2026-05-04T22:12:37.640625Z,2026-05-04T22:13:39.064687488Z,0.938639521598816,0.3318772614002228,0.0335277281701564,0.9961479692786699,-0.4773517571877663,3823.507808,3.42968959999997,325.62498560000023,3837.4170619869988,-0.4299438527049852
29.140624988,2026-05-04T22:12:37.648437Z,2026-05-04T22:13:39.072499988Z,0.940670371055603,0.3306048214435577,0.0255010295659303,0.997401923726105,-0.467409433899033,3826.4374955000003,2.0625020999999406,334.9999856000004,3841.1453899269036,-0.42121879755987635
29.148437488,2026-05-04T22:12:37.656250Z,2026-05-04T22:13:39.080312488Z,0.940420389175415,0.3305737972259521,0.017581969499588,0.9969847889715813,-0.47071680171683894,3829.3671830000003,0.6953145999999116,344.3749856000006,3844.873717866809,-0.4124937424147665
29.156249988,2026-05-04T22:12:37.664062Z,2026-05-04T22:13:39.088124988Z,0.9377803206443788,0.3307600021362305,0.0081559792160987,0.9944348288339495,-0.49093486315724777,3832.2968705000003,-0.6718729000001175,353.7499856000008,3848.6020458067137,-0.40376868726965764
29.164062488,2026-05-04T22:12:37.671875Z,2026-05-04T22:13:39.095937488Z,0.9396393299102784,0.3308686316013336,0.0024511814117431,0.9961938214937339,-0.47698820526879215,3833.4453116,1.9687440000001557,347.09376799999956,3849.193050407982,-0.402385614798514
29.171874988,2026-05-04T22:12:37.679687Z,2026-05-04T22:13:39.103749988Z,0.941014051437378,0.3290840983390808,-0.0040685907006263,0.9969053827783875,-0.47134639559520924,3834.0312491,5.874993999999892,335.3750180000003,3848.7933129803273,-0.4033210826962063
29.179687488,2026-05-04T22:12:37.687500Z,2026-05-04T22:13:39.111562488Z,0.9417951703071594,0.3288358151912689,-0.0115417223423719,0.9976193399894703,-0.46568558915887753,3834.6171866,9.781243999999628,323.6562680000011,3848.3935755526727,-0.40425655059389864
29.187499988,2026-05-04T22:12:37.695312Z,2026-05-04T22:13:39.119374988Z,0.9419201016426086,0.3287737369537354,-0.0176001917570829,0.9978052990132055,-0.4642111618092922,3835.2031241,13.687493999999365,311.9375180000019,3847.9938381250186,-0.4051920184915899
29.195312488,2026-05-04T22:12:37.703125Z,2026-05-04T22:13:39.127187488Z,0.9395299553871156,0.3283702731132507,-0.0229666996747255,0.99552551078721,-0.48228709081856136,3835.7890616,17.593743999999102,300.2187680000027,3847.594100697364,-0.40612748638928226
29.203124988,2026-05-04T22:12:37.710937Z,2026-05-04T22:13:39.134999988Z,0.9409984350204468,0.3286030292510986,-0.0254269894212484,0.9970479112534947,-0.4702163193151143,3834.3750039000006,20.874995499999294,279.37503990000624,3844.8469716527416,-0.4125563340634684
29.210937488,2026-05-04T22:12:37.718750Z,2026-05-04T22:13:39.142812488Z,0.9422325491905212,0.3295806646347046,-0.0264264848083257,0.9985609397299928,-0.458219856214582,3831.8359414000006,23.804682999999358,253.3984774000057,3840.7794260208334,-0.42207522846215995
29.218749988,2026-05-04T22:12:37.726562Z,2026-05-04T22:13:39.150624988Z,0.9414514899253844,0.3296582400798798,-0.0288098882883787,0.9979155639624421,-0.46333689578234966,3829.2968789000006,26.73437049999942,227.42191490000513,3836.7118803889252,-0.43159412286085147
29.226562488,2026-05-04T22:12:37.734375Z,2026-05-04T22:13:39.158437488Z,0.9397643208503724,0.3295806646347046,-0.0309780221432447,0.9963634031317703,-0.47564363053353026,3826.7578164000006,29.664057999999482,201.4453524000046,3832.644334757017,-0.44111301725954305
29.234374988,2026-05-04T22:12:37.742187Z,2026-05-04T22:13:39.166249988Z,0.9408265948295592,0.3294409811496735,-0.0298708919435739,0.9972854715601485,-0.4683327569782578,3824.2187539000006,32.59374549999954,175.46878990000403,3828.5767891251094,-0.4506319116582335
29.242187488,2026-05-04T22:12:37.750000Z,2026-05-04T22:13:39.174062488Z,0.9420294761657716,0.3304961919784546,-0.0273029636591672,0.9986955085019614,-0.45715289063364223,3820.7656316000007,32.78125360000031,145.42973940000454,3824.0296966211345,-0.4612730444895114
29.249999988,2026-05-04T22:12:37.757812Z,2026-05-04T22:13:39.181874988Z,0.939608097076416,0.331753134727478,-0.025919048115611,0.9967925137902527,-0.4722413084619434,3816.4687566000007,30.437503600000266,111.64067690000381,3819.03994274196,-0.47295009609496313
29.257812488,2026-05-04T22:12:37.765625Z,2026-05-04T22:13:39.189687488Z,0.9401392340660096,0.3325600624084473,-0.0222439896315336,0.9974731924287797,-0.46684436035604276,3812.1718816000002,28.093753600000213,77.8516144000031,3814.050188862786,-0.4846271477004148
29.265624988,2026-05-04T22:12:37.773437Z,2026-05-04T22:13:39.197499988Z,0.9389050602912904,0.3322807252407074,-0.0182460155338048,0.9961355880049372,-0.47744992552747645,3807.8750066000002,25.750003600000163,44.06255190000238,3809.0604349836112,-0.49630419930586755
29.273437488,2026-05-04T22:12:37.781250Z,2026-05-04T22:13:39.205312488Z,0.9392175078392028,0.3321410715579987,-0.0137867387384176,0.9963118450627895,-0.4760524228871909,3803.5781316000002,23.406253600000113,10.273489400001665,3804.070681104437,-0.5079812509113193
29.281249988,2026-05-04T22:12:37.789062Z,2026-05-04T22:13:39.213124988Z,0.9395299553871156,0.3329014480113983,-0.007666764780879,0.9967942066645484,-0.47222788604171917,3801.0781247,20.43750600000011,-22.656201399999127,3801.4527805838616,-0.5141076772275119
29.289062488,2026-05-04T22:12:37.796875Z,2026-05-04T22:13:39.220937488Z,0.9389207363128662,0.3336617946624756,-0.0002705156803131,0.9964448883277048,-0.47499755270918503,3801.2734372,16.531256000000024,-54.2968263999998,3802.392682871064,-0.5119081123236088
29.296874988,2026-05-04T22:12:37.804687Z,2026-05-04T22:13:39.228749988Z,0.937233567237854,0.3344531953334808,0.0078330673277378,0.9951517755447806,-0.48525035364858354,3801.4687497,12.62500599999994,-85.93745140000047,3803.332585158267,-0.5097085474197045
29.304687488,2026-05-04T22:12:37.812500Z,2026-05-04T22:13:39.236562488Z,0.9374054074287416,0.3343756198883057,0.0164748392999172,0.9953930748112987,-0.4833371459383961,3801.6640622,8.718755999999857,-117.57807640000115,3804.2724874454702,-0.5075089825158001
29.312499988,2026-05-04T22:12:37.820312Z,2026-05-04T22:13:39.244374988Z,0.938514530658722,0.3342669904232025,0.0242401305586099,0.9965598472112175,-0.47408606953120164,3801.8593747,4.8125059999997735,-149.21870140000183,3805.212389732673,-0.505309417611897
29.320312488,2026-05-04T22:12:37.828125Z,2026-05-04T22:13:39.252187488Z,0.9376240968704224,0.3340963125228882,0.0308214090764522,0.9958459983004021,-0.4797460172790274,3801.5078152,1.7812511999999576,-177.140596800001,3805.6937314925935,-0.5041829787721153
29.328124988,2026-05-04T22:12:37.835937Z,2026-05-04T22:13:39.259999988Z,0.9379209280014038,0.3334755897521973,0.0391863994300365,0.9962114283844974,-0.47684860418484704,3799.7500027,1.0000012000000105,-195.49997179999974,3804.9959086268395,-0.5058160279789876
29.335937488,2026-05-04T22:12:37.843750Z,2026-05-04T22:13:39.267812488Z,0.938998818397522,0.3327307403087616,0.0501808226108551,0.9974701205831987,-0.4668687163299954,3797.9921902,0.2187512000000632,-213.85934679999852,3804.2980857610855,-0.50744907718586
29.343749988,2026-05-04T22:12:37.851562Z,2026-05-04T22:13:39.275624988Z,0.9371241927146912,0.3324048817157745,0.0601757541298866,0.9961505304645178,-0.47733145012018896,3796.2343777,-0.5624987999998841,-232.21872179999727,3803.6002628953315,-0.5090821263927323
29.351562488,2026-05-04T22:12:37.859375Z,2026-05-04T22:13:39.283437488Z,0.9364680647850036,0.3324203789234161,0.0689251646399498,0.9961056284382702,-0.4776874682053644,3794.4765652000006,-1.3437487999998314,-250.57809679999605,3802.9024400295775,-0.5107151755996047
29.359374988,2026-05-04T22:12:37.867187Z,2026-05-04T22:13:39.291249988Z,0.9386239051818848,0.3324514329433441,0.0780589953064918,0.9988152969359417,-0.45620311503428185,3792.7187527000006,-1.9375006000001052,-264.9687599000017,3801.967847320811,-0.5129023149965787
29.367187488,2026-05-04T22:12:37.875000Z,2026-05-04T22:13:39.299062488Z,0.9381396174430848,0.331023782491684,0.0854398682713508,0.9984901889761286,-0.45878082305773826,3790.9609402000006,-1.546875600000097,-258.5234474000016,3799.790198729899,-0.5179984611373225
29.374999988,2026-05-04T22:12:37.882812Z,2026-05-04T22:13:39.306874988Z,0.9373584985733032,0.3297047913074493,0.0927592366933822,0.997973186138097,-0.4628800224883208,3789.2031277000006,-1.1562506000000885,-252.07813490000146,3797.6125501389874,-0.5230946072780664
29.382812488,2026-05-04T22:12:37.890625Z,2026-05-04T22:13:39.314687488Z,0.9395455718040466,0.3286030292510986,0.101554773747921,1.0005194672771653,-0.44269113100155066,3787.4453152000006,-0.7656256000000802,-245.63282240000132,3795.434901548076,-0.5281907534188093
29.390624988,2026-05-04T22:12:37.898437Z,2026-05-04T22:13:39.322499988Z,0.9379209280014038,0.329161673784256,0.1082129329442978,0.9998765491438804,-0.4477886845389879,3785.6875027000006,-0.37500060000007185,-239.18750990000117,3793.2572529571644,-0.5332868995595531
29.398437488,2026-05-04T22:12:37.906250Z,2026-05-04T22:13:39.330312488Z,0.9374054074287416,0.3297823667526245,0.1138408482074738,1.0002224982563652,-0.4450457316950388,3784.0937463999994,0.05468539999977767,-232.34377520000268,3791.2273521292486,-0.5380372855095399
29.406249988,2026-05-04T22:12:37.914062Z,2026-05-04T22:13:39.338124988Z,0.9389832019805908,0.3290530443191528,0.1214523762464523,1.002355246044702,-0.4281356533039557,3786.4374964,1.4218728999998067,-215.9375252000023,3792.7435394565487,-0.5344890949387969
29.414062488,2026-05-04T22:12:37.921875Z,2026-05-04T22:13:39.345937488Z,0.9386863708496094,0.3277340531349182,0.1259885281324387,1.002204979843959,-0.42932708027342287,3788.7812464,2.789060399999836,-199.53127520000197,3794.2597267838482,-0.530940904368055
29.421874988,2026-05-04T22:12:37.929687Z,2026-05-04T22:13:39.353749988Z,0.9383270740509032,0.3275633454322815,0.1286487281322479,1.0021506565470895,-0.42975779749819215,3791.1249964,4.156247899999865,-183.12502520000163,3795.775914111148,-0.5273927137973131
29.429687488,2026-05-04T22:12:37.937500Z,2026-05-04T22:13:39.361562488Z,0.9369992017745972,0.3284943997859955,0.1309552490711212,1.0015115336711171,-0.4348252592924697,3793.4687464,5.523435399999894,-166.7187752000013,3797.292101438448,-0.5238445232265702
29.437499988,2026-05-04T22:12:37.945312Z,2026-05-04T22:13:39.369374988Z,0.937952160835266,0.3292703032493591,0.1342458873987198,1.0030927907730867,-0.42228782673856524,3795.8124964,6.890622899999923,-150.31252520000092,3798.8082887657474,-0.5202963326558282
29.445312488,2026-05-04T22:12:37.953125Z,2026-05-04T22:13:39.377187488Z,0.9371710419654846,0.3287737369537354,0.1357374340295792,1.0024003107571997,-0.42777834531602843,3799.0546824,7.0,-119.53129920000111,3801.4643154400906,-0.5140806832885906
29.453124988,2026-05-04T22:12:37.960937Z,2026-05-04T22:13:39.384999988Z,0.9395768046379088,0.3292703032493591,0.1360296010971069,1.0048520074071337,-0.40833939300846606,3802.3749949,7.0,-87.50004920000043,3804.2194606479147,-0.5076330761417627
29.460937488,2026-05-04T22:12:37.968750Z,2026-05-04T22:13:39.392812488Z,0.9371241927146912,0.3298754990100861,0.1323699057102203,1.002268122488213,-0.42882643642327034,3805.6953074,7.0,-55.46879919999975,3806.9746058557394,-0.5011854689949339
29.468749988,2026-05-04T22:12:37.976562Z,2026-05-04T22:13:39.400624988Z,0.9359993934631348,0.3304030895233154,0.1295098215341568,1.0010164134537043,-0.4387509563370275,3809.0156199000003,7.0,-23.437549199999065,3809.7297510635635,-0.49473786184810603
29.476562488,2026-05-04T22:12:37.984375Z,2026-05-04T22:13:39.408437488Z,0.9373116493225098,0.3306358456611633,0.1296020895242691,1.0023322263605081,-0.4283181712117862,3812.3359324000003,7.0,8.593700800001615,3812.4848962713877,-0.4882902547012782
29.484374988,2026-05-04T22:12:37.992187Z,2026-05-04T22:13:39.416249988Z,0.938873827457428,0.3322651982307434,0.1276030987501144,1.0040750851656997,-0.41449943503419007,3813.1562497,8.249997600000002,38.906204100000025,3813.7690215407483,-0.4852851371341027
29.492187488,2026-05-04T22:12:38.000000Z,2026-05-04T22:13:39.424062488Z,0.9347808957099916,0.3325755596160889,0.1207296624779701,0.9994986129256875,-0.4507852559626788,3813.3515622,9.812497599999896,68.789016599998,3814.6853882950377,-0.4831406502238329
29.499999988,2026-05-04T22:12:38.007812Z,2026-05-04T22:13:39.431874988Z,0.9337342381477356,0.3331497311592102,0.113917738199234,0.9979106282314141,-0.463376030085551,3813.5468747,11.37499759999979,98.67182909999599,3815.6017550493275,-0.4809961633135621
29.507812488,2026-05-04T22:12:38.015625Z,2026-05-04T22:13:39.439687488Z,0.9383739233016968,0.3329014480113983,0.1086281090974808,1.001583276670891,-0.4342564251542646,3813.7421872,12.937497599999684,128.55464159999397,3816.5181218036173,-0.47885167640329124
29.515624988,2026-05-04T22:12:38.023437Z,2026-05-04T22:13:39.447499988Z,0.9369992017745972,0.3330255746841431,0.1003861352801323,0.999475319193234,-0.4509699467376335,3813.9374997,14.49999759999958,158.43745409999195,3817.4344885579067,-0.47670718949302143
29.523437488,2026-05-04T22:12:38.031250Z,2026-05-04T22:13:39.455312488Z,0.9375459551811218,0.3334290385246277,0.0936357155442237,0.9994673526601149,-0.45103311159017045,3817.453117199999,13.00781700000081,184.20308839999342,3822.1380518133506,-0.4656998828816553
29.531249988,2026-05-04T22:12:38.039062Z,2026-05-04T22:13:39.463124988Z,0.9359525442123412,0.3342669904232025,0.0862548351287841,0.9975878319663054,-0.46593540920069393,3822.531242199999,10.078129500000747,208.03121339999393,3828.6238377673217,-0.4505218081468414
29.539062488,2026-05-04T22:12:38.046875Z,2026-05-04T22:13:39.470937488Z,0.9360619187355042,0.3344376981258392,0.0779206007719039,0.9970617381381948,-0.47010668905059755,3827.609367199999,7.148442000000684,231.85933839999444,3835.109623721293,-0.4353437334120275
29.546874988,2026-05-04T22:12:38.054687Z,2026-05-04T22:13:39.478749988Z,0.9361087679862976,0.333615243434906,0.0698477700352668,0.9962316332720292,-0.4766884041678009,3832.687492199999,4.218754500000622,255.68746339999495,3841.5954096752635,-0.42016565867721467
29.554687488,2026-05-04T22:12:38.062500Z,2026-05-04T22:13:39.486562488Z,0.939717411994934,0.3334911167621613,0.0612828880548477,0.9990198855548736,-0.45458097780690726,3837.765617199999,1.2890670000005588,279.51558839999547,3848.0811956292346,-0.40498758394240075
29.562499988,2026-05-04T22:12:38.070312Z,2026-05-04T22:13:39.494374988Z,0.9383739233016968,0.3331807553768158,0.0496887639164924,0.9970075270255652,-0.4705365167917151,3838.906253,1.8593698999994364,294.5937373999986,3850.2202163903653,-0.39998183487788186
29.570312488,2026-05-04T22:12:38.078125Z,2026-05-04T22:13:39.502187488Z,0.9363743662834167,0.3320014178752899,0.0399552397429943,0.9942928725917698,-0.49206040233093257,3836.953128,5.179682399999507,302.79686239999876,3848.9439003524953,-0.40296867723523266
29.578124988,2026-05-04T22:12:38.085937Z,2026-05-04T22:13:39.509999988Z,0.9389519691467284,0.3312410414218903,0.0338506437838077,0.9962415841407923,-0.4766095059634452,3835.000003,8.499994899999578,310.99998739999893,3847.667584314626,-0.40595551959258236
29.585937488,2026-05-04T22:12:38.093750Z,2026-05-04T22:13:39.517812488Z,0.9386707544326782,0.3316600322723389,0.0252703782171011,0.9958613127586278,-0.47962459237800104,3833.046878,11.820307399999649,319.20311239999916,3846.391268276756,-0.4089423619499331
29.593749988,2026-05-04T22:12:38.101562Z,2026-05-04T22:13:39.525624988Z,0.93924880027771,0.3314583003520966,0.016505591571331,0.9961552832006352,-0.47729376674255014,3831.093753,15.140619899999718,327.4062373999993,3845.1149522388864,-0.4119292043072828
29.601562488,2026-05-04T22:12:38.109375Z,2026-05-04T22:13:39.533437488Z,0.9401392340660096,0.3304961919784546,0.0092016030102968,0.9965812469841292,-0.473916395536242,3830.0859372,16.91406280000001,329.1640724000004,3844.252700746707,-0.4139470503603878
29.609374988,2026-05-04T22:12:38.117187Z,2026-05-04T22:13:39.541249988Z,0.9406391382217408,0.3293478786945343,0.0012210346758365,0.9966310774207318,-0.4735213011918384,3830.2812497,16.718750300000007,322.7187599000003,3843.9174437796482,-0.4147316207019775
29.617187488,2026-05-04T22:12:38.125000Z,2026-05-04T22:13:39.549062488Z,0.9405922293663024,0.3287582099437714,-0.0055447649210691,0.9964067678251356,-0.4752998016156326,3830.4765622,16.523437800000004,316.2734474000001,3843.58218681259,-0.4155161910435661
29.624999988,2026-05-04T22:12:38.132812Z,2026-05-04T22:13:39.556874988Z,0.9417638778686525,0.3292082250118256,-0.0099271591752767,0.997695246837896,-0.4650837407995363,3830.6718747,16.3281253,309.8281349,3843.246929845531,-0.41630076138515576
29.632812488,2026-05-04T22:12:38.140625Z,2026-05-04T22:13:39.564687488Z,0.9408578276634216,0.329161673784256,-0.0146017093211412,0.9968821742207475,-0.47153041103818916,3830.8671872,16.132812799999996,303.38282239999984,3842.911672878473,-0.41708533172674433
29.640624988,2026-05-04T22:12:38.148437Z,2026-05-04T22:13:39.572499988Z,0.9394049644470216,0.3290685713291168,-0.0197221916168928,0.9955685695653863,-0.481945687433516,3830.4375027,16.187499100000007,291.43753629999964,3841.652838990294,-0.4200312622537601
29.648437488,2026-05-04T22:12:38.156250Z,2026-05-04T22:13:39.580312488Z,0.9413264989852904,0.328587532043457,-0.0229513216763734,0.99729238795501,-0.468277918436199,3828.6796902,16.773436599999968,267.8047238000012,3838.431390291015,-0.42757011559536523
29.656249988,2026-05-04T22:12:38.164062Z,2026-05-04T22:13:39.588124988Z,0.9412795901298524,0.328572005033493,-0.0265956278890371,0.997333523305802,-0.4679517654750552,3826.9218777,17.35937409999993,244.17191130000285,3835.209941591736,-0.43510896893696926
29.664062488,2026-05-04T22:12:38.171875Z,2026-05-04T22:13:39.595937488Z,0.9415295720100404,0.3293323814868927,-0.0279795434325933,0.9978580095965229,-0.46379323142820716,3825.1640652000006,17.94531159999989,220.53909880000444,3831.988492892457,-0.44264782227857336
29.671874988,2026-05-04T22:12:38.179687Z,2026-05-04T22:13:39.603749988Z,0.9419201016426086,0.3298599720001221,-0.0261496994644403,0.9983510834312868,-0.4598837596922405,3823.4062527000006,18.53124909999985,196.90628630000603,3828.7670441931778,-0.4501866756201785
29.679687488,2026-05-04T22:12:38.187500Z,2026-05-04T22:13:39.611562488Z,0.9405766129493712,0.3306048214435577,-0.0247504096478223,0.9972945881567657,-0.46826047353044403,3821.179693800001,18.882813400000177,171.7500480000095,3825.208888392355,-0.4585134929166897
29.687499988,2026-05-04T22:12:38.195312Z,2026-05-04T22:13:39.619374988Z,0.9390456676483154,0.3311013877391815,-0.0239815693348646,0.9959969932482955,-0.47854881223701634,3817.078131300001,18.296875900000167,140.50004800000886,3820.303891255702,-0.4699921962908867
29.695312488,2026-05-04T22:12:38.203125Z,2026-05-04T22:13:39.627187488Z,0.9401080012321472,0.331753134727478,-0.0214905235916376,0.9971584823820403,-0.46933962566117077,3812.976568800001,17.710938400000153,109.25004800000819,3815.398894119049,-0.4814708996650837
29.703124988,2026-05-04T22:12:38.210937Z,2026-05-04T22:13:39.634999988Z,0.941139042377472,0.3318772614002228,-0.0184459146112203,0.9981109484859593,-0.4617877357611093,3808.875006300001,17.125000900000142,78.00004800000752,3810.493896982396,-0.49294960303928076
29.710937488,2026-05-04T22:12:38.218750Z,2026-05-04T22:13:39.642812488Z,0.9386707544326782,0.3317996859550476,-0.0159241165965795,0.9957145144650966,-0.4807885230897636,3804.7734438000007,16.539063400000128,46.75004800000685,3805.588899845743,-0.5044283064134778
29.718749988,2026-05-04T22:12:38.226562Z,2026-05-04T22:13:39.650624988Z,0.9392175078392028,0.3326221108436584,-0.0098502729088068,0.9964256236820448,-0.47515029775952305,3801.1406222999994,15.76562950000058,15.60942090000592,3801.2530855867067,-0.5145750046435716
29.726562488,2026-05-04T22:12:38.234375Z,2026-05-04T22:13:39.658437488Z,0.9388113617897034,0.3335686922073364,-0.0023156329989433,0.99631330795214,-0.4760408239659633,3802.8984348,12.835942000000518,-14.273391599994715,3803.4630110267894,-0.5094033240290725
29.734374988,2026-05-04T22:12:38.242187Z,2026-05-04T22:13:39.666249988Z,0.9377647042274476,0.3343911468982697,0.0040657464414834,0.9956086630362649,-0.48162779530429384,3804.6562473,9.906254500000456,-44.15620409999535,3805.6729364668718,-0.5042316434145746
29.742187488,2026-05-04T22:12:38.250000Z,2026-05-04T22:13:39.674062488Z,0.9378896355628968,0.3343445956707001,0.0114619955420494,0.9957683739165014,-0.4803614835915461,3806.4140598,6.976567000000393,-74.03901659999599,3807.8828619069545,-0.4990599628000755
29.749999988,2026-05-04T22:12:38.257812Z,2026-05-04T22:13:39.681874988Z,0.9388269782066344,0.3342980444431305,0.0191811583936214,0.9967543299953218,-0.472544059199317,3808.1718723,4.04687950000033,-103.92182909999663,3810.0927873470373,-0.4938882821855764
29.757812488,2026-05-04T22:12:38.265625Z,2026-05-04T22:13:39.689687488Z,0.938873827457428,0.3337393999099731,0.026331378147006,0.9967744942623431,-0.47238418125317905,3809.9296848,1.1171920000002673,-133.80464159999727,3812.30271278712,-0.4887166015710773
29.765624988,2026-05-04T22:12:38.273437Z,2026-05-04T22:13:39.697499988Z,0.9376553297042848,0.333258330821991,0.0348962657153606,0.9957290704533978,-0.480673111926485,3805.1250078000003,-0.6874972999998765,-153.93746969999862,3808.4479180842454,-0.4977376149845361
29.773437488,2026-05-04T22:12:38.281250Z,2026-05-04T22:13:39.705312488Z,0.93759286403656,0.3329014480113983,0.0445682853460311,0.9959367875719072,-0.4790261695283389,3800.0468828000003,-2.4453097999999143,-173.66403219999904,3804.3404166008636,-0.5073500143036899
29.781249988,2026-05-04T22:12:38.289062Z,2026-05-04T22:13:39.713124988Z,0.9358744621276855,0.3334445655345917,0.0521644316613674,0.9948705519201434,-0.48748011263089086,3794.9687578000003,-4.203122299999952,-193.39059469999944,3800.232915117482,-0.5169624136228425
29.789062488,2026-05-04T22:12:38.296875Z,2026-05-04T22:13:39.720937488Z,0.9382646083831788,0.333258330821991,0.0612675100564956,0.9975747080771556,-0.4660394655713215,3789.8906328,-5.960934799999989,-213.11715719999987,3796.1254136341004,-0.5265748129419962
29.796874988,2026-05-04T22:12:38.304687Z,2026-05-04T22:13:39.728749988Z,0.938045859336853,0.3314583003520966,0.0701245591044426,0.9973525419233201,-0.4678009711266191,3784.8125078,-7.718747300000027,-232.8437197000003,3792.017912150719,-0.5361872122611487
29.804687488,2026-05-04T22:12:38.312500Z,2026-05-04T22:13:39.736562488Z,0.9388425946235656,0.3305427432060242,0.07859718054533,0.9984294864212232,-0.4592621199872689,3787.4453062,-8.492186599999977,-236.49218659999997,3794.831247680946,-0.5296034277769031
29.812499988,2026-05-04T22:12:38.320312Z,2026-05-04T22:13:39.744374988Z,0.9386551380157472,0.3306823968887329,0.0861625745892524,0.9989235731502623,-0.4553446172399986,3791.5468687,-9.078124099999938,-237.07812409999994,3798.9628529462275,-0.5199346206444697
29.820312488,2026-05-04T22:12:38.328125Z,2026-05-04T22:13:39.752187488Z,0.9379053115844728,0.3310082852840424,0.0950657576322555,0.9991348040676211,-0.4536698147196573,3795.6484311999993,-9.664061599999899,-237.6640615999999,3803.0944582115085,-0.5102658135120373
29.828124988,2026-05-04T22:12:38.335937Z,2026-05-04T22:13:39.759999988Z,0.9364524483680724,0.3301548063755035,0.1022928580641747,0.998202991900115,-0.4610579441949113,3799.749993699999,-10.24999909999986,-238.24999909999985,3807.22606347679,-0.5005970063796039
29.835937488,2026-05-04T22:12:38.343750Z,2026-05-04T22:13:39.767812488Z,0.9373897910118104,0.3290685713291168,0.1084128320217133,0.9993693446752906,-0.4518101948980956,3803.851556199999,-10.835936599999819,-238.83593659999983,3811.357668742071,-0.4909281992471715
29.843749988,2026-05-04T22:12:38.351562Z,2026-05-04T22:13:39.775624988Z,0.940201699733734,0.3284943997859955,0.1144251674413681,1.0024873694051957,-0.42708807684158234,3801.4843825000016,-6.218760200002071,-226.34377700000547,3808.364815442096,-0.4979320922802954
29.851562488,2026-05-04T22:12:38.359375Z,2026-05-04T22:13:39.783437488Z,0.9376240968704224,0.3276875019073486,0.1173775196075439,1.000147753108296,-0.44563836919306576,3796.6015700000016,0.42186479999807025,-208.7656520000051,3802.6013182571874,-0.5114198625562901
29.859374988,2026-05-04T22:12:38.367187Z,2026-05-04T22:13:39.791249988Z,0.9382646083831788,0.3277961313724518,0.1219290569424629,1.001327855407041,-0.43628160301077046,3791.718757500001,7.062489799998211,-191.18752700000474,3796.8378210722785,-0.5249076328322848
29.867187488,2026-05-04T22:12:38.375000Z,2026-05-04T22:13:39.799062488Z,0.9393737316131592,0.3284323513507843,0.1278491318225861,1.003312622050787,-0.42054483389194036,3786.835945000001,13.703114799998353,-173.60940200000437,3791.0743238873697,-0.5383954031082796
29.874999988,2026-05-04T22:12:38.382812Z,2026-05-04T22:13:39.806874988Z,0.9384989142417908,0.3293168544769287,0.1318932324647903,1.0033073444591194,-0.42058667873140276,3781.953132500001,20.343739799998495,-156.031277000004,3785.3108267024613,-0.5518831733842733
29.882812488,2026-05-04T22:12:38.390625Z,2026-05-04T22:13:39.814687488Z,0.9363430738449096,0.3292082250118256,0.1324929296970367,1.0013345014391917,-0.43622890811394716,3784.1015519999987,24.406246399999517,-133.76566400000522,3786.7791326421016,-0.5484470351207548
29.890624988,2026-05-04T22:12:38.398437Z,2026-05-04T22:13:39.822499988Z,0.937467873096466,0.3292392492294312,0.1323084086179733,1.0023721920086328,-0.4280012925604826,3790.9374894999987,26.74999639999957,-108.37503900000468,3793.0686715205507,-0.5337282189553574
29.898437488,2026-05-04T22:12:38.406250Z,2026-05-04T22:13:39.830312488Z,0.939123809337616,0.3290064930915833,0.1308322250843048,1.0036512705525396,-0.41785976595143026,3797.7734269999987,29.09374639999962,-82.98441400000414,3799.358210399,-0.5190094027899588
29.906249988,2026-05-04T22:12:38.414062Z,2026-05-04T22:13:39.838124988Z,0.9383583068847656,0.3293013274669647,0.1288486272096634,1.0027749723168025,-0.42480773792510546,3804.609364499999,31.43749639999967,-57.59378900000359,3805.6477492774497,-0.5042905866245603
29.914062488,2026-05-04T22:12:38.421875Z,2026-05-04T22:13:39.845937488Z,0.9372960329055786,0.3299220502376556,0.1279875189065933,1.0018748512311402,-0.43194459592737583,3811.445301999999,33.781246399999716,-32.20316400000305,3811.9372881558993,-0.4895717704591617
29.921874988,2026-05-04T22:12:38.429687Z,2026-05-04T22:13:39.853749988Z,0.935671329498291,0.3314272463321686,0.1257886290550232,1.0005736532889349,-0.44226150227951705,3815.6562479,33.50000480000031,-2.781301900003335,3816.1397896590024,-0.47973705153073143
29.929687488,2026-05-04T22:12:38.437500Z,2026-05-04T22:13:39.861562488Z,0.9365462064743042,0.3328548967838287,0.1225902587175369,1.001468696818236,-0.4351649030816734,3817.0234354,30.37500480000024,31.007760599997383,3818.081320091853,-0.47519347050310345
29.937499988,2026-05-04T22:12:38.445312Z,2026-05-04T22:13:39.869374988Z,0.9358431696891784,0.3323893547058105,0.1178849563002586,1.0000909880093647,-0.4460884469181754,3818.3906229,27.250004800000177,64.7968230999981,3820.022850524703,-0.4706498894754766
29.945312488,2026-05-04T22:12:38.453125Z,2026-05-04T22:13:39.877187488Z,0.9378896355628968,0.3322497010231018,0.1119648814201355,1.0012806634493991,-0.43665577744785933,3819.7578104,24.12500480000011,98.58588559999882,3821.9643809575527,-0.46610630844784967
29.953124988,2026-05-04T22:12:38.460937Z,2026-05-04T22:13:39.884999988Z,0.9371398091316224,0.3326221108436584,0.1037997901439667,0.9998214275135717,-0.44822573157036244,3821.1249979,21.000004800000042,132.37494809999953,3823.905911390403,-0.4615627274202217
29.960937488,2026-05-04T22:12:38.468750Z,2026-05-04T22:13:39.892812488Z,0.9364836812019348,0.3334290385246277,0.097003236413002,0.9987923892198927,-0.4563847451718297,3822.2109366,17.875004800000074,163.1405859999994,3825.878436895072,-0.4569466115417972
29.968749988,2026-05-04T22:12:38.476562Z,2026-05-04T22:13:39.900624988Z,0.9358744621276855,0.3336773216724396,0.0905603468418121,0.9976987222009391,-0.4650561854262202,3822.7968741,14.750004800000285,188.53121099999768,3827.906065116991,-0.4522015439578346
29.976562488,2026-05-04T22:12:38.484375Z,2026-05-04T22:13:39.908437488Z,0.936264991760254,0.3342359662055969,0.0834716334939003,0.9976338654533322,-0.4655704200170243,3823.3828116,11.625004800000497,213.92183599999598,3829.9336933389104,-0.447456476373872
29.984374988,2026-05-04T22:12:38.492187Z,2026-05-04T22:13:39.916249988Z,0.9375772476196288,0.3343600928783417,0.0748452395200729,0.9982232099297377,-0.4608976399771773,3823.9687491,8.500004800000708,239.31246099999424,3831.9613215608297,-0.4427114087899094
29.992187488,2026-05-04T22:12:38.500000Z,2026-05-04T22:13:39.924062488Z,0.9369523525238036,0.3332893848419189,0.0655576437711715,0.9966239659997257,-0.47357768605241224,3824.5546866,5.3750048000009185,264.70308599999254,3833.988949782749,-0.4379663412059468
29.999999988,2026-05-04T22:12:38.507812Z,2026-05-04T22:13:39.931874988Z,0.9372648000717164,0.3322031497955322,0.0566852167248725,0.9960107690093983,-0.4784395873200244,3824.8593759,3.7031204999990033,286.0624867999971,3835.5562361814077,-0.4342985682855137
30.007812488,2026-05-04T22:12:38.515625Z,2026-05-04T22:13:39.939687488Z,0.9383739233016968,0.3324203789234161,0.048858419060707,0.9967126332947315,-0.4728746629769822,3824.2734384,6.6328079999990655,294.65623679999726,3835.665761197213,-0.43404225719430206
30.015624988,2026-05-04T22:12:38.523437Z,2026-05-04T22:13:39.947499988Z,0.9382176995277404,0.3325445353984833,0.0406471937894821,0.9962381814071763,-0.47663648547433957,3823.6875009,9.562495499999129,303.24998679999743,3835.7752862130187,-0.4337859461030904
30.023437488,2026-05-04T22:12:38.531250Z,2026-05-04T22:13:39.955312488Z,0.9376553297042848,0.3330255746841431,0.032266829162836,0.9955625038041451,-0.4819937814925749,3823.1015634,12.49218299999919,311.8437367999976,3835.8848112288238,-0.4335296350118798
30.031249988,2026-05-04T22:12:38.539062Z,2026-05-04T22:13:39.963124988Z,0.9386239051818848,0.3315514028072357,0.0236711893230676,0.9957416799985357,-0.4805731336740519,3822.5156259,15.421870499999253,320.4374867999978,3835.9943362446293,-0.43327332392066814
30.039062488,2026-05-04T22:12:38.546875Z,2026-05-04T22:13:39.970937488Z,0.9406859874725342,0.3296582400798798,0.0156598668545484,0.9969001523270234,-0.4713878666697873,3821.8593768,18.046874399999908,327.34375840000126,3835.897029161911,-0.43350104253244526
30.046874988,2026-05-04T22:12:38.554687Z,2026-05-04T22:13:39.978749988Z,0.9398580193519592,0.3288978636264801,0.0066336747258901,0.9957664921449302,-0.4803764037358584,3820.6875018,18.43749939999992,321.87500840000115,3834.2829312943118,-0.4372783639299742
30.054687488,2026-05-04T22:12:38.562500Z,2026-05-04T22:13:39.986562488Z,0.9407172203063964,0.329487532377243,0.0004829484969377,0.996750297623376,-0.47257603097116846,3819.5156268,18.828124399999925,316.40625840000104,3832.668833426712,-0.44105568532750417
30.062499988,2026-05-04T22:12:38.570312Z,2026-05-04T22:13:39.994374988Z,0.940889060497284,0.329503059387207,-0.0029768366366624,0.9969219387019991,-0.47121512739385885,3818.3437518,19.218749399999933,310.9375084000009,3831.0547355591125,-0.4448330067250331
30.070312488,2026-05-04T22:12:38.578125Z,2026-05-04T22:13:40.002187488Z,0.9406235218048096,0.3299996256828308,-0.0077897813171148,0.9968615969211875,-0.47169356382659683,3817.1718768,19.609374399999943,305.4687584000008,3829.440637691513,-0.448610328122562
30.078124988,2026-05-04T22:12:38.585937Z,2026-05-04T22:13:40.009999988Z,0.9404985308647156,0.3297978937625885,-0.0135099571198225,0.9967380078186582,-0.47267347407359506,3816.0000018,19.99999939999995,300.0000084000007,3827.826539823913,-0.45238764952009203
30.085937488,2026-05-04T22:12:38.593750Z,2026-05-04T22:13:40.017812488Z,0.9411234259605408,0.3287737369537354,-0.0183690320700407,0.9970671463554597,-0.4700638085101015,3817.7578098,21.367185399999855,279.6875312000021,3828.2732237669165,-0.45134231710889905
30.093749988,2026-05-04T22:12:38.601562Z,2026-05-04T22:13:40.025624988Z,0.9417014122009276,0.3277185261249542,-0.0223208721727132,0.9973460800751583,-0.46785220566994606,3819.5156223,22.734372899999883,259.37503120000173,3828.7199108752857,-0.4502969772900983
30.101562488,2026-05-04T22:12:38.609375Z,2026-05-04T22:13:40.033437488Z,0.9412639737129213,0.3281375169754028,-0.0243506114929914,0.9971183733823704,-0.4696576409146924,3821.2734348,24.101560399999915,239.06253120000127,3829.1665979836553,-0.4492516374712965
30.109374988,2026-05-04T22:12:38.617187Z,2026-05-04T22:13:40.041249988Z,0.9418732523918152,0.3297668695449829,-0.0232434812933206,0.9982042232145016,-0.4610481813795814,3823.0312473,25.468747899999943,218.75003120000085,3829.6132850920244,-0.44820629765249576
30.117187488,2026-05-04T22:12:38.625000Z,2026-05-04T22:13:40.049062488Z,0.9399361610412598,0.3306668996810913,-0.0228898171335458,0.9966667091390647,-0.47323878529684377,3824.7890598,26.835935399999972,198.43753120000042,3830.0599722003935,-0.447160957833695
30.124999988,2026-05-04T22:12:38.632812Z,2026-05-04T22:13:40.056874988Z,0.9402642250061036,0.3312565684318542,-0.022428510710597,0.9971613535673511,-0.4693168606774502,3822.5937542,26.4843759,169.53129619999999,3826.881199757085,-0.45459993994810793
30.132812488,2026-05-04T22:12:38.640625Z,2026-05-04T22:13:40.064687488Z,0.940201699733734,0.3307289481163025,-0.0215059015899896,0.9969069049352185,-0.4713343267554351,3819.8593792,25.898438399999986,139.45317119999933,3823.2080392748144,-0.4631958918818493
30.140624988,2026-05-04T22:12:38.648437Z,2026-05-04T22:13:40.072499988Z,0.9400142431259156,0.330434113740921,-0.0193070154637098,0.9965872975557394,-0.47386842191235706,3817.1250041999997,25.312500899999975,109.37504619999869,3819.534878792543,-0.47179184381559175
30.148437488,2026-05-04T22:12:38.656250Z,2026-05-04T22:13:40.080312488Z,0.9402173161506652,0.3310858607292175,-0.0158472340553998,0.9969340918995464,-0.47111876741901726,3814.3906291999997,24.72656339999996,79.29692119999805,3815.861718310272,-0.48038779574933416
30.156249988,2026-05-04T22:12:38.664062Z,2026-05-04T22:13:40.088124988Z,0.940186083316803,0.3332117795944214,-0.0105576086789369,0.9975426930332802,-0.4662933056665205,3811.6562541999997,24.14062589999995,49.21879619999742,3812.188557828001,-0.48898374768307556
30.164062488,2026-05-04T22:12:38.671875Z,2026-05-04T22:13:40.095937488Z,0.9385457634925842,0.3340031802654266,-0.0043146200478076,0.996215283231217,-0.47681803997065786,3809.2187536,20.58594439999982,21.96097799999895,3809.6491421182095,-0.4949265033798434
30.171874988,2026-05-04T22:12:38.679687Z,2026-05-04T22:13:40.103749988Z,0.9369367361068726,0.3339100778102875,0.0006674695760011,0.9946591542058548,-0.48915623764664024,3806.8750036,16.093756900000123,-4.406209499999272,3807.467754088362,-0.5000314005777503
30.179687488,2026-05-04T22:12:38.687500Z,2026-05-04T22:13:40.111562488Z,0.9401392340660096,0.3335997462272644,0.0077408049255609,0.9976023707740544,-0.4658201342581556,3804.5312536,11.601569400000427,-30.77339699999749,3805.286366058515,-0.5051362977756572
30.187499988,2026-05-04T22:12:38.695312Z,2026-05-04T22:13:40.119374988Z,0.937686562538147,0.3328393697738647,0.01335334405303,0.9950962000899553,-0.4856909989526633,3802.1875036000006,7.109381900000729,-57.14058449999571,3803.1049780286676,-0.510241194973564
30.195312488,2026-05-04T22:12:38.703125Z,2026-05-04T22:13:40.127187488Z,0.9376709461212158,0.3335066139698029,0.0202575363218784,0.9954214346392644,-0.48311228722951377,3799.8437536000006,2.617194400001032,-83.50777199999393,3800.9235899988203,-0.5153460921714709
30.203124988,2026-05-04T22:12:38.710937Z,2026-05-04T22:13:40.134999988Z,0.9392956495285034,0.3344842493534088,0.0301755834370851,0.9975302482253132,-0.46639197775491054,3798.3750015,2.1249972999995768,-106.99996639999473,3800.0644353969215,-0.5173566908635839
30.210937488,2026-05-04T22:12:38.718750Z,2026-05-04T22:13:40.142812488Z,0.9382333755493164,0.3345152735710144,0.0398322269320488,0.9968796023338633,-0.4715508029518806,3797.398439,3.8828097999996145,-128.8749663999952,3799.9490420566317,-0.5176267350425389
30.218749988,2026-05-04T22:12:38.726562Z,2026-05-04T22:13:40.150624988Z,0.936015009880066,0.3332893848419189,0.0471669659018516,0.9947012795012738,-0.4888222356368017,3796.4218765,5.640622299999652,-150.74996639999566,3799.833648716342,-0.5178967792214939
30.226562488,2026-05-04T22:12:38.734375Z,2026-05-04T22:13:40.158437488Z,0.9371866583824158,0.3329169452190399,0.0542249269783496,0.9960385874903559,-0.47821902083003165,3795.445314,7.39843479999969,-172.62496639999614,3799.7182553760526,-0.5181668234004477
30.234374988,2026-05-04T22:12:38.742187Z,2026-05-04T22:13:40.166249988Z,0.9392175078392028,0.3321565985679626,0.0622516274452209,0.9981647149260988,-0.46136143372833205,3794.4687515,9.156247299999727,-194.4999663999966,3799.602862035763,-0.5184368675794027
30.242187488,2026-05-04T22:12:38.750000Z,2026-05-04T22:13:40.174062488Z,0.9365462064743042,0.330434113740921,0.0698016434907913,0.9955791127877148,-0.4818620925907292,3793.2890646,8.578129200000367,-209.77342339999876,3799.1239431208996,-0.5195576364628192
30.249999988,2026-05-04T22:12:38.757812Z,2026-05-04T22:13:40.181874988Z,0.9403423070907592,0.330449640750885,0.0806730538606643,0.9999743802699979,-0.44701300350404244,3791.9218771,5.843754200000308,-218.95311089999896,3798.3094600721956,-0.5214636945213493
30.257812488,2026-05-04T22:12:38.765625Z,2026-05-04T22:13:40.189687488Z,0.937952160835266,0.3315514028072357,0.0886843726038932,0.9987719993387564,-0.4565464119616325,3790.5546896,3.1093792000002507,-228.13279839999916,3797.494977023491,-0.5233697525798806
30.265624988,2026-05-04T22:12:38.773437Z,2026-05-04T22:13:40.197499988Z,0.9359525442123412,0.3313031196594238,0.094604454934597,0.997355967048422,-0.4677738140786603,3789.1875021,0.37500420000019247,-237.31248589999936,3796.680493974787,-0.5252758106384108
30.273437488,2026-05-04T22:12:38.781250Z,2026-05-04T22:13:40.205312488Z,0.93710857629776,0.3292237520217896,0.1022467315196991,0.9985064630599949,-0.45865178950045277,3787.8203146,-2.3593707999998657,-246.49217339999956,3795.866010926083,-0.527181868696941
30.281249988,2026-05-04T22:12:38.789062Z,2026-05-04T22:13:40.213124988Z,0.940670371055603,0.3281840682029724,0.1087511256337166,1.0021937621691424,-0.4294160226985665,3788.562494,-1.3437602000001836,-245.59377460000044,3796.5909490369127,-0.5254853642328138
30.289062488,2026-05-04T22:12:38.796875Z,2026-05-04T22:13:40.220937488Z,0.938045859336853,0.3277650773525238,0.1112575456500053,0.9998691022403803,-0.44784772936493766,3792.468744,5.296864799999958,-229.5781496000001,3799.625033665542,-0.5183849813999681
30.296874988,2026-05-04T22:12:38.804687Z,2026-05-04T22:13:40.228749988Z,0.9377647042274476,0.3288202881813049,0.1164549067616463,1.0005434362001944,-0.44250108679211003,3796.3749940000002,11.9374898000001,-213.56252459999976,3802.659118294172,-0.5112845985671215
30.304687488,2026-05-04T22:12:38.812500Z,2026-05-04T22:13:40.236562488Z,0.9386707544326782,0.3288978636264801,0.12285166233778,1.0021821794785775,-0.42950785925162877,3800.2812440000002,18.57811480000024,-197.54689959999942,3805.6932029228014,-0.5041842157342759
30.312499988,2026-05-04T22:12:38.820312Z,2026-05-04T22:13:40.244374988Z,0.9369055032730104,0.3287582099437714,0.126080796122551,1.0008847335330786,-0.4397950168642445,3804.1874940000002,25.21873980000038,-181.53127459999908,3808.7272875514313,-0.4970838329014292
30.320312488,2026-05-04T22:12:38.828125Z,2026-05-04T22:13:40.252187488Z,0.9385301470756532,0.328587532043457,0.1285872161388397,1.0026680783482607,-0.4256552762029369,3807.0,29.781251199999957,-163.05472559999865,3810.71604084781,-0.4924297406486532
30.328124988,2026-05-04T22:12:38.835937Z,2026-05-04T22:13:40.259999988Z,0.9390144348144532,0.3288823664188385,0.1288486272096634,1.0032515579180412,-0.42102899769099017,3807.0,29.00000120000001,-138.25003810000032,3810.0167788097556,-0.4940661578150735
30.335937488,2026-05-04T22:12:38.843750Z,2026-05-04T22:13:40.267812488Z,0.938030242919922,0.3284012973308563,0.1276184767484665,1.002015281484567,-0.4308311559759127,3807.0,28.218751200000064,-113.445350600002,3809.317516771702,-0.49570257498149267
30.343749988,2026-05-04T22:12:38.851562Z,2026-05-04T22:13:40.275624988Z,0.9370929598808287,0.3293478786945343,0.1278029978275299,1.0014723395643566,-0.4351360205655157,3807.0,27.437501200000117,-88.64066310000368,3808.618254733648,-0.4973389921479119
30.351562488,2026-05-04T22:12:38.859375Z,2026-05-04T22:13:40.283437488Z,0.9384520649909972,0.3303720653057098,0.1290023922920227,1.003234567305818,-0.42116371244074974,3807.0,26.65625120000017,-63.83597560000535,3807.918992695594,-0.4989754093143311
30.359374988,2026-05-04T22:12:38.867187Z,2026-05-04T22:13:40.291249988Z,0.9357182383537292,0.3311944901943207,0.1256963759660721,1.0005288555828296,-0.4426166932337051,3807.718743099999,25.531254500000788,-37.84379950000867,3808.101190530628,-0.49854902886078345
30.367187488,2026-05-04T22:12:38.875000Z,2026-05-04T22:13:40.299062488Z,0.935905694961548,0.331753134727478,0.1216676533222198,1.0003912385301574,-0.4437078279479744,3812.210930599999,22.601567000000728,-5.617237000007986,3812.911105587484,-0.48729283713333876
30.374999988,2026-05-04T22:12:38.882812Z,2026-05-04T22:13:40.306874988Z,0.9382333755493164,0.3320014178752899,0.1178234443068504,1.0021921834130403,-0.4294285403012537,3816.703118099999,19.671879500000664,26.609325499992703,3817.7210206443406,-0.476036645405893
30.382812488,2026-05-04T22:12:38.890625Z,2026-05-04T22:13:40.314687488Z,0.9367648959159852,0.3318927884101868,0.1117342263460159,1.0000829118409724,-0.44615248104417926,3821.1953055999993,16.7421920000006,58.835887999993396,3822.5309357011965,-0.46478045367844834
30.390624988,2026-05-04T22:12:38.898437Z,2026-05-04T22:13:40.322499988Z,0.9372804164886476,0.3320945203304291,0.1076439917087555,1.0001842722806757,-0.445348816874177,3825.6874930999993,13.812504500000538,91.06245049999409,3827.3408507580525,-0.45352426195100365
30.398437488,2026-05-04T22:12:38.906250Z,2026-05-04T22:13:40.330312488Z,0.9377803206443788,0.333646297454834,0.1031539589166641,1.0006960181960225,-0.4412912984033322,3829.9765634,10.96093900000016,122.96871279999606,3831.9813805678154,-0.4426644665828589
30.406249988,2026-05-04T22:12:38.914062Z,2026-05-04T22:13:40.338124988Z,0.935577630996704,0.3344376981258392,0.0953271612524986,0.9981189033484811,-0.461724663442118,3829.3906259,9.984376500000138,147.18746279999658,3832.5565018312454,-0.44131856439307476
30.414062488,2026-05-04T22:12:38.921875Z,2026-05-04T22:13:40.345937488Z,0.9348277449607848,0.3341894149780273,0.0873927250504493,0.9966057225520861,-0.47372233425291477,3828.8046884,9.007814000000117,171.4062127999971,3833.131623094676,-0.43997266220328957
30.421874988,2026-05-04T22:12:38.929687Z,2026-05-04T22:13:40.353749988Z,0.938389539718628,0.3335531949996948,0.0800579786300659,0.9991205843591529,-0.45378255959563923,3828.2187509,8.031251500000096,195.6249627999976,3833.7067443581063,-0.43862676001350437
30.429687488,2026-05-04T22:12:38.937500Z,2026-05-04T22:13:40.361562488Z,0.938061535358429,0.3324669301509857,0.0703705847263336,0.9977202628782076,-0.4648853942322504,3827.6328134,7.054689000000075,219.84371279999812,3834.281865621537,-0.4372808578237191
30.437499988,2026-05-04T22:12:38.945312Z,2026-05-04T22:13:40.369374988Z,0.9360931515693665,0.3326376378536224,0.0610676109790802,0.9953127345928007,-0.4839741454937057,3827.0468759,6.078126500000055,244.06246279999863,3834.856986884967,-0.435934955633935
30.445312488,2026-05-04T22:12:38.953125Z,2026-05-04T22:13:40.377187488Z,0.9378896355628968,0.33363077044487,0.0549937672913074,0.9969808292664566,-0.4707481973297802,3827.0,6.0,246.0,3834.9029974694276,-0.435827281391446
30.453124988,2026-05-04T22:12:38.960937Z,2026-05-04T22:13:40.384999988Z,0.936983585357666,0.3335376679897308,0.0480742007493972,0.9957392951849534,-0.480592042325532,3827.0,6.0,246.0,3834.9029974694276,-0.435827281391446
30.460937488,2026-05-04T22:12:38.968750Z,2026-05-04T22:13:40.392812488Z,0.937952160835266,0.332699716091156,0.0403396598994731,0.9960274319834197,-0.47830747034000887,3827.0,6.0,246.0,3834.9029974694276,-0.435827281391446
