relative_time_s,sensor_ts_utc,thingy_aligned_ts_utc,sensor_ch1_g,sensor_ch2_g,sensor_ch3_g,sensor_dynamic_mag_z,thingy_x_raw_interp,thingy_y_raw_interp,thingy_z_raw_interp,thingy_dynamic_mag_z_interp
0.0,2026-05-04T22:12:08.507812Z,2026-05-04T22:13:09.931875Z,0.9393112659454346,0.3316755294799805,0.0384021811187267,5.431533915345767,3805.0,19.0,23.0,5.461565242465187
0.0078125,2026-05-04T22:12:08.515625Z,2026-05-04T22:13:09.939687500Z,0.9382333755493164,0.3317065834999084,0.0380946435034275,5.325712276196977,3805.0,19.0,23.0,5.461565242465187
0.015625,2026-05-04T22:12:08.523437Z,2026-05-04T22:13:09.947500Z,0.9389675855636596,0.3313341438770294,0.0380177609622478,5.23888513542754,3805.0,19.0,23.0,5.461565242465187
0.0234375,2026-05-04T22:12:08.531250Z,2026-05-04T22:13:09.955312500Z,0.9387488961219788,0.3310393095016479,0.0381100215017795,5.141680604697242,3805.0,19.0,23.0,5.461565242465187
0.03125,2026-05-04T22:12:08.539062Z,2026-05-04T22:13:09.963125Z,0.9396393299102784,0.3310858607292175,0.0377871096134185,5.058182827396976,3805.0,19.0,23.0,5.461565242465187
0.0390625,2026-05-04T22:12:08.546875Z,2026-05-04T22:13:09.970937500Z,0.9384520649909972,0.3308531045913696,0.0380792692303657,4.9503303914176895,3805.09375,18.8125,23.4453125,5.45009357764947
0.046875,2026-05-04T22:12:08.554687Z,2026-05-04T22:13:09.978750Z,0.9391706585884094,0.3311169147491455,0.0393247902393341,4.866496631759762,3805.875,17.25,27.15625,5.354496370851831
0.0546875,2026-05-04T22:12:08.562500Z,2026-05-04T22:13:09.986562500Z,0.9391550421714784,0.3307910263538361,0.0402473993599414,4.771805691542357,3806.65625,15.6875,30.8671875,5.258899164054193
0.0625,2026-05-04T22:12:08.570312Z,2026-05-04T22:13:09.994375Z,0.9389207363128662,0.3312565684318542,0.0419080927968025,4.67822433812292,3807.4375,14.125,34.578125,5.163301957256555
0.0703125,2026-05-04T22:12:08.578125Z,2026-05-04T22:13:10.002187500Z,0.9388113617897034,0.330822080373764,0.042538546025753,4.581955252558932,3808.21875,12.5625,38.2890625,5.067704750458915
0.078125,2026-05-04T22:12:08.585937Z,2026-05-04T22:13:10.010000Z,0.9385926723480223,0.3311789631843567,0.0440300963819026,4.4880453584791535,3809.0,11.0,42.0,4.972107543661277
0.0859375,2026-05-04T22:12:08.593750Z,2026-05-04T22:13:10.017812500Z,0.9391081929206848,0.3310393095016479,0.0453217476606369,4.400379070317561,3810.171875,10.609375,50.0078125,4.8775358620663285
0.09375,2026-05-04T22:12:08.601562Z,2026-05-04T22:13:10.025625Z,0.9384364485740662,0.3309927582740784,0.0464135035872459,4.299581461427187,3811.34375,10.21875,58.015625,4.782964180471379
0.1015625,2026-05-04T22:12:08.609375Z,2026-05-04T22:13:10.033437500Z,0.9390925765037536,0.3307289481163025,0.0481357052922248,4.213260814442602,3812.515625,9.828125,66.0234375,4.68839249887643
0.109375,2026-05-04T22:12:08.617187Z,2026-05-04T22:13:10.041250Z,0.9388269782066344,0.3309462070465088,0.0496426336467266,4.118390864889573,3813.6875,9.4375,74.03125,4.593820817281482
0.1171875,2026-05-04T22:12:08.625000Z,2026-05-04T22:13:10.049062500Z,0.9388894438743592,0.3308996558189392,0.0513033308088779,4.026236032651738,3814.859375,9.046875,82.03906250000001,4.499249135686532
0.125,2026-05-04T22:12:08.632812Z,2026-05-04T22:13:10.056875Z,0.9384989142417908,0.3309617340564728,0.0532408095896244,3.9296337624170774,3814.828125,9.6875,83.6875,4.400470573506749
0.1328125,2026-05-04T22:12:08.640625Z,2026-05-04T22:13:10.064687500Z,0.9387176036834716,0.3311634659767151,0.0553320571780204,3.8406452249854257,3814.6328125,10.46875,84.46875,4.30111834579267
0.140625,2026-05-04T22:12:08.648437Z,2026-05-04T22:13:10.072500Z,0.9388425946235656,0.3313651978969574,0.0568389855325222,3.7502334885045054,3814.4375,11.250000000000002,85.25,4.201766118078591
0.1484375,2026-05-04T22:12:08.656250Z,2026-05-04T22:13:10.080312500Z,0.9384364485740662,0.3313186466693878,0.0582382753491401,3.652714163737319,3814.2421875,12.031250000000002,86.03125,4.102413890364511
0.15625,2026-05-04T22:12:08.664062Z,2026-05-04T22:13:10.088125Z,0.9390456676483154,0.3313341438770294,0.0597298294305801,3.5670415954804753,3814.046875,12.812500000000002,86.8125,4.003061662650433
0.1640625,2026-05-04T22:12:08.671875Z,2026-05-04T22:13:10.095937500Z,0.937827169895172,0.3311479389667511,0.0603141486644744,3.459265156688774,3814.1484375,12.703125,87.59375,3.904987623211514
0.171875,2026-05-04T22:12:08.679687Z,2026-05-04T22:13:10.103750Z,0.93876451253891,0.3314272463321686,0.0620209723711013,3.378591125344745,3814.34375,12.3125,88.375,3.8073172221752785
0.1796875,2026-05-04T22:12:08.687500Z,2026-05-04T22:13:10.111562500Z,0.9377803206443788,0.3315824270248413,0.063589408993721,3.275612816892471,3814.5390625,11.921875,89.15625,3.7096468211390423
0.1875,2026-05-04T22:12:08.695312Z,2026-05-04T22:13:10.119375Z,0.9384676814079284,0.3314583003520966,0.0647119134664535,3.1900331877602017,3814.734375,11.53125,89.9375,3.6119764201028066
0.1953125,2026-05-04T22:12:08.703125Z,2026-05-04T22:13:10.127187500Z,0.938295841217041,0.3315514028072357,0.0660343244671821,3.095824309540524,3814.9296875,11.140625,90.71875,3.5143060190665705
0.203125,2026-05-04T22:12:08.710937Z,2026-05-04T22:13:10.135000Z,0.9382176995277404,0.3313341438770294,0.0666340216994285,3.000905583021735,3815.25,10.625,90.875,3.4168685423466645
0.2109375,2026-05-04T22:12:08.718750Z,2026-05-04T22:13:10.142812500Z,0.938295841217041,0.3310703635215759,0.0668954253196716,2.907306885088605,3815.640625,10.0390625,90.6796875,3.3195620855546943
0.21875,2026-05-04T22:12:08.726562Z,2026-05-04T22:13:10.150625Z,0.9384832978248596,0.3313031196594238,0.0673106014728546,2.8169663215954355,3816.03125,9.453125,90.484375,3.222255628762724
0.2265625,2026-05-04T22:12:08.734375Z,2026-05-04T22:13:10.158437500Z,0.938170850276947,0.3311479389667511,0.0672644674777984,2.7191029932347104,3816.421875,8.8671875,90.2890625,3.1249491719707536
0.234375,2026-05-04T22:12:08.742187Z,2026-05-04T22:13:10.166250Z,0.9382646083831788,0.3312565684318542,0.0672644674777984,2.6268826348031578,3816.8125,8.28125,90.09375,3.0276427151787835
0.2421875,2026-05-04T22:12:08.750000Z,2026-05-04T22:13:10.174062500Z,0.9387957453727722,0.3313341438770294,0.0673567280173301,2.5396115440685354,3817.0,9.015624999999998,85.9375,2.929620323401922
0.25,2026-05-04T22:12:08.757812Z,2026-05-04T22:13:10.181875Z,0.938420832157135,0.3311169147491455,0.0671260729432106,2.440661439479855,3817.0,10.968749999999998,78.125,2.8309370685620845
0.2578125,2026-05-04T22:12:08.765625Z,2026-05-04T22:13:10.189687500Z,0.9382333755493164,0.3311634659767151,0.0663418620824813,2.344437835567184,3817.0,12.921874999999998,70.31250000000001,2.7322538137222465
0.265625,2026-05-04T22:12:08.773437Z,2026-05-04T22:13:10.197500Z,0.9386239051818848,0.3312100172042847,0.0662957280874252,2.2553466377561295,3817.0,14.874999999999998,62.50000000000001,2.633570558882409
0.2734375,2026-05-04T22:12:08.781250Z,2026-05-04T22:13:10.205312500Z,0.938420832157135,0.3308996558189392,0.0653116106986999,2.157431342785662,3817.0,16.828124999999996,54.687500000000014,2.5348873040425715
0.28125,2026-05-04T22:12:08.789062Z,2026-05-04T22:13:10.213125Z,0.938420832157135,0.3309772312641144,0.0644505098462104,2.0634478703019434,3816.84375,16.906250000000004,48.04687500000001,2.4357539560656725
0.2890625,2026-05-04T22:12:08.796875Z,2026-05-04T22:13:10.220937500Z,0.9384832978248596,0.331023782491684,0.0630973502993583,1.9696402707644471,3816.453125,14.171875000000002,43.1640625,2.3359454683831817
0.296875,2026-05-04T22:12:08.804687Z,2026-05-04T22:13:10.228750Z,0.9386863708496094,0.3308531045913696,0.0619748458266258,1.8768047293494825,3816.0625,11.4375,38.28125,2.236136980700691
0.3046875,2026-05-04T22:12:08.812500Z,2026-05-04T22:13:10.236562500Z,0.9386082887649536,0.3308531045913696,0.0604217872023582,1.781152768241468,3815.671875,8.703125,33.3984375,2.1363284930182007
0.3125,2026-05-04T22:12:08.820312Z,2026-05-04T22:13:10.244375Z,0.9388894438743592,0.3310548365116119,0.059053249657154,1.690533327809901,3815.28125,5.968749999999998,28.515624999999996,2.03652000533571
0.3203125,2026-05-04T22:12:08.828125Z,2026-05-04T22:13:10.252187500Z,0.9383739233016968,0.3308841288089752,0.0574694350361824,1.589252803612724,3814.453125,3.671874999999999,23.414062499999996,1.935279407209576
0.328125,2026-05-04T22:12:08.835937Z,2026-05-04T22:13:10.260000Z,0.9384989142417908,0.3310858607292175,0.0564391873776912,1.497143212241769,3812.5,2.5,17.75,1.8303562393712158
0.3359375,2026-05-04T22:12:08.843750Z,2026-05-04T22:13:10.267812500Z,0.9387332201004028,0.3311634659767151,0.0549168810248374,1.4054825854635817,3810.546875,1.328125000000001,12.085937500000005,1.7254330715328559
0.34375,2026-05-04T22:12:08.851562Z,2026-05-04T22:13:10.275625Z,0.9387488961219788,0.3308996558189392,0.0530562885105609,1.3097920302491235,3808.59375,0.1562500000000023,6.421875000000011,1.6205099036944959
0.3515625,2026-05-04T22:12:08.859375Z,2026-05-04T22:13:10.283437500Z,0.93876451253891,0.3309462070465088,0.0508112721145153,1.2151308349690766,3806.640625,-1.0156249999999967,0.7578125000000163,1.515586735856136
0.359375,2026-05-04T22:12:08.867187Z,2026-05-04T22:13:10.291250Z,0.9386863708496094,0.3311944901943207,0.0493812263011932,1.12075768394849,3805.0625,-1.7187500000000058,-3.9375000000000013,1.4118764308546072
0.3671875,2026-05-04T22:12:08.875000Z,2026-05-04T22:13:10.299062500Z,0.9384989142417908,0.3311789631843567,0.047336108982563,1.023791991884014,3805.453125,0.03906249999999503,-3.546875000000001,1.3145336557464444
0.375,2026-05-04T22:12:08.882812Z,2026-05-04T22:13:10.306875Z,0.938873827457428,0.3312720656394958,0.0467210412025451,0.934495108716948,3805.84375,1.796874999999996,-3.156250000000001,1.2171908806382814
0.3828125,2026-05-04T22:12:08.890625Z,2026-05-04T22:13:10.314687500Z,0.9389207363128662,0.3313651978969574,0.0454601421952247,0.8411198981076897,3806.234375,3.554687499999997,-2.7656250000000004,1.1198481055301184
0.390625,2026-05-04T22:12:08.898437Z,2026-05-04T22:13:10.322500Z,0.9391550421714784,0.3313496708869934,0.0442607477307319,0.7494736684890315,3806.625,5.312499999999997,-2.3750000000000004,1.0225053304219556
0.3984375,2026-05-04T22:12:08.906250Z,2026-05-04T22:13:10.330312500Z,0.9381396174430848,0.3313341438770294,0.0424309074878692,0.6433584650389769,3807.1171875,7.132812499999997,-2.046874999999999,0.9255015348798095
0.40625,2026-05-04T22:12:08.914062Z,2026-05-04T22:13:10.338125Z,0.939483106136322,0.3315203487873077,0.0419388487935066,0.5654373709913584,3810.046875,10.453124999999998,-3.2187499999999996,0.8366332489220683
0.4140625,2026-05-04T22:12:08.921875Z,2026-05-04T22:13:10.345937500Z,0.9383583068847656,0.3313496708869934,0.040385790169239,0.45766264935637696,3812.9765625,13.7734375,-4.390625,0.7477649629643272
0.421875,2026-05-04T22:12:08.929687Z,2026-05-04T22:13:10.353750Z,0.9388425946235656,0.3315979540348053,0.0395861938595771,0.370153220011573,3815.90625,17.093750000000004,-5.562500000000001,0.658896677006586
0.4296875,2026-05-04T22:12:08.937500Z,2026-05-04T22:13:10.361562500Z,0.9388894438743592,0.331396222114563,0.0387250930070877,0.2758698077246035,3818.8359375,20.414062500000004,-6.734375000000002,0.570028391048845
0.4375,2026-05-04T22:12:08.945312Z,2026-05-04T22:13:10.369375Z,0.9391550421714784,0.3312565684318542,0.0388173535466194,0.18475368789923227,3821.765625,23.734375000000007,-7.906250000000003,0.4811601050911038
0.4453125,2026-05-04T22:12:08.953125Z,2026-05-04T22:13:10.377187500Z,0.9388269782066344,0.3311944901943207,0.0382791683077812,0.08697629654614528,3820.0234375,20.945312499999996,-4.4062499999999964,0.3768653236947352
0.453125,2026-05-04T22:12:08.960937Z,2026-05-04T22:13:10.385000Z,0.9391862750053406,0.331380695104599,0.0384944416582584,-0.0017004385946050014,3817.875,17.625,-0.5000000000000001,0.27122910791239896
0.4609375,2026-05-04T22:12:08.968750Z,2026-05-04T22:13:10.392812500Z,0.9385457634925842,0.3313496708869934,0.0384021811187267,-0.10272788382616822,3815.7265625,14.304687500000004,3.4062499999999964,0.16559289213006276
0.46875,2026-05-04T22:12:08.976562Z,2026-05-04T22:13:10.400625Z,0.9387332201004028,0.3315358757972717,0.0387558490037918,-0.19331823819465835,3813.578125,10.984375000000007,7.312499999999993,0.05995667634772653
0.4765625,2026-05-04T22:12:08.984375Z,2026-05-04T22:13:10.408437500Z,0.939123809337616,0.3312255144119263,0.0397553406655788,-0.2832802003146535,3811.4296875,7.66406250000001,11.21874999999999,-0.04567953943460969
0.484375,2026-05-04T22:12:08.992187Z,2026-05-04T22:13:10.416250Z,0.9389050602912904,0.3310548365116119,0.0395554415881633,-0.3801788192431586,3811.15625,5.437500000000003,15.749999999999993,-0.14523691524414553
0.4921875,2026-05-04T22:12:09.000000Z,2026-05-04T22:13:10.424062500Z,0.9386707544326782,0.3309772312641144,0.0394170507788658,-0.47683929099474315,3811.3515625,3.4843749999999987,20.437500000000004,-0.24327458106048133
0.5,2026-05-04T22:12:09.007812Z,2026-05-04T22:13:10.431875Z,0.9389832019805908,0.3308841288089752,0.0408624708652496,-0.5574839408745706,3811.546875,1.531249999999995,25.12500000000001,-0.34131224687681716
0.5078125,2026-05-04T22:12:09.015625Z,2026-05-04T22:13:10.439687500Z,0.9390925765037536,0.3312100172042847,0.0422617644071579,-0.5607557958185699,3811.7421875,-0.42187500000000877,29.81250000000002,-0.439349912693153
0.515625,2026-05-04T22:12:09.023437Z,2026-05-04T22:13:10.447500Z,0.9387488961219788,0.3311013877391815,0.0436302982270717,-0.5570303102235847,3811.9375,-2.3750000000000124,34.50000000000003,-0.5373875785094888
0.5234375,2026-05-04T22:12:09.031250Z,2026-05-04T22:13:10.455312500Z,0.938998818397522,0.3313186466693878,0.0449988357722759,-0.561377617076943,3810.40625,-1.140624999999983,40.38281250000004,-0.5637087298599213
0.53125,2026-05-04T22:12:09.039062Z,2026-05-04T22:13:10.463125Z,0.9388425946235656,0.3308841288089752,0.046275109052658,-0.5585101352781748,3808.0625,1.5937500000000149,46.828125000000036,-0.5562809332264002
0.5390625,2026-05-04T22:12:09.046875Z,2026-05-04T22:13:10.470937500Z,0.9389519691467284,0.3306668996810913,0.0473976209759712,-0.5594852741111905,3805.71875,4.328125000000012,53.27343750000003,-0.548853136592879
0.546875,2026-05-04T22:12:09.054687Z,2026-05-04T22:13:10.478750Z,0.9393268823623656,0.3307444751262665,0.0493043437600135,-0.5589556581737203,3803.375,7.062500000000011,59.71875000000002,-0.541425339959358
0.5546875,2026-05-04T22:12:09.062500Z,2026-05-04T22:13:10.486562500Z,0.9386082887649536,0.3311479389667511,0.0502577051520347,-0.5590699350362641,3801.03125,9.796875000000009,66.16406250000001,-0.5339975433258369
0.5625,2026-05-04T22:12:09.070312Z,2026-05-04T22:13:10.494375Z,0.9384832978248596,0.3314272463321686,0.0521029233932495,-0.5598254707791935,3802.515625,12.093750000000004,72.39062500000001,-0.5305921702348166
0.5703125,2026-05-04T22:12:09.078125Z,2026-05-04T22:13:10.502187500Z,0.9386863708496094,0.3312565684318542,0.0538866370916366,-0.5614830331704064,3807.0078125,14.046875000000002,78.4453125,-0.5303472727843327
0.578125,2026-05-04T22:12:09.085937Z,2026-05-04T22:13:10.510000Z,0.9388269782066344,0.3308065533638,0.0555165782570838,-0.5606571458271693,3811.5,16.0,84.5,-0.5301023753338487
0.5859375,2026-05-04T22:12:09.093750Z,2026-05-04T22:13:10.517812500Z,0.9383426904678344,0.3307600021362305,0.0569158717989921,-0.5585797712919383,3815.9921875,17.953124999999996,90.5546875,-0.5298574778833648
0.59375,2026-05-04T22:12:09.101562Z,2026-05-04T22:13:10.525625Z,0.9388894438743592,0.3312875926494598,0.0586842000484466,-0.5559931031425879,3820.484375,19.906249999999996,96.60937499999999,-0.5296125804328808
0.6015625,2026-05-04T22:12:09.109375Z,2026-05-04T22:13:10.533437500Z,0.93807715177536,0.3313186466693878,0.0598835945129394,-0.5596945323030125,3822.65625,18.851562500000014,99.3984375,-0.5307457966028553
0.609375,2026-05-04T22:12:09.117187Z,2026-05-04T22:13:10.541250Z,0.9387801289558412,0.3312875926494598,0.061436653137207,-0.5554267143243545,3821.875,13.968750000000018,98.03125,-0.5336329755625042
0.6171875,2026-05-04T22:12:09.125000Z,2026-05-04T22:13:10.549062500Z,0.9383739233016968,0.331023782491684,0.062513031065464,-0.5603238912027247,3821.09375,9.085937500000021,96.6640625,-0.5365201545221531
0.625,2026-05-04T22:12:09.132812Z,2026-05-04T22:13:10.556875Z,0.9382333755493164,0.3309306800365448,0.0633741319179534,-0.5617123333455926,3820.3125,4.203125000000027,95.296875,-0.539407333481802
0.6328125,2026-05-04T22:12:09.140625Z,2026-05-04T22:13:10.564687500Z,0.9382333755493164,0.3312255144119263,0.0638661906123161,-0.5601884194912092,3819.53125,-0.6796874999999691,93.92968750000001,-0.5422945124414509
0.640625,2026-05-04T22:12:09.148437Z,2026-05-04T22:13:10.572500Z,0.9387332201004028,0.3312720656394958,0.0655115097761154,-0.5530817838797623,3818.0625,-3.125000000000017,91.81250000000003,-0.544169074250706
0.6484375,2026-05-04T22:12:09.156250Z,2026-05-04T22:13:10.580312500Z,0.9384832978248596,0.3312410414218903,0.0664802491664886,-0.5552594328644996,3815.1328125,-0.3906250000000116,88.10156250000001,-0.5438918246153741
0.65625,2026-05-04T22:12:09.164062Z,2026-05-04T22:13:10.588125Z,0.938045859336853,0.3316445052623749,0.0667570307850837,-0.5584398020182635,3812.203125,2.343749999999994,84.39062500000001,-0.5436145749800422
0.6640625,2026-05-04T22:12:09.171875Z,2026-05-04T22:13:10.595937500Z,0.9379677772521972,0.3315048515796661,0.0669569298624992,-0.5597012037852184,3809.2734375,5.078124999999999,80.6796875,-0.5433373253447104
0.671875,2026-05-04T22:12:09.179687Z,2026-05-04T22:13:10.603750Z,0.938061535358429,0.3311634659767151,0.0666340216994285,-0.5603148314737282,3806.34375,7.812500000000004,76.96875,-0.5430600757093784
0.6796875,2026-05-04T22:12:09.187500Z,2026-05-04T22:13:10.611562500Z,0.9389207363128662,0.3310858607292175,0.0670491904020309,-0.5505397952631068,3804.3125,10.234375000000004,73.8828125,-0.5438254332993121
0.6875,2026-05-04T22:12:09.195312Z,2026-05-04T22:13:10.619375Z,0.938405215740204,0.3311324119567871,0.0663726106286048,-0.5567525305446835,3805.875,11.406250000000002,73.296875,-0.5487612197903078
0.6953125,2026-05-04T22:12:09.203125Z,2026-05-04T22:13:10.627187500Z,0.938045859336853,0.3310858607292175,0.066418744623661,-0.560924614914067,3807.4375,12.578125,72.7109375,-0.5536970062813036
0.703125,2026-05-04T22:12:09.210937Z,2026-05-04T22:13:10.635000Z,0.9379833936691284,0.3311789631843567,0.0657882913947105,-0.5617326293146216,3809.0,13.75,72.125,-0.5586327927722994
0.7109375,2026-05-04T22:12:09.218750Z,2026-05-04T22:13:10.642812500Z,0.9389519691467284,0.3312565684318542,0.0655268877744674,-0.5506841772990209,3810.5625,14.921874999999998,71.5390625,-0.5635685792632952
0.71875,2026-05-04T22:12:09.226562Z,2026-05-04T22:13:10.650625Z,0.9385301470756532,0.3308841288089752,0.064665786921978,-0.5575543187408746,3811.796875,15.890625000000002,70.56250000000001,-0.5674393974673674
0.7265625,2026-05-04T22:12:09.234375Z,2026-05-04T22:13:10.658437500Z,0.9389519691467284,0.3312720656394958,0.0635586529970169,-0.5520141032725648,3809.2578125,14.523437500000004,65.09375000000001,-0.5590630803718181
0.734375,2026-05-04T22:12:09.242187Z,2026-05-04T22:13:10.666250Z,0.9385301470756532,0.3310703635215759,0.0623131319880485,-0.5584941458863566,3806.71875,13.156250000000005,59.62500000000002,-0.5506867632762688
0.7421875,2026-05-04T22:12:09.250000Z,2026-05-04T22:13:10.674062500Z,0.9385613799095154,0.3308996558189392,0.0612521320581436,-0.5595428220587465,3804.1796875,11.789062500000005,54.15625000000002,-0.5423104461807194
0.75,2026-05-04T22:12:09.257812Z,2026-05-04T22:13:10.681875Z,0.9386707544326782,0.3309151828289032,0.0599912330508232,-0.5590603395953454,3801.640625,10.421875000000007,48.68750000000003,-0.5339341290851701
0.7578125,2026-05-04T22:12:09.265625Z,2026-05-04T22:13:10.689687500Z,0.9387332201004028,0.3310858607292175,0.0580691322684288,-0.5589732573109263,3799.1015625,9.054687500000007,43.21875000000003,-0.5255578119896209
0.765625,2026-05-04T22:12:09.273437Z,2026-05-04T22:13:10.697500Z,0.9382176995277404,0.3308996558189392,0.0565622001886367,-0.5575152733634949,3799.75,12.749999999999982,34.56250000000004,-0.5276995647747537
0.7734375,2026-05-04T22:12:09.281250Z,2026-05-04T22:13:10.705312500Z,0.9385457634925842,0.330822080373764,0.055470447987318,-0.5602764281322767,3800.53125,16.65624999999999,25.773437500000025,-0.5302795704715816
0.78125,2026-05-04T22:12:09.289062Z,2026-05-04T22:13:10.713125Z,0.9390144348144532,0.3310393095016479,0.0539327673614025,-0.5585760829035451,3801.3125,20.562499999999996,16.984375000000007,-0.5328595761684095
0.7890625,2026-05-04T22:12:09.296875Z,2026-05-04T22:13:10.720937500Z,0.9383426904678344,0.3314427733421326,0.0526103600859642,-0.5586989939245832,3802.09375,24.468750000000007,8.195312499999991,-0.5354395818652375
0.796875,2026-05-04T22:12:09.304687Z,2026-05-04T22:13:10.728750Z,0.9386707544326782,0.3312255144119263,0.0513340830802917,-0.5607839152401819,3802.875,28.375000000000014,-0.5937500000000243,-0.5380195875620655
0.8046875,2026-05-04T22:12:09.312500Z,2026-05-04T22:13:10.736562500Z,0.9387332201004028,0.3312565684318542,0.0497195199131965,-0.5606637369167901,3803.4921875,27.195312499999993,-1.8359374999999996,-0.5401343260097243
0.8125,2026-05-04T22:12:09.320312Z,2026-05-04T22:13:10.744375Z,0.9393424987792968,0.3308065533638,0.0475513860583305,-0.5594766508515241,3804.078125,25.046874999999996,-1.6406249999999996,-0.5421604421242082
0.8203125,2026-05-04T22:12:09.328125Z,2026-05-04T22:13:10.752187500Z,0.9390612840652466,0.3308841288089752,0.0461059659719467,-0.5609505691127555,3804.6640625,22.898437499999996,-1.4453124999999998,-0.5441865582386921
0.828125,2026-05-04T22:12:09.335937Z,2026-05-04T22:13:10.760000Z,0.9388113617897034,0.3311479389667511,0.0443530082702636,-0.5582553209734613,3805.25,20.75,-1.25,-0.5462126743531761
0.8359375,2026-05-04T22:12:09.343750Z,2026-05-04T22:13:10.767812500Z,0.9388113617897034,0.3313186466693878,0.0436764284968376,-0.5586101432509775,3805.8359375,18.6015625,-1.0546875000000002,-0.54823879046766
0.84375,2026-05-04T22:12:09.351562Z,2026-05-04T22:13:10.775625Z,0.9389519691467284,0.3314427733421326,0.0431536175310611,-0.5604742964965452,3807.265625,15.890625000000005,-0.7187500000000007,-0.5504715855806427
0.8515625,2026-05-04T22:12:09.359375Z,2026-05-04T22:13:10.783437500Z,0.9390144348144532,0.3313341438770294,0.0421695001423358,-0.5602485972588807,3809.0234375,12.960937500000007,-0.328125000000001,-0.5527847558597084
0.859375,2026-05-04T22:12:09.367187Z,2026-05-04T22:13:10.791250Z,0.9387488961219788,0.3313496708869934,0.0408624708652496,-0.5566847792720763,3810.78125,10.03125000000001,0.06249999999999865,-0.5550979261387741
0.8671875,2026-05-04T22:12:09.375000Z,2026-05-04T22:13:10.799062500Z,0.9385926723480223,0.3312410414218903,0.039724588394165,-0.5538905876416198,3812.5390625,7.101562500000013,0.45312499999999833,-0.5574110964178398
0.875,2026-05-04T22:12:09.382812Z,2026-05-04T22:13:10.806875Z,0.93876451253891,0.3312255144119263,0.0389096140861511,-0.5553895813870009,3814.296875,4.171875000000016,0.843749999999998,-0.5597242666969054
0.8828125,2026-05-04T22:12:09.390625Z,2026-05-04T22:13:10.814687500Z,0.938873827457428,0.3313031196594238,0.0387097150087356,-0.5568360477670086,3814.8828125,3.3515624999999973,2.992187499999985,-0.5609284748320675
0.890625,2026-05-04T22:12:09.398437Z,2026-05-04T22:13:10.822500Z,0.93876451253891,0.3317686319351196,0.0388942398130893,-0.5576009114684454,3814.6875,3.9374999999999982,6.312499999999991,-0.5613933748712939
0.8984375,2026-05-04T22:12:09.406250Z,2026-05-04T22:13:10.830312500Z,0.9391081929206848,0.3320324420928955,0.0388788618147373,-0.5614328065140812,3814.4921875,4.523437499999999,9.632812499999996,-0.5618582749105203
0.90625,2026-05-04T22:12:09.414062Z,2026-05-04T22:13:10.838125Z,0.93876451253891,0.3312565684318542,0.0391402691602706,-0.5556628081087234,3814.296875,5.109375000000001,12.953125000000004,-0.5623231749497467
0.9140625,2026-05-04T22:12:09.421875Z,2026-05-04T22:13:10.845937500Z,0.9390612840652466,0.3311169147491455,0.0394939333200454,-0.5586549455577836,3814.1015625,5.695312500000002,16.27343750000001,-0.5627880749889731
0.921875,2026-05-04T22:12:09.429687Z,2026-05-04T22:13:10.853750Z,0.9389519691467284,0.3313496708869934,0.0395246893167495,-0.5582735731404406,3813.53125,7.31250000000001,19.40625000000001,-0.562741638747161
0.9296875,2026-05-04T22:12:09.437500Z,2026-05-04T22:13:10.861562500Z,0.9389519691467284,0.3315669298171997,0.0402935296297073,-0.559471472119983,3812.5546875,10.046875000000007,22.335937500000007,-0.5621412548675572
0.9375,2026-05-04T22:12:09.445312Z,2026-05-04T22:13:10.869375Z,0.9384676814079284,0.3312875926494598,0.0412161387503147,-0.5533161518027481,3811.578125,12.781250000000005,25.265625000000004,-0.5615408709879535
0.9453125,2026-05-04T22:12:09.453125Z,2026-05-04T22:13:10.877187500Z,0.9388269782066344,0.3311013877391815,0.0420926176011562,-0.5570683409680434,3810.6015625,15.515625000000004,28.195312500000004,-0.5609404871083498
0.953125,2026-05-04T22:12:09.460937Z,2026-05-04T22:13:10.885000Z,0.9389832019805908,0.3309462070465088,0.0429998487234115,-0.558666757497005,3809.625,18.25,31.125,-0.560340103228746
0.9609375,2026-05-04T22:12:09.468750Z,2026-05-04T22:13:10.892812500Z,0.9390612840652466,0.3312255144119263,0.0439224578440189,-0.5611330771375127,3809.7734375,19.015625000000004,34.61718749999999,-0.5587495065089529
0.96875,2026-05-04T22:12:09.476562Z,2026-05-04T22:13:10.900625Z,0.9389519691467284,0.3312565684318542,0.0450142100453376,-0.5605643240766757,3811.921875,16.281250000000004,39.10937499999999,-0.5553985314066012
0.9765625,2026-05-04T22:12:09.484375Z,2026-05-04T22:13:10.908437500Z,0.9391081929206848,0.3312565684318542,0.0471977218985557,-0.5605948347556653,3814.0703125,13.546875000000007,43.601562499999986,-0.5520475563042494
0.984375,2026-05-04T22:12:09.492187Z,2026-05-04T22:13:10.916250Z,0.9388894438743592,0.3312100172042847,0.0489506796002388,-0.5617677687485071,3816.21875,10.812500000000009,48.093749999999986,-0.5486965812018977
0.9921875,2026-05-04T22:12:09.500000Z,2026-05-04T22:13:10.924062500Z,0.9382176995277404,0.3309927582740784,0.0500424318015575,-0.5538568354507228,3818.3671875,8.07812500000001,52.58593749999998,-0.545345606099546
1.0,2026-05-04T22:12:09.507812Z,2026-05-04T22:13:10.931875Z,0.9387019872665404,0.3307754993438721,0.0508881583809852,-0.5588965707934799,3819.71875,6.1874999999999964,57.54687499999997,-0.5436388743470572
1.0078125,2026-05-04T22:12:09.515625Z,2026-05-04T22:13:10.939687500Z,0.9390769004821776,0.3308375775814056,0.0521644316613674,-0.5598863428024682,3818.546875,6.968749999999998,63.992187499999986,-0.5471389132024678
1.015625,2026-05-04T22:12:09.523437Z,2026-05-04T22:13:10.947500Z,0.9392800331115724,0.3309306800365448,0.053809754550457,-0.5562243823593659,3817.375,7.749999999999999,70.4375,-0.5506389520578785
1.0234375,2026-05-04T22:12:09.531250Z,2026-05-04T22:13:10.955312500Z,0.9386082887649536,0.3310858607292175,0.0553628131747245,-0.5617682657905534,3816.203125,8.53125,76.88281250000001,-0.5541389909132892
1.03125,2026-05-04T22:12:09.539062Z,2026-05-04T22:13:10.963125Z,0.9388894438743592,0.3313496708869934,0.0576539561152458,-0.5565200956212829,3815.03125,9.312500000000002,83.32812500000001,-0.5576390297687
1.0390625,2026-05-04T22:12:09.546875Z,2026-05-04T22:13:10.970937500Z,0.938155233860016,0.331380695104599,0.0589148551225662,-0.5601533347269408,3813.8125,10.046875000000002,89.32812500000001,-0.5604892097859139
1.046875,2026-05-04T22:12:09.554687Z,2026-05-04T22:13:10.978750Z,0.9386082887649536,0.3308686316013336,0.0605909302830696,-0.5596538767003211,3812.25,10.437500000000002,92.06250000000001,-0.5585737583230185
1.0546875,2026-05-04T22:12:09.562500Z,2026-05-04T22:13:10.986562500Z,0.9388425946235656,0.3311944901943207,0.0611598715186119,-0.5552820417641786,3810.6875,10.828125000000002,94.79687500000001,-0.5566583068601231
1.0625,2026-05-04T22:12:09.570312Z,2026-05-04T22:13:10.994375Z,0.93828022480011,0.3312875926494598,0.0618979558348655,-0.5607676082935661,3809.125,11.21875,97.53125,-0.5547428553972278
1.0703125,2026-05-04T22:12:09.578125Z,2026-05-04T22:13:11.002187500Z,0.9379990100860596,0.3313651978969574,0.0626360476016998,-0.5608622545822988,3807.5625,11.609375,100.265625,-0.5528274039343324
1.078125,2026-05-04T22:12:09.585937Z,2026-05-04T22:13:11.010000Z,0.9381396174430848,0.3313031196594238,0.0642352327704429,-0.5606404190635984,3806.0,12.0,103.0,-0.550911952471437
1.0859375,2026-05-04T22:12:09.593750Z,2026-05-04T22:13:11.017812500Z,0.9387176036834716,0.3312720656394958,0.0653577446937561,-0.5533869366576762,3808.9296875,11.21875,98.1171875,-0.5486661124250194
1.09375,2026-05-04T22:12:09.601562Z,2026-05-04T22:13:11.025625Z,0.9384676814079284,0.3315979540348053,0.0658498033881187,-0.5545491804259967,3811.859375,10.437500000000002,93.23437500000001,-0.5464202723786018
1.1015625,2026-05-04T22:12:09.609375Z,2026-05-04T22:13:11.033437500Z,0.938420832157135,0.3315358757972717,0.0664802491664886,-0.5548333324745396,3814.7890625,9.656250000000002,88.35156250000001,-0.5441744323321842
1.109375,2026-05-04T22:12:09.617187Z,2026-05-04T22:13:11.041250Z,0.9382646083831788,0.3312100172042847,0.0666186437010765,-0.5578231074369082,3817.71875,8.875000000000004,83.46875000000001,-0.5419285922857665
1.1171875,2026-05-04T22:12:09.625000Z,2026-05-04T22:13:11.049062500Z,0.9386863708496094,0.3313186466693878,0.0666032657027244,-0.552644515624806,3820.6484375,8.093750000000004,78.58593750000003,-0.5396827522393489
1.125,2026-05-04T22:12:09.632812Z,2026-05-04T22:13:11.056875Z,0.9378896355628968,0.3313031196594238,0.0663726106286048,-0.5619316084703136,3821.0,9.374999999999991,77.3125,-0.5396993475468133
1.1328125,2026-05-04T22:12:09.640625Z,2026-05-04T22:13:11.064687500Z,0.9383114576339722,0.3309462070465088,0.0658651739358902,-0.5590306019296852,3821.0,10.937499999999991,76.53125,-0.5400244567661705
1.140625,2026-05-04T22:12:09.648437Z,2026-05-04T22:13:11.072500Z,0.9383583068847656,0.3310703635215759,0.0653577446937561,-0.5583460869168826,3821.0,12.49999999999999,75.75,-0.5403495659855277
1.1484375,2026-05-04T22:12:09.656250Z,2026-05-04T22:13:11.080312500Z,0.9387488961219788,0.3313341438770294,0.064911812543869,-0.5531503002965131,3821.0,14.062499999999988,74.96875,-0.540674675204885
1.15625,2026-05-04T22:12:09.664062Z,2026-05-04T22:13:11.088125Z,0.9385613799095154,0.3311944901943207,0.0645581483840942,-0.5560645288817287,3821.0,15.624999999999986,74.1875,-0.5409997844242422
1.1640625,2026-05-04T22:12:09.671875Z,2026-05-04T22:13:11.095937500Z,0.9381240010261536,0.3312720656394958,0.0637277960777282,-0.5613054070504131,3821.4453125,17.039062499999986,68.50781250000007,-0.540034845796796
1.171875,2026-05-04T22:12:09.679687Z,2026-05-04T22:13:11.103750Z,0.9383739233016968,0.3313031196594238,0.0633587539196014,-0.5586641018918492,3822.03125,18.406249999999986,61.28125000000008,-0.5386625236387801
1.1796875,2026-05-04T22:12:09.687500Z,2026-05-04T22:13:11.111562500Z,0.9383270740509032,0.3310393095016479,0.0620824769139289,-0.5611914664252498,3822.6171875,19.773437499999986,54.054687500000085,-0.5372902014807642
1.1875,2026-05-04T22:12:09.695312Z,2026-05-04T22:13:11.119375Z,0.938514530658722,0.3307754993438721,0.0604832917451858,-0.5611673827614359,3823.203125,21.140624999999982,46.82812500000009,-0.5359178793227484
1.1953125,2026-05-04T22:12:09.703125Z,2026-05-04T22:13:11.127187500Z,0.9387019872665404,0.3307754993438721,0.059053249657154,-0.5600361573830424,3823.7890625,22.507812499999982,39.60156250000009,-0.5345455571647325
1.203125,2026-05-04T22:12:09.710937Z,2026-05-04T22:13:11.135000Z,0.9391550421714784,0.3307444751262665,0.0576847121119499,-0.5559519793420924,3821.75,21.62500000000002,32.62500000000007,-0.5353610632933762
1.2109375,2026-05-04T22:12:09.718750Z,2026-05-04T22:13:11.142812500Z,0.9383426904678344,0.3309306800365448,0.055808737874031,-0.5583613466480487,3818.234375,19.476562500000014,25.78906250000004,-0.5374072228332659
1.21875,2026-05-04T22:12:09.726562Z,2026-05-04T22:13:11.150625Z,0.9386239051818848,0.3308686316013336,0.054486334323883,-0.5605326723073302,3814.71875,17.328125000000004,18.953125000000007,-0.5394533823731557
1.2265625,2026-05-04T22:12:09.734375Z,2026-05-04T22:13:11.158437500Z,0.9386082887649536,0.3309927582740784,0.0537482425570488,-0.5604229286357147,3811.203125,15.179687499999993,12.117187499999977,-0.5414995419130454
1.234375,2026-05-04T22:12:09.742187Z,2026-05-04T22:13:11.166250Z,0.9384989142417908,0.3310858607292175,0.0521644316613674,-0.5586713793059992,3807.6875,13.031249999999982,5.281249999999945,-0.5435457014529351
1.2421875,2026-05-04T22:12:09.750000Z,2026-05-04T22:13:11.174062500Z,0.9387801289558412,0.3309927582740784,0.0507651418447494,-0.5606563603826,3806.8125,10.98437499999998,2.7109375000000133,-0.5470546269679836
1.25,2026-05-04T22:12:09.757812Z,2026-05-04T22:13:11.181875Z,0.9387801289558412,0.3311013877391815,0.0491967052221298,-0.5602504944090956,3808.375,9.031249999999982,4.078125000000012,-0.5519137979985631
1.2578125,2026-05-04T22:12:09.765625Z,2026-05-04T22:13:11.189687500Z,0.9384832978248596,0.3309927582740784,0.0471669659018516,-0.5553270404613592,3809.9375,7.078124999999985,5.4453125000000115,-0.5567729690291426
1.265625,2026-05-04T22:12:09.773437Z,2026-05-04T22:13:11.197500Z,0.93876451253891,0.3313031196594238,0.0453986302018165,-0.5588165027284161,3811.5,5.124999999999987,6.81250000000001,-0.5616321400597222
1.2734375,2026-05-04T22:12:09.781250Z,2026-05-04T22:13:11.205312500Z,0.9392644166946412,0.3315669298171997,0.044522151350975,-0.5589602179976877,3813.0625,3.171874999999988,8.179687500000009,-0.5664913110903017
1.28125,2026-05-04T22:12:09.789062Z,2026-05-04T22:13:11.213125Z,0.9384520649909972,0.3312720656394958,0.0435072854161262,-0.5542000721944563,3813.6875,1.843749999999998,7.593749999999981,-0.5684879727090238
1.2890625,2026-05-04T22:12:09.796875Z,2026-05-04T22:13:11.220937500Z,0.938998818397522,0.3315203487873077,0.0430306047201156,-0.5611586235677405,3812.90625,1.4531249999999982,4.078124999999984,-0.5661908702099598
1.296875,2026-05-04T22:12:09.804687Z,2026-05-04T22:13:11.228750Z,0.9389832019805908,0.3320324420928955,0.0425692982971668,-0.5611956836158937,3812.125,1.0624999999999987,0.5624999999999875,-0.5638937677108959
1.3046875,2026-05-04T22:12:09.812500Z,2026-05-04T22:13:11.236562500Z,0.9387801289558412,0.3316445052623749,0.0414467900991439,-0.5584376291558868,3811.34375,0.6718749999999989,-2.9531250000000093,-0.5615966652118319
1.3125,2026-05-04T22:12:09.820312Z,2026-05-04T22:13:11.244375Z,0.9385457634925842,0.3317065834999084,0.0407855883240699,-0.555710843583123,3810.5625,0.2812499999999992,-6.468750000000006,-0.5592995627127679
1.3203125,2026-05-04T22:12:09.828125Z,2026-05-04T22:13:11.252187500Z,0.9386863708496094,0.331411749124527,0.039309412240982,-0.55542460754842,3809.78125,1.3671875000000042,-7.8515624999999964,-0.5568869568266962
1.328125,2026-05-04T22:12:09.835937Z,2026-05-04T22:13:11.260000Z,0.9389519691467284,0.3313031196594238,0.0389096140861511,-0.5578699772661805,3809.0,6.25,-3.75,-0.554177342231176
1.3359375,2026-05-04T22:12:09.843750Z,2026-05-04T22:13:11.267812500Z,0.938873827457428,0.331411749124527,0.039309412240982,-0.5575823464106034,3808.21875,11.132812499999995,0.35156249999999656,-0.5514677276356557
1.34375,2026-05-04T22:12:09.851562Z,2026-05-04T22:13:11.275625Z,0.9391394257545472,0.3314427733421326,0.0395400673151016,-0.5608631643560086,3807.4375,16.01562499999999,4.453124999999993,-0.5487581130401353
1.3515625,2026-05-04T22:12:09.859375Z,2026-05-04T22:13:11.283437500Z,0.9386863708496094,0.3314427733421326,0.0402320213615894,-0.5561054948931782,3806.65625,20.898437499999986,8.55468749999999,-0.546048498444615
1.359375,2026-05-04T22:12:09.867187Z,2026-05-04T22:13:11.291250Z,0.9392800331115724,0.3318927884101868,0.0405088067054748,-0.5592571177413035,3805.84375,24.187500000000018,12.624999999999986,-0.5432899541768971
1.3671875,2026-05-04T22:12:09.875000Z,2026-05-04T22:13:11.299062500Z,0.9387332201004028,0.331380695104599,0.0405703112483024,-0.5565026468303876,3804.8671875,19.10937500000002,16.531249999999982,-0.5402745291301414
1.375,2026-05-04T22:12:09.882812Z,2026-05-04T22:13:11.306875Z,0.93924880027771,0.3312100172042847,0.0412622690200805,-0.5619523528257754,3803.890625,14.031250000000027,20.43749999999998,-0.5372591040833858
1.3828125,2026-05-04T22:12:09.890625Z,2026-05-04T22:13:11.314687500Z,0.9386551380157472,0.3308841288089752,0.0415544286370277,-0.5540216139153268,3802.9140625,8.953125000000032,24.343749999999975,-0.5342436790366302
1.390625,2026-05-04T22:12:09.898437Z,2026-05-04T22:13:11.322500Z,0.9388269782066344,0.3310082852840424,0.0422617644071579,-0.5567791167933945,3801.9375,3.875000000000036,28.24999999999997,-0.5312282539898746
1.3984375,2026-05-04T22:12:09.906250Z,2026-05-04T22:13:11.330312500Z,0.9387957453727722,0.3310703635215759,0.0432920083403587,-0.5571734695565619,3801.15625,-0.9218750000000157,32.20312499999996,-0.528440451619059
1.40625,2026-05-04T22:12:09.914062Z,2026-05-04T22:13:11.338125Z,0.9391706585884094,0.3313651978969574,0.04495270550251,-0.5605831522394807,3805.0625,1.0312499999999827,37.28124999999996,-0.5311155934708043
1.4140625,2026-05-04T22:12:09.921875Z,2026-05-04T22:13:11.345937500Z,0.9391394257545472,0.3311479389667511,0.0464750081300735,-0.5609870664588787,3808.96875,2.984374999999981,42.35937499999995,-0.5337907353225495
1.421875,2026-05-04T22:12:09.929687Z,2026-05-04T22:13:11.353750Z,0.9391550421714784,0.3309306800365448,0.0479050539433956,-0.5609198128503666,3812.875,4.937499999999979,47.43749999999994,-0.5364658771742947
1.4296875,2026-05-04T22:12:09.937500Z,2026-05-04T22:13:11.361562500Z,0.9386239051818848,0.3309462070465088,0.0492274612188339,-0.5579130283365313,3816.78125,6.890624999999977,52.51562499999994,-0.53914101902604
1.4375,2026-05-04T22:12:09.945312Z,2026-05-04T22:13:11.369375Z,0.9388582110404968,0.3309617340564728,0.0506267510354518,-0.5614581342428481,3820.6875,8.843749999999975,57.593749999999936,-0.5418161608777852
1.4453125,2026-05-04T22:12:09.953125Z,2026-05-04T22:13:11.377187500Z,0.9384364485740662,0.3310082852840424,0.0518568977713584,-0.5575392533221185,3820.28125,11.335937499999979,63.03124999999996,-0.5441836297997626
1.453125,2026-05-04T22:12:09.960937Z,2026-05-04T22:13:11.385000Z,0.9387957453727722,0.3310393095016479,0.0530409105122089,-0.5615943285202055,3819.5,13.874999999999991,68.49999999999999,-0.5465243445539343
1.4609375,2026-05-04T22:12:09.968750Z,2026-05-04T22:13:11.392812500Z,0.938389539718628,0.3308686316013336,0.0542249269783496,-0.557839864944814,3818.71875,16.414062500000004,73.96875,-0.5488650593081058
1.46875,2026-05-04T22:12:09.976562Z,2026-05-04T22:13:11.400625Z,0.939358115196228,0.3311013877391815,0.0561162754893302,-0.5530446227669639,3817.9375,18.953125000000014,79.43750000000003,-0.5512057740622774
1.4765625,2026-05-04T22:12:09.984375Z,2026-05-04T22:13:11.408437500Z,0.9384832978248596,0.3308996558189392,0.0574079267680645,-0.5610692705877958,3817.15625,21.49218750000003,84.90625000000006,-0.553546488816449
1.484375,2026-05-04T22:12:09.992187Z,2026-05-04T22:13:11.416250Z,0.9387488961219788,0.3313651978969574,0.0593300312757492,-0.5567110163303906,3816.21875,18.874999999999957,88.96875000000004,-0.5560241791221318
1.4921875,2026-05-04T22:12:10.000000Z,2026-05-04T22:13:11.424062500Z,0.9384520649909972,0.331380695104599,0.0604217872023582,-0.5592899164581923,3815.2421875,14.968749999999963,92.67968750000004,-0.5585361133156923
1.5,2026-05-04T22:12:10.007812Z,2026-05-04T22:13:11.431875Z,0.938155233860016,0.3314737975597382,0.0617288127541542,-0.5613955850766009,3814.265625,11.062499999999966,96.39062500000003,-0.5610480475092529
1.5078125,2026-05-04T22:12:10.015625Z,2026-05-04T22:13:11.439687500Z,0.9387176036834716,0.331023782491684,0.0624976530671119,-0.5563210848083047,3813.2890625,7.156249999999969,100.10156250000003,-0.5635599817028134
1.515625,2026-05-04T22:12:10.023437Z,2026-05-04T22:13:11.447500Z,0.9383739233016968,0.3312255144119263,0.0628205686807632,-0.5591664029185078,3812.3125,3.2499999999999725,103.81250000000003,-0.566071915896374
1.5234375,2026-05-04T22:12:10.031250Z,2026-05-04T22:13:11.455312500Z,0.938639521598816,0.3313186466693878,0.0634202659130096,-0.5553523099716016,3812.3984375,4.656250000000024,102.87499999999999,-0.5656326251641348
1.53125,2026-05-04T22:12:10.039062Z,2026-05-04T22:13:11.463125Z,0.9381240010261536,0.3315203487873077,0.0643736273050308,-0.5596745738090534,3812.984375,8.562500000000021,99.74999999999999,-0.5638045227021077
1.5390625,2026-05-04T22:12:10.046875Z,2026-05-04T22:13:11.470937500Z,0.938420832157135,0.3314583003520966,0.0655115097761154,-0.5556332893299963,3813.5703125,12.468750000000018,96.62499999999999,-0.5619764202400805
1.546875,2026-05-04T22:12:10.054687Z,2026-05-04T22:13:11.478750Z,0.9379833936691284,0.3315203487873077,0.0663111060857772,-0.5597580459597261,3814.15625,16.375000000000014,93.49999999999999,-0.5601483177780534
1.5546875,2026-05-04T22:12:10.062500Z,2026-05-04T22:13:11.486562500Z,0.9378896355628968,0.3316134810447693,0.0666186437010765,-0.5601570753761221,3814.7421875,20.28125000000001,90.37499999999999,-0.5583202153160263
1.5625,2026-05-04T22:12:10.070312Z,2026-05-04T22:13:11.494375Z,0.9384676814079284,0.3313651978969574,0.0663572326302528,-0.5547969914532429,3815.109375,20.578124999999996,87.6875,-0.5573813681224646
1.5703125,2026-05-04T22:12:10.078125Z,2026-05-04T22:13:11.502187500Z,0.938420832157135,0.3313341438770294,0.0656806528568267,-0.5560202631604935,3815.3046875,18.039062499999996,85.34375,-0.5571412214969831
1.578125,2026-05-04T22:12:10.085937Z,2026-05-04T22:13:11.510000Z,0.9385770559310912,0.3309151828289032,0.0655268877744674,-0.5560926220449918,3815.5,15.5,83.0,-0.5569010748715015
1.5859375,2026-05-04T22:12:10.093750Z,2026-05-04T22:13:11.517812500Z,0.9379990100860596,0.3311944901943207,0.0643890053033828,-0.5615987173150099,3815.6953125,12.960937500000002,80.65625,-0.55666092824602
1.59375,2026-05-04T22:12:10.101562Z,2026-05-04T22:13:11.525625Z,0.9386707544326782,0.3310703635215759,0.0647119134664535,-0.5550328786693962,3815.890625,10.421875000000004,78.3125,-0.5564207816205384
1.6015625,2026-05-04T22:12:10.109375Z,2026-05-04T22:13:11.533437500Z,0.93828022480011,0.3310082852840424,0.0639430731534957,-0.5601951480465621,3817.2890625,8.9140625,74.76562500000001,-0.552057029520767
1.609375,2026-05-04T22:12:10.117187Z,2026-05-04T22:13:11.541250Z,0.9389519691467284,0.3308686316013336,0.0634356364607811,-0.5534527527327207,3820.21875,8.71875,69.68750000000001,-0.5424450522718992
1.6171875,2026-05-04T22:12:10.125000Z,2026-05-04T22:13:11.549062500Z,0.9386551380157472,0.3311789631843567,0.0621593669056892,-0.5564819157737756,3823.1484375,8.5234375,64.60937500000003,-0.5328330750230316
1.625,2026-05-04T22:12:10.132812Z,2026-05-04T22:13:11.556875Z,0.9387176036834716,0.3312875926494598,0.061190627515316,-0.5559682083163396,3826.078125,8.328125000000002,59.53125000000003,-0.5232210977741638
1.6328125,2026-05-04T22:12:10.140625Z,2026-05-04T22:13:11.564687500Z,0.9379990100860596,0.3307289481163025,0.059714451432228,-0.5565743852721347,3829.0078125,8.132812500000002,54.45312500000003,-0.5136091205252961
1.640625,2026-05-04T22:12:10.148437Z,2026-05-04T22:13:11.572500Z,0.938405215740204,0.3311324119567871,0.0585919395089149,-0.5619877063985994,3829.9375,8.749999999999984,49.12500000000004,-0.5105166450141101
1.6484375,2026-05-04T22:12:10.156250Z,2026-05-04T22:13:11.580312500Z,0.9388425946235656,0.3307600021362305,0.0565314479172229,-0.5599515314733929,3826.6171875,11.09374999999998,43.26562500000005,-0.5212781106954985
1.65625,2026-05-04T22:12:10.164062Z,2026-05-04T22:13:11.588125Z,0.9386863708496094,0.3306513726711273,0.0553474351763725,-0.5611868463509533,3823.296875,13.437499999999979,37.40625000000005,-0.5320395763768867
1.6640625,2026-05-04T22:12:10.171875Z,2026-05-04T22:13:11.595937500Z,0.9393737316131592,0.3307444751262665,0.0541634187102317,-0.5554185342128292,3819.9765625,15.781249999999977,31.546875000000057,-0.5428010420582751
1.671875,2026-05-04T22:12:10.179687Z,2026-05-04T22:13:11.603750Z,0.9386863708496094,0.3312100172042847,0.0527179986238479,-0.5617985434587277,3816.65625,18.124999999999975,25.687500000000064,-0.5535625077396634
1.6796875,2026-05-04T22:12:10.187500Z,2026-05-04T22:13:11.611562500Z,0.9383114576339722,0.3311324119567871,0.051903024315834,-0.5567676564289675,3813.9609375,20.19531249999999,20.02343750000005,-0.5621997219362488
1.6875,2026-05-04T22:12:10.195312Z,2026-05-04T22:13:11.619375Z,0.9388113617897034,0.3314272463321686,0.0509496629238128,-0.5609518397296349,3813.765625,21.171874999999993,15.140625000000028,-0.5623399301936217
1.6953125,2026-05-04T22:12:10.203125Z,2026-05-04T22:13:11.627187500Z,0.9387019872665404,0.3308841288089752,0.0491813272237777,-0.5586320747090562,3813.5703125,22.1484375,10.257812500000005,-0.5624801384509948
1.703125,2026-05-04T22:12:10.210937Z,2026-05-04T22:13:11.635000Z,0.9388894438743592,0.3308841288089752,0.047336108982563,-0.5597141034706515,3813.375,23.125000000000004,5.374999999999981,-0.5626203467083677
1.7109375,2026-05-04T22:12:10.218750Z,2026-05-04T22:13:11.642812500Z,0.9389363527297974,0.3310082852840424,0.0452294871211051,-0.5596821975189338,3813.1796875,24.101562500000007,0.49218749999995853,-0.5627605549657407
1.71875,2026-05-04T22:12:10.226562Z,2026-05-04T22:13:11.650625Z,0.9390300512313844,0.3310393095016479,0.0447989366948604,-0.5606475358636047,3812.953125,24.765624999999964,-3.890624999999983,-0.5629367479740092
1.7265625,2026-05-04T22:12:10.234375Z,2026-05-04T22:13:11.658437500Z,0.9386082887649536,0.331411749124527,0.0435841679573059,-0.5567257469094533,3812.3671875,21.835937499999964,-2.523437499999984,-0.5635267656175745
1.734375,2026-05-04T22:12:10.242187Z,2026-05-04T22:13:11.666250Z,0.938873827457428,0.3318152129650116,0.0432305037975311,-0.5611912026271954,3811.78125,18.906249999999968,-1.1562499999999851,-0.5641167832611399
1.7421875,2026-05-04T22:12:10.250000Z,2026-05-04T22:13:11.674062500Z,0.9380927681922911,0.3317686319351196,0.0425077900290489,-0.5518042757774849,3811.1953125,15.976562499999972,0.21093750000001368,-0.5647068009047053
1.75,2026-05-04T22:12:10.257812Z,2026-05-04T22:13:11.681875Z,0.9388582110404968,0.3314737975597382,0.0420772396028041,-0.5591078506056516,3810.609375,13.046874999999973,1.5781250000000127,-0.5652968185482707
1.7578125,2026-05-04T22:12:10.265625Z,2026-05-04T22:13:11.689687500Z,0.9389675855636596,0.3312720656394958,0.0413237772881984,-0.5591754315588764,3810.0234375,10.117187499999977,2.9453125000000115,-0.5658868361918361
1.765625,2026-05-04T22:12:10.273437Z,2026-05-04T22:13:11.697500Z,0.9387801289558412,0.3315048515796661,0.0403089076280593,-0.5574405929091218,3806.8125,10.187500000000002,4.875000000000014,-0.5556207783905047
1.7734375,2026-05-04T22:12:10.281250Z,2026-05-04T22:13:11.705312500Z,0.9383583068847656,0.3319083154201508,0.0391095131635665,-0.5537057644603957,3803.4921875,10.382812500000002,6.828125000000012,-0.5449023841123027
1.78125,2026-05-04T22:12:10.289062Z,2026-05-04T22:13:11.713125Z,0.939233124256134,0.331753134727478,0.0395400673151016,-0.5607513662969436,3800.171875,10.578125000000002,8.78125000000001,-0.5341839898341009
1.7890625,2026-05-04T22:12:10.296875Z,2026-05-04T22:13:11.720937500Z,0.9385770559310912,0.331396222114563,0.0402166470885276,-0.5547511531657506,3796.8515625,10.773437500000002,10.734375000000009,-0.5234655955558989
1.796875,2026-05-04T22:12:10.304687Z,2026-05-04T22:13:11.728750Z,0.9388269782066344,0.3312410414218903,0.0407855883240699,-0.5572556237331499,3793.53125,10.96875,12.687500000000007,-0.5127472012776969
1.8046875,2026-05-04T22:12:10.312500Z,2026-05-04T22:13:11.736562500Z,0.9389207363128662,0.3316600322723389,0.0411853864789009,-0.5602289043418192,3796.28125,11.984375000000004,14.476562500000005,-0.5195435156950634
1.8125,2026-05-04T22:12:10.320312Z,2026-05-04T22:13:11.744375Z,0.9391550421714784,0.3317065834999084,0.0414160378277301,-0.5608800748433701,3800.1875,13.156250000000002,16.234375000000004,-0.5296759651020619
1.8203125,2026-05-04T22:12:10.328125Z,2026-05-04T22:13:11.752187500Z,0.9385613799095154,0.3309462070465088,0.0419696010649204,-0.5536398863911048,3804.09375,14.328125,17.9921875,-0.5398084145090605
1.828125,2026-05-04T22:12:10.335937Z,2026-05-04T22:13:11.760000Z,0.9391862750053406,0.3311013877391815,0.042799949645996,-0.5616342166268589,3808.0,15.5,19.75,-0.5499408639160589
1.8359375,2026-05-04T22:12:10.343750Z,2026-05-04T22:13:11.767812500Z,0.9385926723480223,0.3308065533638,0.0429844707250595,-0.5538088125948386,3811.90625,16.671875,21.5078125,-0.5600733133230574
1.84375,2026-05-04T22:12:10.351562Z,2026-05-04T22:13:11.775625Z,0.9386551380157472,0.3308841288089752,0.0436456762254238,-0.5551110186038786,3812.15625,16.156250000000004,27.203124999999986,-0.5619920197579789
1.8515625,2026-05-04T22:12:10.359375Z,2026-05-04T22:13:11.783437500Z,0.9390925765037536,0.3307134509086609,0.0449680835008621,-0.5601268647248585,3810.984375,14.984375000000004,34.42968749999998,-0.5607164928148702
1.859375,2026-05-04T22:12:10.367187Z,2026-05-04T22:13:11.791250Z,0.9391706585884094,0.3309772312641144,0.0470132008194923,-0.5608879225714404,3809.8125,13.812500000000004,41.65624999999997,-0.5594409658717616
1.8671875,2026-05-04T22:12:10.375000Z,2026-05-04T22:13:11.799062500Z,0.9388582110404968,0.3309772312641144,0.0482125878334045,-0.5603159668598948,3808.640625,12.640625000000005,48.88281249999997,-0.5581654389286531
1.875,2026-05-04T22:12:10.382812Z,2026-05-04T22:13:11.806875Z,0.9387957453727722,0.3312255144119263,0.0500116795301437,-0.5615574052864761,3807.46875,11.468750000000007,56.109374999999964,-0.5568899119855445
1.8828125,2026-05-04T22:12:10.390625Z,2026-05-04T22:13:11.814687500Z,0.9389363527297974,0.3307910263538361,0.0512879565358161,-0.5618714727408389,3806.53125,12.523437499999984,60.640624999999986,-0.5546652301535443
1.890625,2026-05-04T22:12:10.398437Z,2026-05-04T22:13:11.822500Z,0.9388425946235656,0.3307134509086609,0.0523028224706649,-0.5613772278364998,3805.75,15.062499999999982,63.37499999999998,-0.5518077783956163
1.8984375,2026-05-04T22:12:10.406250Z,2026-05-04T22:13:11.830312500Z,0.939233124256134,0.3309617340564728,0.0536098554730415,-0.5563916991061022,3804.96875,17.60156249999998,66.10937499999999,-0.5489503266376885
1.90625,2026-05-04T22:12:10.414062Z,2026-05-04T22:13:11.838125Z,0.938295841217041,0.3310703635215759,0.0546862334012985,-0.558133868704558,3804.1875,20.14062499999998,68.84374999999997,-0.5460928748797605
1.9140625,2026-05-04T22:12:10.421875Z,2026-05-04T22:13:11.845937500Z,0.9388582110404968,0.3310703635215759,0.0562392920255661,-0.558703751123043,3803.40625,22.679687499999975,71.57812499999997,-0.5432354231218326
1.921875,2026-05-04T22:12:10.429687Z,2026-05-04T22:13:11.853750Z,0.93828022480011,0.331023782491684,0.0573617964982986,-0.5592368446146639,3803.9375,23.062500000000014,75.24999999999996,-0.5435171488313938
1.9296875,2026-05-04T22:12:10.437500Z,2026-05-04T22:13:11.861562500Z,0.9383270740509032,0.3309462070465088,0.059053249657154,-0.5606748075857645,3805.890625,21.109375000000007,79.93749999999999,-0.5471996501307349
1.9375,2026-05-04T22:12:10.445312Z,2026-05-04T22:13:11.869375Z,0.938420832157135,0.3312875926494598,0.0606678128242492,-0.5597865786793002,3807.84375,19.156249999999996,84.625,-0.550882151430076
1.9453125,2026-05-04T22:12:10.453125Z,2026-05-04T22:13:11.877187500Z,0.9381240010261536,0.3317065834999084,0.0614827871322631,-0.5608242496833951,3809.796875,17.20312499999999,89.31250000000003,-0.5545646527294172
1.953125,2026-05-04T22:12:10.460937Z,2026-05-04T22:13:11.885000Z,0.9385926723480223,0.3313341438770294,0.0625437870621681,-0.5562988669430091,3811.75,15.249999999999979,94.00000000000006,-0.5582471540287584
1.9609375,2026-05-04T22:12:10.468750Z,2026-05-04T22:13:11.892812500Z,0.9379677772521972,0.33172208070755,0.0628820732235908,-0.5616379389342234,3812.2265625,13.859374999999995,96.01562499999996,-0.5591617621570996
1.96875,2026-05-04T22:12:10.476562Z,2026-05-04T22:13:11.900625Z,0.93876451253891,0.3314272463321686,0.0637893080711364,-0.5532543936537839,3810.078125,13.468749999999995,93.28124999999997,-0.5551556713147744
1.9765625,2026-05-04T22:12:10.484375Z,2026-05-04T22:13:11.908437500Z,0.9378427863121032,0.3312720656394958,0.0637124255299568,-0.5597413843072228,3807.9296875,13.078124999999995,90.54687499999997,-0.5511495804724491
1.984375,2026-05-04T22:12:10.492187Z,2026-05-04T22:13:11.916250Z,0.9387176036834716,0.3311789631843567,0.0649733245372772,-0.553760797429947,3805.78125,12.687499999999996,87.81249999999997,-0.5471434896301239
1.9921875,2026-05-04T22:12:10.500000Z,2026-05-04T22:13:11.924062500Z,0.9380146265029908,0.3314893245697021,0.0654961317777633,-0.5600051360886781,3803.6328125,12.296874999999996,85.07812499999997,-0.5431373987877988
2.0,2026-05-04T22:12:10.507812Z,2026-05-04T22:13:11.931875Z,0.9382489919662476,0.3315669298171997,0.0659266859292984,-0.5567454431927544,3802.375,11.71874999999999,82.57812499999999,-0.5413283837646341
2.0078125,2026-05-04T22:12:10.515625Z,2026-05-04T22:13:11.939687500Z,0.937936544418335,0.331737607717514,0.0662188455462455,-0.559391190408009,3803.9375,10.546874999999991,80.82031249999999,-0.5464767755021442
2.015625,2026-05-04T22:12:10.523437Z,2026-05-04T22:13:11.947500Z,0.938514530658722,0.3315514028072357,0.0658344253897666,-0.5539379654447364,3805.5,9.374999999999991,79.06249999999999,-0.5516251672396545
2.0234375,2026-05-04T22:12:10.531250Z,2026-05-04T22:13:11.955312500Z,0.9383739233016968,0.3310082852840424,0.0648041740059852,-0.5585264956296042,3807.0625,8.203124999999993,77.30468749999999,-0.5567735589771646
2.03125,2026-05-04T22:12:10.539062Z,2026-05-04T22:13:11.963125Z,0.9382020831108092,0.3309462070465088,0.0634202659130096,-0.5616907575290622,3808.625,7.031249999999994,75.54687499999999,-0.5619219507146748
2.0390625,2026-05-04T22:12:10.546875Z,2026-05-04T22:13:11.970937500Z,0.9386863708496094,0.3310858607292175,0.0628051906824111,-0.5561029012912162,3810.1171875,6.046875000000002,73.32031249999997,-0.5662570856255549
2.046875,2026-05-04T22:12:10.554687Z,2026-05-04T22:13:11.978750Z,0.937952160835266,0.3308841288089752,0.0631588548421859,-0.5591348077627908,3811.09375,6.437500000000002,67.65624999999999,-0.5646283371411485
2.0546875,2026-05-04T22:12:10.562500Z,2026-05-04T22:13:11.986562500Z,0.9385770559310912,0.3308996558189392,0.0627129301428794,-0.5580705392660004,3812.0703125,6.828125000000001,61.992187499999986,-0.5629995886567419
2.0625,2026-05-04T22:12:10.570312Z,2026-05-04T22:13:11.994375Z,0.9386551380157472,0.3312565684318542,0.0616673082113266,-0.5565408747383058,3813.046875,7.218750000000001,56.32812499999999,-0.5613708401723355
2.0703125,2026-05-04T22:12:10.578125Z,2026-05-04T22:13:12.002187500Z,0.9387488961219788,0.3310703635215759,0.0606985688209533,-0.556876324199361,3814.0234375,7.609375,50.66406249999999,-0.559742091687929
2.078125,2026-05-04T22:12:10.585937Z,2026-05-04T22:13:12.010000Z,0.9388113617897034,0.3308375775814056,0.0592531487345695,-0.5581605134176213,3815.0,8.0,45.0,-0.5581133432035226
2.0859375,2026-05-04T22:12:10.593750Z,2026-05-04T22:13:12.017812500Z,0.9389207363128662,0.3309306800365448,0.0578846111893653,-0.5574008269194382,3814.8046875,8.390625,39.72656250000001,-0.5586994494171111
2.09375,2026-05-04T22:12:10.601562Z,2026-05-04T22:13:12.025625Z,0.9383426904678344,0.3305117189884186,0.0561777800321579,-0.5572436608638542,3814.609375,8.78125,34.45312500000001,-0.5592855556306997
2.1015625,2026-05-04T22:12:10.609375Z,2026-05-04T22:13:12.033437500Z,0.9384832978248596,0.3306358456611633,0.0550706535577774,-0.5586796896060312,3814.4140625,9.171874999999998,29.179687500000014,-0.5598716618442884
2.109375,2026-05-04T22:12:10.617187Z,2026-05-04T22:13:12.041250Z,0.9385613799095154,0.3308686316013336,0.0536867380142211,-0.5595878738879971,3814.21875,9.562499999999998,23.906250000000018,-0.560457768057877
2.1171875,2026-05-04T22:12:10.625000Z,2026-05-04T22:13:12.049062500Z,0.93876451253891,0.3307134509086609,0.0520414188504219,-0.5603308340854529,3814.0234375,9.953124999999998,18.63281250000002,-0.5610438742714655
2.125,2026-05-04T22:12:10.632812Z,2026-05-04T22:13:12.056875Z,0.9394206404685974,0.3309617340564728,0.0514109693467617,-0.5556254935858326,3812.796875,9.484375000000004,17.140625000000004,-0.560455389477144
2.1328125,2026-05-04T22:12:10.640625Z,2026-05-04T22:13:12.064687500Z,0.9391550421714784,0.3311479389667511,0.0499347932636737,-0.55872076711087,3811.4296875,8.898437500000004,16.164062500000007,-0.5597067331817439
2.140625,2026-05-04T22:12:10.648437Z,2026-05-04T22:13:12.072500Z,0.9386707544326782,0.3314583003520966,0.0486585199832916,-0.5603174438955101,3810.0625,8.312500000000004,15.187500000000007,-0.5589580768863437
2.1484375,2026-05-04T22:12:10.656250Z,2026-05-04T22:13:12.080312500Z,0.9384520649909972,0.331411749124527,0.0475667640566825,-0.557006324841004,3808.6953125,7.726562500000004,14.210937500000007,-0.5582094205909436
2.15625,2026-05-04T22:12:10.664062Z,2026-05-04T22:13:12.088125Z,0.9391081929206848,0.3312720656394958,0.0460905879735946,-0.5608760950954388,3807.328125,7.140625000000005,13.234375000000009,-0.5574607642955435
2.1640625,2026-05-04T22:12:10.671875Z,2026-05-04T22:13:12.095937500Z,0.9387176036834716,0.3311634659767151,0.0442453697323799,-0.5573190684529258,3806.5546875,7.593749999999992,11.218750000000023,-0.5558611191504511
2.171875,2026-05-04T22:12:10.679687Z,2026-05-04T22:13:12.103750Z,0.9390456676483154,0.3314427733421326,0.0429690927267074,-0.5615941662017528,3805.96875,8.374999999999991,8.875000000000025,-0.5539927406844034
2.1796875,2026-05-04T22:12:10.687500Z,2026-05-04T22:13:12.111562500Z,0.9386551380157472,0.331380695104599,0.0424462854862213,-0.5566365800278804,3805.3828125,9.156249999999991,6.5312500000000275,-0.5521243622183557
2.1875,2026-05-04T22:12:10.695312Z,2026-05-04T22:13:12.119375Z,0.9388113617897034,0.3315514028072357,0.0425846725702285,-0.559180056273245,3804.796875,9.937499999999991,4.187500000000029,-0.550255983752308
2.1953125,2026-05-04T22:12:10.703125Z,2026-05-04T22:13:12.127187500Z,0.938873827457428,0.331737607717514,0.0426923111081123,-0.5607769174245625,3804.2109375,10.71874999999999,1.843750000000032,-0.5483876052862603
2.203125,2026-05-04T22:12:10.710937Z,2026-05-04T22:13:12.135000Z,0.938389539718628,0.3315669298171997,0.0416005589067935,-0.5539910131563198,3804.25,10.625000000000009,1.7499999999999833,-0.5483087720606772
2.2109375,2026-05-04T22:12:10.718750Z,2026-05-04T22:13:12.142812500Z,0.9387019872665404,0.3316755294799805,0.0406471937894821,-0.5575234011655189,3804.640625,10.039062500000009,2.9218749999999822,-0.5492365580328552
2.21875,2026-05-04T22:12:10.726562Z,2026-05-04T22:13:12.150625Z,0.9390925765037536,0.3311169147491455,0.0401243828237056,-0.5594086547758642,3805.03125,9.453125000000009,4.093749999999981,-0.5501643440050333
2.2265625,2026-05-04T22:12:10.734375Z,2026-05-04T22:13:12.158437500Z,0.9389519691467284,0.3310082852840424,0.0402166470885276,-0.5574962306839193,3805.421875,8.86718750000001,5.26562499999998,-0.5510921299772115
2.234375,2026-05-04T22:12:10.742187Z,2026-05-04T22:13:12.166250Z,0.9387488961219788,0.331411749124527,0.0404165424406528,-0.5568374729523471,3805.8125,8.28125000000001,6.437499999999979,-0.5520199159493896
2.2421875,2026-05-04T22:12:10.750000Z,2026-05-04T22:13:12.174062500Z,0.938639521598816,0.3316755294799805,0.0408470928668975,-0.5569236467183186,3805.796875,9.015624999999963,9.335937499999917,-0.551823171570338
2.25,2026-05-04T22:12:10.757812Z,2026-05-04T22:13:12.181875Z,0.9388425946235656,0.3314583003520966,0.0420157313346862,-0.5588220350459197,3805.40625,10.968749999999961,13.828124999999913,-0.5505883991747665
2.2578125,2026-05-04T22:12:10.765625Z,2026-05-04T22:13:12.189687500Z,0.9390456676483154,0.331411749124527,0.0422925129532814,-0.5611246870694553,3805.015625,12.92187499999996,18.320312499999908,-0.5493536267791951
2.265625,2026-05-04T22:12:10.773437Z,2026-05-04T22:13:12.197500Z,0.9389675855636596,0.331023782491684,0.0424924120306968,-0.5587592747825696,3804.625,14.874999999999957,22.812499999999904,-0.5481188543836236
2.2734375,2026-05-04T22:12:10.781250Z,2026-05-04T22:13:12.205312500Z,0.9386239051818848,0.3312410414218903,0.0426923111081123,-0.5557609316269743,3804.234375,16.828124999999957,27.3046874999999,-0.5468840819880522
2.28125,2026-05-04T22:12:10.789062Z,2026-05-04T22:13:12.213125Z,0.938295841217041,0.3312565684318542,0.0437994450330734,-0.5526463242154129,3805.25,16.671875000000078,32.26562499999987,-0.5458440131879165
2.2890625,2026-05-04T22:12:10.796875Z,2026-05-04T22:13:12.220937500Z,0.9389519691467284,0.330822080373764,0.0454908944666385,-0.5592276298893734,3808.375,13.35156250000008,37.929687499999865,-0.5450959997809346
2.296875,2026-05-04T22:12:10.804687Z,2026-05-04T22:13:12.228750Z,0.9387488961219788,0.3310082852840424,0.0461059659719467,-0.5579988817302629,3811.5,10.031250000000083,43.59374999999986,-0.5443479863739527
2.3046875,2026-05-04T22:12:10.812500Z,2026-05-04T22:13:12.236562500Z,0.93924880027771,0.3307910263538361,0.0475821420550346,-0.5604535486368689,3814.625,6.710937500000086,49.25781249999985,-0.5435999729669707
2.3125,2026-05-04T22:12:10.820312Z,2026-05-04T22:13:12.244375Z,0.9386239051818848,0.3309772312641144,0.0486738942563533,-0.557925774823288,3817.75,3.3906250000000893,54.92187499999985,-0.5428519595599888
2.3203125,2026-05-04T22:12:10.828125Z,2026-05-04T22:13:12.252187500Z,0.9398267865180968,0.3308065533638,0.0505037382245063,-0.5520785330787127,3819.6171875,1.0546874999999953,60.47656249999987,-0.5436601155468075
2.328125,2026-05-04T22:12:10.835937Z,2026-05-04T22:13:12.260000Z,0.9387019872665404,0.3308841288089752,0.0515647381544113,-0.5601347640332744,3818.25,1.2499999999999973,65.74999999999993,-0.5484698499748285
2.3359375,2026-05-04T22:12:10.843750Z,2026-05-04T22:13:12.267812500Z,0.9390144348144532,0.3310393095016479,0.0531024187803268,-0.5588372802478979,3816.8828125,1.4453124999999993,71.02343749999999,-0.5532795844028495
2.34375,2026-05-04T22:12:10.851562Z,2026-05-04T22:13:12.275625Z,0.938170850276947,0.3310548365116119,0.0539020150899887,-0.5560315483049575,3815.515625,1.6406250000000013,76.29687500000003,-0.5580893188308704
2.3515625,2026-05-04T22:12:10.859375Z,2026-05-04T22:13:12.283437500Z,0.9388582110404968,0.3307910263538361,0.0553474351763725,-0.5603722839160041,3814.1484375,1.8359375000000033,81.57031250000009,-0.5628990532588914
2.359375,2026-05-04T22:12:10.867187Z,2026-05-04T22:13:12.291250Z,0.9385613799095154,0.3306048214435577,0.056546825915575,-0.5602739884267504,3813.15625,2.375000000000058,86.31250000000004,-0.5664501323393837
2.3671875,2026-05-04T22:12:10.875000Z,2026-05-04T22:13:12.299062500Z,0.9391394257545472,0.3311013877391815,0.0580845102667808,-0.5541560947545147,3814.1328125,4.718750000000056,88.26562500000004,-0.5633932708453508
2.375,2026-05-04T22:12:10.882812Z,2026-05-04T22:13:12.306875Z,0.9387801289558412,0.3311944901943207,0.0591455101966857,-0.5571637810354652,3815.109375,7.062500000000054,90.21875000000004,-0.560336409351318
2.3828125,2026-05-04T22:12:10.890625Z,2026-05-04T22:13:12.314687500Z,0.9378896355628968,0.3312875926494598,0.060775451362133,-0.5583019133727517,3816.0859375,9.406250000000052,92.17187500000004,-0.5572795478572853
2.390625,2026-05-04T22:12:10.898437Z,2026-05-04T22:13:12.322500Z,0.9376709461212158,0.3308996558189392,0.062267005443573,-0.5552841158599294,3817.0625,11.75000000000005,94.12500000000004,-0.5542226863632524
2.3984375,2026-05-04T22:12:10.906250Z,2026-05-04T22:13:12.330312500Z,0.937952160835266,0.3311013877391815,0.0625745356082916,-0.5594685813210122,3817.90625,14.023437500000012,95.92187499999996,-0.551238670315073
2.40625,2026-05-04T22:12:10.914062Z,2026-05-04T22:13:12.338125Z,0.9405922293663024,0.331411749124527,0.0631127282977104,-0.5330000771931188,3815.5625,14.60937500000001,93.96874999999996,-0.5500029449673719
2.4140625,2026-05-04T22:12:10.921875Z,2026-05-04T22:13:12.345937500Z,0.9395768046379088,0.3310082852840424,0.063604786992073,-0.545785477817181,3813.21875,15.19531250000001,92.01562499999996,-0.5487672196196708
2.421875,2026-05-04T22:12:10.929687Z,2026-05-04T22:13:12.353750Z,0.9379209280014038,0.3308531045913696,0.0634971484541893,-0.5587904736687977,3810.875,15.78125000000001,90.06249999999997,-0.5475314942719697
2.4296875,2026-05-04T22:12:10.937500Z,2026-05-04T22:13:12.361562500Z,0.9379990100860596,0.3310082852840424,0.0644043758511543,-0.5609145930932402,3808.53125,16.36718750000001,88.10937499999997,-0.5462957689242687
2.4375,2026-05-04T22:12:10.945312Z,2026-05-04T22:13:12.369375Z,0.9372960329055786,0.331396222114563,0.0650809630751609,-0.5550299515650874,3806.1875,16.95312500000001,86.15624999999997,-0.5450600435765676
2.4453125,2026-05-04T22:12:10.953125Z,2026-05-04T22:13:12.377187500Z,0.93828022480011,0.3316600322723389,0.0654961317777633,-0.5564884369592101,3809.0546875,17.179687500000004,83.30468749999996,-0.5436318087442621
2.453125,2026-05-04T22:12:10.960937Z,2026-05-04T22:13:12.385000Z,0.9386707544326782,0.3316289782524109,0.0653116106986999,-0.5523324962195053,3812.375,17.375000000000004,80.37499999999996,-0.5421868339567737
2.4609375,2026-05-04T22:12:10.968750Z,2026-05-04T22:13:12.392812500Z,0.9390300512313844,0.3317686319351196,0.0648503080010414,-0.5480532641873007,3815.6953125,17.570312500000004,77.44531249999996,-0.5407418591692853
2.46875,2026-05-04T22:12:10.976562Z,2026-05-04T22:13:12.400625Z,0.938061535358429,0.3308996558189392,0.0634663924574852,-0.5604215103550955,3819.015625,17.765625000000004,74.51562499999996,-0.5392968843817968
2.4765625,2026-05-04T22:12:10.984375Z,2026-05-04T22:13:12.408437500Z,0.937827169895172,0.3310703635215759,0.063589408993721,-0.558613214075066,3822.3359375,17.960937500000004,71.58593749999997,-0.5378519095943084
2.484375,2026-05-04T22:12:10.992187Z,2026-05-04T22:13:12.416250Z,0.9378427863121032,0.331396222114563,0.0630973502993583,-0.5596586392857367,3820.8125,16.43749999999998,67.09374999999994,-0.5399325103390828
2.4921875,2026-05-04T22:12:11.000000Z,2026-05-04T22:13:12.424062500Z,0.9387019872665404,0.3317065834999084,0.0622208714485168,-0.5539775708065382,3818.078125,14.48437499999998,62.21093749999995,-0.542894504966923
2.5,2026-05-04T22:12:11.007812Z,2026-05-04T22:13:12.431875Z,0.9385457634925842,0.3312875926494598,0.061436653137207,-0.5580239990332496,3815.34375,12.531249999999982,57.32812499999996,-0.5458564995947632
2.5078125,2026-05-04T22:12:11.015625Z,2026-05-04T22:13:12.439687500Z,0.9391550421714784,0.3312255144119263,0.0605755522847175,-0.5519450596739487,3812.609375,10.578124999999984,52.445312499999964,-0.5488184942226034
2.515625,2026-05-04T22:12:11.023437Z,2026-05-04T22:13:12.447500Z,0.9389207363128662,0.3308686316013336,0.0594069138169288,-0.5568421120698875,3809.875,8.624999999999986,47.562499999999964,-0.5517804888504436
2.5234375,2026-05-04T22:12:11.031250Z,2026-05-04T22:13:12.455312500Z,0.937952160835266,0.331023782491684,0.0585765689611434,-0.5563137990565844,3810.59375,8.664062500000005,43.87499999999998,-0.5518319417924041
2.53125,2026-05-04T22:12:11.039062Z,2026-05-04T22:13:12.463125Z,0.9384520649909972,0.3312100172042847,0.0578077211976051,-0.5617951629568588,3812.9375,9.640625000000005,40.749999999999986,-0.5505137280586565
2.5390625,2026-05-04T22:12:11.046875Z,2026-05-04T22:13:12.470937500Z,0.9384520649909972,0.3312100172042847,0.0561008974909782,-0.5610278138654463,3815.28125,10.617187500000004,37.624999999999986,-0.549195514324909
2.546875,2026-05-04T22:12:11.054687Z,2026-05-04T22:13:12.478750Z,0.9388425946235656,0.3305737972259521,0.0539942756295204,-0.5615881123661853,3817.625,11.593750000000004,34.499999999999986,-0.5478773005911615
2.5546875,2026-05-04T22:12:11.062500Z,2026-05-04T22:13:12.486562500Z,0.9391081929206848,0.3304961919784546,0.0526872426271438,-0.5606222747729555,3819.96875,12.570312500000002,31.374999999999993,-0.5465590868574138
2.5625,2026-05-04T22:12:11.070312Z,2026-05-04T22:13:12.494375Z,0.9389832019805908,0.3306048214435577,0.0513187050819397,-0.56167429676796,3819.6875,11.906249999999996,26.71874999999999,-0.5468160191729217
2.5703125,2026-05-04T22:12:11.078125Z,2026-05-04T22:13:12.502187500Z,0.9396861791610718,0.3308686316013336,0.0510880574584007,-0.5534368515487476,3817.34375,9.953124999999998,20.859374999999996,-0.5483105662414159
2.578125,2026-05-04T22:12:11.085937Z,2026-05-04T22:13:12.510000Z,0.938155233860016,0.331023782491684,0.0503960996866226,-0.5535269028469316,3815.0,8.0,15.0,-0.5498051133099102
2.5859375,2026-05-04T22:12:11.093750Z,2026-05-04T22:13:12.517812500Z,0.938639521598816,0.3316910564899445,0.0489199236035347,-0.5608166394724569,3812.65625,6.046875000000002,9.140625000000005,-0.5512996603784045
2.59375,2026-05-04T22:12:11.101562Z,2026-05-04T22:13:12.525625Z,0.938639521598816,0.3312100172042847,0.0469209402799606,-0.5578174461150325,3810.3125,4.0937500000000036,3.281250000000011,-0.5527942074468988
2.6015625,2026-05-04T22:12:11.109375Z,2026-05-04T22:13:12.533437500Z,0.9393893480300904,0.3308065533638,0.0455370247364044,-0.5600736869467867,3809.171875,3.4296874999999973,0.34374999999999795,-0.5542820965696177
2.609375,2026-05-04T22:12:11.117187Z,2026-05-04T22:13:12.541250Z,0.938873827457428,0.3306513726711273,0.0441838651895523,-0.5567794949455374,3809.5625,4.4062499999999964,1.1249999999999973,-0.555761511943168
2.6171875,2026-05-04T22:12:11.125000Z,2026-05-04T22:13:12.549062500Z,0.939123809337616,0.3315669298171997,0.0434611514210701,-0.5611129934193604,3809.953125,5.382812499999996,1.9062499999999967,-0.5572409273167185
2.625,2026-05-04T22:12:11.132812Z,2026-05-04T22:13:12.556875Z,0.9389519691467284,0.3311324119567871,0.04353803768754,-0.5592709193835059,3810.34375,6.359374999999995,2.687499999999996,-0.5587203426902688
2.6328125,2026-05-04T22:12:11.140625Z,2026-05-04T22:13:12.564687500Z,0.9384832978248596,0.3314272463321686,0.0427076891064643,-0.5548411591314725,3810.734375,7.335937499999994,3.468749999999995,-0.5601997580638192
2.640625,2026-05-04T22:12:11.148437Z,2026-05-04T22:13:12.572500Z,0.9393424987792968,0.331411749124527,0.042461659759283,-0.5596163770362301,3811.0,8.687499999999984,4.312499999999993,-0.5611323902736972
2.6484375,2026-05-04T22:12:11.156250Z,2026-05-04T22:13:12.580312500Z,0.9382176995277404,0.3314893245697021,0.0413237772881984,-0.5514396306976157,3811.0,10.835937499999982,5.289062499999992,-0.5609031082607717
2.65625,2026-05-04T22:12:11.164062Z,2026-05-04T22:13:12.588125Z,0.9386863708496094,0.3316134810447693,0.0410162396728992,-0.5570926037680454,3811.0,12.98437499999998,6.265624999999991,-0.5606738262478461
2.6640625,2026-05-04T22:12:11.171875Z,2026-05-04T22:13:12.595937500Z,0.9385301470756532,0.331396222114563,0.0407855883240699,-0.5543341981712077,3811.0,15.132812499999979,7.24218749999999,-0.5604445442349205
2.671875,2026-05-04T22:12:11.179687Z,2026-05-04T22:13:12.603750Z,0.939233124256134,0.3318307101726532,0.0411085002124309,-0.5598216574629891,3811.0,17.28124999999998,8.21874999999999,-0.5602152622219949
2.6796875,2026-05-04T22:12:11.187500Z,2026-05-04T22:13:12.611562500Z,0.9384676814079284,0.3315669298171997,0.0410316176712513,-0.5544454176710764,3811.625,18.60937500000002,10.015624999999941,-0.5587097429982465
2.6875,2026-05-04T22:12:11.195312Z,2026-05-04T22:13:12.619375Z,0.9382646083831788,0.3315203487873077,0.0408932268619537,-0.5518631694558686,3814.75,16.656250000000025,15.093749999999938,-0.5520992749312065
2.6953125,2026-05-04T22:12:11.203125Z,2026-05-04T22:13:12.627187500Z,0.9394987225532532,0.3315979540348053,0.0421541258692741,-0.5572573084896811,3817.875,14.703125000000027,20.171874999999932,-0.5454888068641663
2.703125,2026-05-04T22:12:11.210937Z,2026-05-04T22:13:12.635000Z,0.9385301470756532,0.3315203487873077,0.0426154285669326,-0.5557705566380658,3821.0,12.750000000000028,25.24999999999993,-0.5388783387971263
2.7109375,2026-05-04T22:12:11.218750Z,2026-05-04T22:13:12.642812500Z,0.9394518733024596,0.3313186466693878,0.0442299954593181,-0.5578636304813398,3824.125,10.79687500000003,30.328124999999925,-0.5322678707300863
2.71875,2026-05-04T22:12:11.226562Z,2026-05-04T22:13:12.650625Z,0.9381083846092224,0.3314893245697021,0.0442453697323799,-0.5516010044439177,3826.75,9.0,35.328124999999936,-0.526711079446786
2.7265625,2026-05-04T22:12:11.234375Z,2026-05-04T22:13:12.658437500Z,0.9393268823623656,0.3313651978969574,0.0449680835008621,-0.5587783212497526,3823.625,9.0,39.42968749999993,-0.5332715711764963
2.734375,2026-05-04T22:12:11.242187Z,2026-05-04T22:13:12.666250Z,0.9384520649909972,0.3308375775814056,0.0454293861985206,-0.5534388650899665,3820.5,9.0,43.53124999999993,-0.5398320629062064
2.7421875,2026-05-04T22:12:11.250000Z,2026-05-04T22:13:12.674062500Z,0.9395455718040466,0.3308686316013336,0.0464442558586597,-0.5575714671459551,3817.375,9.0,47.63281249999992,-0.5463925546359167
2.75,2026-05-04T22:12:11.257812Z,2026-05-04T22:13:12.681875Z,0.938389539718628,0.3305272161960602,0.0475821420550346,-0.5526007822982002,3814.25,9.0,51.73437499999992,-0.5529530463656269
2.7578125,2026-05-04T22:12:11.265625Z,2026-05-04T22:13:12.689687500Z,0.9390456676483154,0.3309617340564728,0.0496426336467266,-0.5610957681390253,3811.125,9.0,55.835937499999915,-0.5595135380953372
2.765625,2026-05-04T22:12:11.273437Z,2026-05-04T22:13:12.697500Z,0.9392800331115724,0.3309617340564728,0.0515493601560592,-0.557263733192735,3812.3125,9.187499999999996,61.062499999999886,-0.5591831015007616
2.7734375,2026-05-04T22:12:11.281250Z,2026-05-04T22:13:12.705312500Z,0.9384676814079284,0.3310082852840424,0.0523489564657211,-0.5582334098729097,3813.6796875,9.382812499999996,66.33593749999989,-0.5585655428926739
2.78125,2026-05-04T22:12:11.289062Z,2026-05-04T22:13:12.713125Z,0.9390769004821776,0.3311013877391815,0.0533638224005699,-0.5579344543383675,3815.046875,9.578124999999995,71.60937499999987,-0.5579479842845863
2.7890625,2026-05-04T22:12:11.296875Z,2026-05-04T22:13:12.720937500Z,0.938170850276947,0.3309617340564728,0.0540096499025821,-0.5555664722732734,3816.4140625,9.773437499999995,76.88281249999987,-0.5573304256764986
2.796875,2026-05-04T22:12:11.304687Z,2026-05-04T22:13:12.728750Z,0.9389207363128662,0.3306358456611633,0.0559009984135627,-0.558226505810541,3817.78125,9.968749999999995,82.15624999999987,-0.5567128670684109
2.8046875,2026-05-04T22:12:11.312500Z,2026-05-04T22:13:12.736562500Z,0.9377959370613098,0.3307600021362305,0.0566083341836929,-0.5500570435121686,3820.953125,9.01562500000002,83.65624999999999,-0.5464154468132183
2.8125,2026-05-04T22:12:11.320312Z,2026-05-04T22:13:12.744375Z,0.9387019872665404,0.3310858607292175,0.0578999891877174,-0.5562211200498549,3824.46875,7.843750000000007,84.4375,-0.5342742433871481
2.8203125,2026-05-04T22:12:11.328125Z,2026-05-04T22:13:12.752187500Z,0.938045859336853,0.3308841288089752,0.0590686202049255,-0.5560202365302497,3827.984375,6.671874999999996,85.21875,-0.522133039961078
2.828125,2026-05-04T22:12:11.335937Z,2026-05-04T22:13:12.760000Z,0.9390144348144532,0.3311944901943207,0.0609753504395484,-0.5500869636892385,3831.5,5.499999999999983,86.00000000000001,-0.5099918365350077
2.8359375,2026-05-04T22:12:11.343750Z,2026-05-04T22:13:12.767812500Z,0.9394049644470216,0.3313341438770294,0.061867207288742,-0.5484487028442899,3835.015625,4.328124999999972,86.78125000000001,-0.49785063310893757
2.84375,2026-05-04T22:12:11.351562Z,2026-05-04T22:13:12.775625Z,0.9381864666938782,0.3311479389667511,0.0626206696033477,-0.560558597712308,3833.75,3.8593749999999947,85.73437499999996,-0.5021569868042405
2.8515625,2026-05-04T22:12:11.359375Z,2026-05-04T22:13:12.783437500Z,0.93876451253891,0.3313186466693878,0.0632664933800697,-0.5574278110061865,3830.625,3.664062499999995,83.97656249999996,-0.5128596127134097
2.859375,2026-05-04T22:12:11.367187Z,2026-05-04T22:13:12.791250Z,0.938061535358429,0.3312255144119263,0.0632972493767738,-0.5600926988060597,3827.5,3.468749999999995,82.21874999999996,-0.5235622386225791
2.8671875,2026-05-04T22:12:11.375000Z,2026-05-04T22:13:12.799062500Z,0.9385770559310912,0.3311324119567871,0.0637893080711364,-0.5571075151730515,3824.375,3.273437499999995,80.46093749999996,-0.5342648645317485
2.875,2026-05-04T22:12:11.382812Z,2026-05-04T22:13:12.806875Z,0.93828022480011,0.331411749124527,0.0632511153817176,-0.559129142627017,3821.25,3.0781249999999956,78.70312499999996,-0.5449674904409179
2.8828125,2026-05-04T22:12:11.390625Z,2026-05-04T22:13:12.814687500Z,0.9390925765037536,0.3313031196594238,0.0642967447638511,-0.5489560851155895,3820.0,5.4609375000000915,77.76562499999999,-0.5490586296876258
2.890625,2026-05-04T22:12:11.398437Z,2026-05-04T22:13:12.822500Z,0.9383270740509032,0.3311479389667511,0.0644658878445625,-0.5594972936855639,3820.0,9.562500000000087,77.37499999999999,-0.5487421111593599
2.8984375,2026-05-04T22:12:11.406250Z,2026-05-04T22:13:12.830312500Z,0.938045859336853,0.3313186466693878,0.0644658878445625,-0.5573271457969851,3820.0,13.664062500000083,76.98437499999999,-0.5484255926310941
2.90625,2026-05-04T22:12:11.414062Z,2026-05-04T22:13:12.838125Z,0.9382020831108092,0.3314737975597382,0.064665786921978,-0.5616361748162669,3820.0,17.76562500000008,76.59374999999999,-0.5481090741028283
2.9140625,2026-05-04T22:12:11.421875Z,2026-05-04T22:13:12.845937500Z,0.9382176995277404,0.331737607717514,0.0639738291501998,-0.5615042589247455,3820.0,21.867187500000078,76.20312499999999,-0.5477925555745624
2.921875,2026-05-04T22:12:11.429687Z,2026-05-04T22:13:12.853750Z,0.9387019872665404,0.3313496708869934,0.0628820732235908,-0.5596155187691926,3818.59375,21.74999999999992,72.99999999999989,-0.5464089821780533
2.9296875,2026-05-04T22:12:11.437500Z,2026-05-04T22:13:12.861562500Z,0.9381864666938782,0.3310858607292175,0.0623438879847526,-0.5547344763623268,3815.6640625,17.062499999999922,66.7499999999999,-0.543869432674281
2.9375,2026-05-04T22:12:11.445312Z,2026-05-04T22:13:12.869375Z,0.9384989142417908,0.3312410414218903,0.0613136366009712,-0.5569660585379516,3812.734375,12.374999999999925,60.4999999999999,-0.5413298831705086
2.9453125,2026-05-04T22:12:11.453125Z,2026-05-04T22:13:12.877187500Z,0.938295841217041,0.3311789631843567,0.0603141486644744,-0.5562396903565016,3809.8046875,7.68749999999993,54.24999999999991,-0.5387903336667362
2.953125,2026-05-04T22:12:11.460937Z,2026-05-04T22:13:12.885000Z,0.9386239051818848,0.3311789631843567,0.059714451432228,-0.5565011202427381,3806.875,2.9999999999999347,47.99999999999991,-0.5362507841629638
2.9609375,2026-05-04T22:12:11.468750Z,2026-05-04T22:13:12.892812500Z,0.9389519691467284,0.3312565684318542,0.0589609891176223,-0.5606253506436351,3805.3515625,1.5468750000000573,42.945312499999964,-0.5357331811100067
2.96875,2026-05-04T22:12:11.476562Z,2026-05-04T22:13:12.900625Z,0.9384520649909972,0.3311324119567871,0.0584381744265556,-0.5526664436453864,3806.328125,5.843750000000054,40.015624999999964,-0.5388101495251653
2.9765625,2026-05-04T22:12:11.484375Z,2026-05-04T22:13:12.908437500Z,0.9390925765037536,0.330822080373764,0.0568236075341701,-0.5567918513093243,3807.3046875,10.14062500000005,37.085937499999964,-0.541887117940324
2.984375,2026-05-04T22:12:11.492187Z,2026-05-04T22:13:12.916250Z,0.938405215740204,0.3310393095016479,0.0550706535577774,-0.5468850009355904,3808.28125,14.437500000000046,34.15624999999997,-0.5449640863554825
2.9921875,2026-05-04T22:12:11.500000Z,2026-05-04T22:13:12.924062500Z,0.939123809337616,0.3310858607292175,0.0538251288235187,-0.5563721506615882,3809.2578125,18.734375000000043,31.22656249999997,-0.5480410547706412
3.0,2026-05-04T22:12:11.507812Z,2026-05-04T22:13:12.931875Z,0.9386082887649536,0.3308996558189392,0.0523028224706649,-0.548866432664881,3809.671875,21.062499999999964,27.96874999999996,-0.5490764468039593
3.0078125,2026-05-04T22:12:11.515625Z,2026-05-04T22:13:12.939687500Z,0.9388894438743592,0.3309306800365448,0.0511956922709941,-0.5525111084275443,3808.3046875,17.156249999999968,23.671874999999964,-0.5436468469614494
3.015625,2026-05-04T22:12:11.523437Z,2026-05-04T22:13:12.947500Z,0.9389675855636596,0.3308686316013336,0.0501346923410892,-0.5514569492826208,3806.9375,13.249999999999972,19.374999999999968,-0.5382172471189394
3.0234375,2026-05-04T22:12:11.531250Z,2026-05-04T22:13:12.955312500Z,0.9387019872665404,0.3311324119567871,0.0489045456051826,-0.5492345126679455,3805.5703125,9.343749999999975,15.078124999999972,-0.5327876472764295
3.03125,2026-05-04T22:12:11.539062Z,2026-05-04T22:13:12.963125Z,0.9392956495285034,0.3312565684318542,0.0485662594437599,-0.5552380759169943,3804.203125,5.43749999999998,10.781249999999975,-0.5273580474339196
3.0390625,2026-05-04T22:12:11.546875Z,2026-05-04T22:13:12.970937500Z,0.9386863708496094,0.3312255144119263,0.0471362136304378,-0.5481613846051568,3803.140625,2.3750000000000138,6.718749999999989,-0.5230459114079542
3.046875,2026-05-04T22:12:11.554687Z,2026-05-04T22:13:12.978750Z,0.9393737316131592,0.3311013877391815,0.0460444614291191,-0.5534366126543776,3804.3125,5.5000000000000115,4.374999999999992,-0.526928510036649
3.0546875,2026-05-04T22:12:11.562500Z,2026-05-04T22:13:12.986562500Z,0.9382176995277404,0.3312410414218903,0.0443222559988498,-0.5400871207323069,3805.484375,8.625000000000009,2.0312499999999942,-0.5308111086653439
3.0625,2026-05-04T22:12:11.570312Z,2026-05-04T22:13:12.994375Z,0.9392018914222716,0.3312720656394958,0.0435226634144783,-0.5504341418118609,3806.65625,11.750000000000005,-0.3125000000000037,-0.5346937072940388
3.0703125,2026-05-04T22:12:11.578125Z,2026-05-04T22:13:13.002187500Z,0.93876451253891,0.3311324119567871,0.0433381386101245,-0.545630712939582,3807.828125,14.875000000000004,-2.6562500000000013,-0.5385763059227335
3.078125,2026-05-04T22:12:11.585937Z,2026-05-04T22:13:13.010000Z,0.9391706585884094,0.3316289782524109,0.0427691973745822,-0.5523899482784896,3809.0,18.0,-5.0,-0.5424589045514284
3.0859375,2026-05-04T22:12:11.593750Z,2026-05-04T22:13:13.017812500Z,0.9386082887649536,0.3316134810447693,0.0422771386802196,-0.5467622092278857,3808.609375,18.1953125,-1.484375000000003,-0.5419469325527165
3.09375,2026-05-04T22:12:11.601562Z,2026-05-04T22:13:13.025625Z,0.9385457634925842,0.3313651978969574,0.041800457984209,-0.5439150294174988,3808.21875,18.390625,2.031249999999994,-0.5414349605540048
3.1015625,2026-05-04T22:12:11.609375Z,2026-05-04T22:13:13.033437500Z,0.9387176036834716,0.3312100172042847,0.0419542267918586,-0.5449081992709084,3807.828125,18.5859375,5.546874999999991,-0.5409229885552929
3.109375,2026-05-04T22:12:11.617187Z,2026-05-04T22:13:13.041250Z,0.9387332201004028,0.3313031196594238,0.0419234707951545,-0.5440492978937416,3807.4375,18.78125,9.062499999999988,-0.540411016556581
3.1171875,2026-05-04T22:12:11.625000Z,2026-05-04T22:13:13.049062500Z,0.9389675855636596,0.3315048515796661,0.0416466891765594,-0.546557681332348,3807.046875,18.9765625,12.578124999999984,-0.5398990445578692
3.125,2026-05-04T22:12:11.632812Z,2026-05-04T22:13:13.056875Z,0.938170850276947,0.3316289782524109,0.0416774414479732,-0.5380334420936842,3808.71875,17.10937500000001,14.89062499999999,-0.5440704257125105
3.1328125,2026-05-04T22:12:11.640625Z,2026-05-04T22:13:13.064687500Z,0.9392018914222716,0.331411749124527,0.0419849790632724,-0.5500509423080294,3810.671875,14.960937500000012,17.039062499999986,-0.5488804459335183
3.140625,2026-05-04T22:12:11.648437Z,2026-05-04T22:13:13.072500Z,0.9387019872665404,0.3310548365116119,0.0420157313346862,-0.5424344211991301,3812.625,12.812500000000014,19.187499999999986,-0.553690466154526
3.1484375,2026-05-04T22:12:11.656250Z,2026-05-04T22:13:13.080312500Z,0.9386082887649536,0.3315669298171997,0.0430921092629432,-0.5431081001477936,3814.578125,10.664062500000016,21.335937499999982,-0.5585004863755337
3.15625,2026-05-04T22:12:11.664062Z,2026-05-04T22:13:13.088125Z,0.9391394257545472,0.3316289782524109,0.0441838651895523,-0.5477962245470347,3816.53125,8.515625000000018,23.484374999999982,-0.5633105065965416
3.1640625,2026-05-04T22:12:11.671875Z,2026-05-04T22:13:13.095937500Z,0.9385301470756532,0.3313186466693878,0.0453371256589889,-0.5390312658529837,3815.6640625,8.445312499999995,28.74999999999994,-0.5614663537631198
3.171875,2026-05-04T22:12:11.679687Z,2026-05-04T22:13:13.103750Z,0.9388894438743592,0.3311944901943207,0.0463827475905418,-0.5426266341954603,3813.90625,9.031249999999993,34.999999999999936,-0.557520883123036
3.1796875,2026-05-04T22:12:11.687500Z,2026-05-04T22:13:13.111562500Z,0.9388269782066344,0.3311324119567871,0.0471362136304378,-0.5425788925243832,3812.1484375,9.617187499999993,41.24999999999993,-0.5535754124829523
3.1875,2026-05-04T22:12:11.695312Z,2026-05-04T22:13:13.119375Z,0.9390144348144532,0.3309151828289032,0.0472746044397354,-0.5437756455605774,3810.390625,10.203124999999993,47.49999999999992,-0.5496299418428686
3.1953125,2026-05-04T22:12:11.703125Z,2026-05-04T22:13:13.127187500Z,0.938389539718628,0.3307444751262665,0.0483048520982265,-0.5368160891967458,3808.6328125,10.789062499999993,53.749999999999915,-0.5456844712027848
3.203125,2026-05-04T22:12:11.710937Z,2026-05-04T22:13:13.135000Z,0.9392800331115724,0.3308375775814056,0.0495657511055469,-0.5476214753436383,3808.5,10.875000000000004,57.624999999999964,-0.5457639887013389
3.2109375,2026-05-04T22:12:11.718750Z,2026-05-04T22:13:13.142812500Z,0.9387488961219788,0.3310858607292175,0.0515032298862934,-0.5434690911555953,3809.28125,10.679687500000004,60.164062499999964,-0.5481075620278769
3.21875,2026-05-04T22:12:11.726562Z,2026-05-04T22:13:13.150625Z,0.9390144348144532,0.3311169147491455,0.0528717637062072,-0.5470843362971362,3810.0625,10.484375000000004,62.70312499999996,-0.550451135354415
3.2265625,2026-05-04T22:12:11.734375Z,2026-05-04T22:13:13.158437500Z,0.9386707544326782,0.3311013877391815,0.0543940737843513,-0.5436604697423447,3810.84375,10.289062500000004,65.24218749999996,-0.552794708680953
3.234375,2026-05-04T22:12:11.742187Z,2026-05-04T22:13:13.166250Z,0.9388582110404968,0.3308375775814056,0.0555319562554359,-0.5450011706973605,3811.625,10.093750000000004,67.78124999999996,-0.555138282007491
3.2421875,2026-05-04T22:12:11.750000Z,2026-05-04T22:13:13.174062500Z,0.9387019872665404,0.3305272161960602,0.0561008974909782,-0.5423346959959267,3812.40625,14.773437499999828,80.98437499999957,-0.556804991731289
3.25,2026-05-04T22:12:11.757812Z,2026-05-04T22:13:13.181875Z,0.9388269782066344,0.3307600021362305,0.0570696368813514,-0.5454339467960091,3813.1875,23.95312499999982,104.03124999999955,-0.5578469042833268
3.2578125,2026-05-04T22:12:11.765625Z,2026-05-04T22:13:13.189687500Z,0.9382176995277404,0.3308996558189392,0.0580845102667808,-0.5401760200689706,3813.96875,33.13281249999981,127.07812499999953,-0.5588888168353646
3.265625,2026-05-04T22:12:11.773437Z,2026-05-04T22:13:13.197500Z,0.9382020831108092,0.3311013877391815,0.0591301321983337,-0.5424170697533507,3814.75,42.3124999999998,150.12499999999952,-0.5599307293874025
3.2734375,2026-05-04T22:12:11.781250Z,2026-05-04T22:13:13.205312500Z,0.9384364485740662,0.3309617340564728,0.0604679137468338,-0.5456601705396127,3815.53125,51.492187499999794,173.1718749999995,-0.5609726419394403
3.28125,2026-05-04T22:12:11.789062Z,2026-05-04T22:13:13.213125Z,0.93876451253891,0.3311634659767151,0.0612213760614395,-0.5498266726703799,3814.828125,59.96874999999983,177.31250000000057,-0.5580516978544549
3.2890625,2026-05-04T22:12:11.796875Z,2026-05-04T22:13:13.220937500Z,0.920018196105957,0.3249718844890594,0.0595760568976402,-0.310807840466669,3811.8984375,67.39062499999983,153.09375000000057,-0.5491864688139336
3.296875,2026-05-04T22:12:11.804687Z,2026-05-04T22:13:13.228750Z,0.9838181138038636,0.3271909356117249,0.0652193501591682,-0.07708347999928071,3808.96875,74.81249999999982,128.8750000000006,-0.5403212397734124
3.3046875,2026-05-04T22:12:11.812500Z,2026-05-04T22:13:13.236562500Z,0.881557047367096,0.327858179807663,0.0021436437964439,0.13530057806936666,3806.0390625,82.23437499999982,104.65625000000063,-0.5314560107328912
3.3125,2026-05-04T22:12:11.820312Z,2026-05-04T22:13:13.244375Z,0.9733982682228088,0.3713698089122772,0.0499347932636737,-0.026792883931979324,3803.109375,89.6562499999998,80.43750000000064,-0.52259078169237
3.3203125,2026-05-04T22:12:11.828125Z,2026-05-04T22:13:13.252187500Z,0.8793855905532837,0.3572176694869995,0.0661880895495414,0.0028185637327045234,3802.203125,88.05468750000061,59.66406250000029,-0.5180657549242844
3.328125,2026-05-04T22:12:11.835937Z,2026-05-04T22:13:13.260000Z,0.9539177417755128,0.3788648545742035,0.1627237498760223,-0.07147626875000775,3806.5,63.250000000000355,47.75000000000017,-0.5247012482853207
3.3359375,2026-05-04T22:12:11.843750Z,2026-05-04T22:13:13.267812500Z,0.9281259775161744,0.3527020215988159,0.1753481179475784,-0.4443076470964079,3810.796875,38.4453125000001,35.83593750000004,-0.5313367416463569
3.34375,2026-05-04T22:12:11.851562Z,2026-05-04T22:13:13.275625Z,0.9393893480300904,0.3609729409217834,0.1255887299776077,-0.37456357578988186,3815.09375,13.640624999999849,23.921874999999922,-0.5379722350073932
3.3515625,2026-05-04T22:12:11.859375Z,2026-05-04T22:13:13.283437500Z,0.9179092645645142,0.3358342945575714,0.0277306698262691,-0.3106099201605531,3819.390625,-11.164062500000403,12.007812499999801,-0.5446077283684294
3.359375,2026-05-04T22:12:11.867187Z,2026-05-04T22:13:13.291250Z,0.9316253066062928,0.3228925168514252,-0.0202911328524351,-0.41047916801934065,3822.21875,-38.90625000000107,5.187500000000496,-0.5498899040257934
3.3671875,2026-05-04T22:12:11.875000Z,2026-05-04T22:13:13.299062500Z,0.9434822797775269,0.3023470938205719,0.0025741942226886,-0.4646099542101867,3817.3359375,-82.07031250000104,25.109375000000476,-0.5480671617388794
3.375,2026-05-04T22:12:11.882812Z,2026-05-04T22:13:13.306875Z,0.9403891563415528,0.3066455125808716,0.0563930571079254,-0.4641280711992985,3812.453125,-125.23437500000101,45.03125000000046,-0.5462444194519652
3.3828125,2026-05-04T22:12:11.890625Z,2026-05-04T22:13:13.314687500Z,0.946731686592102,0.3431896567344666,0.0935588255524635,-0.4114759542781679,3807.5703125,-168.39843750000097,64.95312500000044,-0.5444216771650512
3.390625,2026-05-04T22:12:11.898437Z,2026-05-04T22:13:13.322500Z,0.8864623308181763,0.3172596096992493,0.097664438188076,0.06706095031429515,3802.6875,-211.56250000000094,84.87500000000043,-0.542598934878137
3.3984375,2026-05-04T22:12:11.906250Z,2026-05-04T22:13:13.330312500Z,1.012796759605408,0.301167756319046,0.166029766201973,0.287514971330822,3798.3671875,-251.031249999999,103.85156249999993,-0.5403136219239227
3.40625,2026-05-04T22:12:11.914062Z,2026-05-04T22:13:13.338125Z,0.970086395740509,0.2278621941804886,0.1324929296970367,-0.4873048449223344,3807.546875,-201.81249999999903,100.14062499999993,-0.5269266129545085
3.4140625,2026-05-04T22:12:11.921875Z,2026-05-04T22:13:13.345937500Z,1.0251225233078,0.2538232803344727,0.1125184446573257,0.19492595737786142,3816.7265625,-152.5937499999991,96.42968749999993,-0.5135396039850942
3.421875,2026-05-04T22:12:11.929687Z,2026-05-04T22:13:13.353750Z,0.936264991760254,0.252131849527359,0.0500424318015575,-0.22292993619656654,3825.90625,-103.37499999999912,92.71874999999993,-0.5001525950156801
3.4296875,2026-05-04T22:12:11.937500Z,2026-05-04T22:13:13.361562500Z,0.9646499752998352,0.292245090007782,0.0477205328643322,-0.44196394841972336,3835.0859375,-54.15624999999916,89.00781249999994,-0.48676558604626585
3.4375,2026-05-04T22:12:11.945312Z,2026-05-04T22:13:13.369375Z,0.9326719641685486,0.261070042848587,0.0337122529745101,-0.20114448837517934,3844.265625,-4.937499999999208,85.29687499999994,-0.4733785770768516
3.4453125,2026-05-04T22:12:11.953125Z,2026-05-04T22:13:13.377187500Z,0.9906917214393616,0.2752376794815063,0.0503807216882705,-0.1973436439671154,3839.7890625,31.882812500000544,112.31250000000045,-0.48406225408843445
3.453125,2026-05-04T22:12:11.960937Z,2026-05-04T22:13:13.385000Z,0.9510433077812196,0.2765567004680634,0.0286994092166423,-0.463088043890942,3834.125,67.62500000000051,142.00000000000043,-0.4968390342287992
3.4609375,2026-05-04T22:12:11.968750Z,2026-05-04T22:13:13.392812500Z,0.9573545455932616,0.3239942789077759,0.0726617276668548,-0.3901949779718342,3828.4609375,103.36718750000048,171.6875000000004,-0.509615814369164
3.46875,2026-05-04T22:12:11.976562Z,2026-05-04T22:13:13.400625Z,0.934609055519104,0.3452845513820648,0.1306169480085373,-0.4911881293935494,3822.796875,139.10937500000045,201.37500000000037,-0.5223925945095288
3.4765625,2026-05-04T22:12:11.984375Z,2026-05-04T22:13:13.408437500Z,0.9291257858276368,0.3832253217697144,0.1476390957832336,-0.35989998392371053,3817.1328125,174.85156250000043,231.06250000000034,-0.5351693746498936
3.484375,2026-05-04T22:12:11.992187Z,2026-05-04T22:13:13.416250Z,0.8952418565750122,0.380773514509201,0.0725387185811996,-0.279141239662862,3818.1875,196.5312500000002,193.0937499999994,-0.5311431985224805
3.4921875,2026-05-04T22:12:12.000000Z,2026-05-04T22:13:13.424062500Z,0.9217053651809692,0.3799976408481598,-0.0090353023260831,-0.5370274307693002,3820.921875,214.69531250000017,138.21093749999946,-0.5229162833281235
3.5,2026-05-04T22:12:12.007812Z,2026-05-04T22:13:13.431875Z,0.9194714426994324,0.3500484824180603,-0.0687127336859703,-0.4082480669683694,3823.65625,232.85937500000017,83.32812499999952,-0.5146893681337663
3.5078125,2026-05-04T22:12:12.015625Z,2026-05-04T22:13:13.439687500Z,0.940404772758484,0.3633781969547272,-0.0356218218803405,-0.44388106890929047,3826.390625,251.02343750000014,28.445312499999567,-0.5064624529394092
3.515625,2026-05-04T22:12:12.023437Z,2026-05-04T22:13:13.447500Z,0.9091922044754028,0.3960118889808655,0.0350192785263061,-0.4828904575951424,3829.125,269.1875000000001,-26.437500000000384,-0.498235537745052
3.5234375,2026-05-04T22:12:12.031250Z,2026-05-04T22:13:13.455312500Z,0.8948356509208679,0.4506341814994812,0.1031847149133682,-0.4619528465277989,3827.609375,246.97656249999974,-73.75000000000027,-0.5035519709215921
3.53125,2026-05-04T22:12:12.039062Z,2026-05-04T22:13:13.463125Z,0.8729493618011475,0.4505565762519836,0.1111499071121216,-0.43809215021776887,3824.09375,205.76562499999977,-117.50000000000024,-0.5152417445079659
3.5390625,2026-05-04T22:12:12.046875Z,2026-05-04T22:13:13.470937500Z,0.9158627390861512,0.4226402640342712,0.0778437182307243,-0.4106081433041018,3820.578125,164.5546874999998,-161.2500000000002,-0.5269315180943397
3.546875,2026-05-04T22:12:12.054687Z,2026-05-04T22:13:13.478750Z,0.9228770136833192,0.3729215562343597,-0.0137713607400655,-0.5174699566341892,3817.0625,123.34374999999984,-205.00000000000017,-0.5386212916807136
3.5546875,2026-05-04T22:12:12.062500Z,2026-05-04T22:13:13.486562500Z,0.9333437085151672,0.357528030872345,-0.0750633552670478,-0.525057948590382,3813.546875,82.13281249999989,-248.75000000000014,-0.5503110652670874
3.5625,2026-05-04T22:12:12.070312Z,2026-05-04T22:13:13.494375Z,0.9195807576179504,0.3546106815338135,-0.0722340196371078,-0.42936227310766323,3807.1875,30.859374999999893,-257.28124999999994,-0.5432207325352195
3.5703125,2026-05-04T22:12:12.078125Z,2026-05-04T22:13:13.502187500Z,0.922252118587494,0.3666679263114929,-0.0126181002706289,-0.48017926891903245,3798.59375,-28.320312500000057,-238.14062499999997,-0.5213746019818761
3.578125,2026-05-04T22:12:12.085937Z,2026-05-04T22:13:13.510000Z,0.9152847528457642,0.3614539802074432,0.0397399626672267,-0.38633857392755333,3790.0,-87.50000000000001,-219.0,-0.49952847142853274
3.5859375,2026-05-04T22:12:12.093750Z,2026-05-04T22:13:13.517812500Z,0.9411546587944032,0.3509485125541687,0.0616057962179184,-0.4807477401447619,3781.40625,-146.67968749999997,-199.85937500000003,-0.47768234087518935
3.59375,2026-05-04T22:12:12.101562Z,2026-05-04T22:13:13.525625Z,0.9486375451087952,0.3172130584716797,0.0337737575173378,-0.5476054024123466,3772.8125,-205.85937499999991,-180.71875000000003,-0.45583621032184596
3.6015625,2026-05-04T22:12:12.109375Z,2026-05-04T22:13:13.533437500Z,0.9690085053443908,0.290926069021225,0.0110006909817457,-0.4162710266373456,3769.890625,-233.50000000000003,-173.00781249999997,-0.44908541679383357
3.609375,2026-05-04T22:12:12.117187Z,2026-05-04T22:13:13.541250Z,0.9668214321136476,0.2744618058204651,-0.0051757227629423,-0.49757441800444024,3774.1875,-221.00000000000006,-179.84374999999997,-0.46154687038896997
3.6171875,2026-05-04T22:12:12.125000Z,2026-05-04T22:13:13.549062500Z,0.9574795365333556,0.2773325741291046,-0.0188457127660512,-0.5296821723605611,3778.484375,-208.50000000000006,-186.67968749999997,-0.47400832398410636
3.625,2026-05-04T22:12:12.132812Z,2026-05-04T22:13:13.556875Z,0.9463254809379578,0.2728945314884186,-0.0309318918734788,-0.38974141942445384,3782.78125,-196.00000000000006,-193.51562499999997,-0.4864697775792428
3.6328125,2026-05-04T22:12:12.140625Z,2026-05-04T22:13:13.564687500Z,0.9665089845657348,0.2631804347038269,-0.0237047877162694,-0.5349188417989897,3787.078125,-183.50000000000009,-200.35156249999994,-0.4989312311743792
3.640625,2026-05-04T22:12:12.148437Z,2026-05-04T22:13:13.572500Z,0.9754135012626648,0.2468868941068649,-0.0081434454768896,-0.4840797244637008,3792.0,-161.3125000000003,-187.4375000000004,-0.510620984916259
3.6484375,2026-05-04T22:12:12.156250Z,2026-05-04T22:13:13.580312500Z,0.9864269495010376,0.253047376871109,0.0299756843596696,-0.3320603791086743,3798.25,-118.53906250000034,-132.55468750000043,-0.5206708764699681
3.65625,2026-05-04T22:12:12.164062Z,2026-05-04T22:13:13.588125Z,0.9693521857261658,0.2747566401958466,0.0652808547019958,-0.4416297837686436,3804.5,-75.76562500000037,-77.67187500000048,-0.5307207680236774
3.6640625,2026-05-04T22:12:12.171875Z,2026-05-04T22:13:13.595937500Z,0.9531679153442384,0.2989952862262726,0.0789508521556854,-0.5328009763501248,3810.75,-32.99218750000041,-22.78906250000054,-0.5407706595773867
3.671875,2026-05-04T22:12:12.179687Z,2026-05-04T22:13:13.603750Z,0.942810595035553,0.3029678165912628,0.0553013011813163,-0.46796528203295745,3817.0,9.781249999999554,32.09374999999941,-0.550820551131096
3.6796875,2026-05-04T22:12:12.187500Z,2026-05-04T22:13:13.611562500Z,0.9525117874145508,0.2965279519557953,0.0077100526541471,-0.5372528323742588,3822.0,51.10937499999959,85.41406249999946,-0.5567138017582075
3.6875,2026-05-04T22:12:12.195312Z,2026-05-04T22:13:13.619375Z,0.9498404264450072,0.2897622585296631,-0.0374670401215553,-0.49094962063551373,3822.0,86.65624999999956,132.4843749999994,-0.5459804886789273
3.6953125,2026-05-04T22:12:12.203125Z,2026-05-04T22:13:13.627187500Z,0.9545270204544068,0.3018970787525177,-0.0237047877162694,-0.5407229392232417,3822.0,122.20312499999953,179.55468749999937,-0.5352471755996473
3.703125,2026-05-04T22:12:12.210937Z,2026-05-04T22:13:13.635000Z,0.9415920376777648,0.3329945504665375,0.0406164415180683,-0.5611709849325968,3822.0,157.74999999999952,226.62499999999932,-0.5245138625203671
3.7109375,2026-05-04T22:12:12.218750Z,2026-05-04T22:13:13.642812500Z,0.9212679266929626,0.3758233785629272,0.1110730245709419,-0.5435592670201115,3822.0,193.2968749999995,273.69531249999926,-0.513780549441087
3.71875,2026-05-04T22:12:12.226562Z,2026-05-04T22:13:13.650625Z,0.905193030834198,0.4024983048439026,0.1420880556106567,-0.5483158394624352,3822.421875,225.92187500000003,315.37500000000034,-0.5029320486434712
3.7265625,2026-05-04T22:12:12.234375Z,2026-05-04T22:13:13.658437500Z,0.910520076751709,0.4013499915599823,0.1196225360035896,-0.5316101567384018,3827.6953125,224.94531250000003,295.06250000000034,-0.49075888908499476
3.734375,2026-05-04T22:12:12.242187Z,2026-05-04T22:13:13.666250Z,0.91895592212677,0.380804568529129,0.0602218881249427,-0.5241525745906838,3832.96875,223.96875000000003,274.75000000000034,-0.4785857295265184
3.7421875,2026-05-04T22:12:12.250000Z,2026-05-04T22:13:13.674062500Z,0.9253140091896056,0.368669718503952,0.0156137365847826,-0.5190461980261384,3838.2421875,222.99218750000003,254.43750000000037,-0.466412569968042
3.75,2026-05-04T22:12:12.257812Z,2026-05-04T22:13:13.681875Z,0.9176124334335328,0.3766147792339325,0.0158905200660228,-0.46773226908398735,3843.515625,222.01562500000003,234.1250000000004,-0.4542394104095656
3.7578125,2026-05-04T22:12:12.265625Z,2026-05-04T22:13:13.689687500Z,0.9023810625076294,0.3970670998096466,0.0583920404314994,-0.4131440924923152,3848.7890625,221.03906250000003,213.81250000000043,-0.44206625085108925
3.765625,2026-05-04T22:12:12.273437Z,2026-05-04T22:13:13.697500Z,0.8988348841667175,0.4114519953727722,0.1155630573630333,-0.504292177731598,3842.8125,164.93750000000125,215.43749999999994,-0.4646859248950107
3.7734375,2026-05-04T22:12:12.281250Z,2026-05-04T22:13:13.705312500Z,0.9080674052238464,0.4077122509479523,0.1466088443994522,-0.49031627247333626,3836.3671875,106.5390625000013,217.97656249999994,-0.48875530033903286
3.78125,2026-05-04T22:12:12.289062Z,2026-05-04T22:13:13.713125Z,0.9192214608192444,0.3881754577159882,0.1367984414100647,-0.48086863718256095,3829.921875,48.14062500000134,220.51562499999994,-0.512824675783055
3.7890625,2026-05-04T22:12:12.296875Z,2026-05-04T22:13:13.720937500Z,0.9315783977508544,0.3646196126937866,0.110012024641037,-0.49042951102323784,3823.4765625,-10.257812499998607,223.05468749999994,-0.5368940512270772
3.796875,2026-05-04T22:12:12.304687Z,2026-05-04T22:13:13.728750Z,0.935312032699585,0.3471777141094208,0.0870698094367981,-0.5525755281548688,3817.03125,-68.65624999999856,225.59374999999994,-0.5609634266710993
3.8046875,2026-05-04T22:12:12.312500Z,2026-05-04T22:13:13.736562500Z,0.9289851784706116,0.3385964334011078,0.0740917772054672,-0.45657139266284363,3812.0625,-99.49218749999959,207.46093750000037,-0.5522409802493994
3.8125,2026-05-04T22:12:12.320312Z,2026-05-04T22:13:13.744375Z,0.9293288588523864,0.3308996558189392,0.0735382065176963,-0.42235080668166836,3807.375,-125.07812499999984,185.39062500000014,-0.5372724725199417
3.8203125,2026-05-04T22:12:12.328125Z,2026-05-04T22:13:13.752187500Z,0.9372960329055786,0.3159095644950867,0.0773209035396575,-0.46172748625567983,3802.6875,-150.6640625000001,163.32031249999991,-0.522303964790484
3.828125,2026-05-04T22:12:12.335937Z,2026-05-04T22:13:13.760000Z,0.953464686870575,0.2967296838760376,0.0881154313683509,-0.5423787355422153,3798.0,-176.25000000000037,141.2499999999997,-0.5073354570610263
3.8359375,2026-05-04T22:12:12.343750Z,2026-05-04T22:13:13.767812500Z,0.9661184549331664,0.2831517159938812,0.1093046888709068,-0.4142081790337067,3793.3125,-201.83593750000063,119.17968749999947,-0.4923669493315686
3.84375,2026-05-04T22:12:12.351562Z,2026-05-04T22:13:13.775625Z,0.9671963453292848,0.2819568514823914,0.1291715353727341,-0.37688885428661345,3793.125,-187.6249999999992,96.26562499999937,-0.48793188012639127
3.8515625,2026-05-04T22:12:12.359375Z,2026-05-04T22:13:13.783437500Z,0.958354353904724,0.2852310836315155,0.1331848800182343,-0.4593026599005741,3794.6875,-157.93749999999923,73.0234374999994,-0.48759314812510013
3.859375,2026-05-04T22:12:12.367187Z,2026-05-04T22:13:13.791250Z,0.954683244228363,0.2832292914390564,0.1121801510453224,-0.5418733846987164,3796.25,-128.24999999999926,49.781249999999424,-0.487254416123809
3.8671875,2026-05-04T22:12:12.375000Z,2026-05-04T22:13:13.799062500Z,0.96036958694458,0.2709858417510986,0.0673106014728546,-0.5572769616577047,3797.8125,-98.56249999999929,26.539062499999446,-0.4869156841225179
3.875,2026-05-04T22:12:12.382812Z,2026-05-04T22:13:13.806875Z,0.9563547372817992,0.2631959617137909,0.0233175233006477,-0.4602878381480841,3799.375,-68.8749999999993,3.2968749999994666,-0.48657695212122676
3.8828125,2026-05-04T22:12:12.390625Z,2026-05-04T22:13:13.814687500Z,0.9699614644050598,0.267075389623642,0.029145335778594,-0.49193047350070707,3802.2265625,-34.38281249999916,7.828125000000512,-0.49495031179021975
3.890625,2026-05-04T22:12:12.398437Z,2026-05-04T22:13:13.822500Z,0.9574795365333556,0.284951776266098,0.0716007277369499,-0.5496357382232471,3805.9375,3.3125000000008002,30.87500000000049,-0.509131732572735
3.8984375,2026-05-04T22:12:12.406250Z,2026-05-04T22:13:13.830312500Z,0.9529023170471193,0.3125422298908234,0.1290946453809738,-0.4381842287479401,3809.6484375,41.00781250000077,53.92187500000047,-0.5233131533552502
3.90625,2026-05-04T22:12:12.414062Z,2026-05-04T22:13:13.838125Z,0.934734046459198,0.3373550176620483,0.1441793143749237,-0.5150806734832648,3813.359375,78.70312500000072,76.96875000000044,-0.5374945741377655
3.9140625,2026-05-04T22:12:12.421875Z,2026-05-04T22:13:13.845937500Z,0.9323751330375672,0.3409396111965179,0.1112729236483574,-0.5472349678657769,3817.0703125,116.3984375000007,100.01562500000043,-0.5516759949202807
3.921875,2026-05-04T22:12:12.429687Z,2026-05-04T22:13:13.853750Z,0.9375772476196288,0.328215092420578,0.0507036373019218,-0.5006175255118307,3820.3125,148.75000000000048,96.71874999999943,-0.5545280693256854
3.9296875,2026-05-04T22:12:12.437500Z,2026-05-04T22:13:13.861562500Z,0.9492311477661132,0.3174768388271332,0.0033430363982915,-0.5506403559312769,3823.046875,175.31250000000045,64.88281249999946,-0.545106685155888
3.9375,2026-05-04T22:12:12.445312Z,2026-05-04T22:13:13.869375Z,0.9393737316131592,0.3322186470031738,-0.0128641296178102,-0.5207667160727727,3825.78125,201.87500000000043,33.04687499999949,-0.5356853009860906
3.9453125,2026-05-04T22:12:12.453125Z,2026-05-04T22:13:13.877187500Z,0.919877588748932,0.3716801404953003,0.0101395901292562,-0.46633916772791256,3828.515625,228.4375000000004,1.2109374999995197,-0.5262639168162931
3.953125,2026-05-04T22:12:12.460937Z,2026-05-04T22:13:13.885000Z,0.8983974456787109,0.4083019196987152,0.0502884611487388,-0.4192958022441994,3831.25,255.00000000000037,-30.62500000000045,-0.5168425326464957
3.9609375,2026-05-04T22:12:12.468750Z,2026-05-04T22:13:13.892812500Z,0.9007407426834106,0.4142451882362366,0.0739995166659355,-0.49013659992574615,3830.75,246.68749999999906,-52.61718750000006,-0.5099966023295661
3.96875,2026-05-04T22:12:12.476562Z,2026-05-04T22:13:13.900625Z,0.9157846570014954,0.4039724767208099,0.0594222918152809,-0.5319342875272687,3824.5,176.37499999999912,-57.10937500000006,-0.5077292566399569
3.9765625,2026-05-04T22:12:12.484375Z,2026-05-04T22:13:13.908437500Z,0.9231582283973694,0.3942739069461823,0.0104009956121444,-0.5178871460487119,3818.25,106.06249999999918,-61.60156250000005,-0.5054619109503476
3.984375,2026-05-04T22:12:12.492187Z,2026-05-04T22:13:13.916250Z,0.9167376160621644,0.3896341323852539,-0.0361753851175308,-0.5213134054679542,3812.0,35.74999999999923,-66.09375000000004,-0.5031945652607385
3.9921875,2026-05-04T22:12:12.500000Z,2026-05-04T22:13:13.924062500Z,0.9135195016860962,0.3819063007831573,-0.0438330397009849,-0.4503640795956094,3805.75,-34.56250000000071,-70.58593750000004,-0.5009272195711293
4.0,2026-05-04T22:12:12.507812Z,2026-05-04T22:13:13.931875Z,0.9145193099975586,0.3739302158355713,-0.0316238477826118,-0.416818321418413,3800.015625,-102.34375000000053,-73.34374999999997,-0.4990235320730774
4.0078125,2026-05-04T22:12:12.515625Z,2026-05-04T22:13:13.939687500Z,0.9189715385437012,0.3578849136829376,-0.0248272959142923,-0.3895489170939748,3795.9140625,-162.10937500000048,-70.60937499999997,-0.49827142884829057
4.015625,2026-05-04T22:12:12.523437Z,2026-05-04T22:13:13.947500Z,0.9390300512313844,0.3277185261249542,-0.0202603805810213,-0.48962077982785196,3791.8125,-221.87500000000043,-67.87499999999999,-0.4975193256235037
4.0234375,2026-05-04T22:12:12.531250Z,2026-05-04T22:13:13.955312500Z,0.9621973633766174,0.2893277406692505,-0.0049143154174089,-0.5139557191899302,3787.7109375,-281.6406250000004,-65.14062499999999,-0.4967672223987168
4.03125,2026-05-04T22:12:12.539062Z,2026-05-04T22:13:13.963125Z,0.9796626567840576,0.266454666852951,0.0235789287835359,-0.3832711777317071,3783.609375,-341.40625000000034,-62.406249999999986,-0.49601511917392993
4.0390625,2026-05-04T22:12:12.546875Z,2026-05-04T22:13:13.970937500Z,0.9724609851837158,0.2625131905078888,0.0453063696622848,-0.47168522636249166,3780.421875,-386.9453124999997,-62.15625000000008,-0.49525509331976236
4.046875,2026-05-04T22:12:12.554687Z,2026-05-04T22:13:13.978750Z,0.9663840532302856,0.2622183561325073,0.0525796040892601,-0.5381771226581157,3783.9375,-328.1562499999998,-80.12500000000007,-0.49443696818346977
4.0546875,2026-05-04T22:12:12.562500Z,2026-05-04T22:13:13.986562500Z,0.969633400440216,0.2470420449972153,0.0374641939997673,-0.5557299433530849,3787.453125,-269.36718749999983,-98.09375000000006,-0.4936188430471772
4.0625,2026-05-04T22:12:12.570312Z,2026-05-04T22:13:13.994375Z,0.9834119081497192,0.2252552211284637,0.0067413132637739,-0.46464890800189107,3790.96875,-210.5781249999999,-116.06250000000004,-0.49280071791088453
4.0703125,2026-05-04T22:12:12.578125Z,2026-05-04T22:13:14.002187500Z,0.9895825982093812,0.214749738574028,-0.0233203675597906,-0.4185628074300129,3794.484375,-151.78906249999994,-134.03125000000003,-0.49198259277459194
4.078125,2026-05-04T22:12:12.585937Z,2026-05-04T22:13:14.010000Z,0.9834587574005128,0.2294449955224991,-0.0209830906242132,-0.45381254248799724,3798.0,-93.0,-152.0,-0.49116446763829935
4.0859375,2026-05-04T22:12:12.593750Z,2026-05-04T22:13:14.017812500Z,0.9688678979873656,0.2593941390514374,0.0206419564783573,-0.5393273141711076,3801.90625,-17.21875000000007,-127.58593750000003,-0.5063577969815903
4.09375,2026-05-04T22:12:12.601562Z,2026-05-04T22:13:14.025625Z,0.9532303810119628,0.2963882982730865,0.0724618285894393,-0.5554197568289754,3805.8125,58.56249999999986,-103.17187500000004,-0.5215511263248814
4.1015625,2026-05-04T22:12:12.609375Z,2026-05-04T22:13:14.033437500Z,0.9392018914222716,0.320564866065979,0.0894378423690795,-0.49986002583757644,3809.71875,134.34374999999977,-78.75781250000006,-0.5367444556681724
4.109375,2026-05-04T22:12:12.617187Z,2026-05-04T22:13:14.041250Z,0.9389363527297974,0.3353842794895172,0.0702168196439743,-0.5363847749261526,3813.625,210.12499999999972,-54.343750000000085,-0.5519377850114634
4.1171875,2026-05-04T22:12:12.625000Z,2026-05-04T22:13:14.049062500Z,0.9377647042274476,0.3354618549346924,0.0334662236273288,-0.4997184543127082,3817.53125,285.90624999999966,-29.929687500000107,-0.5671311143547544
4.125,2026-05-04T22:12:12.632812Z,2026-05-04T22:13:14.056875Z,0.9371241927146912,0.3464018404483795,0.017935637384653,-0.5310372920446388,3820.921875,305.31249999999994,1.3593749999998284,-0.5553911260844536
4.1328125,2026-05-04T22:12:12.640625Z,2026-05-04T22:13:14.064687500Z,0.9235956072807312,0.3726732730865479,0.0318362787365913,-0.4936959934799855,3824.2421875,317.03124999999994,33.5859374999998,-0.5399784126850264
4.140625,2026-05-04T22:12:12.648437Z,2026-05-04T22:13:14.072500Z,0.9016780853271484,0.4070449769496918,0.05548582598567,-0.4242355911190763,3827.5625,328.74999999999994,65.81249999999977,-0.5245656992855994
4.1484375,2026-05-04T22:12:12.656250Z,2026-05-04T22:13:14.080312500Z,0.8907739520072937,0.4274196922779083,0.0752450376749038,-0.4227608297831128,3830.8828125,340.4687499999999,98.03906249999974,-0.5091529858861722
4.15625,2026-05-04T22:12:12.664062Z,2026-05-04T22:13:14.088125Z,0.8984443545341492,0.4280404150485992,0.0768288448452949,-0.5109067336222143,3834.203125,352.1874999999999,130.26562499999972,-0.4937402724867451
4.1640625,2026-05-04T22:12:12.671875Z,2026-05-04T22:13:14.095937500Z,0.9055679440498352,0.4144313931465149,0.0585765689611434,-0.5044798129117458,3838.1171875,309.28125000000057,150.02343749999986,-0.48457690943038867
4.171875,2026-05-04T22:12:12.679687Z,2026-05-04T22:13:14.103750Z,0.911457359790802,0.4105364680290222,0.0455677770078182,-0.541303481514797,3842.21875,249.12500000000065,165.84374999999983,-0.4773870254297388
4.1796875,2026-05-04T22:12:12.687500Z,2026-05-04T22:13:14.111562500Z,0.903630793094635,0.4120571911334991,0.0495196208357811,-0.46481364442237844,3846.3203125,188.9687500000007,181.66406249999983,-0.47019714142908897
4.1875,2026-05-04T22:12:12.695312Z,2026-05-04T22:13:14.119375Z,0.898428738117218,0.4155797064304352,0.0751373991370201,-0.4452480209333865,3850.421875,128.81250000000077,197.4843749999998,-0.4630072574284391
4.1953125,2026-05-04T22:12:12.703125Z,2026-05-04T22:13:14.127187500Z,0.9022873044013976,0.4089226126670837,0.0971262529492378,-0.47665150189120803,3854.5234375,68.65625000000082,213.3046874999998,-0.4558173734277893
4.203125,2026-05-04T22:12:12.710937Z,2026-05-04T22:13:14.135000Z,0.9103482365608216,0.3908289968967438,0.0966649428009986,-0.47768632593416743,3847.0,-21.499999999998476,227.6249999999998,-0.4668611605856799
4.2109375,2026-05-04T22:12:12.718750Z,2026-05-04T22:13:14.142812500Z,0.9270949363708496,0.3639057874679565,0.0858550369739532,-0.5298334395784227,3832.9375,-128.53124999999838,241.1015624999998,-0.4881613877702501
4.21875,2026-05-04T22:12:12.726562Z,2026-05-04T22:13:14.150625Z,0.9409828186035156,0.3371222615242004,0.0785356760025024,-0.556704659975049,3818.875,-235.56249999999827,254.57812499999977,-0.5094616149548202
4.2265625,2026-05-04T22:12:12.734375Z,2026-05-04T22:13:14.158437500Z,0.9426699876785278,0.3195872604846954,0.0811036005616188,-0.5214438858334651,3804.8125000000005,-342.5937499999982,268.0546874999998,-0.5307618421393904
4.234375,2026-05-04T22:12:12.742187Z,2026-05-04T22:13:14.166250Z,0.9579638242721558,0.2795981764793396,0.1014471352100372,-0.5478160524199069,3790.7500000000005,-449.62499999999807,281.5312499999998,-0.5520620693239606
4.2421875,2026-05-04T22:12:12.750000Z,2026-05-04T22:13:14.174062500Z,0.9766788482666016,0.2446833699941635,0.0921902880072593,-0.4508028744803372,3786.1328125,-466.57031250000125,260.98437500000097,-0.5582947991218163
4.25,2026-05-04T22:12:12.757812Z,2026-05-04T22:13:14.181875Z,0.9893326163291932,0.2136479765176773,0.042799949645996,-0.42660522309309734,3790.234375,-400.3593750000013,209.03125000000102,-0.5506190697934732
4.2578125,2026-05-04T22:12:12.765625Z,2026-05-04T22:13:14.189687500Z,0.985505223274231,0.2048029005527496,-0.0108651425689458,-0.5036041384070108,3794.3359375,-334.14843750000136,157.07812500000105,-0.5429433404651299
4.265625,2026-05-04T22:12:12.773437Z,2026-05-04T22:13:14.197500Z,0.990847945213318,0.1979751139879227,-0.0033766329288482,-0.45824453946768595,3798.4375,-267.9375000000014,105.1250000000011,-0.5352676111367868
4.2734375,2026-05-04T22:12:12.781250Z,2026-05-04T22:13:14.205312500Z,1.002783179283142,0.2122513949871063,0.0610829889774322,-0.26133538558714575,3802.5390625,-201.72656250000145,53.17187500000114,-0.5275918818084435
4.28125,2026-05-04T22:12:12.789062Z,2026-05-04T22:13:14.213125Z,0.9694927930831908,0.2489817589521408,0.0950042456388473,-0.5170675863477694,3807.109375,-119.57812500000244,18.484375000000203,-0.5194774159844574
4.2890625,2026-05-04T22:12:12.796875Z,2026-05-04T22:13:14.220937500Z,0.9566203355789183,0.2875432074069977,0.0992636308073997,-0.535457619997513,3812.3828125,-13.52343750000255,9.69531250000021,-0.5107048454170068
4.296875,2026-05-04T22:12:12.804687Z,2026-05-04T22:13:14.228750Z,0.944669544696808,0.2955348193645477,0.0660958290100097,-0.44808341080860986,3817.65625,92.53124999999736,0.9062500000002169,-0.501932274849556
4.3046875,2026-05-04T22:12:12.812500Z,2026-05-04T22:13:14.236562500Z,0.9636502265930176,0.2933934032917023,0.0331125557422637,-0.48480033167378755,3822.9296875,198.58593749999724,-7.882812499999776,-0.4931597042821054
4.3125,2026-05-04T22:12:12.820312Z,2026-05-04T22:13:14.244375Z,0.9471534490585328,0.3050316572189331,0.0043425299227237,-0.4852061899983132,3828.203125,304.64062499999716,-16.67187499999977,-0.48438713371465475
4.3203125,2026-05-04T22:12:12.828125Z,2026-05-04T22:13:14.252187500Z,0.935218334197998,0.3459207713603973,0.0124461119994521,-0.5107556932293572,3831.9453125,386.4687499999995,-22.945312500000007,-0.4777572093678068
4.328125,2026-05-04T22:12:12.835937Z,2026-05-04T22:13:14.260000Z,0.902693510055542,0.3873064815998077,0.0419234707951545,-0.34148841416466896,3831.75,405.99999999999943,-22.750000000000007,-0.4766369467310809
4.3359375,2026-05-04T22:12:12.843750Z,2026-05-04T22:13:14.267812500Z,0.9001783728599548,0.4235402941703796,0.0889457836747169,-0.5289260041842552,3831.5546875,425.53124999999943,-22.554687500000007,-0.47551668409435505
4.34375,2026-05-04T22:12:12.851562Z,2026-05-04T22:13:14.275625Z,0.8905396461486816,0.4395545423030853,0.1088280081748962,-0.5306676847378529,3831.359375,445.06249999999943,-22.359375000000007,-0.47439642145762917
4.3515625,2026-05-04T22:12:12.859375Z,2026-05-04T22:13:14.283437500Z,0.8978975415229797,0.449237585067749,0.1034307479858398,-0.47273501638637716,3831.1640625,464.5937499999994,-22.164062500000007,-0.4732761588209033
4.359375,2026-05-04T22:12:12.867187Z,2026-05-04T22:13:14.291250Z,0.8885712623596191,0.4488030970096588,0.0778590962290763,-0.5167100064919377,3830.8125,465.2187500000031,-21.031250000000192,-0.47174030129453687
4.3671875,2026-05-04T22:12:12.875000Z,2026-05-04T22:13:14.299062500Z,0.8957886099815369,0.4511462450027466,0.069893904030323,-0.530335182163121,3829.640625,366.58593750000324,-14.976562500000199,-0.4680225705975569
4.375,2026-05-04T22:12:12.882812Z,2026-05-04T22:13:14.306875Z,0.8827911615371704,0.4468944072723389,0.0650963336229324,-0.4217245806917218,3828.46875,267.9531250000033,-8.921875000000204,-0.46430483990057697
4.3828125,2026-05-04T22:12:12.890625Z,2026-05-04T22:13:14.314687500Z,0.8894461393356323,0.4385148584842682,0.0652501061558723,-0.4407023181187499,3827.296875,169.3203125000034,-2.8671875000002096,-0.460587109203597
4.390625,2026-05-04T22:12:12.898437Z,2026-05-04T22:13:14.322500Z,0.8940858244895935,0.413267582654953,0.0486123859882354,-0.34027640099864237,3826.125,70.6875000000035,3.187499999999785,-0.4568693785066171
4.3984375,2026-05-04T22:12:12.906250Z,2026-05-04T22:13:14.330312500Z,0.9200962781906128,0.3795786499977112,0.0380946435034275,-0.4462873272596252,3824.7500000000005,-27.398437499996906,9.679687499999382,-0.45208627988897937
4.40625,2026-05-04T22:12:12.914062Z,2026-05-04T22:13:14.338125Z,0.9364524483680724,0.3453621566295624,0.0420926176011562,-0.4658414123093785,3818.5000000000005,-112.35937499999683,26.671874999999368,-0.42173435117553154
4.4140625,2026-05-04T22:12:12.921875Z,2026-05-04T22:13:14.345937500Z,0.9490436911582948,0.3286651074886322,0.0633433759212493,-0.534062436342584,3812.2500000000005,-197.32031249999676,43.66406249999935,-0.3913824224620837
4.421875,2026-05-04T22:12:12.929687Z,2026-05-04T22:13:14.353750Z,0.942810595035553,0.3164837062358856,0.0798273310065269,-0.4067948382477729,3806.0000000000005,-282.2812499999967,60.65624999999934,-0.3610304937486359
4.4296875,2026-05-04T22:12:12.937500Z,2026-05-04T22:13:14.361562500Z,0.9503715634346008,0.2996935844421387,0.0819954574108123,-0.40720695980456995,3799.7500000000005,-367.24218749999665,77.64843749999932,-0.33067856503518805
4.4375,2026-05-04T22:12:12.945312Z,2026-05-04T22:13:14.369375Z,0.9617130756378174,0.2659426033496857,0.0539020150899887,-0.37467182626378526,3793.5000000000005,-452.20312499999653,94.6406249999993,-0.30032663632174017
4.4453125,2026-05-04T22:12:12.953125Z,2026-05-04T22:13:14.377187500Z,0.9818184971809388,0.2315864413976669,0.0164133310317993,-0.46487668345272176,3789.9453125,-443.18750000000074,59.16406250000167,-0.2541710544714742
4.453125,2026-05-04T22:12:12.960937Z,2026-05-04T22:13:14.385000Z,0.9930350184440612,0.2092564702033997,-0.005191097036004,-0.509991221751078,3786.625,-426.00000000000074,19.125000000001705,-0.20664124191365804
4.4609375,2026-05-04T22:12:12.968750Z,2026-05-04T22:13:14.392812500Z,0.9944565892219543,0.2087754309177399,0.0053573995828628,-0.49814388166055007,3783.3046875,-408.81250000000074,-20.91406249999826,-0.15911142935584185
4.46875,2026-05-04T22:12:12.976562Z,2026-05-04T22:13:14.400625Z,0.9831306934356688,0.220289558172226,0.0345118455588817,-0.374241437649015,3779.984375,-391.62500000000074,-60.953124999998224,-0.1115816167980257
4.4765625,2026-05-04T22:12:12.984375Z,2026-05-04T22:13:14.408437500Z,0.97803795337677,0.2337899506092072,0.0565160736441612,-0.33643537022644865,3776.6640625,-374.4375000000008,-100.99218749999818,-0.06405180424020954
4.484375,2026-05-04T22:12:12.992187Z,2026-05-04T22:13:14.416250Z,0.97900652885437,0.2323623150587082,0.0440454706549644,-0.30867009420085273,3778.5,-277.2500000000054,-161.031249999997,-0.0561363704774451
4.4921875,2026-05-04T22:12:13.000000Z,2026-05-04T22:13:14.424062500Z,0.997955858707428,0.2244793325662613,0.010508632287383,-0.4698779973878026,3781.625,-160.0625000000055,-226.07031249999693,-0.05812453141344643
4.5,2026-05-04T22:12:13.007812Z,2026-05-04T22:13:14.431875Z,0.9920195937156676,0.2339296042919159,-0.0323004275560379,-0.40390334901225244,3784.75,-42.875000000005606,-291.1093749999969,-0.06011269234944775
4.5078125,2026-05-04T22:12:13.015625Z,2026-05-04T22:13:14.439687500Z,0.9615880846977234,0.2725686430931091,-0.0664062052965164,-0.16228823664125408,3787.875,74.31249999999429,-356.1484374999968,-0.06210085328544907
4.515625,2026-05-04T22:12:13.023437Z,2026-05-04T22:13:14.447500Z,0.9327656626701356,0.3169026970863342,-0.0809680521488189,0.016885109324438572,3791.0,191.4999999999942,-421.18749999999676,-0.0640890142214504
4.5234375,2026-05-04T22:12:13.031250Z,2026-05-04T22:13:14.455312500Z,0.9280166029930116,0.345377653837204,-0.0737409517168998,-0.02312308772632365,3790.671875,263.53124999999744,-481.3124999999971,-0.0923915053232299
4.53125,2026-05-04T22:12:13.039062Z,2026-05-04T22:13:14.463125Z,0.9320939183235168,0.3661868870258331,-0.0648531466722488,-0.14266893290455476,3788.71875,314.3124999999974,-539.124999999997,-0.13307721062067257
4.5390625,2026-05-04T22:12:13.046875Z,2026-05-04T22:13:14.470937500Z,0.922986388206482,0.3919462561607361,-0.068405196070671,-0.15826419253338114,3786.765625,365.0937499999973,-596.9374999999969,-0.17376291591811524
4.546875,2026-05-04T22:12:13.054687Z,2026-05-04T22:13:14.478750Z,0.9088641405105592,0.4185591042041779,-0.0769547075033187,-0.13931420479467044,3784.8125,415.8749999999973,-654.7499999999969,-0.2144486212155579
4.5546875,2026-05-04T22:12:13.062500Z,2026-05-04T22:13:14.486562500Z,0.9001002311706543,0.437118262052536,-0.0874263197183609,-0.1514500754847077,3782.859375,466.65624999999727,-712.5624999999969,-0.25513432651300055
4.5625,2026-05-04T22:12:13.070312Z,2026-05-04T22:13:14.494375Z,0.8951637148857117,0.4483841061592102,-0.1106453090906143,-0.18932763986243076,3777.1875000000005,449.734375000003,-764.359374999998,-0.2653124538934185
4.5703125,2026-05-04T22:12:13.078125Z,2026-05-04T22:13:14.502187500Z,0.8878995180130005,0.4550877511501312,-0.1555610001087189,-0.22418169658314588,3768.59375,379.6171875000015,-811.429687499999,-0.25152034148188307
4.578125,2026-05-04T22:12:13.085937Z,2026-05-04T22:13:14.510000Z,0.8852906823158264,0.4517359435558319,-0.2014454156160355,-0.28017796009916685,3760.0,309.5,-858.5,-0.23772822907034769
4.5859375,2026-05-04T22:12:13.093750Z,2026-05-04T22:13:14.517812500Z,0.8961791396141052,0.4344181716442108,-0.2187443375587463,-0.3492385683553254,3751.40625,239.38281249999852,-905.570312500001,-0.22393611665881227
4.59375,2026-05-04T22:12:13.101562Z,2026-05-04T22:13:14.525625Z,0.9115198850631714,0.4157659113407135,-0.2069195657968521,-0.3892585413445903,3742.8124999999995,169.26562499999702,-952.640625000002,-0.21014400424727686
4.6015625,2026-05-04T22:12:13.109375Z,2026-05-04T22:13:14.533437500Z,0.9144880175590516,0.4022965729236603,-0.1931573152542114,-0.32140061314347024,3738.515625,98.80468749999616,-953.7343749999969,-0.18215189430971482
4.609375,2026-05-04T22:12:13.117187Z,2026-05-04T22:13:14.541250Z,0.9148473739624025,0.3883306384086609,-0.1979395002126694,-0.26562422064302676,3739.6875,27.906249999996213,-896.3124999999969,-0.13608706024812287
4.6171875,2026-05-04T22:12:13.125000Z,2026-05-04T22:13:14.549062500Z,0.9226114153862,0.3611436486244202,-0.2147925049066544,-0.2627041710520185,3740.859375,-42.99218750000373,-838.890624999997,-0.09002222618653094
4.625,2026-05-04T22:12:13.132812Z,2026-05-04T22:13:14.556875Z,0.9447320699691772,0.323761522769928,-0.22812420129776,-0.3787652497167614,3742.03125,-113.89062500000367,-781.468749999997,-0.043957392124939
4.6328125,2026-05-04T22:12:13.140625Z,2026-05-04T22:13:14.564687500Z,0.9541833400726318,0.2893277406692505,-0.2330140173435211,-0.3594341629240717,3743.203125,-184.7890625000036,-724.046874999997,0.0021074419366529404
4.640625,2026-05-04T22:12:13.148437Z,2026-05-04T22:13:14.572500Z,0.9649624228477478,0.2725841701030731,-0.2100564390420914,-0.3496587482257963,3744.625,-221.68749999999824,-655.8749999999955,0.050047301524205536
4.6484375,2026-05-04T22:12:13.156250Z,2026-05-04T22:13:14.580312500Z,0.9627285003662108,0.2686581909656525,-0.1662478893995285,-0.19642810530212376,3746.578125,-186.33593749999827,-564.8593749999956,0.10197159035442355
4.65625,2026-05-04T22:12:13.164062Z,2026-05-04T22:13:14.588125Z,0.9641188383102416,0.2737014293670654,-0.1119215935468674,-0.11940938208835082,3748.53125,-150.9843749999983,-473.8437499999956,0.15389587918464157
4.6640625,2026-05-04T22:12:13.171875Z,2026-05-04T22:13:14.595937500Z,0.9595572352409364,0.2816930413246155,-0.0756476745009422,-0.03226877500162775,3750.484375,-115.63281249999832,-382.82812499999574,0.20582016801485958
4.671875,2026-05-04T22:12:13.179687Z,2026-05-04T22:13:14.603750Z,0.9531835317611694,0.29128298163414,-0.0692662969231605,0.03663798909137377,3752.4375,-80.28124999999835,-291.8124999999958,0.2577444568450776
4.6796875,2026-05-04T22:12:13.187500Z,2026-05-04T22:13:14.611562500Z,0.9481064081192015,0.2933934032917023,-0.0786461532115936,0.10427071400139125,3755.7578125000005,-46.80468749999882,-209.89843749999793,0.2986039222267024
4.6875,2026-05-04T22:12:13.195312Z,2026-05-04T22:13:14.619375Z,0.9494186639785768,0.2951313853263855,-0.0777542963624,0.11122934671969363,3764.5468750000005,-20.828124999998845,-164.39062499999798,0.295204093813967
4.6953125,2026-05-04T22:12:13.203125Z,2026-05-04T22:13:14.627187500Z,0.9436072707176208,0.3047678470611572,-0.0648377761244773,0.18150482134967372,3773.3359375000005,5.148437500001134,-118.88281249999802,0.2918042654012316
4.703125,2026-05-04T22:12:13.210937Z,2026-05-04T22:13:14.635000Z,0.93200021982193,0.3265857398509979,-0.0393583849072456,0.27264110119656065,3782.1250000000005,31.125000000001112,-73.37499999999807,0.2884044369884962
4.7109375,2026-05-04T22:12:13.218750Z,2026-05-04T22:13:14.642812500Z,0.9190965294837952,0.3496295213699341,-0.0056370254606008,0.3583016324378081,3790.9140625000005,57.101562500001094,-27.86718749999811,0.2850046085757608
4.71875,2026-05-04T22:12:13.226562Z,2026-05-04T22:13:14.650625Z,0.912629008293152,0.3620126247406006,0.0260238423943519,0.3983651108142543,3798.4999999999995,76.99999999999795,18.42187500000226,0.2839679923651768
4.7265625,2026-05-04T22:12:13.234375Z,2026-05-04T22:13:14.658437500Z,0.913503885269165,0.3603367209434509,0.0491813272237777,0.4108002388075126,3792.2499999999995,26.999999999998,73.6953125000022,0.3101083164793176
4.734375,2026-05-04T22:12:13.242187Z,2026-05-04T22:13:14.666250Z,0.9221896529197692,0.3468053042888641,0.066418744623661,0.3857067527253794,3785.9999999999995,-23.000000000001958,128.96875000000216,0.33624864059345844
4.7421875,2026-05-04T22:12:13.250000Z,2026-05-04T22:13:14.674062500Z,0.9314221739768982,0.3283702731132507,0.0770594999194145,0.372684722321604,3779.7499999999995,-73.00000000000192,184.2421875000021,0.3623889647075993
4.75,2026-05-04T22:12:13.257812Z,2026-05-04T22:13:14.681875Z,0.93565571308136,0.3107887208461761,0.0845941379666328,0.40737514251877505,3773.4999999999995,-123.00000000000188,239.51562500000205,0.3885292888217401
4.7578125,2026-05-04T22:12:13.265625Z,2026-05-04T22:13:14.689687500Z,0.94435715675354,0.2929278612136841,0.0968955978751182,0.3783725660408272,3767.2499999999995,-173.00000000000182,294.789062500002,0.41466961293588095
4.765625,2026-05-04T22:12:13.273437Z,2026-05-04T22:13:14.697500Z,0.9481220245361328,0.283632755279541,0.1088126301765442,0.3683595614514164,3769.4375,-173.49999999999994,367.5000000000026,0.38019375164595115
4.7734375,2026-05-04T22:12:13.281250Z,2026-05-04T22:13:14.705312500Z,0.9459661841392516,0.2807775139808655,0.1183923855423927,0.4015823751061084,3771.9765625,-171.93749999999994,440.93750000000256,0.34319221596418753
4.78125,2026-05-04T22:12:13.289062Z,2026-05-04T22:13:14.713125Z,0.9446226954460144,0.283306896686554,0.12568099796772,0.40559839614866033,3774.515625,-170.37499999999994,514.3750000000025,0.30619068028242385
4.7890625,2026-05-04T22:12:13.296875Z,2026-05-04T22:13:14.720937500Z,0.9416857957839966,0.2829810082912445,0.1303863078355789,0.44036314459762155,3777.0546875,-168.81249999999994,587.8125000000024,0.2691891446006602
4.796875,2026-05-04T22:12:13.304687Z,2026-05-04T22:13:14.728750Z,0.943622887134552,0.2813051044940948,0.140857920050621,0.41126466315622184,3779.59375,-167.24999999999994,661.2500000000023,0.23218760891889653
4.8046875,2026-05-04T22:12:13.312500Z,2026-05-04T22:13:14.736562500Z,0.9415451884269714,0.2777205109596252,0.1496688276529312,0.43385713751833344,3789.1875000000005,-154.03906249999952,754.046875000003,0.13393314156130515
4.8125,2026-05-04T22:12:13.320312Z,2026-05-04T22:13:14.744375Z,0.939608097076416,0.2765256464481354,0.1611245721578598,0.43601546154591214,3800.1250000000005,-138.60937499999955,850.531250000003,0.024011449122606537
4.8203125,2026-05-04T22:12:13.328125Z,2026-05-04T22:13:14.752187500Z,0.9380146265029908,0.2755170166492462,0.187265157699585,0.3996014819610907,3811.0625000000005,-123.17968749999955,947.0156250000028,-0.08591024331609208
4.828125,2026-05-04T22:12:13.335937Z,2026-05-04T22:13:14.760000Z,0.9403579235076904,0.2812585532665253,0.233703151345253,0.23388181311418613,3822.0000000000005,-107.74999999999956,1043.5000000000027,-0.19583193575479071
4.8359375,2026-05-04T22:12:13.343750Z,2026-05-04T22:13:14.767812500Z,0.9389363527297974,0.2905071079730988,0.2935958504676819,0.03158193962374251,3832.9375000000005,-92.32031249999957,1139.9843750000027,-0.30575362819348934
4.84375,2026-05-04T22:12:13.351562Z,2026-05-04T22:13:14.775625Z,0.9350621104240416,0.30118328332901,0.3584091365337372,-0.20786404890211002,3844.8593750000005,-98.26562500000038,1320.9843750000057,-0.18730950740033442
4.8515625,2026-05-04T22:12:13.359375Z,2026-05-04T22:13:14.783437500Z,0.9282978177070618,0.3056989312171936,0.4075841903686523,-0.36337442794701236,3857.1640625000005,-112.52343750000037,1534.8515625000055,0.01994354076075141
4.859375,2026-05-04T22:12:13.367187Z,2026-05-04T22:13:14.791250Z,0.9270480871200562,0.2988401055335999,0.4299574792385101,-0.4264597900983199,3869.4687500000005,-126.78125000000036,1748.7187500000052,0.22719658892183725
4.8671875,2026-05-04T22:12:13.375000Z,2026-05-04T22:13:14.799062500Z,0.9293913245201112,0.2815068364143372,0.4322486221790314,-0.3924306937113675,3881.7734375000005,-141.03906250000034,1962.585937500005,0.43444963708292306
4.875,2026-05-04T22:12:13.382812Z,2026-05-04T22:13:14.806875Z,0.9396237134933472,0.2625442147254944,0.4478253424167633,-0.4997500204668719,3894.0781250000005,-155.29687500000034,2176.453125000005,0.6417026852440089
4.8828125,2026-05-04T22:12:13.390625Z,2026-05-04T22:13:14.814687500Z,0.9460911750793456,0.2518680393695831,0.4968005120754242,-0.35957499495495593,3904.9765625,-127.13281249999875,2339.6953125000027,0.8413015224572137
4.890625,2026-05-04T22:12:13.398437Z,2026-05-04T22:13:14.822500Z,0.9439665675163268,0.259782075881958,0.5768522024154663,0.06634244558405951,3914.9375,-70.68749999999879,2469.1875000000027,1.035797552371832
4.8984375,2026-05-04T22:12:13.406250Z,2026-05-04T22:13:14.830312500Z,0.934124767780304,0.2843621075153351,0.663085401058197,0.5489576759866976,3924.8984375,-14.242187499998845,2598.6796875000027,1.23029358228645
4.90625,2026-05-04T22:12:13.414062Z,2026-05-04T22:13:14.838125Z,0.919315218925476,0.3127439618110657,0.7350488901138306,0.9481369207693856,3934.859375,42.2031250000011,2728.1718750000027,1.4247896122010681
4.9140625,2026-05-04T22:12:13.421875Z,2026-05-04T22:13:14.845937500Z,0.9140037894248962,0.3311944901943207,0.7849620580673218,1.2683034075804862,3944.8203125,98.64843750000105,2857.6640625000023,1.6192856421156863
4.921875,2026-05-04T22:12:13.429687Z,2026-05-04T22:13:14.853750Z,0.9113636612892152,0.3417930901050568,0.811179518699646,1.4130190516364123,3950.0,114.6874999999995,2942.4375000000005,1.7202041406764905
4.9296875,2026-05-04T22:12:13.437500Z,2026-05-04T22:13:14.861562500Z,0.9041932225227356,0.3473328948020935,0.8198674321174622,1.3641674596083653,3950.0,86.95312499999953,2978.7656250000005,1.7197469802706702
4.9375,2026-05-04T22:12:13.445312Z,2026-05-04T22:13:14.869375Z,0.8980693817138672,0.3494432866573334,0.8260796666145325,1.292179784113846,3950.0,59.21874999999956,3015.0937500000005,1.7192898198648499
4.9453125,2026-05-04T22:12:13.453125Z,2026-05-04T22:13:14.877187500Z,0.8979912996292114,0.3445707559585571,0.8368895649909973,1.2852867765140552,3950.0,31.48437499999958,3051.4218750000005,1.7188326594590295
4.953125,2026-05-04T22:12:13.460937Z,2026-05-04T22:13:14.885000Z,0.8986786603927612,0.3362998068332672,0.8467615246772766,1.2714923629703712,3950.0,3.749999999999607,3087.7500000000005,1.7183754990532092
4.9609375,2026-05-04T22:12:13.468750Z,2026-05-04T22:13:14.892812500Z,0.9020529985427856,0.3252356946468353,0.8522202372550964,1.2431697251874054,3943.3203124999995,-19.62500000000021,3047.7890624999977,1.5692707329364721
4.96875,2026-05-04T22:12:13.476562Z,2026-05-04T22:13:14.900625Z,0.908723533153534,0.3116887509822845,0.8570024371147156,1.2375158233553976,3924.7656249999995,-35.25000000000019,2872.2031249999977,1.1559035566670097
4.9765625,2026-05-04T22:12:13.484375Z,2026-05-04T22:13:14.908437500Z,0.9206587076187134,0.2987780272960663,0.8647523522377014,1.3100048503225137,3906.2109375,-50.87500000000018,2696.6171874999977,0.7425363803975473
4.984375,2026-05-04T22:12:13.492187Z,2026-05-04T22:13:14.916250Z,0.9238768219947816,0.2940761744976044,0.8661670684814453,1.2879568431522814,3887.65625,-66.50000000000017,2521.031249999998,0.3291692041280848
4.9921875,2026-05-04T22:12:13.500000Z,2026-05-04T22:13:14.924062500Z,0.917409360408783,0.2968693673610687,0.8466077446937561,1.0436130926896114,3869.1015625,-82.12500000000016,2345.445312499998,-0.08419797214137763
5.0,2026-05-04T22:12:13.507812Z,2026-05-04T22:13:14.931875Z,0.9120197892189026,0.2980642020702362,0.7990626096725464,0.5981280849612308,3848.1093749999995,-87.57812499999976,2122.093749999997,-0.3024430934406356
5.0078125,2026-05-04T22:12:13.515625Z,2026-05-04T22:13:14.939687500Z,0.9141131043434144,0.2923692166805267,0.7223169207572937,0.0065340487302098125,3819.3984374999995,-60.82031249999979,1747.484374999997,0.09719829266572347
5.015625,2026-05-04T22:12:13.523437Z,2026-05-04T22:13:14.947500Z,0.9160346388816832,0.2868759632110596,0.6223676204681396,-0.4290335748205739,3790.6875,-34.062499999999815,1372.8749999999973,0.49683967877208246
5.0234375,2026-05-04T22:12:13.531250Z,2026-05-04T22:13:14.955312500Z,0.914206862449646,0.2882260084152222,0.516067624092102,0.2438864303426287,3761.9765625,-7.3046874999998375,998.2656249999977,0.8964810648784415
5.03125,2026-05-04T22:12:13.539062Z,2026-05-04T22:13:14.963125Z,0.9116761088371276,0.2959693372249603,0.4224997162818909,0.7404520357675387,3733.265625,19.45312500000014,623.6562499999981,1.2961224509848006
5.0390625,2026-05-04T22:12:13.546875Z,2026-05-04T22:13:14.970937500Z,0.9067864418029784,0.3084920942783356,0.3364971876144409,1.1245304322307936,3706.3125,44.757812500000064,255.07031249999855,1.6359966407029534
5.046875,2026-05-04T22:12:13.554687Z,2026-05-04T22:13:14.978750Z,0.9006158113479614,0.3216200768947601,0.2357790172100067,1.4819580558165755,3692.25,59.40625000000005,-69.34375000000115,1.537578056907616
5.0546875,2026-05-04T22:12:13.562500Z,2026-05-04T22:13:14.986562500Z,0.8957886099815369,0.3299065232276917,0.11522476375103,1.759192493851898,3678.1875,74.05468750000004,-393.75781250000085,1.4391594731122785
5.0625,2026-05-04T22:12:13.570312Z,2026-05-04T22:13:14.994375Z,0.8996628522872925,0.3319703638553619,-0.0086662601679563,1.7894416416231043,3664.125,88.70312500000003,-718.1718750000006,1.3407408893169412
5.0703125,2026-05-04T22:12:13.578125Z,2026-05-04T22:13:15.002187500Z,0.9018030762672424,0.3313031196594238,-0.1179954260587692,1.6889420012910215,3650.0625,103.35156250000001,-1042.5859375000002,1.2423223055216037
5.078125,2026-05-04T22:12:13.585937Z,2026-05-04T22:13:15.010000Z,0.9065364599227904,0.335849791765213,-0.2004766762256622,1.471520513465981,3636.0,118.0,-1367.0,1.1439037217262664
5.0859375,2026-05-04T22:12:13.593750Z,2026-05-04T22:13:15.017812500Z,0.906380295753479,0.3451604247093201,-0.2663048505783081,1.2717797533408315,3629.1640625,92.60937500000003,-1554.1093749999998,0.9359031761068488
5.09375,2026-05-04T22:12:13.601562Z,2026-05-04T22:13:15.025625Z,0.9076456427574158,0.3523295819759369,-0.3258746266365051,1.0498782404850817,3622.328125,67.21875000000004,-1741.2187499999995,0.7279026304874313
5.1015625,2026-05-04T22:12:13.609375Z,2026-05-04T22:13:15.033437500Z,0.9131445288658142,0.3536330759525299,-0.3888888359069824,0.7656471533646508,3615.4921875,41.828125000000064,-1928.3281249999995,0.5199020848680138
5.109375,2026-05-04T22:12:13.617187Z,2026-05-04T22:13:15.041250Z,0.9181279540061952,0.3482018709182739,-0.4592070281505585,0.45152714884858375,3608.65625,16.437500000000085,-2115.437499999999,0.3119015392485962
5.1171875,2026-05-04T22:12:13.625000Z,2026-05-04T22:13:15.049062500Z,0.9248453974723816,0.3394809365272522,-0.5284180641174316,0.10713354022994283,3601.8203125,-8.953124999999893,-2302.546874999999,0.10390099362917865
5.125,2026-05-04T22:12:13.632812Z,2026-05-04T22:13:15.056875Z,0.9319220781326294,0.3325600624084473,-0.5826059579849243,-0.1842817137986481,3600.65625,-38.46874999999984,-2402.6874999999995,-0.0077212860795190285
5.1328125,2026-05-04T22:12:13.640625Z,2026-05-04T22:13:15.064687500Z,0.9387488961219788,0.3293634057044983,-0.6151279807090759,-0.36515691095547304,3600.265625,-68.54687499999982,-2490.9687499999995,-0.10620107498220882
5.140625,2026-05-04T22:12:13.648437Z,2026-05-04T22:13:15.072500Z,0.9432479739189148,0.3285409808158875,-0.6332879662513733,-0.4454404226519256,3599.875,-98.62499999999979,-2579.2499999999995,-0.20468086388489862
5.1484375,2026-05-04T22:12:13.656250Z,2026-05-04T22:13:15.080312500Z,0.9471222162246704,0.3278892338275909,-0.6541081666946411,-0.542758877031759,3599.484375,-128.70312499999974,-2667.531249999999,-0.3031606527875884
5.15625,2026-05-04T22:12:13.664062Z,2026-05-04T22:13:15.088125Z,0.9522930383682252,0.3194786310195923,-0.6869838237762451,-0.41109812853563277,3599.09375,-158.78124999999972,-2755.812499999999,-0.40164044169027824
5.1640625,2026-05-04T22:12:13.671875Z,2026-05-04T22:13:15.095937500Z,0.9601040482521056,0.3060558140277863,-0.7293315529823303,-0.1561247114425221,3598.8515625,-141.3593750000003,-2815.8906249999995,-0.4234860883739919
5.171875,2026-05-04T22:12:13.679687Z,2026-05-04T22:13:15.103750Z,0.9666964411735536,0.2937347888946533,-0.7686347365379333,0.08117274079140917,3598.65625,-108.93750000000034,-2867.0624999999995,-0.4211314796201329
5.1796875,2026-05-04T22:12:13.687500Z,2026-05-04T22:13:15.111562500Z,0.9687429666519164,0.2905536592006683,-0.7928993701934814,0.2019843140308554,3598.4609375,-76.51562500000037,-2918.2343749999995,-0.4187768708662739
5.1875,2026-05-04T22:12:13.695312Z,2026-05-04T22:13:15.119375Z,0.9680556058883668,0.296714186668396,-0.7942986488342285,0.16268287954983535,3598.265625,-44.093750000000405,-2969.4062499999995,-0.41642226211241495
5.1953125,2026-05-04T22:12:13.703125Z,2026-05-04T22:13:15.127187500Z,0.9639782309532166,0.3112232089042664,-0.7789525985717773,0.005067270057402929,3598.0703125,-11.67187500000043,-3020.5781249999995,-0.414067653358556
5.203125,2026-05-04T22:12:13.710937Z,2026-05-04T22:13:15.135000Z,0.956667184829712,0.3288202881813049,-0.7675275802612305,-0.12772388829715406,3597.875,11.62499999999974,-2977.8750000000014,-0.3306296502160969
5.2109375,2026-05-04T22:12:13.718750Z,2026-05-04T22:13:15.142812500Z,0.9479814171791076,0.3430810570716858,-0.7733400464057922,-0.14337344057968127,3597.6796875,29.789062499999723,-2882.3671875000014,-0.20158223773004763
5.21875,2026-05-04T22:12:13.726562Z,2026-05-04T22:13:15.150625Z,0.9405141472816468,0.3471311628818512,-0.7855646014213562,-0.12728233883158852,3597.484375,47.95312499999971,-2786.8593750000014,-0.07253482524399836
5.2265625,2026-05-04T22:12:13.734375Z,2026-05-04T22:13:15.158437500Z,0.9426387548446656,0.3430345058441162,-0.7871022820472717,-0.12578630643182018,3597.2890625,66.11718749999969,-2691.351562500002,0.056512587242050924
5.234375,2026-05-04T22:12:13.742187Z,2026-05-04T22:13:15.166250Z,0.9399517774581908,0.3412344455718994,-0.7751083374023438,-0.25168989213259524,3597.09375,84.28124999999967,-2595.843750000002,0.18555999972810022
5.2421875,2026-05-04T22:12:13.750000Z,2026-05-04T22:13:15.174062500Z,0.9361087679862976,0.3458431959152222,-0.7421712279319763,-0.5098952150873407,3601.0625,101.1249999999997,-2428.8359375000045,0.4377615689324457
5.25,2026-05-04T22:12:13.757812Z,2026-05-04T22:13:15.181875Z,0.9296569228172302,0.3523916602134705,-0.6866916418075562,-0.1954367493117524,3608.875,116.74999999999969,-2195.8281250000045,0.8036438981844575
5.2578125,2026-05-04T22:12:13.765625Z,2026-05-04T22:13:15.189687500Z,0.9278916120529176,0.3572797477245331,-0.6193104386329651,0.24876832702582208,3616.6875,132.3749999999997,-1962.8203125000048,1.1695262274364693
5.265625,2026-05-04T22:12:13.773437Z,2026-05-04T22:13:15.197500Z,0.9215335249900818,0.3622919619083405,-0.5603864789009094,0.6677129029678158,3624.5,147.99999999999966,-1729.812500000005,1.535408556688481
5.2734375,2026-05-04T22:12:13.781250Z,2026-05-04T22:13:15.205312500Z,0.914909839630127,0.3671489953994751,-0.5154246687889099,0.9987184819251581,3632.3125,163.62499999999966,-1496.8046875000052,1.9012908859404927
5.28125,2026-05-04T22:12:13.789062Z,2026-05-04T22:13:15.213125Z,0.90494304895401,0.3665593266487122,-0.4715699851512909,1.3736966910765827,3644.9687499999995,150.5781250000013,-1205.1250000000089,2.1752643439286627
5.2890625,2026-05-04T22:12:13.796875Z,2026-05-04T22:13:15.220937500Z,0.9001002311706543,0.3615626096725464,-0.4056803286075592,1.8134657003614942,3664.8906249999995,94.52343750000135,-825.4375000000091,2.3113744950210573
5.296875,2026-05-04T22:12:13.804687Z,2026-05-04T22:13:15.228750Z,0.8976320028305054,0.3553710579872131,-0.3169560730457306,2.2805110538619315,3684.8124999999995,38.46875000000139,-445.75000000000944,2.447484646113452
5.3046875,2026-05-04T22:12:13.812500Z,2026-05-04T22:13:15.236562500Z,0.8964603543281555,0.3445862531661987,-0.2084418684244156,2.720569749057657,3704.7343749999995,-17.585937499998558,-66.06250000000979,2.5835947972058464
5.3125,2026-05-04T22:12:13.820312Z,2026-05-04T22:13:15.244375Z,0.9037870168685912,0.329146146774292,-0.0811833292245864,2.968134387224701,3724.6562499999995,-73.64062499999851,313.6249999999899,2.7197049482982414
5.3203125,2026-05-04T22:12:13.828125Z,2026-05-04T22:13:15.252187500Z,0.9139412641525269,0.3101680278778076,0.05265649035573,2.9958131334133937,3745.8359374999995,-128.38281249999858,711.5781249999877,2.6473976290041095
5.328125,2026-05-04T22:12:13.835937Z,2026-05-04T22:13:15.260000Z,0.9199713468551636,0.2908640205860138,0.1758863180875778,2.885213274699591,3770.249999999999,-179.74999999999855,1156.4999999999873,2.0391596715731235
5.3359375,2026-05-04T22:12:13.843750Z,2026-05-04T22:13:15.267812500Z,0.9221115112304688,0.2716686129570007,0.2846772968769073,2.70217989200019,3794.664062499999,-231.1171874999985,1601.421874999987,1.430921714142137
5.34375,2026-05-04T22:12:13.851562Z,2026-05-04T22:13:15.275625Z,0.9262669682502748,0.2512473464012146,0.3859951496124268,2.4075809159186323,3819.078124999999,-282.48437499999847,2046.3437499999866,0.8226837567111509
5.3515625,2026-05-04T22:12:13.859375Z,2026-05-04T22:13:15.283437500Z,0.9313753247261048,0.2316019535064697,0.4897579252719879,1.9716304377097946,3843.492187499999,-333.8515624999984,2491.2656249999864,0.21444579928016472
5.359375,2026-05-04T22:12:13.867187Z,2026-05-04T22:13:15.291250Z,0.9352027177810668,0.2187067419290543,0.6070061326026917,1.3282705373829025,3869.499999999999,-376.12500000000017,2932.5624999999864,-0.14851924530574748
5.3671875,2026-05-04T22:12:13.875000Z,2026-05-04T22:13:15.299062500Z,0.9370617270469666,0.2140669524669647,0.7381088733673096,0.46215678834889296,3903.874999999999,-370.65625000000017,3354.828124999986,0.7761985025452813
5.375,2026-05-04T22:12:13.882812Z,2026-05-04T22:13:15.306875Z,0.9347028136253356,0.212515190243721,0.8721332550048828,-0.5096013391373334,3938.2499999999986,-365.18750000000017,3777.093749999986,1.70091625039631
5.3828125,2026-05-04T22:12:13.890625Z,2026-05-04T22:13:15.314687500Z,0.9345622062683104,0.2109789401292801,1.00057578086853,0.4199907109850382,3972.6249999999986,-359.71875000000017,4199.359374999985,2.6256339982473387
5.390625,2026-05-04T22:12:13.898437Z,2026-05-04T22:13:15.322500Z,0.9389207363128662,0.2080150544643402,1.116563081741333,1.435143619906705,4006.9999999999986,-354.25000000000017,4621.6249999999845,3.5503517460983676
5.3984375,2026-05-04T22:12:13.906250Z,2026-05-04T22:13:15.330312500Z,0.942810595035553,0.2051287740468979,1.220664143562317,2.376977267323163,4040.1484375,-345.99218750000273,5028.593749999998,4.442995696679185
5.40625,2026-05-04T22:12:13.914062Z,2026-05-04T22:13:15.338125Z,0.9454350471496582,0.2090547382831573,1.320490479469299,3.320480666573902,4043.859375,-270.7968750000028,5068.437499999998,4.56586851277421
5.4140625,2026-05-04T22:12:13.921875Z,2026-05-04T22:13:15.345937500Z,0.940404772758484,0.2256431579589844,1.41244375705719,4.198516075248364,4047.5703125,-195.60156250000287,5108.281249999998,4.688741328869234
5.421875,2026-05-04T22:12:13.929687Z,2026-05-04T22:13:15.353750Z,0.928329050540924,0.2504404187202454,1.48442268371582,4.885268684242877,4051.28125,-120.40625000000296,5148.124999999998,4.81161414496426
5.4296875,2026-05-04T22:12:13.937500Z,2026-05-04T22:13:15.361562500Z,0.914316177368164,0.2753773629665375,1.525232791900635,5.2744907652026365,4054.9921875,-45.21093750000302,5187.968749999998,4.934486961059284
5.4375,2026-05-04T22:12:13.945312Z,2026-05-04T22:13:15.369375Z,0.9053648710250854,0.2942468523979187,1.527493119239807,5.304410821373859,4058.703125,29.984374999996906,5227.812499999998,5.057359777154309
5.4453125,2026-05-04T22:12:13.953125Z,2026-05-04T22:13:15.377187500Z,0.8961010575294495,0.3053885698318481,1.493464231491089,4.95252451463283,4026.4765625000014,45.343749999999574,4919.062500000015,4.265694011715187
5.453125,2026-05-04T22:12:13.960937Z,2026-05-04T22:13:15.385000Z,0.8898522853851318,0.3128836154937744,1.43533992767334,4.371556206490387,3991.1250000000014,55.49999999999957,4580.000000000015,3.3945031522295737
5.4609375,2026-05-04T22:12:13.968750Z,2026-05-04T22:13:15.392812500Z,0.8811977505683899,0.3199441730976105,1.364160656929016,3.650083798514239,3955.7734375000014,65.65624999999956,4240.937500000015,2.5233122927439604
5.46875,2026-05-04T22:12:13.976562Z,2026-05-04T22:13:15.400625Z,0.8743866086006165,0.3260426223278046,1.284600973129272,2.865629551259952,3920.4218750000014,75.81249999999955,3901.875000000015,1.6521214332583471
5.4765625,2026-05-04T22:12:13.984375Z,2026-05-04T22:13:15.408437500Z,0.8719651699066162,0.3272374868392944,1.198290824890137,2.050193369264843,3885.0703125000014,85.96874999999955,3562.8125000000155,0.7809305737727338
5.484375,2026-05-04T22:12:13.992187Z,2026-05-04T22:13:15.416250Z,0.8738085627555847,0.3236373662948608,1.098233938217163,1.147617242425036,3845.500000000002,98.93749999999937,3045.781250000026,1.0126862451896128
5.4921875,2026-05-04T22:12:14.000000Z,2026-05-04T22:13:15.424062500Z,0.8761206269264221,0.3151026368141174,0.9739431738853456,0.051208930619542084,3804.875000000002,112.60937499999936,2484.2578125000264,1.5201785493321924
5.5,2026-05-04T22:12:14.007812Z,2026-05-04T22:13:15.431875Z,0.8712153434753418,0.3145905733108521,0.8266178369522095,0.09373133661271876,3764.250000000002,126.28124999999935,1922.7343750000268,2.0276708534747723
5.5078125,2026-05-04T22:12:14.015625Z,2026-05-04T22:13:15.439687500Z,0.8769954442977905,0.3162509500980377,0.6783391833305359,1.1701626959082736,3723.625000000002,139.95312499999932,1361.2109375000273,2.535163157617352
5.515625,2026-05-04T22:12:14.023437Z,2026-05-04T22:13:15.447500Z,0.8633262515068054,0.3346239030361176,0.5308908820152283,2.220137590303716,3683.000000000002,153.62499999999932,799.6875000000277,3.0426554617599315
5.5234375,2026-05-04T22:12:14.031250Z,2026-05-04T22:13:15.455312500Z,0.8667474985122681,0.3428172469139099,0.3926840722560883,2.913623322028671,3645.562500000002,137.14843750000156,217.71093750002998,3.011636003065244
5.53125,2026-05-04T22:12:14.039062Z,2026-05-04T22:13:15.463125Z,0.8634824752807617,0.3480777442455292,0.2335186302661896,3.5560221335773354,3609.625000000002,106.48437500000158,-373.8906249999695,2.727199244211784
5.5390625,2026-05-04T22:12:14.046875Z,2026-05-04T22:13:15.470937500Z,0.873480498790741,0.3364084362983704,0.0511956922709941,3.8545865341598615,3573.687500000002,75.8203125000016,-965.4921874999688,2.442762485358324
5.546875,2026-05-04T22:12:14.054687Z,2026-05-04T22:13:15.478750Z,0.8822131752967834,0.3366101682186127,-0.1571448147296906,3.660943184579062,3537.750000000002,45.15625000000164,-1557.0937499999684,2.158325726504864
5.5546875,2026-05-04T22:12:14.062500Z,2026-05-04T22:13:15.486562500Z,0.8741678595542908,0.3261978030204773,-0.3632403016090393,3.1962829110919113,3501.812500000002,14.492187500001666,-2148.6953124999677,1.8738889676514037
5.5625,2026-05-04T22:12:14.070312Z,2026-05-04T22:13:15.494375Z,0.8865717053413391,0.3230632245540619,-0.5333694219589233,2.280613639635236,3474.187500000001,-39.24999999999694,-2662.859374999981,1.7859535471214032
5.5703125,2026-05-04T22:12:14.078125Z,2026-05-04T22:13:15.502187500Z,0.9049586653709412,0.3182372152805328,-0.6761124134063721,1.2790834690445134,3453.0937500000005,-111.12499999999847,-3116.1796874999905,1.8524120352741549
5.578125,2026-05-04T22:12:14.085937Z,2026-05-04T22:13:15.510000Z,0.9119729399681092,0.3085541725158691,-0.7972663640975952,0.42567094343785317,3432.0,-183.0,-3569.5,1.9188705234269066
5.5859375,2026-05-04T22:12:14.093750Z,2026-05-04T22:13:15.517812500Z,0.9383270740509032,0.2898243069648743,-0.9091634750366212,-0.5403154254158421,3410.9062499999995,-254.87500000000153,-4022.8203125000095,1.9853290115796585
5.59375,2026-05-04T22:12:14.101562Z,2026-05-04T22:13:15.525625Z,0.9592135548591614,0.2664081156253815,-1.041757822036743,0.6484724205896983,3389.812499999999,-326.75000000000307,-4476.140625000019,2.05178749973241
5.6015625,2026-05-04T22:12:14.109375Z,2026-05-04T22:13:15.533437500Z,0.96927410364151,0.245924785733223,-1.20072340965271,2.067218194851342,3378.859375,-326.265624999995,-4806.828125000009,2.2944706062757154
5.609375,2026-05-04T22:12:14.117187Z,2026-05-04T22:13:15.541250Z,0.9705082178115844,0.2371572852134705,-1.364794015884399,3.57220824378407,3380.8125,-233.68749999999508,-4981.437500000009,2.7614395907705847
5.6171875,2026-05-04T22:12:14.125000Z,2026-05-04T22:13:15.549062500Z,0.9685086011886596,0.2371262460947037,-1.488039255142212,4.732939560514614,3382.765625,-141.10937499999517,-5156.046875000009,3.228408575265454
5.625,2026-05-04T22:12:14.132812Z,2026-05-04T22:13:15.556875Z,0.9712424278259276,0.252705991268158,-1.540043592453003,5.266478030565657,3384.71875,-48.53124999999524,-5330.656250000009,3.695377559760323
5.6328125,2026-05-04T22:12:14.140625Z,2026-05-04T22:13:15.564687500Z,0.967696249485016,0.2919968068599701,-1.530509948730469,5.19896287655169,3386.671875,44.046875000004675,-5505.265625000009,4.162346544255192
5.640625,2026-05-04T22:12:14.148437Z,2026-05-04T22:13:15.572500Z,0.9459661841392516,0.3424448072910309,-1.49408233165741,4.795665474643016,3391.0625000000005,114.37500000000115,-5541.437499999987,4.268112947372468
5.6484375,2026-05-04T22:12:14.156250Z,2026-05-04T22:13:15.580312500Z,0.9236424565315248,0.3828994333744049,-1.462667465209961,4.444218385905286,3400.6328125000005,137.42187500000114,-5283.429687499987,3.606323865062533
5.65625,2026-05-04T22:12:14.164062Z,2026-05-04T22:13:15.588125Z,0.9162377119064332,0.3883306384086609,-1.444261431694031,4.2412639674380666,3410.2031250000005,160.4687500000011,-5025.421874999987,2.944534782752598
5.6640625,2026-05-04T22:12:14.171875Z,2026-05-04T22:13:15.595937500Z,0.9349058866500854,0.3662179112434387,-1.427700519561768,4.158507489413163,3419.7734375000005,183.51562500000108,-4767.414062499988,2.2827457004426632
5.671875,2026-05-04T22:12:14.179687Z,2026-05-04T22:13:15.603750Z,0.938155233860016,0.3528572022914886,-1.393763899803162,3.839586066790261,3429.3437500000005,206.56250000000105,-4509.406249999988,1.6209566181327282
5.6796875,2026-05-04T22:12:14.187500Z,2026-05-04T22:13:15.611562500Z,0.91633141040802,0.3698180317878723,-1.306761860847473,2.9268152555954807,3440.632812500001,196.60156249999358,-4167.843749999969,1.1981828245288675
5.6875,2026-05-04T22:12:14.195312Z,2026-05-04T22:13:15.619375Z,0.892367422580719,0.39478600025177,-1.162035346031189,1.5050687956753888,3458.796875000001,54.609374999993676,-3492.06249999997,1.7314701857490336
5.6953125,2026-05-04T22:12:14.203125Z,2026-05-04T22:13:15.627187500Z,0.8752458095550537,0.3957946598529816,-0.9909527897834778,-0.11458113372986438,3476.960937500001,-87.38281250000621,-2816.2812499999704,2.2647575469691996
5.703125,2026-05-04T22:12:14.210937Z,2026-05-04T22:13:15.635000Z,0.900912582874298,0.3254218995571136,-0.8115667700767517,0.46267354121446336,3495.125000000001,-229.37500000000608,-2140.499999999971,2.798044908189366
5.7109375,2026-05-04T22:12:14.218750Z,2026-05-04T22:13:15.642812500Z,0.9545114040374756,0.2533887922763824,-0.6851693391799927,1.0884761291464375,3513.289062500001,-371.36718750000597,-1464.7187499999716,3.3313322694095318
5.71875,2026-05-04T22:12:14.226562Z,2026-05-04T22:13:15.650625Z,0.9680243134498596,0.181821197271347,-0.587019145488739,1.7491505297290686,3535.6718750000027,-501.4374999999997,-785.9218749999709,3.765009688951604
5.7265625,2026-05-04T22:12:14.234375Z,2026-05-04T22:13:15.658437500Z,0.9553706049919128,0.1671880036592484,-0.4339429140090942,2.7647529688356625,3606.5703125000027,-494.4062499999997,-72.44531249997154,3.0531727791962333
5.734375,2026-05-04T22:12:14.242187Z,2026-05-04T22:13:15.666250Z,0.9419982433319092,0.1837919354438782,-0.200353667140007,3.7606502031268856,3677.4687500000027,-487.3749999999997,641.0312500000277,2.3413358694408624
5.7421875,2026-05-04T22:12:14.250000Z,2026-05-04T22:13:15.674062500Z,0.8935078382492065,0.2022735178470612,0.0855936333537101,4.495714835768056,3748.3671875000027,-480.3437499999997,1354.507812500027,1.6294989596854919
5.75,2026-05-04T22:12:14.257812Z,2026-05-04T22:13:15.681875Z,0.9110199809074402,0.1862282156944275,0.3554106652736664,3.6013624246653,3819.2656250000027,-473.3124999999997,2067.9843750000264,0.917662049930121
5.7578125,2026-05-04T22:12:14.265625Z,2026-05-04T22:13:15.689687500Z,0.9775068163871764,0.1687242537736893,0.5790356993675232,1.778225840266185,3890.1640625000027,-466.2812499999997,2781.460937500026,0.2058251401747503
5.765625,2026-05-04T22:12:14.273437Z,2026-05-04T22:13:15.697500Z,0.99784654378891,0.1539669334888458,0.7829477190971375,0.2555137097809079,3910.0625000000005,-435.43749999999886,3274.2500000000173,0.9550337979285317
5.7734375,2026-05-04T22:12:14.281250Z,2026-05-04T22:13:15.705312500Z,0.9599946737289428,0.2095668315887451,0.9713906049728394,-0.17247485541487062,3927.8359375000005,-403.6015624999989,3757.843750000017,1.7651193543284704
5.78125,2026-05-04T22:12:14.289062Z,2026-05-04T22:13:15.713125Z,0.924626648426056,0.2630873322486877,1.111842393875122,0.8297308501674244,3945.6093750000005,-371.7656249999989,4241.437500000016,2.575204910728409
5.7890625,2026-05-04T22:12:14.296875Z,2026-05-04T22:13:15.720937500Z,0.867325484752655,0.2825154960155487,1.121053099632263,0.47125536816984354,3963.3828125000005,-339.929687499999,4725.0312500000155,3.3852904671283475
5.796875,2026-05-04T22:12:14.304687Z,2026-05-04T22:13:15.728750Z,0.8923518061637878,0.2449316531419754,1.064850807189941,-0.00714030278210328,3981.1562500000005,-308.093749999999,5208.6250000000155,4.195376023528286
5.8046875,2026-05-04T22:12:14.312500Z,2026-05-04T22:13:15.736562500Z,0.9256889224052428,0.2001631110906601,1.017382621765137,-0.3165351593405225,4006.148437500001,-175.35937499999528,5229.070312499998,4.181553115767837
5.8125,2026-05-04T22:12:14.320312Z,2026-05-04T22:13:15.744375Z,0.9411546587944032,0.19676473736763,1.089868903160095,0.3889955622610452,4032.515625000001,-23.406249999995424,5161.296874999998,4.010795262453065
5.8203125,2026-05-04T22:12:14.328125Z,2026-05-04T22:13:15.752187500Z,0.9276885390281676,0.2725376188755035,1.316492438316345,2.4989146920564944,4058.882812500001,128.54687500000443,5093.523437499998,3.840037409138293
5.828125,2026-05-04T22:12:14.335937Z,2026-05-04T22:13:15.760000Z,0.8831348419189453,0.3882064819335938,1.580435514450073,5.069476043992575,4085.250000000001,280.50000000000426,5025.749999999998,3.6692795558235214
5.8359375,2026-05-04T22:12:14.343750Z,2026-05-04T22:13:15.767812500Z,0.8363159894943237,0.4725606739521027,1.720948934555054,6.453205543453211,4111.617187500001,432.45312500000415,4957.976562499998,3.4985217025087496
5.84375,2026-05-04T22:12:14.351562Z,2026-05-04T22:13:15.775625Z,0.8270677924156189,0.4709623456001282,1.658534407615662,5.7003832223591475,4104.093749999999,499.7500000000009,4757.312499999994,2.996007568111529
5.8515625,2026-05-04T22:12:14.359375Z,2026-05-04T22:13:15.783437500Z,0.8607486486434937,0.4105985164642334,1.434509515762329,3.3792230448461895,4083.3906249999995,534.1250000000009,4504.968749999994,2.364477102182262
5.859375,2026-05-04T22:12:14.367187Z,2026-05-04T22:13:15.791250Z,0.8855875134468079,0.3393412828445435,1.210008025169373,1.1228755340019028,4062.6874999999995,568.5000000000009,4252.624999999994,1.7329466362529955
5.8671875,2026-05-04T22:12:14.375000Z,2026-05-04T22:13:15.799062500Z,0.8909927010536194,0.3381929695606232,1.123559474945068,0.3398294779107578,4041.9843749999995,602.8750000000008,4000.281249999994,1.1014161703237288
5.875,2026-05-04T22:12:14.382812Z,2026-05-04T22:13:15.806875Z,0.8397684097290039,0.403367280960083,1.175979137420654,0.6711888872181537,4021.2812499999995,637.2500000000008,3747.937499999994,0.469885704394462
5.8828125,2026-05-04T22:12:14.390625Z,2026-05-04T22:13:15.814687500Z,0.8006824254989624,0.480738490819931,1.292566180229187,1.830209707881603,3981.4765624999986,578.2265624999973,3449.7734374999927,0.4681146445411581
5.890625,2026-05-04T22:12:14.398437Z,2026-05-04T22:13:15.822500Z,0.8081965446472168,0.5023080706596375,1.345646858215332,2.510144278445884,3928.937499999999,456.93749999999744,3121.062499999993,0.8861831887384561
5.8984375,2026-05-04T22:12:14.406250Z,2026-05-04T22:13:15.830312500Z,0.8482980132102966,0.4559102058410645,1.236563801765442,1.5859206157116812,3876.398437499999,335.64843749999756,2792.351562499993,1.3042517329357544
5.90625,2026-05-04T22:12:14.414062Z,2026-05-04T22:13:15.838125Z,0.8848063945770264,0.3822477161884308,0.9978541135787964,-0.5235838783186183,3823.859374999999,214.35937499999764,2463.6406249999936,1.7223202771330524
5.9140625,2026-05-04T22:12:14.421875Z,2026-05-04T22:13:15.845937500Z,0.9002877473831177,0.3236528933048248,0.742429792881012,1.4572737863012228,3771.320312499999,93.07031249999777,2134.9296874999936,2.1403888213303506
5.921875,2026-05-04T22:12:14.429687Z,2026-05-04T22:13:15.853750Z,0.8776047229766846,0.2973504066467285,0.5421313643455505,3.039944534806541,3731.3437499999995,-16.50000000000172,1705.3437499999905,2.48395418241951
5.9296875,2026-05-04T22:12:14.437500Z,2026-05-04T22:13:15.861562500Z,0.8602331280708313,0.295752078294754,0.4125816822052002,3.8668490308559575,3704.9765624999995,-113.37500000000163,1166.476562499991,2.7468077618081916
5.9375,2026-05-04T22:12:14.445312Z,2026-05-04T22:13:15.869375Z,0.8687314391136169,0.2885673940181732,0.3169993758201599,4.163527713060139,3678.6093749999995,-210.25000000000156,627.6093749999914,3.009661341196873
5.9453125,2026-05-04T22:12:14.453125Z,2026-05-04T22:13:15.877187500Z,0.907442569732666,0.2569268047809601,0.2237235903739929,4.1017601788192435,3652.2421874999995,-307.1250000000015,88.74218749999179,3.2725149205855546
5.953125,2026-05-04T22:12:14.460937Z,2026-05-04T22:13:15.885000Z,0.9535584449768066,0.2148893922567368,0.1307707279920578,3.8525575298445496,3625.8749999999995,-404.00000000000136,-450.1250000000078,3.535368499974236
5.9609375,2026-05-04T22:12:14.468750Z,2026-05-04T22:13:15.892812500Z,0.9802719354629515,0.1955698728561401,0.0370643958449363,3.643376843361513,3598.5937499999995,-488.71093750000085,-927.2578125000049,3.536637851437195
5.96875,2026-05-04T22:12:14.476562Z,2026-05-04T22:13:15.900625Z,0.9688054323196412,0.2016528099775314,-0.0895021855831146,3.69027368800517,3569.6874999999995,-551.7968750000008,-1294.6406250000045,3.072868575476673
5.9765625,2026-05-04T22:12:14.484375Z,2026-05-04T22:13:15.908437500Z,0.9412171244621276,0.2049270421266556,-0.2734242975711823,3.573642515623374,3540.7812499999995,-614.8828125000007,-1662.0234375000043,2.609099299516152
5.984375,2026-05-04T22:12:14.492187Z,2026-05-04T22:13:15.916250Z,0.938420832157135,0.1783452332019806,-0.5086127519607544,2.5905032644280004,3511.8749999999995,-677.9687500000007,-2029.4062500000039,2.1453300235556307
5.9921875,2026-05-04T22:12:14.500000Z,2026-05-04T22:13:15.924062500Z,0.9751479029655457,0.1261592209339142,-0.7514434456825256,0.727146894355742,3482.9687499999995,-741.0546875000006,-2396.7890625000036,1.6815607475951093
6.0,2026-05-04T22:12:14.507812Z,2026-05-04T22:13:15.931875Z,1.012453079223633,0.0878305211663246,-0.926954448223114,-0.21231667394199596,3459.921875,-765.2812499999991,-2752.5468750000027,1.3062201967526306
6.0078125,2026-05-04T22:12:14.515625Z,2026-05-04T22:13:15.939687500Z,1.022045016288757,0.1102225482463837,-0.977082908153534,0.2673292928184456,3455.4296875,-666.4531249999992,-3071.4921875000027,1.2109039421172718
6.015625,2026-05-04T22:12:14.523437Z,2026-05-04T22:13:15.947500Z,0.9976434707641602,0.1886800080537796,-0.9248478412628174,-0.31532207885011015,3450.9375,-567.6249999999993,-3390.4375000000023,1.1155876874819133
6.0234375,2026-05-04T22:12:14.531250Z,2026-05-04T22:13:15.955312500Z,0.9589636325836182,0.271172046661377,-0.8732893466949463,-0.1774069657955746,3446.4453125,-468.7968749999994,-3709.382812500002,1.0202714328465545
6.03125,2026-05-04T22:12:14.539062Z,2026-05-04T22:13:15.963125Z,0.947903335094452,0.3115180432796478,-0.9192352890968324,-0.5055342240742398,3441.953125,-369.9687499999995,-4028.328125000002,0.924955178211196
6.0390625,2026-05-04T22:12:14.546875Z,2026-05-04T22:13:15.970937500Z,0.9688835144042968,0.2897622585296631,-1.094085097312927,0.9304837493364742,3439.0546875,-265.6328124999994,-4320.7421875,0.8725624037439063
6.046875,2026-05-04T22:12:14.554687Z,2026-05-04T22:13:15.978750Z,0.9893950819969176,0.248174861073494,-1.32596755027771,3.0810478153503493,3447.84375,-120.9062499999995,-4418.59375,1.1349418171757744
6.0546875,2026-05-04T22:12:14.562500Z,2026-05-04T22:13:15.986562500Z,0.974741756916046,0.2410211861133575,-1.485071420669556,4.475479189288467,3456.6328125,23.820312500000355,-4516.4453125,1.3973212306076424
6.0625,2026-05-04T22:12:14.570312Z,2026-05-04T22:13:15.994375Z,0.9505746364593506,0.2910812497138977,-1.473677277565002,4.256259284296869,3465.421875,168.54687500000023,-4614.296875,1.6597006440395103
6.0703125,2026-05-04T22:12:14.578125Z,2026-05-04T22:13:16.002187500Z,0.9225957989692688,0.3747681677341461,-1.331180334091187,2.842142712274707,3474.2109375,313.27343750000006,-4712.1484375,1.9220800574713783
6.078125,2026-05-04T22:12:14.585937Z,2026-05-04T22:13:16.010000Z,0.8941014409065247,0.4476237297058105,-1.172998905181885,1.3695966108508535,3483.0,458.0,-4810.0,2.1844594709032465
6.0859375,2026-05-04T22:12:14.593750Z,2026-05-04T22:13:16.017812500Z,0.8902584314346313,0.4821350872516632,-1.091747879981995,0.7370341845915247,3482.4140625,457.21875,-4507.265625,1.8167105151958394
6.09375,2026-05-04T22:12:14.601562Z,2026-05-04T22:13:16.025625Z,0.8977726101875305,0.4657639265060425,-1.099405527114868,0.811516214677389,3481.828125,456.4375,-4204.531250000001,1.4489615594884322
6.1015625,2026-05-04T22:12:14.609375Z,2026-05-04T22:13:16.033437500Z,0.910785675048828,0.436171680688858,-1.131373882293701,1.1176800861146206,3481.2421875,455.65625,-3901.796875000001,1.081212603781025
6.109375,2026-05-04T22:12:14.617187Z,2026-05-04T22:13:16.041250Z,0.8991785645484924,0.4251075685024261,-1.131158590316772,1.0456537270949278,3480.65625,454.875,-3599.062500000001,0.7134636480736178
6.1171875,2026-05-04T22:12:14.625000Z,2026-05-04T22:13:16.049062500Z,0.8712934255599976,0.4365285933017731,-1.070512413978577,0.4077195637390767,3480.0703125,454.09375,-3296.3281250000014,0.34571469236621066
6.125,2026-05-04T22:12:14.632812Z,2026-05-04T22:13:16.056875Z,0.8529689311981201,0.4427666962146759,-0.9523876905441284,-0.4714551233145918,3501.484375,380.78125000000045,-2892.1875000000023,0.817548580361213
6.1328125,2026-05-04T22:12:14.640625Z,2026-05-04T22:13:16.064687500Z,0.8608267903327942,0.4243316948413849,-0.7956979274749756,0.7239498355564119,3525.8984375,297.5781250000005,-2474.2187500000027,1.4038710379520034
6.140625,2026-05-04T22:12:14.648437Z,2026-05-04T22:13:16.072500Z,0.8892430067062378,0.3924583494663239,-0.619587242603302,1.7715757933511842,3550.3125,214.3750000000006,-2056.250000000003,1.9901934955427938
6.1484375,2026-05-04T22:12:14.656250Z,2026-05-04T22:13:16.080312500Z,0.9070519804954528,0.3694300949573517,-0.4369875192642212,2.6588844381054715,3574.7265625,131.17187500000065,-1638.2812500000034,2.576515953133584
6.15625,2026-05-04T22:12:14.664062Z,2026-05-04T22:13:16.088125Z,0.9077550172805786,0.3590642809867859,-0.2665970027446747,3.3181617671563153,3599.140625,47.968750000000725,-1220.3125000000039,3.1628384107243743
6.1640625,2026-05-04T22:12:14.671875Z,2026-05-04T22:13:16.095937500Z,0.8970071077346802,0.3405050933361053,-0.1359401792287827,3.77551752310795,3627.8593749999995,-73.67968749999869,-682.2578125000056,3.072415186324712
6.171875,2026-05-04T22:12:14.679687Z,2026-05-04T22:13:16.103750Z,0.8971945643424988,0.2965590059757233,-0.0602247267961502,3.9931508221161134,3657.9374999999995,-207.46874999999858,-106.28125000000604,2.7682827991912116
6.1796875,2026-05-04T22:12:14.687500Z,2026-05-04T22:13:16.111562500Z,0.9163939356803894,0.2299260348081589,-0.017123507335782,3.975778822092127,3688.0156249999995,-341.25781249999847,469.6953124999935,2.4641504120577107
6.1875,2026-05-04T22:12:14.695312Z,2026-05-04T22:13:16.119375Z,0.9413264989852904,0.1611361056566238,0.0539788976311683,3.807376250370525,3718.0937499999995,-475.04687499999835,1045.671874999993,2.1600180249242102
6.1953125,2026-05-04T22:12:14.703125Z,2026-05-04T22:13:16.127187500Z,0.9641813635826112,0.1224504932761192,0.2157737761735916,3.323097409483609,3748.1718749999995,-608.8359374999983,1621.6484374999925,1.8558856377907098
6.203125,2026-05-04T22:12:14.710937Z,2026-05-04T22:13:16.135000Z,0.9743043184280396,0.1282386034727097,0.4635250568389893,2.231490323848569,3778.8749999999995,-668.1249999999998,2139.999999999993,1.8087313848727578
6.2109375,2026-05-04T22:12:14.718750Z,2026-05-04T22:13:16.142812500Z,0.96616530418396,0.1613688766956329,0.7227782011032104,0.6773906889039822,3809.9296874999995,-685.5078124999998,2625.9374999999927,1.90612733245106
6.21875,2026-05-04T22:12:14.726562Z,2026-05-04T22:13:16.150625Z,0.9508246183395386,0.1824884563684464,0.903963267803192,-0.5416466111449985,3840.9843749999995,-702.8906249999998,3111.8749999999923,2.0035232800293623
6.2265625,2026-05-04T22:12:14.734375Z,2026-05-04T22:13:16.158437500Z,0.9557299017906188,0.16805699467659,0.9670851230621338,-0.03619697003312311,3872.0390624999995,-720.2734374999997,3597.812499999992,2.1009192276076645
6.234375,2026-05-04T22:12:14.742187Z,2026-05-04T22:13:16.166250Z,0.9737575650215148,0.1249022856354713,0.9512162208557128,-0.1256449109291781,3903.0937499999995,-737.6562499999997,4083.7499999999914,2.198315175185967
6.2421875,2026-05-04T22:12:14.750000Z,2026-05-04T22:13:16.174062500Z,0.990519881248474,0.0931686013936996,0.9394375681877136,-0.17166363934759588,3937.093749999999,-661.8046875000031,4367.882812499998,2.381719782883522
6.25,2026-05-04T22:12:14.757812Z,2026-05-04T22:13:16.181875Z,0.9804593920707704,0.1056913807988167,0.9925798773765564,0.13284526008104733,3973.812499999999,-499.8906250000032,4465.734374999998,2.6445169999219313
6.2578125,2026-05-04T22:12:14.765625Z,2026-05-04T22:13:16.189687500Z,0.9465598464012146,0.1645344793796539,1.126388907432556,1.0556381676074285,4010.531249999999,-337.9765625000033,4563.585937499998,2.9073142169603403
6.265625,2026-05-04T22:12:14.773437Z,2026-05-04T22:13:16.197500Z,0.91584712266922,0.2398573607206345,1.296164274215698,2.518818535939066,4047.249999999999,-176.06250000000344,4661.437499999998,3.1701114339987497
6.2734375,2026-05-04T22:12:14.781250Z,2026-05-04T22:13:16.205312500Z,0.9088172912597656,0.3004849851131439,1.429435253143311,3.8849797743951693,4083.968749999999,-14.148437500003588,4759.289062499998,3.4329086510371587
6.28125,2026-05-04T22:12:14.789062Z,2026-05-04T22:13:16.213125Z,0.9104888439178468,0.3319858908653259,1.469768643379211,4.360895626272376,4101.234375,132.53124999999713,4778.312500000003,3.510984665092463
6.2890625,2026-05-04T22:12:14.796875Z,2026-05-04T22:13:16.220937500Z,0.9065677523612976,0.3459207713603973,1.424745321273804,3.920882868214901,4089.3203125000005,256.35937499999704,4679.093750000003,3.3119788746730823
6.296875,2026-05-04T22:12:14.804687Z,2026-05-04T22:13:16.228750Z,0.8897742033004761,0.3657213449478149,1.343032836914062,3.059370951491616,4077.4062500000005,380.18749999999693,4579.875000000003,3.112973084253702
6.3046875,2026-05-04T22:12:14.812500Z,2026-05-04T22:13:16.236562500Z,0.860561192035675,0.396663635969162,1.27283763885498,2.2785054131252345,4065.4921875000005,504.0156249999968,4480.656250000003,2.9139672938343217
6.3125,2026-05-04T22:12:14.820312Z,2026-05-04T22:13:16.244375Z,0.8316763043403625,0.4358923733234406,1.229797959327698,1.812939496658633,4053.5781250000005,627.8437499999967,4381.437500000003,2.714961503414941
6.3203125,2026-05-04T22:12:14.828125Z,2026-05-04T22:13:16.252187500Z,0.8146015405654907,0.47311931848526,1.202381134033203,1.6010389282594835,4035.867187500001,713.9921875000003,4201.718750000011,2.459222699004905
6.328125,2026-05-04T22:12:14.835937Z,2026-05-04T22:13:16.260000Z,0.8164293169975281,0.496085524559021,1.180745959281921,1.5494456306803464,4003.250000000001,703.2500000000003,3815.000000000011,2.057599001476019
6.3359375,2026-05-04T22:12:14.843750Z,2026-05-04T22:13:16.267812500Z,0.8274739980697632,0.5062030553817749,1.154005646705627,1.4919980217833573,3970.632812500001,692.5078125000003,3428.2812500000114,1.6559753039471334
6.34375,2026-05-04T22:12:14.851562Z,2026-05-04T22:13:16.275625Z,0.8319106101989746,0.510051429271698,1.102939248085022,1.1647809231314457,3938.015625000001,681.7656250000003,3041.562500000012,1.2543516064182476
6.3515625,2026-05-04T22:12:14.859375Z,2026-05-04T22:13:16.283437500Z,0.822100043296814,0.5104238390922546,1.001744389533997,0.29293261598194237,3905.398437500001,671.0234375000003,2654.843750000012,0.8527279088893618
6.359375,2026-05-04T22:12:14.867187Z,2026-05-04T22:13:16.291250Z,0.8112740516662598,0.4951544404029846,0.8439475297927856,-0.024570630185641183,3871.4062500000014,636.2812500000051,2251.6250000000155,0.6018866512136881
6.3671875,2026-05-04T22:12:14.875000Z,2026-05-04T22:13:16.299062500Z,0.8165386319160461,0.4526980221271515,0.6490771174430847,1.5327427853277316,3830.1953125000014,475.5390625000053,1761.7812500000161,1.1426532027675647
6.375,2026-05-04T22:12:14.882812Z,2026-05-04T22:13:16.306875Z,0.8450642824172974,0.3915427923202515,0.4556521475315094,2.693321160904371,3788.9843750000014,314.7968750000054,1271.9375000000166,1.683419754321441
6.3828125,2026-05-04T22:12:14.890625Z,2026-05-04T22:13:16.314687500Z,0.8787450790405273,0.3369670808315277,0.3020530939102173,3.2335406176629746,3747.7734375000014,154.05468750000557,782.093750000017,2.2241863058753175
6.390625,2026-05-04T22:12:14.898437Z,2026-05-04T22:13:16.322500Z,0.9009281992912292,0.3057144284248352,0.2119295746088028,3.3537143610370994,3706.5625000000014,-6.687499999994292,292.2500000000175,2.764952857429194
6.3984375,2026-05-04T22:12:14.906250Z,2026-05-04T22:13:16.330312500Z,0.913956880569458,0.2931451201438904,0.1654915809631348,3.318758432217805,3665.5000000000014,-167.21093749999434,-193.57812499998582,3.271074630005751
6.40625,2026-05-04T22:12:14.914062Z,2026-05-04T22:13:16.338125Z,0.9234081506729126,0.2794119417667389,0.1031847149133682,3.3330243742828354,3628.0000000000014,-322.4843749999942,-583.0312499999854,2.9457217071258732
6.4140625,2026-05-04T22:12:14.921875Z,2026-05-04T22:13:16.345937500Z,0.9383583068847656,0.2458471804857254,-0.0294249635189771,3.3217236113000865,3590.5000000000014,-477.7578124999941,-972.4843749999851,2.6203687842459957
6.421875,2026-05-04T22:12:14.929687Z,2026-05-04T22:13:16.353750Z,0.9626816511154176,0.1870041042566299,-0.2402565181255341,2.86240201129649,3553.0000000000014,-633.031249999994,-1361.9374999999848,2.295015861366118
6.4296875,2026-05-04T22:12:14.937500Z,2026-05-04T22:13:16.361562500Z,0.9893013834953308,0.1204021498560905,-0.4753527045249939,1.7549621643813798,3515.5000000000014,-788.3046874999937,-1751.3906249999845,1.9696629384862399
6.4375,2026-05-04T22:12:14.945312Z,2026-05-04T22:13:16.369375Z,1.012718677520752,0.0754939541220665,-0.6622579097747803,0.4931009188661167,3478.0000000000014,-943.5781249999936,-2140.843749999984,1.644310015606362
6.4453125,2026-05-04T22:12:14.953125Z,2026-05-04T22:13:16.377187500Z,1.022107481956482,0.0716300457715988,-0.7632989883422852,-0.24539642673392548,3471.5859375,-910.718750000002,-2492.7421874999854,1.4436246117092675
6.453125,2026-05-04T22:12:14.960937Z,2026-05-04T22:13:16.385000Z,1.016358613967896,0.1006170958280563,-0.79606693983078,-0.40163446703729494,3467.875,-861.500000000002,-2841.374999999985,1.253779861636769
6.4609375,2026-05-04T22:12:14.968750Z,2026-05-04T22:13:16.392812500Z,1.006594896316528,0.1370992064476013,-0.8126893043518066,-0.4209413428819425,3464.1640625,-812.2812500000022,-3190.007812499985,1.0639351115642706
6.46875,2026-05-04T22:12:14.976562Z,2026-05-04T22:13:16.400625Z,1.005641937255859,0.1604843586683273,-0.8607264757156372,-0.36579925953468184,3460.453125,-763.0625000000022,-3538.6406249999845,0.8740903614917722
6.4765625,2026-05-04T22:12:14.984375Z,2026-05-04T22:13:16.408437500Z,1.015686869621277,0.1643948256969452,-0.9518341422080994,0.4042873940950429,3456.7421875,-713.8437500000023,-3887.2734374999845,0.6842456114192738
6.484375,2026-05-04T22:12:14.992187Z,2026-05-04T22:13:16.416250Z,1.022826075553894,0.1640068739652634,-1.06746780872345,1.3909957549724232,3460.6874999999995,-582.906250000007,-4020.4374999999964,0.7795034921852728
6.4921875,2026-05-04T22:12:15.000000Z,2026-05-04T22:13:16.424062500Z,1.012703061103821,0.1794469803571701,-1.173075795173645,2.2313173275763876,3466.5468749999995,-431.53906250000716,-4099.734374999996,0.9460370306609164
6.5,2026-05-04T22:12:15.007812Z,2026-05-04T22:13:16.431875Z,0.9874579906463624,0.2214688956737518,-1.246269464492798,2.760731823246624,3472.4062499999995,-280.1718750000073,-4179.031249999996,1.11257056913656
6.5078125,2026-05-04T22:12:15.015625Z,2026-05-04T22:13:16.439687500Z,0.9589011073112488,0.2735773026943207,-1.272071838378906,2.8912416871589595,3478.2656249999995,-128.80468750000742,-4258.328124999996,1.2791041076122036
6.515625,2026-05-04T22:12:15.023437Z,2026-05-04T22:13:16.447500Z,0.9456537365913392,0.3196027874946594,-1.250513553619385,2.700806691243568,3484.1249999999995,22.562499999992436,-4337.624999999996,1.4456376460878473
6.5234375,2026-05-04T22:12:15.031250Z,2026-05-04T22:13:16.455312500Z,0.940420389175415,0.3567676544189453,-1.198462963104248,2.2793180283369896,3491.8437499999995,152.14843749999397,-4245.593750000009,1.2651160881578418
6.53125,2026-05-04T22:12:15.039062Z,2026-05-04T22:13:16.463125Z,0.928563356399536,0.3950032591819763,-1.135248899459839,1.7363414730526936,3500.4374999999995,271.48437499999386,-4072.937500000009,0.9212744848604347
6.5390625,2026-05-04T22:12:15.046875Z,2026-05-04T22:13:16.470937500Z,0.9082236289978028,0.4385458827018738,-1.073664665222168,1.2024684148986882,3509.0312499999995,390.82031249999375,-3900.281250000009,0.5774328815630276
6.546875,2026-05-04T22:12:15.054687Z,2026-05-04T22:13:16.478750Z,0.8839003443717957,0.4790005087852478,-1.028810501098633,0.8228231715018473,3517.6249999999995,510.1562499999937,-3727.625000000009,0.23359127826562043
6.5546875,2026-05-04T22:12:15.062500Z,2026-05-04T22:13:16.486562500Z,0.8611235618591309,0.5004149079322815,-1.002762198448181,0.5796088519493952,3526.2187499999995,629.4921874999935,-3554.968750000009,-0.11025032503178672
6.5625,2026-05-04T22:12:15.070312Z,2026-05-04T22:13:16.494375Z,0.8557184338569641,0.4980096817016602,-0.9764062762260436,0.3796953199307425,3540.281249999999,671.5000000000008,-3285.7343750000146,-0.01649391745267862
6.5703125,2026-05-04T22:12:15.078125Z,2026-05-04T22:13:16.502187500Z,0.8586397171020508,0.482662707567215,-0.92355614900589,-0.029940135238641842,3558.6406249999995,652.7500000000003,-2940.6171875000073,0.4210894986723389
6.578125,2026-05-04T22:12:15.085937Z,2026-05-04T22:13:16.510000Z,0.8598269820213318,0.4738641679286957,-0.8171178102493286,-0.283306477850231,3577.0,634.0,-2595.5,0.8586729147973565
6.5859375,2026-05-04T22:12:15.093750Z,2026-05-04T22:13:16.517812500Z,0.8530939221382141,0.4795281291007996,-0.6521399617195129,0.8793805274976237,3595.3593750000005,615.2499999999995,-2250.3828124999927,1.296256330922374
6.59375,2026-05-04T22:12:15.101562Z,2026-05-04T22:13:16.525625Z,0.8469857573509216,0.4872093796730042,-0.4590378701686859,1.9903575420772401,3613.718750000001,596.4999999999992,-1905.2656249999854,1.7338397470473916
6.6015625,2026-05-04T22:12:15.109375Z,2026-05-04T22:13:16.533437500Z,0.8493134379386902,0.4778211712837219,-0.2861255705356598,2.713867263664257,3631.648437500001,506.5937499999902,-1475.585937499971,2.028249477756077
6.609375,2026-05-04T22:12:15.117187Z,2026-05-04T22:13:16.541250Z,0.8627482652664185,0.4407804310321808,-0.1730136871337891,3.0510235136615287,3649.031250000001,326.1249999999904,-938.2812499999714,2.1404381542985624
6.6171875,2026-05-04T22:12:15.125000Z,2026-05-04T22:13:16.549062500Z,0.880151093006134,0.3788958787918091,-0.1126750558614731,3.250334245987767,3666.414062500001,145.65624999999056,-400.9765624999718,2.2526268308410478
6.625,2026-05-04T22:12:15.132812Z,2026-05-04T22:13:16.556875Z,0.9014750123023988,0.3088955581188202,-0.0536588281393051,3.355164033888883,3683.796875000001,-34.81250000000926,136.32812500002777,2.364815507383533
6.6328125,2026-05-04T22:12:15.140625Z,2026-05-04T22:13:16.564687500Z,0.9191746115684508,0.2531094551086426,0.0521798096597194,3.3445680439369387,3701.179687500001,-215.2812500000091,673.6328125000273,2.4770041839260184
6.640625,2026-05-04T22:12:15.148437Z,2026-05-04T22:13:16.572500Z,0.9309691786766052,0.219327449798584,0.2154354900121689,3.044544107970202,3723.500000000002,-371.9375000000053,1179.6875000000218,2.4141564684363868
6.6484375,2026-05-04T22:12:15.156250Z,2026-05-04T22:13:16.580312500Z,0.9382176995277404,0.2026149034500122,0.4087835848331451,2.308805619838372,3756.312500000002,-477.9921875000052,1619.3359375000214,1.9793564198785927
6.65625,2026-05-04T22:12:15.164062Z,2026-05-04T22:13:16.588125Z,0.94966858625412,0.1841022968292236,0.5886616110801697,1.2687605294754405,3789.1250000000014,-584.0468750000051,2058.984375000021,1.5445563713207986
6.6640625,2026-05-04T22:12:15.171875Z,2026-05-04T22:13:16.595937500Z,0.9705238342285156,0.1531910449266434,0.7267761826515198,0.23153279780366912,3821.9375000000014,-690.101562500005,2498.6328125000205,1.1097563227630045
6.671875,2026-05-04T22:12:15.179687Z,2026-05-04T22:13:16.603750Z,0.9918009042739868,0.1161347925662994,0.8143625259399414,-0.5162502726102179,3854.7500000000014,-796.1562500000049,2938.2812500000205,0.6749562742052103
6.6796875,2026-05-04T22:12:15.187500Z,2026-05-04T22:13:16.611562500Z,1.001205325126648,0.0890564173460006,0.8692731857299805,-0.17963409721629625,3886.5468750000014,-868.148437499997,3336.7578125000105,0.4334985154988721
6.6875,2026-05-04T22:12:15.195312Z,2026-05-04T22:13:16.619375Z,0.997409164905548,0.0774646997451782,0.9207547307014464,0.13058128842070948,3914.2812500000014,-803.8906249999972,3570.5468750000105,0.965409916198138
6.6953125,2026-05-04T22:12:15.203125Z,2026-05-04T22:13:16.627187500Z,0.9897544384002686,0.0815148204565048,0.9873055815696716,0.5629996099983682,3942.0156250000014,-739.6328124999972,3804.33593750001,1.4973213168974038
6.703125,2026-05-04T22:12:15.210937Z,2026-05-04T22:13:16.635000Z,0.9805843234062196,0.0995463728904724,1.067572593688965,1.1453882577901167,3969.7500000000014,-675.3749999999973,4038.12500000001,2.0292327175966696
6.7109375,2026-05-04T22:12:15.218750Z,2026-05-04T22:13:16.642812500Z,0.9768194556236268,0.1271833926439285,1.153605818748474,1.876690803932919,3997.4843750000014,-611.1171874999973,4271.91406250001,2.561144118295936
6.71875,2026-05-04T22:12:15.226562Z,2026-05-04T22:13:16.650625Z,0.9727733731269836,0.1633551418781281,1.233888149261475,2.6087421901910797,4023.25,-537.3906249999925,4485.859374999999,3.049120537409641
6.7265625,2026-05-04T22:12:15.234375Z,2026-05-04T22:13:16.658437500Z,0.9615880846977234,0.2069288194179535,1.295595407485962,3.163235417205738,4026.375,-354.7734374999927,4471.601562499999,3.031844668289682
6.734375,2026-05-04T22:12:15.242187Z,2026-05-04T22:13:16.666250Z,0.940420389175415,0.2571285367012024,1.325226545333862,3.3819052478911455,4029.5,-172.1562499999929,4457.343749999999,3.014568799169722
6.7421875,2026-05-04T22:12:15.250000Z,2026-05-04T22:13:16.674062500Z,0.910301387310028,0.3066765367984772,1.310680031776428,3.1367180206243894,4032.625,10.460937500006949,4443.085937499999,2.9972929300497624
6.75,2026-05-04T22:12:15.257812Z,2026-05-04T22:13:16.681875Z,0.8846033215522766,0.3492260575294495,1.258644819259644,2.5691759891638273,4035.75,193.07812500000676,4428.828124999999,2.9800170609298027
6.7578125,2026-05-04T22:12:15.265625Z,2026-05-04T22:13:16.689687500Z,0.8686065077781677,0.3814407885074615,1.192416906356812,1.9346459390093216,4038.875,375.6953125000066,4414.570312499999,2.9627411918098434
6.765625,2026-05-04T22:12:15.273437Z,2026-05-04T22:13:16.697500Z,0.8587803244590759,0.4143227636814117,1.134784579277039,1.4624927223467243,4025.4999999999995,497.93750000000426,4094.687499999988,2.3423267702117525
6.7734375,2026-05-04T22:12:15.281250Z,2026-05-04T22:13:16.705312500Z,0.8440175652503967,0.4550722241401672,1.100294351577759,1.2359701417609992,4011.4374999999995,617.6640625000042,3762.0703124999886,1.6967815755937636
6.78125,2026-05-04T22:12:15.289062Z,2026-05-04T22:13:16.713125Z,0.8262085914611816,0.5044495463371277,1.082318902015686,1.2095780215228678,3997.3749999999995,737.3906250000041,3429.4531249999886,1.0512363809757745
6.7890625,2026-05-04T22:12:15.296875Z,2026-05-04T22:13:16.720937500Z,0.8058844804763794,0.5462852120399475,1.050365924835205,1.0411750904359112,3983.3124999999995,857.117187500004,3096.835937499989,0.4056911863577856
6.796875,2026-05-04T22:12:15.304687Z,2026-05-04T22:13:16.728750Z,0.7956990003585815,0.563944399356842,0.9745428562164308,0.46830863444160925,3969.2499999999995,976.8437500000039,2764.218749999989,-0.23985400826020334
6.8046875,2026-05-04T22:12:15.312500Z,2026-05-04T22:13:16.736562500Z,0.7979485988616943,0.5537802577018738,0.8412566184997559,-0.5290553706032506,3931.3984374999986,898.5468749999964,2371.2265624999873,0.12253563504804482
6.8125,2026-05-04T22:12:15.320312Z,2026-05-04T22:13:16.744375Z,0.8081496953964233,0.5228069424629211,0.6684826612472534,0.7722199427242653,3889.0156249999986,782.5312499999965,1966.7343749999877,0.6769128665326738
6.8203125,2026-05-04T22:12:15.328125Z,2026-05-04T22:13:16.752187500Z,0.8212564587593079,0.484292060136795,0.5004755258560181,1.8623769059695179,3846.6328124999986,666.5156249999966,1562.2421874999882,1.231290098017303
6.828125,2026-05-04T22:12:15.335937Z,2026-05-04T22:13:16.760000Z,0.8358160853385925,0.4519997239112854,0.3693266808986664,2.5036868246997694,3804.2499999999986,550.4999999999967,1157.7499999999884,1.7856673295019319
6.8359375,2026-05-04T22:12:15.343750Z,2026-05-04T22:13:16.767812500Z,0.8483917117118835,0.4262714087963104,0.2750206589698792,2.8340138645769697,3761.8671874999986,434.4843749999968,753.2578124999887,2.340044560986561
6.84375,2026-05-04T22:12:15.351562Z,2026-05-04T22:13:16.775625Z,0.8654977083206177,0.397951602935791,0.1941847205162048,2.9954503409965567,3721.453124999999,256.7343749999946,325.7031249999884,2.4423833912429496
6.8515625,2026-05-04T22:12:15.359375Z,2026-05-04T22:13:16.783437500Z,0.89044588804245,0.3574038743972778,0.0950657576322555,3.0665236034278527,3681.804687499999,54.97656249999479,-110.82031250001123,2.3689295099106022
6.859375,2026-05-04T22:12:15.367187Z,2026-05-04T22:13:16.791250Z,0.919549524784088,0.3021764159202576,-0.0384204015135765,2.999765096535706,3642.156249999999,-146.78125000000503,-547.3437500000108,2.2954756285782545
6.8671875,2026-05-04T22:12:15.375000Z,2026-05-04T22:13:16.799062500Z,0.9483094811439514,0.240866020321846,-0.1988774985074997,2.6444424972684315,3602.507812499999,-348.5390625000049,-983.8671875000105,2.2220217472459067
6.875,2026-05-04T22:12:15.382812Z,2026-05-04T22:13:16.806875Z,0.9708518981933594,0.1870816946029663,-0.3611336648464203,2.0112265438857793,3562.859374999999,-550.2968750000047,-1420.39062500001,2.148567865913559
6.8828125,2026-05-04T22:12:15.390625Z,2026-05-04T22:13:16.814687500Z,0.986817479133606,0.1462391167879105,-0.5052298307418823,1.2533622331585441,3538.7968749999995,-672.1328125000015,-1808.515625000008,1.8662530396432655
6.890625,2026-05-04T22:12:15.398437Z,2026-05-04T22:13:16.822500Z,1.000705480575562,0.1184003725647926,-0.6205866932868958,0.5095713069704034,3525.1249999999995,-740.6875000000015,-2164.3750000000077,1.4446975834143547
6.8984375,2026-05-04T22:12:15.406250Z,2026-05-04T22:13:16.830312500Z,1.015921115875244,0.1002446711063385,-0.7086343765258789,-0.15687358272070612,3511.4531249999995,-809.2421875000014,-2520.2343750000073,1.023142127185444
6.90625,2026-05-04T22:12:15.414062Z,2026-05-04T22:13:16.838125Z,1.03035581111908,0.0892891809344291,-0.7791678309440613,-0.3886260606487827,3497.7812499999995,-877.7968750000014,-2876.093750000007,0.6015866709565333
6.9140625,2026-05-04T22:12:15.421875Z,2026-05-04T22:13:16.845937500Z,1.038838505744934,0.0893202200531959,-0.8398755192756653,0.09074181592037132,3484.1093749999995,-946.3515625000013,-3231.9531250000064,0.18003121472762257
6.921875,2026-05-04T22:12:15.429687Z,2026-05-04T22:13:16.853750Z,1.039322853088379,0.0996084436774253,-0.8985841870307922,0.5080094719318452,3476.71875,-933.1562499999982,-3473.4375000000023,0.0612496137155296
6.9296875,2026-05-04T22:12:15.437500Z,2026-05-04T22:13:16.861562500Z,1.034745573997498,0.1165227293968201,-0.9621058702468872,0.9505358527770985,3476.1328125,-831.3984374999983,-3591.015625000002,0.2704730225216321
6.9375,2026-05-04T22:12:15.445312Z,2026-05-04T22:13:16.869375Z,1.02718460559845,0.1353146731853485,-1.033869504928589,1.4743372734093423,3475.546875,-729.6406249999984,-3708.593750000002,0.4796964313277346
6.9453125,2026-05-04T22:12:15.453125Z,2026-05-04T22:13:16.877187500Z,1.021982431411743,0.1529582887887955,-1.106017589569092,2.059433684585779,3474.9609375,-627.8828124999984,-3826.171875000002,0.6889198401338371
6.953125,2026-05-04T22:12:15.460937Z,2026-05-04T22:13:16.885000Z,1.00909435749054,0.1821780949831009,-1.16623318195343,2.5243866583863857,3474.375,-526.1249999999985,-3943.750000000002,0.8981432489399396
6.9609375,2026-05-04T22:12:15.468750Z,2026-05-04T22:13:16.892812500Z,0.9880828857421876,0.223812073469162,-1.186699748039246,2.610737856304448,3479.1328125,-390.1953124999974,-3992.562499999999,0.9896191452283057
6.96875,2026-05-04T22:12:15.476562Z,2026-05-04T22:13:16.900625Z,0.9726640582084656,0.2783101797103882,-1.152148008346558,2.287088813406838,3493.390625,-193.51562499999756,-3919.124999999999,0.8717661303740414
6.9765625,2026-05-04T22:12:15.484375Z,2026-05-04T22:13:16.908437500Z,0.9464348554611206,0.339046448469162,-1.087180972099304,1.6649146332765028,3507.6484375,3.164062500002281,-3845.687499999999,0.7539131155197771
6.984375,2026-05-04T22:12:15.492187Z,2026-05-04T22:13:16.916250Z,0.9206587076187134,0.3992240726947784,-1.020829916000366,1.0935582581457193,3521.90625,199.8437500000021,-3772.249999999999,0.6360601006655129
6.9921875,2026-05-04T22:12:15.500000Z,2026-05-04T22:13:16.924062500Z,0.8972258567810059,0.4465219974517822,-0.979266345500946,0.7646288400699643,3536.1640625,396.52343750000193,-3698.812499999999,0.5182070858112486
7.0,2026-05-04T22:12:15.507812Z,2026-05-04T22:13:16.931875Z,0.8789013028144836,0.4728555083274841,-0.9593072533607484,0.6083800403477535,3551.40625,560.2031250000006,-3568.4687499999973,0.45543484803707623
7.0078125,2026-05-04T22:12:15.515625Z,2026-05-04T22:13:16.939687500Z,0.8706373572349548,0.4865266084671021,-0.9302451014518738,0.41742515127709745,3569.765625,619.3828125000005,-3257.9218749999977,0.5670850710165196
7.015625,2026-05-04T22:12:15.523437Z,2026-05-04T22:13:16.947500Z,0.8613735437393188,0.4979631304740906,-0.8710597157478333,-0.022226708971795735,3588.125,678.5625000000005,-2947.3749999999977,0.6787352939959631
7.0234375,2026-05-04T22:12:15.531250Z,2026-05-04T22:13:16.955312500Z,0.8467045426368713,0.5145050287246704,-0.7704952955245972,-0.35231147214186925,3606.484375,737.7421875000003,-2636.828124999998,0.7903855169754065
7.03125,2026-05-04T22:12:15.539062Z,2026-05-04T22:13:16.963125Z,0.8326917290687561,0.5305657982826233,-0.6372090578079224,0.5524793659801129,3624.84375,796.9218750000003,-2326.281249999998,0.9020357399548499
7.0390625,2026-05-04T22:12:15.546875Z,2026-05-04T22:13:16.970937500Z,0.8292080163955688,0.5348021388053894,-0.4889611601829529,1.3894192098264253,3642.6875,831.8203124999993,-1998.320312499998,1.039770150145981
7.046875,2026-05-04T22:12:15.554687Z,2026-05-04T22:13:16.978750Z,0.8364409804344177,0.5185241103172302,-0.3497240841388702,2.027689857776118,3656.75,688.6562499999994,-1542.6562499999984,1.3687885998894815
7.0546875,2026-05-04T22:12:15.562500Z,2026-05-04T22:13:16.986562500Z,0.8502038717269897,0.485797256231308,-0.2325066030025482,2.447466140930515,3670.8125,545.4921874999995,-1086.9921874999989,1.6978070496329818
7.0625,2026-05-04T22:12:15.570312Z,2026-05-04T22:13:16.994375Z,0.8630919456481934,0.4445046782493591,-0.1356018930673599,2.7339926673743733,3684.875,402.3281249999997,-631.3281249999992,2.026825499376482
7.0703125,2026-05-04T22:12:15.578125Z,2026-05-04T22:13:17.002187500Z,0.8710903525352478,0.3963998258113861,-0.0429104268550872,2.981964319857491,3698.9375,259.16406249999983,-175.66406249999957,2.3558439491199827
7.078125,2026-05-04T22:12:15.585937Z,2026-05-04T22:13:17.010000Z,0.8855093717575073,0.345734566450119,0.0642198547720909,3.0344179686378636,3713.0,116.0,280.0,2.684862398863483
7.0859375,2026-05-04T22:12:15.593750Z,2026-05-04T22:13:17.017812500Z,0.9062709212303162,0.2961865663528442,0.1901406198740005,2.8014122318333303,3740.34375,-51.18749999999986,703.0468749999995,2.138154797685732
7.09375,2026-05-04T22:12:15.601562Z,2026-05-04T22:13:17.025625Z,0.9254077672958374,0.24978868663311,0.326625257730484,2.3292525872730225,3767.6875,-218.37499999999972,1126.093749999999,1.5914471965079808
7.1015625,2026-05-04T22:12:15.609375Z,2026-05-04T22:13:17.033437500Z,0.9457162618637084,0.2071615904569626,0.4699064493179321,1.5925469632765492,3795.03125,-385.56249999999955,1549.1406249999989,1.0447395953302299
7.109375,2026-05-04T22:12:15.617187Z,2026-05-04T22:13:17.041250Z,0.9678056240081788,0.1697484254837036,0.6102506518363953,0.6617276092934266,3822.375,-552.7499999999994,1972.1874999999984,0.4980319941524787
7.1171875,2026-05-04T22:12:15.625000Z,2026-05-04T22:13:17.049062500Z,0.9840680360794068,0.1376578360795975,0.7280216813087463,-0.19757397597131318,3849.71875,-719.9374999999993,2395.234374999998,-0.048675607025272405
7.125,2026-05-04T22:12:15.632812Z,2026-05-04T22:13:17.056875Z,0.9917071461677552,0.1102690994739532,0.8147777318954468,-0.2975273731749467,3871.734375,-765.6093749999999,2723.234374999998,0.32358740725855784
7.1328125,2026-05-04T22:12:15.640625Z,2026-05-04T22:13:17.064687500Z,0.9979090094566344,0.0881719067692756,0.8748241662979126,0.15264049340704242,3893.0234375,-794.7109374999998,3038.273437499998,0.8211645963780636
7.140625,2026-05-04T22:12:15.648437Z,2026-05-04T22:13:17.072500Z,1.001798987388611,0.0705593228340148,0.923983871936798,0.5171024701027843,3914.3125,-823.8124999999998,3353.3124999999977,1.3187417854975694
7.1484375,2026-05-04T22:12:15.656250Z,2026-05-04T22:13:17.080312500Z,1.00537633895874,0.064848817884922,0.9812317490577698,0.9701907153388979,3935.6015625,-852.9140624999998,3668.3515624999973,1.8163189746170754
7.15625,2026-05-04T22:12:15.664062Z,2026-05-04T22:13:17.088125Z,1.004064202308655,0.0793888941407203,1.052211046218872,1.5352279304953407,3956.890625,-882.0156249999998,3983.3906249999973,2.313896163736581
7.1640625,2026-05-04T22:12:15.671875Z,2026-05-04T22:13:17.095937500Z,0.9942691326141356,0.1120846718549728,1.130371451377869,2.1453353887973843,3971.3515625,-766.0937500000016,4088.8359374999995,2.49054304402842
7.171875,2026-05-04T22:12:15.679687Z,2026-05-04T22:13:17.103750Z,0.9786316156387328,0.1553169786930084,1.198029518127441,2.671026079621843,3983.65625,-604.3750000000017,4128.09375,2.5658435110062547
7.1796875,2026-05-04T22:12:15.687500Z,2026-05-04T22:13:17.111562500Z,0.9603539705276488,0.2014665901660919,1.234026551246643,2.9259724440092563,3995.9609375,-442.6562500000019,4167.351562499999,2.6411439779840893
7.1875,2026-05-04T22:12:15.695312Z,2026-05-04T22:13:17.119375Z,0.9413889646530152,0.2433643639087677,1.22809112071991,2.8015143605227397,4008.265625,-280.937500000002,4206.609374999999,2.7164444449619234
7.1953125,2026-05-04T22:12:15.703125Z,2026-05-04T22:13:17.127187500Z,0.9213773012161256,0.2840362191200256,1.188465118408203,2.37313070758216,4020.5703125,-119.21875000000215,4245.867187499999,2.791744911939758
7.203125,2026-05-04T22:12:15.710937Z,2026-05-04T22:13:17.135000Z,0.9029121994972228,0.3255460560321808,1.138797998428345,1.8932113819412768,4022.625,59.999999999997314,4113.125000000004,2.547700735683135
7.2109375,2026-05-04T22:12:15.718750Z,2026-05-04T22:13:17.142812500Z,0.8800417184829712,0.3743181526660919,1.096480965614319,1.504304171510018,4018.9140625,249.06249999999713,3883.6328125000036,2.1240251976071196
7.21875,2026-05-04T22:12:15.726562Z,2026-05-04T22:13:17.150625Z,0.856062114238739,0.4285680055618286,1.066050291061401,1.2751655025984314,4015.203125,438.124999999997,3654.1406250000036,1.7003496595311045
7.2265625,2026-05-04T22:12:15.734375Z,2026-05-04T22:13:17.158437500Z,0.834675669670105,0.4817937016487122,1.037926077842712,1.125814490007429,4011.4921875,627.1874999999968,3424.6484375000036,1.276674121455089
7.234375,2026-05-04T22:12:15.742187Z,2026-05-04T22:13:17.166250Z,0.8179914951324463,0.523101806640625,0.9919955134391784,0.8426077028989504,4007.78125,816.2499999999966,3195.156250000004,0.8529985833790736
7.2421875,2026-05-04T22:12:15.750000Z,2026-05-04T22:13:17.174062500Z,0.8089307546615601,0.5480387210845947,0.9152498245239258,0.3113557760734194,3986.804687500001,894.7109375000005,2898.023437500007,0.7233141226469509
7.25,2026-05-04T22:12:15.757812Z,2026-05-04T22:13:17.181875Z,0.8051815032958984,0.5561079382896423,0.8074429631233215,-0.4708387998751028,3949.890625000001,871.0781250000005,2538.4531250000073,0.8650060410015182
7.2578125,2026-05-04T22:12:15.765625Z,2026-05-04T22:13:17.189687500Z,0.803119421005249,0.5516543388366699,0.6785544753074646,0.2675597075633695,3912.976562500001,847.4453125000005,2178.8828125000073,1.0066979593560856
7.265625,2026-05-04T22:12:15.773437Z,2026-05-04T22:13:17.197500Z,0.8044472932815552,0.5370522141456604,0.5447761416435242,1.1444630526032382,3876.062500000001,823.8125000000005,1819.3125000000077,1.148389877710653
7.2734375,2026-05-04T22:12:15.781250Z,2026-05-04T22:13:17.205312500Z,0.8141016364097595,0.5149860382080078,0.4220537841320038,1.801397180909201,3839.148437500001,800.1796875000006,1459.7421875000082,1.2900817960652202
7.28125,2026-05-04T22:12:15.789062Z,2026-05-04T22:13:17.213125Z,0.8279582858085632,0.4849593043327332,0.308372974395752,2.2898739463355686,3802.625000000001,709.3593750000044,1068.0625000000102,1.4500052556264842
7.2890625,2026-05-04T22:12:15.796875Z,2026-05-04T22:13:17.220937500Z,0.849266529083252,0.4473909735679626,0.2027803659439087,2.579041832450757,3766.687500000001,517.7578125000045,628.2187500000106,1.637276026997795
7.296875,2026-05-04T22:12:15.804687Z,2026-05-04T22:13:17.228750Z,0.8745896816253662,0.4034293591976166,0.0987715721130371,2.708361890281119,3730.750000000001,326.1562500000048,188.37500000001094,1.8245467983691062
7.3046875,2026-05-04T22:12:15.812500Z,2026-05-04T22:13:17.236562500Z,0.8992566466331482,0.3550451993942261,-0.0137867387384176,2.7081147492606625,3694.812500000001,134.55468750000495,-251.46874999998866,2.0118175697404173
7.3125,2026-05-04T22:12:15.820312Z,2026-05-04T22:13:17.244375Z,0.9231582283973694,0.3036505877971649,-0.1397075057029724,2.5258508535215083,3658.875000000001,-57.04687499999489,-691.3124999999883,2.1990883411117284
7.3203125,2026-05-04T22:12:15.828125Z,2026-05-04T22:13:17.252187500Z,0.9453881978988647,0.2512938976287842,-0.2761767506599426,2.1204712282198916,3625.781250000001,-238.42187499999574,-1106.4374999999902,2.1938791369347723
7.328125,2026-05-04T22:12:15.835937Z,2026-05-04T22:13:17.260000Z,0.9682742953300476,0.198161318898201,-0.4141990840435028,1.481141587682042,3600.000000000001,-393.49999999999557,-1457.99999999999,1.693721424205064
7.3359375,2026-05-04T22:12:15.843750Z,2026-05-04T22:13:17.267812500Z,0.9930350184440612,0.1508478820323944,-0.5397046804428101,0.6893541931861057,3574.218750000001,-548.5781249999955,-1809.5624999999898,1.1935637114753554
7.34375,2026-05-04T22:12:15.851562Z,2026-05-04T22:13:17.275625Z,1.014390230178833,0.1153899431228638,-0.6407457590103149,-0.05388501609311873,3548.437500000001,-703.6562499999953,-2161.1249999999895,0.6934059987456469
7.3515625,2026-05-04T22:12:15.859375Z,2026-05-04T22:13:17.283437500Z,1.029402852058411,0.0950307250022888,-0.7159383893013,-0.48667341172796547,3522.656250000001,-858.7343749999951,-2512.687499999989,0.19324828601593833
7.359375,2026-05-04T22:12:15.867187Z,2026-05-04T22:13:17.291250Z,1.036260962486267,0.0889322757720947,-0.7714025378227234,-0.08167985656748022,3500.28125,-983.812500000001,-2837.499999999994,-0.1921701330400956
7.3671875,2026-05-04T22:12:15.875000Z,2026-05-04T22:13:17.299062500Z,1.040072679519653,0.0919892564415931,-0.8237144947052002,0.29549883577975133,3495.7890625,-951.390625000001,-3021.874999999994,0.024792739690804737
7.375,2026-05-04T22:12:15.882812Z,2026-05-04T22:13:17.306875Z,1.040666341781616,0.0965669825673103,-0.8852679133415222,0.7343634843861654,3491.296875,-918.9687500000011,-3206.2499999999936,0.24175561242170504
7.3828125,2026-05-04T22:12:15.890625Z,2026-05-04T22:13:17.314687500Z,1.041478633880615,0.1029447540640831,-0.9560473561286926,1.278367841700371,3486.8046875,-886.5468750000011,-3390.6249999999936,0.4587184851526054
7.390625,2026-05-04T22:12:15.898437Z,2026-05-04T22:13:17.322500Z,1.04002583026886,0.1140864565968513,-1.023459434509277,1.8108919435720245,3482.3125,-854.1250000000011,-3574.9999999999936,0.6756813578835057
7.3984375,2026-05-04T22:12:15.906250Z,2026-05-04T22:13:17.330312500Z,1.031074404716492,0.1387440711259842,-1.071450471878052,2.156676652086101,3478.5703124999995,-815.0234375000073,-3751.2578125000005,0.8823734247036562
7.40625,2026-05-04T22:12:15.914062Z,2026-05-04T22:13:17.338125Z,1.008735060691833,0.1825039684772491,-1.09088671207428,2.194302157532985,3492.8281249999995,-615.6093750000074,-3732.703125000001,0.8425661496655795
7.4140625,2026-05-04T22:12:15.921875Z,2026-05-04T22:13:17.345937500Z,0.9855677485466005,0.2372969388961792,-1.073541760444641,1.9521575638294935,3507.0859374999995,-416.1953125000076,-3714.148437500001,0.8027588746275028
7.421875,2026-05-04T22:12:15.929687Z,2026-05-04T22:13:17.353750Z,0.9649311900138856,0.2933002710342407,-1.032747030258179,1.5663634318352044,3521.3437499999995,-216.78125000000776,-3695.593750000001,0.7629515995894262
7.4296875,2026-05-04T22:12:15.937500Z,2026-05-04T22:13:17.361562500Z,0.9425449967384338,0.3458742201328278,-0.9877851605415344,1.1647339835551198,3535.6015624999995,-17.367187500007944,-3677.039062500001,0.7231443245513495
7.4375,2026-05-04T22:12:15.945312Z,2026-05-04T22:13:17.369375Z,0.9223458766937256,0.3943359851837158,-0.9494353532791138,0.8651479100956417,3549.8593749999995,182.0468749999919,-3658.484375000001,0.6833370495132728
7.4453125,2026-05-04T22:12:15.953125Z,2026-05-04T22:13:17.377187500Z,0.8988661170005798,0.4351009726524353,-0.915790855884552,0.5873040639984397,3564.4765624999995,313.53906249999477,-3419.992187500011,0.6167155566623702
7.453125,2026-05-04T22:12:15.960937Z,2026-05-04T22:13:17.385000Z,0.8799636363983154,0.4688519537448883,-0.872904896736145,0.2748778024440871,3579.1249999999995,439.12499999999466,-3162.375000000011,0.5477623926973075
7.4609375,2026-05-04T22:12:15.968750Z,2026-05-04T22:13:17.392812500Z,0.8643573522567749,0.4954648017883301,-0.8105058073997498,-0.16408545856516127,3593.7734374999995,564.7109374999945,-2904.7578125000114,0.47880922873224485
7.46875,2026-05-04T22:12:15.976562Z,2026-05-04T22:13:17.400625Z,0.850453794002533,0.517329216003418,-0.7285012006759644,-0.4038641560374154,3608.4218749999995,690.2968749999944,-2647.1406250000114,0.40985606476718217
7.4765625,2026-05-04T22:12:15.984375Z,2026-05-04T22:13:17.408437500Z,0.8374876379966736,0.5318692922592163,-0.6281213760375977,0.2560381239291206,3623.0703124999995,815.8828124999943,-2389.523437500012,0.3409029008021195
7.484375,2026-05-04T22:12:15.992187Z,2026-05-04T22:13:17.416250Z,0.8330510258674622,0.5392557382583618,-0.5095507502555847,0.9137001722091098,3638.812499999999,796.6250000000026,-2033.9375000000175,0.627119505022588
7.4921875,2026-05-04T22:12:16.000000Z,2026-05-04T22:13:17.424062500Z,0.8347538113594055,0.534879744052887,-0.3820615112781525,1.5100694771251426,3654.828124999999,741.1562500000026,-1653.859375000018,1.0021285512894644
7.5,2026-05-04T22:12:16.007812Z,2026-05-04T22:13:17.431875Z,0.8378313183784485,0.5178412795066833,-0.2576630711555481,2.008733026898351,3670.843749999999,685.6875000000026,-1273.7812500000182,1.3771375975563411
7.5078125,2026-05-04T22:12:16.015625Z,2026-05-04T22:13:17.439687500Z,0.8455172777175903,0.4911819100379944,-0.1469345986843109,2.3319927320663525,3686.859374999999,630.2187500000027,-893.7031250000185,1.7521466438232176
7.515625,2026-05-04T22:12:16.023437Z,2026-05-04T22:13:17.447500Z,0.8550153970718384,0.4522169828414917,-0.0498761311173439,2.5547441510143436,3702.874999999999,574.7500000000027,-513.6250000000189,2.127155690090094
7.5234375,2026-05-04T22:12:16.031250Z,2026-05-04T22:13:17.455312500Z,0.8703561425209045,0.4011017084121704,0.0448758229613304,2.652760210065408,3723.140624999999,427.7734375000096,-105.52343750002134,2.056834550669756
7.53125,2026-05-04T22:12:16.039062Z,2026-05-04T22:13:17.463125Z,0.8924455046653748,0.3470070064067841,0.1518830955028534,2.5299710612008766,3745.4062499999986,237.7343750000098,315.7656249999783,1.7769462650436214
7.5390625,2026-05-04T22:12:16.046875Z,2026-05-04T22:13:17.470937500Z,0.9125196933746338,0.2970245182514191,0.2728217542171478,2.2017230025853185,3767.6718749999986,47.69531250000996,737.0546874999778,1.4970579794174868
7.546875,2026-05-04T22:12:16.054687Z,2026-05-04T22:13:17.478750Z,0.9298287630081176,0.2538698315620422,0.4045395851135254,1.6498635478595283,3789.9374999999986,-142.34374999998985,1158.3437499999775,1.217169693791352
7.5546875,2026-05-04T22:12:16.062500Z,2026-05-04T22:13:17.486562500Z,0.9498872756958008,0.2143462747335434,0.5392559170722961,0.8647961155062934,3812.2031249999986,-332.3828124999897,1579.632812499977,0.9372814081652173
7.5625,2026-05-04T22:12:16.070312Z,2026-05-04T22:13:17.494375Z,0.9689616560935974,0.1753968745470047,0.6545820236206055,0.06875974080046347,3832.609374999999,-476.3749999999954,1957.2812499999854,0.8937268589710249
7.5703125,2026-05-04T22:12:16.078125Z,2026-05-04T22:13:17.502187500Z,0.9844898581504822,0.1369285136461258,0.7405845522880554,-0.5488317633499293,3851.5546874999995,-584.1874999999977,2300.6406249999927,1.035863102687685
7.578125,2026-05-04T22:12:16.085937Z,2026-05-04T22:13:17.510000Z,0.9973466396331788,0.1031619980931282,0.8038601875305176,-0.047365404898143205,3870.5,-692.0,2644.0,1.1779993464043452
7.5859375,2026-05-04T22:12:16.093750Z,2026-05-04T22:13:17.517812500Z,1.006360530853271,0.0783957615494728,0.8576175570487976,0.3787923915635259,3889.4453125000005,-799.8125000000023,2987.3593750000073,1.3201355901210055
7.59375,2026-05-04T22:12:16.101562Z,2026-05-04T22:13:17.525625Z,1.009875535964966,0.0679678693413734,0.9159879088401794,0.8212371240272034,3908.390625000001,-907.6250000000047,3330.7187500000146,1.4622718338376657
7.6015625,2026-05-04T22:12:16.109375Z,2026-05-04T22:13:17.533437500Z,1.008453845977783,0.0743921995162963,0.9841687679290771,1.3345716442396376,3927.507812500001,-920.6484374999942,3565.453125000005,1.630759679161198
7.609375,2026-05-04T22:12:16.117187Z,2026-05-04T22:13:17.541250Z,1.001424074172974,0.0958221331238746,1.050796389579773,1.8295115300411722,3946.843750000001,-813.0312499999943,3661.937500000005,1.8327859265298332
7.6171875,2026-05-04T22:12:16.125000Z,2026-05-04T22:13:17.549062500Z,0.9903168082237244,0.1255385130643845,1.105445623397827,2.2276688032148018,3966.179687500001,-705.4140624999943,3758.421875000005,2.034812173898468
7.625,2026-05-04T22:12:16.132812Z,2026-05-04T22:13:17.556875Z,0.9794908165931702,0.1599102169275284,1.138921022415161,2.4724446684602013,3985.515625000001,-597.7968749999944,3854.906250000005,2.236838421267103
7.6328125,2026-05-04T22:12:16.140625Z,2026-05-04T22:13:17.564687500Z,0.9665558934211732,0.198176845908165,1.145517587661743,2.4840909472825015,4004.851562500001,-490.17968749999454,3951.390625000005,2.4388646686357385
7.640625,2026-05-04T22:12:16.148437Z,2026-05-04T22:13:17.572500Z,0.9466223120689392,0.2392676919698715,1.12671172618866,2.236709930079214,4017.25,-353.2499999999901,3973.999999999993,2.4926661892423083
7.6484375,2026-05-04T22:12:16.156250Z,2026-05-04T22:13:17.580312500Z,0.9212835431098938,0.2876983880996704,1.09109902381897,1.8375588923203285,4014.90625,-154.03124999999025,3839.6249999999936,2.231490165479562
7.65625,2026-05-04T22:12:16.164062Z,2026-05-04T22:13:17.588125Z,0.8963978886604309,0.3393568098545074,1.053333640098572,1.466769425209757,4012.5625,45.18750000000957,3705.2499999999936,1.9703141417168155
7.6640625,2026-05-04T22:12:16.171875Z,2026-05-04T22:13:17.595937500Z,0.8757144808769226,0.389944463968277,1.020565629005432,1.2091975115805589,4010.21875,244.4062500000094,3570.8749999999936,1.7091381179540692
7.671875,2026-05-04T22:12:16.179687Z,2026-05-04T22:13:17.603750Z,0.8568119406700134,0.4401442110538483,0.9845531582832336,0.9761739505172365,4007.875,443.6250000000092,3436.4999999999936,1.447962094191323
7.6796875,2026-05-04T22:12:16.187500Z,2026-05-04T22:13:17.611562500Z,0.8392216563224792,0.4861386716365814,0.9375770092010498,0.6835620819514459,4001.156249999999,616.9062500000032,3264.3124999999854,1.2046140306092337
7.6875,2026-05-04T22:12:16.195312Z,2026-05-04T22:13:17.619375Z,0.8230373859405518,0.5228534936904907,0.8720256090164185,0.2468297868285888,3976.937499999999,686.4375000000031,2940.8749999999854,1.0325778077497516
7.6953125,2026-05-04T22:12:16.203125Z,2026-05-04T22:13:17.627187500Z,0.8111491203308105,0.5454162359237671,0.7867919206619263,-0.3396436860577953,3952.718749999999,755.9687500000031,2617.437499999986,0.8605415848902698
7.703125,2026-05-04T22:12:16.210937Z,2026-05-04T22:13:17.635000Z,0.8060094714164734,0.5546647906303406,0.6813838481903076,-0.08552139267028479,3928.499999999999,825.500000000003,2293.9999999999864,0.6885053620307879
7.7109375,2026-05-04T22:12:16.218750Z,2026-05-04T22:13:17.642812500Z,0.8048065900802612,0.5512819290161133,0.5600453615188599,0.677203888855563,3904.281249999999,895.031250000003,1970.5624999999866,0.516469139171306
7.71875,2026-05-04T22:12:16.226562Z,2026-05-04T22:13:17.650625Z,0.808696448802948,0.53618323802948,0.436031311750412,1.3679875160157227,3879.3124999999986,947.7187499999942,1640.2499999999832,0.38652742021925773
7.7265625,2026-05-04T22:12:16.234375Z,2026-05-04T22:13:17.658437500Z,0.8237403631210327,0.5119600892066956,0.3235806524753571,1.8267741620672318,3845.7187499999986,806.7031249999943,1230.8749999999836,0.7406724962024258
7.734375,2026-05-04T22:12:16.242187Z,2026-05-04T22:13:17.666250Z,0.8392216563224792,0.4808005690574646,0.2212017923593521,2.158127205799064,3812.1249999999986,665.6874999999944,821.499999999984,1.094817572185594
7.7421875,2026-05-04T22:12:16.250000Z,2026-05-04T22:13:17.674062500Z,0.859373927116394,0.4455443620681763,0.1234513595700264,2.3292516315263248,3778.5312499999986,524.6718749999945,412.1249999999843,1.448962648168762
7.75,2026-05-04T22:12:16.257812Z,2026-05-04T22:13:17.681875Z,0.8793855905532837,0.4044069647789001,0.0196424629539251,2.406406655256647,3744.9374999999986,383.6562499999947,2.7499999999846367,1.8031077241519302
7.7578125,2026-05-04T22:12:16.265625Z,2026-05-04T22:13:17.689687500Z,0.9031308889389038,0.3535555005073547,-0.0972982347011566,2.3219197626290473,3711.3437499999986,242.6406249999948,-406.625000000015,2.1572528001350983
7.765625,2026-05-04T22:12:16.273437Z,2026-05-04T22:13:17.697500Z,0.9296881556510924,0.2977538704872131,-0.2234188914299011,2.0072136240437004,3680.562499999999,48.93749999999304,-760.8750000000125,1.865231871315325
7.7734375,2026-05-04T22:12:16.281250Z,2026-05-04T22:13:17.705312500Z,0.9555892944335938,0.2426815778017044,-0.3536605536937714,1.4711894992459786,3649.898437499999,-146.9609375000068,-1112.8281250000123,1.5462873589621213
7.78125,2026-05-04T22:12:16.289062Z,2026-05-04T22:13:17.713125Z,0.9772881269454956,0.1928387582302094,-0.4733844399452209,0.8300402904707662,3619.234374999999,-342.8593750000066,-1464.781250000012,1.2273428466089176
7.7890625,2026-05-04T22:12:16.296875Z,2026-05-04T22:13:17.720937500Z,0.9982996582984924,0.1537962406873703,-0.5700585246086121,0.178108315399491,3588.570312499999,-538.7578125000065,-1816.7343750000116,0.9083983342557138
7.796875,2026-05-04T22:12:16.304687Z,2026-05-04T22:13:17.728750Z,1.016858458518982,0.1261592209339142,-0.6438979506492615,-0.38931500782042916,3557.906249999999,-734.6562500000063,-2168.6875000000114,0.5894538219025101
7.8046875,2026-05-04T22:12:16.312500Z,2026-05-04T22:13:17.736562500Z,1.028777956962585,0.1076310947537422,-0.7046056389808655,-0.27743119314343007,3543.8124999999995,-798.3203125000013,-2422.2031250000073,0.5456118522898841
7.8125,2026-05-04T22:12:16.320312Z,2026-05-04T22:13:17.744375Z,1.037276387214661,0.0984446182847023,-0.7626531720161438,0.1588383920210868,3532.8749999999995,-836.7968750000011,-2656.9687500000073,0.5541703670087841
7.8203125,2026-05-04T22:12:16.328125Z,2026-05-04T22:13:17.752187500Z,1.042540907859802,0.0943013951182365,-0.8242219090461731,0.6155592113371405,3521.9374999999995,-875.2734375000011,-2891.734375000007,0.5627288817276842
7.828125,2026-05-04T22:12:16.335937Z,2026-05-04T22:13:17.760000Z,1.044243693351746,0.0946272686123848,-0.8862058520317078,1.0710632453371407,3510.9999999999995,-913.7500000000011,-3126.500000000007,0.5712873964465843
7.8359375,2026-05-04T22:12:16.343750Z,2026-05-04T22:13:17.767812500Z,1.042697191238403,0.1032706201076508,-0.9418699741363524,1.480717526356143,3500.0624999999995,-952.226562500001,-3361.2656250000064,0.5798459111654843
7.84375,2026-05-04T22:12:16.351562Z,2026-05-04T22:13:17.775625Z,1.037760615348816,0.1223729029297829,-0.982649266719818,1.7730086841501498,3501.078125,-854.437499999996,-3448.234375000001,0.6001171531451498
7.8515625,2026-05-04T22:12:16.359375Z,2026-05-04T22:13:17.783437500Z,1.023154139518738,0.1561394035816193,-1.006529569625854,1.8793279555582496,3506.7421875,-703.6562499999961,-3477.726562500001,0.6249433446151124
7.859375,2026-05-04T22:12:16.367187Z,2026-05-04T22:13:17.791250Z,1.001549005508423,0.2007062286138535,-1.008174896240234,1.779063538800756,3512.40625,-552.8749999999962,-3507.218750000001,0.6497695360850748
7.8671875,2026-05-04T22:12:16.375000Z,2026-05-04T22:13:17.799062500Z,0.9836618900299072,0.2502697110176086,-0.9835718274116516,1.5257488552858753,3518.0703125,-402.0937499999964,-3536.710937500001,0.6745957275550373
7.875,2026-05-04T22:12:16.382812Z,2026-05-04T22:13:17.806875Z,0.9616506099700928,0.3013384640216827,-0.9462523460388184,1.1693278243501697,3523.734375,-251.31249999999656,-3566.203125000001,0.6994219190249998
7.8828125,2026-05-04T22:12:16.390625Z,2026-05-04T22:13:17.814687500Z,0.9387957453727722,0.3518330156803131,-0.9048117995262146,0.8101826301611754,3535.4921875000005,-88.5781249999962,-3463.156249999996,0.5967105764747379
7.890625,2026-05-04T22:12:16.398437Z,2026-05-04T22:13:17.822500Z,0.9156440496444702,0.4002482295036316,-0.8645860552787781,0.493318253122355,3551.3125000000005,82.12500000000365,-3271.749999999996,0.4089742112443346
7.8984375,2026-05-04T22:12:16.406250Z,2026-05-04T22:13:17.830312500Z,0.8940233588218689,0.440314918756485,-0.8227611184120178,0.18415989422572346,3567.1328125000005,252.82812500000352,-3080.343749999996,0.22123784601393118
7.90625,2026-05-04T22:12:16.414062Z,2026-05-04T22:13:17.838125Z,0.8767299056053162,0.4710709750652313,-0.7694343328475952,-0.18240863015622666,3582.9531250000005,423.53125000000335,-2888.9374999999964,0.03350148078352781
7.9140625,2026-05-04T22:12:16.421875Z,2026-05-04T22:13:17.845937500Z,0.8638261556625366,0.4965510368347168,-0.6999772191047668,-0.5046899755020952,3598.7734375000005,594.2343750000032,-2697.5312499999964,-0.15423488444687558
7.921875,2026-05-04T22:12:16.429687Z,2026-05-04T22:13:17.853750Z,0.8494383692741394,0.5163671374320984,-0.612636923789978,0.04899704926719689,3617.3125000000005,692.1875000000003,-2439.374999999994,-0.08359011949448797
7.9296875,2026-05-04T22:12:16.437500Z,2026-05-04T22:13:17.861562500Z,0.8395809531211853,0.5316365361213684,-0.5075671076774597,0.6277129950079866,3638.7968750000005,711.3281250000003,-2108.9062499999945,0.26696753648923593
7.9375,2026-05-04T22:12:16.445312Z,2026-05-04T22:13:17.869375Z,0.8346444368362427,0.5385574102401733,-0.3902727365493774,1.172747323914261,3660.2812500000005,730.4687500000003,-1778.4374999999948,0.6175251924729598
7.9453125,2026-05-04T22:12:16.453125Z,2026-05-04T22:13:17.877187500Z,0.8359410762786865,0.53165203332901,-0.2725170850753784,1.6162364498648516,3681.7656250000005,749.6093750000003,-1447.968749999995,0.9680828484566837
7.953125,2026-05-04T22:12:16.460937Z,2026-05-04T22:13:17.885000Z,0.840377688407898,0.510998010635376,-0.1646794527769089,1.9515272448410166,3703.2500000000005,768.7500000000002,-1117.4999999999952,1.3186405044404077
7.9609375,2026-05-04T22:12:16.468750Z,2026-05-04T22:13:17.892812500Z,0.8496883511543274,0.4798539876937866,-0.0685589611530304,2.159209629562401,3722.5546875,722.3593749999978,-758.6249999999945,1.5274379748323885
7.96875,2026-05-04T22:12:16.476562Z,2026-05-04T22:13:17.900625Z,0.8611860871315002,0.4389183223247528,0.0224256664514541,2.284318192656845,3737.984375,559.468749999998,-349.2499999999949,1.48421733750573
7.9765625,2026-05-04T22:12:16.484375Z,2026-05-04T22:13:17.908437500Z,0.878229558467865,0.3916824460029602,0.1239126697182655,2.249331311167347,3753.4140625,396.5781249999981,60.12500000000478,1.4409967001790713
7.984375,2026-05-04T22:12:16.492187Z,2026-05-04T22:13:17.916250Z,0.8980225324630737,0.3448966145515442,0.2374704629182816,2.0002750203152635,3768.84375,233.68749999999827,469.50000000000443,1.3977760628524127
7.9921875,2026-05-04T22:12:16.500000Z,2026-05-04T22:13:17.924062500Z,0.9155972003936768,0.3007798194885254,0.3558412194252014,1.5775710894064916,3784.2734375,70.7968749999984,878.8750000000041,1.3545554255257541
8.0,2026-05-04T22:12:16.507812Z,2026-05-04T22:13:17.931875Z,0.9331718683242798,0.2577182054519653,0.4740735590457916,0.9932702660991126,3800.3125,-90.59375000000055,1271.9843750000011,1.2852624111473776
8.0078125,2026-05-04T22:12:16.515625Z,2026-05-04T22:13:17.939687500Z,0.9541364312171936,0.2144859433174133,0.582879900932312,0.2972266615826764,3818.2812499999995,-247.23437499999696,1613.5859374999934,1.1334068694385648
8.015625,2026-05-04T22:12:16.523437Z,2026-05-04T22:13:17.947500Z,0.9735857248306274,0.1723398864269257,0.6726344227790833,-0.35516240703657037,3836.249999999999,-403.87499999999335,1955.1874999999854,0.9815513277297521
8.0234375,2026-05-04T22:12:16.531250Z,2026-05-04T22:13:17.955312500Z,0.9879578948020936,0.1357491612434387,0.7429064512252808,-0.23630106867697126,3854.2187499999986,-560.5156249999898,2296.7890624999777,0.8296957860209393
8.03125,2026-05-04T22:12:16.539062Z,2026-05-04T22:13:17.963125Z,0.9987370371818542,0.1070879772305489,0.802537739276886,0.22746092630219272,3872.187499999998,-717.1562499999861,2638.3906249999695,0.6778402443121266
8.0390625,2026-05-04T22:12:16.546875Z,2026-05-04T22:13:17.970937500Z,1.004439115524292,0.088652953505516,0.8587554097175598,0.6519799956049009,3890.3437499999977,-851.2734375000033,2957.820312499983,0.5848137293796437
8.046875,2026-05-04T22:12:16.554687Z,2026-05-04T22:13:17.978750Z,1.007891535758972,0.0827251970767974,0.9167413711547852,1.1013016324503817,3909.874999999998,-820.2187500000026,3114.656249999987,0.923200077474026
8.0546875,2026-05-04T22:12:16.562500Z,2026-05-04T22:13:17.986562500Z,1.006860494613647,0.0908099114894866,0.9731435775756836,1.530734548001738,3929.4062499999986,-789.1640625000019,3271.49218749999,1.2615864255684082
8.0625,2026-05-04T22:12:16.570312Z,2026-05-04T22:13:17.994375Z,1.000455498695374,0.1103932410478592,1.021580457687378,1.881063102475412,3948.937499999999,-758.1093750000014,3428.328124999993,1.5999727736627904
8.0703125,2026-05-04T22:12:16.578125Z,2026-05-04T22:13:18.002187500Z,0.9897856712341307,0.1385733783245087,1.057177782058716,2.1177832399488095,3968.4687499999995,-727.0546875000007,3585.164062499997,1.9383591217571727
8.078125,2026-05-04T22:12:16.585937Z,2026-05-04T22:13:18.010000Z,0.9762883186340332,0.1735813021659851,1.074322938919067,2.199893030609282,3988.0,-696.0,3742.0,2.276745469851555
8.0859375,2026-05-04T22:12:16.593750Z,2026-05-04T22:13:18.017812500Z,0.9599946737289428,0.2106685787439346,1.070571064949036,2.098248835389647,3991.7109375,-520.4140624999962,3682.8203124999986,2.1480542584878926
8.09375,2026-05-04T22:12:16.601562Z,2026-05-04T22:13:18.025625Z,0.9425918459892272,0.2522249519824982,1.046460151672363,1.8375179425299712,3995.421875,-344.8281249999925,3623.6406249999973,2.01936304712423
8.1015625,2026-05-04T22:12:16.609375Z,2026-05-04T22:13:18.033437500Z,0.917643666267395,0.2991194128990173,1.006772637367249,1.4211340884353267,3999.1328125000005,-169.24218749998875,3564.4609374999964,1.8906718357605672
8.109375,2026-05-04T22:12:16.617187Z,2026-05-04T22:13:18.041250Z,0.8971320986747742,0.349288135766983,0.967700183391571,1.0912169955384599,4002.8437500000005,6.343750000015007,3505.281249999995,1.7619806243969047
8.1171875,2026-05-04T22:12:16.625000Z,2026-05-04T22:13:18.049062500Z,0.8766517639160156,0.3976722955703735,0.9323180913925172,0.8267295889181834,4006.5546875000005,181.92968750001876,3446.1015624999936,1.6332894130332423
8.125,2026-05-04T22:12:16.632812Z,2026-05-04T22:13:18.056875Z,0.8589052557945251,0.4453116059303284,0.8931226134300232,0.5877506278712075,3992.9062499999986,327.9531250000126,3193.562499999975,1.2678624044545135
8.1328125,2026-05-04T22:12:16.640625Z,2026-05-04T22:13:18.064687500Z,0.8398777842521667,0.4885594248771667,0.8374277949333191,0.22652933690762384,3976.890624999999,469.9453125000094,2914.656249999982,0.8701532417101272
8.140625,2026-05-04T22:12:16.648437Z,2026-05-04T22:13:18.072500Z,0.8240840435028076,0.5211000442504883,0.7616969347000122,-0.2704725036328213,3960.874999999999,611.9375000000061,2635.749999999988,0.472444078965741
8.1484375,2026-05-04T22:12:16.656250Z,2026-05-04T22:13:18.080312500Z,0.8166948556900024,0.5379832983016968,0.669205367565155,-0.2735892666049514,3944.8593749999995,753.9296875000028,2356.8437499999945,0.07473491622135475
8.15625,2026-05-04T22:12:16.664062Z,2026-05-04T22:13:18.088125Z,0.8157106637954712,0.5417075157165527,0.5634589791297913,0.3457253374068888,3928.84375,895.9218749999995,2077.937500000001,-0.32297424652303147
8.1640625,2026-05-04T22:12:16.671875Z,2026-05-04T22:13:18.095937500Z,0.8151951432228088,0.5366798043251038,0.4478868544101715,0.9764731400106329,3900.953125,876.5624999999995,1731.3437499999973,-0.10247321859265619
8.171875,2026-05-04T22:12:16.679687Z,2026-05-04T22:13:18.103750Z,0.8199285864830017,0.5243431925773621,0.3377734422683716,1.4647915497862443,3869.312499999999,806.2499999999981,1363.3749999999895,0.31325208007712685
8.1796875,2026-05-04T22:12:16.687500Z,2026-05-04T22:13:18.111562500Z,0.8321292996406555,0.5018425583839417,0.2374550849199295,1.7928712406290486,3837.6718749999986,735.9374999999965,995.4062499999817,0.7289773787469098
8.1875,2026-05-04T22:12:16.695312Z,2026-05-04T22:13:18.119375Z,0.8502663373947144,0.4706209599971771,0.1430414170026779,1.9857157011741988,3806.0312499999977,665.624999999995,627.4374999999739,1.1447026774166928
8.1953125,2026-05-04T22:12:16.703125Z,2026-05-04T22:13:18.127187500Z,0.869949996471405,0.4337509274482727,0.0434919074177742,2.0808235245770534,3774.3906249999973,595.3124999999935,259.468749999966,1.5604279760864759
8.203125,2026-05-04T22:12:16.710937Z,2026-05-04T22:13:18.135000Z,0.8908364772796631,0.3901927471160889,-0.0649761632084846,2.054218853685446,3743.9999999999973,444.37499999998323,-99.50000000003017,1.6296794623549375
8.2109375,2026-05-04T22:12:16.718750Z,2026-05-04T22:13:18.142812500Z,0.9137538075447084,0.3405050933361053,-0.1793796867132187,1.8550460493067036,3714.312499999998,248.08593749998778,-453.406250000022,1.5040394291477406
8.21875,2026-05-04T22:12:16.726562Z,2026-05-04T22:13:18.150625Z,0.938998818397522,0.2881639301776886,-0.2937985956668854,1.461740029864561,3684.6249999999986,51.79687499999229,-807.3125000000138,1.3783993959405436
8.2265625,2026-05-04T22:12:16.734375Z,2026-05-04T22:13:18.158437500Z,0.9619786739349364,0.2392211407423019,-0.4044655561447144,0.9366112087276973,3654.9374999999995,-144.49218750000318,-1161.2187500000057,1.2527593627333466
8.234375,2026-05-04T22:12:16.742187Z,2026-05-04T22:13:18.166250Z,0.981256067752838,0.1975561380386353,-0.5044917464256287,0.35936474849192873,3625.25,-340.7812499999987,-1515.1249999999975,1.12711932952615
8.2421875,2026-05-04T22:12:16.750000Z,2026-05-04T22:13:18.174062500Z,1.000002503395081,0.1628275364637375,-0.5870806574821472,-0.21033384550062847,3602.5703125,-486.99999999999926,-1823.2265624999982,0.9712059117859123
8.25,2026-05-04T22:12:16.757812Z,2026-05-04T22:13:18.181875Z,1.017780184745789,0.1359198540449142,-0.6527396440505981,-0.39910505513579664,3586.3593749999995,-587.0000000000014,-2089.0468750000036,0.7873478313997889
8.2578125,2026-05-04T22:12:16.765625Z,2026-05-04T22:13:18.189687500Z,1.030137062072754,0.1178882867097855,-0.7079885601997375,0.030585860210699388,3570.1484374999995,-687.0000000000035,-2354.8671875000095,0.6034897510136656
8.265625,2026-05-04T22:12:16.773437Z,2026-05-04T22:13:18.197500Z,1.036089062690735,0.1090432032942772,-0.7610693573951721,0.4123195961729451,3553.937499999999,-787.0000000000057,-2620.687500000015,0.41963167062754236
8.2734375,2026-05-04T22:12:16.781250Z,2026-05-04T22:13:18.205312500Z,1.038135528564453,0.1073983311653137,-0.8153648972511292,0.7931133146438042,3537.7265624999986,-887.0000000000078,-2886.507812500021,0.23577359024141903
8.28125,2026-05-04T22:12:16.789062Z,2026-05-04T22:13:18.213125Z,1.037869930267334,0.1109053269028664,-0.8659238219261169,1.1516153980697366,3528.0,-914.7343749999934,-3072.4062500000055,0.16377541996201958
8.2890625,2026-05-04T22:12:16.796875Z,2026-05-04T22:13:18.220937500Z,1.037620067596436,0.1203400865197182,-0.906933844089508,1.4622464149974106,3528.0,-834.0703124999952,-3138.421875000004,0.25956711484264255
8.296875,2026-05-04T22:12:16.804687Z,2026-05-04T22:13:18.228750Z,1.03215229511261,0.1406527459621429,-0.9340277910232544,1.644105336470726,3528.0,-753.4062499999972,-3204.4375000000023,0.35535880972326556
8.3046875,2026-05-04T22:12:16.812500Z,2026-05-04T22:13:18.236562500Z,1.014421463012695,0.1762192994356155,-0.9459601640701294,1.632810299270388,3528.0,-672.742187499999,-3270.453125000001,0.45115050460388856
8.3125,2026-05-04T22:12:16.820312Z,2026-05-04T22:13:18.244375Z,0.9934255480766296,0.2211430221796036,-0.9341200590133668,1.43813032979474,3528.0,-592.0781250000009,-3336.468749999999,0.5469421994845115
8.3203125,2026-05-04T22:12:16.828125Z,2026-05-04T22:13:18.252187500Z,0.9751635193824768,0.2684564590454102,-0.9009829759597778,1.1285766233866246,3531.9921874999995,-482.4843750000039,-3350.3125000000027,0.5577159308226668
8.328125,2026-05-04T22:12:16.835937Z,2026-05-04T22:13:18.260000Z,0.9544801115989684,0.316111296415329,-0.8596655130386353,0.7690393479904157,3546.25,-298.5,-3230.0,0.34987204162301844
8.3359375,2026-05-04T22:12:16.843750Z,2026-05-04T22:13:18.267812500Z,0.93248450756073,0.3629436790943146,-0.8191937208175659,0.4408440128403917,3560.5078125000005,-114.51562499999608,-3109.6874999999973,0.14202815242337005
8.34375,2026-05-04T22:12:16.851562Z,2026-05-04T22:13:18.275625Z,0.9109106063842772,0.40560182929039,-0.7792600989341736,0.14329538336942121,3574.7656250000005,69.46875000000784,-2989.374999999995,-0.06581573677627833
8.3515625,2026-05-04T22:12:16.859375Z,2026-05-04T22:13:18.283437500Z,0.8913676142692566,0.4401442110538483,-0.7318994998931885,-0.1897161360316137,3589.023437500001,253.45312500001177,-2869.0624999999923,-0.27365962597592675
8.359375,2026-05-04T22:12:16.867187Z,2026-05-04T22:13:18.291250Z,0.8778234124183655,0.4687898755073547,-0.6680088043212891,-0.5453750239107523,3603.8750000000014,420.7187500000062,-2722.2187499999777,-0.40294224823977354
8.3671875,2026-05-04T22:12:16.875000Z,2026-05-04T22:13:18.299062500Z,0.8640761375427246,0.4932147264480591,-0.5894486904144287,-0.08163166499486309,3621.843750000001,500.2109375000044,-2436.085937499984,-0.1197782190909133
8.375,2026-05-04T22:12:16.882812Z,2026-05-04T22:13:18.306875Z,0.849047839641571,0.5132790803909302,-0.4994634985923767,0.4262875437840126,3639.8125000000005,579.7031250000025,-2149.953124999991,0.16338581005794695
8.3828125,2026-05-04T22:12:16.890625Z,2026-05-04T22:13:18.314687500Z,0.8419867753982544,0.5257553458213806,-0.3960544168949127,0.8940876663223051,3657.78125,659.1953125000007,-1863.8203124999975,0.4465498392068072
8.390625,2026-05-04T22:12:16.898437Z,2026-05-04T22:13:18.322500Z,0.8405495285987854,0.5255225896835327,-0.2870942950248718,1.3029233190239156,3675.7499999999995,738.6874999999989,-1577.687500000004,0.7297138683556674
8.3984375,2026-05-04T22:12:16.906250Z,2026-05-04T22:13:18.330312500Z,0.8447986841201782,0.512829065322876,-0.1797641068696976,1.6076102996732398,3693.7031249999995,810.8281250000038,-1288.0156250000134,1.0053801270628298
8.40625,2026-05-04T22:12:16.914062Z,2026-05-04T22:13:18.338125Z,0.8498445749282837,0.4917560517787933,-0.0809219256043434,1.8195233762995204,3711.2812499999995,706.5312500000015,-913.4062500000053,1.1010998951690716
8.4140625,2026-05-04T22:12:16.921875Z,2026-05-04T22:13:18.345937500Z,0.8568900227546692,0.4622258841991425,0.0097859222441911,1.9461244698759999,3728.859375,602.2343749999993,-538.7968749999974,1.1968196632753134
8.421875,2026-05-04T22:12:16.929687Z,2026-05-04T22:13:18.353750Z,0.8680128455162048,0.4227333664894104,0.1028617992997169,1.9749256222864244,3746.4375000000005,497.93749999999704,-164.18749999998943,1.2925394313815552
8.4296875,2026-05-04T22:12:16.937500Z,2026-05-04T22:13:18.361562500Z,0.8872902989387512,0.3786320686340332,0.2039336264133453,1.7982239504036692,3764.015625000001,393.6406249999948,210.42187500001853,1.388259199487797
8.4375,2026-05-04T22:12:16.945312Z,2026-05-04T22:13:18.369375Z,0.905989706516266,0.3346859812736511,0.309633880853653,1.4715841405485786,3781.5937500000014,289.3437499999926,585.0312500000265,1.4839789675940387
8.4453125,2026-05-04T22:12:16.953125Z,2026-05-04T22:13:18.377187500Z,0.9220178127288818,0.2934089004993439,0.4148574471473694,1.0288966343231765,3799.351562500001,125.57031249999129,926.7578125000174,1.155101785200352
8.453125,2026-05-04T22:12:16.960937Z,2026-05-04T22:13:18.385000Z,0.9401704668998718,0.2518370151519775,0.5202808976173401,0.4440434479954815,3817.1250000000005,-43.37500000000482,1265.6250000000095,0.7893031288501862
8.4609375,2026-05-04T22:12:16.968750Z,2026-05-04T22:13:18.392812500Z,0.9597134590148926,0.2115065455436707,0.6153557896614075,-0.19534192936814013,3834.8984375,-212.3203125000009,1604.4921875000018,0.4235044725000203
8.46875,2026-05-04T22:12:16.976562Z,2026-05-04T22:13:18.400625Z,0.9759290218353271,0.1740468293428421,0.6919784545898438,-0.3700097842595675,3852.6718749999995,-381.26562499999704,1943.3593749999939,0.05770581614985447
8.4765625,2026-05-04T22:12:16.984375Z,2026-05-04T22:13:18.408437500Z,0.9863019585609436,0.1429183334112167,0.7505487203598022,0.05660096309888617,3870.445312499999,-550.2109374999932,2282.226562499986,-0.30809284020031136
8.484375,2026-05-04T22:12:16.992187Z,2026-05-04T22:13:18.416250Z,0.9963781237602234,0.1184624433517456,0.802014946937561,0.46231011514724896,3887.4374999999995,-619.4687499999987,2522.031249999994,-0.02010549252086824
8.4921875,2026-05-04T22:12:17.000000Z,2026-05-04T22:13:18.424062500Z,1.003329873085022,0.1032240688800812,0.8530352115631104,0.8654322430436358,3904.234375,-663.8046874999997,2737.0703124999986,0.43132835616602366
8.5,2026-05-04T22:12:17.007812Z,2026-05-04T22:13:18.431875Z,1.00523579120636,0.1012533232569695,0.9035941958427428,1.2499404647060794,3921.0312500000005,-708.1406250000007,2952.109375000003,0.8827622048529156
8.5078125,2026-05-04T22:12:17.015625Z,2026-05-04T22:13:18.439687500Z,1.001002192497253,0.1139623150229454,0.9495862722396852,1.5763031329184782,3937.8281250000005,-752.4765625000016,3167.1484375000077,1.3341960535398074
8.515625,2026-05-04T22:12:17.023437Z,2026-05-04T22:13:18.447500Z,0.9928475618362428,0.1355008780956268,0.9864752888679504,1.8232940877457533,3954.625000000001,-796.8125000000025,3382.1875000000123,1.7856299022266993
8.5234375,2026-05-04T22:12:17.031250Z,2026-05-04T22:13:18.455312500Z,0.982427716255188,0.1625637412071228,1.008833169937134,1.954093833933975,3962.7890625,-721.0859374999936,3448.2109375,1.908310093514964
8.53125,2026-05-04T22:12:17.039062Z,2026-05-04T22:13:18.463125Z,0.9679930806159972,0.1957560777664185,1.010755181312561,1.9028022668963525,3966.890625,-588.8593749999967,3444.109375,1.8762826813215667
8.5390625,2026-05-04T22:12:17.046875Z,2026-05-04T22:13:18.470937500Z,0.9523867964744568,0.2319898903369904,0.9945019483566284,1.7092839556343435,3970.9921875,-456.6328124999997,3440.0078125,1.8442552691281695
8.546875,2026-05-04T22:12:17.054687Z,2026-05-04T22:13:18.478750Z,0.9355932474136353,0.2713893055915833,0.9649784564971924,1.421499016608887,3975.09375,-324.4062500000028,3435.90625,1.8122278569347723
8.5546875,2026-05-04T22:12:17.062500Z,2026-05-04T22:13:18.486562500Z,0.9145036339759828,0.3169492483139038,0.9265825748443604,1.0680946440236854,3979.1953125,-192.17968750000583,3431.8046875,1.780200444741375
8.5625,2026-05-04T22:12:17.070312Z,2026-05-04T22:13:18.494375Z,0.8936952948570251,0.3635178506374359,0.8874177932739258,0.7492311542396576,3977.2812500000005,-39.82812500000717,3305.7500000000095,1.557747603659768
8.5703125,2026-05-04T22:12:17.078125Z,2026-05-04T22:13:18.502187500Z,0.8749021291732788,0.4103036820888519,0.8456697463989258,0.4645490372154283,3970.640625,128.33593749999642,3083.8750000000045,1.1856747827373917
8.578125,2026-05-04T22:12:17.085937Z,2026-05-04T22:13:18.510000Z,0.8572806119918823,0.4517824947834015,0.7965561747550964,0.14910130450052958,3964.0,296.5,2862.0,0.8136019618150153
8.5859375,2026-05-04T22:12:17.093750Z,2026-05-04T22:13:18.517812500Z,0.843111515045166,0.4872714579105377,0.7336034774780273,-0.22978530085642485,3957.359375,464.6640625000036,2640.1249999999955,0.44152914089263895
8.59375,2026-05-04T22:12:17.101562Z,2026-05-04T22:13:18.525625Z,0.8317387700080872,0.5122549533843994,0.6535056233406067,-0.41075912081694227,3950.7187499999995,632.8281250000072,2418.2499999999905,0.06945631997026258
8.6015625,2026-05-04T22:12:17.109375Z,2026-05-04T22:13:18.533437500Z,0.8253650069236755,0.5253053307533264,0.5603528618812561,0.12143693644621549,3935.3984374999986,728.1171875000001,2150.3124999999854,-0.03360177034258382
8.609375,2026-05-04T22:12:17.117187Z,2026-05-04T22:13:18.541250Z,0.8244277238845825,0.527539849281311,0.4581124186515808,0.6455126094855951,3909.0312499999995,730.65625,1823.7499999999932,0.20572252375662317
8.6171875,2026-05-04T22:12:17.125000Z,2026-05-04T22:13:18.549062500Z,0.8258336782455444,0.5202000141143799,0.3517663478851318,1.1308859576847516,3882.6640625,733.1953125,1497.1875000000007,0.44504681785583017
8.625,2026-05-04T22:12:17.132812Z,2026-05-04T22:13:18.556875Z,0.8351443409919739,0.5046977996826172,0.2500794529914856,1.4642702209436078,3856.2968750000005,735.7343749999999,1170.6250000000082,0.6843711119550372
8.6328125,2026-05-04T22:12:17.140625Z,2026-05-04T22:13:18.564687500Z,0.8472513556480408,0.4798539876937866,0.1533131450414658,1.7012174550085886,3829.9296875000014,738.2734374999999,844.0625000000158,0.9236954060542442
8.640625,2026-05-04T22:12:17.148437Z,2026-05-04T22:13:18.572500Z,0.8646853566169739,0.4486168622970581,0.0595145523548126,1.802336797470979,3802.125000000002,688.0000000000092,508.7500000000201,1.1024831241432835
8.6484375,2026-05-04T22:12:17.156250Z,2026-05-04T22:13:18.580312500Z,0.883712887763977,0.4115761518478394,-0.0367904603481292,1.799303883784177,3771.265625000001,525.5000000000058,154.84375000001256,1.152630618210679
8.65625,2026-05-04T22:12:17.164062Z,2026-05-04T22:13:18.588125Z,0.9038963913917542,0.3687938749790192,-0.1387848854064941,1.6735077791250368,3740.4062500000005,363.0000000000023,-199.062499999995,1.2027781122780743
8.6640625,2026-05-04T22:12:17.171875Z,2026-05-04T22:13:18.595937500Z,0.926173210144043,0.3229080438613892,-0.2430858314037323,1.3879746030240643,3709.546875,200.49999999999883,-552.9687500000026,1.2529256063454697
8.671875,2026-05-04T22:12:17.179687Z,2026-05-04T22:13:18.603750Z,0.9488874673843384,0.2766653299331665,-0.3472176492214203,0.9584893152329004,3678.687499999999,37.99999999999537,-906.8750000000101,1.303073100412865
8.6796875,2026-05-04T22:12:17.187500Z,2026-05-04T22:13:18.611562500Z,0.9696490168571472,0.2327192276716232,-0.4463520050048828,0.44132066999669084,3650.406249999999,-119.96875000000571,-1245.2343750000114,1.2721659713354656
8.6875,2026-05-04T22:12:17.195312Z,2026-05-04T22:13:18.619375Z,0.9878798127174376,0.1945457011461258,-0.5322161316871643,-0.08816339735455928,3632.4374999999995,-259.81250000000244,-1521.406250000005,0.9170403496789782
8.6953125,2026-05-04T22:12:17.203125Z,2026-05-04T22:13:18.627187500Z,1.00454843044281,0.164425864815712,-0.6027495861053467,-0.5363511124363916,3614.46875,-399.6562499999992,-1797.5781249999986,0.5619147280224909
8.703125,2026-05-04T22:12:17.210937Z,2026-05-04T22:13:18.635000Z,1.017670869827271,0.1428097188472748,-0.6584444642066956,-0.11808563711287261,3596.5000000000005,-539.499999999996,-2073.7499999999923,0.20678910636600348
8.7109375,2026-05-04T22:12:17.218750Z,2026-05-04T22:13:18.642812500Z,1.027512669563293,0.1304731518030167,-0.7070351839065552,0.25358118654556233,3578.531250000001,-679.3437499999927,-2349.921874999986,-0.1483365152904839
8.71875,2026-05-04T22:12:17.226562Z,2026-05-04T22:13:18.650625Z,1.031777381896973,0.1246384903788567,-0.7542420029640198,0.5857587001479645,3561.7031250000005,-806.4843750000014,-2613.281249999992,-0.45869338795452397
8.7265625,2026-05-04T22:12:17.234375Z,2026-05-04T22:13:18.658437500Z,1.033714532852173,0.1240488067269325,-0.7989578247070312,0.9016313841993308,3557.9921875,-787.5390625000009,-2729.296874999994,-0.25420964720491174
8.734375,2026-05-04T22:12:17.242187Z,2026-05-04T22:13:18.666250Z,1.032933473587036,0.1297748535871506,-0.8394603729248047,1.1853814496819626,3554.28125,-768.5937500000006,-2845.312499999997,-0.049725906455299555
8.7421875,2026-05-04T22:12:17.250000Z,2026-05-04T22:13:18.674062500Z,1.028590559959412,0.1428407430648804,-0.8681381344795227,1.3708470201781324,3550.5703125,-749.6484375000001,-2961.328124999999,0.15475783429431264
8.75,2026-05-04T22:12:17.257812Z,2026-05-04T22:13:18.681875Z,1.01945173740387,0.169236347079277,-0.8828537464141846,1.4366219713372959,3546.859375,-730.7031249999998,-3077.343750000002,0.35924157504392484
8.7578125,2026-05-04T22:12:17.265625Z,2026-05-04T22:13:18.689687500Z,1.000799179077148,0.2067115753889084,-0.8805933594703674,1.3191808516546597,3543.1484375,-711.7578124999993,-3193.359375000004,0.563725315793537
8.765625,2026-05-04T22:12:17.273437Z,2026-05-04T22:13:18.697500Z,0.982912003993988,0.2491679936647415,-0.8577126264572144,1.0796306633979988,3552.5625,-552.7499999999976,-3133.874999999999,0.44246539298822546
8.7734375,2026-05-04T22:12:17.281250Z,2026-05-04T22:13:18.705312500Z,0.963447093963623,0.2930364906787872,-0.8220384120941162,0.7588880630224495,3562.5234375,-387.9062500000015,-3067.0781250000005,0.3076328175348049
8.78125,2026-05-04T22:12:17.289062Z,2026-05-04T22:13:18.713125Z,0.9438103437423706,0.3375101983547211,-0.780767023563385,0.42988149531342135,3572.4843749999995,-223.0625000000053,-3000.2812500000023,0.17280024208138445
8.7890625,2026-05-04T22:12:17.296875Z,2026-05-04T22:13:18.720937500Z,0.9233143925666808,0.3802924752235413,-0.7377734780311584,0.1115137576317109,3582.4453124999995,-58.21875000000909,-2933.4843750000036,0.03796766662796393
8.796875,2026-05-04T22:12:17.304687Z,2026-05-04T22:13:18.728750Z,0.9040838479995728,0.4176435470581055,-0.6910279393196106,-0.206740821034895,3592.406249999999,106.62499999998711,-2866.6875000000055,-0.09686490882545658
8.8046875,2026-05-04T22:12:17.312500Z,2026-05-04T22:13:18.736562500Z,0.8886494040489197,0.4474530518054962,-0.6341336965560913,-0.5568523080508477,3610.2421874999986,230.2890624999926,-2651.0859375000155,-0.01876832034156949
8.8125,2026-05-04T22:12:17.320312Z,2026-05-04T22:13:18.744375Z,0.8743240833282471,0.4718934297561646,-0.5664910674095154,-0.1716645210004583,3629.578124999999,346.10937499999505,-2407.1406250000105,0.09988620413040081
8.8203125,2026-05-04T22:12:17.328125Z,2026-05-04T22:13:18.752187500Z,0.8623733520507812,0.4922836720943451,-0.4870083332061768,0.24391058441880717,3648.9140624999995,461.92968749999756,-2163.195312500005,0.2185407286023711
8.828125,2026-05-04T22:12:17.335937Z,2026-05-04T22:13:18.760000Z,0.8518129587173462,0.5064047574996948,-0.3971769213676453,0.6704983056636885,3668.25,577.75,-1919.25,0.3371952530743414
8.8359375,2026-05-04T22:12:17.343750Z,2026-05-04T22:13:18.767812500Z,0.8486416935920715,0.5115721821784973,-0.295490026473999,1.0438337445680264,3687.5859375000005,693.5703125000025,-1675.3046874999948,0.4558497775463117
8.84375,2026-05-04T22:12:17.351562Z,2026-05-04T22:13:18.775625Z,0.8501414060592651,0.5062806010246277,-0.1909738034009933,1.3349810745556379,3703.96875,694.4999999999995,-1364.1406249999964,0.6134725629034581
8.8515625,2026-05-04T22:12:17.359375Z,2026-05-04T22:13:18.783437500Z,0.852375328540802,0.4912594854831696,-0.0921931341290473,1.5515049204114875,3719.203125,650.7500000000006,-1026.835937500004,0.786249671938171
8.859375,2026-05-04T22:12:17.367187Z,2026-05-04T22:13:18.791250Z,0.8595613837242126,0.4677967429161072,2.164393663406372e-05,1.6534572798104035,3734.4374999999995,607.0000000000016,-689.5312500000119,0.9590267809728837
8.8671875,2026-05-04T22:12:17.375000Z,2026-05-04T22:13:18.799062500Z,0.8687783479690552,0.4349302649497986,0.0861164480447769,1.6878002216999684,3749.671874999999,563.2500000000026,-352.2265625000198,1.1318038900075966
8.875,2026-05-04T22:12:17.382812Z,2026-05-04T22:13:18.806875Z,0.8840097188949585,0.3949722051620483,0.176409125328064,1.5851495809256897,3764.9062499999986,519.5000000000035,-14.921875000027553,1.3045809990423094
8.8828125,2026-05-04T22:12:17.390625Z,2026-05-04T22:13:18.814687500Z,0.9010844230651855,0.3536175489425659,0.2718530297279358,1.3399761204983165,3779.554687499999,404.9687500000126,321.0937499999738,1.2052518075798253
8.890625,2026-05-04T22:12:17.398437Z,2026-05-04T22:13:18.822500Z,0.9171906113624572,0.3140319287776947,0.3694343268871307,0.9719935741324417,3793.812499999999,243.2500000000092,656.249999999981,0.9245184157858077
8.8984375,2026-05-04T22:12:17.406250Z,2026-05-04T22:13:18.830312500Z,0.9326719641685486,0.2753307819366455,0.4674461483955383,0.49591698054381766,3808.0703124999995,81.53125000000577,991.4062499999882,0.6437850239917902
8.90625,2026-05-04T22:12:17.414062Z,2026-05-04T22:13:18.838125Z,0.9504653215408324,0.2371727973222733,0.561460018157959,-0.07889664018498468,3822.328125,-80.18749999999767,1326.5624999999952,0.36305163219777264
8.9140625,2026-05-04T22:12:17.421875Z,2026-05-04T22:13:18.845937500Z,0.9666964411735536,0.201233834028244,0.6402661800384521,-0.5027996802585925,3836.5859375,-241.9062500000011,1661.7187500000025,0.08231824040375506
8.921875,2026-05-04T22:12:17.429687Z,2026-05-04T22:13:18.853750Z,0.97852224111557,0.1696708351373672,0.7022655606269836,-0.06163653963009341,3851.21875,-368.3750000000006,1953.5625000000018,0.06810076515946306
8.9296875,2026-05-04T22:12:17.437500Z,2026-05-04T22:13:18.861562500Z,0.9893950819969176,0.1443304419517517,0.7534857392311096,0.3323379123772535,3866.2578124999995,-456.6562499999986,2198.484374999996,0.34260886617735264
8.9375,2026-05-04T22:12:17.445312Z,2026-05-04T22:13:18.869375Z,0.9965186715126038,0.1272454708814621,0.7996007800102234,0.6842953652073287,3881.2968749999995,-544.9374999999966,2443.4062499999905,0.6171169671952422
8.9453125,2026-05-04T22:12:17.453125Z,2026-05-04T22:13:18.877187500Z,0.9995649456977844,0.1199831813573837,0.8443012237548828,1.0157764628341486,3896.335937499999,-633.2187499999945,2688.328124999985,0.8916250682131318
8.953125,2026-05-04T22:12:17.460937Z,2026-05-04T22:13:18.885000Z,0.9975966215133668,0.1253988593816757,0.8857263326644897,1.3059973024652172,3911.3749999999986,-721.4999999999925,2933.249999999979,1.1661331692310213
8.9609375,2026-05-04T22:12:17.468750Z,2026-05-04T22:13:18.892812500Z,0.9910510182380676,0.1410562098026276,0.9204626083374025,1.530873800450011,3925.007812499999,-748.6093750000075,3104.5546874999964,1.3694162426878913
8.96875,2026-05-04T22:12:17.476562Z,2026-05-04T22:13:18.900625Z,0.9831306934356688,0.1638827323913574,0.9455575346946716,1.691527734335168,3936.140624999999,-666.9687500000058,3144.9843749999973,1.446077044925116
8.9765625,2026-05-04T22:12:17.484375Z,2026-05-04T22:13:18.908437500Z,0.9722734689712524,0.1931956559419632,0.9546606540679932,1.720138521832072,3947.2734374999995,-585.3281250000041,3185.414062499998,1.5227378471623405
8.984375,2026-05-04T22:12:17.492187Z,2026-05-04T22:13:18.916250Z,0.9567609429359436,0.2267138808965683,0.945957362651825,1.5841225651342687,3958.4062499999995,-503.68750000000233,3225.8437499999986,1.599398649399565
8.9921875,2026-05-04T22:12:17.500000Z,2026-05-04T22:13:18.924062500Z,0.9422481656074524,0.2615976333618164,0.9235841035842896,1.3642336973077198,3969.5390625,-422.0468750000006,3266.2734374999995,1.6760594516367897
9.0,2026-05-04T22:12:17.507812Z,2026-05-04T22:13:18.931875Z,0.9240330457687378,0.3013074100017548,0.8875408172607422,1.035848850158899,3977.53125,-319.64062499999943,3260.5312499999995,1.67120674822404
9.0078125,2026-05-04T22:12:17.515625Z,2026-05-04T22:13:18.939687500Z,0.9045681357383728,0.3438103795051575,0.8462540507316589,0.6933694955014641,3975.578125,-151.4765625000033,3108.5781250000027,1.408227943586385
9.015625,2026-05-04T22:12:17.523437Z,2026-05-04T22:13:18.947500Z,0.887368381023407,0.3866702318191528,0.8038755655288696,0.3971567824902337,3973.625,16.687499999992806,2956.6250000000064,1.1452491389487296
9.0234375,2026-05-04T22:12:17.531250Z,2026-05-04T22:13:18.955312500Z,0.869575023651123,0.4262558817863464,0.7580834031105042,0.09280137442742352,3971.671875,184.85156249998892,2804.67187500001,0.8822703343110745
9.03125,2026-05-04T22:12:17.539062Z,2026-05-04T22:13:18.963125Z,0.8574368357658386,0.4614810347557068,0.7043260335922241,-0.20501410169752735,3969.71875,353.015624999985,2652.7187500000136,0.6192915296734193
9.0390625,2026-05-04T22:12:17.546875Z,2026-05-04T22:13:18.970937500Z,0.8440019488334656,0.4892577230930328,0.6341769695281982,-0.5004697000659036,3965.2578125000023,507.3281249999944,2483.937500000031,0.3902698741732506
9.046875,2026-05-04T22:12:17.554687Z,2026-05-04T22:13:18.978750Z,0.8360503911972046,0.5059857964515686,0.5506654977798462,-0.036604362243607524,3942.406250000002,560.0624999999955,2191.750000000025,0.41026731234823965
9.0546875,2026-05-04T22:12:17.562500Z,2026-05-04T22:13:18.986562500Z,0.8343319892883301,0.5115721821784973,0.4580662846565247,0.42161112012821494,3919.5546875000014,612.7968749999966,1899.5625000000186,0.43026475052322877
9.0625,2026-05-04T22:12:17.570312Z,2026-05-04T22:13:18.994375Z,0.8363784551620483,0.5080186128616333,0.3589473366737366,0.8492636165141362,3896.703125000001,665.5312499999977,1607.3750000000123,0.4502621886982179
9.0703125,2026-05-04T22:12:17.578125Z,2026-05-04T22:13:19.002187500Z,0.8408463597297668,0.4965199828147888,0.2586904764175415,1.20853681260579,3873.8515625000005,718.2656249999989,1315.1875000000061,0.470259626873207
9.078125,2026-05-04T22:12:17.585937Z,2026-05-04T22:13:19.010000Z,0.8502038717269897,0.4777435958385468,0.1636156141757965,1.443189157334013,3851.0,771.0,1023.0,0.4902570650481961
9.0859375,2026-05-04T22:12:17.593750Z,2026-05-04T22:13:19.017812500Z,0.8645604252815247,0.451115220785141,0.0733383074402809,1.5592282751651774,3825.4140624999995,655.3749999999975,682.1796874999927,0.6465549972717772
9.09375,2026-05-04T22:12:17.601562Z,2026-05-04T22:13:19.025625Z,0.8824162483215332,0.4187608361244202,-0.0151245240122079,1.5636100129812234,3799.828124999999,539.7499999999951,341.35937499998545,0.8028529294953584
9.1015625,2026-05-04T22:12:17.609375Z,2026-05-04T22:13:19.033437500Z,0.9011000394821168,0.3822632133960724,-0.107846736907959,1.4675871758293724,3774.242187499998,424.1249999999926,0.5390624999781721,0.9591508617189395
9.109375,2026-05-04T22:12:17.617187Z,2026-05-04T22:13:19.041250Z,0.9208305478096008,0.3416689336299896,-0.2041824907064438,1.2523616837089342,3748.6562499999977,308.49999999999017,-340.2812500000291,1.1154487939425206
9.1171875,2026-05-04T22:12:17.625000Z,2026-05-04T22:13:19.049062500Z,0.9405766129493712,0.2990263104438782,-0.3012256026268005,0.9198747538362696,3723.0703124999973,192.87499999998772,-681.1015625000364,1.2717467261661017
9.125,2026-05-04T22:12:17.632812Z,2026-05-04T22:13:19.056875Z,0.9602758884429932,0.2573768198490143,-0.3944552540779114,0.48622037839141397,3696.6249999999977,39.60937499998594,-968.4687500000249,1.05623335954994
9.1328125,2026-05-04T22:12:17.640625Z,2026-05-04T22:13:19.064687500Z,0.9779754877090454,0.2206774950027466,-0.4802732467651367,0.00369958317745824,3670.062499999998,-118.78906250001039,-1248.5468750000184,0.7900184521829567
9.140625,2026-05-04T22:12:17.648437Z,2026-05-04T22:13:19.072500Z,0.9946284294128418,0.1904179900884628,-0.5525596737861633,-0.47366350039027644,3643.499999999999,-277.1875000000067,-1528.6250000000118,0.5238035448159735
9.1484375,2026-05-04T22:12:17.656250Z,2026-05-04T22:13:19.080312500Z,1.007344722747803,0.1670328378677368,-0.6112990975379944,-0.24101280851539336,3616.9374999999995,-435.58593750000307,-1808.7031250000055,0.25758863744899024
9.15625,2026-05-04T22:12:17.664062Z,2026-05-04T22:13:19.088125Z,1.018311381340027,0.1518565267324448,-0.6585982441902161,0.1158758811289812,3590.375,-593.9843749999994,-2088.781249999999,-0.008626269917993049
9.1640625,2026-05-04T22:12:17.671875Z,2026-05-04T22:13:19.095937500Z,1.024263262748718,0.1434769779443741,-0.6999772191047668,0.4095058295060364,3580.4375,-650.8515625000002,-2274.750000000001,-0.008284686614256853
9.171875,2026-05-04T22:12:17.679687Z,2026-05-04T22:13:19.103750Z,1.02595043182373,0.14183209836483,-0.7401261329650879,0.6766665933842821,3575.75,-675.6562500000007,-2431.0000000000045,0.07623263058550037
9.1796875,2026-05-04T22:12:17.687500Z,2026-05-04T22:13:19.111562500Z,1.025325536727905,0.1460063606500626,-0.7770919799804688,0.9219724757520832,3571.0624999999995,-700.4609375000013,-2587.2500000000077,0.16074994778525759
9.1875,2026-05-04T22:12:17.695312Z,2026-05-04T22:13:19.119375Z,1.024044513702393,0.1556583642959595,-0.8059850335121155,1.1240434409842814,3566.3749999999995,-725.2656250000018,-2743.500000000011,0.2452672649850148
9.1953125,2026-05-04T22:12:17.703125Z,2026-05-04T22:13:19.127187500Z,1.016811609268188,0.1734881848096848,-0.8244372010231018,1.2174565477832828,3561.6874999999995,-750.0703125000023,-2899.7500000000146,0.329784582184772
9.203125,2026-05-04T22:12:17.710937Z,2026-05-04T22:13:19.135000Z,1.002080202102661,0.2040114998817444,-0.8293578028678894,1.1747776629242574,3564.6250000000005,-678.3749999999893,-2943.624999999998,0.32586729829414607
9.2109375,2026-05-04T22:12:17.718750Z,2026-05-04T22:13:19.142812500Z,0.98625510931015,0.2422936409711838,-0.8141500949859619,1.0033719700096102,3571.8515625000005,-552.3984374999922,-2924.2890624999986,0.2722055512902012
9.21875,2026-05-04T22:12:17.726562Z,2026-05-04T22:13:19.150625Z,0.9682430624961852,0.2821585834026337,-0.7820894122123718,0.7131984975932242,3579.0781250000005,-426.4218749999951,-2904.953124999999,0.21854380428625628
9.2265625,2026-05-04T22:12:17.734375Z,2026-05-04T22:13:19.158437500Z,0.9504965543746948,0.322783887386322,-0.7409871816635132,0.39070392917782526,3586.3046875,-300.445312499998,-2885.6171874999995,0.1648820572823114
9.234375,2026-05-04T22:12:17.742187Z,2026-05-04T22:13:19.166250Z,0.9317033886909484,0.3631609380245209,-0.6977783441543579,0.07652195304472718,3593.53125,-174.4687500000009,-2866.28125,0.1112203102783665
9.2421875,2026-05-04T22:12:17.750000Z,2026-05-04T22:13:19.174062500Z,0.9129414558410645,0.3997826874256134,-0.6540312767028809,-0.22075475413951837,3604.2109375,-43.41406250000096,-2754.1171875000014,0.09023962660988681
9.25,2026-05-04T22:12:17.757812Z,2026-05-04T22:13:19.181875Z,0.896866500377655,0.42914217710495,-0.6042411923408508,-0.5309180467781437,3618.078125,92.32812500000193,-2556.2656249999973,0.09942607832799256
9.2578125,2026-05-04T22:12:17.765625Z,2026-05-04T22:13:19.189687500Z,0.8850094676017761,0.4534583985805511,-0.5429491400718689,-0.262065900944416,3631.9453125000005,228.07031250000483,-2358.414062499993,0.1086125300460983
9.265625,2026-05-04T22:12:17.773437Z,2026-05-04T22:13:19.197500Z,0.8733711838722229,0.472762405872345,-0.4718775153160095,0.10574078622147641,3645.812500000001,363.81250000000773,-2160.5624999999886,0.11779898176420404
9.2734375,2026-05-04T22:12:17.781250Z,2026-05-04T22:13:19.205312500Z,0.8624826669692993,0.4877990484237671,-0.3890579640865326,0.4944221674886835,3659.679687500001,499.55468750001063,-1962.7109374999845,0.12698543348230978
9.28125,2026-05-04T22:12:17.789062Z,2026-05-04T22:13:19.213125Z,0.8569056987762451,0.4962872266769409,-0.2969508469104767,0.8349658074659219,3675.1093750000014,582.1718750000002,-1723.8437499999754,0.21059414534022475
9.2890625,2026-05-04T22:12:17.796875Z,2026-05-04T22:13:19.220937500Z,0.8564994931221008,0.4944251179695129,-0.1995848268270493,1.1107128170747722,3692.882812500001,585.1015625000002,-1423.4531249999825,0.4058362474078112
9.296875,2026-05-04T22:12:17.804687Z,2026-05-04T22:13:19.228750Z,0.8593270778656006,0.4834230542182922,-0.102680116891861,1.304002631848237,3710.6562500000005,588.0312500000001,-1123.0624999999893,0.6010783494753976
9.3046875,2026-05-04T22:12:17.812500Z,2026-05-04T22:13:19.236562500Z,0.8646228909492493,0.4642276763916016,-0.0121721718460321,1.4106601443841238,3728.4296875,590.9609375,-822.6718749999962,0.7963204515429841
9.3125,2026-05-04T22:12:17.820312Z,2026-05-04T22:13:19.244375Z,0.8727931380271912,0.4379872679710388,0.0718006268143653,1.4330647649738117,3746.203125,593.890625,-522.2812500000032,0.9915625536105706
9.3203125,2026-05-04T22:12:17.828125Z,2026-05-04T22:13:19.252187500Z,0.8830255270004272,0.4035379886627197,0.1548354476690292,1.3872988818287448,3763.4296874999995,558.5390625000028,-212.97656250000708,1.086825843042212
9.328125,2026-05-04T22:12:17.835937Z,2026-05-04T22:13:19.260000Z,0.8983349800109863,0.3656282424926758,0.2416990846395493,1.198338858143244,3779.25,424.75,119.25000000000003,0.9250007571242452
9.3359375,2026-05-04T22:12:17.843750Z,2026-05-04T22:13:19.267812500Z,0.9154565930366516,0.3275012671947479,0.3321301639080048,0.8778016138449961,3795.0703125000005,290.96093749999716,451.47656250000716,0.7631756712062786
9.34375,2026-05-04T22:12:17.851562Z,2026-05-04T22:13:19.275625Z,0.9278135299682616,0.2911123037338257,0.4211926758289337,0.5098274648035166,3810.8906250000005,157.17187499999432,783.7031250000142,0.6013505852883119
9.3515625,2026-05-04T22:12:17.859375Z,2026-05-04T22:13:19.283437500Z,0.9436854124069214,0.2567250728607178,0.5097631216049194,0.015342300985945603,3826.710937500001,23.382812499991488,1115.9296875000214,0.43952549937034524
9.359375,2026-05-04T22:12:17.867187Z,2026-05-04T22:13:19.291250Z,0.9601508975028992,0.2232379168272018,0.5921982526779175,-0.523160623781598,3842.000000000001,-107.46875000000902,1435.96875000002,0.3178882841075341
9.3671875,2026-05-04T22:12:17.875000Z,2026-05-04T22:13:19.299062500Z,0.972351610660553,0.1933818757534027,0.6577496528625488,-0.15263871819045524,3854.500000000001,-222.89843750000634,1692.023437500014,0.4072373897841616
9.375,2026-05-04T22:12:17.882812Z,2026-05-04T22:13:19.306875Z,0.9814279079437256,0.1686156392097473,0.7088621854782104,0.20821374565842832,3867.0000000000005,-338.3281250000037,1948.0781250000082,0.49658649546078903
9.3828125,2026-05-04T22:12:17.890625Z,2026-05-04T22:13:19.314687500Z,0.9886452555656432,0.1503357887268066,0.7515789866447449,0.5222690069741132,3879.5,-453.757812500001,2204.1328125000023,0.5859356011374165
9.390625,2026-05-04T22:12:17.898437Z,2026-05-04T22:13:19.322500Z,0.993097484111786,0.1391940861940384,0.7905284762382507,0.8078262334865819,3892.0,-569.1874999999983,2460.1874999999964,0.675284706814044
9.3984375,2026-05-04T22:12:17.906250Z,2026-05-04T22:13:19.330312500Z,0.9935036897659302,0.1398303210735321,0.8283708095550537,1.076328947308464,3904.4765624999995,-678.5234375000014,2709.445312499997,0.7679579799345626
9.40625,2026-05-04T22:12:17.914062Z,2026-05-04T22:13:19.338125Z,0.9898325204849244,0.1516703218221664,0.8616769909858704,1.3011689484324769,3916.390625,-641.6093750000006,2795.5781249999986,0.9404112717085462
9.4140625,2026-05-04T22:12:17.921875Z,2026-05-04T22:13:19.345937500Z,0.9809592962265016,0.1714088171720505,0.8862953186035156,1.4374193456369009,3928.3046875,-604.6953124999998,2881.7109375000005,1.1128645634825298
9.421875,2026-05-04T22:12:17.929687Z,2026-05-04T22:13:19.353750Z,0.9725546836853028,0.1961440294981003,0.9010570645332336,1.5218937042179028,3940.2187500000005,-567.781249999999,2967.8437500000023,1.2853178552565134
9.4296875,2026-05-04T22:12:17.937500Z,2026-05-04T22:13:19.361562500Z,0.959416687488556,0.226031094789505,0.898642897605896,1.449749149412733,3952.1328125000005,-530.8671874999982,3053.976562500004,1.457771147030497
9.4375,2026-05-04T22:12:17.945312Z,2026-05-04T22:13:19.369375Z,0.945185124874115,0.2585561573505402,0.8798370361328125,1.2570692827508458,3964.046875000001,-493.9531249999974,3140.109375000006,1.6302244388044806
9.4453125,2026-05-04T22:12:17.953125Z,2026-05-04T22:13:19.377187500Z,0.9309847950935364,0.2927261292934418,0.8498983383178711,0.9990058481039451,3964.4609375,-356.5937499999925,3057.156249999995,1.4760653355987714
9.453125,2026-05-04T22:12:17.960937Z,2026-05-04T22:13:19.385000Z,0.9134257435798644,0.3302789330482483,0.8100570440292358,0.668431797783658,3963.875,-210.49999999999585,2959.4999999999973,1.293505154568769
9.4609375,2026-05-04T22:12:17.968750Z,2026-05-04T22:13:19.392812500Z,0.8957417607307434,0.3690887093544006,0.7667559385299683,0.34459010636257453,3963.2890625,-64.40624999999925,2861.8437499999995,1.1109449735387666
9.46875,2026-05-04T22:12:17.976562Z,2026-05-04T22:13:19.400625Z,0.8794949650764465,0.4072777330875397,0.7218709588050842,0.052156980056555856,3962.703125,81.68749999999737,2764.187500000002,0.9283847925087642
9.4765625,2026-05-04T22:12:17.984375Z,2026-05-04T22:13:19.408437500Z,0.8671848773956299,0.4408735334873199,0.6728804111480713,-0.22058293824550082,3962.1171875,227.781249999994,2666.531250000004,0.7458246114787618
9.484375,2026-05-04T22:12:17.992187Z,2026-05-04T22:13:19.416250Z,0.8562339544296265,0.4685571193695068,0.6124187707901001,-0.5512304618033808,3949.3437500000005,331.3749999999973,2443.5625000000073,0.5914205427018426
9.4921875,2026-05-04T22:12:18.000000Z,2026-05-04T22:13:19.424062500Z,0.8483760952949524,0.4879697561264038,0.5391175150871277,-0.18939332684908733,3933.5234375,424.3437499999993,2189.265625000002,0.4440555019881964
9.5,2026-05-04T22:12:18.007812Z,2026-05-04T22:13:19.431875Z,0.842174232006073,0.4964579343795776,0.453422486782074,0.2541899078174544,3917.703125,517.3125000000013,1934.9687499999964,0.2966904612745501
9.5078125,2026-05-04T22:12:18.015625Z,2026-05-04T22:13:19.439687500Z,0.8443143963813782,0.4953251481056213,0.3620688319206238,0.6322142203969446,3901.8828124999995,610.2812500000033,1680.671874999991,0.14932542056090387
9.515625,2026-05-04T22:12:18.023437Z,2026-05-04T22:13:19.447500Z,0.8485948443412781,0.486154168844223,0.2677320241928101,0.9640680355038748,3886.062499999999,703.2500000000052,1426.3749999999854,0.001960379847257605
9.5234375,2026-05-04T22:12:18.031250Z,2026-05-04T22:13:19.455312500Z,0.8561714291572571,0.470853716135025,0.1736720502376556,1.202658350391295,3864.929687499999,683.5937499999965,1127.3203124999845,0.10906164119852499
9.53125,2026-05-04T22:12:18.039062Z,2026-05-04T22:13:19.463125Z,0.8669505715370178,0.4490358531475067,0.0842558518052101,1.3375866491569817,3841.2968749999995,610.9374999999982,807.203124999992,0.335911750580305
9.5390625,2026-05-04T22:12:18.046875Z,2026-05-04T22:13:19.470937500Z,0.8818851113319397,0.4202195107936859,0.0003291796892881,1.3658542399079534,3817.6640625,538.2812499999999,487.08593749999943,0.5627618599620849
9.546875,2026-05-04T22:12:18.054687Z,2026-05-04T22:13:19.478750Z,0.9007095098495483,0.3873995840549469,-0.0830593034625053,1.278297591373974,3794.0312500000005,465.62500000000153,166.96875000000682,0.7896119693438649
9.5546875,2026-05-04T22:12:18.062500Z,2026-05-04T22:13:19.486562500Z,0.9177061319351196,0.3523451089859009,-0.1704918891191483,1.1180828886126486,3770.398437500001,392.96875000000324,-153.1484374999858,1.0164620787256449
9.5625,2026-05-04T22:12:18.070312Z,2026-05-04T22:13:19.494375Z,0.9359681606292723,0.3144043385982513,-0.2602925002574921,0.8472608007186295,3745.671875000001,274.8125000000066,-452.15624999998795,1.0272106935632468
9.5703125,2026-05-04T22:12:18.078125Z,2026-05-04T22:13:19.502187500Z,0.9548707008361816,0.2757652997970581,-0.3487553298473358,0.47593068838691316,3720.0859375000005,120.9062500000033,-734.578124999994,0.8681652769732431
9.578125,2026-05-04T22:12:18.085937Z,2026-05-04T22:13:19.510000Z,0.9718673229217528,0.2395159751176834,-0.4316825270652771,0.054503972350864315,3694.5,-32.99999999999997,-1017.0,0.7091198603832394
9.5859375,2026-05-04T22:12:18.093750Z,2026-05-04T22:13:19.517812500Z,0.986723780632019,0.208527147769928,-0.5059525370597839,-0.38152085199968083,3668.9140624999995,-186.90625000000324,-1299.4218750000061,0.5500744437932356
9.59375,2026-05-04T22:12:18.101562Z,2026-05-04T22:13:19.525625Z,0.9994868636131288,0.1850333511829376,-0.5666140913963318,-0.34251824154372157,3643.328124999999,-340.8125000000065,-1581.843750000012,0.39102902720323185
9.6015625,2026-05-04T22:12:18.109375Z,2026-05-04T22:13:19.533437500Z,1.009766101837158,0.16877081990242,-0.6144821047782898,-0.004379166625976817,3624.6171874999995,-453.0390625000026,-1823.0156250000084,0.2856561641384462
9.609375,2026-05-04T22:12:18.117187Z,2026-05-04T22:13:19.541250Z,1.017217755317688,0.1597239971160889,-0.6528626680374146,0.27372705451385276,3614.65625,-512.2187500000013,-2011.687500000004,0.24859382374210492
9.6171875,2026-05-04T22:12:18.125000Z,2026-05-04T22:13:19.549062500Z,1.020061016082764,0.1571480631828308,-0.6881370544433594,0.5079372848804551,3604.6953125,-571.3984374999999,-2200.3593749999995,0.2115314833457637
9.625,2026-05-04T22:12:18.132812Z,2026-05-04T22:13:19.556875Z,1.02001416683197,0.1604843586683273,-0.7205514311790466,0.7157170430540667,3594.7343750000005,-630.5781249999985,-2389.0312499999955,0.17446914294942245
9.6328125,2026-05-04T22:12:18.140625Z,2026-05-04T22:13:19.564687500Z,1.017764568328857,0.1689104735851288,-0.7500287890434265,0.902131158724592,3584.7734375000005,-689.7578124999972,-2577.703124999991,0.13740680255308121
9.640625,2026-05-04T22:12:18.148437Z,2026-05-04T22:13:19.572500Z,1.013218641281128,0.183357447385788,-0.7694804668426514,1.017016620068781,3578.0,-703.1250000000048,-2710.999999999999,0.11176641561206602
9.6484375,2026-05-04T22:12:18.156250Z,2026-05-04T22:13:19.580312500Z,1.001986384391785,0.2076426297426224,-0.7774917483329773,1.0152910292745938,3578.0,-619.140625000003,-2726.6249999999995,0.11039767976362568
9.65625,2026-05-04T22:12:18.164062Z,2026-05-04T22:13:19.588125Z,0.9853490591049194,0.2405401468276978,-0.7701570391654968,0.883376384261407,3578.0,-535.1562500000011,-2742.25,0.10902894391518535
9.6640625,2026-05-04T22:12:18.171875Z,2026-05-04T22:13:19.595937500Z,0.9692584872245787,0.2772549986839294,-0.7435858845710754,0.645755735865923,3578.0,-451.1718749999994,-2757.875,0.107660208066745
9.671875,2026-05-04T22:12:18.179687Z,2026-05-04T22:13:19.603750Z,0.9540427327156068,0.3158785402774811,-0.7053744792938232,0.36452543770543006,3578.0,-367.1874999999976,-2773.5000000000005,0.10629147221830468
9.6796875,2026-05-04T22:12:18.187500Z,2026-05-04T22:13:19.611562500Z,0.9363743662834167,0.3534934222698212,-0.663564920425415,0.06319003181269686,3580.9296875000005,-271.36718749999415,-2757.015624999994,0.09189805482103065
9.6875,2026-05-04T22:12:18.195312Z,2026-05-04T22:13:19.619375Z,0.9193776845932008,0.3883151113986969,-0.6194334626197815,-0.2255012506451437,3595.5781250000005,-128.20312499999744,-2612.0937499999973,0.025405911228436703
9.6953125,2026-05-04T22:12:18.203125Z,2026-05-04T22:13:19.627187500Z,0.9036620259284972,0.4175194203853607,-0.5719344615936279,-0.5150009057588865,3610.2265625,14.960937499999257,-2467.171875000001,-0.041086232364157246
9.703125,2026-05-04T22:12:18.210937Z,2026-05-04T22:13:19.635000Z,0.8907271027565002,0.4408269822597504,-0.517362117767334,-0.3085363249791876,3624.8749999999995,158.12499999999596,-2322.250000000004,-0.1075783759567512
9.7109375,2026-05-04T22:12:18.218750Z,2026-05-04T22:13:19.642812500Z,0.8809946775436401,0.4594482183456421,-0.4537636339664459,-0.0018223935551144918,3639.523437499999,301.28906249999267,-2177.3281250000073,-0.17407051954934516
9.71875,2026-05-04T22:12:18.226562Z,2026-05-04T22:13:19.650625Z,0.8712621927261353,0.4737245142459869,-0.3801547884941101,0.3318224890706511,3654.4999999999986,435.85937499999744,-2022.6875000000189,-0.21873434642810843
9.7265625,2026-05-04T22:12:18.234375Z,2026-05-04T22:13:19.658437500Z,0.8651696443557739,0.4815764427185059,-0.295905202627182,0.6498167037822599,3673.249999999999,471.60156249999824,-1756.2812500000132,-0.012372531097570761
9.734375,2026-05-04T22:12:18.242187Z,2026-05-04T22:13:19.666250Z,0.8631387948989868,0.4818092286586761,-0.2031983733177185,0.9194123326405607,3691.9999999999995,507.343749999999,-1489.8750000000075,0.19398928423296694
9.7421875,2026-05-04T22:12:18.250000Z,2026-05-04T22:13:19.674062500Z,0.8654352426528931,0.4738331139087677,-0.1101225018501282,1.0995253909889389,3710.75,543.0859374999998,-1223.4687500000018,0.4003510995635046
9.75,2026-05-04T22:12:18.257812Z,2026-05-04T22:13:19.681875Z,0.8691064119338989,0.4585792422294617,-0.0222439896315336,1.2066490342888032,3729.5000000000005,578.8281250000005,-957.0624999999962,0.6067129148940423
9.7578125,2026-05-04T22:12:18.265625Z,2026-05-04T22:13:19.689687500Z,0.8773235082626343,0.4352871775627136,0.0606831908226013,1.2214213752880485,3748.2500000000005,614.5703125000013,-690.6562499999906,0.81307473022458
9.765625,2026-05-04T22:12:18.273437Z,2026-05-04T22:13:19.697500Z,0.8872590661048889,0.4045466184616089,0.1390588283538818,1.177309881959141,3762.125,515.3124999999985,-370.4374999999954,0.7753011648441975
9.7734375,2026-05-04T22:12:18.281250Z,2026-05-04T22:13:19.705312500Z,0.8987880349159241,0.3695076704025269,0.2165426164865494,1.0566478452027526,3775.796875,410.4296875000009,-47.97656250000286,0.727355291934203
9.78125,2026-05-04T22:12:18.289062Z,2026-05-04T22:13:19.713125Z,0.9134101271629332,0.3342514634132385,0.2989777326583862,0.8054991194798417,3789.4687499999995,305.54687500000335,274.4843749999897,0.6794094190242085
9.7890625,2026-05-04T22:12:18.296875Z,2026-05-04T22:13:19.720937500Z,0.9271417856216432,0.2996625304222107,0.3829813003540039,0.4698355982229698,3803.140624999999,200.66406250000574,596.9453124999823,0.631463546114214
9.796875,2026-05-04T22:12:18.304687Z,2026-05-04T22:13:19.728750Z,0.9421075582504272,0.2671995162963867,0.4678151905536652,0.030340411964924822,3816.812499999999,95.78125000000817,919.4062499999748,0.5835176732042194
9.8046875,2026-05-04T22:12:18.312500Z,2026-05-04T22:13:19.736562500Z,0.955620527267456,0.2372659146785736,0.5470519661903381,-0.43946352852082493,3829.335937499999,-23.210937499992223,1187.5624999999836,0.5034403156674002
9.8125,2026-05-04T22:12:18.320312Z,2026-05-04T22:13:19.744375Z,0.9678837060928344,0.2099702805280685,0.6133260130882263,-0.24810653408927708,3841.6406249999995,-144.89062499999483,1445.374999999989,0.4172426753445156
9.8203125,2026-05-04T22:12:18.328125Z,2026-05-04T22:13:19.752187500Z,0.9759602546691896,0.1856385469436646,0.6661761403083801,0.09946141980146646,3853.9453124999995,-266.57031249999744,1703.1874999999945,0.33104503502163085
9.828125,2026-05-04T22:12:18.335937Z,2026-05-04T22:13:19.760000Z,0.9845367074012756,0.1675294041633606,0.7080625891685486,0.409759963030469,3866.25,-388.25,1961.0,0.24484739469874617
9.8359375,2026-05-04T22:12:18.343750Z,2026-05-04T22:13:19.767812500Z,0.9890670776367188,0.1563411355018616,0.7440136075019836,0.6646444515505792,3878.5546875000005,-509.9296875000026,2218.8125000000055,0.15864975437586148
9.84375,2026-05-04T22:12:18.351562Z,2026-05-04T22:13:19.775625Z,0.9888639450073242,0.1552859395742416,0.7765663266181946,0.8772578700150124,3890.578125,-544.84375,2385.0781250000014,0.31739818367799305
9.8515625,2026-05-04T22:12:18.359375Z,2026-05-04T22:13:19.783437500Z,0.9851146936416626,0.1637430787086487,0.807596743106842,1.071197170960074,3902.4921875,-546.015625,2515.742187499998,0.5714034178342847
9.859375,2026-05-04T22:12:18.367187Z,2026-05-04T22:13:19.791250Z,0.978990912437439,0.1807970255613327,0.8338910937309265,1.2342623151826086,3914.4062499999995,-547.1875,2646.4062499999955,0.8254086519905763
9.8671875,2026-05-04T22:12:18.375000Z,2026-05-04T22:13:19.799062500Z,0.970211386680603,0.2036080360412598,0.8496984839439392,1.3161934601833862,3926.320312499999,-548.3593749999999,2777.0703124999923,1.0794138861468678
9.875,2026-05-04T22:12:18.382812Z,2026-05-04T22:13:19.806875Z,0.9596197605133056,0.2317726463079453,0.8510670065879822,1.2928399338791614,3938.234374999999,-549.5312499999999,2907.7343749999895,1.3334191203031596
9.8828125,2026-05-04T22:12:18.390625Z,2026-05-04T22:13:19.814687500Z,0.9461067914962769,0.2620631754398346,0.8370433449745178,1.1419999535252663,3944.171875,-478.75000000000927,2929.062500000004,1.373960081458747
9.890625,2026-05-04T22:12:18.398437Z,2026-05-04T22:13:19.822500Z,0.931531548500061,0.2933313250541687,0.811179518699646,0.9088536283763963,3946.125,-360.00000000000676,2877.5000000000027,1.2721915272804778
9.8984375,2026-05-04T22:12:18.406250Z,2026-05-04T22:13:19.830312500Z,0.9180967211723328,0.3262753784656525,0.7767508625984192,0.6455042909878979,3948.078125,-241.25000000000423,2825.937500000002,1.1704229731022084
9.90625,2026-05-04T22:12:18.414062Z,2026-05-04T22:13:19.838125Z,0.9019123911857604,0.3616712391376495,0.7343723177909851,0.3324484270034396,3950.03125,-122.50000000000169,2774.375000000001,1.0686544189239393
9.9140625,2026-05-04T22:12:18.421875Z,2026-05-04T22:13:19.845937500Z,0.8856343626976013,0.3968963921070099,0.6885955333709717,0.02393851535546032,3951.984375,-3.7499999999991642,2722.8124999999995,0.96688586474567
9.921875,2026-05-04T22:12:18.429687Z,2026-05-04T22:13:19.853750Z,0.8733242750167847,0.428211122751236,0.6419883966445923,-0.2396356235118345,3948.5,113.50000000000082,2591.2812499999986,0.783121453563013
9.9296875,2026-05-04T22:12:18.437500Z,2026-05-04T22:13:19.861562500Z,0.8644354343414307,0.4540480673313141,0.5893228054046631,-0.5060058939534707,3939.125,229.12499999999815,2373.1171875000036,0.5105281972922758
9.9375,2026-05-04T22:12:18.445312Z,2026-05-04T22:13:19.869375Z,0.8568275570869446,0.4725762009620667,0.5242327451705933,-0.28584281579415555,3929.7500000000005,344.74999999999545,2154.9531250000086,0.2379349410215386
9.9453125,2026-05-04T22:12:18.453125Z,2026-05-04T22:13:19.877187500Z,0.8507662415504456,0.483593761920929,0.4457955956459045,0.10032871112921746,3920.3750000000005,460.3749999999928,1936.7890625000136,-0.034658315249198636
9.953125,2026-05-04T22:12:18.460937Z,2026-05-04T22:13:19.885000Z,0.8514067530632019,0.4842610061168671,0.3608233034610748,0.45107791315752077,3911.000000000001,575.9999999999901,1718.6250000000186,-0.3072515715199359
9.9609375,2026-05-04T22:12:18.468750Z,2026-05-04T22:13:19.892812500Z,0.8555309176445007,0.4758814573287964,0.2719914019107819,0.7610777543024813,3896.3515625000023,637.4140625000032,1476.8359375000261,-0.3860754366317015
9.96875,2026-05-04T22:12:18.476562Z,2026-05-04T22:13:19.900625Z,0.8621077537536621,0.4605810046195984,0.1827443689107895,1.0027726070654848,3872.328125000002,602.4531250000025,1193.0468750000202,-0.12042038412736791
9.9765625,2026-05-04T22:12:18.484375Z,2026-05-04T22:13:19.908437500Z,0.8721213936805725,0.4413856267929077,0.0958345979452133,1.1357744371210687,3848.3046875000014,567.4921875000017,909.2578125000142,0.14523466837696572
9.984375,2026-05-04T22:12:18.492187Z,2026-05-04T22:13:19.916250Z,0.8844783306121826,0.4161693751811981,0.0124461119994521,1.1819617169559062,3824.281250000001,532.531250000001,625.4687500000082,0.4108897208812994
9.9921875,2026-05-04T22:12:18.500000Z,2026-05-04T22:13:19.924062500Z,0.9022404551506042,0.3859098851680756,-0.0654220879077911,1.1080167121679527,3800.2578125,497.5703125000002,341.6796875000021,0.676544773385633
10.0,2026-05-04T22:12:18.507812Z,2026-05-04T22:13:19.931875Z,0.9195026755332948,0.3532296121120453,-0.1444435566663742,0.9659079278420636,3776.328125,438.51562499999955,56.62499999999897,0.8637073377748461
10.0078125,2026-05-04T22:12:18.515625Z,2026-05-04T22:13:19.939687500Z,0.9348121285438538,0.3190596699714661,-0.2268171608448029,0.7592081896313313,3752.6953125000005,303.1640625000027,-232.43749999999437,0.8023103564661901
10.015625,2026-05-04T22:12:18.523437Z,2026-05-04T22:13:19.947500Z,0.9504340887069702,0.2847965955734253,-0.3098981082439423,0.460336911030899,3729.062500000001,167.81250000000577,-521.4999999999877,0.7409133751575341
10.0234375,2026-05-04T22:12:18.531250Z,2026-05-04T22:13:19.955312500Z,0.9672120213508606,0.2514180243015289,-0.3893809020519257,0.08042821672554701,3705.4296875000014,32.460937500008896,-810.5624999999811,0.679516393848878
10.03125,2026-05-04T22:12:18.539062Z,2026-05-04T22:13:19.963125Z,0.9829901456832886,0.2217947691679001,-0.4613751471042633,-0.3287671755193789,3681.7968750000023,-102.89062499998798,-1099.6249999999745,0.618119412540222
10.0390625,2026-05-04T22:12:18.546875Z,2026-05-04T22:13:19.970937500Z,0.995393931865692,0.1992165297269821,-0.5230669379234314,-0.4131977043462425,3659.3125000000014,-232.64062499999054,-1378.4453124999784,0.5445914888889242
10.046875,2026-05-04T22:12:18.554687Z,2026-05-04T22:13:19.978750Z,1.003001809120178,0.183357447385788,-0.5724111795425415,-0.10787248101013626,3645.2500000000014,-321.31249999999244,-1582.1562499999827,0.3821033213914949
10.0546875,2026-05-04T22:12:18.562500Z,2026-05-04T22:13:19.986562500Z,1.009141206741333,0.1749003082513809,-0.6108993291854858,0.14914219848023821,3631.187500000001,-409.9843749999943,-1785.867187499987,0.21961515389406563
10.0625,2026-05-04T22:12:18.570312Z,2026-05-04T22:13:19.994375Z,1.013546586036682,0.1723088473081589,-0.6417452096939087,0.3625647784789464,3617.1250000000005,-498.6562499999962,-1989.5781249999914,0.05712698639663639
10.0703125,2026-05-04T22:12:18.578125Z,2026-05-04T22:13:20.002187500Z,1.014718294143677,0.1749778836965561,-0.6705767512321472,0.5494865577235908,3603.0625000000005,-587.3281249999981,-2193.289062499996,-0.10536118110079286
10.078125,2026-05-04T22:12:18.585937Z,2026-05-04T22:13:20.010000Z,1.011656403541565,0.1829539835453033,-0.6982703804969788,0.7069614042880911,3589.0,-676.0,-2397.0,-0.2678493485982221
10.0859375,2026-05-04T22:12:18.593750Z,2026-05-04T22:13:20.017812500Z,1.00620436668396,0.1967336982488632,-0.7193673849105835,0.8182577970667944,3592.3203125,-626.976562499999,-2450.7109375000014,-0.18422416674961234
10.09375,2026-05-04T22:12:18.601562Z,2026-05-04T22:13:20.025625Z,0.9977840781211852,0.2169997990131378,-0.7299466729164124,0.8516868699153404,3595.640625,-577.953124999998,-2504.4218750000023,-0.10059898490100255
10.1015625,2026-05-04T22:12:18.609375Z,2026-05-04T22:13:20.033437500Z,0.9844898581504822,0.2456609755754471,-0.7257026433944702,0.7650799581399813,3598.9609375,-528.9296874999968,-2558.1328125000036,-0.016973803052392766
10.109375,2026-05-04T22:12:18.617187Z,2026-05-04T22:13:20.041250Z,0.9694771766662598,0.2793964445590973,-0.7040674686431885,0.5696114025082443,3602.2812500000005,-479.9062499999958,-2611.8437500000045,0.06665137879621702
10.1171875,2026-05-04T22:12:18.625000Z,2026-05-04T22:13:20.049062500Z,0.9535428285598756,0.3151026368141174,-0.6704537272453308,0.3109180426542013,3605.6015625000005,-430.88281249999477,-2665.554687500006,0.1502765606448268
10.125,2026-05-04T22:12:18.632812Z,2026-05-04T22:13:20.056875Z,0.9375459551811218,0.350203663110733,-0.6303202509880066,0.03347987648721761,3617.000000000001,-302.62499999998766,-2585.7187499999914,0.040111489966153525
10.1328125,2026-05-04T22:12:18.640625Z,2026-05-04T22:13:20.064687500Z,0.9229238629341124,0.3826201260089874,-0.587019145488739,-0.2314205270119165,3629.500000000001,-163.56249999999085,-2487.6718749999936,-0.09647952423894016
10.140625,2026-05-04T22:12:18.648437Z,2026-05-04T22:13:20.072500Z,0.908161163330078,0.4104899168014526,-0.542749285697937,-0.4930294123318241,3642.0000000000005,-24.499999999994074,-2389.624999999996,-0.23307053844403383
10.1484375,2026-05-04T22:12:18.656250Z,2026-05-04T22:13:20.080312500Z,0.8959916830062866,0.4327888190746307,-0.4922671914100647,-0.3624321856243485,3654.5000000000005,114.56250000000271,-2291.578124999998,-0.3696615526491275
10.15625,2026-05-04T22:12:18.664062Z,2026-05-04T22:13:20.088125Z,0.885025143623352,0.4496876001358032,-0.4345733523368835,-0.07243084389584531,3667.0,253.62499999999952,-2193.5312500000005,-0.5062525668542212
10.1640625,2026-05-04T22:12:18.671875Z,2026-05-04T22:13:20.095937500Z,0.8780421018600464,0.4624121189117432,-0.3665155470371246,0.2105114555454774,3679.3515625,332.1250000000004,-1991.7265624999984,-0.38004509842872947
10.171875,2026-05-04T22:12:18.679687Z,2026-05-04T22:13:20.103750Z,0.8717933297157288,0.4690847098827362,-0.2887549996376038,0.5067127094997897,3691.6562500000005,391.5000000000017,-1757.1562499999934,-0.17084863548831186
10.1796875,2026-05-04T22:12:18.687500Z,2026-05-04T22:13:20.111562500Z,0.8701843023300171,0.46958127617836,-0.2039518505334854,0.7461021993929445,3703.9609375000005,450.87500000000296,-1522.5859374999884,0.038347827452105715
10.1875,2026-05-04T22:12:18.695312Z,2026-05-04T22:13:20.119375Z,0.8719183206558228,0.4629241824150085,-0.1162886023521423,0.917830014026984,3716.265625000001,510.2500000000042,-1288.0156249999834,0.2475442903925233
10.1953125,2026-05-04T22:12:18.703125Z,2026-05-04T22:13:20.127187500Z,0.8760581612586975,0.4481668472290039,-0.0304398331791162,1.021263289799715,3728.5703125000014,569.6250000000055,-1053.4453124999784,0.45674075333294084
10.203125,2026-05-04T22:12:18.710937Z,2026-05-04T22:13:20.135000Z,0.8828224539756775,0.4261938035488129,0.0497195199131965,1.0512609568720757,3743.2500000000014,545.499999999994,-780.2499999999749,0.5486435539376172
10.2109375,2026-05-04T22:12:18.718750Z,2026-05-04T22:13:20.142812500Z,0.8918675184249878,0.3990223407745361,0.1244816109538078,1.0109529714926757,3759.265625000001,474.40624999999557,-485.3281249999817,0.5745686694784679
10.21875,2026-05-04T22:12:18.726562Z,2026-05-04T22:13:20.150625Z,0.902927815914154,0.3668231070041656,0.1979674249887466,0.9021271972733641,3775.2812500000005,403.3124999999972,-190.4062499999885,0.6004937850193184
10.2265625,2026-05-04T22:12:18.734375Z,2026-05-04T22:13:20.158437500Z,0.9160502552986144,0.3336773216724396,0.2729755342006683,0.6975664984308457,3791.2968750000005,332.21874999999886,104.51562500000468,0.626418900560169
10.234375,2026-05-04T22:12:18.742187Z,2026-05-04T22:13:20.166250Z,0.9299381375312804,0.3017884492874146,0.3509359955787659,0.3964438438206824,3807.3125,261.1250000000005,399.43749999999784,0.6523440161010197
10.2421875,2026-05-04T22:12:18.750000Z,2026-05-04T22:13:20.174062500Z,0.9417951703071594,0.2712962031364441,0.4293577671051025,0.03990305592628513,3821.09375,162.40625000000088,678.6171874999981,0.5623645134712478
10.25,2026-05-04T22:12:18.757812Z,2026-05-04T22:13:20.181875Z,0.9541051983833312,0.2441557645797729,0.505196213722229,-0.3812310829963315,3832.8125,38.187499999998245,943.2656250000038,0.3653961325301244
10.2578125,2026-05-04T22:12:18.765625Z,2026-05-04T22:13:20.189687500Z,0.965337336063385,0.2195291817188263,0.5715933442115784,-0.33063618218978924,3844.5312500000005,-86.0312500000044,1207.9140625000093,0.16842775158900095
10.265625,2026-05-04T22:12:18.773437Z,2026-05-04T22:13:20.197500Z,0.97341388463974,0.1988441050052643,0.6246126294136047,0.010125212698352077,3856.2500000000005,-210.25000000000705,1472.562500000015,-0.028540629352122513
10.2734375,2026-05-04T22:12:18.781250Z,2026-05-04T22:13:20.205312500Z,0.9806312322616576,0.1826281100511551,0.6670218706130981,0.3032360083439021,3867.968750000001,-334.46875000000966,1737.2109375000207,-0.22550901029324597
10.28125,2026-05-04T22:12:18.789062Z,2026-05-04T22:13:20.213125Z,0.9831776022911072,0.1722467690706253,0.7008969783782959,0.5171055043941036,3879.843750000001,-421.50000000000256,1961.0781250000132,-0.22480940008949096
10.2890625,2026-05-04T22:12:18.796875Z,2026-05-04T22:13:20.220937500Z,0.984224259853363,0.1695156693458557,0.730743408203125,0.7121018499225884,3891.953125000001,-452.7500000000018,2123.7734375000095,0.0723921968314691
10.296875,2026-05-04T22:12:18.804687Z,2026-05-04T22:13:20.228750Z,0.9820840358734132,0.1765141487121582,0.7593289017677307,0.8940335126259225,3904.0625000000005,-484.00000000000114,2286.468750000006,0.3695937937524291
10.3046875,2026-05-04T22:12:18.812500Z,2026-05-04T22:13:20.236562500Z,0.976616382598877,0.1916904449462891,0.7835166454315186,1.0383423270975756,3916.171875,-515.2500000000003,2449.164062500002,0.6667953906733892
10.3125,2026-05-04T22:12:18.820312Z,2026-05-04T22:13:20.244375Z,0.9677900075912476,0.212872102856636,0.800923228263855,1.1249955973701478,3928.28125,-546.4999999999997,2611.859374999998,0.9639969875943493
10.3203125,2026-05-04T22:12:18.828125Z,2026-05-04T22:13:20.252187500Z,0.957995057106018,0.2392211407423019,0.8062435984611511,1.1350844946161143,3938.3671875,-542.203125000002,2725.8281250000005,1.170760312639854
10.328125,2026-05-04T22:12:18.835937Z,2026-05-04T22:13:20.260000Z,0.9451225996017456,0.2675874531269073,0.7967560887336731,1.0226405001650258,3943.25,-446.5,2714.5,1.1449680814341572
10.3359375,2026-05-04T22:12:18.843750Z,2026-05-04T22:13:20.267812500Z,0.9314221739768982,0.29764524102211,0.7731680274009705,0.815916000591218,3948.1328125,-350.79687499999795,2703.1718749999995,1.1191758502284603
10.34375,2026-05-04T22:12:18.851562Z,2026-05-04T22:13:20.275625Z,0.9188621640205384,0.3280288875102997,0.7413687705993652,0.5779983597630153,3953.015625,-255.0937499999959,2691.8437499999995,1.0933836190227635
10.3515625,2026-05-04T22:12:18.859375Z,2026-05-04T22:13:20.283437500Z,0.9052398800849916,0.3588470220565796,0.7027729749679565,0.30482646104036304,3957.8984375000005,-159.39062499999386,2680.515624999999,1.0675913878170669
10.359375,2026-05-04T22:12:18.867187Z,2026-05-04T22:13:20.291250Z,0.8912582397460938,0.390316903591156,0.6598255038261414,0.026091811524669523,3960.6562499999995,-60.18749999999081,2643.4374999999864,1.0046525526640018
10.3671875,2026-05-04T22:12:18.875000Z,2026-05-04T22:13:20.299062500Z,0.8790262937545776,0.4192263782024384,0.6141717433929443,-0.23716683403767727,3952.2578124999995,57.39062500000647,2471.1718749999905,0.7466940467873732
10.375,2026-05-04T22:12:18.882812Z,2026-05-04T22:13:20.306875Z,0.8695125579833984,0.4435270726680756,0.5636588931083679,-0.49822553704392086,3943.8593749999995,174.96875000000375,2298.9062499999945,0.4887355409107445
10.3828125,2026-05-04T22:12:18.890625Z,2026-05-04T22:13:20.314687500Z,0.863404393196106,0.4602396190166473,0.5054422616958618,-0.3446712787609811,3935.4609375,292.546875000001,2126.6406249999986,0.23077703503411587
10.390625,2026-05-04T22:12:18.898437Z,2026-05-04T22:13:20.322500Z,0.8603581190109253,0.4701864719390869,0.4362158477306366,-0.03521410795394247,3927.0625,410.12499999999835,1954.3750000000025,-0.027181470842512802
10.3984375,2026-05-04T22:12:18.906250Z,2026-05-04T22:13:20.330312500Z,0.8586865663528442,0.4715675413608551,0.3554260432720184,0.31121225763151944,3918.171875000001,522.9296875000001,1778.664062500009,-0.26846931394313645
10.40625,2026-05-04T22:12:18.914062Z,2026-05-04T22:13:20.338125Z,0.862342119216919,0.464522510766983,0.2722374498844147,0.5954480977621999,3897.4687500000005,521.171875,1520.2656250000036,-0.10966125041926249
10.4140625,2026-05-04T22:12:18.921875Z,2026-05-04T22:13:20.345937500Z,0.8689970374107361,0.4500134587287903,0.1880801320075989,0.8192625933518913,3876.765625,519.4140625,1261.8671874999982,0.049146813104611484
10.421875,2026-05-04T22:12:18.929687Z,2026-05-04T22:13:20.353750Z,0.8782139420509338,0.431733638048172,0.105706512928009,0.9531497313773603,3856.0624999999995,517.65625,1003.4687499999926,0.20795487662848544
10.4296875,2026-05-04T22:12:18.937500Z,2026-05-04T22:13:20.361562500Z,0.8897898197174072,0.4088605344295502,0.0261314790695905,1.001541735277979,3835.359374999999,515.8984374999999,745.0703124999872,0.36676294015235944
10.4375,2026-05-04T22:12:18.945312Z,2026-05-04T22:13:20.369375Z,0.9041932225227356,0.3815649151802063,-0.050168290734291,0.9608944919788892,3814.6562499999986,514.1406249999999,486.6718749999816,0.5255710036762334
10.4453125,2026-05-04T22:12:18.953125Z,2026-05-04T22:13:20.377187500Z,0.9207993149757384,0.3510571420192719,-0.124392181634903,0.8356523323035788,3793.234374999999,409.42187499999415,207.96874999998556,0.5619051598735327
10.453125,2026-05-04T22:12:18.960937Z,2026-05-04T22:13:20.385000Z,0.9365462064743042,0.3191837966442108,-0.2001230120658875,0.6479965244627803,3771.7499999999995,295.74999999999676,-72.50000000000796,0.5875894110859231
10.4609375,2026-05-04T22:12:18.968750Z,2026-05-04T22:13:20.392812500Z,0.9511682987213136,0.287775993347168,-0.2773300111293793,0.39221438856347507,3750.265625,182.0781249999994,-352.9687500000015,0.6132736622983135
10.46875,2026-05-04T22:12:18.976562Z,2026-05-04T22:13:20.400625Z,0.9658841490745544,0.2581371963024139,-0.3519383370876312,0.0686246674133353,3728.7812500000005,68.40625000000203,-633.437499999995,0.6389579135107039
10.4765625,2026-05-04T22:12:18.984375Z,2026-05-04T22:13:20.408437500Z,0.9786940813064576,0.2303294986486435,-0.4213800430297852,-0.2766543748818841,3707.296875000001,-45.26562499999534,-913.9062499999885,0.6646421647230942
10.484375,2026-05-04T22:12:18.992187Z,2026-05-04T22:13:20.416250Z,0.9913010001182556,0.2085581719875336,-0.4813957810401917,-0.4899245494169158,3689.8750000000005,-151.43749999999704,-1140.1562499999939,0.4850562128775757
10.4921875,2026-05-04T22:12:19.000000Z,2026-05-04T22:13:20.424062500Z,0.9997212290763856,0.1932111829519272,-0.5317240953445435,-0.18469069319516848,3673.46875,-255.73437499999926,-1352.8515624999984,0.25415271026756536
10.5,2026-05-04T22:12:19.007812Z,2026-05-04T22:13:20.431875Z,1.004860877990723,0.1854368150234222,-0.5712117552757263,0.05921587842944889,3657.0624999999995,-360.0312500000015,-1565.546875000003,0.023249207657555036
10.5078125,2026-05-04T22:12:19.015625Z,2026-05-04T22:13:20.439687500Z,1.007891535758972,0.1840091943740845,-0.6020883917808533,0.25440236807276306,3640.6562499999995,-464.3281250000037,-1778.2421875000075,-0.2076542949524553
10.515625,2026-05-04T22:12:19.023437Z,2026-05-04T22:13:20.447500Z,1.009031891822815,0.1879041343927383,-0.6277984380722046,0.41751226955418497,3624.249999999999,-568.6250000000059,-1990.937500000012,-0.4385577975624656
10.5234375,2026-05-04T22:12:19.031250Z,2026-05-04T22:13:20.455312500Z,1.006173133850098,0.1960974633693695,-0.650786817073822,0.5401927135777275,3616.078125,-587.390624999999,-2119.695312500004,-0.44168912519692966
10.53125,2026-05-04T22:12:19.039062Z,2026-05-04T22:13:20.463125Z,1.000174283981323,0.2098927050828934,-0.6703768372535706,0.6307473624534158,3611.78125,-565.9062499999994,-2208.9531250000023,-0.33763354696057973
10.5390625,2026-05-04T22:12:19.046875Z,2026-05-04T22:13:20.470937500Z,0.9919571280479432,0.2298018932342529,-0.682739794254303,0.6753176178876278,3607.484375,-544.421875,-2298.2109375,-0.2335779687242298
10.546875,2026-05-04T22:12:19.054687Z,2026-05-04T22:13:20.478750Z,0.9802875518798828,0.2554991841316223,-0.6821093559265137,0.6242416880504019,3603.1875,-522.9375000000005,-2387.468749999998,-0.1295223904878799
10.5546875,2026-05-04T22:12:19.062500Z,2026-05-04T22:13:20.486562500Z,0.967696249485016,0.2857897281646729,-0.6658560633659363,0.48504775177473836,3598.890625,-501.45312500000097,-2476.726562499996,-0.02546681225152996
10.5625,2026-05-04T22:12:19.070312Z,2026-05-04T22:13:20.494375Z,0.951699435710907,0.3191837966442108,-0.6365017294883728,0.25428474574376553,3605.0937499999995,-422.3281250000053,-2486.2500000000023,-0.0150630782560404
10.5703125,2026-05-04T22:12:19.078125Z,2026-05-04T22:13:20.502187500Z,0.9370148181915284,0.3523451089859009,-0.5989207625389099,0.0067328159890411785,3619.5468749999995,-297.9140625000027,-2433.125000000001,-0.07824293616410029
10.578125,2026-05-04T22:12:19.085937Z,2026-05-04T22:13:20.510000Z,0.9224239587783812,0.3827442824840546,-0.5568498373031616,-0.2505567352141202,3634.0,-173.5,-2380.0,-0.14142279407216016
10.5859375,2026-05-04T22:12:19.093750Z,2026-05-04T22:13:20.517812500Z,0.9096608757972716,0.4088605344295502,-0.513456404209137,-0.4882343485820151,3648.4531250000005,-49.08593749999733,-2326.874999999999,-0.20460265198022004
10.59375,2026-05-04T22:12:19.101562Z,2026-05-04T22:13:20.525625Z,0.899006724357605,0.4296697676181793,-0.466434121131897,-0.40155872245147717,3662.9062500000005,75.32812500000533,-2273.7499999999977,-0.26778250988827995
10.6015625,2026-05-04T22:12:19.109375Z,2026-05-04T22:13:20.533437500Z,0.8892117738723755,0.4455133378505707,-0.4124307334423065,-0.14483270020930938,3675.2109375000005,180.49218750000358,-2155.828124999991,-0.25713980641571854
10.609375,2026-05-04T22:12:19.117187Z,2026-05-04T22:13:20.541250Z,0.8819944858551025,0.4557860493659973,-0.351031094789505,0.1151679481293479,3684.78125,261.1562500000017,-1955.4374999999957,-0.15254111573147816
10.6171875,2026-05-04T22:12:19.125000Z,2026-05-04T22:13:20.549062500Z,0.8766205310821533,0.4608758389949799,-0.2796365320682526,0.3806562717187787,3694.3515625,341.8203124999999,-1755.0468750000005,-0.04794242504723774
10.625,2026-05-04T22:12:19.132812Z,2026-05-04T22:13:20.556875Z,0.8761674761772156,0.4593706429004669,-0.1999846249818802,0.6001168902928259,3703.9218749999995,422.484374999998,-1554.656250000005,0.05665626563700267
10.6328125,2026-05-04T22:12:19.140625Z,2026-05-04T22:13:20.564687500Z,0.877526581287384,0.4525583684444427,-0.1185951232910156,0.7640255490580721,3713.4921874999995,503.14843749999613,-1354.2656250000095,0.16125495632124306
10.640625,2026-05-04T22:12:19.148437Z,2026-05-04T22:13:20.572500Z,0.8822600245475769,0.4382665753364563,-0.0373286455869674,0.8575973126678812,3724.562499999999,542.3125000000028,-1131.2500000000155,0.2602005889535715
10.6484375,2026-05-04T22:12:19.156250Z,2026-05-04T22:13:20.580312500Z,0.8891961574554443,0.4175349473953247,0.0394939333200454,0.8847537466403561,3738.8203124999995,493.28906250000176,-860.1562500000095,0.34713347322558363
10.65625,2026-05-04T22:12:19.164062Z,2026-05-04T22:13:20.588125Z,0.8971477150917053,0.3907048404216766,0.1123800501227379,0.8628392400842001,3753.078125,444.2656250000007,-589.0625000000038,0.43406635749759576
10.6640625,2026-05-04T22:12:19.171875Z,2026-05-04T22:13:20.595937500Z,0.9089891314506532,0.3609884679317474,0.1830519139766693,0.7469051478260258,3767.3359375,395.24218749999966,-317.968749999998,0.5209992417696079
10.671875,2026-05-04T22:12:19.179687Z,2026-05-04T22:13:20.603750Z,0.919783890247345,0.3293478786945343,0.2531855702400208,0.5856004909225544,3781.5937500000005,346.21874999999864,-46.87499999999221,0.60793212604162
10.6796875,2026-05-04T22:12:19.187500Z,2026-05-04T22:13:20.611562500Z,0.932843804359436,0.2980952560901642,0.3257641494274139,0.3249676447511763,3795.5390625000005,283.40624999999517,223.4375000000109,0.6347025838130673
10.6875,2026-05-04T22:12:19.195312Z,2026-05-04T22:13:20.619375Z,0.943982183933258,0.2689530253410339,0.3980351984500885,0.016301345588749912,3808.234375,165.4374999999979,490.6250000000047,0.4208233355823241
10.6953125,2026-05-04T22:12:19.203125Z,2026-05-04T22:13:20.627187500Z,0.9558548927307128,0.2433333247900009,0.4681688547134399,-0.3561908680800307,3820.9296875,47.46875000000064,757.8124999999985,0.20694408735158082
10.703125,2026-05-04T22:12:19.210937Z,2026-05-04T22:13:20.635000Z,0.965337336063385,0.2216551154851913,0.5321979522705078,-0.3976765542655468,3833.6249999999995,-70.49999999999663,1024.9999999999923,-0.006935160879162462
10.7109375,2026-05-04T22:12:19.218750Z,2026-05-04T22:13:20.642812500Z,0.9739137887954712,0.2039494216442108,0.5865088701248169,-0.051578571696313504,3846.3203124999995,-188.46874999999392,1292.1874999999861,-0.22081440910990574
10.71875,2026-05-04T22:12:19.226562Z,2026-05-04T22:13:20.650625Z,0.9783504009246826,0.1906818002462387,0.6292718052864075,0.2117150874395889,3858.937499999999,-301.1562499999963,1552.609374999987,-0.39795045447791383
10.7265625,2026-05-04T22:12:19.234375Z,2026-05-04T22:13:20.658437500Z,0.9810061454772948,0.182876393198967,0.6632391810417175,0.4244492060696579,3870.6562499999995,-353.10937499999744,1735.226562499991,-0.15253966692405016
10.734375,2026-05-04T22:12:19.242187Z,2026-05-04T22:13:20.666250Z,0.9811155200004578,0.1821005046367645,0.6915478706359863,0.5971243507175926,3882.3749999999995,-405.0624999999985,1917.8437499999948,0.09287112062981351
10.7421875,2026-05-04T22:12:19.250000Z,2026-05-04T22:13:20.674062500Z,0.9774287343025208,0.189114511013031,0.7163199782371521,0.7321257503283513,3894.09375,-457.01562499999966,2100.4609374999986,0.3382819081836772
10.75,2026-05-04T22:12:19.257812Z,2026-05-04T22:13:20.681875Z,0.9735076427459716,0.2044304758310318,0.7389853596687317,0.8758114593799928,3905.8125,-508.96875000000074,2283.0781250000027,0.5836926957375409
10.7578125,2026-05-04T22:12:19.265625Z,2026-05-04T22:13:20.689687500Z,0.9636033177375792,0.225224182009697,0.7547927498817444,0.9367133854338074,3917.5312500000005,-560.9218750000018,2465.6953125000064,0.8291034832914045
10.765625,2026-05-04T22:12:19.273437Z,2026-05-04T22:13:20.697500Z,0.952761709690094,0.2508904337882996,0.7619583606719971,0.9494039390517324,3922.6875,-488.37499999999886,2492.6875000000005,0.8650253323140252
10.7734375,2026-05-04T22:12:19.281250Z,2026-05-04T22:13:20.705312500Z,0.94173264503479,0.279163658618927,0.756361186504364,0.885929209993332,3927.5703125,-410.6406250000007,2513.1953125,0.8922184755645189
10.78125,2026-05-04T22:12:19.289062Z,2026-05-04T22:13:20.713125Z,0.9297975301742554,0.3077162206172943,0.7376783490180969,0.7333756882624608,3932.453125,-332.90625000000244,2533.7031249999995,0.9194116188150127
10.7890625,2026-05-04T22:12:19.296875Z,2026-05-04T22:13:20.720937500Z,0.9170031547546388,0.3363153338432312,0.708493173122406,0.5138980779659346,3937.3359374999995,-255.17187500000426,2554.210937499999,0.9466047620655065
10.796875,2026-05-04T22:12:19.304687Z,2026-05-04T22:13:20.728750Z,0.9041306972503662,0.3651161789894104,0.6715580224990845,0.2599986643704211,3942.2187499999995,-177.43750000000605,2574.718749999998,0.9737979053160002
10.8046875,2026-05-04T22:12:19.312500Z,2026-05-04T22:13:20.736562500Z,0.891664445400238,0.393141120672226,0.6299945116043091,-0.0010625114600474746,3941.359375,-69.67968750000726,2475.1328125000077,0.8303901310540627
10.8125,2026-05-04T22:12:19.320312Z,2026-05-04T22:13:20.744375Z,0.8806353807449341,0.418667733669281,0.5864627361297607,-0.24686599603406423,3939.40625,43.796874999995154,2352.671875000005,0.6544869439325948
10.8203125,2026-05-04T22:12:19.328125Z,2026-05-04T22:13:20.752187500Z,0.8729805946350098,0.4400355815887451,0.5393788814544678,-0.4763238205627034,3937.453125,157.27343749999758,2230.2109375000027,0.4785837568111268
10.828125,2026-05-04T22:12:19.335937Z,2026-05-04T22:13:20.760000Z,0.8674660921096802,0.4553050100803375,0.4850064814090729,-0.394253334332197,3935.5,270.75,2107.75,0.30268056968965884
10.8359375,2026-05-04T22:12:19.343750Z,2026-05-04T22:13:20.767812500Z,0.8646853566169739,0.4630638360977173,0.4214233458042145,-0.11270492005667405,3933.546875,384.2265625000024,1985.2890624999973,0.12677738256819088
10.84375,2026-05-04T22:12:19.351562Z,2026-05-04T22:13:20.775625Z,0.8642479777336121,0.4627535045146942,0.3485679626464844,0.1893089696433414,3921.046875,434.2812500000003,1780.9843749999975,0.08782362977968172
10.8515625,2026-05-04T22:12:19.359375Z,2026-05-04T22:13:20.783437500Z,0.8684033751487732,0.4545446336269379,0.2703922390937805,0.45322765065348014,3904.4453125,459.67187499999966,1544.851562500003,0.10212799034287158
10.859375,2026-05-04T22:12:19.367187Z,2026-05-04T22:13:20.791250Z,0.8753395080566406,0.4403769671916962,0.1904942840337753,0.6596322009874265,3887.8437500000005,485.0624999999991,1308.7187500000084,0.11643235090606144
10.8671875,2026-05-04T22:12:19.375000Z,2026-05-04T22:13:20.799062500Z,0.8846657872200012,0.4208246767520905,0.111103780567646,0.7947731490363658,3871.242187500001,510.4531249999985,1072.5859375000139,0.13073671146925128
10.875,2026-05-04T22:12:19.382812Z,2026-05-04T22:13:20.806875Z,0.895929217338562,0.3977964222431183,0.0349577739834785,0.8475811835025402,3854.6406250000014,535.843749999998,836.4531250000193,0.14504107203244115
10.8828125,2026-05-04T22:12:19.390625Z,2026-05-04T22:13:20.814687500Z,0.909332811832428,0.3712301254272461,-0.0377591997385025,0.8200455469381529,3833.703125000002,485.06250000000796,582.0390625000208,0.21474349859656758
10.890625,2026-05-04T22:12:19.398437Z,2026-05-04T22:13:20.822500Z,0.9248453974723816,0.3428482711315155,-0.1085848212242126,0.7084352005970483,3809.8750000000014,383.5000000000058,315.4375000000152,0.3213779691613324
10.8984375,2026-05-04T22:12:19.406250Z,2026-05-04T22:13:20.830312500Z,0.9402329325675964,0.3128060400485992,-0.1787031143903732,0.5389094616534664,3786.046875000001,281.93750000000364,48.83593750000947,0.42801243972609715
10.90625,2026-05-04T22:12:19.414062Z,2026-05-04T22:13:20.838125Z,0.9543238878250122,0.2839431166648865,-0.2500054240226746,0.31218108519778215,3762.2187500000005,180.37500000000145,-217.76562499999622,0.534646910290862
10.9140625,2026-05-04T22:12:19.421875Z,2026-05-04T22:13:20.845937500Z,0.9673213362693788,0.2563992142677307,-0.3198930621147156,0.03676668855645784,3738.390625,78.8124999999993,-484.3671875000019,0.6412813808556267
10.921875,2026-05-04T22:12:19.429687Z,2026-05-04T22:13:20.853750Z,0.979334592819214,0.2316174656152725,-0.3853367865085602,-0.2714951189196441,3718.78125,-25.093750000000757,-728.3750000000016,0.6079718006609957
10.9296875,2026-05-04T22:12:19.437500Z,2026-05-04T22:13:20.861562500Z,0.9898169040679932,0.2113979160785675,-0.4447528123855591,-0.5344910087526291,3703.7421875000005,-131.5390624999983,-947.9062499999965,0.42305616547703023
10.9375,2026-05-04T22:12:19.445312Z,2026-05-04T22:13:20.869375Z,0.9980496764183044,0.1985027194023132,-0.4944968223571777,-0.24234688139229302,3688.7031250000005,-237.98437499999585,-1167.4374999999914,0.23814053029306478
10.9453125,2026-05-04T22:12:19.453125Z,2026-05-04T22:13:20.877187500Z,1.002689361572266,0.1916904449462891,-0.5341690182685852,-0.010660495325868817,3673.664062500001,-344.4296874999934,-1386.9687499999864,0.05322489510909938
10.953125,2026-05-04T22:12:19.460937Z,2026-05-04T22:13:20.885000Z,1.004314064979553,0.1914421617984772,-0.5643229484558105,0.16117933568569084,3658.6250000000014,-450.8749999999909,-1606.4999999999814,-0.13169074007486606
10.9609375,2026-05-04T22:12:19.468750Z,2026-05-04T22:13:20.892812500Z,1.004454731941223,0.1969974935054779,-0.5878341197967529,0.2989500954052523,3646.6093750000005,-516.8906250000006,-1790.1015624999889,-0.23686408755823407
10.96875,2026-05-04T22:12:19.476562Z,2026-05-04T22:13:20.900625Z,1.00081479549408,0.2074564248323441,-0.6088849902153015,0.40143350756956253,3639.9687500000005,-511.0312500000004,-1909.8281249999916,-0.20027336801825604
10.9765625,2026-05-04T22:12:19.484375Z,2026-05-04T22:13:20.908437500Z,0.9944878816604614,0.2230516970157623,-0.627091109752655,0.479667705739779,3633.3281250000005,-505.1718750000003,-2029.554687499994,-0.16368264847827804
10.984375,2026-05-04T22:12:19.492187Z,2026-05-04T22:13:20.916250Z,0.9871611595153807,0.243100568652153,-0.6382085680961609,0.5234864573784589,3626.6875,-499.31250000000017,-2149.281249999997,-0.12709192893830001
10.9921875,2026-05-04T22:12:19.500000Z,2026-05-04T22:13:20.924062500Z,0.975210428237915,0.2675719559192657,-0.6395463347434998,0.4808858739185288,3620.046875,-493.45312500000006,-2269.007812499999,-0.090501209398322
11.0,2026-05-04T22:12:19.507812Z,2026-05-04T22:13:20.931875Z,0.9610881805419922,0.2964814007282257,-0.6277984380722046,0.3581628363704368,3616.546875,-464.10937499999966,-2353.859375,-0.07253269762659946
11.0078125,2026-05-04T22:12:19.515625Z,2026-05-04T22:13:20.939687500Z,0.9480282664299012,0.3277029991149902,-0.602303683757782,0.18226647987323083,3622.9921875,-360.39843750000205,-2328.2734375000005,-0.11353451045434966
11.015625,2026-05-04T22:12:19.523437Z,2026-05-04T22:13:20.947500Z,0.9353745579719543,0.3585366606712341,-0.5673829317092896,-0.027809984064456224,3629.4374999999995,-256.68750000000443,-2302.687500000001,-0.15453632328209987
11.0234375,2026-05-04T22:12:19.531250Z,2026-05-04T22:13:20.955312500Z,0.9211898446083068,0.3873530328273773,-0.5277414917945862,-0.2637157020367594,3635.8828124999995,-152.97656250000685,-2277.101562500002,-0.19553813610985007
11.03125,2026-05-04T22:12:19.539062Z,2026-05-04T22:13:20.963125Z,0.9095515012741088,0.4115140736103058,-0.4858396649360657,-0.48178329257805164,3642.3281249999995,-49.26562500000924,-2251.5156250000023,-0.23653994893760028
11.0390625,2026-05-04T22:12:19.546875Z,2026-05-04T22:13:20.970937500Z,0.8983505964279175,0.4299956560134888,-0.4409701228141785,-0.41124239031241844,3649.6640624999986,52.47656249999069,-2209.921875000017,-0.26771754767745803
11.046875,2026-05-04T22:12:19.554687Z,2026-05-04T22:13:20.978750Z,0.8909457921981812,0.4434029161930084,-0.3901651203632355,-0.19012355683066923,3663.5312499999986,139.78124999999255,-2050.9375000000136,-0.2268509097726969
11.0546875,2026-05-04T22:12:19.562500Z,2026-05-04T22:13:20.986562500Z,0.8848532438278198,0.4515186846256256,-0.3325020372867584,0.044815002080548394,3677.398437499999,227.08593749999443,-1891.9531250000102,-0.18598427186793576
11.0625,2026-05-04T22:12:19.570312Z,2026-05-04T22:13:20.994375Z,0.8810571432113647,0.454637736082077,-0.2678886651992798,0.27195768135069753,3691.2656249999995,314.3906249999963,-1732.9687500000068,-0.1451176339631746
11.0703125,2026-05-04T22:12:19.578125Z,2026-05-04T22:13:21.002187500Z,0.8802917003631592,0.4515807628631592,-0.1953869611024857,0.4775573075658803,3705.1328124999995,401.6953124999981,-1573.9843750000034,-0.10425099605841345
11.078125,2026-05-04T22:12:19.585937Z,2026-05-04T22:13:21.010000Z,0.8835878968238831,0.4431236088275909,-0.1186412572860718,0.6192064661594565,3719.0,489.0,-1415.0,-0.06338435815365231
11.0859375,2026-05-04T22:12:19.593750Z,2026-05-04T22:13:21.017812500Z,0.8881963491439819,0.4280559420585632,-0.0415880233049392,0.7149795256565366,3730.5234375000005,467.32031249999955,-1169.8828124999948,0.0616077806125189
11.09375,2026-05-04T22:12:19.601562Z,2026-05-04T22:13:21.025625Z,0.8938202261924744,0.407836377620697,0.0324205979704856,0.7563139063739995,3742.0468750000005,445.6406249999991,-924.7656249999895,0.1865999193786901
11.1015625,2026-05-04T22:12:19.609375Z,2026-05-04T22:13:21.033437500Z,0.9032246470451356,0.3825114965438843,0.1035537570714951,0.7160575620001061,3753.570312500001,423.96093749999864,-679.6484374999843,0.31159205814486135
11.109375,2026-05-04T22:12:19.617187Z,2026-05-04T22:13:21.041250Z,0.91384756565094,0.3535244464874268,0.1705966889858246,0.6211847421823019,3765.093750000001,402.2812499999982,-434.5312499999791,0.43658419691103256
11.1171875,2026-05-04T22:12:19.625000Z,2026-05-04T22:13:21.049062500Z,0.9255170822143556,0.3226752877235413,0.2359789162874222,0.46652472974852055,3776.6171875000014,380.60156249999767,-189.41406249997385,0.5615763356772038
11.125,2026-05-04T22:12:19.632812Z,2026-05-04T22:13:21.056875Z,0.9365930557250975,0.293160617351532,0.3020223379135132,0.2544758693922838,3787.453125000001,278.99999999999,71.8593750000234,0.46134441688293665
11.1328125,2026-05-04T22:12:19.640625Z,2026-05-04T22:13:21.064687500Z,0.9477627277374268,0.2657874226570129,0.3695419430732727,-0.02558067333831936,3798.195312500001,166.4999999999926,335.33593750001734,0.3304001266031869
11.140625,2026-05-04T22:12:19.648437Z,2026-05-04T22:13:21.072500Z,0.9579482078552246,0.2419367283582687,0.4364311099052429,-0.3529658584957197,3808.9375000000005,53.99999999999521,598.8125000000113,0.19945583632343722
11.1484375,2026-05-04T22:12:19.656250Z,2026-05-04T22:13:21.080312500Z,0.966774582862854,0.2221516817808151,0.4986149668693542,-0.42843106986179263,3819.6796875,-58.50000000000219,862.2890625000051,0.0685115460436875
11.15625,2026-05-04T22:12:19.664062Z,2026-05-04T22:13:21.088125Z,0.9733514189720154,0.2071460634469986,0.551434338092804,-0.11816446451180775,3830.421875,-170.99999999999957,1125.765624999999,-0.06243274423606221
11.1640625,2026-05-04T22:12:19.671875Z,2026-05-04T22:13:21.095937500Z,0.9775224328041076,0.1962371319532394,0.593489944934845,0.1332677265789729,3842.9453125,-246.09375000000045,1335.5078125000014,-0.015379918103149905
11.171875,2026-05-04T22:12:19.679687Z,2026-05-04T22:13:21.103750Z,0.9800063371658324,0.1903869658708572,0.626919150352478,0.33755311641820196,3856.0312500000005,-309.3750000000018,1528.2812500000055,0.08788252373902684
11.1796875,2026-05-04T22:12:19.687500Z,2026-05-04T22:13:21.111562500Z,0.9792721271514891,0.1908214539289474,0.6546589136123657,0.4946101764900331,3869.1171875000005,-372.6562500000031,1721.0546875000095,0.1911449655812036
11.1875,2026-05-04T22:12:19.695312Z,2026-05-04T22:13:21.119375Z,0.9757415652275084,0.1993406713008881,0.6778932809829712,0.6187791537351608,3882.203125000001,-435.9375000000045,1913.8281250000136,0.29440740742338034
11.1953125,2026-05-04T22:12:19.703125Z,2026-05-04T22:13:21.127187500Z,0.9687585830688475,0.2146566361188889,0.6980830430984497,0.7121187201037399,3895.2890625000014,-499.21875000000585,2106.6015625000177,0.3976698492655571
11.203125,2026-05-04T22:12:19.710937Z,2026-05-04T22:13:21.135000Z,0.9603383541107178,0.23543481528759,0.7139673233032227,0.7848290394744407,3904.2500000000005,-486.99999999999534,2214.375000000005,0.49697111866651245
11.2109375,2026-05-04T22:12:19.718750Z,2026-05-04T22:13:21.142812500Z,0.9503090977668762,0.2610234916210175,0.7212405204772949,0.8052444781288154,3910.8906250000005,-432.3124999999966,2274.3359375000036,0.5940442285692815
11.21875,2026-05-04T22:12:19.726562Z,2026-05-04T22:13:21.150625Z,0.9396549463272096,0.2887535989284515,0.7175808548927307,0.7605791317719204,3917.5312500000005,-377.62499999999784,2334.2968750000023,0.6911173384720507
11.2265625,2026-05-04T22:12:19.734375Z,2026-05-04T22:13:21.158437500Z,0.9275323152542114,0.3167319893836975,0.7018349766731262,0.6308583077681954,3924.171875,-322.93749999999915,2394.257812500001,0.7881904483748198
11.234375,2026-05-04T22:12:19.742187Z,2026-05-04T22:13:21.166250Z,0.9152066707611084,0.3440586626529694,0.6756790280342102,0.43982294528136134,3930.8125,-268.2500000000004,2454.2187499999995,0.8852635582775888
11.2421875,2026-05-04T22:12:19.750000Z,2026-05-04T22:13:21.174062500Z,0.903271496295929,0.3708577156066895,0.6417270302772522,0.21539753022458286,3934.0,-184.5156250000008,2438.7187500000005,0.8680021099841452
11.25,2026-05-04T22:12:19.757812Z,2026-05-04T22:13:21.181875Z,0.89141446352005,0.3969584703445435,0.6029313206672668,-0.022050274384219474,3934.0,-73.96874999999842,2353.5624999999986,0.7452010695095744
11.2578125,2026-05-04T22:12:19.765625Z,2026-05-04T22:13:21.189687500Z,0.881791353225708,0.420902281999588,0.5613985061645508,-0.24189382997007106,3934.0,36.578125000003936,2268.406249999997,0.6224000290350037
11.265625,2026-05-04T22:12:19.773437Z,2026-05-04T22:13:21.197500Z,0.8755426406860352,0.4394614398479462,0.5161752700805664,-0.45326607743951036,3934.0,147.12500000000628,2183.249999999995,0.4995989885604329
11.2734375,2026-05-04T22:12:19.781250Z,2026-05-04T22:13:21.205312500Z,0.8702311515808105,0.4521859586238861,0.4652780294418335,-0.43282230505271224,3934.0,257.67187500000864,2098.093749999993,0.3767979480858621
11.28125,2026-05-04T22:12:19.789062Z,2026-05-04T22:13:21.213125Z,0.8670598864555359,0.4584240615367889,0.4057851135730743,-0.16746563681026563,3928.921874999999,342.1250000000037,1963.796874999983,0.26499303838287525
11.2890625,2026-05-04T22:12:19.796875Z,2026-05-04T22:13:21.220937500Z,0.8678566217422485,0.4570429921150208,0.3391266167163849,0.09427068564511384,3916.226562499999,387.4375000000027,1755.7890624999877,0.1696823248372582
11.296875,2026-05-04T22:12:19.804687Z,2026-05-04T22:13:21.228750Z,0.8734180331230164,0.4483841061592102,0.2670554518699646,0.3198689665964324,3903.5312499999995,432.7500000000016,1547.7812499999925,0.07437161129164113
11.3046875,2026-05-04T22:12:19.812500Z,2026-05-04T22:13:21.236562500Z,0.8805728554725647,0.4333319365978241,0.1905865520238876,0.5172283791608986,3890.8359375,478.06250000000057,1339.7734374999975,-0.020939102253975942
11.3125,2026-05-04T22:12:19.820312Z,2026-05-04T22:13:21.244375Z,0.8888680934906006,0.4133917093276978,0.1138562262058258,0.6604255235572264,3878.140625,523.3749999999995,1131.7656250000023,-0.11624981579959301
11.3203125,2026-05-04T22:12:19.828125Z,2026-05-04T22:13:21.252187500Z,0.9009281992912292,0.3898824155330658,0.0422310084104538,0.7048832368381553,3863.0937500000005,533.0312500000017,911.4531250000053,-0.14270277669554687
11.328125,2026-05-04T22:12:19.835937Z,2026-05-04T22:13:21.260000Z,0.914784848690033,0.3637195825576782,-0.0273644682019949,0.6746500761452358,3842.0,451.0,659.5,0.007907054936228577
11.3359375,2026-05-04T22:12:19.843750Z,2026-05-04T22:13:21.267812500Z,0.928797721862793,0.3360825777053833,-0.0942843779921531,0.5863945955811223,3820.9062499999995,368.96874999999824,407.5468749999946,0.15851688656800406
11.34375,2026-05-04T22:12:19.851562Z,2026-05-04T22:13:21.275625Z,0.9418732523918152,0.3082593381404877,-0.1603431850671768,0.45052766591942944,3799.812499999999,286.93749999999653,155.59374999998926,0.3091267181997795
11.3515625,2026-05-04T22:12:19.859375Z,2026-05-04T22:13:21.283437500Z,0.9559954404830932,0.281041294336319,-0.2271554470062256,0.2416989727168198,3778.7187499999986,204.90624999999477,-96.35937500001612,0.459736549831555
11.359375,2026-05-04T22:12:19.867187Z,2026-05-04T22:13:21.291250Z,0.967477560043335,0.2544129490852356,-0.2927529811859131,0.009452488813917555,3758.718749999999,118.53124999999146,-344.1562500000177,0.5648412429857406
11.3671875,2026-05-04T22:12:19.875000Z,2026-05-04T22:13:21.299062500Z,0.980537474155426,0.2320830076932907,-0.3543678820133209,-0.28630164899275684,3744.460937499999,9.351562499993982,-570.1328125000124,0.43104395913272586
11.375,2026-05-04T22:12:19.882812Z,2026-05-04T22:13:21.306875Z,0.9894576072692872,0.2141910940408707,-0.4114773869514465,-0.5570390503000318,3730.2031249999995,-99.82812500000351,-796.1093750000072,0.29724667527971116
11.3828125,2026-05-04T22:12:19.890625Z,2026-05-04T22:13:21.314687500Z,0.9959250688552856,0.2021338492631912,-0.4592377841472626,-0.30451458385752544,3715.9453125,-209.007812500001,-1022.0859375000019,0.16344939142669643
11.390625,2026-05-04T22:12:19.898437Z,2026-05-04T22:13:21.322500Z,1.000221133232117,0.196749210357666,-0.4976952075958252,-0.08954601037879112,3701.6875,-318.18749999999847,-1248.0624999999968,0.02965210757368169
11.3984375,2026-05-04T22:12:19.906250Z,2026-05-04T22:13:21.330312500Z,1.001127243041992,0.1975250989198685,-0.5275723338127136,0.06839564558226105,3687.5156250000005,-423.7421874999993,-1470.3671874999952,-0.09995321735986916
11.40625,2026-05-04T22:12:19.914062Z,2026-05-04T22:13:21.338125Z,1.000846028327942,0.2042597830295563,-0.5514218211174011,0.2013558293025936,3675.40625,-442.2968749999997,-1604.5468749999982,-0.128951528226191
11.4140625,2026-05-04T22:12:19.921875Z,2026-05-04T22:13:21.345937500Z,0.9976903200149536,0.2158980518579483,-0.5710887312889099,0.2988797322757012,3663.296875,-460.8515625000001,-1738.726562500001,-0.15794983909251284
11.421875,2026-05-04T22:12:19.929687Z,2026-05-04T22:13:21.353750Z,0.9912384748458862,0.2314157336950302,-0.587249755859375,0.3595109415681059,3651.1874999999995,-479.4062500000005,-1872.9062500000039,-0.18694814995883466
11.4296875,2026-05-04T22:12:19.937500Z,2026-05-04T22:13:21.361562500Z,0.9813029766082764,0.2523646056652069,-0.5986286401748657,0.3791138525288378,3639.0781249999995,-497.9609375000009,-2007.0859375000068,-0.2159464608251565
11.4375,2026-05-04T22:12:19.945312Z,2026-05-04T22:13:21.369375Z,0.9717267155647278,0.2774101793766022,-0.5994128584861755,0.35935537146511376,3626.968749999999,-516.5156250000014,-2141.2656250000095,-0.24494477169147835
11.4453125,2026-05-04T22:12:19.953125Z,2026-05-04T22:13:21.377187500Z,0.9585261940956116,0.3048609793186188,-0.5898792147636414,0.2594923732147045,3628.875,-435.7031249999954,-2153.9765625,-0.2542159839734274
11.453125,2026-05-04T22:12:19.960937Z,2026-05-04T22:13:21.385000Z,0.9454194307327272,0.3346239030361176,-0.5676289796829224,0.10594227568435442,3632.0,-346.24999999999744,-2156.125,-0.2617717963784762
11.4609375,2026-05-04T22:12:19.968750Z,2026-05-04T22:13:21.392812500Z,0.9325782060623168,0.3634712994098663,-0.5361372232437134,-0.08400320330889527,3635.125,-256.7968749999995,-2158.2734375,-0.26932760878352496
11.46875,2026-05-04T22:12:19.976562Z,2026-05-04T22:13:21.400625Z,0.9197682738304138,0.3900065422058105,-0.4995865225791931,-0.2897358077569829,3638.25,-167.34375000000156,-2160.421875,-0.27688342118857373
11.4765625,2026-05-04T22:12:19.984375Z,2026-05-04T22:13:21.408437500Z,0.9083173871040344,0.4130037724971771,-0.4596375823020935,-0.4927912918738121,3641.375,-77.89062500000362,-2162.5703125,-0.28443923359362255
11.484375,2026-05-04T22:12:19.992187Z,2026-05-04T22:13:21.416250Z,0.8998190760612488,0.4312991201877594,-0.4167208671569824,-0.4438863699405316,3654.1874999999995,18.43749999999721,-2068.000000000003,-0.29151889132128384
11.4921875,2026-05-04T22:12:20.000000Z,2026-05-04T22:13:21.424062500Z,0.8917112946510315,0.4430925846099854,-0.3695294260978699,-0.2323085226259827,3669.421875,116.4843749999993,-1949.250000000001,-0.2984795103795983
11.5,2026-05-04T22:12:20.007812Z,2026-05-04T22:13:21.431875Z,0.8871184587478638,0.4496099948883057,-0.3152492642402649,-0.026185859098676156,3684.65625,214.5312500000014,-1830.4999999999984,-0.3054401294379127
11.5078125,2026-05-04T22:12:20.015625Z,2026-05-04T22:13:21.439687500Z,0.8848220109939575,0.4508203864097595,-0.2544646859169006,0.17452369218927466,3699.8906250000005,312.57812500000347,-1711.7499999999957,-0.3124007484962272
11.515625,2026-05-04T22:12:20.023437Z,2026-05-04T22:13:21.447500Z,0.8832754492759705,0.4464909434318542,-0.1874986439943314,0.37328863543183394,3715.125000000001,410.62500000000557,-1592.9999999999932,-0.3193613675545416
11.5234375,2026-05-04T22:12:20.031250Z,2026-05-04T22:13:21.455312500Z,0.8861654996871948,0.4368544518947601,-0.1155966520309448,0.5122599949748787,3727.7031250000005,439.74218749999983,-1405.5859374999895,-0.22786852468885316
11.53125,2026-05-04T22:12:20.039062Z,2026-05-04T22:13:21.463125Z,0.8923205733299255,0.4219109117984772,-0.042787417769432,0.5852248948362868,3739.0312500000005,436.42187499999994,-1185.8593749999945,-0.09004464091776519
11.5390625,2026-05-04T22:12:20.046875Z,2026-05-04T22:13:21.470937500Z,0.8981631398200989,0.401706874370575,0.0271924808621406,0.6251522611038259,3750.359375,433.1015625,-966.1328124999997,0.04777924285332279
11.546875,2026-05-04T22:12:20.054687Z,2026-05-04T22:13:21.478750Z,0.9076456427574158,0.3767854869365692,0.0941739007830619,0.5892896349546071,3761.6874999999995,429.78125000000006,-746.4062500000048,0.18560312662441078
11.5546875,2026-05-04T22:12:20.062500Z,2026-05-04T22:13:21.486562500Z,0.9178467392921448,0.3480467200279236,0.1586335152387619,0.5076534247026454,3773.0156249999995,426.46093750000017,-526.6796875000098,0.32342701039549876
11.5625,2026-05-04T22:12:20.070312Z,2026-05-04T22:13:21.494375Z,0.928672730922699,0.3181130886077881,0.2211864143610001,0.3722154537986766,3783.1406249999995,368.5625000000043,-290.00000000001063,0.3532959061166786
11.5703125,2026-05-04T22:12:20.078125Z,2026-05-04T22:13:21.502187500Z,0.9393893480300904,0.2899639904499054,0.284031480550766,0.17796496618905241,3792.3203125,267.78125000000216,-40.00000000000531,0.29834302551291175
11.578125,2026-05-04T22:12:20.085937Z,2026-05-04T22:13:21.510000Z,0.949809193611145,0.2646701335906982,0.3477837443351746,-0.0750090952955916,3801.5,167.0,210.00000000000003,0.24339014490914496
11.5859375,2026-05-04T22:12:20.093750Z,2026-05-04T22:13:21.517812500Z,0.959166705608368,0.2424643337726593,0.4093217849731445,-0.36109584199860334,3810.6796875,66.21874999999785,460.0000000000054,0.18843726430537816
11.59375,2026-05-04T22:12:20.101562Z,2026-05-04T22:13:21.525625Z,0.967961847782135,0.2237034440040588,0.4670463502407074,-0.45456137500308064,3819.8593750000005,-34.562500000004285,710.0000000000107,0.13348438370161134
11.6015625,2026-05-04T22:12:20.109375Z,2026-05-04T22:13:21.533437500Z,0.9743512272834778,0.2090547382831573,0.5176360607147217,-0.17028842224587462,3829.4687500000005,-124.85937500000341,938.3437500000089,0.0973582690394303
11.609375,2026-05-04T22:12:20.117187Z,2026-05-04T22:13:21.541250Z,0.9778192639350892,0.199464812874794,0.5594764351844788,0.06580974537415919,3839.625,-201.81250000000165,1139.1250000000043,0.0851934928483531
11.6171875,2026-05-04T22:12:20.125000Z,2026-05-04T22:13:21.549062500Z,0.9782410860061646,0.1961129903793335,0.5927979946136475,0.24658448167569702,3849.78125,-278.7656249999999,1339.9062499999995,0.07302871665727591
11.625,2026-05-04T22:12:20.132812Z,2026-05-04T22:13:21.556875Z,0.9772568941116332,0.1990458369255066,0.6203532218933105,0.3997601004342646,3859.9374999999995,-355.71874999999807,1540.687499999995,0.0608639404661987
11.6328125,2026-05-04T22:12:20.140625Z,2026-05-04T22:13:21.564687500Z,0.9733670353889464,0.2079840302467346,0.6428033709526062,0.5120252318097559,3870.0937499999995,-432.6718749999963,1741.4687499999905,0.048699164275121505
11.640625,2026-05-04T22:12:20.148437Z,2026-05-04T22:13:21.572500Z,0.9665871262550354,0.2225706577301025,0.6614554524421692,0.5919785762098435,3880.2499999999995,-475.06250000000176,1907.2499999999948,0.08903814236143148
11.6484375,2026-05-04T22:12:20.156250Z,2026-05-04T22:13:21.580312500Z,0.9589792490005492,0.2430384904146194,0.6753560900688171,0.6556740691460682,3890.4062499999995,-444.0078125000011,1998.6562499999968,0.24094759828722184
11.65625,2026-05-04T22:12:20.164062Z,2026-05-04T22:13:21.588125Z,0.9488093852996826,0.2675874531269073,0.6812300682067871,0.6616004196163344,3900.5625,-412.95312500000045,2090.0624999999986,0.3928570542130122
11.6640625,2026-05-04T22:12:20.171875Z,2026-05-04T22:13:21.595937500Z,0.937952160835266,0.2945416867733002,0.6792310476303101,0.6258421970040592,3910.71875,-381.8984374999998,2181.4687500000005,0.5447665101388026
11.671875,2026-05-04T22:12:20.179687Z,2026-05-04T22:13:21.603750Z,0.9268137216567992,0.3221321702003479,0.6676369309425354,0.5364956029012433,3920.8750000000005,-350.84374999999915,2272.8750000000027,0.6966759660645929
11.6796875,2026-05-04T22:12:20.187500Z,2026-05-04T22:13:21.611562500Z,0.9139256477355956,0.3496760725975037,0.6445870995521545,0.36760611675287874,3929.5078125,-304.5156249999956,2335.2578124999977,0.8032959627963209
11.6875,2026-05-04T22:12:20.195312Z,2026-05-04T22:13:21.619375Z,0.9018186926841736,0.3757458031177521,0.6122804284095764,0.15677395535207717,3932.046875,-197.0937499999981,2281.546874999999,0.7287581227518505
11.6953125,2026-05-04T22:12:20.203125Z,2026-05-04T22:13:21.627187500Z,0.8930079340934753,0.3996740579605103,0.5758219361305237,-0.0386015024739007,3934.5859375,-89.67187500000058,2227.8359375000005,0.6542202827073801
11.703125,2026-05-04T22:12:20.210937Z,2026-05-04T22:13:21.635000Z,0.8836659789085388,0.4201263785362244,0.5362113118171692,-0.25291679639472076,3937.125,17.749999999996927,2174.1250000000014,0.5796824426629097
11.7109375,2026-05-04T22:12:20.218750Z,2026-05-04T22:13:21.642812500Z,0.8772610425949097,0.4373199939727783,0.493386834859848,-0.4520283739868789,3939.6640625,125.17187499999444,2120.4140625000027,0.5051446026184393
11.71875,2026-05-04T22:12:20.226562Z,2026-05-04T22:13:21.650625Z,0.8726056814193726,0.4500134587287903,0.4451651573181152,-0.46122821631311794,3941.5156250000005,229.15624999999542,2057.0000000000123,0.42085817546816284
11.7265625,2026-05-04T22:12:20.234375Z,2026-05-04T22:13:21.658437500Z,0.8702311515808105,0.4548704922199249,0.3902237713336945,-0.2258801996387274,3935.4609375000005,293.6093749999968,1882.0000000000086,0.22446299660100574
11.734375,2026-05-04T22:12:20.242187Z,2026-05-04T22:13:21.666250Z,0.8719651699066162,0.4527445733547211,0.3287472426891327,0.0017694345771410642,3929.40625,358.0624999999982,1707.000000000005,0.02806781773384861
11.7421875,2026-05-04T22:12:20.250000Z,2026-05-04T22:13:21.674062500Z,0.8771829009056091,0.4430925846099854,0.2600589990615845,0.21833319669487133,3923.3515625,422.51562499999955,1532.0000000000014,-0.1683273611333085
11.75,2026-05-04T22:12:20.257812Z,2026-05-04T22:13:21.681875Z,0.8837597370147705,0.4269697070121765,0.1884184181690216,0.4101976399475318,3917.296875,486.9687500000009,1356.9999999999975,-0.36472254000046567
11.7578125,2026-05-04T22:12:20.265625Z,2026-05-04T22:13:21.689687500Z,0.8934765458106995,0.4068587720394135,0.1169469654560089,0.5284960981611998,3911.2421875,551.4218750000023,1181.9999999999939,-0.5611177188676227
11.765625,2026-05-04T22:12:20.273437Z,2026-05-04T22:13:21.697500Z,0.9045212864875792,0.3836753368377686,0.0477051548659801,0.5816311446155663,3889.4374999999995,493.8124999999991,952.9999999999967,-0.38750141488706724
11.7734375,2026-05-04T22:12:20.281250Z,2026-05-04T22:13:21.705312500Z,0.9174405932426452,0.3587694466114044,-0.0177385825663805,0.5593809433126768,3866.9765625,431.11718750000057,721.750000000002,-0.1984679657878716
11.78125,2026-05-04T22:12:20.289062Z,2026-05-04T22:13:21.713125Z,0.9312503337860109,0.332358330488205,-0.0815216228365898,0.4769601322903679,3844.515625000001,368.421875000002,490.5000000000074,-0.009434516688675988
11.7890625,2026-05-04T22:12:20.296875Z,2026-05-04T22:13:21.720937500Z,0.9438884854316713,0.3046437203884125,-0.1450893878936768,0.3578118527987402,3822.0546875000014,305.72656250000347,259.25000000001273,0.17959893241051963
11.796875,2026-05-04T22:12:20.304687Z,2026-05-04T22:13:21.728750Z,0.9577451348304749,0.2780774235725403,-0.2075192630290985,0.16989293970231817,3799.593750000002,243.03125000000492,28.00000000001809,0.3686323815097152
11.8046875,2026-05-04T22:12:20.312500Z,2026-05-04T22:13:21.736562500Z,0.9694927930831908,0.2531249821186066,-0.2697800099849701,-0.04821003087152114,3779.1015625000014,141.289062500007,-195.7031249999858,0.35746327404297984
11.8125,2026-05-04T22:12:20.320312Z,2026-05-04T22:13:21.744375Z,0.9808655381202698,0.2331537157297134,-0.3276429772377014,-0.30508563946296563,3758.984375000001,32.10937500000465,-417.96874999999056,0.30816034627794875
11.8203125,2026-05-04T22:12:20.328125Z,2026-05-04T22:13:21.752187500Z,0.9886608719825744,0.2178687900304794,-0.380431592464447,-0.5481636543927194,3738.8671875000005,-77.07031249999768,-640.2343749999953,0.25885741851291766
11.828125,2026-05-04T22:12:20.335937Z,2026-05-04T22:13:21.760000Z,0.9938942193984984,0.2067270874977112,-0.4263313710689545,-0.3554812237440923,3718.75,-186.25,-862.5,0.20955449074788654
11.8359375,2026-05-04T22:12:20.343750Z,2026-05-04T22:13:21.767812500Z,0.9978153109550476,0.2014976292848587,-0.4636355340480804,-0.1591896676291291,3698.6328124999995,-295.42968750000233,-1084.7656250000048,0.16025156298285545
11.84375,2026-05-04T22:12:20.351562Z,2026-05-04T22:13:21.775625Z,0.9989400506019592,0.2023666203022003,-0.4946967363357544,0.0006083045356469242,3686.109375,-354.1250000000004,-1255.2812500000016,0.06333013137598435
11.8515625,2026-05-04T22:12:20.359375Z,2026-05-04T22:13:21.783437500Z,0.998018443584442,0.2097220122814178,-0.5189305543899536,0.1255911122100463,3676.5390625,-393.1874999999995,-1405.6718749999982,-0.05210960728048867
11.859375,2026-05-04T22:12:20.367187Z,2026-05-04T22:13:21.791250Z,0.9945034980773926,0.2225396186113358,-0.5371059775352478,0.21031781880265152,3666.9687500000005,-432.24999999999864,-1556.0624999999948,-0.1675493459369617
11.8671875,2026-05-04T22:12:20.375000Z,2026-05-04T22:13:21.799062500Z,0.9883328080177308,0.2394228726625443,-0.550529956817627,0.25843531903708605,3657.3984375000005,-471.3124999999977,-1706.4531249999911,-0.28298908459343475
11.875,2026-05-04T22:12:20.382812Z,2026-05-04T22:13:21.806875Z,0.9779130220413208,0.2601855397224426,-0.5601711869239807,0.26047824603637004,3647.828125000001,-510.3749999999968,-1856.8437499999877,-0.39842882324990775
11.8828125,2026-05-04T22:12:20.390625Z,2026-05-04T22:13:21.814687500Z,0.9669464230537416,0.284563809633255,-0.5619856715202332,0.23185702272131625,3645.2890625,-483.46093750000557,-1939.617187499997,-0.4178269659241491
11.890625,2026-05-04T22:12:20.398437Z,2026-05-04T22:13:21.822500Z,0.9551674723625184,0.3108197748661041,-0.5537283420562744,0.15327830484399024,3647.4375,-412.56250000000404,-1977.312499999998,-0.37319737794354507
11.8984375,2026-05-04T22:12:20.406250Z,2026-05-04T22:13:21.830312500Z,0.9438260197639464,0.3383326232433319,-0.5347687005996704,0.0346592019953519,3649.5859375,-341.66406250000256,-2015.0078124999986,-0.3285677899629411
11.90625,2026-05-04T22:12:20.414062Z,2026-05-04T22:13:21.838125Z,0.9327656626701356,0.3670403659343719,-0.5063677430152893,-0.11317220789052847,3651.734375,-270.765625000001,-2052.7031249999995,-0.28393820198233716
11.9140625,2026-05-04T22:12:20.421875Z,2026-05-04T22:13:21.845937500Z,0.9186590909957886,0.393125593662262,-0.4727540016174316,-0.31010991350297445,3653.8828125,-199.86718749999952,-2090.3984375000005,-0.23930861400173314
11.921875,2026-05-04T22:12:20.429687Z,2026-05-04T22:13:21.853750Z,0.9075362682342528,0.4142917394638062,-0.4347732663154602,-0.5002611997709362,3659.78125,-112.65624999999925,-2066.7812499999995,-0.2404500402647316
11.9296875,2026-05-04T22:12:20.437500Z,2026-05-04T22:13:21.861562500Z,0.8991629481315613,0.4303059875965118,-0.3923793733119965,-0.4371385043258289,3669.7421875,-7.773437500001668,-1976.7421875000014,-0.29117673195829574
11.9375,2026-05-04T22:12:20.445312Z,2026-05-04T22:13:21.869375Z,0.8933516144752502,0.441230446100235,-0.347848117351532,-0.26362808747414146,3679.7031249999995,97.10937499999592,-1886.7031250000034,-0.3419034236518599
11.9453125,2026-05-04T22:12:20.453125Z,2026-05-04T22:13:21.877187500Z,0.8882744908332825,0.4465064704418182,-0.2985192835330963,-0.07297273456257139,3689.6640624999995,201.9921874999935,-1796.6640625000057,-0.39263011534542397
11.953125,2026-05-04T22:12:20.460937Z,2026-05-04T22:13:21.885000Z,0.8877120614051819,0.4471426904201508,-0.2408562004566193,0.09490239169465912,3699.624999999999,306.8749999999911,-1706.6250000000077,-0.4433568070389881
11.9609375,2026-05-04T22:12:20.468750Z,2026-05-04T22:13:21.892812500Z,0.8871653079986572,0.4419597983360291,-0.1786877363920212,0.26861852344780607,3710.429687499999,379.41406249999864,-1579.6718750000177,-0.4284196959614063
11.96875,2026-05-04T22:12:20.476562Z,2026-05-04T22:13:21.900625Z,0.8899772763252258,0.4312215447425842,-0.1108452081680298,0.40197342524530416,3722.734374999999,394.4531249999989,-1387.0937500000136,-0.2967469355128476
11.9765625,2026-05-04T22:12:20.484375Z,2026-05-04T22:13:21.908437500Z,0.894741952419281,0.4157348871231079,-0.0429719388484954,0.48566285444586177,3735.0390624999995,409.49218749999926,-1194.5156250000095,-0.16507417506428892
11.984375,2026-05-04T22:12:20.492187Z,2026-05-04T22:13:21.916250Z,0.902568519115448,0.3950963616371155,0.0228562168776989,0.5060199637000519,3747.3437499999995,424.53124999999955,-1001.9375000000056,-0.03340141461573027
11.9921875,2026-05-04T22:12:20.500000Z,2026-05-04T22:13:21.924062500Z,0.9119260311126708,0.370562881231308,0.0870236754417419,0.47382228784026853,3759.6484375,439.5703124999999,-809.3593750000015,0.09827134583282839
12.0,2026-05-04T22:12:20.507812Z,2026-05-04T22:13:21.931875Z,0.9221115112304688,0.343158632516861,0.1488692313432693,0.39408269504227533,3771.25,430.3749999999997,-606.4218749999992,0.19823784027942126
12.0078125,2026-05-04T22:12:20.515625Z,2026-05-04T22:13:21.939687500Z,0.9315940141677856,0.3152578175067902,0.2081930041313171,0.2782150732661684,3780.625,344.4375000000017,-370.6796875000046,0.19780115905312715
12.015625,2026-05-04T22:12:20.523437Z,2026-05-04T22:13:21.947500Z,0.9412639737129213,0.2879156470298767,0.268024206161499,0.1095012277465448,3789.9999999999995,258.5000000000037,-134.9375000000101,0.19736447782683306
12.0234375,2026-05-04T22:12:20.531250Z,2026-05-04T22:13:21.955312500Z,0.9517775177955629,0.2631649374961853,0.3283628225326538,-0.1242659185452,3799.3749999999995,172.56250000000566,100.80468749998447,0.19692779660053894
12.03125,2026-05-04T22:12:20.539062Z,2026-05-04T22:13:21.963125Z,0.9612131714820862,0.2418436259031296,0.3853800892829895,-0.3837967856471413,3808.749999999999,86.62500000000766,336.546874999979,0.19649111537424485
12.0390625,2026-05-04T22:12:20.546875Z,2026-05-04T22:13:21.970937500Z,0.969024121761322,0.2247276157140732,0.4390759170055389,-0.46899315359952054,3818.3124999999986,0.8281250000090347,569.0078124999778,0.1863965182174527
12.046875,2026-05-04T22:12:20.554687Z,2026-05-04T22:13:21.978750Z,0.9746479988098145,0.2117548286914825,0.4866210520267487,-0.21593393770311195,3829.249999999999,-83.93749999999277,777.4062499999823,0.10547720423693492
12.0546875,2026-05-04T22:12:20.562500Z,2026-05-04T22:13:21.986562500Z,0.9771787524223328,0.2039028704166412,0.5273388624191284,-0.0014813509779981152,3840.187499999999,-168.70312499999457,985.8046874999867,0.024557890256417154
12.0625,2026-05-04T22:12:20.570312Z,2026-05-04T22:13:21.994375Z,0.9769444465637208,0.2016062587499619,0.560937225818634,0.16922786312486068,3851.1249999999995,-253.4687499999964,1194.2031249999911,-0.056361423724100614
12.0703125,2026-05-04T22:12:20.578125Z,2026-05-04T22:13:22.002187500Z,0.9750229716300964,0.2052684277296066,0.5886923670768738,0.3105293882700929,3862.0624999999995,-338.2343749999982,1402.6015624999955,-0.13728073770461838
12.078125,2026-05-04T22:12:20.585937Z,2026-05-04T22:13:22.010000Z,0.9716174006462096,0.2149980217218399,0.6100661158561707,0.41890783431914197,3873.0,-423.0,1611.0,-0.21820005168513612
12.0859375,2026-05-04T22:12:20.593750Z,2026-05-04T22:13:22.017812500Z,0.9656029343605042,0.2304070889949799,0.6272727847099304,0.4959543707545716,3882.765625,-413.82031249999983,1724.2812500000025,-0.041628758998795645
12.09375,2026-05-04T22:12:20.601562Z,2026-05-04T22:13:22.025625Z,0.9570733904838562,0.2505955994129181,0.6390053033828735,0.5338265022008297,3892.5312500000005,-404.6406249999996,1837.5625000000048,0.13494253368754483
12.1015625,2026-05-04T22:12:20.609375Z,2026-05-04T22:13:22.033437500Z,0.9468879103660583,0.2744307816028595,0.6455097198486328,0.5414099627971759,3902.2968750000005,-395.46093749999943,1950.8437500000073,0.3115138263738853
12.109375,2026-05-04T22:12:20.617187Z,2026-05-04T22:13:22.041250Z,0.9354682564735411,0.3004849851131439,0.643895149230957,0.5014697981324813,3912.062500000001,-386.2812499999992,2064.1250000000095,0.4880851190602258
12.1171875,2026-05-04T22:12:20.625000Z,2026-05-04T22:13:22.049062500Z,0.924626648426056,0.3274081647396088,0.6339463591575623,0.42702492524260577,3921.828125000001,-377.10156249999903,2177.4062500000123,0.6646564117465663
12.125,2026-05-04T22:12:20.632812Z,2026-05-04T22:13:22.056875Z,0.9135663509368896,0.3539279103279114,0.6132491230964661,0.29257207349312897,3926.7812500000005,-289.37499999999125,2170.3749999999977,0.6593272675926966
12.1328125,2026-05-04T22:12:20.640625Z,2026-05-04T22:13:22.064687500Z,0.9031621813774108,0.3788027763366699,0.5836641192436218,0.11722706239755738,3931.0781250000005,-190.93749999999352,2146.9374999999986,0.6291935184151874
12.140625,2026-05-04T22:12:20.648437Z,2026-05-04T22:13:22.072500Z,0.8935546875,0.4012103080749512,0.5493584871292114,-0.07206358604139154,3935.375,-92.49999999999581,2123.499999999999,0.5990597692376783
12.1484375,2026-05-04T22:12:20.656250Z,2026-05-04T22:13:22.080312500Z,0.8855093717575073,0.4203436374664307,0.5122849345207214,-0.2587651042228572,3939.671875,5.937500000001921,2100.0624999999995,0.5689260200601692
12.15625,2026-05-04T22:12:20.664062Z,2026-05-04T22:13:22.088125Z,0.8780890107154846,0.4357527196407318,0.4713672399520874,-0.45932929893377966,3943.96875,104.37499999999964,2076.625,0.5387922708826601
12.1640625,2026-05-04T22:12:20.671875Z,2026-05-04T22:13:22.095937500Z,0.8744334578514099,0.4464288949966431,0.4264054298400879,-0.4765066307063231,3937.7265625,183.5156250000005,1962.343749999999,0.39435908157895616
12.171875,2026-05-04T22:12:20.679687Z,2026-05-04T22:13:22.103750Z,0.8739335536956787,0.4505100250244141,0.3745086789131165,-0.27636464138593586,3928.1562499999995,256.5625000000021,1819.374999999996,0.21383133223539932
12.1796875,2026-05-04T22:12:20.687500Z,2026-05-04T22:13:22.111562500Z,0.8762143850326538,0.446987509727478,0.3155385553836823,-0.06472034272273397,3918.5859374999995,329.60937500000364,1676.406249999993,0.03330358289184248
12.1875,2026-05-04T22:12:20.695312Z,2026-05-04T22:13:22.119375Z,0.8809321522712708,0.4368544518947601,0.2515248656272888,0.13631806491215223,3909.0156249999995,402.65625000000523,1533.4374999999898,-0.14722416645171435
12.1953125,2026-05-04T22:12:20.703125Z,2026-05-04T22:13:22.127187500Z,0.8875715136528015,0.4213057458400726,0.1848048716783524,0.30652387451469715,3899.445312499999,475.70312500000676,1390.4687499999868,-0.3277519157952712
12.203125,2026-05-04T22:12:20.710937Z,2026-05-04T22:13:22.135000Z,0.8967102766036987,0.4016137719154358,0.1180079653859138,0.41815641204144866,3883.499999999998,478.4999999999969,1204.874999999982,-0.310793540511329
12.2109375,2026-05-04T22:12:20.718750Z,2026-05-04T22:13:22.142812500Z,0.908020555973053,0.3792683184146881,0.053732868283987,0.4607339621564058,3863.9687499999986,441.7812499999977,995.3046874999869,-0.18274922012446682
12.21875,2026-05-04T22:12:20.726562Z,2026-05-04T22:13:22.150625Z,0.9199869632720948,0.3542382717132568,-0.0093735922127962,0.4532118517843823,3844.437499999999,405.0624999999986,785.7343749999918,-0.05470489973760461
12.2265625,2026-05-04T22:12:20.734375Z,2026-05-04T22:13:22.158437500Z,0.933890461921692,0.3278116285800934,-0.0715574398636817,0.3756337352548925,3824.9062499999995,368.34374999999943,576.1640624999966,0.0733394206492576
12.234375,2026-05-04T22:12:20.742187Z,2026-05-04T22:13:22.166250Z,0.9462317824363708,0.3014315664768219,-0.1327879279851913,0.26374587986420345,3805.375,331.6250000000002,366.5937500000015,0.20138374103611978
12.2421875,2026-05-04T22:12:20.750000Z,2026-05-04T22:13:22.174062500Z,0.9584012627601624,0.2760756313800812,-0.1924346089363098,0.10385100856053654,3787.3671875,259.15625000000074,151.33593750000156,0.2613788893119603
12.25,2026-05-04T22:12:20.757812Z,2026-05-04T22:13:22.181875Z,0.9705082178115844,0.2536370754241943,-0.248882919549942,-0.10025714431613857,3770.7656249999995,153.6874999999985,-69.17187500000311,0.25855941717762215
12.2578125,2026-05-04T22:12:20.765625Z,2026-05-04T22:13:22.189687500Z,0.9802094101905824,0.2343796193599701,-0.3018406629562378,-0.31188484195899197,3754.1640624999995,48.21874999999626,-289.6796875000078,0.25573994504328407
12.265625,2026-05-04T22:12:20.773437Z,2026-05-04T22:13:22.197500Z,0.9872549176216124,0.2202585190534592,-0.3521074950695038,-0.5274099136635093,3737.562499999999,-57.25000000000598,-510.1875000000125,0.2529204729089459
12.2734375,2026-05-04T22:12:20.781250Z,2026-05-04T22:13:22.205312500Z,0.9921289682388306,0.2108237594366074,-0.3960236608982086,-0.39583251256967017,3720.9609374999986,-162.71875000000824,-730.6953125000172,0.2501010007746078
12.28125,2026-05-04T22:12:20.789062Z,2026-05-04T22:13:22.213125Z,0.9956282377243042,0.206758126616478,-0.4331586956977844,-0.21104096325282237,3706.234374999999,-249.28125000000475,-928.8593750000134,0.1881591565609146
12.2890625,2026-05-04T22:12:20.796875Z,2026-05-04T22:13:22.220937500Z,0.9978309273719788,0.2084185183048248,-0.4634817838668823,-0.04821763674695446,3694.320312499999,-307.4843750000034,-1093.5078125000095,0.0375337542282223
12.296875,2026-05-04T22:12:20.804687Z,2026-05-04T22:13:22.228750Z,0.99584698677063,0.2161773592233658,-0.4871928095817566,0.058872240972958054,3682.4062499999995,-365.68750000000205,-1258.156250000006,-0.11309164810446999
12.3046875,2026-05-04T22:12:20.812500Z,2026-05-04T22:13:22.236562500Z,0.99039489030838,0.2289794683456421,-0.5051836967468262,0.11913642516963213,3670.4921875,-423.89062500000074,-1422.804687500002,-0.26371705043716226
12.3125,2026-05-04T22:12:20.820312Z,2026-05-04T22:13:22.244375Z,0.9837243556976318,0.2463748008012772,-0.5178388357162476,0.15729745688353958,3658.578125,-482.0937499999994,-1587.4531249999982,-0.41434245276985454
12.3203125,2026-05-04T22:12:20.828125Z,2026-05-04T22:13:22.252187500Z,0.9749135971069336,0.2667960524559021,-0.5253580808639526,0.1619866238127699,3650.2734375,-508.5234375000012,-1722.7890624999986,-0.5081881828462919
12.328125,2026-05-04T22:12:20.835937Z,2026-05-04T22:13:22.260000Z,0.964759349822998,0.2910036742687225,-0.526296079158783,0.13678730065117553,3651.25,-453.25,-1782.75,-0.4560290414066253
12.3359375,2026-05-04T22:12:20.843750Z,2026-05-04T22:13:22.267812500Z,0.9531991481781006,0.3171199560165405,-0.5193765163421631,0.07047215512777819,3652.2265625,-397.9765624999988,-1842.7109375000014,-0.40386989996695877
12.34375,2026-05-04T22:12:20.851562Z,2026-05-04T22:13:22.275625Z,0.9418107867240906,0.3431276082992554,-0.5018776655197144,-0.04009252844365522,3653.203125,-342.7031249999976,-1902.6718750000025,-0.35171075852729217
12.3515625,2026-05-04T22:12:20.859375Z,2026-05-04T22:13:22.283437500Z,0.9300162196159364,0.3694455921649933,-0.4765366911888123,-0.1806748596923635,3654.1796875,-287.4296874999965,-1962.6328125000039,-0.2995516170876256
12.359375,2026-05-04T22:12:20.867187Z,2026-05-04T22:13:22.291250Z,0.9177217483520508,0.3935911357402802,-0.44610595703125,-0.34428813029896543,3656.0937500000005,-224.68749999999204,-2003.6249999999955,-0.26525638026038967
12.3671875,2026-05-04T22:12:20.875000Z,2026-05-04T22:13:22.299062500Z,0.9082393050193788,0.4140900075435638,-0.410354882478714,-0.5032146690434092,3662.9296875000005,-122.73437499999439,-1945.0312499999968,-0.32474664264835723
12.375,2026-05-04T22:12:20.882812Z,2026-05-04T22:13:22.306875Z,0.9004439115524292,0.4293439090251923,-0.3713900148868561,-0.45875331768025585,3669.765625,-20.78124999999675,-1886.4374999999982,-0.38423690503632485
12.3828125,2026-05-04T22:12:20.890625Z,2026-05-04T22:13:22.314687500Z,0.8950856328010559,0.4388872683048248,-0.3278121054172516,-0.2937696060853965,3676.6015625,81.1718750000009,-1827.8437499999995,-0.4437271674242924
12.390625,2026-05-04T22:12:20.898437Z,2026-05-04T22:13:22.322500Z,0.8912113904953003,0.4437443315982819,-0.2799133360385895,-0.12620230832250112,3683.4375,183.12499999999852,-1769.250000000001,-0.50321742981226
12.3984375,2026-05-04T22:12:20.906250Z,2026-05-04T22:13:22.330312500Z,0.8886962532997131,0.443464994430542,-0.2265557646751404,0.0453862065813629,3690.4999999999995,282.42968749999875,-1706.234375000006,-0.5556942149527729
12.40625,2026-05-04T22:12:20.914062Z,2026-05-04T22:13:22.338125Z,0.8901803493499756,0.4374441504478455,-0.1670936048030853,0.18782602082563205,3703.0,318.1718749999995,-1537.0937500000025,-0.43984754615421506
12.4140625,2026-05-04T22:12:20.921875Z,2026-05-04T22:13:22.345937500Z,0.892601728439331,0.4263955354690552,-0.1053095608949661,0.3105999480238209,3715.5,353.9140625000002,-1367.9531249999989,-0.32400087735565714
12.421875,2026-05-04T22:12:20.929687Z,2026-05-04T22:13:22.353750Z,0.8983505964279175,0.4104123115539551,-0.0415572673082351,0.37937403423019056,3728.0000000000005,389.656250000001,-1198.8124999999952,-0.20815420855709924
12.4296875,2026-05-04T22:12:20.937500Z,2026-05-04T22:13:22.361562500Z,0.9053491950035096,0.39033243060112,0.0204881876707077,0.4048461098981264,3740.5000000000005,425.39843750000176,-1029.6718749999916,-0.09230753975854135
12.4375,2026-05-04T22:12:20.945312Z,2026-05-04T22:13:22.369375Z,0.9143317937850952,0.3665127754211426,0.0813957601785659,0.37719110849756565,3753.000000000001,461.14062500000256,-860.531249999988,0.02353912904001656
12.4453125,2026-05-04T22:12:20.953125Z,2026-05-04T22:13:22.377187500Z,0.924157977104187,0.3400395810604095,0.1405657529830933,0.3044732532929798,3764.7812500000005,401.1093749999965,-647.0078124999889,0.06146753790260964
12.453125,2026-05-04T22:12:20.960937Z,2026-05-04T22:13:22.385000Z,0.9344528317451476,0.3130077421665192,0.1986901313066483,0.1831972663301985,3776.5000000000005,332.74999999999807,-429.62499999999386,0.09262044590121252
12.4609375,2026-05-04T22:12:20.968750Z,2026-05-04T22:13:22.392812500Z,0.9440759420394896,0.287775993347168,0.2555997371673584,0.02136493567047831,3788.21875,264.39062499999966,-212.24218749999886,0.1237733538998154
12.46875,2026-05-04T22:12:20.976562Z,2026-05-04T22:13:22.400625Z,0.9525117874145508,0.2640339136123657,0.3108486533164978,-0.16714443514432273,3799.9375,196.03125000000122,5.1406249999960965,0.15492626189841827
12.4765625,2026-05-04T22:12:20.984375Z,2026-05-04T22:13:22.408437500Z,0.961181938648224,0.2431781440973282,0.3644983470439911,-0.39657262835105905,3811.6562499999995,127.67187500000279,222.52343749999108,0.18607916989702117
12.484375,2026-05-04T22:12:20.992187Z,2026-05-04T22:13:22.416250Z,0.969633400440216,0.2268380224704742,0.4148574471473694,-0.47232736900066213,3820.8749999999995,38.84375000000267,431.15624999999415,0.08453703758036894
12.4921875,2026-05-04T22:12:21.000000Z,2026-05-04T22:13:22.424062500Z,0.9741168618202208,0.2151997536420822,0.4587736427783966,-0.2557263766925191,3829.46875,-55.10156249999933,637.6015624999985,-0.050178854815106456
12.5,2026-05-04T22:12:21.007812Z,2026-05-04T22:13:22.431875Z,0.9752572774887084,0.2081857472658157,0.4975539743900299,-0.07299117508797788,3838.0625,-149.04687500000134,844.046875000003,-0.18489474721058186
12.5078125,2026-05-04T22:12:21.015625Z,2026-05-04T22:13:22.439687500Z,0.9774287343025208,0.2071926146745682,0.5318442583084106,0.1226612933354329,3846.6562500000005,-242.99218750000335,1050.4921875000073,-0.3196106396060573
12.515625,2026-05-04T22:12:21.023437Z,2026-05-04T22:13:22.447500Z,0.9741793870925904,0.2117393016815186,0.5584615468978882,0.2403889467484565,3855.2500000000005,-336.93750000000534,1256.9375000000118,-0.45432653200153267
12.5234375,2026-05-04T22:12:21.031250Z,2026-05-04T22:13:22.455312500Z,0.9685554504394532,0.2216240763664246,0.5798660516738892,0.3234100826238226,3863.9765625000005,-373.24218750000045,1411.0546875000061,-0.3732384704388084
12.53125,2026-05-04T22:12:21.039062Z,2026-05-04T22:13:22.463125Z,0.9628066420555116,0.2372814267873764,0.5961347222328186,0.3956841692137983,3872.765625,-382.4218750000002,1540.5468750000032,-0.1905956070134316
12.5390625,2026-05-04T22:12:21.046875Z,2026-05-04T22:13:22.470937500Z,0.9561360478401184,0.2564457654953003,0.6069907546043396,0.4424201093363263,3881.5546875,-391.6015625,1670.0390625000002,-0.007952743588054763
12.546875,2026-05-04T22:12:21.054687Z,2026-05-04T22:13:22.478750Z,0.945638120174408,0.2794584929943085,0.6119574904441833,0.4341847430726167,3890.34375,-400.78124999999983,1799.5312499999973,0.17469011983732208
12.5546875,2026-05-04T22:12:21.062500Z,2026-05-04T22:13:22.486562500Z,0.9355307817459106,0.30492302775383,0.6094971895217896,0.4005671118122874,3899.1328124999995,-409.9609374999996,1929.0234374999943,0.3573329832626989
12.5625,2026-05-04T22:12:21.070312Z,2026-05-04T22:13:22.494375Z,0.924407958984375,0.3306048214435577,0.6001173257827759,0.32554148184154275,3905.515625,-367.4062500000035,1990.3749999999998,0.4444086215976686
12.5703125,2026-05-04T22:12:21.078125Z,2026-05-04T22:13:22.502187500Z,0.9134569764137268,0.3560072779655457,0.5827261805534363,0.21332896559636488,3910.0078125,-284.20312500000176,1998.1874999999998,0.456395725933016
12.578125,2026-05-04T22:12:21.085937Z,2026-05-04T22:13:22.510000Z,0.9030215740203856,0.3800286650657654,0.5578003525733948,0.06817587219775229,3914.5,-201.0,2006.0,0.4683828302683635
12.5859375,2026-05-04T22:12:21.093750Z,2026-05-04T22:13:22.517812500Z,0.8934921622276306,0.4019086062908173,0.5259549021720886,-0.10268783626746493,3918.9921875,-117.79687499999822,2013.8125000000002,0.48036993460371097
12.59375,2026-05-04T22:12:21.101562Z,2026-05-04T22:13:22.525625Z,0.8873371481895447,0.4201263785362244,0.4899885654449463,-0.2633604902892837,3923.484375,-34.59374999999644,2021.6250000000002,0.4923570389390584
12.6015625,2026-05-04T22:12:21.109375Z,2026-05-04T22:13:22.533437500Z,0.8812445998191833,0.4336267709732056,0.4502087533473969,-0.44821030455784566,3925.140625,49.38281250000377,1978.7343749999952,0.44611601327720274
12.609375,2026-05-04T22:12:21.117187Z,2026-05-04T22:13:22.541250Z,0.8781827092170715,0.4424097836017609,0.4058927595615387,-0.49395709443187985,3923.1875,134.34375000000182,1871.3124999999977,0.325766458528014
12.6171875,2026-05-04T22:12:21.125000Z,2026-05-04T22:13:22.549062500Z,0.8758394122123718,0.4456685185432434,0.3566715717315674,-0.2906518105272544,3921.234375,219.30468749999986,1763.8906250000002,0.20541690377882524
12.625,2026-05-04T22:12:21.132812Z,2026-05-04T22:13:22.556875Z,0.8787763714790344,0.4423011839389801,0.303221732378006,-0.11518893309416987,3919.28125,304.2656249999979,1656.4687500000027,0.08506734902963649
12.6328125,2026-05-04T22:12:21.140625Z,2026-05-04T22:13:22.564687500Z,0.8841034173965454,0.4324629604816437,0.2437442094087601,0.057203165150474654,3917.328125,389.2265624999959,1549.0468750000052,-0.03528220571955226
12.640625,2026-05-04T22:12:21.148437Z,2026-05-04T22:13:22.572500Z,0.8911489248275757,0.4168676733970642,0.181637242436409,0.20721784561374176,3911.187500000001,442.4375000000008,1414.562500000011,-0.11301239700866549
12.6484375,2026-05-04T22:12:21.156250Z,2026-05-04T22:13:22.580312500Z,0.8998971581459045,0.3972998559474945,0.11805409938097,0.3146327355944951,3896.1484375000005,428.1796875000005,1222.5703125000068,-0.10017644094509165
12.65625,2026-05-04T22:12:21.164062Z,2026-05-04T22:13:22.588125Z,0.9104888439178468,0.3751406073570251,0.0551629140973091,0.36235986386196356,3881.109375,413.9218750000002,1030.5781250000027,-0.0873404848815178
12.6640625,2026-05-04T22:12:21.171875Z,2026-05-04T22:13:22.595937500Z,0.9227832555770874,0.3505605757236481,-0.0038686916232109,0.34922983362893945,3866.0703125,399.6640624999999,838.5859374999986,-0.07450452881794396
12.671875,2026-05-04T22:12:21.179687Z,2026-05-04T22:13:22.603750Z,0.9360306859016418,0.3256081342697144,-0.0624851211905479,0.27852284543972383,3851.0312499999995,385.4062499999996,646.5937499999945,-0.06166857275437012
12.6796875,2026-05-04T22:12:21.187500Z,2026-05-04T22:13:22.611562500Z,0.9477939605712892,0.300810843706131,-0.1203942149877548,0.17766147511910887,3834.859374999999,354.8593749999961,450.14843749999125,-0.03902566392708704
12.6875,2026-05-04T22:12:21.195312Z,2026-05-04T22:13:22.619375Z,0.958948016166687,0.2764170467853546,-0.1776267290115356,0.038707530797940606,3814.1562499999995,259.1562499999983,235.8906249999962,0.02284505595502186
12.6953125,2026-05-04T22:12:21.203125Z,2026-05-04T22:13:22.627187500Z,0.9694459438323976,0.2544905245304108,-0.2317531406879425,-0.13411633745625992,3793.453125,163.4531250000005,21.632812500001137,0.08471577583713076
12.703125,2026-05-04T22:12:21.210937Z,2026-05-04T22:13:22.635000Z,0.9790221452713012,0.2359624207019806,-0.2815432548522949,-0.3275298421476495,3772.7500000000005,67.75000000000274,-192.62499999999392,0.14658649571923965
12.7109375,2026-05-04T22:12:21.218750Z,2026-05-04T22:13:22.642812500Z,0.9873329997062684,0.2233620584011078,-0.3269509971141815,-0.533707293722955,3752.046875000001,-27.95312499999504,-406.882812499989,0.20845721560134856
12.71875,2026-05-04T22:12:21.226562Z,2026-05-04T22:13:22.650625Z,0.990988552570343,0.2160066664218903,-0.3689450919628143,-0.41568059027690596,3731.875000000001,-121.76562499999488,-617.4999999999881,0.2560384381319304
12.7265625,2026-05-04T22:12:21.234375Z,2026-05-04T22:13:22.658437500Z,0.9922851920127868,0.2122203558683395,-0.4045577943325043,-0.26924861483546786,3717.812500000001,-193.83593749999642,-786.2499999999916,0.13929044111978828
12.734375,2026-05-04T22:12:21.242187Z,2026-05-04T22:13:22.666250Z,0.99467533826828,0.2137876451015472,-0.4333739578723907,-0.11771249642675403,3703.7500000000005,-265.90624999999795,-954.9999999999952,0.022542444107646185
12.7421875,2026-05-04T22:12:21.250000Z,2026-05-04T22:13:22.674062500Z,0.9936755299568176,0.221453383564949,-0.4568236172199249,-0.006125998312100479,3689.6875,-337.9765624999995,-1123.7499999999989,-0.09420555290449592
12.75,2026-05-04T22:12:21.257812Z,2026-05-04T22:13:22.681875Z,0.9874111413955688,0.2343020290136337,-0.4762445092201233,0.04941727627983993,3675.625,-410.046875000001,-1292.5000000000025,-0.210953549916638
12.7578125,2026-05-04T22:12:21.265625Z,2026-05-04T22:13:22.689687500Z,0.981584131717682,0.252147376537323,-0.4875311255455017,0.08876747200677973,3661.5624999999995,-482.11718750000256,-1461.2500000000061,-0.3277015469287801
12.765625,2026-05-04T22:12:21.273437Z,2026-05-04T22:13:22.697500Z,0.972570300102234,0.2724445164203644,-0.4929591417312622,0.07903569391113287,3661.0,-453.12499999999955,-1547.5000000000011,-0.3289778165689993
12.7734375,2026-05-04T22:12:21.281250Z,2026-05-04T22:13:22.705312500Z,0.9621661305427552,0.2958607077598572,-0.4932359457015991,0.0459175575115602,3661.0,-419.9218750000003,-1630.3124999999993,-0.32544276423539303
12.78125,2026-05-04T22:12:21.289062Z,2026-05-04T22:13:22.713125Z,0.9506059288978576,0.3211390376091003,-0.4863009452819824,-0.02079691630843385,3661.0,-386.7187500000011,-1713.1249999999973,-0.3219077119017867
12.7890625,2026-05-04T22:12:21.296875Z,2026-05-04T22:13:22.720937500Z,0.9404672980308532,0.3464638888835907,-0.4710625410079956,-0.10445750852832374,3661.0,-353.5156250000018,-1795.9374999999955,-0.31837265956818034
12.796875,2026-05-04T22:12:21.304687Z,2026-05-04T22:13:22.728750Z,0.9288289546966552,0.3707025349140167,-0.4489506781101227,-0.22936547996555567,3661.0,-320.3125000000026,-1878.7499999999934,-0.31483760723457405
12.8046875,2026-05-04T22:12:21.312500Z,2026-05-04T22:13:22.736562500Z,0.9190027713775636,0.3937463164329529,-0.4199038743972778,-0.3596872443663267,3665.9218749999995,-231.16406250000637,-1863.1250000000023,-0.3428433304409058
12.8125,2026-05-04T22:12:21.320312Z,2026-05-04T22:13:22.744375Z,0.9081299304962158,0.413252055644989,-0.3868590891361237,-0.5182382631630785,3671.7812499999995,-131.35937500000423,-1828.7500000000014,-0.37685682041675334
12.8203125,2026-05-04T22:12:21.328125Z,2026-05-04T22:13:22.752187500Z,0.9010844230651855,0.4274972975254059,-0.3499701023101807,-0.4619454477263903,3677.640625,-31.554687500002117,-1794.3750000000007,-0.4108703103926008
12.828125,2026-05-04T22:12:21.335937Z,2026-05-04T22:13:22.760000Z,0.8967415690422058,0.436202734708786,-0.3077607452869415,-0.31553926710914443,3683.5,68.25000000000001,-1760.0,-0.4448838003684483
12.8359375,2026-05-04T22:12:21.343750Z,2026-05-04T22:13:22.767812500Z,0.8926173448562622,0.4400976598262787,-0.2623530030250549,-0.15618721501661817,3689.359375,168.05468750000216,-1725.6249999999993,-0.4788972903442958
12.84375,2026-05-04T22:12:21.351562Z,2026-05-04T22:13:22.775625Z,0.8903053402900696,0.4393993616104126,-0.2119939178228378,-0.000612077557860392,3699.15625,233.26562500000054,-1616.2968749999986,-0.44105845597218674
12.8515625,2026-05-04T22:12:21.359375Z,2026-05-04T22:13:22.783437500Z,0.892851710319519,0.4330526292324066,-0.1561606973409653,0.11674731720951807,3710.484375,285.0234374999994,-1477.8203125000018,-0.37527705102032055
12.859375,2026-05-04T22:12:21.367187Z,2026-05-04T22:13:22.791250Z,0.8966946601867676,0.4212902188301086,-0.0982362180948257,0.2158421164379089,3721.8124999999995,336.7812499999982,-1339.343750000005,-0.30949564606845437
12.8671875,2026-05-04T22:12:21.375000Z,2026-05-04T22:13:22.799062500Z,0.9014593362808228,0.4053225219249725,-0.0395890399813652,0.28697406549381843,3733.1406249999995,388.539062499997,-1200.8671875000082,-0.24371424111658818
12.875,2026-05-04T22:12:21.382812Z,2026-05-04T22:13:22.806875Z,0.9088329076766968,0.3850253820419312,0.0191811583936214,0.3076929552426592,3744.468749999999,440.2968749999958,-1062.3906250000114,-0.177932836164722
12.8828125,2026-05-04T22:12:21.390625Z,2026-05-04T22:13:22.814687500Z,0.9162533283233644,0.3614695072174072,0.0764290541410446,0.29889397546873725,3754.390624999999,430.296875000004,-887.2343750000156,-0.11159271415938617
12.890625,2026-05-04T22:12:21.398437Z,2026-05-04T22:13:22.822500Z,0.9259857535362244,0.3363774120807648,0.1334309130907059,0.22658771275753134,3763.3749999999995,379.1250000000029,-687.6250000000114,-0.04488011411840379
12.8984375,2026-05-04T22:12:21.406250Z,2026-05-04T22:13:22.830312500Z,0.936046302318573,0.3113163411617279,0.1892795115709305,0.10872572873636269,3772.3593749999995,327.9531250000018,-488.01562500000705,0.02183248592257859
12.90625,2026-05-04T22:12:21.414062Z,2026-05-04T22:13:22.838125Z,0.946700394153595,0.2870000898838043,0.2438518404960632,-0.05623311876257548,3781.34375,276.78125000000074,-288.4062500000028,0.08854508596356098
12.9140625,2026-05-04T22:12:21.421875Z,2026-05-04T22:13:22.845937500Z,0.9554174542427064,0.2642046213150024,0.2963790595531464,-0.235484300879732,3790.328125,225.60937499999963,-88.79687499999855,0.15525768600454334
12.921875,2026-05-04T22:12:21.429687Z,2026-05-04T22:13:22.853750Z,0.961447536945343,0.2442023158073425,0.3463537096977234,-0.41650755888635077,3799.3125,152.68749999999932,113.34375000000146,0.13324294882822052
12.9296875,2026-05-04T22:12:21.437500Z,2026-05-04T22:13:22.861562500Z,0.9685711264610292,0.2296156883239746,0.3926686942577362,-0.48798366018268197,3808.296875,56.20312500000155,318.22656249999676,0.015106929666490684
12.9375,2026-05-04T22:12:21.445312Z,2026-05-04T22:13:22.869375Z,0.9726796746253968,0.2186601907014847,0.4347089231014252,-0.2907102498885619,3817.2812499999995,-40.28124999999622,523.109374999992,-0.10302908949523916
12.9453125,2026-05-04T22:12:21.453125Z,2026-05-04T22:13:22.877187500Z,0.974819839000702,0.2128565758466721,0.4717670381069183,-0.11064966149025018,3826.2656249999995,-136.765624999994,727.9921874999873,-0.221165108656969
12.953125,2026-05-04T22:12:21.460937Z,2026-05-04T22:13:22.885000Z,0.9758352637290956,0.2127789855003357,0.5038430690765381,0.056717379386883114,3835.249999999999,-233.24999999999176,932.8749999999826,-0.33930112781869887
12.9609375,2026-05-04T22:12:21.468750Z,2026-05-04T22:13:22.892812500Z,0.9733045101165771,0.2177291363477707,0.5298452973365784,0.17465154441346514,3844.445312499999,-304.07031249999767,1115.5390624999868,-0.3693632476368609
12.96875,2026-05-04T22:12:21.476562Z,2026-05-04T22:13:22.900625Z,0.96782124042511,0.2281570285558701,0.5510191321372986,0.2555003267515663,3854.0156249999995,-329.2656249999982,1258.7031249999898,-0.24284954639972314
12.9765625,2026-05-04T22:12:21.484375Z,2026-05-04T22:13:22.908437500Z,0.9611663222312928,0.243674710392952,0.5669187903404236,0.31379852081954246,3863.5859374999995,-354.46093749999875,1401.867187499993,-0.11633584516258541
12.984375,2026-05-04T22:12:21.492187Z,2026-05-04T22:13:22.916250Z,0.9536834359169006,0.2628545761108398,0.5775441527366638,0.35000097554650983,3873.1562499999995,-379.65624999999926,1545.031249999996,0.01017785607455232
12.9921875,2026-05-04T22:12:21.500000Z,2026-05-04T22:13:22.924062500Z,0.944232165813446,0.285867303609848,0.5814191102981567,0.34556248296476855,3882.7265625,-404.85156249999983,1688.1953124999989,0.13669155731169005
13.0,2026-05-04T22:12:21.507812Z,2026-05-04T22:13:22.931875Z,0.9342966079711914,0.309407651424408,0.57845139503479,0.3059656364546368,3891.40625,-408.0624999999998,1804.7812500000002,0.24418905281203573
13.0078125,2026-05-04T22:12:21.515625Z,2026-05-04T22:13:22.939687500Z,0.9240174293518066,0.3343135416507721,0.5688255429267883,0.23750677828939426,3897.265625,-341.6562500000013,1837.2031249999993,0.29146856347920974
13.015625,2026-05-04T22:12:21.523437Z,2026-05-04T22:13:22.947500Z,0.9130976796150208,0.3581021726131439,0.5522493124008179,0.12858431630231704,3903.1249999999995,-275.25000000000284,1869.6249999999986,0.33874807414638375
13.0234375,2026-05-04T22:12:21.531250Z,2026-05-04T22:13:22.955312500Z,0.904005765914917,0.3815494179725647,0.5299375653266907,0.014753791138852137,3908.9843749999995,-208.84375000000438,1902.046874999998,0.38602758481355776
13.03125,2026-05-04T22:12:21.539062Z,2026-05-04T22:13:22.963125Z,0.895226240158081,0.4027155339717865,0.5023976564407349,-0.12187235541005356,3914.8437499999995,-142.4375000000059,1934.468749999997,0.43330709548073176
13.0390625,2026-05-04T22:12:21.546875Z,2026-05-04T22:13:22.970937500Z,0.8874309062957764,0.419598788022995,0.4692452549934387,-0.2839803398699671,3920.09375,-72.77343750000998,1952.9921875000089,0.4643646403433283
13.046875,2026-05-04T22:12:21.554687Z,2026-05-04T22:13:22.978750Z,0.8833379745483398,0.431718111038208,0.4310030937194824,-0.44255963773839785,3920.875,20.781249999992017,1869.593750000007,0.3764611026389008
13.0546875,2026-05-04T22:12:21.562500Z,2026-05-04T22:13:22.986562500Z,0.8798074126243591,0.4382044970989227,0.3869792520999908,-0.49111147103274655,3921.65625,114.335937499994,1786.1953125000052,0.28855756493447327
13.0625,2026-05-04T22:12:21.570312Z,2026-05-04T22:13:22.994375Z,0.8789794445037842,0.4404545724391937,0.3385422825813293,-0.3083861335649932,3922.4375,207.890624999996,1702.7968750000036,0.20065402723004577
13.0703125,2026-05-04T22:12:21.578125Z,2026-05-04T22:13:23.002187500Z,0.8829473853111267,0.4365906715393066,0.2877065241336823,-0.15879188470783634,3923.21875,301.445312499998,1619.3984375000018,0.11275048952561828
13.078125,2026-05-04T22:12:21.585937Z,2026-05-04T22:13:23.010000Z,0.8882588744163513,0.4270162582397461,0.2339030504226685,-0.013128060355990857,3924.0,395.0,1536.0,0.024846951821190802
13.0859375,2026-05-04T22:12:21.593750Z,2026-05-04T22:13:23.017812500Z,0.8943357467651367,0.4118554592132568,0.176839679479599,0.12711756480113087,3909.9374999999995,399.8828125000001,1368.0312499999964,-0.03012412273438867
13.09375,2026-05-04T22:12:21.601562Z,2026-05-04T22:13:23.025625Z,0.9025997519493104,0.393141120672226,0.1173775196075439,0.2256954629336328,3895.8749999999995,404.7656250000002,1200.0624999999927,-0.08509519728996814
13.1015625,2026-05-04T22:12:21.609375Z,2026-05-04T22:13:23.033437500Z,0.9132070541381836,0.3709508180618286,0.0584381744265556,0.26898947659791117,3881.812499999999,409.6484375000003,1032.0937499999893,-0.14006627184554762
13.109375,2026-05-04T22:12:21.617187Z,2026-05-04T22:13:23.041250Z,0.9247828722000122,0.3464949429035187,0.0004675704985857,0.26422073011156183,3867.7499999999986,414.5312500000004,864.1249999999857,-0.19503734640112708
13.1171875,2026-05-04T22:12:21.625000Z,2026-05-04T22:13:23.049062500Z,0.9382646083831788,0.3218373358249664,-0.0559499710798263,0.19269144963589144,3853.6874999999986,419.4140625000005,696.156249999982,-0.25000842095670656
13.125,2026-05-04T22:12:21.632812Z,2026-05-04T22:13:23.056875Z,0.950277864933014,0.2991814911365509,-0.1115371733903885,0.0873639467729267,3837.3906249999986,345.7499999999925,498.9687499999821,-0.17913560164598322
13.1328125,2026-05-04T22:12:21.640625Z,2026-05-04T22:13:23.064687500Z,0.9590260982513428,0.2758273482322693,-0.1656635701656342,-0.016725104702214635,3820.789062499999,261.37499999999443,297.79687499998676,-0.09110225135350904
13.140625,2026-05-04T22:12:21.648437Z,2026-05-04T22:13:23.072500Z,0.9687272906303406,0.2549095153808594,-0.2161764204502106,-0.16826479653251084,3804.187499999999,176.9999999999964,96.62499999999139,-0.003068901061034841
13.1484375,2026-05-04T22:12:21.656250Z,2026-05-04T22:13:23.080312500Z,0.9798032641410828,0.238615944981575,-0.2626451551914215,-0.3673468199427392,3787.5859374999995,92.62499999999835,-104.54687500000398,0.08496444923143935
13.15625,2026-05-04T22:12:21.664062Z,2026-05-04T22:13:23.088125Z,0.9855989813804626,0.2266673296689987,-0.3054696023464203,-0.5299367778235499,3770.984375,8.250000000000291,-305.7187499999994,0.17299779952391356
13.1640625,2026-05-04T22:12:21.671875Z,2026-05-04T22:13:23.095937500Z,0.9894263744354248,0.2194515913724899,-0.3437732458114624,-0.43958194680479423,3754.9765625,-75.8281250000006,-484.7734375000012,0.13374230936796666
13.171875,2026-05-04T22:12:21.679687Z,2026-05-04T22:13:23.103750Z,0.9916759133338928,0.2181636244058609,-0.3771409392356873,-0.2936099136908161,3739.1562499999995,-159.8125000000024,-656.8437500000049,0.05429034328093746
13.1796875,2026-05-04T22:12:21.687500Z,2026-05-04T22:13:23.111562500Z,0.9910041689872742,0.2203516215085983,-0.4062646329402924,-0.17861998129729015,3723.335937499999,-243.79687500000418,-828.9140625000085,-0.025161622806091726
13.1875,2026-05-04T22:12:21.695312Z,2026-05-04T22:13:23.119375Z,0.9900512099266052,0.2275207936763763,-0.4294374883174896,-0.07291918322511452,3707.515624999999,-327.78125000000597,-1000.9843750000122,-0.10461358889312092
13.1953125,2026-05-04T22:12:21.703125Z,2026-05-04T22:13:23.127187500Z,0.984927237033844,0.239903911948204,-0.4477512836456299,-0.014870294963155208,3691.6953124999986,-411.7656250000078,-1173.054687500016,-0.1840655549801501
13.203125,2026-05-04T22:12:21.710937Z,2026-05-04T22:13:23.135000Z,0.9787409901618958,0.2575630247592926,-0.4598374664783478,0.022789068439191765,3683.6249999999995,-433.2499999999988,-1296.7500000000082,-0.24056594271103238
13.2109375,2026-05-04T22:12:21.718750Z,2026-05-04T22:13:23.142812500Z,0.969727098941803,0.2784498631954193,-0.4644658863544464,0.010453802996422682,3679.9140624999995,-419.57812499999915,-1393.234375000006,-0.2841560676165877
13.21875,2026-05-04T22:12:21.726562Z,2026-05-04T22:13:23.150625Z,0.9594479203224182,0.3015246689319611,-0.4615135490894318,-0.03755140045863148,3676.203125,-405.9062499999995,-1489.7187500000039,-0.32774619252214293
13.2265625,2026-05-04T22:12:21.734375Z,2026-05-04T22:13:23.158437500Z,0.9478564262390136,0.3261201977729797,-0.4540865421295166,-0.10639712785045331,3672.4921875,-392.2343749999998,-1586.2031250000016,-0.37133631742769824
13.234375,2026-05-04T22:12:21.742187Z,2026-05-04T22:13:23.166250Z,0.938170850276947,0.3507623076438904,-0.44083172082901,-0.17337565241183822,3668.78125,-378.5625000000001,-1682.6874999999993,-0.4149264423332535
13.2421875,2026-05-04T22:12:21.750000Z,2026-05-04T22:13:23.174062500Z,0.9288445711135864,0.3732784688472748,-0.4218874871730804,-0.2607027820762183,3670.25,-324.8750000000006,-1725.953125,-0.43532111901000514
13.25,2026-05-04T22:12:21.757812Z,2026-05-04T22:13:23.181875Z,0.9190808534622192,0.3935756087303162,-0.3961928188800812,-0.3806450339986969,3676.5,-234.24999999999872,-1720.09375,-0.43430461270632104
13.2578125,2026-05-04T22:12:21.765625Z,2026-05-04T22:13:23.189687500Z,0.908286154270172,0.4116227030754089,-0.3654391765594482,-0.5297471880203034,3682.75,-143.6249999999968,-1714.2343749999998,-0.43328810640263693
13.265625,2026-05-04T22:12:21.773437Z,2026-05-04T22:13:23.197500Z,0.9020373821258544,0.4255110323429108,-0.3290268778800964,-0.46480124756219876,3689.0000000000005,-52.99999999999485,-1708.3749999999998,-0.4322716000989529
13.2734375,2026-05-04T22:12:21.781250Z,2026-05-04T22:13:23.205312500Z,0.8968196511268616,0.4339836835861206,-0.2886012196540833,-0.3216554852377148,3695.2500000000005,37.625000000007084,-1702.5156249999995,-0.4312550937952688
13.28125,2026-05-04T22:12:21.789062Z,2026-05-04T22:13:23.213125Z,0.8946481943130493,0.4374286234378815,-0.2436086535453796,-0.18927419332083922,3702.1250000000005,118.32812500000537,-1654.937499999991,-0.4193642477616002
13.2890625,2026-05-04T22:12:21.796875Z,2026-05-04T22:13:23.220937500Z,0.8947731852531433,0.434899240732193,-0.1958943903446198,-0.06506864411695865,3709.9375000000005,184.14843750000387,-1544.7812499999936,-0.3911618921329611
13.296875,2026-05-04T22:12:21.804687Z,2026-05-04T22:13:23.228750Z,0.8964603543281555,0.4276214241981506,-0.1449971199035645,0.048056232769955416,3717.7500000000005,249.96875000000233,-1434.6249999999961,-0.36295953650432206
13.3046875,2026-05-04T22:12:21.812500Z,2026-05-04T22:13:23.236562500Z,0.8983505964279175,0.4159831702709198,-0.0913012772798538,0.155486822819946,3725.5625,315.7890625000008,-1324.4687499999986,-0.33475718087568296
13.3125,2026-05-04T22:12:21.820312Z,2026-05-04T22:13:23.244375Z,0.9028809666633606,0.3996120095252991,-0.0361446291208267,0.2243744937900317,3733.375,381.6093749999993,-1214.3125000000011,-0.30655482524704386
13.3203125,2026-05-04T22:12:21.828125Z,2026-05-04T22:13:23.252187500Z,0.9121447801589966,0.3803855776786804,0.0205189418047666,0.21625893992992234,3741.515625,420.1953125000007,-1083.8671875000039,-0.26398663710213843
13.328125,2026-05-04T22:12:21.835937Z,2026-05-04T22:13:23.260000Z,0.9198619723320008,0.357838362455368,0.0743224248290062,0.2007508345479234,3750.5,388.75,-901.25,-0.18447773677254314
13.3359375,2026-05-04T22:12:21.843750Z,2026-05-04T22:13:23.267812500Z,0.928813338279724,0.3332273066043854,0.1279721409082413,0.1404143496184992,3759.484375,357.3046874999993,-718.6328124999961,-0.10496883644294781
13.34375,2026-05-04T22:12:21.851562Z,2026-05-04T22:13:23.275625Z,0.9387176036834716,0.3086162507534027,0.1810221672058105,0.030678468811424848,3768.4687500000005,325.85937499999864,-536.0156249999922,-0.0254599361133525
13.3515625,2026-05-04T22:12:21.859375Z,2026-05-04T22:13:23.283437500Z,0.9482157230377196,0.2851224541664124,0.2335955053567886,-0.11491993714309898,3777.4531250000005,294.414062499998,-353.3984374999883,0.05404896421624282
13.359375,2026-05-04T22:12:21.867187Z,2026-05-04T22:13:23.291250Z,0.9552456140518188,0.2641115188598633,0.2840622365474701,-0.26947138407956195,3786.843750000001,253.15624999999275,-168.24999999998448,0.1076957004912573
13.3671875,2026-05-04T22:12:21.875000Z,2026-05-04T22:13:23.299062500Z,0.9628066420555116,0.2467937618494034,0.3313151895999908,-0.45937372551894307,3798.3671875000005,160.38281249999488,30.187500000010935,0.025566075479804967
13.375,2026-05-04T22:12:21.882812Z,2026-05-04T22:13:23.306875Z,0.9682117700576782,0.232734739780426,0.3736475706100464,-0.48568778903196674,3809.8906250000005,67.60937499999704,228.62500000000637,-0.05656354953164737
13.3828125,2026-05-04T22:12:21.890625Z,2026-05-04T22:13:23.314687500Z,0.972351610660553,0.2220896035432816,0.4121203720569611,-0.3105744772605688,3821.4140625,-25.164062500000814,427.06250000000176,-0.1386931745430997
13.390625,2026-05-04T22:12:21.898437Z,2026-05-04T22:13:23.322500Z,0.9746479988098145,0.2169222086668015,0.4466259479522705,-0.14673791546466397,3832.9375,-117.93749999999866,625.4999999999972,-0.22082279955455206
13.3984375,2026-05-04T22:12:21.906250Z,2026-05-04T22:13:23.330312500Z,0.9743668437004088,0.2178998291492462,0.476826012134552,-0.006316347586640602,3844.2812499999995,-208.74218749999847,822.0390624999947,-0.2971447869501878
13.40625,2026-05-04T22:12:21.914062Z,2026-05-04T22:13:23.338125Z,0.9711487293243408,0.2238431125879288,0.5035970211029053,0.10628543715246214,3851.3125,-252.29687499999937,973.0156249999978,-0.2340834715660931
13.4140625,2026-05-04T22:12:21.921875Z,2026-05-04T22:13:23.345937500Z,0.9657903909683228,0.2350158393383026,0.5257858037948608,0.19286594401217597,3858.34375,-295.85156250000034,1123.9921875000011,-0.17102215618199842
13.421875,2026-05-04T22:12:21.929687Z,2026-05-04T22:13:23.353750Z,0.9594635367393494,0.2507197260856628,0.541424036026001,0.25207180988500977,3865.375,-339.40625000000125,1274.9687500000043,-0.10796084079790373
13.4296875,2026-05-04T22:12:21.937500Z,2026-05-04T22:13:23.361562500Z,0.9514651298522948,0.2696047723293304,0.5491431951522827,0.2647701315907083,3872.4062500000005,-382.96093750000216,1425.9453125000075,-0.04489952541380904
13.4375,2026-05-04T22:12:21.945312Z,2026-05-04T22:13:23.369375Z,0.9436541795730592,0.2906467616558075,0.5512344241142273,0.26078357238170147,3879.4375000000005,-426.5156250000031,1576.9218750000107,0.018161789970285655
13.4453125,2026-05-04T22:12:21.953125Z,2026-05-04T22:13:23.377187500Z,0.9341403841972352,0.3132094740867615,0.5481898188591003,0.2229547731848882,3883.59375,-382.0234374999973,1640.750000000003,0.08672990642191339
13.453125,2026-05-04T22:12:21.960937Z,2026-05-04T22:13:23.385000Z,0.9228770136833192,0.3369050025939941,0.5391328930854797,0.14632165185867033,3887.5,-329.8749999999985,1697.0000000000016,0.15577687514028266
13.4609375,2026-05-04T22:12:21.968750Z,2026-05-04T22:13:23.392812500Z,0.912316620349884,0.361035019159317,0.525232195854187,0.061174349203071306,3891.40625,-277.7265624999997,1753.2500000000002,0.22482384385865192
13.46875,2026-05-04T22:12:21.976562Z,2026-05-04T22:13:23.400625Z,0.903537094593048,0.3836442828178406,0.5053192377090454,-0.03497809174735134,3895.3125,-225.5781250000009,1809.499999999999,0.2938708125770212
13.4765625,2026-05-04T22:12:21.984375Z,2026-05-04T22:13:23.408437500Z,0.8964291214942932,0.4026689827442169,0.4788865149021149,-0.15332394364400387,3899.21875,-173.4296875000021,1865.7499999999977,0.3629177812953905
13.484375,2026-05-04T22:12:21.992187Z,2026-05-04T22:13:23.416250Z,0.890227198600769,0.4179539084434509,0.4469334781169891,-0.2954254337458952,3903.28125,-87.68750000000267,1830.4375000000016,0.3348485281844503
13.4921875,2026-05-04T22:12:22.000000Z,2026-05-04T22:13:23.424062500Z,0.8862436413764954,0.4288007915019989,0.4101982712745667,-0.4457088252076384,3907.3828125,6.453124999999326,1772.2343750000005,0.28250021961617594
13.5,2026-05-04T22:12:22.007812Z,2026-05-04T22:13:23.431875Z,0.8820101022720337,0.4344492256641388,0.3683425486087799,-0.49299699802151287,3911.484375,100.59375000000134,1714.031249999999,0.23015191104790153
13.5078125,2026-05-04T22:12:22.015625Z,2026-05-04T22:13:23.439687500Z,0.8827130794525146,0.4359544515609741,0.3234114944934845,-0.342879920609338,3915.5859375,194.73437500000333,1655.828124999998,0.17780360247962715
13.515625,2026-05-04T22:12:22.023437Z,2026-05-04T22:13:23.447500Z,0.8851344585418701,0.4310508370399475,0.2751282751560211,-0.1875562819750601,3919.6875000000005,288.87500000000534,1597.6249999999966,0.12545529391135277
13.5234375,2026-05-04T22:12:22.031250Z,2026-05-04T22:13:23.455312500Z,0.8909457921981812,0.4214453995227814,0.2232315391302109,-0.05893197293497474,3914.8906249999995,334.5390625000011,1479.789062499993,0.028988918764477057
13.53125,2026-05-04T22:12:22.039062Z,2026-05-04T22:13:23.463125Z,0.8980381488800049,0.4062846004962921,0.1686745882034302,0.058151754015253396,3905.90625,357.39062500000057,1333.8906249999964,-0.08823889947820493
13.5390625,2026-05-04T22:12:22.046875Z,2026-05-04T22:13:23.470937500Z,0.9066770672798156,0.3874461352825165,0.1139484867453575,0.14006143315535352,3896.921875,380.24218750000006,1187.9921874999998,-0.2054667177208869
13.546875,2026-05-04T22:12:22.054687Z,2026-05-04T22:13:23.478750Z,0.9155972003936768,0.3662024140357971,0.0589917376637458,0.19109170266905265,3887.9375,403.0937499999995,1042.0937500000032,-0.3226945359635689
13.5546875,2026-05-04T22:12:22.062500Z,2026-05-04T22:13:23.486562500Z,0.9269699454307556,0.3437017500400543,0.0045116748660802,0.17916763680185935,3878.9531250000005,425.945312499999,896.1953125000066,-0.43992235420625087
13.5625,2026-05-04T22:12:22.070312Z,2026-05-04T22:13:23.494375Z,0.9397017955780028,0.3203321099281311,-0.0488458797335624,0.11479712874944423,3865.921875000001,397.6093750000029,726.781250000008,-0.42793386910503795
13.5703125,2026-05-04T22:12:22.078125Z,2026-05-04T22:13:23.502187500Z,0.9504340887069702,0.2971486747264862,-0.102633997797966,0.03211111277350826,3849.7109375000005,329.0546875000015,538.890625000004,-0.31441828851931364
13.578125,2026-05-04T22:12:22.085937Z,2026-05-04T22:13:23.510000Z,0.9599165320396424,0.2750204503536224,-0.1548229157924652,-0.07631389156561419,3833.5,260.5,351.0,-0.2009027079335893
13.5859375,2026-05-04T22:12:22.093750Z,2026-05-04T22:13:23.517812500Z,0.9698364734649658,0.255669891834259,-0.203352153301239,-0.2250038686040198,3817.2890624999995,191.94531249999852,163.109374999996,-0.087387127347865
13.59375,2026-05-04T22:12:22.101562Z,2026-05-04T22:13:23.525625Z,0.9779598712921144,0.2404780685901642,-0.2472991049289703,-0.380896562575366,3801.078124999999,123.39062499999707,-24.781250000008022,0.02612845323785933
13.6015625,2026-05-04T22:12:22.109375Z,2026-05-04T22:13:23.533437500Z,0.983755588531494,0.2301898449659348,-0.286310076713562,-0.5293073266648347,3785.3828124999995,45.29687499999599,-206.2265625000077,0.0688414922423763
13.609375,2026-05-04T22:12:22.117187Z,2026-05-04T22:13:23.541250Z,0.9879110455513,0.22475865483284,-0.3204619884490967,-0.45376079790146373,3770.3437499999995,-44.93750000000192,-379.4687500000037,0.021442205598103854
13.6171875,2026-05-04T22:12:22.125000Z,2026-05-04T22:13:23.549062500Z,0.9895356893539428,0.2236103415489197,-0.3519229590892792,-0.3286036672381931,3755.3046875,-135.17187499999983,-552.7109374999997,-0.025957081046168593
13.625,2026-05-04T22:12:22.132812Z,2026-05-04T22:13:23.556875Z,0.9885202646255492,0.2258914411067963,-0.3802778124809265,-0.22626946357829505,3740.2656250000005,-225.40624999999773,-725.9531249999957,-0.07335636769044104
13.6328125,2026-05-04T22:12:22.140625Z,2026-05-04T22:13:23.564687500Z,0.9858489632606506,0.2333864867687225,-0.4041118919849396,-0.13955544139456877,3725.226562500001,-315.6406249999956,-899.1953124999917,-0.12075565433471348
13.640625,2026-05-04T22:12:22.148437Z,2026-05-04T22:13:23.572500Z,0.982552707195282,0.2464368790388107,-0.4223949313163757,-0.06293526025194678,3713.3125000000005,-378.3124999999998,-1052.8749999999936,-0.17269322163063483
13.6484375,2026-05-04T22:12:22.156250Z,2026-05-04T22:13:23.580312500Z,0.9755228757858276,0.2634442448616028,-0.4332663416862488,-0.04297265038065069,3708.0390625,-382.41406249999983,-1164.984374999996,-0.23427463531131285
13.65625,2026-05-04T22:12:22.164062Z,2026-05-04T22:13:23.588125Z,0.9682117700576782,0.2843000292778015,-0.4364339411258698,-0.04377127767659487,3702.765625,-386.51562499999994,-1277.0937499999984,-0.2958560489919909
13.6640625,2026-05-04T22:12:22.171875Z,2026-05-04T22:13:23.595937500Z,0.9568859338760376,0.3067541122436523,-0.4335431158542633,-0.10258269702416331,3697.4921875,-390.6171875,-1389.2031250000007,-0.3574374626726689
13.671875,2026-05-04T22:12:22.179687Z,2026-05-04T22:13:23.603750Z,0.946372389793396,0.3292703032493591,-0.4254856705665588,-0.16814825260683972,3692.21875,-394.7187500000001,-1501.3125000000032,-0.41901887635334695
13.6796875,2026-05-04T22:12:22.187500Z,2026-05-04T22:13:23.611562500Z,0.9359681606292723,0.3531520366668701,-0.4123384654521942,-0.24111488970246933,3688.0,-382.5703124999969,-1594.0078125000007,-0.46710400931175305
13.6875,2026-05-04T22:12:22.195312Z,2026-05-04T22:13:23.619375Z,0.926782488822937,0.3749543726444244,-0.3948396742343903,-0.3187112878349861,3688.0,-305.42187499999864,-1609.0468750000002,-0.46120401938108657
13.6953125,2026-05-04T22:12:22.203125Z,2026-05-04T22:13:23.627187500Z,0.918830931186676,0.3938859701156616,-0.3712516129016876,-0.4112465802865752,3688.0,-228.2734375000004,-1624.0859375,-0.4553040294504201
13.703125,2026-05-04T22:12:22.210937Z,2026-05-04T22:13:23.635000Z,0.911457359790802,0.4104899168014526,-0.3423893451690674,-0.5178773480881804,3688.0,-151.1250000000022,-1639.1249999999995,-0.4494040395197536
13.7109375,2026-05-04T22:12:22.218750Z,2026-05-04T22:13:23.642812500Z,0.9038339257240297,0.4226712882518768,-0.3099442422389984,-0.4752937288854563,3688.0,-73.97656250000395,-1654.1640624999993,-0.4435040495890871
13.71875,2026-05-04T22:12:22.226562Z,2026-05-04T22:13:23.650625Z,0.8970071077346802,0.4292973577976227,-0.2717790007591248,-0.3195359944442665,3688.6562499999995,3.0468749999946287,-1661.0312500000061,-0.43727204953580395
13.7265625,2026-05-04T22:12:22.234375Z,2026-05-04T22:13:23.658437500Z,0.8969602584838867,0.4319663941860199,-0.2268940508365631,-0.21217251005263874,3696.8593749999995,78.63281249999623,-1573.9218750000043,-0.4272219330724248
13.734375,2026-05-04T22:12:22.242187Z,2026-05-04T22:13:23.666250Z,0.8968352675437927,0.4306318759918213,-0.1802715510129929,-0.10170407497519454,3705.0624999999995,154.21874999999784,-1486.8125000000025,-0.4171718166090456
13.7421875,2026-05-04T22:12:22.250000Z,2026-05-04T22:13:23.674062500Z,0.8975695371627808,0.4239437580108643,-0.1323419958353043,0.005585816888474059,3713.265625,229.80468749999946,-1399.7031250000007,-0.40712170014566645
13.75,2026-05-04T22:12:22.257812Z,2026-05-04T22:13:23.681875Z,0.901865541934967,0.4116382002830505,-0.0813063457608223,0.07997295402272281,3721.46875,305.3906250000011,-1312.5937499999986,-0.3970715836822873
13.7578125,2026-05-04T22:12:22.265625Z,2026-05-04T22:13:23.689687500Z,0.9075206518173218,0.3937618434429169,-0.0302860643714666,0.13536178047461647,3729.6718750000005,380.9765625000027,-1225.4843749999968,-0.3870214672189081
13.765625,2026-05-04T22:12:22.273437Z,2026-05-04T22:13:23.697500Z,0.9137381911277772,0.3749388754367828,0.0199192464351654,0.15554071301193842,3737.875,371.81249999999983,-1066.7499999999977,-0.30678420794149164
13.7734375,2026-05-04T22:12:22.281250Z,2026-05-04T22:13:23.705312500Z,0.9208930134773254,0.3539899885654449,0.0708780214190483,0.14057989183342098,3746.078125,359.1171875000001,-905.0312500000014,-0.2236224843801597
13.78125,2026-05-04T22:12:22.289062Z,2026-05-04T22:13:23.713125Z,0.9317346215248108,0.3308065533638,0.1247276365756989,0.05403788941193206,3754.2812499999995,346.4218750000004,-743.3125000000051,-0.14046076081882775
13.7890625,2026-05-04T22:12:22.296875Z,2026-05-04T22:13:23.720937500Z,0.9400298595428468,0.3073593080043793,0.1763937473297119,-0.03782596008541375,3762.4843749999995,333.7265625000007,-581.5937500000089,-0.0572990372574958
13.796875,2026-05-04T22:12:22.304687Z,2026-05-04T22:13:23.728750Z,0.9479189515113832,0.2859604060649872,0.2252458930015564,-0.16089168698652712,3770.6874999999995,321.03125000000097,-419.87500000001256,0.02586268630383615
13.8046875,2026-05-04T22:12:22.312500Z,2026-05-04T22:13:23.736562500Z,0.9555580615997314,0.2666253745555878,0.2717146277427673,-0.31099346722518967,3780.5312499999995,248.78125000000534,-233.38281250001225,0.006952748231707149
13.8125,2026-05-04T22:12:22.320312Z,2026-05-04T22:13:23.744375Z,0.9632440209388732,0.2487334758043289,0.3168302178382874,-0.48683362915768413,3790.6874999999995,165.18750000000358,-42.17187500000817,-0.03139941110395001
13.8203125,2026-05-04T22:12:22.328125Z,2026-05-04T22:13:23.752187500Z,0.9695552587509156,0.2347520440816879,0.3578863143920898,-0.4590078467595938,3800.84375,81.5937500000018,149.03906249999588,-0.06975157043960717
13.828125,2026-05-04T22:12:22.335937Z,2026-05-04T22:13:23.760000Z,0.9708206653594972,0.2269621640443802,0.392607182264328,-0.32964190787457665,3811.0,-1.9999999999999787,340.24999999999994,-0.10810372977526432
13.8359375,2026-05-04T22:12:22.343750Z,2026-05-04T22:13:23.767812500Z,0.9711487293243408,0.2234086096286774,0.4242680370807648,-0.20171015732455513,3821.15625,-85.59375000000175,531.460937500004,-0.14645588911092147
13.84375,2026-05-04T22:12:22.351562Z,2026-05-04T22:13:23.775625Z,0.9726171493530272,0.2236568927764893,0.4544527530670166,-0.049288912337605205,3828.21875,-150.2031250000006,698.2031250000017,-0.1663133798846685
13.8515625,2026-05-04T22:12:22.359375Z,2026-05-04T22:13:23.783437500Z,0.9702426195144652,0.2290570437908173,0.4806548357009888,0.06386319039190962,3834.078125,-207.4296874999993,855.4296874999981,-0.17897849955100695
13.859375,2026-05-04T22:12:22.367187Z,2026-05-04T22:13:23.791250Z,0.9645406603813172,0.2412384450435638,0.4993991851806641,0.1277402109206367,3839.9375,-264.65624999999795,1012.6562499999944,-0.19164361921734543
13.8671875,2026-05-04T22:12:22.375000Z,2026-05-04T22:13:23.799062500Z,0.9578856825828552,0.2571440637111664,0.514360785484314,0.1784737530433967,3845.7968749999995,-321.88281249999665,1169.8828124999907,-0.2043087388836839
13.875,2026-05-04T22:12:22.382812Z,2026-05-04T22:13:23.806875Z,0.9499654173851012,0.275051474571228,0.5244941115379333,0.20252591149376534,3851.6562499999995,-379.10937499999534,1327.109374999987,-0.21697385855002238
13.8828125,2026-05-04T22:12:22.390625Z,2026-05-04T22:13:23.814687500Z,0.9416545629501344,0.2953486144542694,0.5271850824356079,0.19530441831399137,3858.6874999999995,-381.3750000000027,1432.5390624999945,-0.16462012216995042
13.890625,2026-05-04T22:12:22.398437Z,2026-05-04T22:13:23.822500Z,0.9320158362388612,0.3177406489849091,0.521941602230072,0.1448107083613116,3866.4999999999995,-347.00000000000193,1503.437499999996,-0.0689204817589218
13.8984375,2026-05-04T22:12:22.406250Z,2026-05-04T22:13:23.830312500Z,0.9221271276474,0.3398844003677368,0.5108087658882141,0.06720408086949936,3874.3124999999995,-312.62500000000125,1574.3359374999975,0.026779158652106828
13.90625,2026-05-04T22:12:22.414062Z,2026-05-04T22:13:23.838125Z,0.914441168308258,0.3615626096725464,0.4967697560787201,0.0033994329778121116,3882.125,-278.2500000000005,1645.2343749999989,0.12247879906313545
13.9140625,2026-05-04T22:12:22.421875Z,2026-05-04T22:13:23.845937500Z,0.905661642551422,0.3819994330406189,0.4789787530899048,-0.08651902378742611,3889.9375,-243.87499999999977,1716.1328125000005,0.2181784394741641
13.921875,2026-05-04T22:12:22.429687Z,2026-05-04T22:13:23.853750Z,0.896991491317749,0.4011792838573456,0.4555906355381012,-0.19942188094671548,3896.53125,-185.2187499999994,1738.1874999999998,0.25816565253073226
13.9296875,2026-05-04T22:12:22.437500Z,2026-05-04T22:13:23.861562500Z,0.891180157661438,0.4160917997360229,0.4268821179866791,-0.31836968847966757,3901.8046875,-100.25781250000135,1707.3281250000005,0.237797735953306
13.9375,2026-05-04T22:12:22.445312Z,2026-05-04T22:13:23.869375Z,0.8880088925361633,0.4263489842414856,0.3922535181045532,-0.4484190729390928,3907.078125,-15.296875000003318,1676.4687500000011,0.21742981937587977
13.9453125,2026-05-04T22:12:22.453125Z,2026-05-04T22:13:23.877187500Z,0.8850407600402832,0.4303835928440094,0.3515818417072296,-0.505659661461529,3912.3515624999995,69.66406249999473,1645.6093750000018,0.19706190279845354
13.953125,2026-05-04T22:12:22.460937Z,2026-05-04T22:13:23.885000Z,0.8857749700546265,0.4306318759918213,0.3073427379131317,-0.3584646449805642,3917.6249999999995,154.62499999999275,1614.7500000000027,0.1766939862210273
13.9609375,2026-05-04T22:12:22.468750Z,2026-05-04T22:13:23.892812500Z,0.8896492123603821,0.4251230955123901,0.2603972852230072,-0.22688024232564422,3918.3984375000005,225.10156249999588,1550.3515625000114,0.11869845674113481
13.96875,2026-05-04T22:12:22.476562Z,2026-05-04T22:13:23.900625Z,0.8930079340934753,0.4155641794204712,0.2112529873847961,-0.08798111456717382,3911.1718750000005,269.8281249999968,1426.3281250000089,-0.006190606787615552
13.9765625,2026-05-04T22:12:22.484375Z,2026-05-04T22:13:23.908437500Z,0.9004126787185669,0.4013499915599823,0.1614782363176346,0.004387721561303763,3903.9453125000005,314.5546874999978,1302.3046875000061,-0.13107967031636591
13.984375,2026-05-04T22:12:22.492187Z,2026-05-04T22:13:23.916250Z,0.9096608757972716,0.3844512104988098,0.1109038814902306,0.05969593966986877,3896.71875,359.28124999999875,1178.2812500000036,-0.2559687338451163
13.9921875,2026-05-04T22:12:22.500000Z,2026-05-04T22:13:23.924062500Z,0.9186122417449952,0.3630057573318481,0.0588533505797386,0.10648251759377551,3889.4921875,404.00781249999966,1054.257812500001,-0.38085779737386666
14.0,2026-05-04T22:12:22.507812Z,2026-05-04T22:13:23.931875Z,0.9286414980888368,0.34090855717659,0.006679804995656,0.10672009015536112,3879.96875,424.82812499999983,918.7968749999994,-0.45268083228499595
14.0078125,2026-05-04T22:12:22.515625Z,2026-05-04T22:13:23.939687500Z,0.9402954578399658,0.3185941278934479,-0.044771023094654,0.05206344666302138,3863.1718750000005,369.9453125000011,747.1171875000033,-0.3564614432403338
14.015625,2026-05-04T22:12:22.523437Z,2026-05-04T22:13:23.947500Z,0.9509496092796326,0.2964503765106201,-0.0960373356938362,-0.028666588343553213,3846.375000000001,315.06250000000233,575.4375000000073,-0.2602420541956716
14.0234375,2026-05-04T22:12:22.531250Z,2026-05-04T22:13:23.955312500Z,0.960010290145874,0.2758118510246277,-0.1450432538986206,-0.12813686828821905,3829.578125000001,260.1796875000036,403.75781250001125,-0.1640226651510094
14.03125,2026-05-04T22:12:22.539062Z,2026-05-04T22:13:23.963125Z,0.970336377620697,0.2588665187358856,-0.1904202401638031,-0.27679383288846476,3812.7812500000014,205.29687500000486,232.07812500001518,-0.06780327610634725
14.0390625,2026-05-04T22:12:22.546875Z,2026-05-04T22:13:23.970937500Z,0.9762570858001708,0.2440471351146698,-0.2325834929943085,-0.39778653567685607,3796.2656250000014,146.6406250000092,60.117187500018545,0.015163993913970273
14.046875,2026-05-04T22:12:22.554687Z,2026-05-04T22:13:23.978750Z,0.9823652505874634,0.234503760933876,-0.2688420116901398,-0.5376011353417387,3781.8125000000014,60.31250000000737,-113.90624999998518,0.0009490577556600035
14.0546875,2026-05-04T22:12:22.562500Z,2026-05-04T22:13:23.986562500Z,0.9859582781791688,0.229693278670311,-0.3012871146202087,-0.46133197761289296,3767.359375000001,-26.015624999994465,-287.9296874999889,-0.013265878402650267
14.0625,2026-05-04T22:12:22.570312Z,2026-05-04T22:13:23.994375Z,0.9862863421440125,0.2291191220283508,-0.3310873806476593,-0.3604271393127546,3752.9062500000005,-112.34374999999629,-461.9531249999926,-0.027480814560960538
14.0703125,2026-05-04T22:12:22.578125Z,2026-05-04T22:13:24.002187500Z,0.9858332872390748,0.2329985499382019,-0.3564130067825317,-0.26470437611786657,3738.4531250000005,-198.67187499999812,-635.9765624999964,-0.041695750719270806
14.078125,2026-05-04T22:12:22.585937Z,2026-05-04T22:13:24.010000Z,0.9852709174156188,0.2406798005104065,-0.3779559135437012,-0.16818694372907908,3724.0,-285.0,-810.0,-0.05591068687758107
14.0859375,2026-05-04T22:12:22.593750Z,2026-05-04T22:13:24.017812500Z,0.9787878394126892,0.2518370151519775,-0.3968232572078705,-0.13156598543946377,3715.9921875,-309.8046875000005,-931.4843750000026,-0.14832984242460281
14.09375,2026-05-04T22:12:22.601562Z,2026-05-04T22:13:24.025625Z,0.9726796746253968,0.2681460976600647,-0.4082328677177429,-0.10235502769274489,3707.9843749999995,-334.6093750000011,-1052.9687500000052,-0.24074899797162455
14.1015625,2026-05-04T22:12:22.609375Z,2026-05-04T22:13:24.033437500Z,0.9660247564315796,0.2881639301776886,-0.4116926491260529,-0.09696635768542984,3699.9765624999995,-359.4140625000016,-1174.4531250000077,-0.33316815351864626
14.109375,2026-05-04T22:12:22.617187Z,2026-05-04T22:13:24.041250Z,0.9549643993377686,0.3103076815605164,-0.4088172018527985,-0.15266566845798676,3691.968749999999,-384.2187500000021,-1295.9375000000105,-0.425587309065668
14.1171875,2026-05-04T22:12:22.625000Z,2026-05-04T22:13:24.049062500Z,0.9446226954460144,0.3325910866260529,-0.3985147178173065,-0.22487536085789891,3683.960937499999,-409.0234375000027,-1417.421875000013,-0.5180064646126897
14.125,2026-05-04T22:12:22.632812Z,2026-05-04T22:13:24.056875Z,0.9355620145797728,0.3553245067596436,-0.3851830065250397,-0.2853598483993295,3685.4062500000005,-357.68749999999454,-1459.3281250000027,-0.5147425288598748
14.1328125,2026-05-04T22:12:22.640625Z,2026-05-04T22:13:24.064687500Z,0.9275948405265808,0.3755750954151154,-0.368729829788208,-0.34804357584641066,3688.140625,-295.96874999999596,-1490.382812500002,-0.4984308988389138
14.140625,2026-05-04T22:12:22.648437Z,2026-05-04T22:13:24.072500Z,0.9179717302322388,0.3932186961174011,-0.3477712273597717,-0.4482569669944929,3690.875,-234.24999999999739,-1521.4375000000014,-0.4821192688179528
14.1484375,2026-05-04T22:12:22.656250Z,2026-05-04T22:13:24.080312500Z,0.9112386703491212,0.4075415432453156,-0.3214461207389832,-0.5439206148659391,3693.609375,-172.5312499999988,-1552.4921875000007,-0.46580763879699183
14.15625,2026-05-04T22:12:22.664062Z,2026-05-04T22:13:24.088125Z,0.9045056104660034,0.4184194505214691,-0.2903849482536316,-0.46215038749605575,3696.34375,-110.81250000000023,-1583.546875,-0.44949600877603085
14.1640625,2026-05-04T22:12:22.671875Z,2026-05-04T22:13:24.095937500Z,0.9016155600547792,0.4261162281036377,-0.2528039813041687,-0.36114400782092043,3704.125,-34.54687499999943,-1544.8359374999995,-0.4588531310584322
14.171875,2026-05-04T22:12:22.679687Z,2026-05-04T22:13:24.103750Z,0.8971789479255676,0.4283818006515503,-0.2122860848903656,-0.22464092027276072,3713.5000000000005,46.31250000000229,-1484.0937499999982,-0.47631617512084307
14.1796875,2026-05-04T22:12:22.687500Z,2026-05-04T22:13:24.111562500Z,0.8986318111419678,0.4249679148197174,-0.1672012507915497,-0.12995233196493772,3722.8750000000005,127.17187500000401,-1423.351562499997,-0.4937792191832539
14.1875,2026-05-04T22:12:22.695312Z,2026-05-04T22:13:24.119375Z,0.901599943637848,0.4175038933753967,-0.1189180463552475,-0.04881265604334164,3732.2500000000005,208.03125000000574,-1362.6093749999957,-0.5112422632456648
14.1953125,2026-05-04T22:12:22.703125Z,2026-05-04T22:13:24.127187500Z,0.9034589529037476,0.4059276878833771,-0.0730336159467697,0.03574186151964862,3741.625000000001,288.89062500000745,-1301.8671874999943,-0.5287053073080756
14.203125,2026-05-04T22:12:22.710937Z,2026-05-04T22:13:24.135000Z,0.9101607799530028,0.3907203674316406,-0.0251040775328874,0.06019265822366703,3750.875000000001,323.2500000000007,-1188.999999999988,-0.4887087994374483
14.2109375,2026-05-04T22:12:22.718750Z,2026-05-04T22:13:24.142812500Z,0.917378067970276,0.3710284233093262,0.0235635507851839,0.07000900913402436,3760.0546875000005,331.4531250000005,-1046.8124999999911,-0.416391293604501
14.21875,2026-05-04T22:12:22.726562Z,2026-05-04T22:13:24.150625Z,0.9250797033309937,0.3495053648948669,0.0717698782682418,0.05043874419724985,3769.2343750000005,339.65625000000034,-904.6249999999944,-0.34407378777155373
14.2265625,2026-05-04T22:12:22.734375Z,2026-05-04T22:13:24.158437500Z,0.9310316443443298,0.3277495503425598,0.1190228387713432,0.02093027212321075,3778.4140625,347.8593750000001,-762.4374999999977,-0.2717562819386064
14.234375,2026-05-04T22:12:22.742187Z,2026-05-04T22:13:24.166250Z,0.9409828186035156,0.3061799705028534,0.1688437312841415,-0.09047398681915994,3787.59375,356.06249999999994,-620.250000000001,-0.19943877610565908
14.2421875,2026-05-04T22:12:22.750000Z,2026-05-04T22:13:24.174062500Z,0.9499966502189636,0.2852776348590851,0.217280700802803,-0.2233564794079811,3795.046875,320.2890625000005,-457.7500000000013,-0.16141864865711578
14.25,2026-05-04T22:12:22.757812Z,2026-05-04T22:13:24.181875Z,0.958354353904724,0.2672305703163147,0.2634572684764862,-0.3811667096030401,3800.90625,243.9218749999989,-276.49999999999744,-0.15505763971725536
14.2578125,2026-05-04T22:12:22.765625Z,2026-05-04T22:13:24.189687500Z,0.96154123544693,0.2521784007549286,0.3043442368507385,-0.4969950854945468,3806.765625,167.55468749999727,-95.24999999999356,-0.14869663077739495
14.265625,2026-05-04T22:12:22.773437Z,2026-05-04T22:13:24.197500Z,0.9654310941696168,0.2392987310886383,0.3417714238166809,-0.4912825552209872,3812.6250000000005,91.18749999999564,86.0000000000103,-0.1423356218375345
14.2734375,2026-05-04T22:12:22.781250Z,2026-05-04T22:13:24.205312500Z,0.970680058002472,0.2305777817964554,0.3762154877185822,-0.3269529097874641,3818.4843750000005,14.820312499994003,267.25000000001415,-0.1359746128976741
14.28125,2026-05-04T22:12:22.789062Z,2026-05-04T22:13:24.213125Z,0.972835898399353,0.2273966521024704,0.4059542715549469,-0.19140101749777352,3824.3437500000005,-57.25000000000536,440.14062500001313,-0.14995934873261482
14.2890625,2026-05-04T22:12:22.796875Z,2026-05-04T22:13:24.220937500Z,0.9704144597053528,0.2295380979776382,0.4310030937194824,-0.10463839926169932,3830.2031250000005,-122.87500000000384,600.4921875000094,-0.19446270172974567
14.296875,2026-05-04T22:12:22.804687Z,2026-05-04T22:13:24.228750Z,0.9659934639930724,0.236040011048317,0.4545911252498627,-0.027815045006364798,3836.0625,-188.50000000000233,760.8437500000057,-0.23896605472687651
14.3046875,2026-05-04T22:12:22.812500Z,2026-05-04T22:13:24.236562500Z,0.9637595415115356,0.2468248158693314,0.4769336581230164,0.0846932315513395,3841.921875,-254.1250000000008,921.195312500002,-0.28346940772400736
14.3125,2026-05-04T22:12:22.820312Z,2026-05-04T22:13:24.244375Z,0.9568077921867372,0.2621873021125793,0.4917569160461426,0.12852546604575243,3847.78125,-319.74999999999926,1081.5468749999984,-0.32797276072113823
14.3203125,2026-05-04T22:12:22.828125Z,2026-05-04T22:13:24.252187500Z,0.9480282664299012,0.2811033725738525,0.4990608990192413,0.13070687000854073,3854.1328125,-362.18750000000034,1220.5703124999982,-0.33049177403298524
14.328125,2026-05-04T22:12:22.835937Z,2026-05-04T22:13:24.260000Z,0.9402485489845276,0.3013074100017548,0.5007369518280029,0.12411261596974167,3861.75,-345.0,1304.75,-0.22505105672551642
14.3359375,2026-05-04T22:12:22.843750Z,2026-05-04T22:13:24.267812500Z,0.9321408271789552,0.3213097155094147,0.496846616268158,0.0904344417760946,3869.3671875,-327.81249999999966,1388.9296875000018,-0.11961033941804762
14.34375,2026-05-04T22:12:22.851562Z,2026-05-04T22:13:24.275625Z,0.9224864840507508,0.3413740992546082,0.4865134060382843,0.01416036287174533,3876.9843750000005,-310.62499999999926,1473.1093750000036,-0.014169622110578796
14.3515625,2026-05-04T22:12:22.859375Z,2026-05-04T22:13:24.283437500Z,0.9140506386756896,0.3631609380245209,0.4719823002815247,-0.05635150825105067,3884.6015625000005,-293.4374999999989,1557.2890625000055,0.09127109519689001
14.359375,2026-05-04T22:12:22.867187Z,2026-05-04T22:13:24.291250Z,0.9050992727279664,0.3832563459873199,0.4527612924575806,-0.15295746872507118,3891.7187500000005,-265.6874999999935,1626.7187499999993,0.17992085075704384
14.3671875,2026-05-04T22:12:22.875000Z,2026-05-04T22:13:24.299062500Z,0.8992097973823547,0.3993637263774872,0.4323716461658478,-0.2325999128128742,3896.2109375000005,-182.48437499999542,1618.7109374999995,0.18041805714384748
14.375,2026-05-04T22:12:22.882812Z,2026-05-04T22:13:24.306875Z,0.8938671350479126,0.4130192995071411,0.4066923558712006,-0.3339274008471267,3900.703125,-99.28124999999733,1610.7031249999998,0.18091526353065115
14.3828125,2026-05-04T22:12:22.890625Z,2026-05-04T22:13:24.314687500Z,0.8895866870880127,0.4225937128067017,0.3732323944568634,-0.46789754709386994,3905.1953125,-16.07812499999925,1602.6953125,0.18141246991745483
14.390625,2026-05-04T22:12:22.898437Z,2026-05-04T22:13:24.322500Z,0.8875558376312256,0.427264541387558,0.3348979949951172,-0.5143374340026777,3909.6875,67.12499999999883,1594.6875,0.1819096763042585
14.3984375,2026-05-04T22:12:22.906250Z,2026-05-04T22:13:24.330312500Z,0.8903053402900696,0.4252782762050629,0.2933498322963715,-0.39265039565193127,3913.765625,149.07812499999815,1582.8828125000036,0.1781848424868636
14.40625,2026-05-04T22:12:22.914062Z,2026-05-04T22:13:24.338125Z,0.8918519020080566,0.4191953241825104,0.2470656037330627,-0.24225022015786096,3907.90625,201.03124999999926,1479.9531250000014,0.07313104376860692
14.4140625,2026-05-04T22:12:22.921875Z,2026-05-04T22:13:24.345937500Z,0.8961010575294495,0.4097605645656586,0.1990591734647751,-0.1231016030830087,3902.046875,252.98437500000037,1377.0234374999993,-0.031922754949649745
14.421875,2026-05-04T22:12:22.929687Z,2026-05-04T22:13:24.353750Z,0.9035683274269104,0.3960118889808655,0.1524981707334518,-0.04690813039628484,3896.1875,304.9375000000015,1274.093749999997,-0.1369765536679064
14.4296875,2026-05-04T22:12:22.937500Z,2026-05-04T22:13:24.361562500Z,0.9119729399681092,0.3786320686340332,0.105445109307766,0.009324716203299225,3890.3281249999995,356.8906250000026,1171.164062499995,-0.24203035238616308
14.4375,2026-05-04T22:12:22.945312Z,2026-05-04T22:13:24.369375Z,0.9221115112304688,0.3583349287509918,0.0579307377338409,0.030056278652114056,3884.4687499999995,408.8437500000037,1068.2343749999927,-0.34708415110441976
14.4453125,2026-05-04T22:12:22.953125Z,2026-05-04T22:13:24.377187500Z,0.9315940141677856,0.3385343551635742,0.0087864287197589,0.024771611552599153,3871.242187499999,380.1171874999982,912.2968749999917,-0.3125270479085643
14.453125,2026-05-04T22:12:22.960937Z,2026-05-04T22:13:24.385000Z,0.9407484531402588,0.3171975314617157,-0.0413573682308197,-0.004130192646613969,3857.3749999999995,344.374999999999,751.7499999999955,-0.2658298662854066
14.4609375,2026-05-04T22:12:22.968750Z,2026-05-04T22:13:24.392812500Z,0.9498248100280762,0.2954727709293365,-0.0893022865056991,-0.06309590781575801,3843.5078125,308.63281249999983,591.2031249999991,-0.219132684662249
14.46875,2026-05-04T22:12:22.976562Z,2026-05-04T22:13:24.400625Z,0.9623535871505736,0.2763239145278931,-0.1343102306127548,-0.1973405484493861,3829.6406250000005,272.8906250000006,430.6562500000028,-0.17243550303909136
14.4765625,2026-05-04T22:12:22.984375Z,2026-05-04T22:13:24.408437500Z,0.9691647291183472,0.2602165639400482,-0.1797179728746414,-0.3032229414070327,3815.7734375000005,237.14843750000145,270.1093750000065,-0.12573832141593372
14.484375,2026-05-04T22:12:22.992187Z,2026-05-04T22:13:24.416250Z,0.974944829940796,0.2473834604024887,-0.2206510603427887,-0.42065966702704116,3804.0937500000005,163.28125000000236,106.59375000000468,-0.10992749476955574
14.4921875,2026-05-04T22:12:23.000000Z,2026-05-04T22:13:24.424062500Z,0.9798657298088074,0.2387090623378754,-0.2546492218971252,-0.5387879025904215,3792.9609375,79.8828125000006,-57.66406249999882,-0.10183825686737488
14.5,2026-05-04T22:12:23.007812Z,2026-05-04T22:13:24.431875Z,0.983974277973175,0.2338830530643463,-0.2840189337730408,-0.46842284793378214,3781.828125,-3.5156250000011813,-221.92187500000233,-0.09374901896519401
14.5078125,2026-05-04T22:12:23.015625Z,2026-05-04T22:13:24.439687500Z,0.9852396845817566,0.2340227067470551,-0.3103594183921814,-0.3720432744697686,3770.6953124999995,-86.91406250000296,-386.1796875000058,-0.08565978106301315
14.515625,2026-05-04T22:12:23.023437Z,2026-05-04T22:13:24.447500Z,0.9837712049484252,0.2391901016235352,-0.3339935839176178,-0.29473256571554546,3759.5624999999995,-170.31250000000475,-550.4375000000093,-0.0775705431608323
14.5234375,2026-05-04T22:12:23.031250Z,2026-05-04T22:13:24.455312500Z,0.980428159236908,0.2475851625204086,-0.3562438488006592,-0.2274632708112764,3748.1640624999995,-224.0937500000019,-690.7890625000061,-0.12422584252831526
14.53125,2026-05-04T22:12:23.039062Z,2026-05-04T22:13:24.463125Z,0.9760852456092834,0.2583389282226562,-0.373173713684082,-0.1792652960822428,3736.6406249999995,-263.937500000001,-819.8906250000032,-0.19664327708151486
14.5390625,2026-05-04T22:12:23.046875Z,2026-05-04T22:13:24.470937500Z,0.9713518023490906,0.2735773026943207,-0.3836453258991241,-0.14329419047694955,3725.1171875,-303.78125000000006,-948.9921875000002,-0.26906071163471446
14.546875,2026-05-04T22:12:23.054687Z,2026-05-04T22:13:24.478750Z,0.9614318609237672,0.2928502857685089,-0.3889042139053345,-0.16692780759919612,3713.5937500000005,-343.62499999999915,-1078.0937499999973,-0.341478146187914
14.5546875,2026-05-04T22:12:23.062500Z,2026-05-04T22:13:24.486562500Z,0.9526680111885072,0.3142491579055786,-0.3850446343421936,-0.20320818443823957,3702.0703125000005,-383.46874999999824,-1207.1953124999943,-0.4138955807411136
14.5625,2026-05-04T22:12:23.070312Z,2026-05-04T22:13:24.494375Z,0.9453412890434264,0.3365636169910431,-0.373035341501236,-0.2473747655160507,3697.4375,-373.1093750000021,-1291.890624999998,-0.44737505919099185
14.5703125,2026-05-04T22:12:23.078125Z,2026-05-04T22:13:24.502187500Z,0.9342653751373292,0.3570624887943268,-0.3596267402172089,-0.3347769497266733,3698.21875,-323.3046875000011,-1341.6953124999989,-0.45026042927396803
14.578125,2026-05-04T22:12:23.085937Z,2026-05-04T22:13:24.510000Z,0.9250484704971312,0.3761802911758423,-0.3442499339580536,-0.4073869021779708,3699.0,-273.5,-1391.5,-0.45314579935694416
14.5859375,2026-05-04T22:12:23.093750Z,2026-05-04T22:13:24.517812500Z,0.9185653328895568,0.3933428525924683,-0.3246906101703644,-0.4669512136510321,3699.78125,-223.69531249999895,-1441.3046875000011,-0.4560311694399203
14.59375,2026-05-04T22:12:23.101562Z,2026-05-04T22:13:24.525625Z,0.9118791818618774,0.4060518443584442,-0.3010256886482239,-0.5552774977584045,3700.5625,-173.8906249999979,-1491.109375000002,-0.45891653952289646
14.6015625,2026-05-04T22:12:23.109375Z,2026-05-04T22:13:24.533437500Z,0.9066614508628844,0.4150986671447754,-0.270594984292984,-0.4651821415929562,3703.234375,-111.02343749999648,-1499.320312499998,-0.46612381803298525
14.609375,2026-05-04T22:12:23.117187Z,2026-05-04T22:13:24.541250Z,0.903146505355835,0.4216005802154541,-0.2350283861160278,-0.3640993192780377,3708.3125,-31.531249999998302,-1454.593749999999,-0.4788317072684889
14.6171875,2026-05-04T22:12:23.125000Z,2026-05-04T22:13:24.549062500Z,0.8985224366188049,0.4231989085674286,-0.1971860378980637,-0.23497296030205841,3713.390625,47.960937499999865,-1409.8671875,-0.4915395965039926
14.625,2026-05-04T22:12:23.132812Z,2026-05-04T22:13:24.556875Z,0.9004439115524292,0.4201884567737579,-0.1531929671764374,-0.15608958249550864,3718.46875,127.45312499999802,-1365.1406250000011,-0.5042474857394962
14.6328125,2026-05-04T22:12:23.140625Z,2026-05-04T22:13:24.564687500Z,0.904583752155304,0.4120571911334991,-0.1071855276823044,-0.09489859730625308,3723.5468749999995,206.9453124999962,-1320.414062500002,-0.5169553749749999
14.640625,2026-05-04T22:12:23.148437Z,2026-05-04T22:13:24.572500Z,0.9072238802909852,0.4008068740367889,-0.0632693395018577,-0.02850992729804577,3729.6874999999995,266.624999999999,-1251.3125000000068,-0.5052460811622302
14.6484375,2026-05-04T22:12:23.156250Z,2026-05-04T22:13:24.580312500Z,0.9123478531837464,0.3856770992279053,-0.0181537549942731,0.006233361440672129,3738.0859374999995,284.2031249999994,-1130.4140625000043,-0.4416502733718644
14.65625,2026-05-04T22:12:23.164062Z,2026-05-04T22:13:24.588125Z,0.9190496206283568,0.3665437996387482,0.0273923799395561,0.01532347109820308,3746.484375,301.7812499999998,-1009.5156250000017,-0.3780544655814986
14.6640625,2026-05-04T22:12:23.171875Z,2026-05-04T22:13:24.595937500Z,0.9250797033309937,0.3453621566295624,0.0721696689724922,0.012976260243781656,3754.8828125,319.3593750000001,-888.6171874999992,-0.3144586577911328
14.671875,2026-05-04T22:12:23.179687Z,2026-05-04T22:13:24.603750Z,0.9338279962539672,0.3249874114990234,0.1181002259254456,-0.053076208505483044,3763.2812500000005,336.9375000000005,-767.7187499999966,-0.25086285000076697
14.6796875,2026-05-04T22:12:23.187500Z,2026-05-04T22:13:24.611562500Z,0.943622887134552,0.3051092624664307,0.1647534966468811,-0.16308499547615668,3771.1718750000005,339.59374999999767,-638.2265624999933,-0.19485876378267877
14.6875,2026-05-04T22:12:23.195312Z,2026-05-04T22:13:24.619375Z,0.9491530656814576,0.2857897281646729,0.209407776594162,-0.25091865942111563,3777.03125,282.562499999999,-474.3593749999971,-0.16922156385369233
14.6953125,2026-05-04T22:12:23.203125Z,2026-05-04T22:13:24.627187500Z,0.9569952487945556,0.2680995464324951,0.2540774345397949,-0.39609073860944544,3782.890625,225.5312500000003,-310.49218750000085,-0.1435843639247059
14.703125,2026-05-04T22:12:23.210937Z,2026-05-04T22:13:24.635000Z,0.9636502265930176,0.2539008557796478,0.2950566411018372,-0.5499399995039411,3788.75,168.50000000000162,-146.62500000000463,-0.11794716399571945
14.7109375,2026-05-04T22:12:23.218750Z,2026-05-04T22:13:24.642812500Z,0.9652124047279358,0.2431315928697586,0.3285934925079346,-0.47628453760522765,3794.6093749999995,111.46875000000293,17.242187499991577,-0.092309964066733
14.71875,2026-05-04T22:12:23.226562Z,2026-05-04T22:13:24.650625Z,0.9688522815704346,0.2366917580366135,0.3597930371761322,-0.34067776028349966,3800.7187499999995,53.5937500000048,180.93749999998852,-0.07565251183717919
14.7265625,2026-05-04T22:12:23.234375Z,2026-05-04T22:13:24.658437500Z,0.970680058002472,0.2335571795701981,0.3884093165397644,-0.21717282948500255,3809.7031249999995,-13.984374999996634,342.6562499999919,-0.1622621581512026
14.734375,2026-05-04T22:12:23.242187Z,2026-05-04T22:13:24.666250Z,0.9686492085456848,0.2347054928541183,0.412643164396286,-0.13612975939325914,3818.6874999999995,-81.56249999999807,504.3749999999954,-0.24887180446522603
14.7421875,2026-05-04T22:12:23.250000Z,2026-05-04T22:13:24.674062500Z,0.9648218154907228,0.2416574209928513,0.434355229139328,-0.06381700226197928,3827.671875,-149.14062499999952,666.0937499999989,-0.33548145077924946
14.75,2026-05-04T22:12:23.257812Z,2026-05-04T22:13:24.681875Z,0.9612600207328796,0.2541181147098541,0.4534071087837219,0.020423196606758707,3836.65625,-216.71875000000094,827.8125000000023,-0.42209109709327286
14.7578125,2026-05-04T22:12:23.265625Z,2026-05-04T22:13:24.689687500Z,0.9541520476341248,0.2684719860553741,0.4676153063774109,0.055108890032192284,3845.6406250000005,-284.2968750000024,989.5312500000057,-0.5087007434072963
14.765625,2026-05-04T22:12:23.273437Z,2026-05-04T22:13:24.697500Z,0.9480907917022704,0.2860690355300903,0.477656364440918,0.09560933613210451,3850.125,-290.56250000000006,1092.9375000000014,-0.40772378252695124
14.7734375,2026-05-04T22:12:23.281250Z,2026-05-04T22:13:24.705312500Z,0.9389363527297974,0.3058851361274719,0.4787019789218903,0.07086442072779953,3854.421875,-294.27343749999994,1193.914062499999,-0.298930713013515
14.78125,2026-05-04T22:12:23.289062Z,2026-05-04T22:13:24.713125Z,0.9294226169586182,0.3253443241119385,0.4723052382469177,0.00967650748642059,3858.71875,-297.9843749999999,1294.8906249999968,-0.19013764350007875
14.7890625,2026-05-04T22:12:23.296875Z,2026-05-04T22:13:24.720937500Z,0.9227988719940186,0.3446173071861267,0.4630637466907501,-0.03026710046707505,3863.0156249999995,-301.6953124999998,1395.8671874999945,-0.08134457398664248
14.796875,2026-05-04T22:12:23.304687Z,2026-05-04T22:13:24.728750Z,0.9153472185134888,0.3636885285377502,0.4493937790393829,-0.09415473799202231,3867.3124999999995,-305.4062499999997,1496.843749999992,0.027448495526793775
14.8046875,2026-05-04T22:12:23.312500Z,2026-05-04T22:13:24.736562500Z,0.9059740900993348,0.3820304572582245,0.4298959672451019,-0.2010152680753182,3875.5468749999995,-247.42968750000446,1518.9062499999995,0.0687061323204335
14.8125,2026-05-04T22:12:23.320312Z,2026-05-04T22:13:24.744375Z,0.9002564549446106,0.398898184299469,0.4097369611263275,-0.2707484973546734,3884.5312499999995,-177.70312500000296,1525.9374999999998,0.09709987716743747
14.8203125,2026-05-04T22:12:23.328125Z,2026-05-04T22:13:24.752187500Z,0.895226240158081,0.4107536971569061,0.3860874176025391,-0.3637115912415955,3893.515625,-107.97656250000146,1532.9687499999998,0.12549362201444145
14.828125,2026-05-04T22:12:23.335937Z,2026-05-04T22:13:24.760000Z,0.8922111988067627,0.4178452789783478,0.3559334576129913,-0.47798169265121176,3902.5,-38.24999999999998,1540.0,0.1538873668614454
14.8359375,2026-05-04T22:12:23.343750Z,2026-05-04T22:13:24.767812500Z,0.8911645412445068,0.4216936826705933,0.3192751407623291,-0.5220078412441638,3911.484375,31.476562500001513,1547.0312500000002,0.18228111170844938
14.84375,2026-05-04T22:12:23.351562Z,2026-05-04T22:13:24.775625Z,0.8916488289833069,0.42087122797966,0.2772349119186401,-0.3871584956452679,3911.46875,97.8281250000007,1488.812499999999,0.1322813985981954
14.8515625,2026-05-04T22:12:23.359375Z,2026-05-04T22:13:24.783437500Z,0.8942264318466187,0.4139503538608551,0.2332418411970139,-0.2572857462175087,3907.953125,162.86718749999918,1405.2187500000011,0.05179534072678967
14.859375,2026-05-04T22:12:23.367187Z,2026-05-04T22:13:24.791250Z,0.9027247428894044,0.4031034708023071,0.1912016272544861,-0.19765468146320497,3904.4375,227.90624999999767,1321.625000000003,-0.028690717144616053
14.8671875,2026-05-04T22:12:23.375000Z,2026-05-04T22:13:24.799062500Z,0.906723976135254,0.3902703523635864,0.1454863399267197,-0.0947504922107942,3900.921875,292.9453124999962,1238.031250000005,-0.10917677501602177
14.875,2026-05-04T22:12:23.382812Z,2026-05-04T22:13:24.806875Z,0.9123634696006776,0.3747060894966125,0.0981257408857345,-0.020536355870379525,3897.4062500000005,357.98437499999466,1154.4375000000068,-0.1896628328874275
14.8828125,2026-05-04T22:12:23.390625Z,2026-05-04T22:13:24.814687500Z,0.9232050776481628,0.3554486334323883,0.0546554774045944,-0.019516232293048268,3889.085937500001,371.9296875000016,1035.8046875000111,-0.2307139136896298
14.890625,2026-05-04T22:12:23.398437Z,2026-05-04T22:13:24.822500Z,0.9350308775901794,0.3350428938865662,0.009847430512309,-0.05171506302386975,3877.5625000000005,351.81250000000114,893.8125000000081,-0.24547500977901981
14.8984375,2026-05-04T22:12:23.406250Z,2026-05-04T22:13:24.830312500Z,0.9424981474876404,0.3148233294487,-0.0386203005909919,-0.06539180175871709,3866.0390625000005,331.69531250000074,751.8203125000051,-0.26023610586840984
14.90625,2026-05-04T22:12:23.414062Z,2026-05-04T22:13:24.838125Z,0.951105773448944,0.2957831025123596,-0.0854580849409103,-0.12689380173646136,3854.515625,311.5781250000003,609.828125000002,-0.2749972019577999
14.9140625,2026-05-04T22:12:23.421875Z,2026-05-04T22:13:24.845937500Z,0.9621192216873168,0.2778136134147644,-0.1282978951931,-0.24252061197421693,3842.9921875,291.46093749999983,467.83593749999903,-0.28975829804718994
14.921875,2026-05-04T22:12:23.429687Z,2026-05-04T22:13:24.853750Z,0.9682430624961852,0.2613183259963989,-0.1690618395805359,-0.32685262024382383,3829.3125,243.49999999999943,316.84374999999886,-0.27320791569843067
14.9296875,2026-05-04T22:12:23.437500Z,2026-05-04T22:13:24.861562500Z,0.9742262363433838,0.2496645599603653,-0.2065505236387253,-0.43719919928233303,3813.2968750000005,165.37500000000125,156.1015625000026,-0.2227367650416788
14.9375,2026-05-04T22:12:23.445312Z,2026-05-04T22:13:24.869375Z,0.9782097935676576,0.2429453879594803,-0.2410253584384918,-0.5468464851209618,3797.2812500000005,87.25000000000306,-4.64062499999369,-0.1722656143849269
14.9453125,2026-05-04T22:12:23.453125Z,2026-05-04T22:13:24.877187500Z,0.9818028807640076,0.2388332039117813,-0.2694878280162811,-0.4706536954716697,3781.265625000001,9.12500000000486,-165.38281249998997,-0.12179446372817504
14.953125,2026-05-04T22:12:23.460937Z,2026-05-04T22:13:24.885000Z,0.9833182096481324,0.2394694238901138,-0.2934910655021667,-0.38091709682512154,3765.2500000000014,-68.99999999999334,-326.12499999998624,-0.07132331307142316
14.9609375,2026-05-04T22:12:23.468750Z,2026-05-04T22:13:24.892812500Z,0.9825370907783508,0.2446678429841995,-0.3159258365631104,-0.3033536888594842,3751.414062500001,-137.42187499999528,-476.5312499999878,-0.06183551287755086
14.96875,2026-05-04T22:12:23.476562Z,2026-05-04T22:13:24.900625Z,0.9774911999702454,0.2527680695056915,-0.3358234465122223,-0.2678290317036503,3741.453125000001,-188.59374999999636,-608.5624999999906,-0.1252070023954962
14.9765625,2026-05-04T22:12:23.484375Z,2026-05-04T22:13:24.908437500Z,0.972835898399353,0.2644063532352448,-0.3506774306297302,-0.23071242396858752,3731.4921875000005,-239.76562499999747,-740.5937499999934,-0.18857849191344156
14.984375,2026-05-04T22:12:23.492187Z,2026-05-04T22:13:24.916250Z,0.9673057198524476,0.2797223031520844,-0.3604724705219269,-0.2066506832105786,3721.5312500000005,-290.9374999999986,-872.6249999999962,-0.2519499814313869
14.9921875,2026-05-04T22:12:23.500000Z,2026-05-04T22:13:24.924062500Z,0.9595103859901428,0.297986626625061,-0.3645934462547302,-0.21505021911715386,3711.5703125,-342.10937499999966,-1004.6562499999991,-0.3153214709493322
15.0,2026-05-04T22:12:23.507812Z,2026-05-04T22:13:24.931875Z,0.9536052942276,0.3184234201908112,-0.3611336648464203,-0.22031265923662927,3703.625,-372.7968749999999,-1119.4375000000002,-0.3714887148253272
15.0078125,2026-05-04T22:12:23.515625Z,2026-05-04T22:13:24.939687500Z,0.9416545629501344,0.3383791744709015,-0.3530915975570679,-0.3033667453117641,3702.0625,-338.6171875000007,-1179.5937499999989,-0.40484251416848027
15.015625,2026-05-04T22:12:23.523437Z,2026-05-04T22:13:24.947500Z,0.9330156445503236,0.3579780161380768,-0.3396061360836029,-0.3662244212957643,3700.5,-304.4375000000015,-1239.7499999999975,-0.4381963135116333
15.0234375,2026-05-04T22:12:23.531250Z,2026-05-04T22:13:24.955312500Z,0.92572021484375,0.3765992522239685,-0.321384608745575,-0.42836023862171135,3698.9375,-270.2578125000022,-1299.9062499999961,-0.4715501128547863
15.03125,2026-05-04T22:12:23.539062Z,2026-05-04T22:13:24.963125Z,0.9189403057098388,0.3923186957836151,-0.3014254868030548,-0.49499550490864824,3697.375,-236.07812500000304,-1360.0624999999945,-0.5049039121979394
15.0390625,2026-05-04T22:12:23.546875Z,2026-05-04T22:13:24.970937500Z,0.9115511178970336,0.404655247926712,-0.2789599597454071,-0.5400615511277904,3696.7265624999995,-196.8828125000081,-1410.585937500002,-0.5346858938580354
15.046875,2026-05-04T22:12:23.554687Z,2026-05-04T22:13:24.978750Z,0.9079424738883972,0.4132210314273834,-0.2512048184871674,-0.4651689821867317,3702.7812499999995,-120.90625000000648,-1390.4687500000018,-0.5382745458423528
15.0546875,2026-05-04T22:12:23.562500Z,2026-05-04T22:13:24.986562500Z,0.9045369029045104,0.4173332154750824,-0.2190826386213303,-0.3685600530063019,3708.8359374999995,-44.92968750000486,-1370.3515625000014,-0.5418631978266701
15.0625,2026-05-04T22:12:23.570312Z,2026-05-04T22:13:24.994375Z,0.901990532875061,0.4173176884651184,-0.1822243928909302,-0.2614215328172248,3714.8906249999995,31.046874999996763,-1350.234375000001,-0.5454518498109875
15.0703125,2026-05-04T22:12:23.578125Z,2026-05-04T22:13:25.002187500Z,0.9040682315826416,0.4151762425899506,-0.1406301110982895,-0.1998513889231341,3720.9453125,107.02343749999838,-1330.1171875000005,-0.549040501795305
15.078125,2026-05-04T22:12:23.585937Z,2026-05-04T22:13:25.010000Z,0.9055367112159728,0.4077588021755219,-0.0972059741616249,-0.12263085058063085,3727.0,183.0,-1310.0,-0.5526291537796223
15.0859375,2026-05-04T22:12:23.593750Z,2026-05-04T22:13:25.017812500Z,0.9098483324050904,0.3954532444477081,-0.0537203326821327,-0.07466053540833366,3734.6171875,219.13281250000077,-1203.1640624999977,-0.5032053391935296
15.09375,2026-05-04T22:12:23.601562Z,2026-05-04T22:13:25.025625Z,0.915487825870514,0.3802459239959717,-0.0101424325257539,-0.05131475398587268,3742.2343750000005,255.26562500000153,-1096.3281249999955,-0.4537815246074369
15.1015625,2026-05-04T22:12:23.609375Z,2026-05-04T22:13:25.033437500Z,0.9196901321411132,0.3619970977306366,0.0308675393462181,-0.022015891896203656,3749.8515625000005,291.3984375000023,-989.4921874999932,-0.4043577100213443
15.109375,2026-05-04T22:12:23.617187Z,2026-05-04T22:13:25.041250Z,0.928454041481018,0.3419482409954071,0.0735843405127525,-0.0608286783848238,3757.4687500000005,327.53125000000307,-882.6562499999909,-0.3549338954352516
15.1171875,2026-05-04T22:12:23.625000Z,2026-05-04T22:13:25.049062500Z,0.9373897910118104,0.3218993842601776,0.1181309819221497,-0.1301390504082068,3765.085937500001,363.66406250000387,-775.8203124999886,-0.3055100808491589
15.125,2026-05-04T22:12:23.632812Z,2026-05-04T22:13:25.056875Z,0.9435760378837584,0.3032626509666443,0.1610169261693954,-0.1974939193036875,3772.1875000000005,326.4062499999958,-630.3124999999866,-0.2691348303643579
15.1328125,2026-05-04T22:12:23.640625Z,2026-05-04T22:13:25.064687500Z,0.9496998190879822,0.2861776649951935,0.2039951384067535,-0.29443019270804527,3779.2187500000005,279.1406249999969,-479.5312499999901,-0.23453892952973113
15.140625,2026-05-04T22:12:23.648437Z,2026-05-04T22:13:25.072500Z,0.9570733904838562,0.2693254351615906,0.2461891174316406,-0.4274615557905808,3786.2500000000005,231.87499999999798,-328.74999999999363,-0.19994302869510439
15.1484375,2026-05-04T22:12:23.656250Z,2026-05-04T22:13:25.080312500Z,0.9627597332000732,0.2557319402694702,0.283600926399231,-0.5574144499917963,3793.28125,184.6093749999991,-177.9687499999971,-0.16534712786047762
15.15625,2026-05-04T22:12:23.664062Z,2026-05-04T22:13:25.088125Z,0.9653842449188232,0.2458471804857254,0.3166610896587372,-0.45956273072628145,3800.3125,137.34375000000017,-27.187500000000604,-0.13075122702585085
15.1640625,2026-05-04T22:12:23.671875Z,2026-05-04T22:13:25.095937500Z,0.9687272906303406,0.2411453276872635,0.3464921116828918,-0.330934937465631,3808.0859375,69.29687499999947,126.4140625000011,-0.1818309550610271
15.171875,2026-05-04T22:12:23.679687Z,2026-05-04T22:13:25.103750Z,0.9681336879730223,0.2384762912988663,0.3732016384601593,-0.24414077092479836,3816.09375,-5.312500000002123,280.9062500000044,-0.25996614484456354
15.1796875,2026-05-04T22:12:23.687500Z,2026-05-04T22:13:25.111562500Z,0.9666027426719666,0.2408039420843124,0.396912693977356,-0.15950426854526845,3824.1015625000005,-79.92187500000371,435.3984375000077,-0.3381013346281
15.1875,2026-05-04T22:12:23.695312Z,2026-05-04T22:13:25.119375Z,0.9631346464157104,0.2487800270318985,0.4158876836299896,-0.09513063323289048,3832.1093750000005,-154.53125000000531,589.890625000011,-0.4162365244116364
15.1953125,2026-05-04T22:12:23.703125Z,2026-05-04T22:13:25.127187500Z,0.9584324955940248,0.2589906752109528,0.4324177503585815,-0.04348042118255935,3840.117187500001,-229.1406250000069,744.3828125000143,-0.49437171419517284
15.203125,2026-05-04T22:12:23.710937Z,2026-05-04T22:13:25.135000Z,0.9546051025390624,0.273406594991684,0.4462107717990875,0.022522291874734847,3845.1250000000005,-264.8750000000012,871.5000000000095,-0.4671354720131985
15.2109375,2026-05-04T22:12:23.718750Z,2026-05-04T22:13:25.142812500Z,0.9469191431999208,0.2908484935760498,0.454283595085144,0.03502451547954581,3848.4453125,-278.74218750000085,983.2187500000069,-0.38062779935065005
15.21875,2026-05-04T22:12:23.726562Z,2026-05-04T22:13:25.150625Z,0.9366086721420288,0.3094542026519775,0.456082671880722,-0.0011746898020349728,3851.765625,-292.60937500000057,1094.9375000000043,-0.29412012668810156
15.2265625,2026-05-04T22:12:23.734375Z,2026-05-04T22:13:25.158437500Z,0.929282009601593,0.3290840983390808,0.4523307383060455,-0.02410661418463226,3855.0859375,-306.4765625000002,1206.6562500000018,-0.20761245402555312
15.234375,2026-05-04T22:12:23.742187Z,2026-05-04T22:13:25.166250Z,0.9219396710395812,0.3477984368801117,0.4418745040893555,-0.0771609353673177,3858.40625,-320.3437499999999,1318.374999999999,-0.12110478136300463
15.2421875,2026-05-04T22:12:23.750000Z,2026-05-04T22:13:25.174062500Z,0.913722574710846,0.3654110133647919,0.4262362718582153,-0.16143614937709602,3863.046875,-295.61718750000045,1384.6953124999998,-0.06116479678630871
15.25,2026-05-04T22:12:23.757812Z,2026-05-04T22:13:25.181875Z,0.9091765880584716,0.3813166320323944,0.4098446071147919,-0.21104005627061773,3868.90625,-235.26562499999915,1409.1093750000005,-0.025748831981170776
15.2578125,2026-05-04T22:12:23.765625Z,2026-05-04T22:13:25.189687500Z,0.901599943637848,0.3956549763679504,0.3886245787143707,-0.3129355020052455,3874.765625,-174.91406249999787,1433.523437500001,0.00966713282396716
15.265625,2026-05-04T22:12:23.773437Z,2026-05-04T22:13:25.197500Z,0.8966009616851807,0.4082553684711456,0.364344596862793,-0.40131036003738546,3880.6250000000005,-114.56249999999658,1457.9375000000014,0.0450830976291051
15.2734375,2026-05-04T22:12:23.781250Z,2026-05-04T22:13:25.205312500Z,0.8931797742843628,0.4152538478374481,0.3368662297725677,-0.5042170205458103,3886.4843750000005,-54.21093749999528,1482.3515625000018,0.08049906243424304
15.28125,2026-05-04T22:12:23.789062Z,2026-05-04T22:13:25.213125Z,0.8955855369567871,0.417736679315567,0.3042519986629486,-0.5454454525540029,3889.921875,10.125000000005747,1472.156249999995,0.0809344747397092
15.2890625,2026-05-04T22:12:23.796875Z,2026-05-04T22:13:25.220937500Z,0.8936952948570251,0.4149590134620667,0.2636110484600067,-0.38642026161547555,3889.7265625,80.43750000000412,1410.0468749999964,0.028899058295687566
15.296875,2026-05-04T22:12:23.804687Z,2026-05-04T22:13:25.228750Z,0.8981475234031677,0.4090467691421509,0.2220782786607742,-0.2941927611424061,3889.53125,150.7500000000025,1347.9374999999977,-0.023136358148334066
15.3046875,2026-05-04T22:12:23.812500Z,2026-05-04T22:13:25.236562500Z,0.9033496379852296,0.3980602324008942,0.1791615784168243,-0.20202274697322767,3889.3359375,221.06250000000088,1285.8281249999993,-0.0751717745923557
15.3125,2026-05-04T22:12:23.820312Z,2026-05-04T22:13:25.244375Z,0.9098483324050904,0.3848081231117249,0.1358143240213394,-0.13463762026696507,3889.140625,291.37499999999926,1223.7187500000007,-0.12720719103637734
15.3203125,2026-05-04T22:12:23.828125Z,2026-05-04T22:13:25.252187500Z,0.917378067970276,0.3696473240852356,0.0939432457089424,-0.09549997100776478,3887.03125,340.5781250000001,1144.0000000000027,-0.18039440324792824
15.328125,2026-05-04T22:12:23.835937Z,2026-05-04T22:13:25.260000Z,0.9248297214508056,0.3523916602134705,0.050150066614151,-0.06833379529423518,3880.0,335.5,1019.0,-0.23654337600455477
15.3359375,2026-05-04T22:12:23.843750Z,2026-05-04T22:13:25.267812500Z,0.9350464940071106,0.3326531648635864,0.0075101535767316,-0.08811537244318796,3872.96875,330.4218749999999,893.9999999999973,-0.2926923487611813
15.34375,2026-05-04T22:12:23.851562Z,2026-05-04T22:13:25.275625Z,0.9436854124069214,0.3131629228591919,-0.0357140824198722,-0.11733710532389255,3865.9374999999995,325.3437499999998,768.9999999999947,-0.3488413215178078
15.3515625,2026-05-04T22:12:23.859375Z,2026-05-04T22:13:25.283437500Z,0.9532616138458252,0.2947434186935425,-0.0804298669099807,-0.18892088386652844,3858.9062499999995,320.26562499999966,643.9999999999919,-0.40499029427443434
15.359375,2026-05-04T22:12:23.867187Z,2026-05-04T22:13:25.291250Z,0.9598540663719176,0.2785739898681641,-0.1224547028541565,-0.2566520613728056,3850.6562499999986,304.4999999999944,514.312499999988,-0.44117157171893434
15.3671875,2026-05-04T22:12:23.875000Z,2026-05-04T22:13:25.299062500Z,0.968071222305298,0.2647166848182678,-0.1600356549024582,-0.36492048927574006,3836.007812499999,232.62499999999605,360.0156249999915,-0.3725224487748342
15.375,2026-05-04T22:12:23.882812Z,2026-05-04T22:13:25.306875Z,0.9729139804840088,0.2541646659374237,-0.1956944912672043,-0.4575306695723771,3821.3593749999995,160.7499999999977,205.71874999999505,-0.30387332583073406
15.3828125,2026-05-04T22:12:23.890625Z,2026-05-04T22:13:25.314687500Z,0.9768194556236268,0.2458316832780838,-0.2275245189666748,-0.5505383132881222,3806.7109375,88.87499999999937,51.4218749999986,-0.23522420288663393
15.390625,2026-05-04T22:12:23.898437Z,2026-05-04T22:13:25.322500Z,0.9796470403671264,0.2433178126811981,-0.2556487023830414,-0.47582322793471254,3792.0625,17.000000000001034,-102.87499999999785,-0.1665750799425338
15.3984375,2026-05-04T22:12:23.906250Z,2026-05-04T22:13:25.330312500Z,0.9793658256530762,0.2450868338346481,-0.2796980440616608,-0.40542540620666795,3777.5234375000005,-54.304687499997954,-256.2890624999953,-0.10218394289841612
15.40625,2026-05-04T22:12:23.914062Z,2026-05-04T22:13:25.338125Z,0.979131519794464,0.2507973313331604,-0.2989498376846313,-0.3331431969096725,3765.609375,-111.92187499999918,-388.5156249999981,-0.13998446745397441
15.4140625,2026-05-04T22:12:23.921875Z,2026-05-04T22:13:25.345937500Z,0.976507008075714,0.2588509917259216,-0.314142107963562,-0.2899799109970223,3753.6953125,-169.5390625000004,-520.7421875000009,-0.1777849920095327
15.421875,2026-05-04T22:12:23.929687Z,2026-05-04T22:13:25.353750Z,0.9711018204689026,0.2709082663059235,-0.328473299741745,-0.26385861303076835,3741.7812499999995,-227.15625000000165,-652.9687500000038,-0.21558551656509103
15.4296875,2026-05-04T22:12:23.937500Z,2026-05-04T22:13:25.361562500Z,0.9627128839492798,0.2860845625400543,-0.3399136662483215,-0.2660580903142253,3729.8671874999995,-284.77343750000284,-785.1953125000066,-0.25338604112064933
15.4375,2026-05-04T22:12:23.945312Z,2026-05-04T22:13:25.369375Z,0.9575576782226562,0.3027815818786621,-0.3433273136615753,-0.2531247861272958,3717.953124999999,-342.3906250000041,-917.4218750000093,-0.29118656567620765
15.4453125,2026-05-04T22:12:23.953125Z,2026-05-04T22:13:25.377187500Z,0.9515119791030884,0.3201614022254944,-0.3396984040737152,-0.26945096695966236,3715.5625,-329.031249999999,-998.617187500004,-0.33846794975345423
15.453125,2026-05-04T22:12:23.960937Z,2026-05-04T22:13:25.385000Z,0.94173264503479,0.3405982255935669,-0.3317331969738007,-0.32525273767139146,3714.0,-309.49999999999943,-1075.3750000000023,-0.38657375639780334
15.4609375,2026-05-04T22:12:23.968750Z,2026-05-04T22:13:25.392812500Z,0.9317346215248108,0.360678106546402,-0.3186782896518707,-0.3960819184527572,3712.4375,-289.9687499999999,-1152.1328125000005,-0.4346795630421524
15.46875,2026-05-04T22:12:23.976562Z,2026-05-04T22:13:25.400625Z,0.9255014657974244,0.3772975504398346,-0.3005336225032806,-0.45102880278600904,3710.875,-270.43750000000034,-1228.8906249999986,-0.4827853696865015
15.4765625,2026-05-04T22:12:23.984375Z,2026-05-04T22:13:25.408437500Z,0.9192527532577516,0.389959990978241,-0.2799594402313232,-0.5240261227259441,3709.3125,-250.9062500000008,-1305.6484374999968,-0.5308911763308506
15.484375,2026-05-04T22:12:23.992187Z,2026-05-04T22:13:25.416250Z,0.9130820631980896,0.4016758501529694,-0.2587701976299286,-0.528806785826443,3710.5625,-191.53125000000196,-1318.1875,-0.5419751366701412
15.4921875,2026-05-04T22:12:24.000000Z,2026-05-04T22:13:25.424062500Z,0.9084736108779908,0.4097760915756226,-0.2339058816432953,-0.45366790022919495,3712.515625,-122.1953125000005,-1314.671875,-0.5438036354331645
15.5,2026-05-04T22:12:24.007812Z,2026-05-04T22:13:25.431875Z,0.9057241678237916,0.4129416942596436,-0.2024756669998169,-0.366006603394023,3714.46875,-52.85937499999901,-1311.15625,-0.5456321341961877
15.5078125,2026-05-04T22:12:24.015625Z,2026-05-04T22:13:25.439687500Z,0.9062240719795228,0.4126313328742981,-0.1652176380157471,-0.2955251769533523,3716.421875,16.476562500002462,-1307.6406249999998,-0.547460632959211
15.515625,2026-05-04T22:12:24.023437Z,2026-05-04T22:13:25.447500Z,0.906255304813385,0.4093881547451019,-0.1270677596330643,-0.21925561747864697,3718.375,85.81250000000394,-1304.1249999999998,-0.5492891317222343
15.5234375,2026-05-04T22:12:24.031250Z,2026-05-04T22:13:25.455312500Z,0.9066146016120912,0.402405172586441,-0.0882105380296707,-0.1434956166535015,3725.5078125000005,138.14843750000213,-1244.031249999996,-0.5299909470346286
15.53125,2026-05-04T22:12:24.039062Z,2026-05-04T22:13:25.463125Z,0.9125977754592896,0.3901461958885193,-0.0455398634076118,-0.11947601771584533,3735.0781250000005,182.4843750000011,-1157.312499999998,-0.5007507936643768
15.5390625,2026-05-04T22:12:24.046875Z,2026-05-04T22:13:25.470937500Z,0.9183154106140136,0.3746129870414734,-0.0031921118497848,-0.10062481183362901,3744.6484375,226.82031250000009,-1070.5937499999998,-0.4715106402941251
15.546875,2026-05-04T22:12:24.054687Z,2026-05-04T22:13:25.478750Z,0.9223458766937256,0.3579469919204712,0.0369875133037567,-0.08035248200710726,3754.21875,271.15624999999903,-983.8750000000018,-0.4422704869238734
15.5546875,2026-05-04T22:12:24.062500Z,2026-05-04T22:13:25.486562500Z,0.9284384250640868,0.3403964936733246,0.076613575220108,-0.1005979599320911,3763.7890624999995,315.492187499998,-897.1562500000039,-0.4130303335536217
15.5625,2026-05-04T22:12:24.070312Z,2026-05-04T22:13:25.494375Z,0.9375303387641908,0.3213873207569122,0.1187306791543961,-0.1741634436906614,3771.0624999999995,317.9375000000013,-780.468750000006,-0.3739513924153963
15.5703125,2026-05-04T22:12:24.078125Z,2026-05-04T22:13:25.502187500Z,0.9447789192199708,0.3018660545349121,0.1592485904693604,-0.2464033453599861,3776.53125,287.4687500000006,-640.234375000003,-0.32714197517376137
15.578125,2026-05-04T22:12:24.085937Z,2026-05-04T22:13:25.510000Z,0.9513713717460632,0.2855569422245026,0.1984133422374725,-0.3420495052062516,3782.0,257.0,-500.0,-0.2803325579321264
15.5859375,2026-05-04T22:12:24.093750Z,2026-05-04T22:13:25.517812500Z,0.9572608470916748,0.2718082666397095,0.2366862446069717,-0.45505853571412247,3787.46875,226.53124999999935,-359.76562499999704,-0.23352314069049146
15.59375,2026-05-04T22:12:24.101562Z,2026-05-04T22:13:25.525625Z,0.9611350893974304,0.2595492899417877,0.2733753323554993,-0.561235602857914,3792.9375000000005,196.0624999999987,-219.53124999999403,-0.18671372344885653
15.6015625,2026-05-04T22:12:24.109375Z,2026-05-04T22:13:25.533437500Z,0.964525043964386,0.2502231597900391,0.3079424202442169,-0.4420800190097849,3799.3515625000005,148.3203124999969,-74.6562499999933,-0.18373647478522825
15.609375,2026-05-04T22:12:24.117187Z,2026-05-04T22:13:25.541250Z,0.9658997654914856,0.2458937615156174,0.3356207013130188,-0.34471676837120996,3806.96875,78.59374999999851,76.1250000000032,-0.2365456224935961
15.6171875,2026-05-04T22:12:24.125000Z,2026-05-04T22:13:25.549062500Z,0.9666652083396912,0.2450713068246841,0.3589473366737366,-0.25389175139360737,3814.5859375,8.867187500000114,226.9062499999997,-0.28935477020196393
15.625,2026-05-04T22:12:24.132812Z,2026-05-04T22:13:25.556875Z,0.9646031260490416,0.2478955239057541,0.3793677389621735,-0.18999947046932306,3822.203125,-60.85937499999828,377.6874999999962,-0.3421639179103318
15.6328125,2026-05-04T22:12:24.140625Z,2026-05-04T22:13:25.564687500Z,0.9626972675323486,0.2536836266517639,0.398604154586792,-0.11590220822296021,3829.8203124999995,-130.58593749999667,528.4687499999927,-0.3949730656186996
15.640625,2026-05-04T22:12:24.148437Z,2026-05-04T22:13:25.572500Z,0.9578232169151306,0.2642977237701416,0.4148113131523132,-0.06806226367377784,3836.4374999999995,-187.24999999999835,668.7499999999933,-0.41501416013254006
15.6484375,2026-05-04T22:12:24.156250Z,2026-05-04T22:13:25.580312500Z,0.9501216411590576,0.2793498933315277,0.4256981015205383,-0.05600147736047629,3840.9296875,-216.15624999999898,786.7187499999958,-0.36542314160798944
15.65625,2026-05-04T22:12:24.164062Z,2026-05-04T22:13:25.588125Z,0.9431073665618896,0.2965434789657593,0.4331558644771576,-0.04018145556732497,3845.421875,-245.06249999999957,904.6874999999983,-0.3158321230834388
15.6640625,2026-05-04T22:12:24.171875Z,2026-05-04T22:13:25.595937500Z,0.936264991760254,0.3135819137096405,0.4358929097652435,-0.04013575038635849,3849.9140625,-273.9687500000002,1022.6562500000008,-0.26624110455888816
15.671875,2026-05-04T22:12:24.179687Z,2026-05-04T22:13:25.603750Z,0.9305942058563232,0.3310082852840424,0.4316335320472717,-0.05477899871557479,3854.40625,-302.8750000000008,1140.6250000000034,-0.2166500860343375
15.6796875,2026-05-04T22:12:24.187500Z,2026-05-04T22:13:25.611562500Z,0.922517716884613,0.3489777743816376,0.4200855493545532,-0.12123085413572486,3859.3281250000005,-316.390624999998,1242.4609375000016,-0.16717342210685715
15.6875,2026-05-04T22:12:24.195312Z,2026-05-04T22:13:25.619375Z,0.9148942232131958,0.3663886189460754,0.405554473400116,-0.19208391185866272,3865.96875,-268.34374999999915,1279.7656250000007,-0.11815417656765782
15.6953125,2026-05-04T22:12:24.203125Z,2026-05-04T22:13:25.627187500Z,0.9072238802909852,0.3811614513397217,0.3893934190273285,-0.27488438371464,3872.609375,-220.29687500000026,1317.0703124999998,-0.0691349310284585
15.703125,2026-05-04T22:12:24.210937Z,2026-05-04T22:13:25.635000Z,0.9032090306282043,0.3937928676605225,0.3710488677024841,-0.3322223314920041,3879.25,-172.25000000000136,1354.3749999999989,-0.020115685489259173
15.7109375,2026-05-04T22:12:24.218750Z,2026-05-04T22:13:25.642812500Z,0.8982568979263306,0.4050587117671967,0.346968799829483,-0.42211923181231376,3885.8906249999995,-124.20312500000247,1391.6796874999982,0.028903560049940154
15.71875,2026-05-04T22:12:24.226562Z,2026-05-04T22:13:25.650625Z,0.8966946601867676,0.4119951128959656,0.3170608878135681,-0.5113384673284253,3891.875,-74.67187500000473,1422.640625000003,0.07079274900593989
15.7265625,2026-05-04T22:12:24.234375Z,2026-05-04T22:13:25.658437500Z,0.8977726101875305,0.4125227332115173,0.2857229113578796,-0.5252793482642706,3890.3125,-8.070312500003311,1380.648437500002,0.030686287255063498
15.734375,2026-05-04T22:12:24.242187Z,2026-05-04T22:13:25.666250Z,0.8987411260604858,0.4089691638946533,0.2499871999025345,-0.41452940671494043,3888.75,58.53124999999811,1338.6562500000011,-0.009420174495812903
15.7421875,2026-05-04T22:12:24.250000Z,2026-05-04T22:13:25.674062500Z,0.9001627564430237,0.4033207297325134,0.2099305838346481,-0.30110999375157377,3887.1875,125.13281249999953,1296.6640625000002,-0.0495266362466893
15.75,2026-05-04T22:12:24.257812Z,2026-05-04T22:13:25.681875Z,0.9058022499084472,0.3940566778182983,0.1698278486728668,-0.23348839993000423,3885.625,191.73437500000094,1254.6718749999993,-0.0896330979975657
15.7578125,2026-05-04T22:12:24.265625Z,2026-05-04T22:13:25.689687500Z,0.9119260311126708,0.3803080022335052,0.1287871152162552,-0.16844740095666758,3884.0625,258.3359375000024,1212.6796874999984,-0.1297395597484421
15.765625,2026-05-04T22:12:24.273437Z,2026-05-04T22:13:25.697500Z,0.9206587076187134,0.3636419773101807,0.0876848846673965,-0.14058880169265214,3879.5,276.3750000000002,1103.5624999999984,-0.21206795600653247
15.7734375,2026-05-04T22:12:24.281250Z,2026-05-04T22:13:25.705312500Z,0.9283134341239928,0.3475501537322998,0.0452141091227531,-0.12557215241975142,3874.8125,292.3906249999999,991.648437500001,-0.2961555995357551
15.78125,2026-05-04T22:12:24.289062Z,2026-05-04T22:13:25.713125Z,0.9356400966644288,0.3296737670898438,0.0032046437263488,-0.12395372249443629,3870.125,308.4062499999995,879.7343750000036,-0.3802432430649777
15.7890625,2026-05-04T22:12:24.296875Z,2026-05-04T22:13:25.720937500Z,0.9444977045059204,0.3111301064491272,-0.0360985025763511,-0.16067163379098393,3865.4375000000005,324.42187499999915,767.8203125000061,-0.4643308865942003
15.796875,2026-05-04T22:12:24.304687Z,2026-05-04T22:13:25.728750Z,0.9549331665039062,0.2942779064178467,-0.074033111333847,-0.24193470468327186,3860.7500000000005,340.43749999999875,655.9062500000088,-0.5484185301234229
15.8046875,2026-05-04T22:12:24.312500Z,2026-05-04T22:13:25.736562500Z,0.960494577884674,0.2799085080623627,-0.114873930811882,-0.2995231816833936,3847.203125000001,289.84375000000404,517.2500000000092,-0.48983292126794054
15.8125,2026-05-04T22:12:24.320312Z,2026-05-04T22:13:25.744375Z,0.9657591581344604,0.2674477994441986,-0.1535927653312683,-0.37701782854451005,3831.9687500000005,226.5625000000027,373.50000000000614,-0.4040714548153549
15.8203125,2026-05-04T22:12:24.328125Z,2026-05-04T22:13:25.752187500Z,0.9713830351829528,0.2562750577926636,-0.1872679889202118,-0.4698052163699253,3816.7343750000005,163.28125000000134,229.75000000000304,-0.3183099883627692
15.828125,2026-05-04T22:12:24.335937Z,2026-05-04T22:13:25.760000Z,0.9780067205429076,0.2487645298242569,-0.2156228423118591,-0.53903898107074,3801.5,100.0,85.99999999999999,-0.23254852191018355
15.8359375,2026-05-04T22:12:24.343750Z,2026-05-04T22:13:25.767812500Z,0.9785847663879396,0.2482524365186691,-0.2427629232406616,-0.46703845928038,3786.2656249999995,36.71874999999864,-57.75000000000309,-0.1467870554575979
15.84375,2026-05-04T22:12:24.351562Z,2026-05-04T22:13:25.775625Z,0.9755071997642516,0.2518214881420135,-0.2661664485931396,-0.42763457368226326,3773.421875,-25.437500000000657,-192.3593750000014,-0.13590684443515913
15.8515625,2026-05-04T22:12:24.359375Z,2026-05-04T22:13:25.783437500Z,0.9760852456092834,0.2567250728607178,-0.2825581431388855,-0.3595682246693815,3761.5078125,-87.15624999999923,-323.4140624999984,-0.1541471216355513
15.859375,2026-05-04T22:12:24.367187Z,2026-05-04T22:13:25.791250Z,0.9742730855941772,0.2638011574745178,-0.2961666285991669,-0.3170211703677552,3749.5937500000005,-148.8749999999978,-454.4687499999954,-0.17238739883594345
15.8671875,2026-05-04T22:12:24.375000Z,2026-05-04T22:13:25.799062500Z,0.9682742953300476,0.2760911583900452,-0.3104978203773499,-0.2983669271430463,3737.679687500001,-210.59374999999636,-585.5234374999924,-0.19062767603633562
15.875,2026-05-04T22:12:24.382812Z,2026-05-04T22:13:25.806875Z,0.960260272026062,0.291872650384903,-0.3212154507637024,-0.2978235703977861,3725.765625000001,-272.31249999999494,-716.5781249999893,-0.20886795323672777
15.8828125,2026-05-04T22:12:24.390625Z,2026-05-04T22:13:25.814687500Z,0.9566828012466432,0.3077782988548279,-0.3219074010848999,-0.2798554471504042,3719.2421875000005,-295.0078125000003,-820.3281249999933,-0.2513237592328455
15.890625,2026-05-04T22:12:24.398437Z,2026-05-04T22:13:25.822500Z,0.9487156271934508,0.3245684504508972,-0.3180631995201111,-0.31838797783032796,3716.3125,-291.68750000000017,-905.8749999999951,-0.30992325109278646
15.8984375,2026-05-04T22:12:24.406250Z,2026-05-04T22:13:25.830312500Z,0.940201699733734,0.3435620963573456,-0.3100211322307587,-0.3636210030725884,3713.3828125,-288.3671875000001,-991.4218749999969,-0.36852274295272736
15.90625,2026-05-04T22:12:24.414062Z,2026-05-04T22:13:25.838125Z,0.9303130507469176,0.3624936640262604,-0.2994264960289001,-0.42616935974773645,3710.453125,-285.04687500000006,-1076.9687499999989,-0.42712223481266826
15.9140625,2026-05-04T22:12:24.421875Z,2026-05-04T22:13:25.845937500Z,0.9249390959739684,0.3767544329166412,-0.2823120951652527,-0.4752810692605954,3707.5234375,-281.7265625,-1162.5156250000007,-0.4857217266726092
15.921875,2026-05-04T22:12:24.429687Z,2026-05-04T22:13:25.853750Z,0.9207367897033693,0.3886099457740784,-0.2614918947219849,-0.5274520368540703,3708.15625,-248.68749999999955,-1212.34375,-0.5174038246764461
15.9296875,2026-05-04T22:12:24.437500Z,2026-05-04T22:13:25.861562500Z,0.9138944149017334,0.3995344042778015,-0.2391186356544495,-0.5143433781196373,3712.6484375,-183.45312500000105,-1223.4765624999998,-0.519925412669506
15.9375,2026-05-04T22:12:24.445312Z,2026-05-04T22:13:25.869375Z,0.9071145057678224,0.4073087871074677,-0.2154690772294998,-0.42175103443532064,3717.140625,-118.21875000000254,-1234.6093749999995,-0.5224470006625658
15.9453125,2026-05-04T22:12:24.453125Z,2026-05-04T22:13:25.877187500Z,0.9075050354003906,0.4098071157932281,-0.1853305101394653,-0.3729843174534237,3721.6328124999995,-52.98437500000406,-1245.7421874999993,-0.5249685886556256
15.953125,2026-05-04T22:12:24.460937Z,2026-05-04T22:13:25.885000Z,0.9097702503204346,0.4079294800758362,-0.1499945968389511,-0.3240641782353131,3726.1249999999995,12.249999999994438,-1256.874999999999,-0.5274901766486854
15.9609375,2026-05-04T22:12:24.468750Z,2026-05-04T22:13:25.892812500Z,0.9082236289978028,0.4032897055149078,-0.1156274080276489,-0.23535812066597037,3731.3203124999995,72.63281249999523,-1239.2500000000064,-0.5235708601765028
15.96875,2026-05-04T22:12:24.476562Z,2026-05-04T22:13:25.900625Z,0.9090672135353088,0.3967101871967316,-0.0788768082857132,-0.17384227494671756,3737.7656249999995,124.39062499999632,-1170.5000000000048,-0.5082010468772173
15.9765625,2026-05-04T22:12:24.484375Z,2026-05-04T22:13:25.908437500Z,0.9143005609512328,0.3851029574871063,-0.0372210070490837,-0.15031375262037713,3744.2109374999995,176.1484374999974,-1101.7500000000034,-0.49283123357793207
15.984375,2026-05-04T22:12:24.492187Z,2026-05-04T22:13:25.916250Z,0.9211117029190063,0.3699887096881866,0.0044962968677282,-0.15026099869236592,3750.65625,227.90624999999852,-1033.000000000002,-0.4774614202786467
15.9921875,2026-05-04T22:12:24.500000Z,2026-05-04T22:13:25.924062500Z,0.9254233837127686,0.3537572026252747,0.0434765294194221,-0.13882549296949379,3757.1015625,279.6640624999996,-964.2500000000005,-0.46209160697936136
16.0,2026-05-04T22:12:24.507812Z,2026-05-04T22:13:25.931875Z,0.9314534664154052,0.3370757102966309,0.0800118520855903,-0.1628556516379461,3763.734375,314.21874999999994,-882.1406249999995,-0.44040691485134503
16.0078125,2026-05-04T22:12:24.515625Z,2026-05-04T22:13:25.939687500Z,0.9381396174430848,0.3182837665081024,0.1175927966833115,-0.20614602022791875,3770.9609375,294.2968750000004,-757.7265625000024,-0.39872510643234826
16.015625,2026-05-04T22:12:24.523437Z,2026-05-04T22:13:25.947500Z,0.9459818005561828,0.299864262342453,0.1577109098434448,-0.28878524945803064,3778.1874999999995,274.37500000000085,-633.3125000000053,-0.3570432980133515
16.0234375,2026-05-04T22:12:24.531250Z,2026-05-04T22:13:25.955312500Z,0.9526367783546448,0.28492072224617,0.1961837112903595,-0.3880952071473884,3785.4140624999995,254.4531250000013,-508.8984375000082,-0.3153614895943547
16.03125,2026-05-04T22:12:24.539062Z,2026-05-04T22:13:25.963125Z,0.95574551820755,0.2724445164203644,0.2311659753322601,-0.46433551530335,3792.6406249999995,234.53125000000176,-384.484375000011,-0.27367968117535796
16.0390625,2026-05-04T22:12:24.546875Z,2026-05-04T22:13:25.970937500Z,0.9598228335380554,0.2621407508850098,0.2653793692588806,-0.5530768879954983,3799.6093749999995,209.40625000000674,-257.2343750000158,-0.23997094523297527
16.046875,2026-05-04T22:12:24.554687Z,2026-05-04T22:13:25.978750Z,0.9643532037734984,0.2542112171649933,0.2969941198825836,-0.4299280254806169,3804.6874999999995,146.1250000000054,-109.18750000001262,-0.26473140745248946
16.0546875,2026-05-04T22:12:24.562500Z,2026-05-04T22:13:25.986562500Z,0.965243637561798,0.2489507347345352,0.3236114084720612,-0.3473191859551864,3809.7656249999995,82.84375000000405,38.85937499999053,-0.2894918696720037
16.0625,2026-05-04T22:12:24.570312Z,2026-05-04T22:13:25.994375Z,0.9655404686927797,0.2490593641996384,0.3464921116828918,-0.26293278230818723,3814.84375,19.562500000002693,186.9062499999937,-0.3142523318915179
16.0703125,2026-05-04T22:12:24.578125Z,2026-05-04T22:13:26.002187500Z,0.9624472856521606,0.2539784610271454,0.36574387550354,-0.2107519978772223,3819.921875,-43.71874999999866,334.9531249999968,-0.33901279411103213
16.078125,2026-05-04T22:12:24.585937Z,2026-05-04T22:13:26.010000Z,0.9604633450508118,0.2608062326908112,0.3839038908481598,-0.14058946148210189,3825.0,-107.0,483.0,-0.36377325633054636
16.0859375,2026-05-04T22:12:24.593750Z,2026-05-04T22:13:26.017812500Z,0.954683244228363,0.2702720165252686,0.3986195027828217,-0.11366682959574965,3830.2734375,-145.86718750000082,599.9921875000025,-0.35065944757329226
16.09375,2026-05-04T22:12:24.601562Z,2026-05-04T22:13:26.025625Z,0.9490436911582948,0.2848276197910309,0.4079378545284271,-0.08874181088838726,3835.546875,-184.73437500000165,716.984375000005,-0.3375456388160381
16.1015625,2026-05-04T22:12:24.609375Z,2026-05-04T22:13:26.033437500Z,0.9423887729644777,0.3016177713871002,0.4117205739021301,-0.0874344101615309,3840.8203125000005,-223.6015625000025,833.9765625000075,-0.32443183005878395
16.109375,2026-05-04T22:12:24.617187Z,2026-05-04T22:13:26.041250Z,0.9370148181915284,0.3179113566875458,0.4138579368591309,-0.07681177156495402,3846.0937500000005,-262.4687500000033,950.96875000001,-0.31131802130152986
16.1171875,2026-05-04T22:12:24.625000Z,2026-05-04T22:13:26.049062500Z,0.9291726350784302,0.333987683057785,0.4118589460849762,-0.10716493099008817,3851.3671875000005,-301.33593750000415,1067.9609375000125,-0.29820421254427576
16.125,2026-05-04T22:12:24.632812Z,2026-05-04T22:13:26.056875Z,0.9211742281913756,0.3516312837600708,0.4026789963245392,-0.1607036036032255,3858.703125000001,-275.7499999999956,1130.296875000007,-0.2372165669401573
16.1328125,2026-05-04T22:12:24.640625Z,2026-05-04T22:13:26.064687500Z,0.9133945107460022,0.3682041764259338,0.387855738401413,-0.23535085806135222,3866.3203125000014,-241.37499999999488,1185.1796875000082,-0.16970067085692775
16.140625,2026-05-04T22:12:24.648437Z,2026-05-04T22:13:26.072500Z,0.9080674052238464,0.381704568862915,0.3712334036827087,-0.29852729388115756,3873.9375000000014,-206.99999999999415,1240.0625000000093,-0.10218477477369818
16.1484375,2026-05-04T22:12:24.656250Z,2026-05-04T22:13:26.080312500Z,0.9050836563110352,0.3920238614082336,0.35096675157547,-0.36041470967697214,3881.5546875000014,-172.6249999999934,1294.9453125000105,-0.03466887869046863
16.15625,2026-05-04T22:12:24.664062Z,2026-05-04T22:13:26.088125Z,0.9017093181610109,0.4012258350849152,0.3272249400615692,-0.4385549347454621,3889.171875000002,-138.24999999999267,1349.8281250000118,0.03284701739276093
16.1640625,2026-05-04T22:12:24.671875Z,2026-05-04T22:13:26.095937500Z,0.8992097973823547,0.4075725674629211,0.2995313107967377,-0.5275185594451861,3891.59375,-78.49218749998869,1339.992187499995,0.030674657767565963
16.171875,2026-05-04T22:12:24.679687Z,2026-05-04T22:13:26.103750Z,0.8982412815093994,0.4083174169063568,0.2698540389537811,-0.49911898268226146,3892.375,-10.71874999999326,1309.718749999997,0.006495480550263253
16.1796875,2026-05-04T22:12:24.687500Z,2026-05-04T22:13:26.111562500Z,0.9005220532417297,0.4044069647789001,0.2374704629182816,-0.41548156846535605,3893.15625,57.05468750000217,1279.445312499999,-0.017683696667039457
16.1875,2026-05-04T22:12:24.695312Z,2026-05-04T22:13:26.119375Z,0.905068039894104,0.397594690322876,0.200765997171402,-0.3432608836566893,3893.9375,124.82812499999758,1249.1718750000011,-0.04186287388434217
16.1953125,2026-05-04T22:12:24.703125Z,2026-05-04T22:13:26.127187500Z,0.9079580903053284,0.3885323703289032,0.159094825387001,-0.24841007324528688,3894.71875,192.601562499993,1218.8984375000032,-0.06604205110164488
16.203125,2026-05-04T22:12:24.710937Z,2026-05-04T22:13:26.135000Z,0.9143630862236024,0.3749698996543884,0.1189305782318115,-0.1938840558112871,3890.125000000001,230.4999999999976,1146.625000000011,-0.13064446509435862
16.2109375,2026-05-04T22:12:24.718750Z,2026-05-04T22:13:26.142812500Z,0.9236112236976624,0.3591108322143555,0.0809959694743156,-0.18415181886809237,3882.507812500001,251.59374999999807,1050.7265625000089,-0.21798494977325367
16.21875,2026-05-04T22:12:24.726562Z,2026-05-04T22:13:26.150625Z,0.9313597083091736,0.342584490776062,0.0415390506386756,-0.1741127609678485,3874.8906250000005,272.6874999999985,954.8281250000068,-0.3053254344521487
16.2265625,2026-05-04T22:12:24.734375Z,2026-05-04T22:13:26.158437500Z,0.9374522566795348,0.327252984046936,0.0010672677308321,-0.17153858378125275,3867.2734375000005,293.781249999999,858.9296875000048,-0.3926659191310437
16.234375,2026-05-04T22:12:24.742187Z,2026-05-04T22:13:26.166250Z,0.9453725814819336,0.3107887208461761,-0.0367904603481292,-0.20611844221025383,3859.65625,314.87499999999943,763.0312500000027,-0.48000640380993875
16.2421875,2026-05-04T22:12:24.750000Z,2026-05-04T22:13:26.174062500Z,0.9541520476341248,0.293533056974411,-0.0734180361032486,-0.26644955818653576,3850.2109375,301.33593750000034,648.4453125000009,-0.48985107280424783
16.25,2026-05-04T22:12:24.757812Z,2026-05-04T22:13:26.181875Z,0.9606039524078368,0.2789153754711151,-0.1102608889341354,-0.3279066980018341,3839.078125,255.82812499999935,516.6093749999981,-0.42816114270508776
16.2578125,2026-05-04T22:12:24.765625Z,2026-05-04T22:13:26.189687500Z,0.9675244092941284,0.2688599228858948,-0.1456121951341629,-0.4246340361844577,3827.9453124999995,210.32031249999838,384.7734374999953,-0.3664712126059277
16.265625,2026-05-04T22:12:24.773437Z,2026-05-04T22:13:26.197500Z,0.9709925055503844,0.2605579495429993,-0.1785339564085007,-0.49712379106996657,3816.8124999999995,164.8124999999974,252.9374999999925,-0.3047812825067676
16.2734375,2026-05-04T22:12:24.781250Z,2026-05-04T22:13:26.205312500Z,0.9736325740814208,0.2538232803344727,-0.2058893293142319,-0.5600799068996523,3805.679687499999,119.30468749999643,121.10156249998968,-0.24309135240760754
16.28125,2026-05-04T22:12:24.789062Z,2026-05-04T22:13:26.213125Z,0.975429117679596,0.2530318796634674,-0.2302000820636749,-0.4847386283936641,3793.7656249999986,66.21874999999359,-11.125000000013216,-0.20494010587425457
16.2890625,2026-05-04T22:12:24.796875Z,2026-05-04T22:13:26.220937500Z,0.9750229716300964,0.256259560585022,-0.251927524805069,-0.42335712572028206,3780.6796874999986,1.7656249999922082,-143.93750000001606,-0.20209688468959888
16.296875,2026-05-04T22:12:24.804687Z,2026-05-04T22:13:26.228750Z,0.9731639623641968,0.2617838382720947,-0.2690880298614502,-0.3800140151256546,3767.593749999998,-62.68750000000917,-276.75000000001893,-0.19925366350494322
16.3046875,2026-05-04T22:12:24.812500Z,2026-05-04T22:13:26.236562500Z,0.9714298844337464,0.2701168656349182,-0.2820506989955902,-0.3358397788381882,3754.5078124999977,-127.14062500001054,-409.56250000002177,-0.19641044232028756
16.3125,2026-05-04T22:12:24.820312Z,2026-05-04T22:13:26.244375Z,0.9662122130393982,0.281755119562149,-0.2926760911941528,-0.3239013161564452,3741.4218749999977,-191.59375000001194,-542.3750000000246,-0.19356722113563188
16.3203125,2026-05-04T22:12:24.828125Z,2026-05-04T22:13:26.252187500Z,0.9584324955940248,0.2969934940338135,-0.3009641766548157,-0.33180560984908847,3731.7265625,-240.73437500000176,-663.0468750000163,-0.20906026806311598
16.328125,2026-05-04T22:12:24.835937Z,2026-05-04T22:13:26.260000Z,0.9531991481781006,0.3129767179489136,-0.3021943271160126,-0.32858944165410303,3730.75,-250.5000000000011,-752.5000000000101,-0.2717037187074841
16.3359375,2026-05-04T22:12:24.843750Z,2026-05-04T22:13:26.267812500Z,0.94635671377182,0.3292858004570007,-0.2987960577011108,-0.3530287832496993,3729.7734375,-260.26562500000045,-841.9531250000041,-0.33434716935185227
16.34375,2026-05-04T22:12:24.851562Z,2026-05-04T22:13:26.275625Z,0.9396237134933472,0.3461690545082092,-0.2914305627346039,-0.3825850197164134,3728.796875,-270.0312499999998,-931.4062499999981,-0.39699061999622043
16.3515625,2026-05-04T22:12:24.859375Z,2026-05-04T22:13:26.283437500Z,0.9306254982948304,0.3622298836708069,-0.2800978422164917,-0.44781648729188095,3727.8203125,-279.79687499999915,-1020.859374999992,-0.4596340706405886
16.359375,2026-05-04T22:12:24.867187Z,2026-05-04T22:13:26.291250Z,0.9234862327575684,0.3767389059066772,-0.2644596099853516,-0.507100993468036,3727.3124999999995,-279.46875000000756,-1099.8437499999966,-0.5124621129111865
16.3671875,2026-05-04T22:12:24.875000Z,2026-05-04T22:13:26.299062500Z,0.919190227985382,0.3885944485664368,-0.2442852258682251,-0.5549419879810102,3729.2656249999995,-226.14843750000645,-1123.867187499997,-0.5137592612194343
16.375,2026-05-04T22:12:24.882812Z,2026-05-04T22:13:26.306875Z,0.915972113609314,0.3977033197879791,-0.221235379576683,-0.5191542296081297,3731.21875,-172.82812500000531,-1147.8906249999975,-0.5150564095276822
16.3828125,2026-05-04T22:12:24.890625Z,2026-05-04T22:13:26.314687500Z,0.9117229580879213,0.4036776423454285,-0.1963249444961548,-0.4462083714858245,3733.171875,-119.50781250000416,-1171.9140624999982,-0.5163535578359301
16.390625,2026-05-04T22:12:24.898437Z,2026-05-04T22:13:26.322500Z,0.9077862501144408,0.4047173261642456,-0.1690157204866409,-0.3552743139112673,3735.125,-66.18750000000303,-1195.9374999999986,-0.517650706144178
16.3984375,2026-05-04T22:12:24.906250Z,2026-05-04T22:13:26.330312500Z,0.9091609716415404,0.4032586514949799,-0.1369089186191559,-0.30969855665496043,3737.1953125,-12.742187500002006,-1216.9843750000018,-0.5187925793635456
16.40625,2026-05-04T22:12:24.914062Z,2026-05-04T22:13:26.338125Z,0.9109418392181396,0.3982619643211365,-0.1025417298078537,-0.26016407753112675,3742.078125,43.7031249999992,-1166.5937500000007,-0.5162078504497823
16.4140625,2026-05-04T22:12:24.921875Z,2026-05-04T22:13:26.345937500Z,0.9128321409225464,0.3902703523635864,-0.0668060034513473,-0.20999332200200724,3746.9609375,100.1484375000004,-1116.2031249999995,-0.5136231215360192
16.421875,2026-05-04T22:12:24.929687Z,2026-05-04T22:13:26.353750Z,0.9184091687202454,0.3796872794628143,-0.0286099929362535,-0.20285877659494134,3751.84375,156.5937500000016,-1065.8124999999986,-0.5110383926222559
16.4296875,2026-05-04T22:12:24.937500Z,2026-05-04T22:13:26.361562500Z,0.922267735004425,0.3652403056621552,0.0093861259520053,-0.1774797986467055,3756.7265625000005,213.03906250000279,-1015.4218749999975,-0.5084536637084928
16.4375,2026-05-04T22:12:24.945312Z,2026-05-04T22:13:26.369375Z,0.92771977186203,0.3490087985992432,0.0478896796703338,-0.18140407092897562,3761.6093750000005,269.484375000004,-965.0312499999965,-0.5058689347947296
16.4453125,2026-05-04T22:12:24.953125Z,2026-05-04T22:13:26.377187500Z,0.9325625896453856,0.3326376378536224,0.0844403728842735,-0.19636335265014887,3764.8750000000005,273.46093749999994,-857.6796874999897,-0.45813003545280107
16.453125,2026-05-04T22:12:24.960937Z,2026-05-04T22:13:26.385000Z,0.9395768046379088,0.316111296415329,0.1203452423214912,-0.2526766712848541,3768.0000000000005,272.87499999999994,-745.3749999999873,-0.4064646865084273
16.4609375,2026-05-04T22:12:24.968750Z,2026-05-04T22:13:26.392812500Z,0.947090983390808,0.2999108135700226,0.1570343375205994,-0.3351346971104997,3771.1250000000005,272.28906249999994,-633.0703124999849,-0.3547993375640535
16.46875,2026-05-04T22:12:24.976562Z,2026-05-04T22:13:26.400625Z,0.952402412891388,0.2857431769371033,0.1927085518836975,-0.41499241811441984,3774.2500000000005,271.7031249999999,-520.7656249999825,-0.3031339886196797
16.4765625,2026-05-04T22:12:24.984375Z,2026-05-04T22:13:26.408437500Z,0.9561672806739808,0.2734221220016479,0.2256918251514435,-0.49270662735040033,3777.3750000000005,271.1171874999999,-408.4609374999801,-0.25146863967530597
16.484375,2026-05-04T22:12:24.992187Z,2026-05-04T22:13:26.416250Z,0.9604008197784424,0.2636149525642395,0.2576448321342468,-0.530047765638438,3784.093750000001,220.3749999999919,-277.2499999999826,-0.25203951975416017
16.4921875,2026-05-04T22:12:25.000000Z,2026-05-04T22:13:26.424062500Z,0.9633221626281738,0.2569113075733185,0.2875988781452179,-0.42878510005008275,3791.7109375000005,157.09374999999616,-141.3124999999918,-0.2656694570888066
16.5,2026-05-04T22:12:25.007812Z,2026-05-04T22:13:26.431875Z,0.963103413581848,0.2544905245304108,0.3128629922866821,-0.35722151269723584,3799.328125,93.81250000000044,-5.375000000000978,-0.27929939442345303
16.5078125,2026-05-04T22:12:25.015625Z,2026-05-04T22:13:26.439687500Z,0.963790774345398,0.2551422715187073,0.3364664316177368,-0.26591410993707576,3806.9453124999995,30.531250000004718,130.56249999998985,-0.29292933175809943
16.515625,2026-05-04T22:12:25.023437Z,2026-05-04T22:13:26.447500Z,0.9602289795875548,0.2587268650531769,0.3546725809574127,-0.22797704097702964,3814.562499999999,-32.74999999999101,266.4999999999807,-0.3065592690927459
16.5234375,2026-05-04T22:12:25.031250Z,2026-05-04T22:13:26.455312500Z,0.9578856825828552,0.2659891545772552,0.3699724972248077,-0.1732756930580908,3820.320312499999,-82.88281249999345,393.67187499998164,-0.3241534251557867
16.53125,2026-05-04T22:12:25.039062Z,2026-05-04T22:13:26.463125Z,0.9527304768562316,0.2777050137519836,0.3808900415897369,-0.1500025028060553,3825.2031249999995,-126.82812499999439,516.7187499999843,-0.3436130959145439
16.5390625,2026-05-04T22:12:25.046875Z,2026-05-04T22:13:26.470937500Z,0.9484188556671144,0.289995014667511,0.3901622593402863,-0.11851133978362603,3830.0859374999995,-170.7734374999953,639.7656249999869,-0.36307276667330113
16.546875,2026-05-04T22:12:25.054687Z,2026-05-04T22:13:26.478750Z,0.9416545629501344,0.3049851059913635,0.3958209455013275,-0.11576661771556152,3834.9687499999995,-214.71874999999625,762.8124999999895,-0.38253243743205834
16.5546875,2026-05-04T22:12:25.062500Z,2026-05-04T22:13:26.486562500Z,0.9340779185295104,0.3219924867153168,0.3962668776512146,-0.13287599613356824,3839.8515624999995,-258.6640624999972,885.8593749999922,-0.4019921081908156
16.5625,2026-05-04T22:12:25.070312Z,2026-05-04T22:13:26.494375Z,0.9258920550346376,0.3386585116386414,0.3921304941177368,-0.17273637726710264,3846.2656249999995,-266.73437500000085,975.4374999999973,-0.3700141878421525
16.5703125,2026-05-04T22:12:25.078125Z,2026-05-04T22:13:26.502187500Z,0.9208617806434632,0.3535709977149963,0.3844882249832153,-0.19681127360439526,3853.8828125,-246.61718750000043,1038.7187499999986,-0.2976210173376502
16.578125,2026-05-04T22:12:25.085937Z,2026-05-04T22:13:26.510000Z,0.9156284332275392,0.3680490255355835,0.3709566295146942,-0.24542373506287884,3861.5,-226.5,1102.0,-0.2252278468331479
16.5859375,2026-05-04T22:12:25.093750Z,2026-05-04T22:13:26.517812500Z,0.910270094871521,0.381394237279892,0.352642834186554,-0.3140484027742847,3869.1171875,-206.38281249999957,1165.2812500000014,-0.1528346763286456
16.59375,2026-05-04T22:12:25.101562Z,2026-05-04T22:13:26.525625Z,0.9045525193214417,0.3914652168750763,0.3318072557449341,-0.40466607263701737,3876.7343750000005,-186.26562499999915,1228.5625000000027,-0.08044150582414332
16.6015625,2026-05-04T22:12:25.109375Z,2026-05-04T22:13:26.533437500Z,0.9031152725219728,0.3983705937862396,0.3108640313148499,-0.4589629224881223,3882.546875,-147.58593749999602,1258.499999999999,-0.04044803566428581
16.609375,2026-05-04T22:12:25.117187Z,2026-05-04T22:13:26.541250Z,0.90197491645813,0.4023896753787994,0.2850924730300903,-0.5341605118148963,3886.0625000000005,-85.28124999999469,1245.9999999999989,-0.041690547761239795
16.6171875,2026-05-04T22:12:25.125000Z,2026-05-04T22:13:26.549062500Z,0.9009751081466676,0.4035069346427917,0.2544926106929779,-0.4950873639139943,3889.5781250000005,-22.976562499993356,1233.4999999999986,-0.042933059858193776
16.625,2026-05-04T22:12:25.132812Z,2026-05-04T22:13:26.556875Z,0.9035995602607728,0.4002482295036316,0.2219706326723099,-0.42281922464311633,3893.0937500000005,39.32812500000797,1220.9999999999984,-0.044175571955147756
16.6328125,2026-05-04T22:12:25.140625Z,2026-05-04T22:13:26.564687500Z,0.9067864418029784,0.3918066024780273,0.1875573098659515,-0.3396681831910183,3896.6093750000005,101.6328125000093,1208.4999999999982,-0.045418084052101744
16.640625,2026-05-04T22:12:25.148437Z,2026-05-04T22:13:26.572500Z,0.912316620349884,0.3813321590423584,0.1507144570350647,-0.28207584999166463,3897.8124999999995,154.62500000000472,1174.4374999999886,-0.06656977150578776
16.6484375,2026-05-04T22:12:25.156250Z,2026-05-04T22:13:26.580312500Z,0.9179404973983764,0.3697559535503387,0.1121186465024948,-0.23509724070292576,3894.1015624999995,187.82812500000247,1094.554687499994,-0.13002845659249754
16.65625,2026-05-04T22:12:25.164062Z,2026-05-04T22:13:26.588125Z,0.924142360687256,0.3557434678077698,0.07379961758852,-0.20300490673450364,3890.390625,221.03125000000026,1014.6718749999994,-0.1934871416792073
16.6640625,2026-05-04T22:12:25.171875Z,2026-05-04T22:13:26.595937500Z,0.9322813749313354,0.339372307062149,0.0367414839565753,-0.2027911908601629,3886.6796875,254.234374999998,934.7890625000048,-0.25694582676591704
16.671875,2026-05-04T22:12:25.179687Z,2026-05-04T22:13:26.603750Z,0.9409672021865844,0.3223649263381958,-8.599460124969482e-05,-0.22569146765915554,3882.9687500000005,287.4374999999958,854.9062500000102,-0.3204045118526268
16.6796875,2026-05-04T22:12:25.187500Z,2026-05-04T22:13:26.611562500Z,0.9479970335960388,0.3072972297668457,-0.0379129648208618,-0.256825492247981,3877.2656250000023,307.6328125000056,767.2500000000211,-0.3681242654627858
16.6875,2026-05-04T22:12:25.195312Z,2026-05-04T22:13:26.619375Z,0.9531522989273072,0.2932692468166351,-0.0747865736484527,-0.28844693764412255,3863.5937500000023,275.796875000005,648.5000000000185,-0.3528882931666703
16.6953125,2026-05-04T22:12:25.203125Z,2026-05-04T22:13:26.627187500Z,0.9613693952560424,0.2799861133098602,-0.1073239147663116,-0.37008739099885374,3849.921875000002,243.9609375000043,529.750000000016,-0.33765232087055475
16.703125,2026-05-04T22:12:25.210937Z,2026-05-04T22:13:26.635000Z,0.9670870304107666,0.2685805857181549,-0.1380621790885925,-0.43988905062098704,3836.2500000000014,212.1250000000036,411.00000000001353,-0.3224163485744392
16.7109375,2026-05-04T22:12:25.218750Z,2026-05-04T22:13:26.642812500Z,0.9699145555496216,0.2624045610427856,-0.1696000397205353,-0.5063021638015331,3822.5781250000014,180.28906250000293,292.25000000001097,-0.3071803762783237
16.71875,2026-05-04T22:12:25.226562Z,2026-05-04T22:13:26.650625Z,0.9712737202644348,0.2598286271095276,-0.1978626251220703,-0.5531391596663113,3809.3125000000005,145.67187500000475,172.6250000000092,-0.2925356446295452
16.7265625,2026-05-04T22:12:25.234375Z,2026-05-04T22:13:26.658437500Z,0.9739137887954712,0.2577492594718933,-0.2195285558700562,-0.48062437617648657,3800.7187500000005,79.07031250000331,42.93750000000646,-0.28469018042514993
16.734375,2026-05-04T22:12:25.242187Z,2026-05-04T22:13:26.666250Z,0.9738200902938844,0.2595803439617157,-0.2382421493530273,-0.43036485312463313,3792.1250000000005,12.46875000000189,-86.7499999999963,-0.2768447162207546
16.7421875,2026-05-04T22:12:25.250000Z,2026-05-04T22:13:26.674062500Z,0.9719610810279846,0.2671219408512115,-0.2555718123912811,-0.38206115037174354,3783.53125,-54.13281249999953,-216.43749999999906,-0.2689992520163594
16.75,2026-05-04T22:12:25.257812Z,2026-05-04T22:13:26.681875Z,0.966899573802948,0.2778601944446564,-0.2700875401496887,-0.36356885040862463,3774.9375,-120.73437500000095,-346.1250000000018,-0.2611537878119641
16.7578125,2026-05-04T22:12:25.265625Z,2026-05-04T22:13:26.689687500Z,0.961791217327118,0.2885984182357788,-0.2782833874225616,-0.3611452174268343,3766.3437499999995,-187.33593750000236,-475.81250000000455,-0.25330832360756883
16.765625,2026-05-04T22:12:25.273437Z,2026-05-04T22:13:26.697500Z,0.9591198563575744,0.3017884492874146,-0.2807897925376892,-0.33812350983213496,3759.2499999999995,-211.37500000000128,-574.9375000000056,-0.29290733589677975
16.7734375,2026-05-04T22:12:25.281250Z,2026-05-04T22:13:26.705312500Z,0.9504497051239014,0.3171199560165405,-0.2834499776363373,-0.3696070688982743,3752.2187499999995,-233.64062500000173,-672.7890625000076,-0.3344832013732224
16.78125,2026-05-04T22:12:25.289062Z,2026-05-04T22:13:26.713125Z,0.9414514899253844,0.3340187072753906,-0.2820968329906464,-0.4073072316528859,3745.187499999999,-255.90625000000222,-770.6406250000098,-0.37605906684966506
16.7890625,2026-05-04T22:12:25.296875Z,2026-05-04T22:13:26.720937500Z,0.9366867542266846,0.3495829701423645,-0.2735934555530548,-0.4222294589669284,3738.156249999999,-278.1718750000027,-868.4921875000118,-0.4176349323261077
16.796875,2026-05-04T22:12:25.304687Z,2026-05-04T22:13:26.728750Z,0.9326094388961792,0.3633005917072296,-0.26027712225914,-0.44735818401188066,3731.124999999999,-300.4375000000032,-966.3437500000139,-0.45921079780255036
16.8046875,2026-05-04T22:12:25.312500Z,2026-05-04T22:13:26.736562500Z,0.9242048859596252,0.3765837550163269,-0.245530754327774,-0.5202167435150811,3730.1640625,-265.2812499999959,-1010.7109375000031,-0.48111077253682893
16.8125,2026-05-04T22:12:25.320312Z,2026-05-04T22:13:26.744375Z,0.9180341958999634,0.3885789215564728,-0.2278781831264496,-0.547022639561676,3730.359375,-219.187499999999,-1044.8906250000007,-0.4992629585583184
16.8203125,2026-05-04T22:12:25.328125Z,2026-05-04T22:13:26.752187500Z,0.9140662550926208,0.3967412412166595,-0.20556640625,-0.4901995302571232,3730.5546875,-173.09375000000213,-1079.0703124999984,-0.5174151445798079
16.828125,2026-05-04T22:12:25.335937Z,2026-05-04T22:13:26.760000Z,0.913113296031952,0.4002637565135956,-0.1792566776275635,-0.4415994524731941,3730.75,-127.00000000000524,-1113.2499999999961,-0.5355673306012974
16.8359375,2026-05-04T22:12:25.343750Z,2026-05-04T22:13:26.767812500Z,0.9116292595863342,0.4006361663341522,-0.1515937745571136,-0.3780148463370736,3730.9453125,-80.90625000000836,-1147.4296874999939,-0.5537195166227868
16.84375,2026-05-04T22:12:25.351562Z,2026-05-04T22:13:26.775625Z,0.9106763005256652,0.4005585908889771,-0.1233311891555786,-0.3254900983201919,3733.5312499999995,-26.515625000010644,-1131.5468750000066,-0.5507247507148658
16.8515625,2026-05-04T22:12:25.359375Z,2026-05-04T22:13:26.783437500Z,0.9105981588363647,0.3949101269245148,-0.0919624790549278,-0.2608493333630461,3737.0468749999995,31.101562499990585,-1096.1953125000057,-0.5395061701677213
16.859375,2026-05-04T22:12:25.367187Z,2026-05-04T22:13:26.791250Z,0.9164251685142516,0.3842494785785675,-0.0542431473731994,-0.24476874681578534,3740.5624999999995,88.71874999999181,-1060.843750000005,-0.5282875896205769
16.8671875,2026-05-04T22:12:25.375000Z,2026-05-04T22:13:26.799062500Z,0.9207680225372314,0.3733095228672028,-0.0179384816437959,-0.2291656318928763,3744.0781249999995,146.33593749999304,-1025.4921875000043,-0.5170690090734325
16.875,2026-05-04T22:12:25.382812Z,2026-05-04T22:13:26.806875Z,0.9221271276474,0.3611901998519897,0.0147987650707364,-0.19056202747032075,3747.5937499999995,203.9531249999943,-990.1406250000035,-0.505850428526288
16.8828125,2026-05-04T22:12:25.390625Z,2026-05-04T22:13:26.814687500Z,0.928672730922699,0.3471156358718872,0.051903024315834,-0.21842312035290518,3752.0468749999995,231.10156249999946,-916.3515625000077,-0.476928090880299
16.890625,2026-05-04T22:12:25.398437Z,2026-05-04T22:13:26.822500Z,0.936015009880066,0.3291926980018616,0.0893917083740234,-0.25858787493086083,3757.1249999999995,237.9374999999996,-816.9375000000057,-0.4362032485017425
16.8984375,2026-05-04T22:12:25.406250Z,2026-05-04T22:13:26.830312500Z,0.942341923713684,0.3128215372562408,0.1247430145740509,-0.30964198339879684,3762.203125,244.77343749999974,-717.5234375000035,-0.3954784061231861
16.90625,2026-05-04T22:12:25.414062Z,2026-05-04T22:13:26.838125Z,0.9459661841392516,0.300795316696167,0.1567729264497757,-0.3568522959458518,3767.28125,251.60937499999991,-618.1093750000014,-0.3547535637446296
16.9140625,2026-05-04T22:12:25.421875Z,2026-05-04T22:13:26.845937500Z,0.9516056776046752,0.288117378950119,0.1893717795610428,-0.43852706101050787,3772.359375,258.44531250000006,-518.6953124999993,-0.3140287213660731
16.921875,2026-05-04T22:12:25.429687Z,2026-05-04T22:13:26.853750Z,0.9568859338760376,0.274694561958313,0.2234775573015213,-0.5314013989527756,3777.625,237.34374999999855,-405.59374999999636,-0.29115657340276213
16.9296875,2026-05-04T22:12:25.437500Z,2026-05-04T22:13:26.861562500Z,0.9609007239341736,0.2658184468746185,0.2543849647045135,-0.49439727712914744,3783.0937500000005,185.97656249999744,-277.66406249999363,-0.287624844389299
16.9375,2026-05-04T22:12:25.445312Z,2026-05-04T22:13:26.869375Z,0.958213746547699,0.26165971159935,0.2774502038955688,-0.4717254565276634,3788.5625000000005,134.60937499999636,-149.7343749999909,-0.2840931153758358
16.9453125,2026-05-04T22:12:25.453125Z,2026-05-04T22:13:26.877187500Z,0.961181938648224,0.2606045007705688,0.3016379177570343,-0.3667431303917841,3794.0312500000005,83.24218749999525,-21.804687499988177,-0.28056138636237266
16.953125,2026-05-04T22:12:25.460937Z,2026-05-04T22:13:26.885000Z,0.961775541305542,0.260697603225708,0.3255181312561035,-0.279122125836356,3799.5000000000005,31.874999999994163,106.12500000001455,-0.2770296573489095
16.9609375,2026-05-04T22:12:25.468750Z,2026-05-04T22:13:26.892812500Z,0.96154123544693,0.2644373774528503,0.3443547189235687,-0.20318919644012096,3805.1093750000005,-18.08593750000489,230.67968750001222,-0.29156175969638953
16.96875,2026-05-04T22:12:25.476562Z,2026-05-04T22:13:26.900625Z,0.9548394680023192,0.2732669413089752,0.3567638099193573,-0.20377940698422306,3810.96875,-65.54687500000169,349.2343750000042,-0.33820734001886205
16.9765625,2026-05-04T22:12:25.484375Z,2026-05-04T22:13:26.908437500Z,0.9502934813499452,0.2842534780502319,0.3669125139713287,-0.17949634360382596,3816.828125,-113.00781249999848,467.7890624999962,-0.3848529203413345
16.984375,2026-05-04T22:12:25.492187Z,2026-05-04T22:13:26.916250Z,0.945060133934021,0.2946503162384033,0.3741088807582855,-0.1731188505597004,3822.6874999999995,-160.46874999999528,586.3437499999882,-0.43149850066380696
16.9921875,2026-05-04T22:12:25.500000Z,2026-05-04T22:13:26.924062500Z,0.9413577318191528,0.3080420792102814,0.3790448307991028,-0.14621563238280982,3828.546874999999,-207.92968749999207,704.8984374999802,-0.4781440809862794
17.0,2026-05-04T22:12:25.507812Z,2026-05-04T22:13:26.931875Z,0.9346246719360352,0.3239632546901703,0.3772303760051727,-0.1674602738033736,3834.265624999999,-241.28125000000242,812.9531249999841,-0.49667476143600114
17.0078125,2026-05-04T22:12:25.515625Z,2026-05-04T22:13:26.939687500Z,0.925954520702362,0.3394654095172882,0.3704491853713989,-0.22747653312585295,3839.539062499999,-229.95312500000216,887.7578124999857,-0.4261749256219055
17.015625,2026-05-04T22:12:25.523437Z,2026-05-04T22:13:26.947500Z,0.9212366938591005,0.3529968559741974,0.3640677928924561,-0.24688279577047756,3844.812499999999,-218.62500000000193,962.5624999999873,-0.3556750898078099
17.0234375,2026-05-04T22:12:25.531250Z,2026-05-04T22:13:26.955312500Z,0.9181279540061952,0.3662489652633667,0.3543650209903717,-0.26035640792540055,3850.085937499999,-207.29687500000168,1037.3671874999889,-0.28517525399371424
17.03125,2026-05-04T22:12:25.539062Z,2026-05-04T22:13:26.963125Z,0.910645067691803,0.3779492974281311,0.3359436094760895,-0.3565368938856657,3855.3593749999995,-195.96875000000145,1112.1718749999905,-0.21467541817961863
17.0390625,2026-05-04T22:12:25.546875Z,2026-05-04T22:13:26.970937500Z,0.90659898519516,0.3883616626262665,0.3152925372123718,-0.424857062959859,3860.5859374999995,-179.64843750000563,1178.3515624999998,-0.15077747627474622
17.046875,2026-05-04T22:12:25.554687Z,2026-05-04T22:13:26.978750Z,0.9065521359443665,0.3932652771472931,0.293211430311203,-0.4748233260900911,3865.4687499999995,-126.7187500000045,1181.2812499999998,-0.13529342303756062
17.0546875,2026-05-04T22:12:25.562500Z,2026-05-04T22:13:26.986562500Z,0.9044431447982788,0.394429087638855,0.2669785618782043,-0.5529214176147167,3870.3515624999995,-73.78906250000338,1184.2109374999998,-0.119809369800375
17.0625,2026-05-04T22:12:25.570312Z,2026-05-04T22:13:26.994375Z,0.9055679440498352,0.3946618437767029,0.2372705638408661,-0.48437637618521884,3875.234375,-20.859375000002252,1187.1406249999998,-0.1043253165631894
17.0703125,2026-05-04T22:12:25.578125Z,2026-05-04T22:13:27.002187500Z,0.9068176746368408,0.3932807743549347,0.2047947347164154,-0.4124837143463655,3880.1171875,32.07031249999888,1190.0703125,-0.0888412633260038
17.078125,2026-05-04T22:12:25.585937Z,2026-05-04T22:13:27.010000Z,0.9104419946670532,0.3853977918624878,0.1732414960861206,-0.3496882458590652,3885.0,85.0,1193.0,-0.0733572100888182
17.0859375,2026-05-04T22:12:25.593750Z,2026-05-04T22:13:27.017812500Z,0.9169719219207764,0.3748302459716797,0.142656996846199,-0.32025563006994956,3883.046875,124.64843750000085,1125.0312499999986,-0.12455633724469709
17.09375,2026-05-04T22:12:25.601562Z,2026-05-04T22:13:27.025625Z,0.9206899404525756,0.3636264801025391,0.1050914376974106,-0.2596935081247735,3881.09375,164.2968750000017,1057.062499999997,-0.17575546440057596
17.1015625,2026-05-04T22:12:25.609375Z,2026-05-04T22:13:27.033437500Z,0.924157977104187,0.3523916602134705,0.0657729133963584,-0.21190726830318996,3879.140625,203.94531250000253,989.0937499999957,-0.22695459155645484
17.109375,2026-05-04T22:12:25.617187Z,2026-05-04T22:13:27.041250Z,0.9336561560630798,0.3365170657634735,0.0303754806518554,-0.23380164663799813,3877.1875,243.59375000000338,921.1249999999942,-0.27815371871233374
17.1171875,2026-05-04T22:12:25.625000Z,2026-05-04T22:13:27.049062500Z,0.9437166452407836,0.3203476369380951,-0.003853315487504,-0.27927266239371773,3875.234375,283.2421875000042,853.1562499999927,-0.3293528458682126
17.125,2026-05-04T22:12:25.632812Z,2026-05-04T22:13:27.056875Z,0.9492624402046204,0.3066765367984772,-0.0407269224524498,-0.3004895634248281,3865.5468749999986,269.9531249999974,747.7187499999859,-0.3416780043342069
17.1328125,2026-05-04T22:12:25.640625Z,2026-05-04T22:13:27.064687500Z,0.9539021253585817,0.2952710390090942,-0.0755707919597625,-0.3354876902230558,3854.804687499998,249.44531249999693,637.1718749999835,-0.348702167069768
17.140625,2026-05-04T22:12:25.648437Z,2026-05-04T22:13:27.072500Z,0.9581044316291808,0.283632755279541,-0.1060784012079239,-0.3740155471537878,3844.062499999998,228.9374999999965,526.6249999999811,-0.355726329805329
17.1484375,2026-05-04T22:12:25.656250Z,2026-05-04T22:13:27.080312500Z,0.9643688201904296,0.2731428146362305,-0.1328648179769516,-0.44603181542318976,3833.3203124999977,208.42968749999608,416.0781249999788,-0.36275049254089
17.15625,2026-05-04T22:12:25.664062Z,2026-05-04T22:13:27.088125Z,0.969508409500122,0.2675098776817322,-0.1601432859897614,-0.5304444172733005,3822.5781249999977,187.92187499999562,305.5312499999764,-0.36977465527645104
17.1640625,2026-05-04T22:12:25.671875Z,2026-05-04T22:13:27.095937500Z,0.9705238342285156,0.2667184770107269,-0.188636526465416,-0.5298806870608763,3813.9140624999986,137.42968749999,184.8906249999793,-0.35607419391109124
17.171875,2026-05-04T22:12:25.679687Z,2026-05-04T22:13:27.103750Z,0.9694303274154664,0.2655546367168427,-0.2130549252033234,-0.4923451133703598,3805.906249999999,77.46874999999405,61.06249999998768,-0.3358291144086064
17.1796875,2026-05-04T22:12:25.687500Z,2026-05-04T22:13:27.111562500Z,0.9716330170631408,0.2662994861602783,-0.229092925786972,-0.4272750985445229,3797.8984374999995,17.50781249999809,-62.765625000003965,-0.3155840349061216
17.1875,2026-05-04T22:12:25.695312Z,2026-05-04T22:13:27.119375Z,0.9686179757118224,0.2716065645217896,-0.2438854277133942,-0.40688317307764227,3789.8906250000005,-42.45312499999786,-186.59374999999562,-0.2953389554036367
17.1953125,2026-05-04T22:12:25.703125Z,2026-05-04T22:13:27.127187500Z,0.9642282128334044,0.2829499840736389,-0.2573555409908295,-0.38292397655065935,3781.882812500001,-102.4140624999938,-310.42187499998727,-0.27509387590115186
17.203125,2026-05-04T22:12:25.710937Z,2026-05-04T22:13:27.135000Z,0.959526002407074,0.2945882678031921,-0.2642751038074493,-0.37711081252775497,3772.750000000001,-141.62499999999687,-419.2499999999886,-0.28366944447444986
17.2109375,2026-05-04T22:12:25.718750Z,2026-05-04T22:13:27.142812500Z,0.956323504447937,0.3043954372406006,-0.2656590044498444,-0.37485405108821446,3762.984375000001,-169.16406249999744,-519.6406249999908,-0.30845662759038467
17.21875,2026-05-04T22:12:25.726562Z,2026-05-04T22:13:27.150625Z,0.950746476650238,0.3175854682922363,-0.2657820284366608,-0.38791162314321487,3753.218750000001,-196.70312499999804,-620.0312499999928,-0.3332438107063195
17.2265625,2026-05-04T22:12:25.734375Z,2026-05-04T22:13:27.158437500Z,0.9438416361808776,0.3347170054912567,-0.2645672559738159,-0.40108952029718214,3743.4531250000005,-224.24218749999864,-720.421874999995,-0.3580309938222543
17.234375,2026-05-04T22:12:25.742187Z,2026-05-04T22:13:27.166250Z,0.9353745579719543,0.3486518859863281,-0.2587701976299286,-0.4532987938019053,3733.6875000000005,-251.7812499999992,-820.8124999999972,-0.38281817693818904
17.2421875,2026-05-04T22:12:25.750000Z,2026-05-04T22:13:27.174062500Z,0.9331874847412108,0.3602746427059174,-0.2443006038665771,-0.46820096411537715,3728.1875,-251.49218750000017,-893.4765624999997,-0.4095634341169952
17.25,2026-05-04T22:12:25.757812Z,2026-05-04T22:13:27.181875Z,0.9279853701591492,0.3706249594688416,-0.2284932434558868,-0.5202829669242655,3726.625,-225.51562499999963,-940.5468750000007,-0.43811614427691353
17.2578125,2026-05-04T22:12:25.765625Z,2026-05-04T22:13:27.189687500Z,0.9194870591163636,0.3820770084857941,-0.2144695818424225,-0.5300251582756014,3725.0625,-199.53906249999906,-987.6171875000017,-0.4666688544368318
17.265625,2026-05-04T22:12:25.773437Z,2026-05-04T22:13:27.197500Z,0.9170031547546388,0.3888116776943207,-0.1930343061685562,-0.48673250800127565,3723.5,-173.56249999999852,-1034.6875000000027,-0.49522156459675015
17.2734375,2026-05-04T22:12:25.781250Z,2026-05-04T22:13:27.205312500Z,0.9173624515533448,0.3907513916492462,-0.1649716049432755,-0.4448240815000946,3721.9375,-147.58593749999795,-1081.7578125000036,-0.5237742747566684
17.28125,2026-05-04T22:12:25.789062Z,2026-05-04T22:13:27.213125Z,0.9157221913337708,0.3913565874099731,-0.1377085149288177,-0.3848741438786474,3722.7187500000005,-108.40624999999413,-1100.6249999999977,-0.5387606744097152
17.2890625,2026-05-04T22:12:25.796875Z,2026-05-04T22:13:27.220937500Z,0.9140506386756896,0.3918066024780273,-0.1101532578468323,-0.331530432698156,3727.0156250000005,-49.42187499999287,-1077.1874999999973,-0.5333976083024624
17.296875,2026-05-04T22:12:25.804687Z,2026-05-04T22:13:27.228750Z,0.9154253602027892,0.3871978521347046,-0.0783539935946464,-0.29250449904490683,3731.3125000000005,9.562500000008383,-1053.7499999999966,-0.5280345421952095
17.3046875,2026-05-04T22:12:25.812500Z,2026-05-04T22:13:27.236562500Z,0.9174874424934388,0.3773751556873322,-0.0457705184817314,-0.24853758880116497,3735.609375000001,68.54687500000963,-1030.3124999999961,-0.5226714760879567
17.3125,2026-05-04T22:12:25.820312Z,2026-05-04T22:13:27.244375Z,0.9218928217887878,0.3670869171619415,-0.0123566966503858,-0.24139145045397267,3739.906250000001,127.5312500000109,-1006.8749999999957,-0.5173084099807039
17.3203125,2026-05-04T22:12:25.828125Z,2026-05-04T22:13:27.252187500Z,0.927126169204712,0.3575590550899506,0.0211955215781927,-0.2606233167471368,3745.3515625000014,174.648437500003,-965.8828124999844,-0.5066892940974894
17.328125,2026-05-04T22:12:25.835937Z,2026-05-04T22:13:27.260000Z,0.9283915162086488,0.3458276689052582,0.0536867380142211,-0.23884931634789253,3753.750000000001,191.25000000000188,-879.7499999999902,-0.48255462164752966
17.3359375,2026-05-04T22:12:25.843750Z,2026-05-04T22:13:27.267812500Z,0.9340935349464417,0.331411749124527,0.0915444642305374,-0.2759581918059726,3762.1484375000005,207.85156250000077,-793.617187499996,-0.4584199491975699
17.34375,2026-05-04T22:12:25.851562Z,2026-05-04T22:13:27.275625Z,0.9414045810699464,0.3178803026676178,0.128740981221199,-0.35269938715709276,3770.546875,224.45312499999966,-707.4843750000018,-0.43428527674761014
17.3515625,2026-05-04T22:12:25.859375Z,2026-05-04T22:13:27.283437500Z,0.9429667592048644,0.3071420788764954,0.1587411612272263,-0.378528110180679,3778.945312499999,241.05468749999852,-621.3515625000076,-0.4101506042976504
17.359375,2026-05-04T22:12:25.867187Z,2026-05-04T22:13:27.291250Z,0.9462317824363708,0.2969624698162079,0.1881262511014938,-0.43467088649357116,3786.7187499999995,249.0625000000053,-529.2187500000176,-0.38748845504123997
17.3671875,2026-05-04T22:12:25.875000Z,2026-05-04T22:13:27.299062500Z,0.953011691570282,0.2861000895500183,0.2201869189739227,-0.5458466399867267,3791.2109374999995,211.9531250000045,-405.58593750001495,-0.3725570525509722
17.375,2026-05-04T22:12:25.882812Z,2026-05-04T22:13:27.306875Z,0.954542636871338,0.2771929204463959,0.2477729320526123,-0.5197031835806537,3795.7031249999995,174.8437500000037,-281.95312500001234,-0.3576256500607044
17.3828125,2026-05-04T22:12:25.890625Z,2026-05-04T22:13:27.314687500Z,0.955386221408844,0.2744462788105011,0.2718376517295837,-0.45147408567350505,3800.1953124999995,137.7343750000029,-158.3203125000097,-0.34269424757043665
17.390625,2026-05-04T22:12:25.898437Z,2026-05-04T22:13:27.322500Z,0.9565891027450562,0.274120420217514,0.2950873970985413,-0.36789862005474844,3804.6874999999995,100.62500000000212,-34.687500000007056,-0.32776284508016884
17.3984375,2026-05-04T22:12:25.906250Z,2026-05-04T22:13:27.330312500Z,0.9549956321716307,0.2733755707740784,0.3166918456554413,-0.3164500948775078,3809.2109375,63.218750000001585,88.71093749999582,-0.31527427586255374
17.40625,2026-05-04T22:12:25.914062Z,2026-05-04T22:13:27.338125Z,0.9565578699111938,0.2765256464481354,0.3372813761234283,-0.21612266805936176,3814.484375,18.68750000000063,206.48437499999832,-0.36141370518865895
17.4140625,2026-05-04T22:12:25.921875Z,2026-05-04T22:13:27.345937500Z,0.9510120749473572,0.2834465503692627,0.3488909006118774,-0.21257589104310556,3819.7578125,-25.843750000000323,324.25781250000085,-0.4075531345147641
17.421875,2026-05-04T22:12:25.929687Z,2026-05-04T22:13:27.353750Z,0.9459505677223206,0.2926330268383026,0.35614874958992,-0.2102089906135164,3825.03125,-70.37500000000128,442.03125000000335,-0.45369256384086926
17.4296875,2026-05-04T22:12:25.937500Z,2026-05-04T22:13:27.361562500Z,0.944325864315033,0.3016022443771362,0.3641754388809204,-0.16584668350027798,3830.3046875000005,-114.90625000000223,559.8046875000059,-0.4998319931669744
17.4375,2026-05-04T22:12:25.945312Z,2026-05-04T22:13:27.369375Z,0.9418107867240906,0.3111766576766968,0.3679888844490051,-0.14355264491325573,3835.5781250000005,-159.43750000000318,677.5781250000084,-0.5459714224930796
17.4453125,2026-05-04T22:12:25.953125Z,2026-05-04T22:13:27.377187500Z,0.9319533109664916,0.3251736164093018,0.3625301122665405,-0.22001666699539663,3841.2109375000005,-168.9296875000006,760.4921875000074,-0.4825594143157055
17.453125,2026-05-04T22:12:25.960937Z,2026-05-04T22:13:27.385000Z,0.9272980093955994,0.3382550477981567,0.3586090505123138,-0.2338465806112591,3846.8750000000005,-175.37500000000074,840.3750000000091,-0.40962119418151655
17.4609375,2026-05-04T22:12:25.968750Z,2026-05-04T22:13:27.392812500Z,0.9237830638885498,0.3495053648948669,0.3526120781898499,-0.2478134587865643,3852.539062500001,-181.82031250000088,920.2578125000108,-0.3366829740473276
17.46875,2026-05-04T22:12:25.976562Z,2026-05-04T22:13:27.400625Z,0.9203931093215942,0.3594987690448761,0.3420789539813995,-0.280699458938286,3858.203125000001,-188.265625000001,1000.1406250000125,-0.2637447539131387
17.4765625,2026-05-04T22:12:25.984375Z,2026-05-04T22:13:27.408437500Z,0.9143787026405334,0.3698801100254059,0.3250568211078644,-0.3606487005296268,3863.867187500001,-194.71093750000114,1080.023437500014,-0.1908065337789497
17.484375,2026-05-04T22:12:25.992187Z,2026-05-04T22:13:27.416250Z,0.9117229580879213,0.3784613907337189,0.3027450442314148,-0.4278918858494466,3866.8750000000005,-162.09374999999457,1107.5625000000018,-0.1633404180775993
17.492187488,2026-05-04T22:12:26.000000Z,2026-05-04T22:13:27.424062488Z,0.910301387310028,0.3816425204277039,0.2791416347026825,-0.5027552997049947,3869.2187464,-119.71100260000283,1122.015602799999,-0.14724235321111326
17.499999988,2026-05-04T22:12:26.007812Z,2026-05-04T22:13:27.431874988Z,0.9122072458267212,0.3820925354957581,0.2555843591690063,-0.5482195949042703,3871.5624964,-77.3281901000057,1136.468727799998,-0.13114426361795953
17.507812488,2026-05-04T22:12:26.015625Z,2026-05-04T22:13:27.439687488Z,0.910863757133484,0.3836442828178406,0.2251228839159012,-0.4881277779403533,3873.9062463999994,-34.945377600008555,1150.9218527999972,-0.11504617402480584
17.515624988,2026-05-04T22:12:26.023437Z,2026-05-04T22:13:27.447499988Z,0.9109106063842772,0.382666677236557,0.1944307535886765,-0.4128187883867771,3876.2499963999994,7.437434899988578,1165.374977799996,-0.09894808443165212
17.523437488,2026-05-04T22:12:26.031250Z,2026-05-04T22:13:27.455312488Z,0.9135663509368896,0.3765061497688293,0.165983647108078,-0.35785378852450495,3877.7968731999995,45.968693599989855,1132.5469596000153,-0.11771531932113027
17.531249988,2026-05-04T22:12:26.039062Z,2026-05-04T22:13:27.463124988Z,0.920018196105957,0.3678783178329468,0.1360142230987549,-0.3408085527650049,3878.9687481999995,82.68744359999063,1077.4688346000141,-0.1528898815477412
17.539062488,2026-05-04T22:12:26.046875Z,2026-05-04T22:13:27.470937488Z,0.924501657485962,0.3611591458320618,0.0993251353502273,-0.31299500031169375,3880.1406232,119.40619359999141,1022.3907096000129,-0.1880644437743521
17.546874988,2026-05-04T22:12:26.054687Z,2026-05-04T22:13:27.478749988Z,0.9269543290138244,0.3529813289642334,0.0615904182195663,-0.2713184273899607,3881.3124982,156.1249435999922,967.3125846000117,-0.22323900600096303
17.554687488,2026-05-04T22:12:26.062500Z,2026-05-04T22:13:27.486562488Z,0.9320783019065856,0.3410016596317291,0.0266542918980121,-0.2620822621637822,3882.4843732,192.84369359999297,912.2344596000105,-0.25841356822757394
17.562499988,2026-05-04T22:12:26.070312Z,2026-05-04T22:13:27.494374988Z,0.9378740191459656,0.3275478482246399,-0.0063597355037927,-0.2701416092593868,3877.421890300002,207.6875036000004,831.3439054000172,-0.29389844425549483
17.570312488,2026-05-04T22:12:26.078125Z,2026-05-04T22:13:27.502187488Z,0.9442009329795836,0.3183923959732056,-0.041049838066101,-0.3163100054727511,3867.4609528000015,205.34375360000035,730.172030400015,-0.329627139790068
17.578124988,2026-05-04T22:12:26.085937Z,2026-05-04T22:13:27.509999988Z,0.9471222162246704,0.310695618391037,-0.0755092874169349,-0.34358896581910453,3857.5000153000015,203.0000036000003,629.0001554000129,-0.36535583532464116
17.585937488,2026-05-04T22:12:26.093750Z,2026-05-04T22:13:27.517812488Z,0.951699435710907,0.3011987805366516,-0.1044023185968399,-0.3901582306367883,3847.539077800001,200.65625360000024,527.8282804000107,-0.4010845308592143
17.593749988,2026-05-04T22:12:26.101562Z,2026-05-04T22:13:27.525624988Z,0.9576045274734496,0.2937502861022949,-0.1281595081090927,-0.46152999959725355,3837.578140300001,198.31250360000018,426.6564054000085,-0.43681322639378745
17.601562488,2026-05-04T22:12:26.109375Z,2026-05-04T22:13:27.533437488Z,0.9608851075172424,0.2893587946891785,-0.1527624130249023,-0.5217131964574736,3828.3047004000005,178.00787880000271,318.00799400000744,-0.4421219382968766
17.609374988,2026-05-04T22:12:26.117187Z,2026-05-04T22:13:27.541249988Z,0.9596197605133056,0.2869225144386292,-0.1780880391597748,-0.5450055189118805,3819.9062629000005,134.8438163000018,199.84393150000494,-0.40871406604677446
17.617187488,2026-05-04T22:12:26.125000Z,2026-05-04T22:13:27.549062488Z,0.9608226418495178,0.2866587042808533,-0.2010917514562607,-0.518291522660255,3811.5078254,91.6797538000009,81.67986900000243,-0.3753061937966723
17.624999988,2026-05-04T22:12:26.132812Z,2026-05-04T22:13:27.556874988Z,0.9600571393966676,0.2850759029388428,-0.2202205210924149,-0.4879168992435801,3803.1093879,48.51569129999998,-36.48419350000008,-0.3418983215465701
17.632812488,2026-05-04T22:12:26.140625Z,2026-05-04T22:13:27.564687488Z,0.9630097150802612,0.2861000895500183,-0.2345516979694366,-0.41558370036346326,3794.7109504,5.351628799999061,-154.6482560000026,-0.30849044929646796
17.640624988,2026-05-04T22:12:26.148437Z,2026-05-04T22:13:27.572499988Z,0.961775541305542,0.2886760234832764,-0.2455922663211823,-0.3919266906776871,3786.6875111,-33.18745590000043,-268.1873407000015,-0.2932432396443778
17.648437488,2026-05-04T22:12:26.156250Z,2026-05-04T22:13:27.580312488Z,0.9604477286338806,0.2956124246120453,-0.2526348531246185,-0.36422554057572887,3779.4609486000004,-61.89839339999849,-371.89827819999454,-0.3165877104243034
17.656249988,2026-05-04T22:12:26.164062Z,2026-05-04T22:13:27.588124988Z,0.9553706049919128,0.3039143979549408,-0.2556179463863373,-0.38336855352509147,3772.234386100001,-90.60933089999655,-475.60921569998754,-0.33993218120422897
17.664062488,2026-05-04T22:12:26.171875Z,2026-05-04T22:13:27.595937488Z,0.953011691570282,0.3125422298908234,-0.2522350549697876,-0.3880062223463696,3765.0078236000013,-119.32026839999462,-579.3201531999805,-0.36327665198415454
17.671874988,2026-05-04T22:12:26.179687Z,2026-05-04T22:13:27.603749988Z,0.949590504169464,0.3217597305774689,-0.2468839287757874,-0.40575568168997644,3757.7812611000018,-148.03120589999267,-683.0310906999736,-0.3866211227640801
17.679687488,2026-05-04T22:12:26.187500Z,2026-05-04T22:13:27.611562488Z,0.9425293803215028,0.3311013877391815,-0.2416711747646332,-0.46080043159986345,3751.0625072000016,-170.21875600000118,-776.0780475999846,-0.4096771364961313
17.687499988,2026-05-04T22:12:26.195312Z,2026-05-04T22:13:27.619374988Z,0.9389832019805908,0.3423517048358917,-0.2339673936367035,-0.47376174795761355,3746.375007200001,-166.3125060000011,-826.4686725999857,-0.43157931095984703
17.695312488,2026-05-04T22:12:26.203125Z,2026-05-04T22:13:27.627187488Z,0.9364680647850036,0.3518950939178467,-0.2205434292554855,-0.49470319511801203,3741.687507200001,-162.40625600000104,-876.8592975999868,-0.4534814854235627
17.703124988,2026-05-04T22:12:26.210937Z,2026-05-04T22:13:27.634999988Z,0.93082857131958,0.3598867058753967,-0.2020604908466339,-0.5588912260661332,3737.000007200001,-158.50000600000095,-927.2499225999878,-0.4753836598872784
17.710937488,2026-05-04T22:12:26.218750Z,2026-05-04T22:13:27.642812488Z,0.9258607625961304,0.3672265708446503,-0.1793335527181625,-0.4887452617612974,3732.312507200001,-154.59375600000087,-977.640547599989,-0.49728583435099405
17.718749988,2026-05-04T22:12:26.226562Z,2026-05-04T22:13:27.650624988Z,0.9224864840507508,0.3744112551212311,-0.1543616056442261,-0.4379875230383944,3728.3124939999993,-148.0156823000074,-1023.4843849000013,-0.5178691842961402
17.726562488,2026-05-04T22:12:26.234375Z,2026-05-04T22:13:27.658437488Z,0.9201900362968444,0.3790665864944458,-0.1281133741140366,-0.3933944012636497,3732.2187439999993,-110.7109948000066,-1017.0390724000011,-0.5232857357537325
17.734374988,2026-05-04T22:12:26.242187Z,2026-05-04T22:13:27.666249988Z,0.9194714426994324,0.3805252313613892,-0.0997585207223892,-0.35719904939057384,3736.1249939999993,-73.4063073000058,-1010.593759900001,-0.528702287211325
17.742187488,2026-05-04T22:12:26.250000Z,2026-05-04T22:13:27.674062488Z,0.9202525019645692,0.3770337700843811,-0.0696353390812873,-0.32258032475271875,3740.0312439999993,-36.101619800005004,-1004.1484474000009,-0.5341188386689174
17.749999988,2026-05-04T22:12:26.257812Z,2026-05-04T22:13:27.681874988Z,0.9204087257385254,0.3728284537792206,-0.0405577793717384,-0.2885447077013325,3743.9374939999993,1.2030676999957917,-997.7031349000007,-0.5395353901265098
17.757812488,2026-05-04T22:12:26.265625Z,2026-05-04T22:13:27.689687488Z,0.922049045562744,0.3674748539924622,-0.0106498692184686,-0.27533204111288495,3747.843744,38.50775519999659,-991.2578224000006,-0.5449519415841022
17.765624988,2026-05-04T22:12:26.273437Z,2026-05-04T22:13:27.697499988Z,0.92426735162735,0.3605694770812988,0.0226409416645765,-0.2729062395169996,3752.6874924999997,68.87495379999788,-923.8751074000049,-0.518399074427354
17.773437488,2026-05-04T22:12:26.281250Z,2026-05-04T22:13:27.705312488Z,0.9284228086471558,0.3523451089859009,0.0580229982733726,-0.3013051186652386,3757.5703049999997,98.95307879999852,-853.9532324000035,-0.4905140948792222
17.781249988,2026-05-04T22:12:26.289062Z,2026-05-04T22:13:27.713124988Z,0.9317814707756042,0.3433758914470673,0.0932820439338684,-0.3330823127698312,3762.4531174999997,129.03120379999916,-784.031357400002,-0.4626291153310904
17.789062488,2026-05-04T22:12:26.296875Z,2026-05-04T22:13:27.720937488Z,0.9333593249320984,0.3329324722290039,0.1267266273498535,-0.3510818420361467,3767.33593,159.10932879999982,-714.1094824000004,-0.4347441357829586
17.796874988,2026-05-04T22:12:26.304687Z,2026-05-04T22:13:27.728749988Z,0.9353589415550232,0.3239477276802063,0.1566191613674164,-0.3864444299078373,3772.2187425,189.18745380000044,-644.1876073999989,-0.4068591562348268
17.804687488,2026-05-04T22:12:26.312500Z,2026-05-04T22:13:27.736562488Z,0.9382646083831788,0.3159716427326202,0.1852969229221344,-0.4439727617826195,3778.0859281999997,182.35158380000053,-538.8282972000043,-0.39007806276967827
17.812499988,2026-05-04T22:12:26.320312Z,2026-05-04T22:13:27.744374988Z,0.9456068873405457,0.3022695183753967,0.2143129855394363,-0.5407019496284362,3784.140615699999,168.48439630000146,-426.7189222000119,-0.37541201939686664
17.820312488,2026-05-04T22:12:26.328125Z,2026-05-04T22:13:27.752187488Z,0.9535896778106688,0.2891880869865417,0.2424986809492111,-0.4680067887289304,3790.1953031999988,154.6172088000024,-314.60954720001945,-0.360745976024055
17.828124988,2026-05-04T22:12:26.335937Z,2026-05-04T22:13:27.759999988Z,0.9526054859161376,0.282344788312912,0.260627955198288,-0.4530321081324043,3796.2499906999988,140.75002130000334,-202.500172200027,-0.34607993265124337
17.835937488,2026-05-04T22:12:26.343750Z,2026-05-04T22:13:27.767812488Z,0.9524336457252502,0.2793033123016357,0.2791877686977386,-0.41090572852460483,3802.3046781999983,126.88283380000428,-90.3907972000346,-0.3314138892784318
17.843749988,2026-05-04T22:12:26.351562Z,2026-05-04T22:13:27.775624988Z,0.9529491662979126,0.2777205109596252,0.3014687895774841,-0.3394766449809279,3807.9374915999983,97.68755400001096,22.843575399964557,-0.35396695836591624
17.851562488,2026-05-04T22:12:26.359375Z,2026-05-04T22:13:27.783437488Z,0.9573858380317688,0.2767739295959473,0.3247031569480896,-0.2132585349096981,3813.4062415999983,62.531304000010216,136.515450399967,-0.39099423702262637
17.859374988,2026-05-04T22:12:26.367187Z,2026-05-04T22:13:27.791249988Z,0.9552924633026124,0.2788843512535095,0.3364818096160889,-0.18784961207216272,3818.8749915999983,27.375054000009474,250.1873253999694,-0.42802151567933644
17.867187488,2026-05-04T22:12:26.375000Z,2026-05-04T22:13:27.799062488Z,0.950746476650238,0.2838965654373169,0.338742196559906,-0.21493097504141664,3824.343741599999,-7.781195999991273,363.8592003999718,-0.46504879433604657
17.874999988,2026-05-04T22:12:26.382812Z,2026-05-04T22:13:27.806874988Z,0.948746919631958,0.2897777557373047,0.3408641815185547,-0.21048492645101366,3829.812491599999,-42.93744599999202,477.53107539997427,-0.5020760729927567
17.882812488,2026-05-04T22:12:26.390625Z,2026-05-04T22:13:27.814687488Z,0.9466379284858704,0.2957831025123596,0.3446315228939056,-0.1990367982806988,3834.3437439999993,-73.4062079999944,575.7342399999819,-0.48939499250194196
17.890624988,2026-05-04T22:12:26.398437Z,2026-05-04T22:13:27.822499988Z,0.9422793984413148,0.3053730428218842,0.3458462655544281,-0.2079933872321537,3838.2499939999993,-100.74995799999498,663.6248649999839,-0.4435747938232053
17.898437488,2026-05-04T22:12:26.406250Z,2026-05-04T22:13:27.830312488Z,0.9348434209823608,0.3180665373802185,0.3393726348876953,-0.26642284423298723,3842.1562439999993,-128.09370799999556,751.5154899999857,-0.39775459514446865
17.906249988,2026-05-04T22:12:26.414062Z,2026-05-04T22:13:27.838124988Z,0.9331718683242798,0.3308065533638,0.3312844336032867,-0.26523017714900504,3846.0624939999993,-155.43745799999613,839.4061149999876,-0.351934396465732
17.914062488,2026-05-04T22:12:26.421875Z,2026-05-04T22:13:27.845937488Z,0.926641881465912,0.338456779718399,0.316599577665329,-0.35658944935174125,3849.9687439999993,-182.78120799999672,927.2967399999894,-0.30611419778699533
17.921874988,2026-05-04T22:12:26.429687Z,2026-05-04T22:13:27.853749988Z,0.9276260733604432,0.3471621870994568,0.3043288588523865,-0.3511120002359882,3853.6874946,-188.37502760000177,986.6874561999972,-0.26698495878205414
17.929687488,2026-05-04T22:12:26.437500Z,2026-05-04T22:13:27.861562488Z,0.9217522144317628,0.3560228049755096,0.2858920693397522,-0.436805557638464,3857.2031196,-170.4062776000014,1015.2030811999978,-0.23510430403026836
17.937499988,2026-05-04T22:12:26.445312Z,2026-05-04T22:13:27.869374988Z,0.9176905155181884,0.3665282726287842,0.2649795711040497,-0.49800681051464285,3860.7187446,-152.437527600001,1043.7187061999985,-0.2032236492784826
17.945312488,2026-05-04T22:12:26.453125Z,2026-05-04T22:13:27.877187488Z,0.914800465106964,0.371493935585022,0.2437749654054642,-0.5587102412513371,3864.2343696,-134.46877760000064,1072.234331199999,-0.17134299452669682
17.953124988,2026-05-04T22:12:26.460937Z,2026-05-04T22:13:27.884999988Z,0.9143787026405334,0.3746129870414734,0.2182955741882324,-0.5035452887635744,3867.7499946,-116.50002760000024,1100.7499561999996,-0.13946233977491104
17.960937488,2026-05-04T22:12:26.468750Z,2026-05-04T22:13:27.892812488Z,0.9172219038009644,0.3765682280063629,0.1864040493965149,-0.4717166974674793,3870.4921854,-89.17975500000105,1105.7813064000009,-0.12741911240522477
17.968749988,2026-05-04T22:12:26.476562Z,2026-05-04T22:13:27.900624988Z,0.9110668301582336,0.3734181225299835,0.1523597836494446,-0.3261285840499657,3871.8593729,-45.23444250000402,1069.0625564000034,-0.150642657714969
17.976562488,2026-05-04T22:12:26.484375Z,2026-05-04T22:13:27.908437488Z,0.9256108403205872,0.3706249594688416,0.1254657208919525,-0.4340269259647659,3873.2265604,-1.289130000006982,1032.3438064000059,-0.17386620302471323
17.984374988,2026-05-04T22:12:26.492187Z,2026-05-04T22:13:27.916249988Z,0.916690707206726,0.3628040254116058,0.0951733961701393,-0.2642050351484492,3874.5937478999995,42.65618249999005,995.6250564000084,-0.19708974833445747
17.992187488,2026-05-04T22:12:26.500000Z,2026-05-04T22:13:27.924062488Z,0.925110936164856,0.3610815703868866,0.0712009295821189,-0.3294778267849627,3875.9609353999995,86.6014949999871,958.9063064000107,-0.2203132936442017
17.999999988,2026-05-04T22:12:26.507812Z,2026-05-04T22:13:27.931874988Z,0.9256576895713806,0.3538658320903778,0.0402627736330032,-0.2855590995136983,3875.312510800002,124.07809889999422,909.2501392000308,-0.2527189182987983
18.007812488,2026-05-04T22:12:26.515625Z,2026-05-04T22:13:27.939687488Z,0.9352495670318604,0.3467897772789001,0.0067105591297149,-0.3555113325827551,3868.281260800002,141.0702863999946,818.6251392000289,-0.31420137240249846
18.015624988,2026-05-04T22:12:26.523437Z,2026-05-04T22:13:27.947499988Z,0.9356400966644288,0.3347170054912567,-0.0319775119423866,-0.3167076515903536,3861.250010800002,158.06247389999496,728.000139200027,-0.37568382650619864
18.023437488,2026-05-04T22:12:26.531250Z,2026-05-04T22:13:27.955312488Z,0.9419044852256776,0.3253908753395081,-0.0648223981261253,-0.3692977845434634,3854.2187608000017,175.0546613999953,637.375139200025,-0.4371662806098988
18.031249988,2026-05-04T22:12:26.539062Z,2026-05-04T22:13:27.963124988Z,0.9446226954460144,0.3161888718605042,-0.0932848826050758,-0.39035006082177415,3847.1875108000017,192.04684889999567,546.7501392000231,-0.498648734713599
18.039062488,2026-05-04T22:12:26.546875Z,2026-05-04T22:13:27.970937488Z,0.9489968419075012,0.3112232089042664,-0.1150123327970505,-0.44668575828108203,3840.039074800002,204.09378720000566,453.71110760002585,-0.5477156182500214
18.046874988,2026-05-04T22:12:26.554687Z,2026-05-04T22:13:27.978749988Z,0.9509808421134948,0.3070800006389618,-0.1360016912221909,-0.4829589404553326,3832.031262300002,179.87503720000515,342.9689201000235,-0.5057336599483907
18.054687488,2026-05-04T22:12:26.562500Z,2026-05-04T22:13:27.986562488Z,0.9527929425239564,0.303976446390152,-0.1546076387166977,-0.5215791750268486,3824.0234498000013,155.65628720000464,232.22673260002117,-0.46375170164676016
18.062499988,2026-05-04T22:12:26.570312Z,2026-05-04T22:13:27.994374988Z,0.9546363353729248,0.2997401356697083,-0.1736902594566345,-0.5617282914238731,3816.0156373000013,131.4375372000041,121.4845451000188,-0.42176974334512957
18.070312488,2026-05-04T22:12:26.578125Z,2026-05-04T22:13:28.002187488Z,0.9571983218193054,0.2968383133411407,-0.191219836473465,-0.5082962443446153,3808.0078248000013,107.2187872000036,10.742357600016442,-0.37978778504349897
18.078124988,2026-05-04T22:12:26.585937Z,2026-05-04T22:13:28.009999988Z,0.9591354727745056,0.2937658131122589,-0.2062583714723587,-0.46429415462067775,3800.000012300001,83.00003720000308,-99.99982989998591,-0.3378058267418684
18.085937488,2026-05-04T22:12:26.593750Z,2026-05-04T22:13:28.017812488Z,0.9594479203224182,0.2946348190307617,-0.2189288586378098,-0.4283011744212805,3791.601575400001,48.62505280000364,-198.0467243999896,-0.3411499511608787
18.093749988,2026-05-04T22:12:26.601562Z,2026-05-04T22:13:28.025624988Z,0.9576669931411744,0.2957831025123596,-0.2266787886619568,-0.42547501989360403,3783.203137900001,14.250052800002905,-296.0935993999917,-0.34449414520086485
18.101562488,2026-05-04T22:12:26.609375Z,2026-05-04T22:13:28.033437488Z,0.9580419063568116,0.2983900904655457,-0.2302615642547607,-0.4031046473168219,3774.8047004000005,-20.124947199997827,-394.1404743999938,-0.34783833924085095
18.109374988,2026-05-04T22:12:26.617187Z,2026-05-04T22:13:28.041249988Z,0.9565422534942628,0.3019281327724457,-0.2303692102432251,-0.40678390518581586,3766.4062629000005,-54.49994719999856,-492.18734939999587,-0.3511825332808371
18.117187488,2026-05-04T22:12:26.625000Z,2026-05-04T22:13:28.049062488Z,0.9560423493385316,0.3054351210594177,-0.2245875298976898,-0.4145605751849048,3758.0078254,-88.87494719999928,-590.234224399998,-0.3545267273208232
18.124999988,2026-05-04T22:12:26.632812Z,2026-05-04T22:13:28.056874988Z,0.9520274996757508,0.3082593381404877,-0.2153306901454926,-0.4715359877903708,3753.9062554,-102.96873260000001,-656.3124052000001,-0.38029875617625636
18.132812488,2026-05-04T22:12:26.640625Z,2026-05-04T22:13:28.064687488Z,0.951105773448944,0.3141871094703674,-0.205996960401535,-0.48090955310917266,3750.3906303999997,-114.29685760000025,-718.0311552000013,-0.40912917062792664
18.140624988,2026-05-04T22:12:26.648437Z,2026-05-04T22:13:28.072499988Z,0.9459661841392516,0.3239942789077759,-0.1997693479061127,-0.5132941291694523,3746.8750053999997,-125.6249826000005,-779.7499052000027,-0.437959585079597
18.148437488,2026-05-04T22:12:26.656250Z,2026-05-04T22:13:28.080312488Z,0.9386551380157472,0.3357566893100739,-0.1908815503120422,-0.5582535417251582,3743.3593803999997,-136.95310760000072,-841.468655200004,-0.46678999953126726
18.156249988,2026-05-04T22:12:26.664062Z,2026-05-04T22:13:28.088124988Z,0.9372960329055786,0.342227578163147,-0.1690157204866409,-0.5264305867743538,3739.8437553999997,-148.28123260000098,-903.1874052000053,-0.49562041398293755
18.164062488,2026-05-04T22:12:26.671875Z,2026-05-04T22:13:28.095937488Z,0.933671772480011,0.3485898375511169,-0.1410299092531204,-0.46424957705412395,3737.6640652,-143.28126559999959,-920.0781208000001,-0.4991278435985817
18.171874988,2026-05-04T22:12:26.679687Z,2026-05-04T22:13:28.103749988Z,0.9327031970024108,0.3554020822048187,-0.1098764687776566,-0.4392557615380402,3735.9062527,-133.12501560000027,-922.8124958,-0.4946384738197103
18.179687488,2026-05-04T22:12:26.687500Z,2026-05-04T22:13:28.111562488Z,0.9281259775161744,0.3606005311012268,-0.0834898501634597,-0.3834728493048606,3734.1484402,-122.96876560000096,-925.5468707999997,-0.49014910404083895
18.187499988,2026-05-04T22:12:26.695312Z,2026-05-04T22:13:28.119374988Z,0.9247204065322876,0.3659696280956268,-0.0610704496502876,-0.3525503225447003,3732.3906277,-112.81251560000165,-928.2812457999995,-0.48565973426196757
18.195312488,2026-05-04T22:12:26.703125Z,2026-05-04T22:13:28.127187488Z,0.9232363104820251,0.3669938147068024,-0.0376669317483902,-0.32917546808188874,3730.6328152000006,-102.65626560000234,-931.0156207999994,-0.48117036448309625
18.203124988,2026-05-04T22:12:26.710937Z,2026-05-04T22:13:28.134999988Z,0.9233143925666808,0.3657834231853485,-0.0121875498443841,-0.3190029338159695,3734.7499885999982,-79.00004800000752,-899.6250777000122,-0.4732880354233462
18.210937488,2026-05-04T22:12:26.718750Z,2026-05-04T22:13:28.142812488Z,0.9238768219947816,0.3631299138069153,0.015767503529787,-0.315187606743895,3742.1718635999982,-47.750048000006856,-849.039140200011,-0.4634971540444719
18.218749988,2026-05-04T22:12:26.726562Z,2026-05-04T22:13:28.150624988Z,0.9250640869140624,0.3599642813205719,0.0467979237437248,-0.3265920173240657,3749.5937385999987,-16.50004800000619,-798.45320270001,-0.45370627266559765
18.226562488,2026-05-04T22:12:26.734375Z,2026-05-04T22:13:28.158437488Z,0.924876630306244,0.3576366305351257,0.0778590962290763,-0.3374185155583855,3757.0156135999987,14.749951999994481,-747.8672652000089,-0.44391539128672336
18.234374988,2026-05-04T22:12:26.742187Z,2026-05-04T22:13:28.166249988Z,0.9235799908638,0.354672759771347,0.1087818741798401,-0.34370107353959284,3764.4374885999987,45.99995199999515,-697.2813277000079,-0.4341245099078491
18.242187488,2026-05-04T22:12:26.750000Z,2026-05-04T22:13:28.174062488Z,0.92771977186203,0.350824385881424,0.1408886760473251,-0.4197209785606044,3770.8437415999992,70.85153339999746,-625.3673282000123,-0.4222118834722007
18.249999988,2026-05-04T22:12:26.757812Z,2026-05-04T22:13:28.181874988Z,0.9301880598068236,0.3443224728107452,0.170366033911705,-0.4724062437394793,3776.3124915999992,89.79684589999786,-533.7657657000103,-0.4083407110854385
18.257812488,2026-05-04T22:12:26.765625Z,2026-05-04T22:13:28.189687488Z,0.9322501420974731,0.3359428942203522,0.1954917460680008,-0.512863863484588,3781.7812415999997,108.74215839999827,-442.1642032000084,-0.3944695386986763
18.265624988,2026-05-04T22:12:26.773437Z,2026-05-04T22:13:28.197499988Z,0.9351714253425598,0.32917720079422,0.2142514735460281,-0.5603480333827506,3787.2499915999997,127.68747089999867,-350.56264070000645,-0.38059836631191407
18.273437488,2026-05-04T22:12:26.781250Z,2026-05-04T22:13:28.205312488Z,0.935218334197998,0.3225045800209045,0.2299665808677673,-0.5513861144146435,3792.7187415999997,146.63278339999908,-258.9610782000045,-0.3667271939251519
18.281249988,2026-05-04T22:12:26.789062Z,2026-05-04T22:13:28.213124988Z,0.9390300512313844,0.3159716427326202,0.2478652000427246,-0.48712516625676666,3797.9531174999997,153.3906427000003,-161.26578910000296,-0.3663115936870882
18.289062488,2026-05-04T22:12:26.796875Z,2026-05-04T22:13:28.220937488Z,0.9422481656074524,0.3101990520954132,0.2671938538551331,-0.4177940450476723,3802.83593,141.8672052000001,-54.42985160000068,-0.3860794808460641
18.296874988,2026-05-04T22:12:26.804687Z,2026-05-04T22:13:28.228749988Z,0.9425293803215028,0.3055747747421265,0.2844159007072449,-0.3790803578676622,3807.7187425,130.34376769999983,52.40608590000159,-0.40584736800503995
18.304687488,2026-05-04T22:12:26.812500Z,2026-05-04T22:13:28.236562488Z,0.9445289969444276,0.3027040064334869,0.3000541031360626,-0.31707630283079763,3812.601555,118.82033019999959,159.24202340000386,-0.42561525516401577
18.312499988,2026-05-04T22:12:26.820312Z,2026-05-04T22:13:28.244374988Z,0.9439665675163268,0.2996470332145691,0.309633880853653,-0.30205272936188315,3817.4843675,107.29689269999933,266.07796090000613,-0.44538314232299164
18.320312488,2026-05-04T22:12:26.828125Z,2026-05-04T22:13:28.252187488Z,0.9473252892494202,0.2986383736133575,0.3161690235137939,-0.24660604358915025,3822.9687392000005,91.39847919999853,368.04673760000486,-0.45437329616297334
18.328124988,2026-05-04T22:12:26.835937Z,2026-05-04T22:13:28.259999988Z,0.9450132846832277,0.2983590662479401,0.3159844875335693,-0.27374308647893364,3829.9999892,64.25004170000037,457.4998625999988,-0.43564906745451604
18.335937488,2026-05-04T22:12:26.843750Z,2026-05-04T22:13:28.267812488Z,0.9472472071647644,0.2991504669189453,0.3138317465782166,-0.25414072186452696,3837.0312391999996,37.1016042000022,546.9529875999928,-0.4169248387460587
18.343749988,2026-05-04T22:12:26.851562Z,2026-05-04T22:13:28.275624988Z,0.9446852207183838,0.2996315062046051,0.312294065952301,-0.28480068734826525,3844.062489199999,9.953166700004031,636.4061125999867,-0.3982006100376013
18.351562488,2026-05-04T22:12:26.859375Z,2026-05-04T22:13:28.283437488Z,0.941607654094696,0.303976446390152,0.307542622089386,-0.31802837242566634,3851.0937391999987,-17.195270799994137,725.8592375999807,-0.379476381329144
18.359374988,2026-05-04T22:12:26.867187Z,2026-05-04T22:13:28.291249988Z,0.9397330284118652,0.3109749257564545,0.3003924190998077,-0.33491675401912263,3857.2499975999995,-42.4999759999958,806.93744299999,-0.35876363702287856
18.367187488,2026-05-04T22:12:26.875000Z,2026-05-04T22:13:28.299062488Z,0.9394206404685974,0.3168716728687286,0.2932575643062592,-0.3371173792119452,3858.8124975999995,-58.12497599999613,844.0468179999908,-0.32761106651601796
18.374999988,2026-05-04T22:12:26.882812Z,2026-05-04T22:13:28.306874988Z,0.9370617270469666,0.3243667185306549,0.281079113483429,-0.37126744129111333,3860.3749975999995,-73.74997599999647,881.1561929999916,-0.29645849600915736
18.382812488,2026-05-04T22:12:26.890625Z,2026-05-04T22:13:28.314687488Z,0.9351558089256288,0.3302013576030731,0.2650103271007538,-0.4163930357537183,3861.9374975999995,-89.37497599999679,918.2655679999924,-0.26530592550229676
18.390624988,2026-05-04T22:12:26.898437Z,2026-05-04T22:13:28.322499988Z,0.9306567311286926,0.3362377285957336,0.2438057214021683,-0.5004288073917832,3863.4999976,-104.99997599999713,955.3749429999932,-0.23415335499543619
18.398437488,2026-05-04T22:12:26.906250Z,2026-05-04T22:13:28.330312488Z,0.9276885390281676,0.3423051536083221,0.2187722623348236,-0.5518220298707667,3864.9375024,-119.49220700000207,990.5312680000019,-0.2047784983601681
18.406249988,2026-05-04T22:12:26.914062Z,2026-05-04T22:13:28.338124988Z,0.924876630306244,0.347038060426712,0.1914015263319016,-0.47799436342927926,3863.3750024,-106.7968945000018,978.8125180000017,-0.21807048131415388
18.414062488,2026-05-04T22:12:26.921875Z,2026-05-04T22:13:28.345937488Z,0.926423192024231,0.3505295515060425,0.1661066561937332,-0.46033754417566214,3861.8125024,-94.10158200000153,967.0937680000014,-0.2313624642681397
18.421874988,2026-05-04T22:12:26.929687Z,2026-05-04T22:13:28.353749988Z,0.9279072880744934,0.3529658019542694,0.1418266594409943,-0.4460803768350324,3860.2500024,-81.40626950000126,955.3750180000012,-0.2446544472221255
18.429687488,2026-05-04T22:12:26.937500Z,2026-05-04T22:13:28.361562488Z,0.9234862327575684,0.3561159074306488,0.1148710995912552,-0.3724270732882729,3858.6875024,-68.71095700000099,943.6562680000009,-0.2579464301761113
18.437499988,2026-05-04T22:12:26.945312Z,2026-05-04T22:13:28.369374988Z,0.9240642786026,0.3585366606712341,0.0904219597578048,-0.3621571843394949,3857.1250024,-56.01564450000071,931.9375180000006,-0.2712384131300971
18.445312488,2026-05-04T22:12:26.953125Z,2026-05-04T22:13:28.377187488Z,0.9252827763557434,0.3580090701580048,0.0646042749285697,-0.35156960764668593,3855.7421896,-31.640664000000882,872.9610344000022,-0.30896230804855307
18.453124988,2026-05-04T22:12:26.960937Z,2026-05-04T22:13:28.384999988Z,0.9276260733604432,0.356581449508667,0.0352960638701915,-0.3550463461112608,3854.3750021,-6.250039000000343,809.8750969000008,-0.34881076138863676
18.460937488,2026-05-04T22:12:26.968750Z,2026-05-04T22:13:28.392812488Z,0.928797721862793,0.3523140847682953,0.0020360071212053,-0.3428314741069858,3853.0078146,19.140586000000198,746.7891593999996,-0.3886592147287205
18.468749988,2026-05-04T22:12:26.976562Z,2026-05-04T22:13:28.400624988Z,0.9313753247261048,0.3477518558502197,-0.0308242533355951,-0.3583222565914125,3851.6406271,44.53121100000074,683.7032218999982,-0.4285076680688042
18.476562488,2026-05-04T22:12:26.984375Z,2026-05-04T22:13:28.408437488Z,0.9333124160766602,0.3414516746997833,-0.0596250295639038,-0.3682815953420835,3850.2734396,69.92183600000128,620.6172843999968,-0.46835612140888794
18.484374988,2026-05-04T22:12:26.992187Z,2026-05-04T22:13:28.416249988Z,0.9371866583824158,0.3378360569477081,-0.0835206061601638,-0.41697354175530615,3845.6250084,83.59373350000001,527.3751547999999,-0.47146641737240574
18.492187488,2026-05-04T22:12:27.000000Z,2026-05-04T22:13:28.424062488Z,0.9412639737129213,0.3345463275909424,-0.102203443646431,-0.46816817730922117,3840.1562584000003,94.33592099999929,426.5939048000067,-0.46539208582003816
18.499999988,2026-05-04T22:12:27.007812Z,2026-05-04T22:13:28.431874988Z,0.9417951703071594,0.3292547762393951,-0.1198252737522125,-0.47450978074900174,3834.6875084000008,105.07810849999856,325.81265480001355,-0.4593177542676706
18.507812488,2026-05-04T22:12:27.015625Z,2026-05-04T22:13:28.439687488Z,0.9441697001457214,0.3243046402931213,-0.1379699110984802,-0.507325906627703,3829.218758400001,115.82029599999784,225.03140480002034,-0.453243422715303
18.515624988,2026-05-04T22:12:27.023437Z,2026-05-04T22:13:28.447499988Z,0.9465598464012146,0.3193545043468475,-0.1575753539800644,-0.5478163716294485,3823.7500084000017,126.56248349999711,124.25015480002715,-0.4471690911629354
18.523437488,2026-05-04T22:12:27.031250Z,2026-05-04T22:13:28.455312488Z,0.9499185085296632,0.3152733445167542,-0.1763350814580917,-0.5188368780536151,3816.2890754000023,118.57815080000464,30.37513920002504,-0.43377810950362056
18.531249988,2026-05-04T22:12:27.039062Z,2026-05-04T22:13:28.463124988Z,0.9513089060783386,0.3111766576766968,-0.1908354163169861,-0.4885469855226439,3807.8906379000023,101.78127580000428,-60.249860799976894,-0.41694397407771006
18.539062488,2026-05-04T22:12:27.046875Z,2026-05-04T22:13:28.470937488Z,0.9543551802635192,0.3090352118015289,-0.2003998011350632,-0.44133264828778546,3799.492200400002,84.98440080000393,-150.87486079997882,-0.4001098386517996
18.546874988,2026-05-04T22:12:27.054687Z,2026-05-04T22:13:28.478749988Z,0.9543238878250122,0.3078093230724335,-0.2055202722549438,-0.43463011446511146,3791.093762900002,68.18752580000357,-241.49986079998075,-0.3832757032258891
18.554687488,2026-05-04T22:12:27.062500Z,2026-05-04T22:13:28.486562488Z,0.9516369700431824,0.3083834946155548,-0.2064582705497742,-0.46055736311225165,3782.695325400002,51.39065080000321,-332.1248607999827,-0.3664415677999786
18.562499988,2026-05-04T22:12:27.070312Z,2026-05-04T22:13:28.494374988Z,0.950387179851532,0.3091903924942017,-0.2032445073127747,-0.47893091186419073,3775.2812602000013,33.39065410000322,-414.3280088999872,-0.36723144133545343
18.570312488,2026-05-04T22:12:27.078125Z,2026-05-04T22:13:28.502187488Z,0.9529960751533508,0.3116887509822845,-0.1973090618848801,-0.4536093327160922,3768.640635200001,14.44534160000281,-489.9139463999888,-0.3818688368053688
18.578124988,2026-05-04T22:12:27.085937Z,2026-05-04T22:13:28.509999988Z,0.9531679153442384,0.3146371245384216,-0.1917887777090073,-0.451836823348233,3762.000010200001,-4.499970899997595,-565.4998838999904,-0.3965062322752842
18.585937488,2026-05-04T22:12:27.093750Z,2026-05-04T22:13:28.517812488Z,0.949106216430664,0.3181441128253937,-0.1866067945957184,-0.4933879212762545,3755.359385200001,-23.445283399998,-641.085821399992,-0.4111436277451996
18.593749988,2026-05-04T22:12:27.101562Z,2026-05-04T22:13:28.525624988Z,0.9458568692207336,0.3213562667369843,-0.1774268299341202,-0.5343128640503588,3748.7187602000004,-42.3905958999984,-716.6717588999936,-0.42578102321511496
18.601562488,2026-05-04T22:12:27.109375Z,2026-05-04T22:13:28.533437488Z,0.9437791109085084,0.3232494294643402,-0.1631879061460495,-0.5477948890613611,3745.5156232,-55.57811599999963,-769.8280871999984,-0.4431094845201169
18.609374988,2026-05-04T22:12:27.117187Z,2026-05-04T22:13:28.541249988Z,0.9432323575019836,0.3293944299221039,-0.1445204466581345,-0.5344309733170266,3746.6874982,-61.43749099999975,-794.437462199999,-0.46386296005681865
18.617187488,2026-05-04T22:12:27.125000Z,2026-05-04T22:13:28.549062488Z,0.9396393299102784,0.3362067043781281,-0.1225162148475647,-0.4893616287703432,3747.8593732,-67.29686599999988,-819.0468371999995,-0.48461643559352036
18.624999988,2026-05-04T22:12:27.132812Z,2026-05-04T22:13:28.556874988Z,0.9354682564735411,0.3408154547214508,-0.0965140163898468,-0.4304107404999548,3749.0312482,-73.15624100000001,-843.6562122,-0.5053699111302221
18.632812488,2026-05-04T22:12:27.140625Z,2026-05-04T22:13:28.564687488Z,0.9351558089256288,0.3450207412242889,-0.0696045830845832,-0.4201538120533481,3750.2031232,-79.01561600000014,-868.2655872000006,-0.5261233866669238
18.640624988,2026-05-04T22:12:27.148437Z,2026-05-04T22:13:28.572499988Z,0.9316096305847168,0.3476898074150085,-0.0451400652527809,-0.376764440992218,3751.8124961,-79.31251769999983,-874.0625524999995,-0.5355522645817642
18.648437488,2026-05-04T22:12:27.156250Z,2026-05-04T22:13:28.580312488Z,0.9301568269729614,0.3500019311904907,-0.0224746409803628,-0.3625454381280695,3754.3515586,-67.78908020000061,-839.8828650000017,-0.5209162026803739
18.656249988,2026-05-04T22:12:27.164062Z,2026-05-04T22:13:28.588124988Z,0.9311410188674928,0.3510571420192719,0.0018053539097309,-0.37596406493088547,3756.8906211,-56.265642700001386,-805.7031775000041,-0.5062801407789834
18.664062488,2026-05-04T22:12:27.171875Z,2026-05-04T22:13:28.595937488Z,0.92868834733963,0.3500950336456299,0.0283149890601635,-0.34970133925538666,3759.4296835999994,-44.74220520000216,-771.5234900000064,-0.49164407887759304
18.671874988,2026-05-04T22:12:27.179687Z,2026-05-04T22:13:28.603749988Z,0.9285321235656738,0.3501571118831635,0.0581152588129043,-0.3634099371583647,3761.9687460999994,-33.21876770000294,-737.3438025000087,-0.4770080169762026
18.679687488,2026-05-04T22:12:27.187500Z,2026-05-04T22:13:28.611562488Z,0.927001178264618,0.3493812382221222,0.0887458845973014,-0.3694152321081026,3764.859368399999,-20.523464200005296,-695.586048200022,-0.4618170607370288
18.687499988,2026-05-04T22:12:27.195312Z,2026-05-04T22:13:28.619374988Z,0.9285321235656738,0.347969114780426,0.1185154020786285,-0.4160197072665941,3769.156243399999,-3.140651700004928,-623.5157357000204,-0.4444065058386107
18.695312488,2026-05-04T22:12:27.203125Z,2026-05-04T22:13:28.627187488Z,0.9302505254745485,0.3458897471427917,0.1454248279333115,-0.4667988670759949,3773.453118399999,14.242160799995442,-551.4454232000189,-0.42699595094019266
18.703124988,2026-05-04T22:12:27.210937Z,2026-05-04T22:13:28.634999988Z,0.9324063658714294,0.3419016897678375,0.1702122688293457,-0.5185287048167515,3777.749993399999,31.624973299995812,-479.37511070001733,-0.4095853960417746
18.710937488,2026-05-04T22:12:27.218750Z,2026-05-04T22:13:28.642812488Z,0.9325313568115234,0.3362377285957336,0.1917705684900284,-0.5403469801747194,3782.046868399999,49.00778579999618,-407.3047982000158,-0.3921748411433565
18.718749988,2026-05-04T22:12:27.226562Z,2026-05-04T22:13:28.650624988Z,0.9322501420974731,0.3308375775814056,0.2116989195346832,-0.5603167226439911,3786.6093632999987,65.45311629999888,-333.1407759000195,-0.377495787602842
18.726562488,2026-05-04T22:12:27.234375Z,2026-05-04T22:13:28.658437488Z,0.9358119368553162,0.3269736766815186,0.2308123111724854,-0.49297652523114344,3794.2265507999987,71.117178799999,-234.8985884000174,-0.3942296552512175
18.734374988,2026-05-04T22:12:27.242187Z,2026-05-04T22:13:28.666249988Z,0.9370929598808287,0.3239477276802063,0.246711939573288,-0.44911974800315657,3801.8437382999987,76.78124129999912,-136.65640090001529,-0.410963522899593
18.742187488,2026-05-04T22:12:27.250000Z,2026-05-04T22:13:28.674062488Z,0.9376553297042848,0.3204872906208038,0.2623193860054016,-0.41247079563284683,3809.460925799999,82.44530379999924,-38.414213400013196,-0.42769739054796846
18.749999988,2026-05-04T22:12:27.257812Z,2026-05-04T22:13:28.681874988Z,0.9388894438743592,0.3166078627109528,0.2762507796287537,-0.3718060799082284,3817.078113299999,88.10936629999937,59.82797409998889,-0.44443125819634394
18.757812488,2026-05-04T22:12:27.265625Z,2026-05-04T22:13:28.689687488Z,0.941498339176178,0.3140474259853363,0.2883984744548798,-0.31468988421906025,3824.695300799999,93.77342879999948,158.07016159999097,-0.4611651258447194
18.765624988,2026-05-04T22:12:27.273437Z,2026-05-04T22:13:28.697499988Z,0.9397955536842346,0.311642199754715,0.2947491109371185,-0.32207636572284665,3827.2499964,81.06252070000095,249.3748601999936,-0.46948248030556344
18.773437488,2026-05-04T22:12:27.281250Z,2026-05-04T22:13:28.705312488Z,0.940889060497284,0.3114714920520782,0.2977014482021332,-0.30156134681610874,3829.5937464,67.58595820000066,340.39048519999557,-0.47744913268938166
18.781249988,2026-05-04T22:12:27.289062Z,2026-05-04T22:13:28.713124988Z,0.9402329325675964,0.3094852268695831,0.2979782521724701,-0.3154576031335615,3831.9374964,54.10939570000037,431.4061101999975,-0.48541578507319993
18.789062488,2026-05-04T22:12:27.296875Z,2026-05-04T22:13:28.720937488Z,0.9413108825683594,0.3089266121387482,0.2945030927658081,-0.31720810390113713,3834.2812464,40.632833200000086,522.4217351999995,-0.4933824374570182
18.796874988,2026-05-04T22:12:27.304687Z,2026-05-04T22:13:28.728749988Z,0.9425918459892272,0.3106180429458618,0.2886752784252167,-0.3154003179291093,3836.6249964,27.156270699999794,613.4373602000014,-0.5013490898408365
18.804687488,2026-05-04T22:12:27.312500Z,2026-05-04T22:13:28.736562488Z,0.9386551380157472,0.3125111758708954,0.2814481556415558,-0.37359887962662897,3842.0859281999997,13.679708200000515,670.656171999998,-0.46135963743846947
18.812499988,2026-05-04T22:12:27.320312Z,2026-05-04T22:13:28.744374988Z,0.9408422112464904,0.3156612813472748,0.2786188423633575,-0.34431812552629487,3848.140615699999,0.2031457000014251,721.4374219999946,-0.41223558449192155
18.820312488,2026-05-04T22:12:27.328125Z,2026-05-04T22:13:28.752187488Z,0.9386239051818848,0.3199286460876465,0.2714686095714569,-0.3724020796843689,3854.1953031999988,-13.273416799997666,772.2186719999912,-0.3631115315453737
18.828124988,2026-05-04T22:12:27.335937Z,2026-05-04T22:13:28.759999988Z,0.9360931515693665,0.3260426223278046,0.2573065459728241,-0.416990926150677,3860.2499906999988,-26.749979299996756,822.9999219999878,-0.31398747859882575
18.835937488,2026-05-04T22:12:27.343750Z,2026-05-04T22:13:28.767812488Z,0.9330937266349792,0.3303255140781403,0.2369630336761475,-0.4886227488384687,3866.3046781999983,-40.22654179999584,873.7811719999844,-0.26486342565227783
18.843749988,2026-05-04T22:12:27.351562Z,2026-05-04T22:13:28.775624988Z,0.9331405758857728,0.3322962522506714,0.212898313999176,-0.540172867259493,3866.5937530000006,-46.53124459999891,895.3124843999968,-0.24935946023018551
18.851562488,2026-05-04T22:12:27.359375Z,2026-05-04T22:13:28.783437488Z,0.9321408271789552,0.3335842192173004,0.1854968219995499,-0.5170601556569033,3864.6406280000006,-50.04686959999898,905.4687343999971,-0.24693007290513377
18.859374988,2026-05-04T22:12:27.367187Z,2026-05-04T22:13:28.791249988Z,0.932593822479248,0.3369670808315277,0.1611091941595078,-0.4891279511181201,3862.6875030000006,-53.562494599999056,915.6249843999973,-0.24450068558008203
18.867187488,2026-05-04T22:12:27.375000Z,2026-05-04T22:13:28.799062488Z,0.9314221739768982,0.341296523809433,0.1407041549682617,-0.46042584841101686,3860.7343780000006,-57.07811959999913,925.7812343999975,-0.2420712982550303
18.874999988,2026-05-04T22:12:27.382812Z,2026-05-04T22:13:28.806874988Z,0.92937570810318,0.3457811176776886,0.1211294606328011,-0.42888815555560444,3858.7812530000006,-60.593744599999205,935.9374843999977,-0.23964191092997855
18.882812488,2026-05-04T22:12:27.390625Z,2026-05-04T22:13:28.814687488Z,0.9277041554450988,0.3483725786209106,0.0998018160462379,-0.39565744432835553,3856.3593792000006,-51.21877760000369,906.9532096000113,-0.2638947733772244
18.890624988,2026-05-04T22:12:27.398437Z,2026-05-04T22:13:28.822499988Z,0.9296881556510924,0.3486208617687225,0.0739533826708793,-0.3944256936414098,3853.6250042000006,-33.25002760000331,851.8750846000102,-0.3059359161839086
18.898437488,2026-05-04T22:12:27.406250Z,2026-05-04T22:13:28.830312488Z,0.931281566619873,0.3476587533950806,0.0423540249466896,-0.3879324874598198,3850.8906292000006,-15.28127760000292,796.796959600009,-0.3479770589905928
18.906249988,2026-05-04T22:12:27.414062Z,2026-05-04T22:13:28.838124988Z,0.9317658543586732,0.3449741899967194,0.0093553718179464,-0.37266850034749255,3848.1562542000006,2.6874723999974632,741.7188346000078,-0.390018201797277
18.914062488,2026-05-04T22:12:27.421875Z,2026-05-04T22:13:28.845937488Z,0.9346246719360352,0.3433138132095337,-0.0189841035753488,-0.3995833058225368,3845.4218792,20.656222399997848,686.6407096000066,-0.43205934460396117
18.921874988,2026-05-04T22:12:27.429687Z,2026-05-04T22:13:28.853749988Z,0.9350308775901794,0.3412189185619354,-0.0424029976129531,-0.40381297651623105,3841.8437569000002,34.593735299999054,616.9376314000084,-0.45528058323916926
18.929687488,2026-05-04T22:12:27.437500Z,2026-05-04T22:13:28.861562488Z,0.933281183242798,0.3396981954574585,-0.0638075247406959,-0.39075860980773164,3837.3515694000002,44.16404779999926,531.3907564000066,-0.45811346688883997
18.937499988,2026-05-04T22:12:27.445312Z,2026-05-04T22:13:28.869374988Z,0.9365774393081664,0.3375722765922546,-0.0823981016874313,-0.43405491143625713,3832.8593819000002,53.734360299999466,445.8438814000048,-0.46094635053851074
18.945312488,2026-05-04T22:12:27.453125Z,2026-05-04T22:13:28.877187488Z,0.942435622215271,0.3350894451141357,-0.1011731922626495,-0.5089936657069204,3828.3671944000002,63.30467279999967,360.297006400003,-0.4637792341881815
18.953124988,2026-05-04T22:12:27.460937Z,2026-05-04T22:13:28.884999988Z,0.94338858127594,0.3316289782524109,-0.1213629543781281,-0.530864453247248,3823.8750069000002,72.87498529999988,274.7501314000012,-0.4666121178378522
18.960937488,2026-05-04T22:12:27.468750Z,2026-05-04T22:13:28.892812488Z,0.9429511427879332,0.3277185261249542,-0.1393077075481415,-0.5366281019307325,3819.2421950000003,77.4531316000001,188.3595100000021,-0.4634696061741526
18.968749988,2026-05-04T22:12:27.476562Z,2026-05-04T22:13:28.900624988Z,0.9452319741249084,0.3235908150672913,-0.1540848165750504,-0.5538546001532088,3814.3593825000003,73.15625660000039,100.46888500000804,-0.44970409868910355
18.976562488,2026-05-04T22:12:27.484375Z,2026-05-04T22:13:28.908437488Z,0.9462942481040956,0.321495920419693,-0.1671089828014374,-0.5268027147075375,3809.4765700000007,68.85938160000069,12.578260000013964,-0.4359385912040545
18.984374988,2026-05-04T22:12:27.492187Z,2026-05-04T22:13:28.916249988Z,0.94635671377182,0.3203010857105255,-0.179056778550148,-0.5076551940378579,3804.593757500001,64.56250660000097,-75.3123649999801,-0.4221730837190054
18.992187488,2026-05-04T22:12:27.500000Z,2026-05-04T22:13:28.924062488Z,0.94801265001297,0.3185475766658783,-0.1864530295133591,-0.4807661984749449,3799.7109450000016,60.265631600001264,-163.2029899999742,-0.40840757623395635
18.999999988,2026-05-04T22:12:27.507812Z,2026-05-04T22:13:28.931874988Z,0.949809193611145,0.317414790391922,-0.188236728310585,-0.46136413324472947,3795.203130100001,53.95314450000432,-248.70300529997348,-0.4021994541098641
19.007812488,2026-05-04T22:12:27.515625Z,2026-05-04T22:13:28.939687488Z,0.9498716592788696,0.3167164921760559,-0.185099869966507,-0.470181791091819,3791.882817600001,41.25783200000405,-326.63269279997513,-0.4199232538270799
19.015624988,2026-05-04T22:12:27.523437Z,2026-05-04T22:13:28.947499988Z,0.949543595314026,0.3180820345878601,-0.1802100390195847,-0.4788806701900251,3788.562505100001,28.56251950000378,-404.56238029997684,-0.43764705354429567
19.023437488,2026-05-04T22:12:27.531250Z,2026-05-04T22:13:28.955312488Z,0.9480751752853394,0.3201614022254944,-0.1749511659145355,-0.49765969309901803,3785.242192600001,15.86720700000351,-482.4920677999785,-0.4553708532615115
19.031249988,2026-05-04T22:12:27.539062Z,2026-05-04T22:13:28.963124988Z,0.945638120174408,0.3213717937469482,-0.1696461588144302,-0.5295433753237497,3781.9218801000006,3.1718945000032397,-560.4217552999802,-0.47309465297872727
19.039062488,2026-05-04T22:12:27.546875Z,2026-05-04T22:13:28.970937488Z,0.9465442299842834,0.3221476674079895,-0.1622345298528671,-0.5288920629785556,3778.2968840000012,-9.49998079999708,-633.1952587999918,-0.489013105077821
19.046874988,2026-05-04T22:12:27.554687Z,2026-05-04T22:13:28.978749988Z,0.9451382160186768,0.3229390680789948,-0.1525010168552399,-0.557335890601806,3772.4375090000012,-21.999980799997346,-668.1561962999925,-0.4916921487377789
19.054687488,2026-05-04T22:12:27.562500Z,2026-05-04T22:13:28.986562488Z,0.9430761337280272,0.3255926072597504,-0.1381851881742477,-0.5316433353803555,3766.5781340000012,-34.49998079999761,-703.1171337999933,-0.49437119239773675
19.062499988,2026-05-04T22:12:27.570312Z,2026-05-04T22:13:28.994374988Z,0.942560613155365,0.3299065232276917,-0.1171497106552124,-0.5131126711671261,3760.718759000001,-46.99998079999788,-738.0780712999941,-0.4970502360576946
19.070312488,2026-05-04T22:12:27.578125Z,2026-05-04T22:13:29.002187488Z,0.9412795901298524,0.3343756198883057,-0.090778462588787,-0.4859555216301382,3754.859384000001,-59.49998079999814,-773.0390087999948,-0.49972927971765246
19.078124988,2026-05-04T22:12:27.585937Z,2026-05-04T22:13:29.009999988Z,0.9369367361068726,0.3371843099594116,-0.0654220879077911,-0.42695655924607,3749.000009000001,-71.99998079999841,-807.9999462999956,-0.5024083233776103
19.085937488,2026-05-04T22:12:27.593750Z,2026-05-04T22:13:29.017812488Z,0.9331718683242798,0.3400706052780151,-0.0439714342355728,-0.3844604603639644,3752.3203074,-64.18751200000082,-794.3281460000014,-0.504446862454738
19.093749988,2026-05-04T22:12:27.601562Z,2026-05-04T22:13:29.025624988Z,0.935671329498291,0.3416689336299896,-0.0227821785956621,-0.4123328034857891,3755.6406199,-56.37501200000066,-780.6562710000012,-0.506485400548049
19.101562488,2026-05-04T22:12:27.609375Z,2026-05-04T22:13:29.033437488Z,0.9362337589263916,0.3415448069572449,-0.0018697045743465,-0.4160406069946016,3758.9609324,-48.562512000000496,-766.9843960000009,-0.50852393864136
19.109374988,2026-05-04T22:12:27.617187Z,2026-05-04T22:13:29.041249988Z,0.9336248636245728,0.3405516743659973,0.0203190427273511,-0.38555785899446304,3762.2812449,-40.750012000000325,-753.3125210000006,-0.5105624767346711
19.117187488,2026-05-04T22:12:27.625000Z,2026-05-04T22:13:29.049062488Z,0.9308129549026488,0.3414051234722137,0.048181839287281,-0.3691016359023189,3765.6015574,-32.93751200000016,-739.6406460000003,-0.5126010148279821
19.124999988,2026-05-04T22:12:27.632812Z,2026-05-04T22:13:29.056874988Z,0.9296413064002992,0.3426155149936676,0.0781666338443756,-0.38322395276979104,3768.9218699,-22.03126739999999,-686.43759,-0.4971443570141297
19.132812488,2026-05-04T22:12:27.640625Z,2026-05-04T22:13:29.064687488Z,0.9309066534042358,0.3438103795051575,0.1080745458602905,-0.4345931229071587,3772.2421824000003,-10.703142399999749,-627.8438399999987,-0.47930195596620623
19.140624988,2026-05-04T22:12:27.648437Z,2026-05-04T22:13:29.072499988Z,0.9322032928466796,0.3429103493690491,0.1336000561714172,-0.4807700666242966,3775.5624949000003,0.6249826000004924,-569.2500899999975,-0.4614595549182828
19.148437488,2026-05-04T22:12:27.656250Z,2026-05-04T22:13:29.080312488Z,0.933421790599823,0.3388136923313141,0.1569420695304871,-0.5158406436833562,3778.8828074000003,11.953107600000735,-510.6563399999962,-0.4436171538703593
19.156249988,2026-05-04T22:12:27.664062Z,2026-05-04T22:13:29.088124988Z,0.9321564435958862,0.3348877131938934,0.1754557639360428,-0.5199473983132269,3782.2031199000003,23.281232600000976,-452.06258999999494,-0.4257747528224359
19.164062488,2026-05-04T22:12:27.671875Z,2026-05-04T22:13:29.095937488Z,0.9343903660774232,0.3329634964466095,0.1935081481933594,-0.550171641030273,3786.1171812000002,32.23436240000033,-364.52358599999616,-0.41950046487910614
19.171874988,2026-05-04T22:12:27.679687Z,2026-05-04T22:13:29.103749988Z,0.9328125715255736,0.3307444751262665,0.2111299782991409,-0.5371590462899823,3790.2187437,40.437487399999775,-267.84389850000264,-0.41687929604750507
19.179687488,2026-05-04T22:12:27.687500Z,2026-05-04T22:13:29.111562488Z,0.9359369277954102,0.3289754688739777,0.2303048670291901,-0.46225821769697234,3794.3203062,48.64061239999922,-171.16421100000917,-0.41425812721590394
19.187499988,2026-05-04T22:12:27.695312Z,2026-05-04T22:13:29.119374988Z,0.9366711378097534,0.3256546854972839,0.2468657046556473,-0.4233501792678778,3798.4218686999993,56.843737399998666,-74.48452350001571,-0.41163695838430286
19.195312488,2026-05-04T22:12:27.703125Z,2026-05-04T22:13:29.127187488Z,0.9352495670318604,0.3228925168514252,0.2582906782627106,-0.4181080757111014,3802.523431199999,65.0468623999981,22.19516399997777,-0.40901578955270174
19.203124988,2026-05-04T22:12:27.710937Z,2026-05-04T22:13:29.134999988Z,0.9375147223472596,0.3215890526771545,0.2696387469768524,-0.3651990515444637,3808.7499885999982,64.37500870000136,111.24986979997959,-0.42219254121857536
19.210937488,2026-05-04T22:12:27.718750Z,2026-05-04T22:13:29.142812488Z,0.9369679689407348,0.3196803629398346,0.277081161737442,-0.355865813929241,3816.1718635999982,58.710946200001246,196.01549479998138,-0.44425568240663244
19.218749988,2026-05-04T22:12:27.726562Z,2026-05-04T22:13:29.150624988Z,0.9410765171051024,0.319618284702301,0.2835701704025269,-0.29099390082254345,3823.5937385999987,53.046883700001125,280.7811197999832,-0.46631882359468946
19.226562488,2026-05-04T22:12:27.734375Z,2026-05-04T22:13:29.158437488Z,0.9390769004821776,0.3188268840312958,0.2826475501060486,-0.31958708674391934,3831.0156135999987,47.382821200001004,365.546744799985,-0.4883819647827465
19.234374988,2026-05-04T22:12:27.742187Z,2026-05-04T22:13:29.166249988Z,0.9375459551811218,0.3177406489849091,0.2788187265396118,-0.3529466939904507,3838.4374885999987,41.71875870000088,450.3123697999868,-0.5104451059708035
19.242187488,2026-05-04T22:12:27.750000Z,2026-05-04T22:13:29.174062488Z,0.9372491836547852,0.3170113265514374,0.2746054828166962,-0.37150216077018455,3844.5390549999993,33.71876560000136,523.0936551999918,-0.49673277256364
19.249999988,2026-05-04T22:12:27.757812Z,2026-05-04T22:13:29.181874988Z,0.9396237134933472,0.3178648054599762,0.2712533175945282,-0.35122401692750077,3849.4218674999993,23.562515600001145,584.812405199993,-0.4499967209232535
19.257812488,2026-05-04T22:12:27.765625Z,2026-05-04T22:13:29.189687488Z,0.938389539718628,0.3199286460876465,0.2657330632209778,-0.37202878445023,3854.3046799999997,13.40626560000093,646.5311551999944,-0.4032606692828669
19.265624988,2026-05-04T22:12:27.773437Z,2026-05-04T22:13:29.197499988Z,0.9374054074287416,0.3238701522350311,0.2583521902561188,-0.3877343569347573,3859.1874924999997,3.2500156000007125,708.2499051999956,-0.35652461764248033
19.273437488,2026-05-04T22:12:27.781250Z,2026-05-04T22:13:29.205312488Z,0.9356869459152222,0.3267098665237427,0.2457278221845627,-0.43008473868933755,3864.0703049999997,-6.906234399999504,769.968655199997,-0.30978856600209376
19.281249988,2026-05-04T22:12:27.789062Z,2026-05-04T22:13:29.213124988Z,0.9346871972084044,0.3284633755683899,0.2281059771776199,-0.48022063170357726,3865.9843789,-14.718743399999882,813.6405994999996,-0.2806391591123469
19.289062488,2026-05-04T22:12:27.796875Z,2026-05-04T22:13:29.220937488Z,0.9345622062683104,0.3284789025783539,0.206839844584465,-0.5330050683798245,3863.4453164,-19.015618399999973,830.2421619999999,-0.2778698881810014
19.296874988,2026-05-04T22:12:27.804687Z,2026-05-04T22:13:29.228749988Z,0.9348277449607848,0.3305117189884186,0.1825906038284302,-0.5494144909331496,3860.9062539,-23.312493400000065,846.8437245000002,-0.2751006172496559
19.304687488,2026-05-04T22:12:27.812500Z,2026-05-04T22:13:29.236562488Z,0.9341716766357422,0.3329324722290039,0.1597867757081985,-0.5089483042170141,3858.3671913999997,-27.609368400000157,863.4452870000006,-0.2723313463183104
19.312499988,2026-05-04T22:12:27.820312Z,2026-05-04T22:13:29.244374988Z,0.9332187175750732,0.3353842794895172,0.1403658539056778,-0.476345774820736,3855.8281288999997,-31.906243400000246,880.0468495000009,-0.26956207538696497
19.320312488,2026-05-04T22:12:27.828125Z,2026-05-04T22:13:29.252187488Z,0.9335936307907104,0.3382550477981567,0.1218983009457588,-0.46616883104527773,3853.453128,-33.304696799999675,881.609431999998,-0.27555460805336957
19.328124988,2026-05-04T22:12:27.835937Z,2026-05-04T22:13:29.259999988Z,0.9317971467971802,0.3408775329589844,0.0998479500412941,-0.4302737824090031,3851.500003,-27.25000930000008,844.5000570000005,-0.3040776644890335
19.335937488,2026-05-04T22:12:27.843750Z,2026-05-04T22:13:29.267812488Z,0.9327031970024108,0.3415448069572449,0.0749375000596046,-0.4194910946404813,3849.546878,-21.19532180000049,807.390682000003,-0.33260072092469745
19.343749988,2026-05-04T22:12:27.851562Z,2026-05-04T22:13:29.275624988Z,0.933640480041504,0.3398378491401672,0.0486738942563533,-0.40502449553326264,3847.593753,-15.140634300000897,770.2813070000055,-0.3611237773603614
19.351562488,2026-05-04T22:12:27.859375Z,2026-05-04T22:13:29.283437488Z,0.9340466856956482,0.3387826383113861,0.0200883895158767,-0.3943633053766516,3845.6406280000006,-9.085946800001306,733.171932000008,-0.3896468337960253
19.359374988,2026-05-04T22:12:27.867187Z,2026-05-04T22:13:29.291249988Z,0.935577630996704,0.339015394449234,-0.0076513905078172,-0.4108155799339134,3843.250007200001,-2.6562629000022606,690.5001104000194,-0.41655141019117425
19.367187488,2026-05-04T22:12:27.875000Z,2026-05-04T22:13:29.299062488Z,0.935577630996704,0.3380067646503448,-0.0319006294012069,-0.4122829684031807,3838.562507200001,5.742174599997918,618.6251104000178,-0.4349588692638675
19.374999988,2026-05-04T22:12:27.882812Z,2026-05-04T22:13:29.306874988Z,0.9385301470756532,0.3365480899810791,-0.0516137108206749,-0.44907049744999095,3833.875007200001,14.140612099998098,546.7501104000163,-0.45336632833656076
19.382812488,2026-05-04T22:12:27.890625Z,2026-05-04T22:13:29.314687488Z,0.9384364485740662,0.3350894451141357,-0.0704810619354248,-0.4548807873758845,3829.187507200001,22.53904959999828,474.87511040001476,-0.4717737874092541
19.390624988,2026-05-04T22:12:27.898437Z,2026-05-04T22:13:29.322499988Z,0.9379833936691284,0.3337083458900452,-0.088779479265213,-0.46023072903693907,3824.5000072000007,30.937487099998457,403.0001104000132,-0.49018124648194733
19.398437488,2026-05-04T22:12:27.906250Z,2026-05-04T22:13:29.330312488Z,0.9412327408790588,0.3323893547058105,-0.1058785021305084,-0.510025083287822,3819.8828170000006,39.05468539999978,330.39857580001467,-0.5072452774823997
19.406249988,2026-05-04T22:12:27.914062Z,2026-05-04T22:13:29.338124988Z,0.9434354305267334,0.3303720653057098,-0.1217166185379028,-0.5469920725613512,3816.9531295000006,40.421872899999805,240.35951330001274,-0.49206574500845635
19.414062488,2026-05-04T22:12:27.921875Z,2026-05-04T22:13:29.345937488Z,0.9433573484420776,0.3281219899654388,-0.1385081112384796,-0.5616818790734005,3814.023442,41.78906039999983,150.3204508000108,-0.4768862125345131
19.421874988,2026-05-04T22:12:27.929687Z,2026-05-04T22:13:29.353749988Z,0.9448570609092712,0.3265081346035004,-0.1527624130249023,-0.5283989166402193,3811.0937545,43.15624789999986,60.281388300008885,-0.46170668006056975
19.429687488,2026-05-04T22:12:27.937500Z,2026-05-04T22:13:29.361562488Z,0.9458099603652954,0.3244132697582245,-0.1632186472415924,-0.5074075145156706,3808.164067,44.5234353999999,-29.757674199993033,-0.4465271475866265
19.437499988,2026-05-04T22:12:27.945312Z,2026-05-04T22:13:29.369374988Z,0.9460287094116212,0.323156327009201,-0.1691694855690002,-0.49950398366738424,3805.2343795,45.890622899999926,-119.79673669999495,-0.4313476151126832
19.445312488,2026-05-04T22:12:27.953125Z,2026-05-04T22:13:29.377187488Z,0.94684100151062,0.3228459656238556,-0.1698921918869019,-0.49105241714183406,3799.7890712000003,41.50782000000017,-197.97644399999731,-0.4330511120354951
19.453124988,2026-05-04T22:12:27.960937Z,2026-05-04T22:13:29.384999988Z,0.9459505677223206,0.3236373662948608,-0.1691848635673523,-0.4991951598030706,3794.1250087,36.625007500000066,-275.124881499999,-0.43622272910951043
19.460937488,2026-05-04T22:12:27.968750Z,2026-05-04T22:13:29.392812488Z,0.945888102054596,0.3248167335987091,-0.1659096032381058,-0.5011846910835784,3788.4609462,31.742194999999963,-352.27331900000064,-0.4393943461835257
19.468749988,2026-05-04T22:12:27.976562Z,2026-05-04T22:13:29.400624988Z,0.9453412890434264,0.3251736164093018,-0.1622960418462753,-0.5125266476436816,3782.7968837,26.859382499999857,-429.4217565000023,-0.442565963257541
19.476562488,2026-05-04T22:12:27.984375Z,2026-05-04T22:13:29.408437488Z,0.9451694488525392,0.3248012065887451,-0.1579444110393524,-0.5230811042541778,3777.1328212,21.976569999999754,-506.57019400000394,-0.4457375803315563
19.484374988,2026-05-04T22:12:27.992187Z,2026-05-04T22:13:29.416249988Z,0.9448726773262024,0.3251115679740906,-0.1519628167152405,-0.5347011311239516,3773.3437551,14.281262899999993,-555.1249364,-0.45501742660917094
19.492187488,2026-05-04T22:12:28.000000Z,2026-05-04T22:13:29.424062488Z,0.9440290927886964,0.325996071100235,-0.1411067843437195,-0.5577873620364797,3770.0234426,5.882825400000559,-596.5311863999973,-0.4658243448474631
19.499999988,2026-05-04T22:12:28.007812Z,2026-05-04T22:13:29.431874988Z,0.9412327408790588,0.3281064629554749,-0.1265910714864731,-0.5218409888056711,3766.7031301000006,-2.5156120999988736,-637.9374363999945,-0.47663126308575526
19.507812488,2026-05-04T22:12:28.015625Z,2026-05-04T22:13:29.439687488Z,0.9410765171051024,0.3312410414218903,-0.1072624176740646,-0.507651144753823,3763.3828176000006,-10.914049599998307,-679.3436863999916,-0.4874381813240475
19.515624988,2026-05-04T22:12:28.023437Z,2026-05-04T22:13:29.447499988Z,0.9408578276634216,0.3334290385246277,-0.0851044207811355,-0.49053275347336656,3760.062505100001,-19.31248709999774,-720.7499363999889,-0.49824509956233964
19.523437488,2026-05-04T22:12:28.031250Z,2026-05-04T22:13:29.455312488Z,0.938420832157135,0.3342359662055969,-0.0640996843576431,-0.4493951543097453,3757.0078170000006,-23.460934199999407,-732.2734414000007,-0.49442348133034003
19.531249988,2026-05-04T22:12:28.039062Z,2026-05-04T22:13:29.463124988Z,0.9371241927146912,0.335880845785141,-0.0438945442438125,-0.4299337922190079,3754.0781295000006,-25.609371699999453,-729.7343789000006,-0.48371779734266895
19.539062488,2026-05-04T22:12:28.046875Z,2026-05-04T22:13:29.470937488Z,0.9368898868560792,0.3371998369693756,-0.0239661913365125,-0.4257732068868935,3751.1484420000006,-27.7578091999995,-727.1953164000006,-0.4730121133549978
19.546874988,2026-05-04T22:12:28.054687Z,2026-05-04T22:13:29.478749988Z,0.9359993934631348,0.3369825780391693,-0.0027615614235401,-0.4124000091565441,3748.2187545000006,-29.906246699999542,-724.6562539000006,-0.4623064293673267
19.554687488,2026-05-04T22:12:28.062500Z,2026-05-04T22:13:29.486562488Z,0.9359837770462036,0.3373860418796539,0.0208726078271865,-0.41692018303152206,3745.2890670000006,-32.05468419999959,-722.1171914000005,-0.4516007453796556
19.562499988,2026-05-04T22:12:28.070312Z,2026-05-04T22:13:29.494374988Z,0.9348277449607848,0.3375412225723267,0.0456446632742881,-0.4144755231349268,3745.9687445999994,-28.953136100001228,-694.8594467000079,-0.44007109763835606
19.570312488,2026-05-04T22:12:28.078125Z,2026-05-04T22:13:29.502187488Z,0.9337186217308044,0.3379446864128113,0.0708318874239921,-0.4207573301902401,3749.4843695999994,-21.726573600001075,-648.179759200007,-0.4278940457691675
19.578124988,2026-05-04T22:12:28.085937Z,2026-05-04T22:13:29.509999988Z,0.9326563477516174,0.3379912376403809,0.0972338840365409,-0.4350676485462986,3752.9999945999994,-14.50001110000092,-601.500071700006,-0.41571699389997896
19.585937488,2026-05-04T22:12:28.093750Z,2026-05-04T22:13:29.517812488Z,0.9343903660774232,0.3369205296039581,0.1241279393434525,-0.48450214887493925,3756.5156196,-7.273448600000766,-554.8203842000049,-0.40353994203079047
19.593749988,2026-05-04T22:12:28.101562Z,2026-05-04T22:13:29.525624988Z,0.9350152611732484,0.3354773819446564,0.1468856334686279,-0.5201024132991854,3760.0312446,-0.0468861000006121,-508.14069670000396,-0.3913628901616019
19.601562488,2026-05-04T22:12:28.109375Z,2026-05-04T22:13:29.533437488Z,0.9327812790870668,0.3346394300460815,0.1639692783355713,-0.521155458230842,3766.0390483999995,7.3515507999995195,-446.67981080000504,-0.38943998971645266
19.609374988,2026-05-04T22:12:28.117187Z,2026-05-04T22:13:29.541249988Z,0.9332187175750732,0.3331807553768158,0.1813758313655853,-0.5538471076981131,3775.2187358999995,14.968738299999682,-366.40637330000334,-0.40056790880289217
19.617187488,2026-05-04T22:12:28.125000Z,2026-05-04T22:13:29.549062488Z,0.9358275532722472,0.3300151526927948,0.1993052065372467,-0.5156621040243667,3784.3984234,22.585925799999846,-286.13293580000163,-0.41169582788933173
19.624999988,2026-05-04T22:12:28.132812Z,2026-05-04T22:13:29.556874988Z,0.93662428855896,0.3265857398509979,0.2164657264947891,-0.4809773938573494,3793.5781109,30.203113300000005,-205.85949829999996,-0.42282374697577124
19.632812488,2026-05-04T22:12:28.140625Z,2026-05-04T22:13:29.564687488Z,0.9354214072227478,0.3268495500087738,0.2305047661066055,-0.45882505103899746,3802.7577984000004,37.82030080000017,-125.58606079999825,-0.43395166606221075
19.640624988,2026-05-04T22:12:28.148437Z,2026-05-04T22:13:29.572499988Z,0.936046302318573,0.3278271555900574,0.2437749654054642,-0.41322211002775666,3810.4374931,42.00000479999995,-44.250128399998744,-0.448835785755818
19.648437488,2026-05-04T22:12:28.156250Z,2026-05-04T22:13:29.580312488Z,0.9356869459152222,0.325406402349472,0.2569836378097534,-0.3894773847743629,3814.9296805999998,38.87500480000016,39.343621599995615,-0.47170188808293484
19.656249988,2026-05-04T22:12:28.164062Z,2026-05-04T22:13:29.588124988Z,0.93759286403656,0.3240408301353455,0.2663019895553589,-0.3466310751273571,3819.4218680999993,35.750004800000376,122.93737159998997,-0.4945679904100516
19.664062488,2026-05-04T22:12:28.171875Z,2026-05-04T22:13:29.595937488Z,0.9360775351524352,0.3230787515640259,0.2682702243328094,-0.361938327460576,3823.9140555999993,32.62500480000059,206.53112159998432,-0.5174340927371684
19.671874988,2026-05-04T22:12:28.179687Z,2026-05-04T22:13:29.603749988Z,0.9355620145797728,0.3227683901786804,0.2658560574054718,-0.37693797879930163,3828.406243099999,29.500004800000795,290.1248715999787,-0.5403001950642853
19.679687488,2026-05-04T22:12:28.187500Z,2026-05-04T22:13:29.611562488Z,0.9377803206443788,0.3218218088150024,0.2640262246131897,-0.3621480799087762,3833.0546793999983,26.062507200001427,371.453013999978,-0.5499879306416381
19.687499988,2026-05-04T22:12:28.195312Z,2026-05-04T22:13:29.619374988Z,0.9378427863121032,0.3216045498847961,0.2617197036743164,-0.3686623292436936,3838.3281168999983,21.375007200001328,443.71863899997953,-0.5069616931666635
19.695312488,2026-05-04T22:12:28.203125Z,2026-05-04T22:13:29.627187488Z,0.9388894438743592,0.3230321705341339,0.2599052488803864,-0.355669111849388,3843.601554399999,16.687507200001228,515.9842639999811,-0.463935455691689
19.703124988,2026-05-04T22:12:28.210937Z,2026-05-04T22:13:29.634999988Z,0.9346246719360352,0.3243977427482605,0.2547232508659363,-0.41118512827811426,3848.874991899999,12.000007200001127,588.2498889999825,-0.4209092182167144
19.710937488,2026-05-04T22:12:28.218750Z,2026-05-04T22:13:29.642812488Z,0.935921311378479,0.3262133002281189,0.2473116368055344,-0.40965009548909803,3854.148429399999,7.3125072000010265,660.5155139999841,-0.3778829807417398
19.718749988,2026-05-04T22:12:28.226562Z,2026-05-04T22:13:29.650624988Z,0.9358900785446168,0.3274857699871063,0.2360557913780212,-0.43458669551751733,3858.9218765,2.5312590000011608,728.7343416999958,-0.3375292890081219
19.726562488,2026-05-04T22:12:28.234375Z,2026-05-04T22:13:29.658437488Z,0.9377334713935852,0.3289909660816193,0.2200485318899155,-0.44800384844994273,3857.945314,-3.3281159999989645,750.4140291999962,-0.32791051472348287
19.734374988,2026-05-04T22:12:28.242187Z,2026-05-04T22:13:29.666249988Z,0.9344215989112854,0.3296427130699158,0.1986747533082962,-0.5319388545047962,3856.9687515,-9.18749099999909,772.0937166999967,-0.3182917404388438
19.742187488,2026-05-04T22:12:28.250000Z,2026-05-04T22:13:29.674062488Z,0.934031069278717,0.3304806649684906,0.177331730723381,-0.5462461852005163,3855.992189,-15.046865999999214,793.7734041999971,-0.30867296615420475
19.749999988,2026-05-04T22:12:28.257812Z,2026-05-04T22:13:29.681874988Z,0.933765470981598,0.330822080373764,0.1574494987726212,-0.5076220444795644,3855.0156265,-20.90624099999934,815.4530916999976,-0.29905419186956567
19.757812488,2026-05-04T22:12:28.265625Z,2026-05-04T22:13:29.689687488Z,0.935327649116516,0.3335221409797668,0.13778255879879,-0.5042142143049801,3854.039064,-26.765615999999465,837.132779199998,-0.28943541758492664
19.765624988,2026-05-04T22:12:28.273437Z,2026-05-04T22:13:29.697499988Z,0.9345465898513794,0.3353687524795532,0.1190228387713432,-0.476989318959458,3854.5624991,-22.125007800000358,815.8750354000016,-0.2996744978359315
19.773437488,2026-05-04T22:12:28.281250Z,2026-05-04T22:13:29.705312488Z,0.9350464940071106,0.3365636169910431,0.1002631187438965,-0.46539281633579865,3855.1484366,-17.046882800000247,792.8281604000011,-0.31074102178906726
19.781249988,2026-05-04T22:12:28.289062Z,2026-05-04T22:13:29.713124988Z,0.93614000082016,0.3369670808315277,0.0776438191533088,-0.4571813318127571,3855.7343741,-11.96875780000014,769.7812854000007,-0.3218075457422031
19.789062488,2026-05-04T22:12:28.296875Z,2026-05-04T22:13:29.720937488Z,0.9341403841972352,0.3372308611869812,0.0512110702693462,-0.41669375220491034,3856.3203116,-6.890632800000032,746.7344104000001,-0.3328740696953389
19.796874988,2026-05-04T22:12:28.304687Z,2026-05-04T22:13:29.728749988Z,0.9329375028610228,0.3364084362983704,0.0240248553454875,-0.38841484478410043,3856.9062491,-1.8125077999999233,723.6875353999997,-0.3439405936484747
19.804687488,2026-05-04T22:12:28.312500Z,2026-05-04T22:13:29.736562488Z,0.93662428855896,0.3349652886390686,0.0006367154419422,-0.42112318485201766,3853.8828182,4.414052599999753,670.1250912000023,-0.37699117226564566
19.812499988,2026-05-04T22:12:28.320312Z,2026-05-04T22:13:29.744374988Z,0.9400142431259156,0.333972156047821,-0.022090220823884,-0.4584009064666727,3850.1718807,10.859365099999318,610.7500912000063,-0.4142292377229748
19.820312488,2026-05-04T22:12:28.328125Z,2026-05-04T22:13:29.752187488Z,0.9377647042274476,0.3337548971176147,-0.0442789644002914,-0.44065052536115745,3846.4609432000007,17.304677599998882,551.3750912000103,-0.451467303180304
19.828124988,2026-05-04T22:12:28.335937Z,2026-05-04T22:13:29.759999988Z,0.9375459551811218,0.3334135115146637,-0.0624543651938438,-0.44779327293791793,3842.750005700001,23.74999009999845,492.0000912000143,-0.48870536863763314
19.835937488,2026-05-04T22:12:28.343750Z,2026-05-04T22:13:29.767812488Z,0.940670371055603,0.3327307403087616,-0.0774006322026252,-0.49160154136527023,3839.039068200001,30.195302599998012,432.6250912000183,-0.5259434340949622
19.843749988,2026-05-04T22:12:28.351562Z,2026-05-04T22:13:29.775624988Z,0.9417638778686525,0.3321100473403931,-0.0924852937459945,-0.5154949668912036,3831.8125132000027,32.56249879999976,354.4063814000267,-0.5166744569606625
19.851562488,2026-05-04T22:12:28.359375Z,2026-05-04T22:13:29.783437488Z,0.9419357180595398,0.3309151828289032,-0.1086155772209167,-0.5308948731162237,3823.2187632000023,33.34374879999977,268.8595064000249,-0.48931926990842783
19.859374988,2026-05-04T22:12:28.367187Z,2026-05-04T22:13:29.791249988Z,0.9431855082511902,0.3293789327144623,-0.1243153065443039,-0.5592675759853378,3814.6250132000023,34.12499879999979,183.31263140002304,-0.4619640828561932
19.867187488,2026-05-04T22:12:28.375000Z,2026-05-04T22:13:29.799062488Z,0.943169891834259,0.327252984046936,-0.1396613717079163,-0.5503699822045371,3806.0312632000023,34.90624879999981,97.76575640002122,-0.43460889580395856
19.874999988,2026-05-04T22:12:28.382812Z,2026-05-04T22:13:29.806874988Z,0.9448257684707642,0.3261357247829437,-0.1498715728521347,-0.5196562495770574,3797.437513200002,35.68749879999982,12.218881400019404,-0.4072537087517239
19.882812488,2026-05-04T22:12:28.390625Z,2026-05-04T22:13:29.814687488Z,0.9454506635665894,0.3260115683078766,-0.155238077044487,-0.504166177670696,3792.4765664000006,31.8984480000014,-66.99988479998461,-0.39999956462191516
19.890624988,2026-05-04T22:12:28.398437Z,2026-05-04T22:13:29.822499988Z,0.9452163577079772,0.3266167640686035,-0.1564220935106277,-0.5028719544805209,3789.9375039000006,25.062510500001256,-141.9998847999862,-0.40614620153840525
19.898437488,2026-05-04T22:12:28.406250Z,2026-05-04T22:13:29.830312488Z,0.9429511427879332,0.3268495500087738,-0.1553918570280075,-0.5297129574510341,3787.3984414000006,18.22657300000111,-216.99988479998783,-0.4122928384548954
19.906249988,2026-05-04T22:12:28.414062Z,2026-05-04T22:13:29.838124988Z,0.9444040060043336,0.3281219899654388,-0.1521473377943039,-0.5142712701227771,3784.8593789,11.390635500000966,-291.99988479998945,-0.4184394753713855
19.914062488,2026-05-04T22:12:28.421875Z,2026-05-04T22:13:29.845937488Z,0.9437947273254396,0.3278116285800934,-0.1490104794502258,-0.5272005447170939,3782.3203164,4.554698000000821,-366.99988479999104,-0.42458611228787557
19.921874988,2026-05-04T22:12:28.429687Z,2026-05-04T22:13:29.853749988Z,0.94338858127594,0.3278271555900574,-0.1461965143680573,-0.5356579144407076,3779.3125054,0.1562527000001734,-429.4374249999952,-0.43289886108897135
19.929687488,2026-05-04T22:12:28.437500Z,2026-05-04T22:13:29.861562488Z,0.945513129234314,0.3283237218856812,-0.1405993551015854,-0.5182057244606105,3775.7968804,-1.601559799999864,-478.2655499999962,-0.44355824553918305
19.937499988,2026-05-04T22:12:28.445312Z,2026-05-04T22:13:29.869374988Z,0.9444040060043336,0.3294254839420319,-0.1314501464366913,-0.5394716650357249,3772.2812554,-3.359372299999902,-527.0936749999972,-0.45421762998939474
19.945312488,2026-05-04T22:12:28.453125Z,2026-05-04T22:13:29.877187488Z,0.9396393299102784,0.3298289477825165,-0.1181953251361847,-0.5145491878804411,3768.7656304,-5.117184799999939,-575.9217999999983,-0.4648770144396065
19.953124988,2026-05-04T22:12:28.460937Z,2026-05-04T22:13:29.884999988Z,0.938389539718628,0.3311324119567871,-0.099220335483551,-0.4825929731720006,3765.2500054,-6.874997299999976,-624.7499249999993,-0.4755363988898182
19.960937488,2026-05-04T22:12:28.468750Z,2026-05-04T22:13:29.892812488Z,0.9429824352264404,0.3332273066043854,-0.0774621367454528,-0.5213006120580378,3763.703122,-8.210936599999986,-659.1640489999997,-0.48655018735378225
19.968749988,2026-05-04T22:12:28.476562Z,2026-05-04T22:13:29.900624988Z,0.9394518733024596,0.3353687524795532,-0.059947945177555,-0.47752047003133496,3765.656247,-8.796874099999947,-667.9531114999992,-0.4981940315981122
19.976562488,2026-05-04T22:12:28.484375Z,2026-05-04T22:13:29.908437488Z,0.937702178955078,0.3360670506954193,-0.041034460067749,-0.4506527211198752,3767.609372,-9.382811599999906,-676.7421739999986,-0.5098378758424421
19.984374988,2026-05-04T22:12:28.492187Z,2026-05-04T22:13:29.916249988Z,0.9364055991172792,0.3346239030361176,-0.0212598722428083,-0.42362639535222807,3769.5624969999994,-9.968749099999867,-685.531236499998,-0.5214817200867721
19.992187488,2026-05-04T22:12:28.500000Z,2026-05-04T22:13:29.924062488Z,0.937952160835266,0.3337083458900452,-0.0009163431823253,-0.43540409170182487,3771.5156219999994,-10.554686599999828,-694.3202989999974,-0.533125564331102
19.999999988,2026-05-04T22:12:28.507812Z,2026-05-04T22:13:29.931874988Z,0.9365930557250975,0.3351514935493469,0.0191196501255035,-0.4285577936188426,3773.5156216999994,-10.015631300001395,-691.6250600000133,-0.5389476261342583
20.007812488,2026-05-04T22:12:28.515625Z,2026-05-04T22:13:29.939687488Z,0.9356244802474976,0.3358342945575714,0.0422310084104538,-0.42895161394620085,3775.6640591999994,-5.914068800001308,-652.5625600000125,-0.5263338882918043
20.015624988,2026-05-04T22:12:28.523437Z,2026-05-04T22:13:29.947499988Z,0.9359993934631348,0.3343600928783417,0.0680640637874603,-0.4439764563193697,3777.8124966999994,-1.8125063000012216,-613.5000600000117,-0.5137201504493502
20.023437488,2026-05-04T22:12:28.531250Z,2026-05-04T22:13:29.955312488Z,0.9353432655334472,0.3343756198883057,0.0934050604701042,-0.4604879838986828,3779.9609341999994,2.2890561999988654,-574.4375600000108,-0.5011064126068961
20.031249988,2026-05-04T22:12:28.539062Z,2026-05-04T22:13:29.963124988Z,0.9345465898513794,0.3340031802654266,0.1169162169098854,-0.47832218950906147,3782.1093716999994,6.390618699998953,-535.37506000001,-0.488492674764442
20.039062488,2026-05-04T22:12:28.546875Z,2026-05-04T22:13:29.970937488Z,0.9348746538162231,0.3341273367404938,0.1371982395648956,-0.5115542447523427,3784.3515579999994,10.656241599998722,-492.8204172000159,-0.4762132162236017
20.046874988,2026-05-04T22:12:28.554687Z,2026-05-04T22:13:29.978749988Z,0.9359525442123412,0.3324514329433441,0.1558349430561066,-0.5474788255786215,3787.2812454999994,16.12499159999884,-424.6563547000145,-0.4663851748848495
20.054687488,2026-05-04T22:12:28.562500Z,2026-05-04T22:13:29.986562488Z,0.9353745579719543,0.3300772309303284,0.1729185879230499,-0.5612198042913437,3790.2109329999994,21.593741599998953,-356.492292200013,-0.4565571335460972
20.062499988,2026-05-04T22:12:28.570312Z,2026-05-04T22:13:29.994374988Z,0.9375303387641908,0.3292392492294312,0.1891872584819794,-0.507789810106142,3793.1406204999994,27.06249159999907,-288.3282297000116,-0.446729092207345
20.070312488,2026-05-04T22:12:28.578125Z,2026-05-04T22:13:30.002187488Z,0.934031069278717,0.3272374868392944,0.2035030722618103,-0.5236904711845933,3796.0703079999994,32.531241599999184,-220.16416720001013,-0.43690105086859277
20.078124988,2026-05-04T22:12:28.585937Z,2026-05-04T22:13:30.009999988Z,0.9347184300422668,0.3273771405220032,0.2184185832738876,-0.48038848949698365,3798.9999955,37.999991599999305,-152.00010470000868,-0.42707300952984056
20.085937488,2026-05-04T22:12:28.593750Z,2026-05-04T22:13:30.017812488Z,0.938998818397522,0.3276564478874207,0.2332418411970139,-0.3945982481615665,3804.4687415999992,37.60937560000004,-71.14074920000856,-0.4466790852246526
20.093749988,2026-05-04T22:12:28.601562Z,2026-05-04T22:13:30.025624988Z,0.9367805123329164,0.3269736766815186,0.2444822937250137,-0.3917322333707449,3809.9374915999997,37.218750600000035,9.718625799993163,-0.4662852061303416
20.101562488,2026-05-04T22:12:28.609375Z,2026-05-04T22:13:30.033437488Z,0.9342341423034668,0.3259339928627014,0.2516632676124573,-0.404146065140245,3815.4062415999997,36.82812560000002,90.57800079999488,-0.4858913270360306
20.109374988,2026-05-04T22:12:28.617187Z,2026-05-04T22:13:30.041249988Z,0.934859037399292,0.3250960409641266,0.2555382251739502,-0.39029938360864813,3820.8749915999997,36.437500600000014,171.4373757999966,-0.5054974479417196
20.117187488,2026-05-04T22:12:28.625000Z,2026-05-04T22:13:30.049062488Z,0.938405215740204,0.3256546854972839,0.256307065486908,-0.3476148652927126,3826.3437415999997,36.04687560000001,252.2967507999983,-0.5251035688474086
20.124999988,2026-05-04T22:12:28.632812Z,2026-05-04T22:13:30.056874988Z,0.9355151057243348,0.3258253633975983,0.2521399557590485,-0.3910881731447839,3830.0937446,31.875007199999995,322.3280197000001,-0.5119170334085862
20.132812488,2026-05-04T22:12:28.640625Z,2026-05-04T22:13:30.064687488Z,0.9357494711875916,0.3248477578163147,0.2496796548366547,-0.39910583597731136,3833.6093696000003,27.187507199999896,390.8827072000015,-0.4942587070612037
20.140624988,2026-05-04T22:12:28.648437Z,2026-05-04T22:13:30.072499988Z,0.9372648000717164,0.3243822157382965,0.2481573522090912,-0.38766051015488645,3837.1249946000003,22.500007199999796,459.437394700003,-0.47660038071382105
20.148437488,2026-05-04T22:12:28.656250Z,2026-05-04T22:13:30.080312488Z,0.9364212155342102,0.3265547156333923,0.2430215030908585,-0.4016282884838705,3840.6406196000003,17.812507199999693,527.9920822000045,-0.4589420543664385
20.156249988,2026-05-04T22:12:28.664062Z,2026-05-04T22:13:30.088124988Z,0.9344684481620787,0.3300151526927948,0.2355637401342392,-0.42881014057162814,3844.1562446000003,13.125007199999594,596.5467697000059,-0.4412837280190559
20.164062488,2026-05-04T22:12:28.671875Z,2026-05-04T22:13:30.095937488Z,0.9345153570175172,0.3305427432060242,0.2278907150030136,-0.4447146894329456,3846.3359348,9.773441999999884,637.1952636000012,-0.4200647360427009
20.171874988,2026-05-04T22:12:28.679687Z,2026-05-04T22:13:30.103749988Z,0.9359369277954102,0.3299530744552612,0.2144513726234436,-0.4637219329317609,3848.0937473,6.843754500000081,669.0312010999991,-0.3977213138725825
20.179687488,2026-05-04T22:12:28.687500Z,2026-05-04T22:13:30.111562488Z,0.9352651834487916,0.3306823968887329,0.1936465352773666,-0.5160781852103467,3849.8515598,3.914067000000278,700.867138599997,-0.37537789170246416
20.187499988,2026-05-04T22:12:28.695312Z,2026-05-04T22:13:30.119374988Z,0.932843804359436,0.3314737975597382,0.1702276468276978,-0.5360187139394483,3851.6093723,0.9843795000004759,732.7030760999949,-0.3530344695323458
20.195312488,2026-05-04T22:12:28.703125Z,2026-05-04T22:13:30.127187488Z,0.9344528317451476,0.3313496708869934,0.1503454148769379,-0.5181462018515766,3853.3671847999994,-1.9453079999993266,764.5390135999927,-0.33069104736222743
20.203124988,2026-05-04T22:12:28.710937Z,2026-05-04T22:13:30.134999988Z,0.9374210238456726,0.3319548666477203,0.1355836689472198,-0.531519084534727,3855.3749966999994,-3.624998499999765,770.0000144000022,-0.3211008485645233
20.210937488,2026-05-04T22:12:28.718750Z,2026-05-04T22:13:30.142812488Z,0.936015009880066,0.333646297454834,0.1188383176922798,-0.49933811177509557,3857.5234341999994,-4.601560999999786,760.6250144000021,-0.31868438573851254
20.218749988,2026-05-04T22:12:28.726562Z,2026-05-04T22:13:30.150624988Z,0.9331562519073486,0.3360670506954193,0.0987254381179809,-0.4529370229762393,3859.6718716999994,-5.578123499999807,751.2500144000019,-0.3162679229125018
20.226562488,2026-05-04T22:12:28.734375Z,2026-05-04T22:13:30.158437488Z,0.934124767780304,0.3362532556056976,0.0781820118427276,-0.44472366956663045,3861.8203091999994,-6.554685999999828,741.8750144000016,-0.313851460086491
20.234374988,2026-05-04T22:12:28.742187Z,2026-05-04T22:13:30.166249988Z,0.9364212155342102,0.3348566591739655,0.0546247214078903,-0.4479639744470519,3863.9687467,-7.531248499999848,732.5000144000014,-0.31143499726048024
20.242187488,2026-05-04T22:12:28.750000Z,2026-05-04T22:13:30.174062488Z,0.9390144348144532,0.3332893848419189,0.0289608146995306,-0.4589833342575591,3861.953134000001,-4.750009600000839,703.1172610000065,-0.33143873938031004
20.249999988,2026-05-04T22:12:28.757812Z,2026-05-04T22:13:30.181874988Z,0.9377334713935852,0.332358330488205,0.003542935475707,-0.43603968001073795,3856.093759000001,1.4999903999992945,655.2656985000054,-0.37213818265406584
20.257812488,2026-05-04T22:12:28.765625Z,2026-05-04T22:13:30.189687488Z,0.9367023706436156,0.3317996859550476,-0.0196914356201887,-0.4242669612495892,3850.2343840000003,7.749990399999428,607.4141360000044,-0.4128376259278217
20.265624988,2026-05-04T22:12:28.773437Z,2026-05-04T22:13:30.197499988Z,0.9384676814079284,0.3320479691028595,-0.0369134694337844,-0.4508523084929646,3844.3750090000003,13.999990399999561,559.5625735000034,-0.4535370692015775
20.273437488,2026-05-04T22:12:28.781250Z,2026-05-04T22:13:30.205312488Z,0.9410296678543092,0.331753134727478,-0.0517982318997383,-0.48624735338934344,3838.5156340000003,20.249990399999692,511.7110110000023,-0.49423651247533334
20.281249988,2026-05-04T22:12:28.789062Z,2026-05-04T22:13:30.213124988Z,0.9411546587944032,0.3313496708869934,-0.0671135410666465,-0.4961949587416812,3833.8281295,25.01562109999993,451.0469977000022,-0.5163511599356639
20.289062488,2026-05-04T22:12:28.796875Z,2026-05-04T22:13:30.220937488Z,0.9409984350204468,0.3303410112857819,-0.0839972868561744,-0.5046633035455543,3830.898442,27.554683599999983,371.1641852000005,-0.5105884352611278
20.296874988,2026-05-04T22:12:28.804687Z,2026-05-04T22:13:30.228749988Z,0.9434666633605956,0.3299686014652252,-0.0998354107141494,-0.5472286072058892,3827.9687545,30.09374610000004,291.28137269999877,-0.5048257105865916
20.304687488,2026-05-04T22:12:28.812500Z,2026-05-04T22:13:30.236562488Z,0.9426074624061584,0.3290840983390808,-0.1147047877311707,-0.5516617253189882,3825.0390669999997,32.63280860000009,211.3985601999971,-0.49906298591205545
20.312499988,2026-05-04T22:12:28.820312Z,2026-05-04T22:13:30.244374988Z,0.9411234259605408,0.3277806043624878,-0.1267140805721283,-0.5460131892665309,3822.1093794999997,35.171871100000146,131.5157476999954,-0.49330026123751924
20.320312488,2026-05-04T22:12:28.828125Z,2026-05-04T22:13:30.252187488Z,0.9439353346824646,0.3266478180885315,-0.1354173719882965,-0.5379624609728573,3818.5781328,36.01563039999981,53.21886399999599,-0.48704948006540516
20.328124988,2026-05-04T22:12:28.835937Z,2026-05-04T22:13:30.259999988Z,0.9462786316871644,0.3279357850551605,-0.1425368338823318,-0.4955643674178794,3813.5000078000003,32.50000540000005,-20.999885999998998,-0.47954368690897253
20.335937488,2026-05-04T22:12:28.843750Z,2026-05-04T22:13:30.267812488Z,0.9442477822303772,0.3288047611713409,-0.1467500776052475,-0.5084413825755724,3808.4218828000003,28.984380400000283,-95.21863599999398,-0.4720378937525399
20.343749988,2026-05-04T22:12:28.851562Z,2026-05-04T22:13:30.275624988Z,0.9418264031410216,0.3278892338275909,-0.1452585309743881,-0.5419478128062108,3803.3437578000007,25.46875540000052,-169.43738599998898,-0.4645321005961073
20.351562488,2026-05-04T22:12:28.859375Z,2026-05-04T22:13:30.283437488Z,0.9447476863861084,0.3285409808158875,-0.1392308175563812,-0.5166575610507753,3798.265632800001,21.95313040000076,-243.65613599998395,-0.45702630743967465
20.359374988,2026-05-04T22:12:28.867187Z,2026-05-04T22:13:30.291249988Z,0.9432167410850524,0.3305737972259521,-0.1367705315351486,-0.5294999802707728,3793.0937587000017,18.312506600001157,-314.59366749998554,-0.45093617299073663
20.367187488,2026-05-04T22:12:28.875000Z,2026-05-04T22:13:30.299062488Z,0.9418732523918152,0.3318927884101868,-0.1345870196819305,-0.5421466175690897,3787.429696200001,14.015631600001065,-368.3046049999867,-0.4522783316964983
20.374999988,2026-05-04T22:12:28.882812Z,2026-05-04T22:13:30.306874988Z,0.9417794942855836,0.3311634659767151,-0.1297894567251205,-0.5525095992534333,3781.765633700001,9.718756600000974,-422.0155424999878,-0.45362049040225993
20.382812488,2026-05-04T22:12:28.890625Z,2026-05-04T22:13:30.314687488Z,0.9421388506889344,0.3296582400798798,-0.1211630553007126,-0.5582185663318837,3776.101571200001,5.421881600000883,-475.72647999998895,-0.4549626491080216
20.390624988,2026-05-04T22:12:28.898437Z,2026-05-04T22:13:30.322499988Z,0.9414827227592468,0.3306048214435577,-0.1096765697002411,-0.540219784196699,3770.437508700001,1.1250066000007908,-529.4374174999901,-0.4563048078137832
20.398437488,2026-05-04T22:12:28.906250Z,2026-05-04T22:13:30.330312488Z,0.9409672021865844,0.3334135115146637,-0.0932387560606002,-0.527096611577618,3764.9687512,-3.0312487999998727,-581.7187223999971,-0.45788541591025084
20.406249988,2026-05-04T22:12:28.914062Z,2026-05-04T22:13:30.338124988Z,0.9385770559310912,0.3344066441059113,-0.0735564306378364,-0.48577468535268925,3764.1875012,-3.8124987999998896,-599.6874723999974,-0.4651890383038924
20.414062488,2026-05-04T22:12:28.921875Z,2026-05-04T22:13:30.345937488Z,0.9382646083831788,0.3353532254695892,-0.0530129969120025,-0.47192229883151504,3763.4062512,-4.593748799999906,-617.6562223999979,-0.472492660697534
20.421874988,2026-05-04T22:12:28.929687Z,2026-05-04T22:13:30.353749988Z,0.9401704668998718,0.3352445960044861,-0.0330385118722915,-0.48385916019653624,3762.6250012,-5.374998799999923,-635.6249723999982,-0.47979628309117556
20.429687488,2026-05-04T22:12:28.937500Z,2026-05-04T22:13:30.361562488Z,0.9367023706436156,0.3346549272537231,-0.0180614944547414,-0.4386253777363127,3761.8437512,-6.15624879999994,-653.5937223999986,-0.48709990548481713
20.437499988,2026-05-04T22:12:28.945312Z,2026-05-04T22:13:30.369374988Z,0.9364680647850036,0.3343135416507721,-0.0020080972462892,-0.4334143031389814,3761.0625012,-6.937498799999956,-671.562472399999,-0.49440352787845865
20.445312488,2026-05-04T22:12:28.953125Z,2026-05-04T22:13:30.377187488Z,0.9384989142417908,0.3339100778102875,0.0189351290464401,-0.45734370631686905,3762.4374976,-4.1250048000001085,-648.7422280000009,-0.487466202400641
20.453124988,2026-05-04T22:12:28.960937Z,2026-05-04T22:13:30.384999988Z,0.93924880027771,0.3326531648635864,0.0429383441805839,-0.46968736429218977,3763.9999976,-1.0000048000000419,-622.3750405000004,-0.4792905077859227
20.460937488,2026-05-04T22:12:28.968750Z,2026-05-04T22:13:30.392812488Z,0.9331562519073486,0.332342803478241,0.0652808547019958,-0.41344082751887806,3765.5624976,2.1249952000000247,-596.0078529999998,-0.4711148131712044
20.468749988,2026-05-04T22:12:28.976562Z,2026-05-04T22:13:30.400624988Z,0.934015452861786,0.3337548971176147,0.0889150276780128,-0.45011637195164694,3767.1249976,5.249995200000091,-569.6406654999993,-0.4629391185564862
20.476562488,2026-05-04T22:12:28.984375Z,2026-05-04T22:13:30.408437488Z,0.9381396174430848,0.3334135115146637,0.112825982272625,-0.5229633861036759,3768.6874976,8.374995200000157,-543.2734779999987,-0.4547634239417679
20.484374988,2026-05-04T22:12:28.992187Z,2026-05-04T22:13:30.416249988Z,0.9378584027290344,0.3314893245697021,0.131800964474678,-0.5383902706350324,3773.3749916,10.562497000000002,-490.34384149999994,-0.4522193151015842
20.492187488,2026-05-04T22:12:29.000000Z,2026-05-04T22:13:30.424062488Z,0.9358119368553162,0.3300461769104004,0.1476390957832336,-0.5340482847321931,3778.8437415999997,12.515621999999869,-430.773529000004,-0.45108311622086544
20.499999988,2026-05-04T22:12:29.007812Z,2026-05-04T22:13:30.431874988Z,0.9351245760917664,0.3285254538059235,0.1639692783355713,-0.5487443563042439,3784.3124915999992,14.468746999999738,-371.203216500008,-0.4499469173401467
20.507812488,2026-05-04T22:12:29.015625Z,2026-05-04T22:13:30.439687488Z,0.9364212155342102,0.3271909356117249,0.1804378479719162,-0.5343748785028027,3789.781241599999,16.421871999999606,-311.632904000012,-0.4488107184594279
20.515624988,2026-05-04T22:12:29.023437Z,2026-05-04T22:13:30.447499988Z,0.9357650876045228,0.3276719748973846,0.1953841149806976,-0.5086467153470723,3795.2499915999983,18.374996999999475,-252.06259150001603,-0.44767451957870913
20.523437488,2026-05-04T22:12:29.031250Z,2026-05-04T22:13:30.455312488Z,0.9363430738449096,0.3273461163043976,0.2098536938428879,-0.4706592828713588,3800.054680599999,19.796873199999677,-182.53136400002052,-0.4547514320126109
20.531249988,2026-05-04T22:12:29.039062Z,2026-05-04T22:13:30.463124988Z,0.936858594417572,0.3265857398509979,0.2225241959095001,-0.4374271145849499,3804.546868099999,20.968748199999702,-108.31261400001894,-0.46569336528870836
20.539062488,2026-05-04T22:12:29.046875Z,2026-05-04T22:13:30.470937488Z,0.9370929598808287,0.326321929693222,0.2321808338165283,-0.4117144964900143,3809.039055599999,22.140623199999727,-34.093864000017355,-0.4766352985648058
20.546874988,2026-05-04T22:12:29.054687Z,2026-05-04T22:13:30.478749988Z,0.936264991760254,0.3263064324855804,0.2397001087665558,-0.4012694216964447,3813.531243099999,23.31249819999975,40.12488599998422,-0.48757723184090324
20.554687488,2026-05-04T22:12:29.062500Z,2026-05-04T22:13:30.486562488Z,0.9359369277954102,0.3267719447612762,0.2440209835767746,-0.3915699679028898,3818.0234305999993,24.484373199999776,114.34363599998579,-0.4985191651170007
20.562499988,2026-05-04T22:12:29.070312Z,2026-05-04T22:13:30.494374988Z,0.9367023706436156,0.3271443843841553,0.2464043945074081,-0.37552181703782195,3822.9531168999993,24.125002400000266,187.68738839998767,-0.4978683355728489
20.570312488,2026-05-04T22:12:29.078125Z,2026-05-04T22:13:30.502187488Z,0.9342653751373292,0.3269736766815186,0.2436519414186478,-0.4111123497062463,3828.2265543999993,22.56250240000023,260.34363839998923,-0.48810884988888825
20.578124988,2026-05-04T22:12:29.085937Z,2026-05-04T22:13:30.509999988Z,0.936015009880066,0.3273305892944336,0.2398538738489151,-0.4010364321754254,3833.4999918999993,21.0000024000002,332.99988839999077,-0.4783493642049276
20.585937488,2026-05-04T22:12:29.093750Z,2026-05-04T22:13:30.517812488Z,0.9351401925086976,0.326927125453949,0.2353484630584717,-0.4239305544147754,3838.7734293999993,19.437502400000167,405.6561383999923,-0.46858987852096695
20.593749988,2026-05-04T22:12:29.101562Z,2026-05-04T22:13:30.525624988Z,0.9358900785446168,0.3283237218856812,0.2317349165678024,-0.41842611840359484,3844.0468668999997,17.87500240000013,478.3123883999939,-0.45883039283700633
20.601562488,2026-05-04T22:12:29.109375Z,2026-05-04T22:13:30.533437488Z,0.9369367361068726,0.3307600021362305,0.2268450856208801,-0.40872725147376543,3848.2031208,15.367193200000234,536.6171259999975,-0.44091243611925685
20.609374988,2026-05-04T22:12:29.117187Z,2026-05-04T22:13:30.541249988Z,0.9344372153282166,0.3320789933204651,0.2182955741882324,-0.45173799978485385,3850.9374958,11.656255700000155,576.6561884999983,-0.4126109060844546
20.617187488,2026-05-04T22:12:29.125000Z,2026-05-04T22:13:30.549062488Z,0.9325625896453856,0.3324203789234161,0.2048254758119583,-0.5026494532247164,3853.6718708,7.945318200000076,616.6952509999992,-0.3843093760496524
20.624999988,2026-05-04T22:12:29.132812Z,2026-05-04T22:13:30.556874988Z,0.9358275532722472,0.3332117795944214,0.1875726878643036,-0.5005979853716938,3856.4062458,4.234380699999997,656.7343135,-0.3560078460148502
20.632812488,2026-05-04T22:12:29.140625Z,2026-05-04T22:13:30.564687488Z,0.9354994893074036,0.3326376378536224,0.1671215295791626,-0.547397343053695,3859.1406208,0.5234431999999182,696.7733760000009,-0.32770631598004796
20.640624988,2026-05-04T22:12:29.148437Z,2026-05-04T22:13:30.572499988Z,0.933640480041504,0.3314737975597382,0.1469471305608749,-0.5156580270365192,3861.1249994,-1.000004799999953,723.5000024,-0.3082743934791767
20.648437488,2026-05-04T22:12:29.156250Z,2026-05-04T22:13:30.580312488Z,0.9363118410110474,0.3325600624084473,0.1305708289146423,-0.5253065259298283,3861.5156244,2.124995199999836,721.9375024000001,-0.3076905200326572
20.656249988,2026-05-04T22:12:29.164062Z,2026-05-04T22:13:30.588124988Z,0.935921311378479,0.333972156047821,0.1143944188952446,-0.5050420066980108,3861.9062494,5.249995199999625,720.3750024000002,-0.3071066465861376
20.664062488,2026-05-04T22:12:29.171875Z,2026-05-04T22:13:30.595937488Z,0.933906078338623,0.334918737411499,0.0966956987977027,-0.4657582348666821,3862.2968744,8.374995199999415,718.8125024000003,-0.30652277313961807
20.671874988,2026-05-04T22:12:29.179687Z,2026-05-04T22:13:30.603749988Z,0.9353901743888856,0.3353997766971588,0.0782127603888511,-0.4670197799823536,3862.6874994,11.499995199999203,717.2500024000004,-0.3059388996930985
20.679687488,2026-05-04T22:12:29.187500Z,2026-05-04T22:13:30.611562488Z,0.9372648000717164,0.3338014781475067,0.0556088387966156,-0.46506556794496806,3862.0625072000016,14.546870799999168,708.3047466000118,-0.31197674643988327
20.687499988,2026-05-04T22:12:29.195312Z,2026-05-04T22:13:30.619374988Z,0.9382333755493164,0.3316134810447693,0.0311596989631652,-0.4551464332875437,3857.375007200001,17.281245799999226,669.828184100011,-0.34450172823594444
20.695312488,2026-05-04T22:12:29.203125Z,2026-05-04T22:13:30.627187488Z,0.938045859336853,0.3310703635215759,0.0071103554219007,-0.4456317741241371,3852.687507200001,20.015620799999283,631.35162160001,-0.3770267100320056
20.703124988,2026-05-04T22:12:29.210937Z,2026-05-04T22:13:30.634999988Z,0.9391081929206848,0.3309772312641144,-0.0134792011231184,-0.4582117784483591,3848.000007200001,22.74999579999934,592.8750591000093,-0.4095516918280668
20.710937488,2026-05-04T22:12:29.218750Z,2026-05-04T22:13:30.642812488Z,0.9396861791610718,0.3305272161960602,-0.0308703836053609,-0.467574027902393,3843.312507200001,25.4843707999994,554.3984966000085,-0.44207667362412795
20.718749988,2026-05-04T22:12:29.226562Z,2026-05-04T22:13:30.650624988Z,0.9402485489845276,0.3297823667526245,-0.0454783588647842,-0.47716932008205903,3838.7812542000006,28.031249399999922,513.2969845000141,-0.4729594678072044
20.726562488,2026-05-04T22:12:29.234375Z,2026-05-04T22:13:30.658437488Z,0.9402329325675964,0.3294254839420319,-0.0605322644114494,-0.48434877326291903,3836.0468792000006,28.421874399999933,442.0079220000126,-0.484956710308311
20.734374988,2026-05-04T22:12:29.242187Z,2026-05-04T22:13:30.666249988Z,0.9415451884269714,0.3297668695449829,-0.0772007331252098,-0.5134106838544692,3833.3125042000006,28.81249939999994,370.7188595000111,-0.49695395280941757
20.742187488,2026-05-04T22:12:29.250000Z,2026-05-04T22:13:30.674062488Z,0.9433261156082152,0.3293789327144623,-0.0915011763572692,-0.5454352834222789,3830.5781292,29.203124399999947,299.42979700000956,-0.5089511953105241
20.749999988,2026-05-04T22:12:29.257812Z,2026-05-04T22:13:30.681874988Z,0.9435448050498962,0.3278271555900574,-0.1041101664304733,-0.5557355025394987,3827.8437542,29.593749399999957,228.14073450000805,-0.5209484378116308
20.757812488,2026-05-04T22:12:29.265625Z,2026-05-04T22:13:30.689687488Z,0.9439509510993958,0.3272219598293304,-0.1154582500457764,-0.5523363374823991,3825.1093792,29.984374399999965,156.85167200000652,-0.5329456803127374
20.765624988,2026-05-04T22:12:29.273437Z,2026-05-04T22:13:30.697499988Z,0.9409202933311462,0.3273616135120392,-0.126498818397522,-0.5530046469713544,3819.7500084000003,23.43751050000048,86.87510740000491,-0.5189027910331183
20.773437488,2026-05-04T22:12:29.281250Z,2026-05-04T22:13:30.705312488Z,0.9433729648590088,0.3280444145202637,-0.1318807005882263,-0.533029258548773,3814.2812584000003,16.601573000000336,16.95323240000342,-0.5037748528623441
20.781249988,2026-05-04T22:12:29.289062Z,2026-05-04T22:13:30.713124988Z,0.9453256726264954,0.3282616436481476,-0.1331415921449661,-0.508458334014775,3808.8125084000003,9.765635500000188,-52.96864259999808,-0.4886469146915699
20.789062488,2026-05-04T22:12:29.296875Z,2026-05-04T22:13:30.720937488Z,0.9439353346824646,0.328587532043457,-0.1334030032157898,-0.5226451007694224,3803.3437584,2.929698000000043,-122.89051759999957,-0.47351897652079566
20.796874988,2026-05-04T22:12:29.304687Z,2026-05-04T22:13:30.728749988Z,0.9427949190139772,0.3303875625133514,-0.1319114565849304,-0.530745422119323,3797.8750084,-3.9062395000001024,-192.81239260000106,-0.45839103835002143
20.804687488,2026-05-04T22:12:29.312500Z,2026-05-04T22:13:30.736562488Z,0.9420294761657716,0.3316445052623749,-0.1284209191799164,-0.5392439339633643,3789.9453254000005,-6.148435399999948,-253.21865999999775,-0.4479887515832908
20.812499988,2026-05-04T22:12:29.320312Z,2026-05-04T22:13:30.744374988Z,0.9418264031410216,0.3326376378536224,-0.1241922825574875,-0.5434300534615556,3781.546887900001,-7.5156228999998556,-311.8124099999938,-0.43848659918067195
20.820312488,2026-05-04T22:12:29.328125Z,2026-05-04T22:13:30.752187488Z,0.9409359097480774,0.3315514028072357,-0.117857038974762,-0.5579439526582219,3773.1484504000014,-8.882810399999762,-370.4061599999898,-0.42898444677805303
20.828124988,2026-05-04T22:12:29.335937Z,2026-05-04T22:13:30.759999988Z,0.9414671063423156,0.3321255445480347,-0.1098918467760086,-0.5567311331149934,3764.750012900002,-10.24999789999967,-428.9999099999859,-0.41948229437543416
20.835937488,2026-05-04T22:12:29.343750Z,2026-05-04T22:13:30.767812488Z,0.9397799372673036,0.333056628704071,-0.1006965190172195,-0.5312825271531351,3756.3515754000027,-11.617185399999578,-487.5936599999819,-0.4099801419728153
20.843749988,2026-05-04T22:12:29.351562Z,2026-05-04T22:13:30.775624988Z,0.940311074256897,0.3341118097305298,-0.0861500427126884,-0.5264305139499901,3756.109370499999,-11.578125900000183,-522.562460399992,-0.42335308032259716
20.851562488,2026-05-04T22:12:29.359375Z,2026-05-04T22:13:30.783437488Z,0.9394049644470216,0.3348721861839294,-0.0678823813796043,-0.5036090413094282,3759.039057999999,-10.99218840000017,-548.3437103999925,-0.44562195507651836
20.859374988,2026-05-04T22:12:29.367187Z,2026-05-04T22:13:30.791249988Z,0.939123809337616,0.3356325626373291,-0.0485383421182632,-0.49126069701146163,3761.9687454999994,-10.406250900000158,-574.124960399993,-0.46789082983043956
20.867187488,2026-05-04T22:12:29.375000Z,2026-05-04T22:13:30.799062488Z,0.9370929598808287,0.335523933172226,-0.0310087744146585,-0.4604776069296654,3764.8984329999994,-9.820313400000146,-599.9062103999936,-0.49015970458436076
20.874999988,2026-05-04T22:12:29.382812Z,2026-05-04T22:13:30.806874988Z,0.9359993934631348,0.3352601230144501,-0.0140788983553648,-0.44319345414829814,3767.8281204999994,-9.234375900000133,-625.6874603999942,-0.5124285793382819
20.882812488,2026-05-04T22:12:29.390625Z,2026-05-04T22:13:30.814687488Z,0.9378740191459656,0.3348101079463959,0.0028817318379879,-0.46197018918640875,3767.9453152000006,-6.421881600000882,-625.6875264000035,-0.5126061816363529
20.890624988,2026-05-04T22:12:29.398437Z,2026-05-04T22:13:30.822499988Z,0.9384520649909972,0.3335842192173004,0.0217337105423212,-0.46655859926618115,3766.1875027000006,-2.1250066000007903,-608.5000264000032,-0.4980561747075063
20.898437488,2026-05-04T22:12:29.406250Z,2026-05-04T22:13:30.830312488Z,0.9371398091316224,0.3321876227855682,0.0418927185237407,-0.4537476969160935,3764.4296902,2.171868399999301,-591.3125264000028,-0.4835061677786598
20.906249988,2026-05-04T22:12:29.414062Z,2026-05-04T22:13:30.838124988Z,0.9359525442123412,0.3322186470031738,0.062759056687355,-0.4534569451342641,3762.6718777,6.468743399999393,-574.1250264000024,-0.4689561608498133
20.914062488,2026-05-04T22:12:29.421875Z,2026-05-04T22:13:30.845937488Z,0.9367961287498474,0.3324514329433441,0.085732027888298,-0.48353614946092865,3760.9140652,10.765618399999484,-556.9375264000021,-0.4544061539209668
20.921874988,2026-05-04T22:12:29.429687Z,2026-05-04T22:13:30.853749988Z,0.935577630996704,0.3316600322723389,0.1081514284014702,-0.4915569217868707,3762.4374921999997,15.62499159999946,-524.2813259000048,-0.44618862939838416
20.929687488,2026-05-04T22:12:29.437500Z,2026-05-04T22:13:30.861562488Z,0.9377647042274476,0.3303099870681763,0.1286948472261429,-0.5386491061705518,3767.5156171999997,21.093741599999575,-474.8672634000038,-0.4448313363659414
20.937499988,2026-05-04T22:12:29.445312Z,2026-05-04T22:13:30.869374988Z,0.937952160835266,0.3288668394088745,0.1442869454622269,-0.5585553116257784,3772.5937421999997,26.562491599999692,-425.4532009000028,-0.44347404333349866
20.945312488,2026-05-04T22:12:29.453125Z,2026-05-04T22:13:30.877187488Z,0.9352495670318604,0.3277961313724518,0.1570035815238953,-0.5450821714343637,3777.6718671999997,32.03124159999981,-376.0391384000017,-0.44211675030105596
20.953124988,2026-05-04T22:12:29.460937Z,2026-05-04T22:13:30.884999988Z,0.9369367361068726,0.327284038066864,0.1725803017616272,-0.5333089286647462,3782.7499921999997,37.49999159999992,-326.6250759000007,-0.4407594572686132
20.960937488,2026-05-04T22:12:29.468750Z,2026-05-04T22:13:30.892812488Z,0.938405215740204,0.3260115683078766,0.1880032420158386,-0.4908192906645745,3787.3359318,40.01562920000006,-268.77354940000174,-0.44139822491675484
20.968749988,2026-05-04T22:12:29.476562Z,2026-05-04T22:13:30.900624988Z,0.9378584027290344,0.3253598511219025,0.2014579623937607,-0.47055283494053174,3791.0468693,37.28125420000025,-195.92198690000666,-0.4455855685430517
20.976562488,2026-05-04T22:12:29.484375Z,2026-05-04T22:13:30.908437488Z,0.9358431696891784,0.3267564177513123,0.2119449526071548,-0.4635834689229839,3794.7578067999993,34.54687920000043,-123.07042440001159,-0.44977291216934856
20.984374988,2026-05-04T22:12:29.492187Z,2026-05-04T22:13:30.916249988Z,0.9375772476196288,0.3274081647396088,0.2223089188337326,-0.41635411651228327,3798.4687442999993,31.81250420000062,-50.218861900016506,-0.4539602557956455
20.992187488,2026-05-04T22:12:29.500000Z,2026-05-04T22:13:30.924062488Z,0.9361556172370912,0.3257943391799927,0.2304432541131973,-0.41774421704418035,3802.179681799999,29.078129200000806,22.63270059997858,-0.45814759942194233
20.999999988,2026-05-04T22:12:29.507812Z,2026-05-04T22:13:30.931874988Z,0.9363274574279784,0.3256391584873199,0.2350409328937531,-0.40484796689031377,3806.499990399998,26.296879500000998,94.82801729997614,-0.4633128887290523
21.007812488,2026-05-04T22:12:29.515625Z,2026-05-04T22:13:30.939687488Z,0.9361087679862976,0.3281840682029724,0.2344719916582108,-0.3997977795021425,3812.749990399998,23.367192000000934,164.94520479997763,-0.4715750321041281
21.015624988,2026-05-04T22:12:29.523437Z,2026-05-04T22:13:30.947499988Z,0.934609055519104,0.328587532043457,0.2320424467325211,-0.421650008682526,3818.9999903999983,20.437504500000873,235.06239229997914,-0.47983717547920396
21.023437488,2026-05-04T22:12:29.531250Z,2026-05-04T22:13:30.955312488Z,0.936499297618866,0.3275633454322815,0.2313658744096756,-0.4062783684490927,3825.2499903999983,17.50781700000081,305.1795797999806,-0.48809931885427976
21.031249988,2026-05-04T22:12:29.539062Z,2026-05-04T22:13:30.963124988Z,0.9367648959159852,0.3277650773525238,0.228475034236908,-0.4093588662707427,3831.4999903999983,14.578129500000747,375.2967672999821,-0.49636146222935557
21.039062488,2026-05-04T22:12:29.546875Z,2026-05-04T22:13:30.970937488Z,0.93448406457901,0.3302168846130371,0.2223704308271408,-0.44003040606799243,3837.1640603999995,11.906251200000183,442.1796211999899,-0.5009083654488842
21.046874988,2026-05-04T22:12:29.554687Z,2026-05-04T22:13:30.978749988Z,0.933203101158142,0.3320014178752899,0.2158967852592468,-0.46233833757881243,3838.5312479,11.125001200000167,485.34368369999083,-0.4782097778969833
21.054687488,2026-05-04T22:12:29.562500Z,2026-05-04T22:13:30.986562488Z,0.9349527359008788,0.3334600627422333,0.2084544152021408,-0.45391034926366214,3839.8984354,10.343751200000149,528.5077461999917,-0.4555111903450824
21.062499988,2026-05-04T22:12:29.570312Z,2026-05-04T22:13:30.994374988Z,0.9359837770462036,0.3333980143070221,0.1973523497581482,-0.46716230749662924,3841.2656229,9.562501200000133,571.6718086999927,-0.4328126027931815
21.070312488,2026-05-04T22:12:29.578125Z,2026-05-04T22:13:31.002187488Z,0.9338123202323914,0.3338169753551483,0.1800841838121414,-0.5260053876474404,3842.6328104,8.781251200000115,614.8358711999936,-0.41011401524128066
21.078124988,2026-05-04T22:12:29.585937Z,2026-05-04T22:13:31.009999988Z,0.9332187175750732,0.3335686922073364,0.1615243554115295,-0.5545532270447373,3843.9999979,8.0000012000001,657.9999336999945,-0.38741542768937975
21.085937488,2026-05-04T22:12:29.593750Z,2026-05-04T22:13:31.017812488Z,0.9344059824943542,0.3334290385246277,0.1440870463848114,-0.5376780512946623,3843.2187512,6.437502400000166,664.4453025999993,-0.3861923007633744
21.093749988,2026-05-04T22:12:29.601562Z,2026-05-04T22:13:31.025624988Z,0.9360619187355042,0.3331186771392822,0.1278798878192902,-0.530707043122981,3842.4375012,4.875002400000132,670.8906150999994,-0.3849692068237299
21.101562488,2026-05-04T22:12:29.609375Z,2026-05-04T22:13:31.033437488Z,0.9359837770462036,0.3346239030361176,0.1108885034918785,-0.513815264647716,3841.6562512,3.3125024000000987,677.3359275999996,-0.3837461128840855
21.109374988,2026-05-04T22:12:29.617187Z,2026-05-04T22:13:31.041249988Z,0.9349215030670166,0.3348877131938934,0.0935588255524635,-0.48365666327435575,3840.8750012,1.7500024000000654,683.7812400999998,-0.3825230189444411
21.117187488,2026-05-04T22:12:29.625000Z,2026-05-04T22:13:31.049062488Z,0.934374749660492,0.3335066139698029,0.075122021138668,-0.45464581410688953,3840.0937512,0.18750240000003204,690.2265525999999,-0.3812999250047966
21.124999988,2026-05-04T22:12:29.632812Z,2026-05-04T22:13:31.056874988Z,0.938045859336853,0.3335531949996948,0.0548707544803619,-0.48166336577200336,3841.2031229,4.296867500000004,664.1875468,-0.3891249520806657
21.132812488,2026-05-04T22:12:29.640625Z,2026-05-04T22:13:31.064687488Z,0.9382333755493164,0.3328703939914703,0.032682005316019,-0.4703773979281692,3842.5703104,9.179680000000108,633.7187967999993,-0.3981838317871863
21.140624988,2026-05-04T22:12:29.648437Z,2026-05-04T22:13:31.072499988Z,0.9378740191459656,0.3306979238986969,0.0108469221740961,-0.45244023784522386,3843.9374979,14.06249250000021,603.2500467999987,-0.40724271149370694
21.148437488,2026-05-04T22:12:29.656250Z,2026-05-04T22:13:31.080312488Z,0.9411234259605408,0.3287892639636993,-0.0079589243978261,-0.4812896952951726,3845.3046854,18.945305000000314,572.781296799998,-0.4163015912002276
21.156249988,2026-05-04T22:12:29.664062Z,2026-05-04T22:13:31.088124988Z,0.9403891563415528,0.328572005033493,-0.0264111068099737,-0.4758630291962728,3846.6718729,23.82811750000042,542.3125467999973,-0.42536047090674817
21.164062488,2026-05-04T22:12:29.671875Z,2026-05-04T22:13:31.095937488Z,0.937936544418335,0.3290530443191528,-0.0435716360807418,-0.456835514004913,3841.9531352,25.296874400000014,488.24228199999754,-0.44051049054193725
21.171874988,2026-05-04T22:12:29.679687Z,2026-05-04T22:13:31.103749988Z,0.9411234259605408,0.3291151225566864,-0.056442029774189,-0.5001223217162004,3835.3125102000004,25.68749939999999,426.7188445000017,-0.45758404424741445
21.179687488,2026-05-04T22:12:29.687500Z,2026-05-04T22:13:31.111562488Z,0.9456849694252014,0.3278426826000214,-0.0677593648433685,-0.5544769912605017,3828.671885200001,26.078124399999965,365.19540700000584,-0.47465759795289164
21.187499988,2026-05-04T22:12:29.695312Z,2026-05-04T22:13:31.119374988Z,0.9421544671058656,0.3273771405220032,-0.0828747823834419,-0.5255449253814345,3822.0312602000013,26.468749399999936,303.67196950001,-0.4917311516583688
21.195312488,2026-05-04T22:12:29.703125Z,2026-05-04T22:13:31.127187488Z,0.9413421154022216,0.3279047310352325,-0.0973751172423362,-0.5331018481774974,3815.3906352000017,26.85937439999991,242.14853200001414,-0.508804705363846
21.203124988,2026-05-04T22:12:29.710937Z,2026-05-04T22:13:31.134999988Z,0.9433104395866394,0.326927125453949,-0.1079697459936142,-0.5604743967677079,3810.625005700001,24.8750051000008,175.37510710001678,-0.5065625543670426
21.210937488,2026-05-04T22:12:29.718750Z,2026-05-04T22:13:31.142812488Z,0.9449039101600648,0.3270512819290161,-0.1151814758777618,-0.5330761743527763,3806.9140682000007,21.554692600000728,105.6485446000153,-0.49345524704112786
21.218749988,2026-05-04T22:12:29.726562Z,2026-05-04T22:13:31.150624988Z,0.9431073665618896,0.3275323212146759,-0.1211322993040085,-0.5435873225296498,3803.2031307000007,18.23438010000066,35.9219821000138,-0.48034793971521317
21.226562488,2026-05-04T22:12:29.734375Z,2026-05-04T22:13:31.158437488Z,0.942560613155365,0.3289444148540497,-0.1245920807123184,-0.5396377483084692,3799.4921932000007,14.914067600000587,-33.80458039998769,-0.46724063238929847
21.234374988,2026-05-04T22:12:29.742187Z,2026-05-04T22:13:31.166249988Z,0.9436072707176208,0.3297358155250549,-0.1240231394767761,-0.5257771093497547,3795.7812557000007,11.593755100000518,-103.53114289998918,-0.4541333250633838
21.242187488,2026-05-04T22:12:29.750000Z,2026-05-04T22:13:31.174062488Z,0.9420138597488404,0.3303255140781403,-0.1222701817750931,-0.5438085978706295,3792.8828158,7.664069400000603,-166.4530379999924,-0.4517468375700791
21.249999988,2026-05-04T22:12:29.757812Z,2026-05-04T22:13:31.181874988Z,0.9437634944915771,0.3317065834999084,-0.1182107031345367,-0.5240204535511781,3790.7343783,3.171881900000507,-223.0936629999936,-0.4592565523602393
21.257812488,2026-05-04T22:12:29.765625Z,2026-05-04T22:13:31.189687488Z,0.9415608048439026,0.3322962522506714,-0.1141512244939804,-0.5514748202757549,3788.5859408,-1.3203055999995892,-279.7342879999948,-0.46676626715039954
21.265624988,2026-05-04T22:12:29.773437Z,2026-05-04T22:13:31.197499988Z,0.939358115196228,0.3333514630794525,-0.1093382835388184,-0.5463116930430493,3786.4375033,-5.812493099999685,-336.374912999996,-0.47427598194055975
21.273437488,2026-05-04T22:12:29.781250Z,2026-05-04T22:13:31.205312488Z,0.9390769004821776,0.3337859511375427,-0.1021880656480789,-0.5365931044951038,3784.2890658,-10.30468059999978,-393.0155379999972,-0.48178569673071997
21.281249988,2026-05-04T22:12:29.789062Z,2026-05-04T22:13:31.213124988Z,0.940795361995697,0.3339566290378571,-0.0909783616662025,-0.5449612812087254,3782.2968777,-12.921875300000005,-439.26557789999913,-0.4893139925943203
21.289062488,2026-05-04T22:12:29.796875Z,2026-05-04T22:13:31.220937488Z,0.9399048686027528,0.3343445956707001,-0.0779541954398155,-0.5244517574393512,3780.5390652,-12.726562800000002,-469.9296403999998,-0.4968701602464598
21.296874988,2026-05-04T22:12:29.804687Z,2026-05-04T22:13:31.228749988Z,0.9383583068847656,0.3352911770343781,-0.0625773817300796,-0.499038830515787,3778.7812527,-12.531250299999996,-500.59370290000044,-0.5044263278985993
21.304687488,2026-05-04T22:12:29.812500Z,2026-05-04T22:13:31.236562488Z,0.9397643208503724,0.3367187976837158,-0.0442328378558158,-0.5101760575235416,3777.0234402,-12.335937799999993,-531.2577654000011,-0.5119824955507388
21.312499988,2026-05-04T22:12:29.820312Z,2026-05-04T22:13:31.244374988Z,0.9363586902618408,0.3369050025939941,-0.027333715930581,-0.46595514755581585,3775.2656277,-12.14062529999999,-561.9218279000017,-0.5195386632028783
21.320312488,2026-05-04T22:12:29.828125Z,2026-05-04T22:13:31.252187488Z,0.9350621104240416,0.3350118398666382,-0.0095888692885637,-0.4400537089271157,3773.726564,-11.12500479999983,-582.5234455999997,-0.5232689409887092
21.328124988,2026-05-04T22:12:29.835937Z,2026-05-04T22:13:31.259999988Z,0.9381240010261536,0.3345308005809784,0.0076331682503223,-0.4729372607287882,3772.7500015,-8.000004800000042,-577.2500081000001,-0.5171611413045578
21.335937488,2026-05-04T22:12:29.843750Z,2026-05-04T22:13:31.267812488Z,0.9393893480300904,0.3342825174331665,0.0231022462248802,-0.4894915993874299,3771.773439,-4.875004800000252,-571.9765706000004,-0.5110533416204064
21.343749988,2026-05-04T22:12:29.851562Z,2026-05-04T22:13:31.275624988Z,0.9360619187355042,0.3330255746841431,0.0408624708652496,-0.45340887658325996,3770.7968765,-1.7500048000004638,-566.7031331000007,-0.504945541936255
21.351562488,2026-05-04T22:12:29.859375Z,2026-05-04T22:13:31.283437488Z,0.9370617270469666,0.3312100172042847,0.0636201649904251,-0.47125416690947425,3769.820314,1.3749951999993253,-561.4296956000012,-0.4988377422521036
21.359374988,2026-05-04T22:12:29.867187Z,2026-05-04T22:13:31.291249988Z,0.9376084804534912,0.3302789330482483,0.0857627764344215,-0.4929277406981951,3769.781242499999,4.749992799998738,-549.9688175000118,-0.4936212737427601
21.367187488,2026-05-04T22:12:29.875000Z,2026-05-04T22:13:31.299062488Z,0.9369367361068726,0.3319238126277924,0.104368731379509,-0.5121184262881281,3774.664054999999,9.43749279999884,-506.0235050000109,-0.49308434738155194
21.374999988,2026-05-04T22:12:29.882812Z,2026-05-04T22:13:31.306874988Z,0.936749279499054,0.3313341438770294,0.1223903596401215,-0.5307312442335547,3779.546867499999,14.124992799998939,-462.07819250000995,-0.4925474210203437
21.382812488,2026-05-04T22:12:29.890625Z,2026-05-04T22:13:31.314687488Z,0.9379990100860596,0.327858179807663,0.1401813328266144,-0.5571860188965271,3784.429679999999,18.81249279999904,-418.13288000000904,-0.49201049465913554
21.390624988,2026-05-04T22:12:29.898437Z,2026-05-04T22:13:31.322499988Z,0.937811553478241,0.3257322609424591,0.1544664055109024,-0.5538259223661891,3789.3124924999993,23.49999279999914,-374.1875675000081,-0.4914735682979273
21.398437488,2026-05-04T22:12:29.906250Z,2026-05-04T22:13:31.330312488Z,0.9355932474136353,0.3256081342697144,0.1661681681871414,-0.5584815609220845,3794.2187415999992,27.796882800000827,-329.3672886000107,-0.4912699205420539
21.406249988,2026-05-04T22:12:29.914062Z,2026-05-04T22:13:31.338124988Z,0.9379209280014038,0.3267874717712402,0.1798073947429657,-0.5017033635230407,3799.6874915999992,22.718757800000716,-263.5469761000093,-0.4990652792739956
21.414062488,2026-05-04T22:12:29.921875Z,2026-05-04T22:13:31.345937488Z,0.9375147223472596,0.3255770802497864,0.1935696452856064,-0.48219486012972973,3805.1562415999992,17.64063280000061,-197.7266636000079,-0.5068606380059373
21.421874988,2026-05-04T22:12:29.929687Z,2026-05-04T22:13:31.353749988Z,0.9375147223472596,0.3258253633975983,0.2051637768745422,-0.4552292772421693,3810.6249915999992,12.562507800000501,-131.90635110000648,-0.514655996737879
21.429687488,2026-05-04T22:12:29.937500Z,2026-05-04T22:13:31.361562488Z,0.9380927681922911,0.3260581493377686,0.2150203138589859,-0.42486089300124547,3816.0937415999997,7.484382800000392,-66.08603860000508,-0.5224513554698207
21.437499988,2026-05-04T22:12:29.945312Z,2026-05-04T22:13:31.369374988Z,0.9351558089256288,0.3254374265670776,0.2207866162061691,-0.44599426881760657,3821.5624915999997,2.406257800000284,-0.2657261000036689,-0.5302467142017624
21.445312488,2026-05-04T22:12:29.953125Z,2026-05-04T22:13:31.377187488Z,0.9365618228912354,0.3271133303642273,0.2240618765354156,-0.41609279060062215,3824.1562464,0.9218768000000406,67.53114559999764,-0.5300770773521543
21.453124988,2026-05-04T22:12:29.960937Z,2026-05-04T22:13:31.384999988Z,0.9384676814079284,0.3281064629554749,0.2262453883886337,-0.3859297450125783,3826.4999964,-0.24999819999998452,135.4998955999991,-0.529214817736648
21.460937488,2026-05-04T22:12:29.968750Z,2026-05-04T22:13:31.392812488Z,0.9354838728904724,0.3281064629554749,0.2252458930015564,-0.42167558810422556,3828.8437464,-1.4218732000000096,203.46864560000054,-0.5283525581211418
21.468749988,2026-05-04T22:12:29.976562Z,2026-05-04T22:13:31.400624988Z,0.9339216947555542,0.3279202580451965,0.2223704308271408,-0.44699147480611495,3831.1874964,-2.5937482000000345,271.437395600002,-0.5274902985056356
21.476562488,2026-05-04T22:12:29.984375Z,2026-05-04T22:13:31.408437488Z,0.9345309734344482,0.3286030292510986,0.2181418091058731,-0.4478223328862404,3833.5312464000003,-3.76562320000006,339.4061456000034,-0.5266280388901293
21.484374988,2026-05-04T22:12:29.992187Z,2026-05-04T22:13:31.416249988Z,0.9363274574279784,0.3312100172042847,0.2141438275575638,-0.42676837798340767,3835.4062473,-3.3750011999999994,390.03117890000004,-0.5089071373417531
21.492187488,2026-05-04T22:12:30.000000Z,2026-05-04T22:13:31.424062488Z,0.9351245760917664,0.3333204090595245,0.2080546170473099,-0.4453879847580959,3837.1640598,-2.593751200000052,436.3202413999969,-0.4869715348493425
21.499999988,2026-05-04T22:12:30.007812Z,2026-05-04T22:13:31.431874988Z,0.9349995851516724,0.3337548971176147,0.200704500079155,-0.46113300547070374,3838.9218723,-1.8125012000001048,482.6093038999938,-0.46503593235693197
21.507812488,2026-05-04T22:12:30.015625Z,2026-05-04T22:13:31.439687488Z,0.9342653751373292,0.3335997462272644,0.1894794106483459,-0.49380901838668095,3840.6796847999994,-1.0312512000001575,528.8983663999907,-0.4431003298645214
21.515624988,2026-05-04T22:12:30.023437Z,2026-05-04T22:13:31.447499988Z,0.934031069278717,0.3350428938865662,0.172995463013649,-0.5242305400635022,3842.4374972999994,-0.2500012000002103,575.1874288999875,-0.4211647273721108
21.523437488,2026-05-04T22:12:30.031250Z,2026-05-04T22:13:31.455312488Z,0.9322969913482666,0.3350428938865662,0.1548969596624374,-0.5468206310990472,3842.4687512,0.5312487999997841,600.8906003999956,-0.41023153015773894
21.531249988,2026-05-04T22:12:30.039062Z,2026-05-04T22:13:31.463124988Z,0.9354682564735411,0.3337548971176147,0.1403966099023819,-0.5537554375510713,3841.6875012,1.3124987999998008,616.906225399996,-0.4044759719750217
21.539062488,2026-05-04T22:12:30.046875Z,2026-05-04T22:13:31.470937488Z,0.9359525442123412,0.3333514630794525,0.1242509558796883,-0.5341798544686567,3840.9062512,2.0937487999998172,632.9218503999963,-0.39872041379230444
21.546874988,2026-05-04T22:12:30.054687Z,2026-05-04T22:13:31.478749988Z,0.9346715211868286,0.3348877131938934,0.1066598743200302,-0.5034112658249755,3840.1250012,2.874998799999834,648.9374753999966,-0.3929648556095872
21.554687488,2026-05-04T22:12:30.062500Z,2026-05-04T22:13:31.486562488Z,0.9342966079711914,0.3354308307170868,0.0898222625255584,-0.48305914214364604,3839.3437512,3.6562487999998505,664.953100399997,-0.38720929742687
21.562499988,2026-05-04T22:12:30.070312Z,2026-05-04T22:13:31.494374988Z,0.9358744621276855,0.3342669904232025,0.0736919790506362,-0.48183314427659546,3839.1093747,5.859369899999437,658.1094131000042,-0.39045890625039537
21.570312488,2026-05-04T22:12:30.078125Z,2026-05-04T22:13:31.502187488Z,0.93876451253891,0.3333514630794525,0.0551167801022529,-0.4976837320706258,3839.3046872,9.179682399999507,633.3047256000037,-0.4007840475430352
21.578124988,2026-05-04T22:12:30.085937Z,2026-05-04T22:13:31.509999988Z,0.9379677772521972,0.3315979540348053,0.0335277281701564,-0.47090132989773065,3839.4999997,12.499994899999578,608.5000381000032,-0.41110918883567504
21.585937488,2026-05-04T22:12:30.093750Z,2026-05-04T22:13:31.517812488Z,0.9389363527297974,0.3306203484535217,0.0127997789531946,-0.4724968669390295,3839.6953122,15.820307399999649,583.6953506000026,-0.4214343301283149
21.593749988,2026-05-04T22:12:30.101562Z,2026-05-04T22:13:31.525624988Z,0.9377647042274476,0.3291306495666504,-0.0067595336586236,-0.45274652592325715,3839.8906247,19.14061989999972,558.8906631000021,-0.4317594714209547
21.601562488,2026-05-04T22:12:30.109375Z,2026-05-04T22:13:31.533437488Z,0.9410609006881714,0.3290840983390808,-0.0227360483258962,-0.49284160866136806,3838.9687536,22.632806799999766,523.2578884000031,-0.44752561431226506
21.609374988,2026-05-04T22:12:30.117187Z,2026-05-04T22:13:31.541249988Z,0.9433417320251464,0.3283858001232147,-0.0365290492773056,-0.5204723865296725,3836.6250036,26.343744299999845,473.84382590000206,-0.47021671149758587
21.617187488,2026-05-04T22:12:30.125000Z,2026-05-04T22:13:31.549062488Z,0.9410296678543092,0.3279823362827301,-0.0518597364425659,-0.5000762549296713,3834.2812536,30.054681799999923,424.42976340000104,-0.49290780868290673
21.624999988,2026-05-04T22:12:30.132812Z,2026-05-04T22:13:31.556874988Z,0.9422793984413148,0.3275788724422455,-0.0648223981261253,-0.5208728973356467,3831.9375036,33.765619300000004,375.01570089999996,-0.5155989058682277
21.632812488,2026-05-04T22:12:30.140625Z,2026-05-04T22:13:31.564687488Z,0.9425137639045716,0.3271598815917969,-0.0769239515066146,-0.5316339063364807,3829.5937536,37.47655680000008,325.60163839999893,-0.5382900030535485
21.640624988,2026-05-04T22:12:30.148437Z,2026-05-04T22:13:31.572499988Z,0.943622887134552,0.3268340229988098,-0.0878568664193153,-0.5529841808636592,3826.0000096,39.00000479999995,271.062600499999,-0.5474316561094194
21.648437488,2026-05-04T22:12:30.156250Z,2026-05-04T22:13:31.580312488Z,0.942779302597046,0.326927125453949,-0.099220335483551,-0.5556377218751978,3819.7500096000003,35.87500480000016,205.63291300000344,-0.5277805371475763
21.656249988,2026-05-04T22:12:30.164062Z,2026-05-04T22:13:31.588124988Z,0.9433261156082152,0.327252984046936,-0.1077544689178467,-0.5509573150424267,3813.500009600001,32.750004800000376,140.20322550000785,-0.5081294181857333
21.664062488,2026-05-04T22:12:30.171875Z,2026-05-04T22:13:31.595937488Z,0.9441540241241456,0.3275478482246399,-0.1134285181760788,-0.5335538525076815,3807.2500096000012,29.625004800000585,74.77353800001228,-0.4884782992238903
21.671874988,2026-05-04T22:12:30.179687Z,2026-05-04T22:13:31.603749988Z,0.9425449967384338,0.3283702731132507,-0.1164116263389587,-0.544931393406738,3801.0000096000017,26.500004800000795,9.343850500016696,-0.4688271802620473
21.679687488,2026-05-04T22:12:30.187500Z,2026-05-04T22:13:31.611562488Z,0.9422637820243835,0.3290530443191528,-0.1156427711248398,-0.5466222245193625,3795.7656268000005,22.3593876000025,-55.42177959998107,-0.4545585597732841
21.687499988,2026-05-04T22:12:30.195312Z,2026-05-04T22:13:31.619374988Z,0.9441697001457214,0.3302323818206787,-0.1120907366275787,-0.5248488926003106,3794.5937518000005,14.156262600002325,-117.5311545999824,-0.4618201398664105
21.695312488,2026-05-04T22:12:30.203125Z,2026-05-04T22:13:31.627187488Z,0.9422481656074524,0.3327152132987976,-0.1104607880115509,-0.538657238967043,3793.4218768000005,5.953137600002152,-179.64052959998372,-0.469081719959537
21.703124988,2026-05-04T22:12:30.210937Z,2026-05-04T22:13:31.634999988Z,0.9399986267089844,0.3338169753551483,-0.107493057847023,-0.5610075307114278,3792.2500018,-2.249987399998022,-241.74990459998503,-0.47634330005266345
21.710937488,2026-05-04T22:12:30.218750Z,2026-05-04T22:13:31.642812488Z,0.9399986267089844,0.3327152132987976,-0.1007733941078186,-0.548995404665161,3791.0781268,-10.453112399998197,-303.85927959998634,-0.4836048801457899
21.718749988,2026-05-04T22:12:30.226562Z,2026-05-04T22:13:31.650624988Z,0.941373348236084,0.333056628704071,-0.0929465964436531,-0.5577419228707297,3789.593757800001,-17.98437530000004,-363.70307309999333,-0.4899525174350674
21.726562488,2026-05-04T22:12:30.234375Z,2026-05-04T22:13:31.658437488Z,0.93876451253891,0.3347325325012207,-0.084227941930294,-0.5267157336657902,3784.5156328000007,-17.789062800000035,-397.492135599994,-0.4857895931295692
21.734374988,2026-05-04T22:12:30.242187Z,2026-05-04T22:13:31.666249988Z,0.9378584027290344,0.3361446261405945,-0.0711115151643753,-0.5110540916370218,3779.4375078000007,-17.593750300000032,-431.28119809999475,-0.48162666882407107
21.742187488,2026-05-04T22:12:30.250000Z,2026-05-04T22:13:31.674062488Z,0.9386707544326782,0.3362067043781281,-0.0544276684522628,-0.5090364660177689,3774.3593828000007,-17.398437800000025,-465.07026059999544,-0.4774637445185729
21.749999988,2026-05-04T22:12:30.257812Z,2026-05-04T22:13:31.681874988Z,0.9382020831108092,0.3360980749130249,-0.038235880434513,-0.49504426174545374,3769.2812578000007,-17.20312530000002,-498.8593230999962,-0.4733008202130747
21.757812488,2026-05-04T22:12:30.265625Z,2026-05-04T22:13:31.689687488Z,0.9380927681922911,0.3371067345142365,-0.0233357418328523,-0.4932568381039699,3764.2031328000003,-17.007812800000018,-532.6483855999969,-0.46913789590757654
21.765624988,2026-05-04T22:12:30.273437Z,2026-05-04T22:13:31.697499988Z,0.9374054074287416,0.336222231388092,-0.0077744033187627,-0.4795102276976515,3764.9374985,-10.250010800000494,-535.1249981999999,-0.4726081226704692
21.773437488,2026-05-04T22:12:30.281250Z,2026-05-04T22:13:31.705312488Z,0.935671329498291,0.3343911468982697,0.0083251241594552,-0.4527167340660858,3765.914061,-3.218760800000344,-536.2968731999999,-0.47639641011648437
21.781249988,2026-05-04T22:12:30.289062Z,2026-05-04T22:13:31.713124988Z,0.9387957453727722,0.333972156047821,0.0277614220976829,-0.490570793254958,3766.8906235,3.8124891999998063,-537.4687481999999,-0.48018469756249954
21.789062488,2026-05-04T22:12:30.296875Z,2026-05-04T22:13:31.720937488Z,0.936749279499054,0.3327307403087616,0.0455677770078182,-0.4702349345222996,3767.867186,10.843739199999957,-538.6406231999999,-0.4839729850085147
21.796874988,2026-05-04T22:12:30.304687Z,2026-05-04T22:13:31.728749988Z,0.9350621104240416,0.3319393396377563,0.0630819723010063,-0.4589338104614619,3768.8437485,17.87498920000011,-539.8124982,-0.4877612724545299
21.804687488,2026-05-04T22:12:30.312500Z,2026-05-04T22:13:31.736562488Z,0.9377490878105164,0.3318772614002228,0.0824413895606994,-0.5052158840626297,3770.9687464,20.31249759999994,-511.78130160000126,-0.4839778497692045
21.812499988,2026-05-04T22:12:30.320312Z,2026-05-04T22:13:31.744374988Z,0.940420389175415,0.3305427432060242,0.1025542691349983,-0.551507329160496,3773.3124964,21.874997599999833,-478.18755160000353,-0.47875218010000714
21.820312488,2026-05-04T22:12:30.328125Z,2026-05-04T22:13:31.752187488Z,0.937702178955078,0.3279823362827301,0.1201299726963043,-0.5327572030691279,3775.6562463999994,23.43749759999973,-444.5938016000058,-0.4735265104308098
21.828124988,2026-05-04T22:12:30.335937Z,2026-05-04T22:13:31.759999988Z,0.9355620145797728,0.3278892338275909,0.1352453827857971,-0.5296362897571623,3777.9999963999994,24.999997599999624,-411.0000516000081,-0.46830084076161244
21.835937488,2026-05-04T22:12:30.343750Z,2026-05-04T22:13:31.767812488Z,0.9374834895133972,0.3273616135120392,0.150437667965889,-0.5504844974342032,3780.3437463999994,26.562497599999517,-377.40630160001035,-0.4630751710924151
21.843749988,2026-05-04T22:12:30.351562Z,2026-05-04T22:13:31.775624988Z,0.9388113617897034,0.3267098665237427,0.1637847572565079,-0.5146313724499803,3784.9374915999983,25.734377700000547,-325.81259000001825,-0.46621255369022474
21.851562488,2026-05-04T22:12:30.359375Z,2026-05-04T22:13:31.783437488Z,0.9374366402626038,0.325406402349472,0.1743178814649582,-0.5157007355857777,3790.4062415999983,23.97656520000051,-267.218840000017,-0.4726022591713427
21.859374988,2026-05-04T22:12:30.367187Z,2026-05-04T22:13:31.791249988Z,0.9382176995277404,0.3244908452033997,0.1858658641576767,-0.4873818711864071,3795.8749915999983,22.218752700000472,-208.62509000001577,-0.4789919646524607
21.867187488,2026-05-04T22:12:30.375000Z,2026-05-04T22:13:31.799062488Z,0.9378740191459656,0.3242735862731934,0.1966296434402466,-0.4689342582050254,3801.343741599999,20.460940200000437,-150.03134000001452,-0.4853816701335787
21.874999988,2026-05-04T22:12:30.382812Z,2026-05-04T22:13:31.806874988Z,0.938155233860016,0.3258564174175262,0.2059479951858521,-0.43868499098344904,3806.812491599999,18.703127700000397,-91.43759000001327,-0.49177137561469664
21.882812488,2026-05-04T22:12:30.390625Z,2026-05-04T22:13:31.814687488Z,0.936264991760254,0.3277029991149902,0.2132827341556549,-0.43528927300914483,3810.7578079999994,15.890630400000722,-28.74228800001343,-0.5024969205123673
21.890624988,2026-05-04T22:12:30.398437Z,2026-05-04T22:13:31.822499988Z,0.9354838728904724,0.3274236917495728,0.2183878421783447,-0.4327094556187261,3813.6874954999994,12.375005400000646,36.68739949998796,-0.5161130435207045
21.898437488,2026-05-04T22:12:30.406250Z,2026-05-04T22:13:31.830312488Z,0.937233567237854,0.3275633454322815,0.2190336585044861,-0.41158913710464157,3816.6171829999994,8.859380400000571,102.11708699998935,-0.5297291665290418
21.906249988,2026-05-04T22:12:30.414062Z,2026-05-04T22:13:31.838124988Z,0.9359681606292723,0.3274392187595367,0.2153124660253525,-0.43591756297763307,3819.5468704999994,5.3437554000004965,167.54677449999076,-0.543345289537379
21.914062488,2026-05-04T22:12:30.421875Z,2026-05-04T22:13:31.845937488Z,0.9348434209823608,0.3279978334903717,0.2119910717010498,-0.45418922487930163,3822.476558,1.8281304000004213,232.97646199999215,-0.5569614125457163
21.921874988,2026-05-04T22:12:30.429687Z,2026-05-04T22:13:31.853749988Z,0.935905694961548,0.3294409811496735,0.2107148021459579,-0.4391757886416493,3826.5312418999993,-1.8749939999996146,290.99992319999507,-0.5494544731111759
21.929687488,2026-05-04T22:12:30.437500Z,2026-05-04T22:13:31.861562488Z,0.935218334197998,0.3314737975597382,0.2072703987360001,-0.446389562083145,3831.8046793999997,-5.781243999999698,340.99992319999615,-0.5190640752093081
21.937499988,2026-05-04T22:12:30.445312Z,2026-05-04T22:13:31.869374988Z,0.9344528317451476,0.3340187072753906,0.2011504173278809,-0.45811347913050665,3837.0781168999997,-9.687493999999782,390.99992319999717,-0.48867367730744016
21.945312488,2026-05-04T22:12:30.453125Z,2026-05-04T22:13:31.877187488Z,0.9330312609672546,0.3343290686607361,0.1920473426580429,-0.49237975404369955,3842.3515543999997,-13.593743999999866,440.99992319999825,-0.45828327940557223
21.953124988,2026-05-04T22:12:30.460937Z,2026-05-04T22:13:31.884999988Z,0.9338123202323914,0.3341583609580994,0.1802379488945007,-0.5087263777857101,3847.6249918999997,-17.499993999999948,490.99992319999933,-0.42789288150370436
21.960937488,2026-05-04T22:12:30.468750Z,2026-05-04T22:13:31.892812488Z,0.9358431696891784,0.3346083760261536,0.1665525883436203,-0.5105634391290975,3850.7890634,-17.679697400000155,531.9999615999994,-0.4049158382207595
21.968749988,2026-05-04T22:12:30.476562Z,2026-05-04T22:13:31.900624988Z,0.9347184300422668,0.3349808156490326,0.1510527431964874,-0.5491380624155127,3850.2031259,-11.23438490000059,556.9999615999977,-0.3951181799004779
21.976562488,2026-05-04T22:12:30.484375Z,2026-05-04T22:13:31.908437488Z,0.9333437085151672,0.3352911770343781,0.1349532157182693,-0.5350458102078186,3849.6171884,-4.789072400001025,581.999961599996,-0.3853205215801963
21.984374988,2026-05-04T22:12:30.492187Z,2026-05-04T22:13:31.916249988Z,0.9347652792930604,0.3353066742420197,0.1201145946979523,-0.5300632765440669,3849.0312509,1.6562400999985392,606.9999615999943,-0.3755228632599147
21.992187488,2026-05-04T22:12:30.500000Z,2026-05-04T22:13:31.924062488Z,0.935577630996704,0.3346083760261536,0.1047685295343399,-0.5174623088385262,3848.4453134,8.101552599998104,631.9999615999926,-0.36572520493963306
21.999999988,2026-05-04T22:12:30.507812Z,2026-05-04T22:13:31.931874988Z,0.9344528317451476,0.3339411318302155,0.0871928259730339,-0.4835230570937464,3847.203130100001,14.078118099998472,647.0625252000056,-0.3626955671169361
22.007812488,2026-05-04T22:12:30.515625Z,2026-05-04T22:13:31.939687488Z,0.9372179508209229,0.3342980444431305,0.0697708874940872,-0.5011333159539679,3843.882817600001,18.570305599998566,630.6562752000052,-0.38109817468499957
22.015624988,2026-05-04T22:12:30.523437Z,2026-05-04T22:13:31.947499988Z,0.9386707544326782,0.3331497311592102,0.0529025197029113,-0.5014361262493089,3840.562505100001,23.06249309999866,614.2500252000049,-0.39950078225306296
22.023437488,2026-05-04T22:12:30.531250Z,2026-05-04T22:13:31.955312488Z,0.9370929598808287,0.3318307101726532,0.034081295132637,-0.469332316749747,3837.242192600001,27.554680599998758,597.8437752000045,-0.41790338982112635
22.031249988,2026-05-04T22:12:30.539062Z,2026-05-04T22:13:31.963124988Z,0.9377803206443788,0.3311013877391815,0.0155676063150167,-0.4690071965399991,3833.9218801000006,32.04686809999885,581.4375252000042,-0.4363059973891898
22.039062488,2026-05-04T22:12:30.546875Z,2026-05-04T22:13:31.970937488Z,0.9394206404685974,0.3298909962177277,-0.0031459815800189,-0.4813543000937454,3830.6015676000006,35.67187920000064,561.4688208000108,-0.45480408932301447
22.046874988,2026-05-04T22:12:30.554687Z,2026-05-04T22:13:31.978749988Z,0.9410765171051024,0.3273926675319672,-0.0203065108507871,-0.4924464925927436,3827.2812551000006,32.93750420000058,515.3750708000098,-0.47400241012421984
22.054687488,2026-05-04T22:12:30.562500Z,2026-05-04T22:13:31.986562488Z,0.9415920376777648,0.3270357549190521,-0.0358063429594039,-0.5019369603460686,3823.9609426000006,30.20312920000052,469.2813208000088,-0.49320073092542516
22.062499988,2026-05-04T22:12:30.570312Z,2026-05-04T22:13:31.994374988Z,0.9425293803215028,0.3280754387378693,-0.0488458797335624,-0.5228668844013811,3820.6406301000006,27.468754200000465,423.18757080000785,-0.5123990517266305
22.070312488,2026-05-04T22:12:30.578125Z,2026-05-04T22:13:32.002187488Z,0.9422481656074524,0.3272219598293304,-0.0595481470227241,-0.5225356652220876,3817.3203176000006,24.734379200000408,377.0938208000068,-0.5315973725278358
22.078124988,2026-05-04T22:12:30.585937Z,2026-05-04T22:13:32.009999988Z,0.9432167410850524,0.3268961012363434,-0.0691586583852767,-0.5391059717872587,3814.0000051000006,22.000004200000348,331.00007080000586,-0.5507956933290411
22.085937488,2026-05-04T22:12:30.593750Z,2026-05-04T22:13:32.017812488Z,0.9421231746673584,0.3267564177513123,-0.0811372026801109,-0.5362656473556555,3811.070317,20.242190200000184,268.69540820000657,-0.5337715729830108
22.093749988,2026-05-04T22:12:30.601562Z,2026-05-04T22:13:32.025624988Z,0.9417638778686525,0.3273150622844696,-0.0930849835276603,-0.546243825878876,3808.1406295,18.48437770000015,206.39072070000526,-0.5167473969992209
22.101562488,2026-05-04T22:12:30.609375Z,2026-05-04T22:13:32.033437488Z,0.9445133805274964,0.3267409205436707,-0.1007580161094666,-0.540828277623431,3805.210942,16.72656520000011,144.08603320000393,-0.499723221015431
22.109374988,2026-05-04T22:12:30.617187Z,2026-05-04T22:13:32.041249988Z,0.9450289011001588,0.3262753784656525,-0.1053249388933182,-0.5316778044127748,3802.2812545,14.968752700000074,81.7813457000026,-0.482699045031641
22.117187488,2026-05-04T22:12:30.625000Z,2026-05-04T22:13:32.049062488Z,0.9432167410850524,0.3277185261249542,-0.1077852249145508,-0.5434793138366188,3799.351567,13.210940200000035,19.476658200001275,-0.4656748690478511
22.124999988,2026-05-04T22:12:30.632812Z,2026-05-04T22:13:32.056874988Z,0.9409828186035156,0.3300306499004364,-0.1079543679952621,-0.559382906872063,3798.4843759,9.390631299999997,-39.734284700000046,-0.4688856002493021
22.132812488,2026-05-04T22:12:30.640625Z,2026-05-04T22:13:32.064687488Z,0.9419201016426086,0.331380695104599,-0.1043254435062408,-0.5478942856286906,3797.8984384,5.28906879999991,-98.5233472000013,-0.47485567711143684
22.140624988,2026-05-04T22:12:30.648437Z,2026-05-04T22:13:32.072499988Z,0.9422950148582458,0.332342803478241,-0.1010501831769943,-0.5435676581095981,3797.3125009,1.187506299999823,-157.31240970000255,-0.4808257539735716
22.148437488,2026-05-04T22:12:30.656250Z,2026-05-04T22:13:32.080312488Z,0.9415295720100404,0.3327152132987976,-0.0982208475470542,-0.5536284621077922,3796.7265634,-2.914056200000264,-216.1014722000038,-0.4867958308357063
22.156249988,2026-05-04T22:12:30.664062Z,2026-05-04T22:13:32.088124988Z,0.9410452842712402,0.3338480293750763,-0.0940844789147377,-0.5587423273518474,3796.1406259,-7.015618700000351,-274.89053470000505,-0.49276590769784107
22.164062488,2026-05-04T22:12:30.671875Z,2026-05-04T22:13:32.095937488Z,0.9391394257545472,0.3346549272537231,-0.0872571691870689,-0.5404117038159907,3793.4765675999997,-7.554688399999977,-318.6874400000016,-0.4955579335126516
22.171874988,2026-05-04T22:12:30.679687Z,2026-05-04T22:13:32.103749988Z,0.939233124256134,0.3350273668766022,-0.0758014470338821,-0.5326919912682576,3790.1562551,-6.968750900000016,-357.7499399999989,-0.49734635580854253
22.179687488,2026-05-04T22:12:30.687500Z,2026-05-04T22:13:32.111562488Z,0.9381396174430848,0.3353532254695892,-0.0620391890406608,-0.5111659733163001,3786.8359426,-6.382813400000056,-396.8124399999963,-0.4991347781044335
22.187499988,2026-05-04T22:12:30.695312Z,2026-05-04T22:13:32.119374988Z,0.9389050602912904,0.3374325931072235,-0.0485229715704917,-0.5201061963588932,3783.5156301000006,-5.796875900000095,-435.87493999999367,-0.5009232004003245
22.195312488,2026-05-04T22:12:30.703125Z,2026-05-04T22:13:32.127187488Z,0.9372022747993468,0.3373239934444427,-0.0341764017939567,-0.4941892971114179,3780.1953176000006,-5.210938400000135,-474.937439999991,-0.5027116226962155
22.203124988,2026-05-04T22:12:30.710937Z,2026-05-04T22:13:32.134999988Z,0.9372804164886476,0.3360360264778137,-0.018538175150752,-0.48552902850907825,3779.4999988,-3.0000048000007524,-494.8749858999978,-0.5073969794860131
22.210937488,2026-05-04T22:12:30.718750Z,2026-05-04T22:13:32.142812488Z,0.938030242919922,0.335492879152298,-0.0027000531554222,-0.4903114968172525,3780.2812488,0.12499519999931419,-504.05467339999797,-0.5137118727921657
22.218749988,2026-05-04T22:12:30.726562Z,2026-05-04T22:13:32.150624988Z,0.9371554255485536,0.3351670205593109,0.0124153587967157,-0.4801151776081075,3781.0624988,3.249995199999381,-513.2343608999981,-0.5200267660983181
22.226562488,2026-05-04T22:12:30.734375Z,2026-05-04T22:13:32.158437488Z,0.9359369277954102,0.3338325023651123,0.028776291757822,-0.46494040425175015,3781.8437488,6.374995199999447,-522.4140483999984,-0.5263416594044706
22.234374988,2026-05-04T22:12:30.742187Z,2026-05-04T22:13:32.166249988Z,0.9362806081771852,0.3330876529216766,0.0463827475905418,-0.4735320582988006,3782.6249988,9.499995199999514,-531.5937358999986,-0.5326565527106231
22.242187488,2026-05-04T22:12:30.750000Z,2026-05-04T22:13:32.174062488Z,0.9383739233016968,0.3315358757972717,0.0652193501591682,-0.5030870610961568,3783.2031244,13.031243999999475,-521.6797298000037,-0.5307567942597863
22.249999988,2026-05-04T22:12:30.757812Z,2026-05-04T22:13:32.181874988Z,0.937936544418335,0.3305737972259521,0.0822876170277595,-0.5086196576594512,3783.5937494,16.93749399999956,-494.1406673000031,-0.5212742336777064
22.257812488,2026-05-04T22:12:30.765625Z,2026-05-04T22:13:32.189687488Z,0.937811553478241,0.3300617039203644,0.0997864380478858,-0.5234159540411073,3783.9843744,20.843743999999642,-466.6016048000025,-0.5117916730956267
22.265624988,2026-05-04T22:12:30.773437Z,2026-05-04T22:13:32.197499988Z,0.9375772476196288,0.3292237520217896,0.1171776205301285,-0.538968115037446,3784.3749994,24.749993999999727,-439.06254230000195,-0.5023091125135469
22.273437488,2026-05-04T22:12:30.781250Z,2026-05-04T22:13:32.205312488Z,0.938045859336853,0.3276098966598511,0.1337384432554245,-0.5614335155844623,3784.7656244,28.65624399999981,-411.5234798000013,-0.49282655193146707
22.281249988,2026-05-04T22:12:30.789062Z,2026-05-04T22:13:32.213124988Z,0.9369055032730104,0.3267719447612762,0.1465934664011002,-0.5590182181814267,3786.562494,31.390623499999972,-372.65633580000156,-0.4872572379172738
22.289062488,2026-05-04T22:12:30.796875Z,2026-05-04T22:13:32.220937488Z,0.9386082887649536,0.3265236616134644,0.1585566401481628,-0.5205979341726193,3790.468744,32.367186,-316.79696080000036,-0.4875578313222225
22.296874988,2026-05-04T22:12:30.804687Z,2026-05-04T22:13:32.228749988Z,0.9383583068847656,0.3248787820339203,0.1692896485328674,-0.5101103081527716,3794.3749940000002,33.34374850000002,-260.93758579999917,-0.4878584247271712
22.304687488,2026-05-04T22:12:30.812500Z,2026-05-04T22:13:32.236562488Z,0.9382489919662476,0.3245218694210052,0.1802225708961487,-0.49179654153848484,3798.2812440000002,34.32031100000003,-205.07821079999795,-0.4881590181321199
22.312499988,2026-05-04T22:12:30.820312Z,2026-05-04T22:13:32.244374988Z,0.9382176995277404,0.3253908753395081,0.1908479481935501,-0.46685585906918003,3802.1874940000002,35.29687350000005,-149.21883579999675,-0.4884596115370686
22.320312488,2026-05-04T22:12:30.828125Z,2026-05-04T22:13:32.252187488Z,0.938030242919922,0.3260581493377686,0.2003969550132751,-0.44497701827656894,3806.0937440000002,34.68750719999974,-92.37509119999679,-0.4925683772812326
22.328124988,2026-05-04T22:12:30.835937Z,2026-05-04T22:13:32.259999988Z,0.936858594417572,0.3266788423061371,0.2063939124345779,-0.441877516422718,3809.999994,30.000007200000063,-33.000091200000796,-0.506469660792875
22.335937488,2026-05-04T22:12:30.843750Z,2026-05-04T22:13:32.267812488Z,0.9365618228912354,0.327284038066864,0.2091463655233383,-0.4368705224947686,3813.906244,25.31250720000038,26.374908799995197,-0.5203709443045175
22.343749988,2026-05-04T22:12:30.851562Z,2026-05-04T22:13:32.275624988Z,0.9365462064743042,0.3277340531349182,0.2096691727638245,-0.43442883330064846,3817.8124939999993,20.625007200000695,85.74990879999119,-0.5342722278161599
22.351562488,2026-05-04T22:12:30.859375Z,2026-05-04T22:13:32.283437488Z,0.9361712336540222,0.3273461163043976,0.2088695913553238,-0.44198750663968156,3821.7187439999993,15.937507200001011,145.1249087999872,-0.5481735113278025
22.359374988,2026-05-04T22:12:30.867187Z,2026-05-04T22:13:32.291249988Z,0.9349995851516724,0.3286340832710266,0.2062247693538666,-0.45633375609820087,3825.593744299999,11.437505400000946,203.81241539998518,-0.5562576853805461
22.367187488,2026-05-04T22:12:30.875000Z,2026-05-04T22:13:32.299062488Z,0.9352964162826538,0.3313651978969574,0.2028572559356689,-0.44975989857098075,3829.304681799999,7.921880400000871,258.8905403999863,-0.5338016857440906
22.374999988,2026-05-04T22:12:30.882812Z,2026-05-04T22:13:32.306874988Z,0.934609055519104,0.3320324420928955,0.1988900303840637,-0.46325157304722914,3833.0156192999993,4.406255400000796,313.9686653999875,-0.5113456861076352
22.382812488,2026-05-04T22:12:30.890625Z,2026-05-04T22:13:32.314687488Z,0.93496835231781,0.333056628704071,0.1937695443630219,-0.4657266265163765,3836.7265567999993,0.8906304000007212,369.0467903999887,-0.48888968647117975
22.390624988,2026-05-04T22:12:30.898437Z,2026-05-04T22:13:32.322499988Z,0.93496835231781,0.3341428637504578,0.1844511926174164,-0.48094788076931233,3840.4374942999993,-2.624994599999354,424.12491539998985,-0.46643368683472436
22.398437488,2026-05-04T22:12:30.906250Z,2026-05-04T22:13:32.330312488Z,0.9339216947555542,0.3350739181041718,0.1728416979312897,-0.5120249641390521,3844.0,-5.9375024000002545,478.0233981999958,-0.44445570029221776
22.406249988,2026-05-04T22:12:30.914062Z,2026-05-04T22:13:32.338124988Z,0.933546781539917,0.3346549272537231,0.16034035384655,-0.5408105087438715,3844.0,-4.375002400000221,503.6093356999964,-0.4339504869147253
22.414062488,2026-05-04T22:12:30.921875Z,2026-05-04T22:13:32.345937488Z,0.9334686398506165,0.335508406162262,0.1459015160799026,-0.5611313909787528,3844.0,-2.8125024000001875,529.1952731999969,-0.4234452735372329
22.421874988,2026-05-04T22:12:30.929687Z,2026-05-04T22:13:32.353749988Z,0.9361243844032288,0.3356325626373291,0.1309091150760651,-0.5558537601124528,3844.0,-1.2500024000001542,554.7812106999975,-0.41294006015974044
22.429687488,2026-05-04T22:12:30.937500Z,2026-05-04T22:13:32.361562488Z,0.9348121285438538,0.3348411619663239,0.1152708977460861,-0.5288442899511687,3844.0,0.31249759999987914,580.367148199998,-0.402434846782248
22.437499988,2026-05-04T22:12:30.945312Z,2026-05-04T22:13:32.369374988Z,0.9346559047698976,0.3347635567188263,0.0997403115034103,-0.5081774568886028,3844.0,1.8749975999999124,605.9530856999986,-0.3919296334047555
22.445312488,2026-05-04T22:12:30.953125Z,2026-05-04T22:13:32.377187488Z,0.9357182383537292,0.3349497616291046,0.0840405747294426,-0.505085030710275,3842.7421896,5.234369599999878,600.6328248000003,-0.39818288620559483
22.453124988,2026-05-04T22:12:30.960937Z,2026-05-04T22:13:32.384999988Z,0.9377959370613098,0.3342669904232025,0.0693249627947807,-0.5135050405792633,3841.3750021,8.749994599999953,592.6250123000001,-0.40589342734737593
22.460937488,2026-05-04T22:12:30.968750Z,2026-05-04T22:13:32.392812488Z,0.9373116493225098,0.3331807553768158,0.0524104610085487,-0.49216639636504333,3840.0078146,12.265619600000027,584.6171998,-0.41360396848915704
22.468749988,2026-05-04T22:12:30.976562Z,2026-05-04T22:13:32.400624988Z,0.9364524483680724,0.3318307101726532,0.0331586860120296,-0.4676943788813749,3838.6406271,15.781244600000104,576.6093872999998,-0.42131450963093814
22.476562488,2026-05-04T22:12:30.984375Z,2026-05-04T22:13:32.408437488Z,0.9393112659454346,0.3304030895233154,0.0148756494745612,-0.4895593478733894,3837.2734396,19.29686960000018,568.6015747999996,-0.42902505077271924
22.484374988,2026-05-04T22:12:30.992187Z,2026-05-04T22:13:32.416249988Z,0.9404985308647156,0.329487532377243,-0.0025462862104177,-0.4982346482460026,3836.8437503,22.1874958,537.4688067,-0.44163015902134145
22.492187488,2026-05-04T22:12:31.000000Z,2026-05-04T22:13:32.424062488Z,0.9398267865180968,0.3281840682029724,-0.0185535531491041,-0.4873685650962718,3836.6484378,24.921870799999816,500.55474420000246,-0.4554589207936572
22.499999988,2026-05-04T22:12:31.007812Z,2026-05-04T22:13:32.431874988Z,0.94173264503479,0.3270667791366577,-0.0313624441623687,-0.5080935787410469,3836.4531253,27.65624579999963,463.64068170000496,-0.4692876825659729
22.507812488,2026-05-04T22:12:31.015625Z,2026-05-04T22:13:32.439687488Z,0.9438572525978088,0.3266012668609619,-0.0422953590750694,-0.5346896654756765,3836.2578128,30.390620799999446,426.72661920000746,-0.4831164443382886
22.515624988,2026-05-04T22:12:31.023437Z,2026-05-04T22:13:32.447499988Z,0.940451681613922,0.327252984046936,-0.0561652481555938,-0.5063396342106876,3836.0625003,33.12499579999926,389.81255670000996,-0.49694520611060433
22.523437488,2026-05-04T22:12:31.031250Z,2026-05-04T22:13:32.455312488Z,0.9409515857696532,0.3281685411930084,-0.0677593648433685,-0.5237063072844371,3832.4140706000017,32.2734414000007,336.9610302000167,-0.5010146405503851
22.531249988,2026-05-04T22:12:31.039062Z,2026-05-04T22:13:32.463124988Z,0.9457787275314332,0.3262443542480469,-0.0750172287225723,-0.547594976091007,3827.140633100001,29.734378900000646,276.6094677000154,-0.5004914179444846
22.539062488,2026-05-04T22:12:31.046875Z,2026-05-04T22:13:32.470937488Z,0.9454506635665894,0.3257322609424591,-0.0851659253239631,-0.5442689089571774,3821.867195600001,27.195316400000593,216.2579052000141,-0.4999681953385841
22.546874988,2026-05-04T22:12:31.054687Z,2026-05-04T22:13:32.478749988Z,0.9411077499389648,0.3265081346035004,-0.0951147302985191,-0.5436523741897851,3816.593758100001,24.65625390000054,155.90634270001283,-0.4994449727326835
22.554687488,2026-05-04T22:12:31.062500Z,2026-05-04T22:13:32.486562488Z,0.9413577318191528,0.3273305892944336,-0.0991895794868469,-0.5540759607998736,3811.320320600001,22.117191400000486,95.55478020001154,-0.49892175012678297
22.562499988,2026-05-04T22:12:31.070312Z,2026-05-04T22:13:32.494374988Z,0.9443415403366088,0.3280444145202637,-0.0987744033336639,-0.5339535292946426,3807.5781289000006,18.156257800000862,36.18759000000994,-0.49668176184381363
22.570312488,2026-05-04T22:12:31.078125Z,2026-05-04T22:13:32.502187488Z,0.9428418278694152,0.3298134207725525,-0.0986052602529525,-0.5440197935320645,3805.0390664000006,13.078132800000754,-22.406159999991306,-0.4930928778344751
22.578124988,2026-05-04T22:12:31.085937Z,2026-05-04T22:13:32.509999988Z,0.9416701793670654,0.3315824270248413,-0.0975596383213996,-0.5515044048502834,3802.5000039,8.000007800000645,-80.99990999999255,-0.4895039938251365
22.585937488,2026-05-04T22:12:31.093750Z,2026-05-04T22:13:32.517812488Z,0.9409515857696532,0.3322962522506714,-0.0956836715340614,-0.5585970021837477,3799.9609414,2.9218828000005366,-139.5936599999938,-0.48591510981579794
22.593749988,2026-05-04T22:12:31.101562Z,2026-05-04T22:13:32.525624988Z,0.941014051437378,0.3329324722290039,-0.0917625799775123,-0.55938418320542,3797.4218789,-2.156242199999572,-198.18740999999505,-0.4823262258064594
22.601562488,2026-05-04T22:12:31.109375Z,2026-05-04T22:13:32.533437488Z,0.94173264503479,0.3328238427639008,-0.0847046226263046,-0.5586164043221872,3794.7968792,-6.6328067999997655,-248.70306319999747,-0.4815872975259125
22.609374988,2026-05-04T22:12:31.117187Z,2026-05-04T22:13:32.541249988Z,0.9399048686027528,0.3346394300460815,-0.0779080688953399,-0.5462927593529994,3792.0625042,-10.343744299999845,-288.9374381999983,-0.4844756082387631
22.617187488,2026-05-04T22:12:31.125000Z,2026-05-04T22:13:32.549062488Z,0.9372022747993468,0.3361756801605225,-0.069727599620819,-0.515586361631126,3789.3281292,-14.054681799999925,-329.1718131999992,-0.48736391895161374
22.624999988,2026-05-04T22:12:31.132812Z,2026-05-04T22:13:32.556874988Z,0.937702178955078,0.3362377285957336,-0.0565189123153686,-0.5123355731425969,3786.5937542,-17.765619300000004,-369.40618820000003,-0.4902522296644643
22.632812488,2026-05-04T22:12:31.140625Z,2026-05-04T22:13:32.564687488Z,0.9382646083831788,0.3357722163200378,-0.0422799810767173,-0.5090507052220613,3783.8593792,-21.476556800000083,-409.6405632000009,-0.4931405403773149
22.640624988,2026-05-04T22:12:31.148437Z,2026-05-04T22:13:32.572499988Z,0.9385301470756532,0.3366256952285767,-0.0291943121701479,-0.5103187044093199,3781.8750006,-22.750005999999942,-441.93747630000024,-0.49675455559849196
22.648437488,2026-05-04T22:12:31.156250Z,2026-05-04T22:13:32.580312488Z,0.9377803206443788,0.3366256952285767,-0.0149092469364404,-0.49880538613827813,3781.4843756,-18.843756000000205,-457.3671637999992,-0.5019107037854823
22.656249988,2026-05-04T22:12:31.164062Z,2026-05-04T22:13:32.588124988Z,0.9370929598808287,0.3359739482402802,0.0002215411514043,-0.487531407176665,3781.0937506,-14.93750600000047,-472.79685129999814,-0.5070668519724726
22.664062488,2026-05-04T22:12:31.171875Z,2026-05-04T22:13:32.595937488Z,0.9372960329055786,0.335523933172226,0.0164902154356241,-0.48978014119098284,3780.7031256,-11.031256000000733,-488.2265387999971,-0.5122230001594629
22.671874988,2026-05-04T22:12:31.179687Z,2026-05-04T22:13:32.603749988Z,0.9366555213928224,0.3341428637504578,0.0331125557422637,-0.4816988172120959,3780.3125006,-7.1250060000009965,-503.6562262999961,-0.5173791483464533
22.679687488,2026-05-04T22:12:31.187500Z,2026-05-04T22:13:32.611562488Z,0.9372179508209229,0.3320324420928955,0.0497041419148445,-0.4876455947698509,3780.703119599999,-3.492191400000774,-511.89846900000623,-0.5221990376922958
22.687499988,2026-05-04T22:12:31.195312Z,2026-05-04T22:13:32.619374988Z,0.9375303387641908,0.3321255445480347,0.0645735263824462,-0.5012782818029368,3784.218744599999,-0.9531289000007195,-491.39065650000583,-0.5256738787611063
22.695312488,2026-05-04T22:12:31.203125Z,2026-05-04T22:13:32.627187488Z,0.9381240010261536,0.3314893245697021,0.0813650116324424,-0.5194486506006322,3787.734369599999,1.5859335999993347,-470.8828440000054,-0.5291487198299168
22.703124988,2026-05-04T22:12:31.210937Z,2026-05-04T22:13:32.634999988Z,0.9365774393081664,0.3289909660816193,0.0997095555067062,-0.5110393569812658,3791.2499945999994,4.124996099999389,-450.3750315000049,-0.5326235608987273
22.710937488,2026-05-04T22:12:31.218750Z,2026-05-04T22:13:32.642812488Z,0.938295841217041,0.3277806043624878,0.1167624443769455,-0.5465694744934765,3794.7656195999994,6.664058599999443,-429.8672190000045,-0.5360984019675378
22.718749988,2026-05-04T22:12:31.226562Z,2026-05-04T22:13:32.650624988Z,0.9390612840652466,0.32917720079422,0.1296789646148682,-0.5455357430167695,3797.8281283000006,9.23437049999942,-407.10944970000963,-0.5377661986931679
22.726562488,2026-05-04T22:12:31.234375Z,2026-05-04T22:13:32.658437488Z,0.9376084804534912,0.3277806043624878,0.1419342905282974,-0.5489134356053204,3795.6796908000006,12.164057999999482,-358.4766372000086,-0.518652551773198
22.734374988,2026-05-04T22:12:31.242187Z,2026-05-04T22:13:32.666249988Z,0.9382489919662476,0.325033962726593,0.1558041870594025,-0.5294037937571572,3793.5312533,15.093745499999544,-309.8438247000076,-0.4995389048532281
22.742187488,2026-05-04T22:12:31.250000Z,2026-05-04T22:13:32.674062488Z,0.9393268823623656,0.3242425620555878,0.1670138835906982,-0.5003403428849786,3791.3828158,18.023432999999606,-261.2110122000065,-0.48042525793325824
22.749999988,2026-05-04T22:12:31.257812Z,2026-05-04T22:13:32.681874988Z,0.9371554255485536,0.3250029385089874,0.1753634959459305,-0.5059916916069671,3789.2343783,20.95312049999967,-212.57819970000548,-0.4613116110132883
22.757812488,2026-05-04T22:12:31.265625Z,2026-05-04T22:13:32.689687488Z,0.9374522566795348,0.3259339928627014,0.1848048716783524,-0.48000315007665195,3787.0859408,23.882807999999734,-163.94538720000446,-0.44219796409331846
22.765624988,2026-05-04T22:12:31.273437Z,2026-05-04T22:13:32.697499988Z,0.9371398091316224,0.3256857097148895,0.1928623169660568,-0.4673500848442079,3793.1874900999996,21.00000480000022,-107.62508700000397,-0.46005444948908353
22.773437488,2026-05-04T22:12:31.281250Z,2026-05-04T22:13:32.705312488Z,0.939233124256134,0.3267564177513123,0.1990591734647751,-0.42632839814775936,3799.6328025999996,17.875004800000152,-50.98446200000277,-0.4794514186816603
22.781249988,2026-05-04T22:12:31.289062Z,2026-05-04T22:13:32.713124988Z,0.9377334713935852,0.3266478180885315,0.202518954873085,-0.435732072360163,3806.0781150999996,14.750004800000086,5.656162999998438,-0.4988483878742371
22.789062488,2026-05-04T22:12:31.296875Z,2026-05-04T22:13:32.720937488Z,0.933203101158142,0.3268805742263794,0.2019807696342468,-0.48696617172343404,3812.5234276,11.62500480000002,62.296787999999644,-0.5182453570668138
22.796874988,2026-05-04T22:12:31.304687Z,2026-05-04T22:13:32.728749988Z,0.9376553297042848,0.3293944299221039,0.2017501145601273,-0.4280828743698565,3818.9687401,8.500004799999953,118.93741300000086,-0.5376423262593906
22.804687488,2026-05-04T22:12:31.312500Z,2026-05-04T22:13:32.736562488Z,0.938045859336853,0.3299220502376556,0.2011042982339859,-0.4228420282769455,3820.3281244,4.882818200000142,172.296793999998,-0.541080381130997
22.812499988,2026-05-04T22:12:31.320312Z,2026-05-04T22:13:32.744374988Z,0.9344996809959412,0.3305427432060242,0.1970601826906204,-0.4687891959263484,3820.7187494,1.1718807000003926,225.03116899999443,-0.541478608058052
22.820312488,2026-05-04T22:12:31.328125Z,2026-05-04T22:13:32.752187488Z,0.9330624938011168,0.3318772614002228,0.1909709721803665,-0.49265646096274607,3821.1093744,-2.539056799999357,277.7655439999909,-0.5418768349851072
22.828124988,2026-05-04T22:12:31.335937Z,2026-05-04T22:13:32.759999988Z,0.9349995851516724,0.3323738276958466,0.1845434606075287,-0.4821782809432161,3821.4999994,-6.2499942999991065,330.4999189999873,-0.5422750619121623
22.835937488,2026-05-04T22:12:31.343750Z,2026-05-04T22:13:32.767812488Z,0.9355463981628418,0.333646297454834,0.1770088225603104,-0.4858582317092939,3821.8906244,-9.960931799998857,383.2342939999837,-0.5426732888392174
22.843749988,2026-05-04T22:12:31.351562Z,2026-05-04T22:13:32.775624988Z,0.9342966079711914,0.3355704843997955,0.1653685718774796,-0.5143842390330475,3824.953118699999,-11.14062469999994,420.3593272999903,-0.5248920220975798
22.851562488,2026-05-04T22:12:31.359375Z,2026-05-04T22:13:32.783437488Z,0.9351558089256288,0.3360360264778137,0.1550968587398529,-0.5208307054853859,3829.054681199999,-11.335937199999943,451.414014799991,-0.5000408983972688
22.859374988,2026-05-04T22:12:31.367187Z,2026-05-04T22:13:32.791249988Z,0.9336092472076416,0.3348256349563599,0.1420880556106567,-0.5595579460841174,3833.156243699999,-11.531249699999947,482.46870229999166,-0.47518977469695795
22.867187488,2026-05-04T22:12:31.375000Z,2026-05-04T22:13:32.799062488Z,0.9347496628761292,0.3355549573898315,0.1268496364355087,-0.5521178419455657,3837.257806199999,-11.726562199999952,513.5233897999923,-0.450338650996647
22.874999988,2026-05-04T22:12:31.382812Z,2026-05-04T22:13:32.806874988Z,0.9341560006141664,0.3365480899810791,0.1099197641015053,-0.5269344752633719,3841.359368699999,-11.921874699999956,544.578077299993,-0.42548752729633604
22.882812488,2026-05-04T22:12:31.390625Z,2026-05-04T22:13:32.814687488Z,0.9365462064743042,0.3350739181041718,0.0966956987977027,-0.532956032901496,3843.0,-8.484384000001203,558.0546847999997,-0.41465975910908887
22.890624988,2026-05-04T22:12:31.398437Z,2026-05-04T22:13:32.822499988Z,0.9369211196899414,0.3336617946624756,0.0819647088646888,-0.5170503289327549,3843.0,-2.6250090000010773,559.8124972999997,-0.4131809544303626
22.898437488,2026-05-04T22:12:31.406250Z,2026-05-04T22:13:32.830312488Z,0.9358900785446168,0.3336617946624756,0.0653731226921081,-0.49182873591501997,3843.0,3.234365999999048,561.5703097999997,-0.41170214975163644
22.906249988,2026-05-04T22:12:31.414062Z,2026-05-04T22:13:32.838124988Z,0.9360306859016418,0.3338945806026459,0.0483509823679924,-0.48353738591883655,3843.0,9.093740999999174,563.3281222999998,-0.4102233450729102
22.914062488,2026-05-04T22:12:31.421875Z,2026-05-04T22:13:32.845937488Z,0.9377803206443788,0.3325600624084473,0.0329434089362621,-0.49092180881021763,3843.0,14.953115999999298,565.0859347999998,-0.408744540394184
22.921874988,2026-05-04T22:12:31.429687Z,2026-05-04T22:13:32.853749988Z,0.9395924806594848,0.3303099870681763,0.0166593603789806,-0.4978858264014924,3842.4375018,19.21874609999975,550.4375498000032,-0.4153773258792789
22.929687488,2026-05-04T22:12:31.437500Z,2026-05-04T22:13:32.861562488Z,0.9417170286178588,0.3293013274669647,0.0003138035535812,-0.5165365515193828,3841.2656268,21.757808599999805,518.0156748000026,-0.43079772145262474
22.937499988,2026-05-04T22:12:31.445312Z,2026-05-04T22:13:32.869374988Z,0.9399986267089844,0.3283392488956451,-0.0163854230195283,-0.49474120518977244,3840.0937518,24.29687109999986,485.5937998000018,-0.44621811702597053
22.945312488,2026-05-04T22:12:31.453125Z,2026-05-04T22:13:32.877187488Z,0.9395299553871156,0.3277806043624878,-0.0305013414472341,-0.49091846273458833,3838.9218768,26.835933599999912,453.17192480000114,-0.4616385125993164
22.953124988,2026-05-04T22:12:31.460937Z,2026-05-04T22:13:32.884999988Z,0.9422950148582458,0.326927125453949,-0.0406500399112701,-0.5229233894882739,3837.7500018,29.374996099999965,420.75004980000045,-0.47705890817266217
22.960937488,2026-05-04T22:12:31.468750Z,2026-05-04T22:13:32.892812488Z,0.9447633028030396,0.326927125453949,-0.0508448705077171,-0.55606106445788,3836.8593756,30.85937560000001,382.0000768000012,-0.4908212284445558
22.968749988,2026-05-04T22:12:31.476562Z,2026-05-04T22:13:32.900624988Z,0.9421231746673584,0.3268184959888458,-0.0633769780397415,-0.5337090037541673,3836.4687506,30.468750600000035,332.0000768000046,-0.5016358396402989
22.976562488,2026-05-04T22:12:31.484375Z,2026-05-04T22:13:32.908437488Z,0.9416701793670654,0.326321929693222,-0.0731720104813575,-0.5340199307355445,3836.0781256,30.078125600000064,282.00007680000795,-0.5124504508360419
22.984374988,2026-05-04T22:12:31.492187Z,2026-05-04T22:13:32.916249988Z,0.9436072707176208,0.3258408904075623,-0.0798609256744384,-0.5597782689957161,3835.6875006,29.68750060000009,232.00007680001133,-0.523265062031785
22.992187488,2026-05-04T22:12:31.500000Z,2026-05-04T22:13:32.924062488Z,0.944232165813446,0.3267253935337067,-0.0856579840183258,-0.5483817790999997,3835.2968756,29.296875600000114,182.0000768000147,-0.5340796732275281
22.999999988,2026-05-04T22:12:31.507812Z,2026-05-04T22:13:32.931874988Z,0.9424043893814088,0.3277029991149902,-0.0909014791250228,-0.5601532651765866,3833.0312626000027,28.015631300001395,130.21883820001955,-0.5386768619708352
23.007812488,2026-05-04T22:12:31.515625Z,2026-05-04T22:13:32.939687488Z,0.9428730607032776,0.3286806344985962,-0.0930849835276603,-0.5488373538047275,3824.8281376000027,23.91406880000131,72.79696320001831,-0.5235853804823982
23.015624988,2026-05-04T22:12:31.523437Z,2026-05-04T22:13:32.947499988Z,0.9431855082511902,0.3296116888523102,-0.0933310166001319,-0.5411352195063595,3816.6250126000023,19.81250630000122,15.375088200017094,-0.5084938989939611
23.023437488,2026-05-04T22:12:31.531250Z,2026-05-04T22:13:32.955312488Z,0.9408109784126282,0.3304961919784546,-0.0920854955911636,-0.5581548130799574,3808.4218876000023,15.710943800001134,-42.046786799984126,-0.4934024175055241
23.031249988,2026-05-04T22:12:31.539062Z,2026-05-04T22:13:32.963124988Z,0.9417014122009276,0.3310393095016479,-0.0877799838781356,-0.5582307696452045,3800.2187626000023,11.609381300001047,-99.46866179998536,-0.4783109360170871
23.039062488,2026-05-04T22:12:31.546875Z,2026-05-04T22:13:32.970937488Z,0.943138599395752,0.3329634964466095,-0.0831208080053329,-0.5384931854720806,3792.7187536000006,7.554693200000867,-155.5546163999892,-0.4654262972062566
23.046874988,2026-05-04T22:12:31.554687Z,2026-05-04T22:13:32.978749988Z,0.9396705627441406,0.3348721861839294,-0.0793996155261993,-0.5511130847708218,3790.3750036000006,3.8437557000007883,-201.84367889999018,-0.46872540676414315
23.054687488,2026-05-04T22:12:31.562500Z,2026-05-04T22:13:32.986562488Z,0.9372022747993468,0.334918737411499,-0.0715574398636817,-0.5169337820407797,3788.0312536000006,0.13281820000070904,-248.13274139999115,-0.4720245163220297
23.062499988,2026-05-04T22:12:31.570312Z,2026-05-04T22:13:32.994374988Z,0.9384364485740662,0.3341583609580994,-0.0609013065695762,-0.5198631607364806,3785.6875036000006,-3.57811929999937,-294.42180389999214,-0.4753236258799162
23.070312488,2026-05-04T22:12:31.578125Z,2026-05-04T22:13:33.002187488Z,0.940326690673828,0.335508406162262,-0.0496147200465202,-0.5399659223163461,3783.3437536,-7.289056799999449,-340.7108663999931,-0.47862273543780276
23.078124988,2026-05-04T22:12:31.585937Z,2026-05-04T22:13:33.009999988Z,0.9373897910118104,0.3370912075042725,-0.0391584858298301,-0.5083091709653746,3781.0000036,-10.999994299999528,-386.99992889999413,-0.4819218449956893
23.085937488,2026-05-04T22:12:31.593750Z,2026-05-04T22:13:33.017812488Z,0.9371866583824158,0.3376343250274658,-0.0246735271066427,-0.5032814154745189,3777.093756,-11.0,-406.9218443999979,-0.4767098775358075
23.093749988,2026-05-04T22:12:31.601562Z,2026-05-04T22:13:33.025624988Z,0.936983585357666,0.3359273970127106,-0.00940434448421,-0.491357431934059,3773.187506,-11.0,-426.8437193999983,-0.4714978970028903
23.101562488,2026-05-04T22:12:31.609375Z,2026-05-04T22:13:33.033437488Z,0.9369523525238036,0.3349497616291046,0.0061877481639385,-0.4870360330260576,3769.281256,-11.0,-446.76559439999875,-0.4662859164699731
23.109374988,2026-05-04T22:12:31.617187Z,2026-05-04T22:13:33.041249988Z,0.9374366402626038,0.3359584212303162,0.0187967382371425,-0.4987706690790051,3765.375006,-11.0,-466.68746939999915,-0.46107393593705587
23.117187488,2026-05-04T22:12:31.625000Z,2026-05-04T22:13:33.049062488Z,0.9362337589263916,0.3345308005809784,0.033743005245924,-0.48399500751375224,3761.468756,-11.0,-486.6093443999996,-0.45586195540413865
23.124999988,2026-05-04T22:12:31.632812Z,2026-05-04T22:13:33.056874988Z,0.9367805123329164,0.3326221108436584,0.0501962006092071,-0.4904317333748304,3764.437494,-4.125011999999994,-475.0781493,-0.4615728272051093
23.132812488,2026-05-04T22:12:31.640625Z,2026-05-04T22:13:33.064687488Z,0.9400142431259156,0.3319083154201508,0.0684177279472351,-0.5366038957680509,3768.3437440000002,3.6874880000001737,-459.25783679999967,-0.4687732005349916
23.140624988,2026-05-04T22:12:31.648437Z,2026-05-04T22:13:33.072499988Z,0.9358900785446168,0.3307600021362305,0.0831794738769531,-0.49799583170089823,3772.2499940000002,11.499988000000341,-443.4375242999993,-0.47597357386487393
23.148437488,2026-05-04T22:12:31.656250Z,2026-05-04T22:13:33.080312488Z,0.9366555213928224,0.3308065533638,0.0979412198066711,-0.5220017698273012,3776.1562440000002,19.312488000000506,-427.617211799999,-0.4831739471947563
23.156249988,2026-05-04T22:12:31.664062Z,2026-05-04T22:13:33.088124988Z,0.9388269782066344,0.3296737670898438,0.1137793436646461,-0.5611022586261661,3780.0624940000002,27.124988000000673,-411.79689929999864,-0.49037432052463864
23.164062488,2026-05-04T22:12:31.671875Z,2026-05-04T22:13:33.095937488Z,0.9396861791610718,0.3268029987812042,0.1288486272096634,-0.5440469763909553,3783.5234324000003,30.039060400000054,-379.3516203999985,-0.4927838015742654
23.171874988,2026-05-04T22:12:31.679687Z,2026-05-04T22:13:33.103749988Z,0.9376084804534912,0.3258719146251678,0.1402736008167267,-0.5540672363143583,3786.8437449,31.40624789999996,-341.656307900001,-0.4936803565318845
23.179687488,2026-05-04T22:12:31.687500Z,2026-05-04T22:13:33.111562488Z,0.9373272657394408,0.3262443542480469,0.1506221890449524,-0.5391252196513289,3790.1640574,32.77343539999987,-303.9609954000036,-0.49457691148950367
23.187499988,2026-05-04T22:12:31.695312Z,2026-05-04T22:13:33.119374988Z,0.9389363527297974,0.3256701827049255,0.1625238507986069,-0.5024303789731388,3793.4843698999994,34.14062289999978,-266.26568290000614,-0.4954734664471228
23.195312488,2026-05-04T22:12:31.703125Z,2026-05-04T22:13:33.127187488Z,0.9379053115844728,0.3248322308063507,0.1724880337715149,-0.4985939676966922,3796.8046823999994,35.507810399999684,-228.57037040000867,-0.49637002140474196
23.203124988,2026-05-04T22:12:31.710937Z,2026-05-04T22:13:33.134999988Z,0.9384832978248596,0.3250805139541626,0.1806992590427399,-0.47504362338001416,3800.499993999999,33.50000600000094,-177.75008940001402,-0.5023323242808262
23.210937488,2026-05-04T22:12:31.718750Z,2026-05-04T22:13:33.142812488Z,0.9376240968704224,0.3258253633975983,0.1869729906320572,-0.4690642164643241,3804.4062439999993,29.593756000000855,-119.54696440001277,-0.5111441293576504
23.218749988,2026-05-04T22:12:31.726562Z,2026-05-04T22:13:33.150624988Z,0.9378427863121032,0.3258874416351318,0.1918628215789795,-0.45600356840500605,3808.3124939999993,25.687506000000774,-61.343839400011525,-0.5199559344344747
23.226562488,2026-05-04T22:12:31.734375Z,2026-05-04T22:13:33.158437488Z,0.9374522566795348,0.3270512819290161,0.1952918618917465,-0.4483058519607539,3812.2187439999993,21.78125600000069,-3.140714400010282,-0.528767739511299
23.234374988,2026-05-04T22:12:31.742187Z,2026-05-04T22:13:33.166249988Z,0.9365149140357972,0.3277806043624878,0.1969986855983734,-0.45232196292634425,3816.1249939999993,17.875006000000607,55.06241059999096,-0.5375795445881232
23.242187488,2026-05-04T22:12:31.750000Z,2026-05-04T22:13:33.174062488Z,0.9363743662834167,0.3288513123989105,0.1961221992969513,-0.4516746797812396,3819.2187464,13.257820600000708,109.91398299999305,-0.5395625183022095
23.249999988,2026-05-04T22:12:31.757812Z,2026-05-04T22:13:33.181874988Z,0.935796320438385,0.3299686014652252,0.1926624178886414,-0.46125260672972246,3821.5624964,7.984383100000595,161.67179549999415,-0.5352419165826552
23.257812488,2026-05-04T22:12:31.765625Z,2026-05-04T22:13:33.189687488Z,0.9354214072227478,0.3306358456611633,0.1887413263320923,-0.47112061904751507,3823.9062464,2.710945600000482,213.42960799999526,-0.530921314863101
23.265624988,2026-05-04T22:12:31.773437Z,2026-05-04T22:13:33.197499988Z,0.9358744621276855,0.3311634659767151,0.1850662678480148,-0.47124908194195475,3826.2499964,-2.562491899999631,265.18742049999634,-0.5266007131435468
23.273437488,2026-05-04T22:12:31.781250Z,2026-05-04T22:13:33.205312488Z,0.9348277449607848,0.3328548967838287,0.1783466041088104,-0.4898255564863844,3828.5937464,-7.835929399999744,316.9452329999975,-0.5222801114239927
23.281249988,2026-05-04T22:12:31.789062Z,2026-05-04T22:13:33.213124988Z,0.9351714253425598,0.3352290987968445,0.1703045219182968,-0.4917609109428919,3832.6562397999996,-10.765625900000016,362.84369299999895,-0.5058342610650753
23.289062488,2026-05-04T22:12:31.796875Z,2026-05-04T22:13:33.220937488Z,0.933640480041504,0.3352445960044861,0.160417228937149,-0.5266539461182029,3839.2968648,-10.179688400000003,399.95306799999975,-0.4712004213442767
23.296874988,2026-05-04T22:12:31.804687Z,2026-05-04T22:13:33.228749988Z,0.934031069278717,0.3347480297088623,0.1487462222576141,-0.5446904297343665,3845.9374898,-9.593750899999991,437.06244300000054,-0.43656658162347806
23.304687488,2026-05-04T22:12:31.812500Z,2026-05-04T22:13:33.236562488Z,0.9351245760917664,0.3353997766971588,0.1351223587989807,-0.551399461212817,3852.5781148,-9.007813399999979,474.17181800000134,-0.4019327419026794
23.312499988,2026-05-04T22:12:31.820312Z,2026-05-04T22:13:33.244374988Z,0.9356400966644288,0.335880845785141,0.120868057012558,-0.5601687373933636,3859.2187398000005,-8.421875899999966,511.28119300000213,-0.36729890218188077
23.320312488,2026-05-04T22:12:31.828125Z,2026-05-04T22:13:33.252187488Z,0.9347184300422668,0.3356325626373291,0.1070750504732132,-0.5314738233467833,3862.7421944,-6.1406351999996405,538.9843696000002,-0.34628255767746885
23.328124988,2026-05-04T22:12:31.835937Z,2026-05-04T22:13:33.259999988Z,0.9357338547706604,0.3354463279247284,0.0936664640903472,-0.5271447878481744,3858.2500069000002,0.49998979999991067,542.4999945999999,-0.36028289623695947
23.335937488,2026-05-04T22:12:31.843750Z,2026-05-04T22:13:33.267812488Z,0.9366555213928224,0.3346859812736511,0.0796120539307594,-0.5208642996781434,3853.7578194000002,7.1406147999994625,546.0156195999997,-0.37428323479645015
23.343749988,2026-05-04T22:12:31.851562Z,2026-05-04T22:13:33.275624988Z,0.93565571308136,0.333972156047821,0.0626052916049957,-0.493260063360724,3849.2656319000007,13.781239799999014,549.5312445999995,-0.3882835733559408
23.351562488,2026-05-04T22:12:31.859375Z,2026-05-04T22:13:33.283437488Z,0.9369055032730104,0.3334600627422333,0.0460444614291191,-0.49525338869307073,3844.773444400001,20.421864799998566,553.0468695999992,-0.40228391191543145
23.359374988,2026-05-04T22:12:31.867187Z,2026-05-04T22:13:33.291249988Z,0.9396549463272096,0.3318772614002228,0.0312980897724628,-0.5137805726242397,3840.5312545000006,26.0,551.843789900007,-0.41712526682393264
23.367187488,2026-05-04T22:12:31.875000Z,2026-05-04T22:13:33.299062488Z,0.9396393299102784,0.3301858305931091,0.0159212723374366,-0.5028478196534921,3837.6015670000006,26.0,525.8672274000064,-0.4363820080262134
23.374999988,2026-05-04T22:12:31.882812Z,2026-05-04T22:13:33.306874988Z,0.9392018914222716,0.3298754990100861,0.0002984255552291,-0.4954097044140218,3834.6718795000006,26.0,499.8906649000059,-0.4556387492284942
23.382812488,2026-05-04T22:12:31.890625Z,2026-05-04T22:13:33.314687488Z,0.9402173161506652,0.3296582400798798,-0.0130332764238119,-0.5066506509062222,3831.7421920000006,26.0,473.91410240000533,-0.47489549043077495
23.390624988,2026-05-04T22:12:31.898437Z,2026-05-04T22:13:33.322499988Z,0.9417951703071594,0.3275633454322815,-0.0256115105003118,-0.5189485629144185,3828.8125045000006,26.0,447.93753990000477,-0.4941522316330557
23.398437488,2026-05-04T22:12:31.906250Z,2026-05-04T22:13:33.330312488Z,0.9421856999397278,0.3264615833759308,-0.0381128638982772,-0.5237357271778904,3825.9453146,26.015624399999936,421.1563208000075,-0.5129385525055253
23.406249988,2026-05-04T22:12:31.914062Z,2026-05-04T22:13:33.338124988Z,0.942576229572296,0.3273771405220032,-0.0500452741980552,-0.537741638863227,3824.5781271,26.406249399999943,375.06257080000654,-0.5204343338416215
23.414062488,2026-05-04T22:12:31.921875Z,2026-05-04T22:13:33.345937488Z,0.9423731565475464,0.3271133303642273,-0.0601478442549705,-0.5403957339750127,3823.2109396,26.796874399999954,328.9688208000055,-0.5279301151777176
23.421874988,2026-05-04T22:12:31.929687Z,2026-05-04T22:13:33.353749988Z,0.9436854124069214,0.3257788121700287,-0.0669136419892311,-0.5545916626102352,3821.8437521,27.18749939999996,282.87507080000455,-0.5354258965138137
23.429687488,2026-05-04T22:12:31.937500Z,2026-05-04T22:13:33.361562488Z,0.9431855082511902,0.325965017080307,-0.0739254727959632,-0.5551555368192178,3820.4765646,27.578124399999968,236.78132080000358,-0.5429216778499097
23.437499988,2026-05-04T22:12:31.945312Z,2026-05-04T22:13:33.369374988Z,0.9421388506889344,0.3278271555900574,-0.0813217237591743,-0.5573357804502093,3819.1093771,27.96874939999998,190.6875708000026,-0.5504174591860058
23.445312488,2026-05-04T22:12:31.953125Z,2026-05-04T22:13:33.377187488Z,0.9421231746673584,0.3279047310352325,-0.0855811014771461,-0.5613490985009588,3814.3281328000003,24.046881600000148,135.25008640000195,-0.5347520182746445
23.453124988,2026-05-04T22:12:31.960937Z,2026-05-04T22:13:33.384999988Z,0.944107174873352,0.3279202580451965,-0.0861500427126884,-0.5400781144187266,3809.2500078000003,19.75000660000006,79.00008640000075,-0.5170725160056379
23.460937488,2026-05-04T22:12:31.968750Z,2026-05-04T22:13:33.392812488Z,0.9429667592048644,0.3287892639636993,-0.0864883288741111,-0.5490586997202525,3804.1718828,15.453131599999967,22.75008639999955,-0.49939301373663125
23.468749988,2026-05-04T22:12:31.976562Z,2026-05-04T22:13:33.400624988Z,0.9409672021865844,0.3305737972259521,-0.0852889418601989,-0.5586055267315017,3799.0937578,11.156256599999875,-33.49991360000165,-0.48171351146762464
23.476562488,2026-05-04T22:12:31.984375Z,2026-05-04T22:13:33.408437488Z,0.9402329325675964,0.3324669301509857,-0.0821828246116638,-0.5549620509606359,3794.0156328,6.859381599999783,-89.74991360000286,-0.46403400919861804
23.484374988,2026-05-04T22:12:31.992187Z,2026-05-04T22:13:33.416249988Z,0.9407484531402588,0.3335221409797668,-0.0776927918195724,-0.5609397152346697,3792.3750012,3.968753899999998,-136.31243220000005,-0.4656092120702006
23.492187488,2026-05-04T22:12:32.000000Z,2026-05-04T22:13:33.424062488Z,0.9409359097480774,0.3333204090595245,-0.0710961371660232,-0.5568548015232914,3791.5937512,1.4296914000001695,-180.45305719999706,-0.47199813743830993
23.499999988,2026-05-04T22:12:32.007812Z,2026-05-04T22:13:33.431874988Z,0.9403735399246216,0.3339100778102875,-0.0643764659762382,-0.5480935141527568,3790.8125012,-1.109371099999659,-224.59368219999408,-0.4783870628064192
23.507812488,2026-05-04T22:12:32.015625Z,2026-05-04T22:13:33.439687488Z,0.9375147223472596,0.3352445960044861,-0.057103231549263,-0.5163975650608841,3790.0312512,-3.6484335999994877,-268.7343071999911,-0.48477598817452844
23.515624988,2026-05-04T22:12:32.023437Z,2026-05-04T22:13:33.447499988Z,0.9379833936691284,0.3365636169910431,-0.0456321239471435,-0.5205879028842513,3789.2500012,-6.187496099999317,-312.8749321999881,-0.49116491354263775
23.523437488,2026-05-04T22:12:32.031250Z,2026-05-04T22:13:33.455312488Z,0.9392644166946412,0.3362067043781281,-0.0306858625262975,-0.527437965347957,3787.1406292000006,-8.195309799999514,-343.6015249999933,-0.49269907115192757
23.531249988,2026-05-04T22:12:32.039062Z,2026-05-04T22:13:33.463124988Z,0.938030242919922,0.3365946412086487,-0.0174002926796674,-0.5115619260679826,3784.4062542000006,-9.953122299999551,-368.0155874999938,-0.49194861604222817
23.539062488,2026-05-04T22:12:32.046875Z,2026-05-04T22:13:33.470937488Z,0.9370617270469666,0.3369360268115997,-0.0056216474622488,-0.5006911464952103,3781.6718792000006,-11.71093479999959,-392.4296499999943,-0.4911981609325287
23.546874988,2026-05-04T22:12:32.054687Z,2026-05-04T22:13:33.478749988Z,0.93545264005661,0.3360670506954193,0.0073102544993162,-0.4795951470676063,3778.9375042000006,-13.468747299999627,-416.8437124999948,-0.4904477058228293
23.554687488,2026-05-04T22:12:32.062500Z,2026-05-04T22:13:33.486562488Z,0.9374522566795348,0.3348256349563599,0.0217337105423212,-0.4997784946304025,3776.2031292000006,-15.226559799999665,-441.2577749999953,-0.4896972507131299
23.562499988,2026-05-04T22:12:32.070312Z,2026-05-04T22:13:33.494374988Z,0.9379209280014038,0.3333514630794525,0.0375103242695331,-0.5043907853330938,3775.3281241,-13.703131300000697,-449.3750072000008,-0.48933158539684846
23.570312488,2026-05-04T22:12:32.078125Z,2026-05-04T22:13:33.502187488Z,0.9370929598808287,0.333056628704071,0.0530716627836227,-0.5019081096308996,3775.9140616,-9.60156880000061,-444.6875072000007,-0.4892682568029426
23.578124988,2026-05-04T22:12:32.085937Z,2026-05-04T22:13:33.509999988Z,0.9365774393081664,0.3329324722290039,0.0682639628648757,-0.5063651762609687,3776.4999991,-5.500006300000522,-440.0000072000006,-0.4892049282090368
23.585937488,2026-05-04T22:12:32.093750Z,2026-05-04T22:13:33.517812488Z,0.9372022747993468,0.3314427733421326,0.0842558518052101,-0.5212916607924325,3777.0859366,-1.3984438000004351,-435.3125072000005,-0.489141599615131
23.593749988,2026-05-04T22:12:32.101562Z,2026-05-04T22:13:33.525624988Z,0.9381864666938782,0.3289444148540497,0.1002477407455444,-0.5392748665302656,3777.6718741,2.703118699999652,-430.62500720000037,-0.4890782710212252
23.601562488,2026-05-04T22:12:32.109375Z,2026-05-04T22:13:33.533437488Z,0.9373584985733032,0.3284478485584259,0.1124876886606216,-0.5425895099455884,3778.1718744,8.351550799999519,-412.6172412000022,-0.4848722691731271
23.609374988,2026-05-04T22:12:32.117187Z,2026-05-04T22:13:33.541249988Z,0.9384676814079284,0.3285254538059235,0.1245123594999313,-0.5528437046239312,3778.5624994,15.968738299999682,-377.65630370000144,-0.47539374122481404
23.617187488,2026-05-04T22:12:32.125000Z,2026-05-04T22:13:33.549062488Z,0.9377647042274476,0.3265391886234283,0.1368445605039597,-0.5503982513254578,3778.9531244,23.585925799999846,-342.6953662000007,-0.465915213276501
23.624999988,2026-05-04T22:12:32.132812Z,2026-05-04T22:13:33.556874988Z,0.938045859336853,0.3249874114990234,0.1495150625705719,-0.5330988839434814,3779.3437494,31.203113300000005,-307.73442869999997,-0.456436685328188
23.632812488,2026-05-04T22:12:32.140625Z,2026-05-04T22:13:33.564687488Z,0.9392956495285034,0.3256857097148895,0.1597252786159515,-0.4988576435757395,3779.7343744,38.82030080000017,-272.7734911999992,-0.44695815737987493
23.640624988,2026-05-04T22:12:32.148437Z,2026-05-04T22:13:33.572499988Z,0.9385926723480223,0.3254995048046112,0.1678288578987122,-0.4922808356406408,3781.874991,42.93750509999995,-232.1250809999992,-0.4448240473482464
23.648437488,2026-05-04T22:12:32.156250Z,2026-05-04T22:13:33.580312488Z,0.9373897910118104,0.3256081342697144,0.1749944537878036,-0.4920847172280215,3787.7343659999997,39.61719260000017,-179.39070600000278,-0.4582969355563674
23.656249988,2026-05-04T22:12:32.164062Z,2026-05-04T22:13:33.588124988Z,0.9390769004821776,0.3260115683078766,0.1828520148992538,-0.4561346127192168,3793.593740999999,36.2968801000004,-126.65633100000633,-0.47176982376448845
23.664062488,2026-05-04T22:12:32.171875Z,2026-05-04T22:13:33.595937488Z,0.9383426904678344,0.3258874416351318,0.1875573098659515,-0.45485507455694213,3799.4531159999988,32.97656760000062,-73.92195600000989,-0.48524271197260943
23.671874988,2026-05-04T22:12:32.179687Z,2026-05-04T22:13:33.603749988Z,0.9364524483680724,0.3267253935337067,0.1900637298822403,-0.4671332984310388,3805.3124909999983,29.65625510000085,-21.18758100001345,-0.49871560018073047
23.679687488,2026-05-04T22:12:32.187500Z,2026-05-04T22:13:33.611562488Z,0.9365774393081664,0.3286961317062378,0.1892641484737396,-0.4601817576269022,3810.9765549999984,25.671885200002023,31.781167199983575,-0.5098152131613768
23.687499988,2026-05-04T22:12:32.195312Z,2026-05-04T22:13:33.619374988Z,0.9365618228912354,0.3291306495666504,0.1881570070981979,-0.4613556087668353,3815.859367499999,19.03126020000188,85.68741719998472,-0.5114216340976372
23.695312488,2026-05-04T22:12:32.203125Z,2026-05-04T22:13:33.627187488Z,0.9372022747993468,0.3286806344985962,0.1873574107885361,-0.45722927554652476,3820.742179999999,12.390635200001741,139.59366719998587,-0.5130280550338976
23.703124988,2026-05-04T22:12:32.210937Z,2026-05-04T22:13:33.634999988Z,0.9353589415550232,0.3302789330482483,0.1834363341331482,-0.47960100348651286,3825.624992499999,5.7500102000016,193.49991719998704,-0.514634475970158
23.710937488,2026-05-04T22:12:32.218750Z,2026-05-04T22:13:33.642812488Z,0.9342653751373292,0.3329324722290039,0.1772702187299728,-0.49362594336332205,3830.507804999999,-0.8906147999985412,247.40616719998818,-0.5162408969064184
23.718749988,2026-05-04T22:12:32.226562Z,2026-05-04T22:13:33.650624988Z,0.9347496628761292,0.3332273066043854,0.1727033108472824,-0.4954662109686073,3835.1874963999994,-6.921876500000193,299.85932009999294,-0.5162755698228279
23.726562488,2026-05-04T22:12:32.234375Z,2026-05-04T22:13:33.658437488Z,0.935921311378479,0.3341428637504578,0.1659990102052689,-0.49094703399628287,3837.5312463999994,-5.945314000000173,335.6015075999937,-0.49823476328413424
23.734374988,2026-05-04T22:12:32.242187Z,2026-05-04T22:13:33.666249988Z,0.934124767780304,0.3350118398666382,0.153866708278656,-0.5294947376173657,3839.8749963999994,-4.968751500000152,371.3436950999944,-0.48019395674544063
23.742187488,2026-05-04T22:12:32.250000Z,2026-05-04T22:13:33.674062488Z,0.9341091513633728,0.3354773819446564,0.1416575163602829,-0.5480005388817935,3842.2187464,-3.9921890000001308,407.0858825999952,-0.4621531502067471
23.749999988,2026-05-04T22:12:32.257812Z,2026-05-04T22:13:33.681874988Z,0.9343435168266296,0.3353687524795532,0.1293560564517975,-0.5598693984163167,3844.5624964,-3.01562650000011,442.82807009999595,-0.44411234366805347
23.757812488,2026-05-04T22:12:32.265625Z,2026-05-04T22:13:33.689687488Z,0.9344528317451476,0.3357411623001099,0.1162550076842308,-0.5446417153917001,3846.9062464,-2.039064000000089,478.5702575999967,-0.4260715371293599
23.765624988,2026-05-04T22:12:32.273437Z,2026-05-04T22:13:33.697499988Z,0.9367961287498474,0.3357722163200378,0.104368731379509,-0.5567780125276303,3844.1875045,-1.4375009000000412,491.2499819999992,-0.43007509987224135
23.773437488,2026-05-04T22:12:32.281250Z,2026-05-04T22:13:33.705312488Z,0.9358431696891784,0.3354153037071228,0.0907910019159317,-0.529815595027608,3841.257817,-0.8515634000000286,502.9687319999994,-0.43499721474253156
23.781249988,2026-05-04T22:12:32.289062Z,2026-05-04T22:13:33.713124988Z,0.9346246719360352,0.3350118398666382,0.0751527771353721,-0.4998098822973627,3838.3281295,-0.265625900000016,514.6874819999997,-0.43991932961282176
23.789062488,2026-05-04T22:12:32.296875Z,2026-05-04T22:13:33.720937488Z,0.9368117451667786,0.3343756198883057,0.0605601742863655,-0.511110709850959,3835.398442,0.32031159999999653,526.4062319999999,-0.4448414444831119
23.796874988,2026-05-04T22:12:32.304687Z,2026-05-04T22:13:33.728749988Z,0.9387019872665404,0.3328548967838287,0.0461982265114784,-0.5180115314821809,3832.4687545,0.906249100000009,538.1249820000002,-0.4497635593534021
23.804687488,2026-05-04T22:12:32.312500Z,2026-05-04T22:13:33.736562488Z,0.938873827457428,0.3319238126277924,0.029852669686079,-0.5089533085078402,3835.7734305999998,7.234363599999716,523.4297178000007,-0.44353129984323864
23.812499988,2026-05-04T22:12:32.320312Z,2026-05-04T22:13:33.744374988Z,0.9374210238456726,0.3301703333854675,0.0139222862198948,-0.48151636867117814,3840.2656180999993,14.656238599999215,503.7031553000021,-0.43517437331226577
23.820312488,2026-05-04T22:12:32.328125Z,2026-05-04T22:13:33.752187488Z,0.9398580193519592,0.3292858004570007,0.0004983246326446,-0.5048133163337347,3844.7578055999993,22.078113599998716,483.9765928000034,-0.42681744678129285
23.828124988,2026-05-04T22:12:32.335937Z,2026-05-04T22:13:33.759999988Z,0.9419982433319092,0.3294565081596375,-0.0123720709234476,-0.5306320652475301,3849.249993099999,29.499988599998215,464.25003030000477,-0.41846052025031993
23.835937488,2026-05-04T22:12:32.343750Z,2026-05-04T22:13:33.767812488Z,0.9406235218048096,0.3284168243408203,-0.0246889013797044,-0.513427453865131,3853.7421805999984,36.921863599997714,444.5234678000061,-0.410103593719347
23.843749988,2026-05-04T22:12:32.351562Z,2026-05-04T22:13:33.775624988Z,0.9423575401306152,0.3267564177513123,-0.0344839394092559,-0.5297198636212339,3851.2031331000017,37.73437770000055,409.4688130000128,-0.4275462328024797
23.851562488,2026-05-04T22:12:32.359375Z,2026-05-04T22:13:33.783437488Z,0.9432948231697084,0.3258874416351318,-0.0448479056358337,-0.5414327261386133,3845.9296956000017,35.97656520000051,368.4531880000119,-0.4550221127344347
23.859374988,2026-05-04T22:12:32.367187Z,2026-05-04T22:13:33.791249988Z,0.9411077499389648,0.3270512819290161,-0.0565650463104248,-0.527737338066041,3840.656258100001,34.21875270000047,327.43756300001104,-0.48249799266638965
23.867187488,2026-05-04T22:12:32.375000Z,2026-05-04T22:13:33.799062488Z,0.940670371055603,0.3274547159671783,-0.0646840035915374,-0.5301401259763449,3835.382820600001,32.46094020000044,286.4219380000102,-0.5099738725983446
23.874999988,2026-05-04T22:12:32.382812Z,2026-05-04T22:13:33.806874988Z,0.9465754628181458,0.3265081346035004,-0.0687434822320938,-0.5277550153702127,3830.109383100001,30.703127700000397,245.4063130000093,-0.5374497525302996
23.882812488,2026-05-04T22:12:32.390625Z,2026-05-04T22:13:33.814687488Z,0.9442946314811708,0.3261667490005493,-0.0756476745009422,-0.5494659896211689,3825.8906304000006,27.53906880000084,196.77352000001102,-0.5444667383473748
23.890624988,2026-05-04T22:12:32.398437Z,2026-05-04T22:13:33.822499988Z,0.9403891563415528,0.3274081647396088,-0.0810141861438751,-0.539926551263729,3822.3750054000006,23.437506300000756,143.06258250000988,-0.5378443741296794
23.898437488,2026-05-04T22:12:32.406250Z,2026-05-04T22:13:33.830312488Z,0.9406079053878784,0.3283858001232147,-0.0814447328448295,-0.5466519029764283,3818.8593804000006,19.335943800000667,89.35164500000873,-0.5312220099119841
23.906249988,2026-05-04T22:12:32.414062Z,2026-05-04T22:13:33.838124988Z,0.943513572216034,0.3292703032493591,-0.0791382119059562,-0.5430880322124055,3815.3437554000006,15.234381300000582,35.64070750000759,-0.5245996456942887
23.914062488,2026-05-04T22:12:32.421875Z,2026-05-04T22:13:33.845937488Z,0.943029284477234,0.3301392793655396,-0.0765549093484878,-0.5473487389499047,3811.8281304000006,11.132818800000495,-18.07022999999355,-0.5179772814765934
23.921874988,2026-05-04T22:12:32.429687Z,2026-05-04T22:13:33.853749988Z,0.9407328367233276,0.3326531648635864,-0.0758168175816535,-0.5602364321559787,3808.8750036,6.843756900000443,-68.12492919999545,-0.514210870957971
23.929687488,2026-05-04T22:12:32.437500Z,2026-05-04T22:13:33.861562488Z,0.9393268823623656,0.3335842192173004,-0.073617935180664,-0.5464575040468795,3806.5312536,2.351569400000347,-114.21867919999643,-0.5135384293197646
23.937499988,2026-05-04T22:12:32.445312Z,2026-05-04T22:13:33.869374988Z,0.940436065196991,0.3331652283668518,-0.0664215832948684,-0.5518284737982478,3804.1875036,-2.140618099999749,-160.3124291999974,-0.5128659876815582
23.945312488,2026-05-04T22:12:32.453125Z,2026-05-04T22:13:33.877187488Z,0.9421544671058656,0.3329169452190399,-0.0565650463104248,-0.5605047533764256,3801.8437536,-6.632805599999845,-206.4061791999984,-0.5121935460433518
23.953124988,2026-05-04T22:12:32.460937Z,2026-05-04T22:13:33.884999988Z,0.9372804164886476,0.3351204693317413,-0.0497684925794601,-0.5132999324756331,3799.5000036,-11.12499309999994,-252.49992919999937,-0.5115211044051453
23.960937488,2026-05-04T22:12:32.468750Z,2026-05-04T22:13:33.892812488Z,0.9367961287498474,0.3375256955623627,-0.0391738638281822,-0.51259189917475,3797.1562536,-13.929687800000005,-291.70308359999933,-0.5111613404723002
23.968749988,2026-05-04T22:12:32.476562Z,2026-05-04T22:13:33.900624988Z,0.9375303387641908,0.3372774124145508,-0.025257846340537,-0.5152604162444563,3794.8125036,-13.734375300000018,-318.6562085999975,-0.5113574517214785
23.976562488,2026-05-04T22:12:32.484375Z,2026-05-04T22:13:33.908437488Z,0.9384364485740662,0.335523933172226,-0.0124028269201517,-0.515658800167669,3792.4687536000006,-13.539062800000032,-345.6093335999957,-0.5115535629706569
23.984374988,2026-05-04T22:12:32.492187Z,2026-05-04T22:13:33.916249988Z,0.937686562538147,0.3362532556056976,-0.00170055963099,-0.5093809488594198,3790.1250036000006,-13.343750300000044,-372.5624585999939,-0.5117496742198353
23.992187488,2026-05-04T22:12:32.500000Z,2026-05-04T22:13:33.924062488Z,0.9368742108345032,0.3359584212303162,0.010539386421442,-0.500038269341863,3787.7812536000006,-13.148437800000057,-399.51558359999206,-0.5119457854690136
23.999999988,2026-05-04T22:12:32.507812Z,2026-05-04T22:13:33.931874988Z,0.9374366402626038,0.3351980447769165,0.024962842464447,-0.5063845166000417,3785.5312530000006,-11.968756600001463,-419.296879500001,-0.5102753298101387
24.007812488,2026-05-04T22:12:32.515625Z,2026-05-04T22:13:33.939687488Z,0.9371398091316224,0.3344842493534088,0.0407855883240699,-0.5062106438712541,3783.5781280000006,-7.67188160000137,-416.36719200000095,-0.5026940291669807
24.015624988,2026-05-04T22:12:32.523437Z,2026-05-04T22:13:33.947499988Z,0.9372804164886476,0.3328083455562592,0.0565929561853408,-0.5099029930080137,3781.6250030000006,-3.3750066000012793,-413.4375045000009,-0.4951127285238229
24.023437488,2026-05-04T22:12:32.531250Z,2026-05-04T22:13:33.955312488Z,0.9377803206443788,0.3324979841709137,0.0711855590343475,-0.5249947499940701,3779.6718780000006,0.9218683999988124,-410.5078170000008,-0.48753142788066495
24.031249988,2026-05-04T22:12:32.539062Z,2026-05-04T22:13:33.963124988Z,0.937936544418335,0.3320169150829315,0.0835177674889564,-0.535578861943816,3777.7187530000006,5.218743399998904,-407.5781295000007,-0.4799501272375071
24.039062488,2026-05-04T22:12:32.546875Z,2026-05-04T22:13:33.970937488Z,0.936983585357666,0.3299375474452972,0.097925841808319,-0.5314339112668606,3776.515618399999,9.351557999999315,-401.78910360000623,-0.47402526788317284
24.046874988,2026-05-04T22:12:32.554687Z,2026-05-04T22:13:33.978749988Z,0.9382176995277404,0.3273461163043976,0.1133949235081673,-0.553751722658066,3780.8124933999993,12.281245499999377,-375.03129110000566,-0.48024782133623833
24.054687488,2026-05-04T22:12:32.562500Z,2026-05-04T22:13:33.986562488Z,0.9386082887649536,0.3275167942047119,0.1252043098211288,-0.5496835048715593,3785.1093683999993,15.210932999999441,-348.2734786000051,-0.4864703747893038
24.062499988,2026-05-04T22:12:32.570312Z,2026-05-04T22:13:33.994374988Z,0.937702178955078,0.3285409808158875,0.1343996524810791,-0.5427830640676975,3789.4062433999993,18.140620499999503,-321.5156661000045,-0.4926929282423694
24.070312488,2026-05-04T22:12:32.578125Z,2026-05-04T22:13:34.002187488Z,0.9373272657394408,0.3268340229988098,0.145163431763649,-0.5368894228507722,3793.7031183999993,21.070307999999567,-294.75785360000395,-0.49891548169543487
24.078124988,2026-05-04T22:12:32.585937Z,2026-05-04T22:13:34.009999988Z,0.9393424987792968,0.3247701525688171,0.156926691532135,-0.5021294866755687,3797.9999933999993,23.999995499999628,-268.0000411000034,-0.5051380351485004
24.085937488,2026-05-04T22:12:32.593750Z,2026-05-04T22:13:34.017812488Z,0.9387801289558412,0.3239167034626007,0.1649072617292404,-0.4975699668934027,3801.5156196,25.171873199999876,-221.32038420000495,-0.5101928459790824
24.093749988,2026-05-04T22:12:32.601562Z,2026-05-04T22:13:34.025624988Z,0.9369523525238036,0.3255460560321808,0.1710426062345505,-0.5004779203340043,3805.0312446,26.3437481999999,-174.64069670000396,-0.5152476550160089
24.101562488,2026-05-04T22:12:32.609375Z,2026-05-04T22:13:34.033437488Z,0.9381864666938782,0.3268805742263794,0.1773932427167892,-0.46898673905736615,3808.5468696,27.515623199999926,-127.96100920000295,-0.5203024640529353
24.109374988,2026-05-04T22:12:32.617187Z,2026-05-04T22:13:34.041249988Z,0.9367961287498474,0.3262133002281189,0.1816833764314651,-0.47862315107350634,3812.0624946,28.68749819999995,-81.28132170000195,-0.5253572730898618
24.117187488,2026-05-04T22:12:32.625000Z,2026-05-04T22:13:34.049062488Z,0.9389519691467284,0.3268650472164154,0.1847126036882401,-0.4456958006703433,3815.5781196,29.859373199999975,-34.60163420000096,-0.5304120821267883
24.124999988,2026-05-04T22:12:32.632812Z,2026-05-04T22:13:34.056874988Z,0.9376397132873536,0.3274702429771423,0.1839283853769302,-0.46005792123231126,3816.1718747,26.734380699999996,17.40616900000004,-0.5342895190041238
24.132812488,2026-05-04T22:12:32.640625Z,2026-05-04T22:13:34.064687488Z,0.933906078338623,0.3282771706581116,0.1807761341333389,-0.5053267770377301,3816.3671872,23.023443199999917,70.14054400000117,-0.5380064027971364
24.140624988,2026-05-04T22:12:32.648437Z,2026-05-04T22:13:34.072499988Z,0.938639521598816,0.3299530744552612,0.1806069910526276,-0.4457451934551864,3816.5624997,19.31250569999984,122.8749190000023,-0.541723286590149
24.148437488,2026-05-04T22:12:32.656250Z,2026-05-04T22:13:34.080312488Z,0.9384832978248596,0.3310548365116119,0.1793614774942398,-0.44518998274023147,3816.7578122,15.60156819999976,175.60929400000342,-0.5454401703831616
24.156249988,2026-05-04T22:12:32.664062Z,2026-05-04T22:13:34.088124988Z,0.933281183242798,0.3327307403087616,0.1731953620910645,-0.5088751722997885,3816.9531247,11.890630699999681,228.34366900000452,-0.5491570541761742
24.164062488,2026-05-04T22:12:32.671875Z,2026-05-04T22:13:34.095937488Z,0.9324063658714294,0.3334755897521973,0.1658144891262054,-0.529384248278237,3820.71093,7.289069999999805,272.3202492000016,-0.5352477025772413
24.171874988,2026-05-04T22:12:32.679687Z,2026-05-04T22:13:34.103749988Z,0.9354994893074036,0.333972156047821,0.1587411612272263,-0.5053126282637682,3825.5937424999997,2.4062575000001347,313.53118669999884,-0.5157721245076685
24.179687488,2026-05-04T22:12:32.687500Z,2026-05-04T22:13:34.111562488Z,0.9371241927146912,0.3349652886390686,0.1479466259479523,-0.5019206375599807,3830.4765549999997,-2.4765549999995358,354.74212419999606,-0.49629654643809573
24.187499988,2026-05-04T22:12:32.695312Z,2026-05-04T22:13:34.119374988Z,0.9337498545646667,0.3356325626373291,0.1345687955617905,-0.5582456104828107,3835.3593674999993,-7.359367499999206,395.95306169999327,-0.47682096836852295
24.195312488,2026-05-04T22:12:32.703125Z,2026-05-04T22:13:34.127187488Z,0.9353745579719543,0.3352135717868805,0.1247891485691071,-0.555443824219261,3840.242179999999,-12.242179999998877,437.1639991999905,-0.45734539029895016
24.203124988,2026-05-04T22:12:32.710937Z,2026-05-04T22:13:34.134999988Z,0.9349058866500854,0.334934264421463,0.1133487895131111,-0.5472025733698618,3842.2499994,-13.12500210000033,461.12497809999655,-0.4459081728585681
24.210937488,2026-05-04T22:12:32.718750Z,2026-05-04T22:13:34.142812488Z,0.9344215989112854,0.3363774120807648,0.0996787995100021,-0.531202173505316,3842.6406244,-11.7578146000003,475.3827905999969,-0.4389925634160355
24.218749988,2026-05-04T22:12:32.726562Z,2026-05-04T22:13:34.150624988Z,0.9344215989112854,0.336439460515976,0.0865162461996078,-0.5177714159872129,3843.0312494,-10.390627100000271,489.6406030999972,-0.43207695397350293
24.226562488,2026-05-04T22:12:32.734375Z,2026-05-04T22:13:34.158437488Z,0.937811553478241,0.3350583910942078,0.0738765001296997,-0.5391489259963689,3843.4218744,-9.023439600000241,503.89841559999746,-0.4251613445309703
24.234374988,2026-05-04T22:12:32.742187Z,2026-05-04T22:13:34.166249988Z,0.9374991059303284,0.3328083455562592,0.0581460148096084,-0.5150496674930836,3843.8124994,-7.656252100000213,518.1562280999977,-0.4182457350884377
24.242187488,2026-05-04T22:12:32.750000Z,2026-05-04T22:13:34.174062488Z,0.935702621936798,0.3326531648635864,0.0417543277144432,-0.4849129598545993,3843.1875024,-3.5468852000008915,516.9765862000021,-0.4204458265618512
24.249999988,2026-05-04T22:12:32.757812Z,2026-05-04T22:13:34.181874988Z,0.9385301470756532,0.3326221108436584,0.0279151909053325,-0.5112791907492062,3841.6250024,3.0937397999992498,501.54689870000175,-0.4310604629700998
24.257812488,2026-05-04T22:12:32.765625Z,2026-05-04T22:13:34.189687488Z,0.9379677772521972,0.3312410414218903,0.0141836926341056,-0.4961660705011155,3840.0625024,9.73436479999939,486.1172112000014,-0.4416750993783485
24.265624988,2026-05-04T22:12:32.773437Z,2026-05-04T22:13:34.197499988Z,0.941498339176178,0.3297823667526245,0.0030970070511102,-0.5292315370044495,3838.5000024,16.374989799999533,470.68752370000107,-0.4522897357865971
24.273437488,2026-05-04T22:12:32.781250Z,2026-05-04T22:13:34.205312488Z,0.9414827227592468,0.3291151225566864,-0.0105268526822328,-0.5270645826846789,3836.9375024,23.015614799999675,455.2578362000008,-0.46290437219484576
24.281249988,2026-05-04T22:12:32.789062Z,2026-05-04T22:13:34.213124988Z,0.9401080012321472,0.3280444145202637,-0.0241045821458101,-0.5099252346996564,3835.1406283,28.17187049999992,431.78130460000096,-0.4757215780010624
24.289062488,2026-05-04T22:12:32.796875Z,2026-05-04T22:13:34.220937488Z,0.9395299553871156,0.3271288573741913,-0.0346069484949111,-0.503149755311469,3832.9921908,31.101557999999983,396.2344296000002,-0.49184265904897895
24.296874988,2026-05-04T22:12:32.804687Z,2026-05-04T22:13:34.228749988Z,0.9451225996017456,0.3267564177513123,-0.0415111407637596,-0.5561352571475147,3830.8437533,34.03124550000005,360.6875545999995,-0.5079637400968955
24.304687488,2026-05-04T22:12:32.812500Z,2026-05-04T22:13:34.236562488Z,0.943622887134552,0.3266012668609619,-0.0514599382877349,-0.5554016440777063,3828.6953158,36.960933000000104,325.1406795999987,-0.5240848211448121
24.312499988,2026-05-04T22:12:32.820312Z,2026-05-04T22:13:34.244374988Z,0.9407172203063964,0.3267409205436707,-0.0610397011041641,-0.5292395124106207,3826.5468782999997,39.89062050000017,289.59380459999795,-0.5402059021927287
24.320312488,2026-05-04T22:12:32.828125Z,2026-05-04T22:13:34.252187488Z,0.9427636861801147,0.3255770802497864,-0.0665907263755798,-0.551638798980427,3824.453128,40.14063519999964,250.1641383999973,-0.550843778093208
24.328124988,2026-05-04T22:12:32.835937Z,2026-05-04T22:13:34.259999988Z,0.9434979557991028,0.3265547156333923,-0.0709269940853118,-0.5570044507970947,3822.500003,33.50001020000009,200.75007590000067,-0.5473818761879186
24.335937488,2026-05-04T22:12:32.843750Z,2026-05-04T22:13:34.267812488Z,0.9433729648590088,0.3273771405220032,-0.0739869773387908,-0.5526787304057035,3820.546878,26.85938520000054,151.336013400004,-0.5439199742826292
24.343749988,2026-05-04T22:12:32.851562Z,2026-05-04T22:13:34.275624988Z,0.9418888688087464,0.3286030292510986,-0.0749710947275161,-0.5600837980697629,3818.593753,20.218760200000986,101.92195090000732,-0.5404580723773399
24.351562488,2026-05-04T22:12:32.859375Z,2026-05-04T22:13:34.283437488Z,0.9433573484420776,0.3298289477825165,-0.0734795406460762,-0.5436976633459155,3816.6406280000006,13.578135200001435,52.50788840001066,-0.5369961704720505
24.359374988,2026-05-04T22:12:32.867187Z,2026-05-04T22:13:34.291249988Z,0.9394987225532532,0.3308996558189392,-0.0728952214121818,-0.5406773074405565,3814.5000048000006,7.5625042000007365,3.156325300013197,-0.5333440482685431
24.367187488,2026-05-04T22:12:32.875000Z,2026-05-04T22:13:34.299062488Z,0.9407172203063964,0.3312875926494598,-0.0689587593078613,-0.5527495735163592,3811.3750048000006,4.828129200000678,-45.86711219998785,-0.5286932580860613
24.374999988,2026-05-04T22:12:32.882812Z,2026-05-04T22:13:34.306874988Z,0.9418107867240906,0.3320014178752899,-0.0651914402842521,-0.5590759702596824,3808.2500048000006,2.0937542000006197,-94.8905496999889,-0.5240424679035796
24.382812488,2026-05-04T22:12:32.890625Z,2026-05-04T22:13:34.314687488Z,0.940545380115509,0.333972156047821,-0.0609013065695762,-0.5560805558182588,3805.1250048000006,-0.6406207999994384,-143.91398719998995,-0.5193916777210978
24.390624988,2026-05-04T22:12:32.898437Z,2026-05-04T22:13:34.322499988Z,0.9383114576339722,0.3349497616291046,-0.0537972152233123,-0.530608796437706,3802.0000048000006,-3.3749957999994966,-192.93742469999097,-0.514740887538616
24.398437488,2026-05-04T22:12:32.906250Z,2026-05-04T22:13:34.330312488Z,0.9373741149902344,0.3351825475692749,-0.0425413846969604,-0.5147686426825029,3798.8984414000006,-6.124995199999492,-241.04683479999574,-0.5102455082055501
24.406249988,2026-05-04T22:12:32.914062Z,2026-05-04T22:13:34.338124988Z,0.9382489919662476,0.3356946110725403,-0.0314700827002525,-0.5220112395006474,3796.3593789,-9.249995199999558,-267.2187097999963,-0.5094801384586252
24.414062488,2026-05-04T22:12:32.921875Z,2026-05-04T22:13:34.345937488Z,0.938405215740204,0.3366256952285767,-0.0207216832786798,-0.5248023695500286,3793.8203164,-12.374995199999624,-293.3905847999969,-0.5087147687117003
24.421874988,2026-05-04T22:12:32.929687Z,2026-05-04T22:13:34.353749988Z,0.9378740191459656,0.3374636471271515,-0.0094351004809141,-0.5205432689530044,3791.2812539,-15.499995199999692,-319.56245979999744,-0.5079493989647753
24.429687488,2026-05-04T22:12:32.937500Z,2026-05-04T22:13:34.361562488Z,0.9360306859016418,0.3361291289329529,0.0022820346057415,-0.4938914291762253,3788.7421914,-18.62499519999976,-345.73433479999795,-0.5071840292178504
24.437499988,2026-05-04T22:12:32.945312Z,2026-05-04T22:13:34.369374988Z,0.9370773434638976,0.3348256349563599,0.0160750411450862,-0.5021593705655811,3786.2031289,-21.749995199999823,-371.9062097999985,-0.5064186594709256
24.445312488,2026-05-04T22:12:32.953125Z,2026-05-04T22:13:34.377187488Z,0.9383583068847656,0.3352290987968445,0.0291299596428871,-0.5218545763810947,3785.6406256,-17.50782000000017,-380.10936479999975,-0.5073776339584002
24.453124988,2026-05-04T22:12:32.960937Z,2026-05-04T22:13:34.384999988Z,0.9369211196899414,0.3346549272537231,0.0419234707951545,-0.5087102293061133,3785.2500006,-12.625007500000066,-386.7499897999999,-0.5084865545520293
24.460937488,2026-05-04T22:12:32.968750Z,2026-05-04T22:13:34.392812488Z,0.9348277449607848,0.3331807553768158,0.0560086369514465,-0.4867993670621543,3784.8593756,-7.7421949999999615,-393.39061480000004,-0.5095954751456584
24.468749988,2026-05-04T22:12:32.976562Z,2026-05-04T22:13:34.400624988Z,0.939358115196228,0.332327276468277,0.0726156011223793,-0.5468697764317723,3784.4687506,-2.859382499999858,-400.0312398000002,-0.5107043957392874
24.476562488,2026-05-04T22:12:32.984375Z,2026-05-04T22:13:34.408437488Z,0.9385301470756532,0.3306979238986969,0.0872850865125656,-0.5442527658120134,3784.0781256,2.023430000000246,-406.6718648000003,-0.5118133163329165
24.484374988,2026-05-04T22:12:32.992187Z,2026-05-04T22:13:34.416249988Z,0.9355620145797728,0.3299686014652252,0.0986946821212768,-0.5198493944715264,3785.8749964,7.687491000000005,-388.7812869,-0.5125311443578318
24.492187488,2026-05-04T22:12:33.000000Z,2026-05-04T22:13:34.424062488Z,0.9385457634925842,0.3299840986728668,0.1112883016467094,-0.5554905773897233,3788.2187464,13.54686599999961,-364.7578494000016,-0.5131511983019446
24.499999988,2026-05-04T22:12:33.007812Z,2026-05-04T22:13:34.431874988Z,0.9389207363128662,0.3281219899654388,0.1231591999530792,-0.5432380521277189,3790.5624964,19.406240999999216,-340.73441190000324,-0.5137712522460574
24.507812488,2026-05-04T22:12:33.015625Z,2026-05-04T22:13:34.439687488Z,0.9379833936691284,0.3257788121700287,0.1341075003147125,-0.5471753109809232,3792.9062463999994,25.26561599999882,-316.71097440000483,-0.5143913061901702
24.515624988,2026-05-04T22:12:33.023437Z,2026-05-04T22:13:34.447499988Z,0.93828022480011,0.3257632851600647,0.1435642391443253,-0.5292374881197962,3795.2499963999994,31.124990999998424,-292.6875369000065,-0.515011360134283
24.523437488,2026-05-04T22:12:33.031250Z,2026-05-04T22:13:34.455312488Z,0.9394518733024596,0.3259184658527374,0.1528057008981705,-0.5001642582755568,3797.4609341999994,33.0,-255.11725500001214,-0.515187058344233
24.531249988,2026-05-04T22:12:33.039062Z,2026-05-04T22:13:34.463124988Z,0.9377803206443788,0.3259029686450958,0.1604787409305573,-0.5056619704741573,3799.6093716999994,33.0,-211.1719425000112,-0.5151536464973362
24.539062488,2026-05-04T22:12:33.046875Z,2026-05-04T22:13:34.470937488Z,0.9376240968704224,0.3259184658527374,0.167767345905304,-0.49384232528619654,3801.7578091999994,33.0,-167.22663000001026,-0.5151202346504395
24.546874988,2026-05-04T22:12:33.054687Z,2026-05-04T22:13:34.478749988Z,0.9390144348144532,0.3254839777946472,0.17425636947155,-0.4675462152991678,3803.9062466999994,33.0,-123.28131750000932,-0.5150868228035428
24.554687488,2026-05-04T22:12:33.062500Z,2026-05-04T22:13:34.486562488Z,0.938389539718628,0.3261201977729797,0.176486000418663,-0.4678637896754628,3806.0546841999994,33.0,-79.33600500000838,-0.5150534109566461
24.562499988,2026-05-04T22:12:33.070312Z,2026-05-04T22:13:34.494374988Z,0.9379990100860596,0.3273305892944336,0.1771164536476135,-0.4664412907486356,3808.4218710999994,29.93750840000093,-33.42194790000806,-0.5205476990737724
24.570312488,2026-05-04T22:12:33.078125Z,2026-05-04T22:13:34.502187488Z,0.935921311378479,0.3277650773525238,0.1778391599655151,-0.48671272077654243,3810.9609335999994,24.468758400000812,14.038989599992952,-0.5303852070943003
24.578124988,2026-05-04T22:12:33.085937Z,2026-05-04T22:13:34.509999988Z,0.9369055032730104,0.3284633755683899,0.178592637181282,-0.4712934980587789,3813.4999961,19.000008400000695,61.49992709999396,-0.540222715114828
24.585937488,2026-05-04T22:12:33.093750Z,2026-05-04T22:13:34.517812488Z,0.93710857629776,0.3300617039203644,0.1757325381040573,-0.4682430537481867,3816.0390586,13.53125840000058,108.96086459999498,-0.5500602231353559
24.593749988,2026-05-04T22:12:33.101562Z,2026-05-04T22:13:34.525624988Z,0.9350308775901794,0.3319083154201508,0.170350655913353,-0.49454417307009774,3818.5781211,8.062508400000462,156.42180209999597,-0.5598977311558836
24.601562488,2026-05-04T22:12:33.109375Z,2026-05-04T22:13:34.533437488Z,0.935780704021454,0.3321255445480347,0.1667832285165787,-0.49188957602728234,3821.2031208,4.140628000000123,201.30462359999737,-0.5581299356783062
24.609374988,2026-05-04T22:12:33.117187Z,2026-05-04T22:13:34.541249988Z,0.9348277449607848,0.3324979841709137,0.1606478840112686,-0.5121052918060804,3823.9374958,2.1875030000000817,242.90618609999825,-0.5415916618549518
24.617187488,2026-05-04T22:12:33.125000Z,2026-05-04T22:13:34.549062488Z,0.9365305304527284,0.3344221711158752,0.1526980698108673,-0.49920294255708725,3826.6718708,0.23437800000003978,284.50774859999916,-0.5250533880315974
24.624999988,2026-05-04T22:12:33.132812Z,2026-05-04T22:13:34.556874988Z,0.9341716766357422,0.3361291289329529,0.1420265585184097,-0.5361690239294816,3829.4062458,-1.718747000000002,326.1093111,-0.5085151142082431
24.632812488,2026-05-04T22:12:33.140625Z,2026-05-04T22:13:34.564687488Z,0.9339685440063475,0.3355860114097595,0.1310936361551285,-0.5572822189022172,3832.1406208,-3.6718720000000435,367.7108736000009,-0.49197684038488876
24.640624988,2026-05-04T22:12:33.148437Z,2026-05-04T22:13:34.572499988Z,0.9352807998657228,0.3351359963417053,0.1201760992407799,-0.5599127119974023,3833.6875015,-4.937500299999997,402.2499700000003,-0.47977242882885335
24.648437488,2026-05-04T22:12:33.156250Z,2026-05-04T22:13:34.580312488Z,0.9363274574279784,0.3351514935493469,0.1082283109426498,-0.5610382459438064,3832.710939,-4.742187800000011,421.781219999999,-0.47677753959911523
24.656249988,2026-05-04T22:12:33.164062Z,2026-05-04T22:13:34.588124988Z,0.93448406457901,0.3355860114097595,0.0943122953176498,-0.5265627663644794,3831.7343765,-4.546875300000023,441.31246999999763,-0.4737826503693771
24.664062488,2026-05-04T22:12:33.171875Z,2026-05-04T22:13:34.595937488Z,0.9355307817459106,0.3359739482402802,0.0825490280985832,-0.5283145056282413,3830.757814,-4.351562800000036,460.8437199999963,-0.47078776113963894
24.671874988,2026-05-04T22:12:33.179687Z,2026-05-04T22:13:34.603749988Z,0.9383739233016968,0.3351514935493469,0.0710010379552841,-0.546926286783154,3829.7812515,-4.15625030000005,480.374969999995,-0.4677928719099008
24.679687488,2026-05-04T22:12:33.187500Z,2026-05-04T22:13:34.611562488Z,0.9358431696891784,0.3335686922073364,0.0566083341836929,-0.5018390701757702,3829.1171866,-3.101569400001369,494.1640766000028,-0.46557899042571593
24.687499988,2026-05-04T22:12:33.195312Z,2026-05-04T22:13:34.619374988Z,0.9362181425094604,0.3331497311592102,0.0409547314047813,-0.4958734575745538,3829.7031241,1.390618099998727,484.9843891000026,-0.4664891699146777
24.695312488,2026-05-04T22:12:33.203125Z,2026-05-04T22:13:34.627187488Z,0.938639521598816,0.3318772614002228,0.0269156973809003,-0.512676675241861,3830.2890616,5.882805599998823,475.80470160000243,-0.46739934940363953
24.703124988,2026-05-04T22:12:33.210937Z,2026-05-04T22:13:34.634999988Z,0.940326690673828,0.3298599720001221,0.0134917357936501,-0.5209411297231366,3830.8749991,10.37499309999892,466.6250141000022,-0.46830952889260136
24.710937488,2026-05-04T22:12:33.218750Z,2026-05-04T22:13:34.642812488Z,0.9400142431259156,0.3290840983390808,0.000713599845767,-0.5132932375539903,3831.4609366,14.867180599999015,457.44532660000203,-0.4692197083815631
24.718749988,2026-05-04T22:12:33.226562Z,2026-05-04T22:13:34.650624988Z,0.9410609006881714,0.3299530744552612,-0.0099271591752767,-0.5288794290854326,3832.0156247,19.09374819999977,446.3906751000065,-0.47069835282245537
24.726562488,2026-05-04T22:12:33.234375Z,2026-05-04T22:13:34.658437488Z,0.9409202933311462,0.3286340832710266,-0.0206601750105619,-0.5237548384221501,3832.2109372,20.265623199999794,413.77348760000575,-0.4787144806447731
24.734374988,2026-05-04T22:12:33.242187Z,2026-05-04T22:13:34.666249988Z,0.9411234259605408,0.3268184959888458,-0.0308703836053609,-0.5221434052050914,3832.4062497,21.43749819999982,381.15630010000507,-0.48673060846709093
24.742187488,2026-05-04T22:12:33.250000Z,2026-05-04T22:13:34.674062488Z,0.9435291886329652,0.3270047008991241,-0.0401579812169075,-0.5538142698166036,3832.6015622,22.609373199999844,348.5391126000044,-0.49474673628940874
24.749999988,2026-05-04T22:12:33.257812Z,2026-05-04T22:13:34.681874988Z,0.9417170286178588,0.3266322910785675,-0.0507064759731292,-0.5370053783974437,3832.7968747,23.78124819999987,315.9219251000037,-0.5027628641117265
24.757812488,2026-05-04T22:12:33.265625Z,2026-05-04T22:13:34.689687488Z,0.9433261156082152,0.3261512517929077,-0.056872583925724,-0.5569441980665726,3832.9921872,24.953123199999894,283.30473760000297,-0.5107789919340443
24.765624988,2026-05-04T22:12:33.273437Z,2026-05-04T22:13:34.697499988Z,0.9434198141098022,0.3261047005653381,-0.0614548698067665,-0.5607177806047312,3827.3750090000003,24.437500900000042,236.06257350000337,-0.5094931501428855
24.773437488,2026-05-04T22:12:33.281250Z,2026-05-04T22:13:34.705312488Z,0.9421231746673584,0.3275788724422455,-0.0664369612932205,-0.5556188009790239,3821.5156340000003,23.85156340000003,188.21101100000234,-0.5078197107811901
24.781249988,2026-05-04T22:12:33.289062Z,2026-05-04T22:13:34.713124988Z,0.941014051437378,0.3283392488956451,-0.0694354400038719,-0.5482896774970137,3815.6562590000003,23.265625900000018,140.35944850000132,-0.5061462714194946
24.789062488,2026-05-04T22:12:33.296875Z,2026-05-04T22:13:34.720937488Z,0.94338858127594,0.3282771706581116,-0.0684513226151466,-0.5501374352943172,3809.796884,22.679688400000003,92.50788600000028,-0.5044728320577992
24.796874988,2026-05-04T22:12:33.304687Z,2026-05-04T22:13:34.728749988Z,0.9434354305267334,0.3289289176464081,-0.0680515244603157,-0.5473365835978325,3803.937509,22.09375089999999,44.65632349999927,-0.5027993926961039
24.804687488,2026-05-04T22:12:33.312500Z,2026-05-04T22:13:34.736562488Z,0.9402954578399658,0.330108255147934,-0.067743994295597,-0.5460205932192175,3801.359378,17.898445000000187,-1.882741399998227,-0.5003782330076051
24.812499988,2026-05-04T22:12:33.320312Z,2026-05-04T22:13:34.744374988Z,0.940201699733734,0.3322341740131378,-0.0645609870553016,-0.5511752154567594,3799.406253,13.015632500000516,-48.1718038999951,-0.4978146487720218
24.820312488,2026-05-04T22:12:33.328125Z,2026-05-04T22:13:34.752187488Z,0.9405141472816468,0.3335997462272644,-0.0594405084848403,-0.5565217098762056,3797.4531280000006,8.132820000000846,-94.46086639999197,-0.49525106453643847
24.828124988,2026-05-04T22:12:33.335937Z,2026-05-04T22:13:34.759999988Z,0.9408734440803528,0.3334135115146637,-0.0533359125256538,-0.5560886551082561,3795.5000030000006,3.250007500001175,-140.74992889998884,-0.49268748030085513
24.835937488,2026-05-04T22:12:33.343750Z,2026-05-04T22:13:34.767812488Z,0.9397799372673036,0.3338169753551483,-0.0463240817189216,-0.5415420471555231,3793.5468780000006,-1.632804999998495,-187.03899139998572,-0.4901238960652718
24.843749988,2026-05-04T22:12:33.351562Z,2026-05-04T22:13:34.775624988Z,0.937936544418335,0.3354618549346924,-0.0394814014434814,-0.5243155213103705,3792.2968765000005,-3.5624987999997564,-220.39058149999116,-0.4922279268115356
24.851562488,2026-05-04T22:12:33.359375Z,2026-05-04T22:13:34.783437488Z,0.9371554255485536,0.3363618850708008,-0.0288713965564966,-0.5151953441362523,3791.3203140000005,-4.343748799999773,-248.71089399999178,-0.4961471549918538
24.859374988,2026-05-04T22:12:33.367187Z,2026-05-04T22:13:34.791249988Z,0.9383426904678344,0.3360825777053833,-0.0148784946650266,-0.5242902552368482,3790.3437515,-5.12499879999979,-277.0312064999924,-0.500066383172172
24.867187488,2026-05-04T22:12:33.375000Z,2026-05-04T22:13:34.799062488Z,0.9393893480300904,0.336827427148819,-0.0026539228856563,-0.5378325841180769,3789.367189,-5.906248799999807,-305.351518999993,-0.5039856113524902
24.874999988,2026-05-04T22:12:33.382812Z,2026-05-04T22:13:34.806874988Z,0.9361087679862976,0.3372463881969452,0.0068950802087783,-0.5029470781040067,3788.3906265,-6.6874987999998226,-333.6718314999936,-0.5079048395328084
24.882812488,2026-05-04T22:12:33.390625Z,2026-05-04T22:13:34.814687488Z,0.9351714253425598,0.3359118700027466,0.0179663896560668,-0.48876110067698714,3785.6562560000007,-7.0,-349.80467519999837,-0.503113710246153
24.890624988,2026-05-04T22:12:33.398437Z,2026-05-04T22:13:34.822499988Z,0.9370773434638976,0.3337238729000092,0.0319131650030612,-0.5056226187748187,3781.7500060000007,-7.0,-357.81248769999854,-0.4925156388172229
24.898437488,2026-05-04T22:12:33.406250Z,2026-05-04T22:13:34.830312488Z,0.9389050602912904,0.3331807553768158,0.045598529279232,-0.5301100783016673,3777.8437560000007,-7.0,-365.8203001999987,-0.4819175673882928
24.906249988,2026-05-04T22:12:33.414062Z,2026-05-04T22:13:34.838124988Z,0.9364836812019348,0.3332273066043854,0.0584996789693832,-0.5105148578127177,3773.9375060000007,-7.0,-373.8281126999989,-0.4713194959593626
24.914062488,2026-05-04T22:12:33.421875Z,2026-05-04T22:13:34.845937488Z,0.93759286403656,0.333615243434906,0.072969265282154,-0.5355340460067429,3770.0312560000007,-7.0,-381.83592519999905,-0.4607214245304325
24.921874988,2026-05-04T22:12:33.429687Z,2026-05-04T22:13:34.853749988Z,0.9385457634925842,0.3313341438770294,0.0883922129869461,-0.551289681820959,3770.0624933999998,-3.812510200000655,-377.56252700000175,-0.4594509220382579
24.929687488,2026-05-04T22:12:33.437500Z,2026-05-04T22:13:34.861562488Z,0.9365149140357972,0.3286495804786682,0.1010473370552063,-0.531486003734935,3774.3593683999998,2.828114799999486,-359.98440200000135,-0.4682853480782313
24.937499988,2026-05-04T22:12:33.445312Z,2026-05-04T22:13:34.869374988Z,0.9377803206443788,0.3287116587162018,0.1108731254935265,-0.5574784520319123,3778.6562433999998,9.468739799999627,-342.406277000001,-0.4771197741182047
24.945312488,2026-05-04T22:12:33.453125Z,2026-05-04T22:13:34.877187488Z,0.9382176995277404,0.3286340832710266,0.1201299726963043,-0.5501177622730006,3782.9531183999998,16.109364799999767,-324.8281520000006,-0.4859542001581782
24.953124988,2026-05-04T22:12:33.460937Z,2026-05-04T22:13:34.884999988Z,0.9394987225532532,0.3264926373958588,0.131324291229248,-0.5282343284534583,3787.2499933999998,22.74998979999991,-307.2500270000002,-0.4947886261981516
24.960937488,2026-05-04T22:12:33.468750Z,2026-05-04T22:13:34.892812488Z,0.9381864666938782,0.3249408602714539,0.1422418355941772,-0.5324874399812901,3791.1249952,27.49218539999997,-282.5703698000009,-0.501739373236725
24.968749988,2026-05-04T22:12:33.476562Z,2026-05-04T22:13:34.900624988Z,0.939608097076416,0.3261667490005493,0.1508836001157761,-0.497616835935087,3794.2499952,28.859372899999876,-245.26568230000342,-0.5053413352809633
24.976562488,2026-05-04T22:12:33.484375Z,2026-05-04T22:13:34.908437488Z,0.9374210238456726,0.3263840079307556,0.1568805575370789,-0.5109623991779244,3797.3749951999994,30.226560399999784,-207.96099480000592,-0.5089432973252015
24.984374988,2026-05-04T22:12:33.492187Z,2026-05-04T22:13:34.916249988Z,0.9376553297042848,0.3260426223278046,0.1639077663421631,-0.4970720314385757,3800.4999951999994,31.59374789999969,-170.65630730000845,-0.5125452593694397
24.992187488,2026-05-04T22:12:33.500000Z,2026-05-04T22:13:34.924062488Z,0.9401236176490784,0.3257477879524231,0.1701968908309937,-0.45897349171117147,3803.624995199999,32.9609353999996,-133.35161980001095,-0.5161472214136779
24.999999988,2026-05-04T22:12:33.507812Z,2026-05-04T22:13:34.931874988Z,0.9375772476196288,0.3263064324855804,0.1716269254684448,-0.4825752027727594,3806.4687469999994,33.5781277000006,-93.46882380001635,-0.5204133799928045
25.007812488,2026-05-04T22:12:33.515625Z,2026-05-04T22:13:34.939687488Z,0.9369679689407348,0.3274236917495728,0.1724726557731628,-0.48342200970410876,3808.4218719999994,31.82031520000056,-45.42194880001532,-0.5267828453111023
25.015624988,2026-05-04T22:12:33.523437Z,2026-05-04T22:13:34.947499988Z,0.9367961287498474,0.3286806344985962,0.1729032099246979,-0.47976168754302967,3810.3749969999994,30.062502700000522,2.624926199985698,-0.5331523106294003
25.023437488,2026-05-04T22:12:33.531250Z,2026-05-04T22:13:34.955312488Z,0.937827169895172,0.3291306495666504,0.1721651256084442,-0.4678515526392987,3812.3281219999994,28.304690200000486,50.671801199986724,-0.5395217759476982
25.031249988,2026-05-04T22:12:33.539062Z,2026-05-04T22:13:34.963124988Z,0.9363274574279784,0.3286340832710266,0.1701815128326416,-0.49012098834611706,3814.2812469999994,26.546877700000447,98.71867619998774,-0.5458912412659961
25.039062488,2026-05-04T22:12:33.546875Z,2026-05-04T22:13:34.970937488Z,0.9361712336540222,0.331411749124527,0.166029766201973,-0.4886941971340594,3816.3281207999994,24.179698000001597,145.96868639999033,-0.5503595364438447
25.046874988,2026-05-04T22:12:33.554687Z,2026-05-04T22:13:34.978749988Z,0.9346715211868286,0.3331342041492462,0.1594792455434799,-0.5106309664152693,3819.0624957999994,17.34376050000145,187.3749363999912,-0.5408857144642899
25.054687488,2026-05-04T22:12:33.562500Z,2026-05-04T22:13:34.986562488Z,0.9349371194839478,0.3333204090595245,0.1552506238222122,-0.5137824527783245,3821.7968707999994,10.507823000001306,228.7811863999921,-0.5314118924847351
25.062499988,2026-05-04T22:12:33.570312Z,2026-05-04T22:13:34.994374988Z,0.936858594417572,0.3340497612953186,0.1486232131719589,-0.5004345590715119,3824.5312457999994,3.6718855000011605,270.187436399993,-0.5219380705051804
25.070312488,2026-05-04T22:12:33.578125Z,2026-05-04T22:13:35.002187488Z,0.9345309734344482,0.335492879152298,0.1362756192684174,-0.540661980553433,3827.2656207999994,-3.164051999998985,311.5936863999938,-0.5124642485256256
25.078124988,2026-05-04T22:12:33.585937Z,2026-05-04T22:13:35.009999988Z,0.9341716766357422,0.3351980447769165,0.125265821814537,-0.5619733420097504,3829.9999958,-9.999989499999131,352.99993639999474,-0.5029904265460707
25.085937488,2026-05-04T22:12:33.593750Z,2026-05-04T22:13:35.017812488Z,0.9340623021125792,0.3352445960044861,0.1149326041340828,-0.5473037148388562,3830.976561,-10.585936599999938,378.5858981999973,-0.4915385014467023
25.093749988,2026-05-04T22:12:33.601562Z,2026-05-04T22:13:35.025624988Z,0.9364680647850036,0.3354773819446564,0.103968933224678,-0.5619283724406331,3831.9531235,-11.17187409999995,404.1718356999978,-0.48008657330896254
25.101562488,2026-05-04T22:12:33.609375Z,2026-05-04T22:13:35.033437488Z,0.9363430738449096,0.3356480598449707,0.092451699078083,-0.5487902934900419,3832.929686,-11.757811599999963,429.7577731999984,-0.46863464517122283
25.109374988,2026-05-04T22:12:33.617187Z,2026-05-04T22:13:35.041249988Z,0.9354214072227478,0.3357101380825043,0.0798734575510025,-0.5264564754406633,3833.9062485,-12.343749099999975,455.34371069999895,-0.45718271703348307
25.117187488,2026-05-04T22:12:33.625000Z,2026-05-04T22:13:35.049062488Z,0.935780704021454,0.3350583910942078,0.0664033666253089,-0.5167450195262226,3834.882811,-12.929686599999988,480.92964819999946,-0.4457307888957433
25.124999988,2026-05-04T22:12:33.632812Z,2026-05-04T22:13:35.056874988Z,0.9375772476196288,0.3335531949996948,0.053394578397274,-0.5227148714398663,3837.0624964,-7.156260199999995,478.6718843,-0.43941403894419356
25.132812488,2026-05-04T22:12:33.640625Z,2026-05-04T22:13:35.064687488Z,0.9384520649909972,0.3325134813785553,0.0403089076280593,-0.5214262432829442,3839.4062464,-0.5156351999998537,472.6171967999999,-0.43379755074898324
25.140624988,2026-05-04T22:12:33.648437Z,2026-05-04T22:13:35.072499988Z,0.9379677772521972,0.3319548666477203,0.0264236386865377,-0.5082456543994409,3841.7499964000003,6.124989800000288,466.56250929999976,-0.4281810625537729
25.148437488,2026-05-04T22:12:33.656250Z,2026-05-04T22:13:35.080312488Z,0.93876451253891,0.3305737972259521,0.0129074165597558,-0.5089118778901847,3844.0937464000003,12.765614800000428,460.5078217999996,-0.42256457435856254
25.156249988,2026-05-04T22:12:33.664062Z,2026-05-04T22:13:35.088124988Z,0.9399986267089844,0.3293013274669647,0.0018361080437898,-0.5170329798923794,3846.4374964000003,19.40623980000057,454.4531342999995,-0.4169480861633522
25.164062488,2026-05-04T22:12:33.671875Z,2026-05-04T22:13:35.095937488Z,0.9422637820243835,0.3299375474452972,-0.0092505794018507,-0.5455143009308869,3843.28907,22.781246400000093,433.109415199999,-0.43393954782182426
25.171874988,2026-05-04T22:12:33.679687Z,2026-05-04T22:13:35.103749988Z,0.939608097076416,0.3286185562610626,-0.0209215823560953,-0.5120808987409632,3838.4062575000003,25.124996399999937,406.93754020000074,-0.4580704221866515
25.179687488,2026-05-04T22:12:33.687500Z,2026-05-04T22:13:35.111562488Z,0.943138599395752,0.3268650472164154,-0.0284562241286039,-0.5475359835079412,3833.5234450000003,27.468746399999777,380.7656652000025,-0.48220129655147875
25.187499988,2026-05-04T22:12:33.695312Z,2026-05-04T22:13:35.119374988Z,0.943138599395752,0.3262598514556885,-0.0372671410441398,-0.548180638950674,3828.6406325000007,29.81249639999962,354.59379020000426,-0.506332170916306
25.195312488,2026-05-04T22:12:33.703125Z,2026-05-04T22:13:35.127187488Z,0.9399048686027528,0.3275012671947479,-0.0482154339551925,-0.5216401166008686,3823.757820000001,32.15624639999946,328.421915200006,-0.5304630452811333
25.203124988,2026-05-04T22:12:33.710937Z,2026-05-04T22:13:35.134999988Z,0.9419982433319092,0.3273616135120392,-0.0539048537611961,-0.5479904132329997,3821.5000012,30.375006300000987,291.00006720001056,-0.540709026452374
25.210937488,2026-05-04T22:12:33.718750Z,2026-05-04T22:13:35.142812488Z,0.9454350471496582,0.3261047005653381,-0.0564112737774848,-0.5406080151789953,3820.7187512,26.2734438000009,247.2500672000096,-0.5431447031337391
25.218749988,2026-05-04T22:12:33.726562Z,2026-05-04T22:13:35.150624988Z,0.9429824352264404,0.3263840079307556,-0.0619776844978332,-0.5603504901433334,3819.9375012,22.171881300000813,203.5000672000087,-0.5455803798151042
25.226562488,2026-05-04T22:12:33.734375Z,2026-05-04T22:13:35.158437488Z,0.9397017955780028,0.3285409808158875,-0.0662524402141571,-0.5349981276938354,3819.1562512,18.070318800000727,159.75006720000775,-0.5480160564964693
25.234374988,2026-05-04T22:12:33.742187Z,2026-05-04T22:13:35.166249988Z,0.9421544671058656,0.3293634057044983,-0.0651914402842521,-0.5587239414568206,3818.3750012,13.96875630000064,116.00006720000681,-0.5504517331778345
25.242187488,2026-05-04T22:12:33.750000Z,2026-05-04T22:13:35.174062488Z,0.9419670104980468,0.3291306495666504,-0.0629771798849105,-0.5605391231388152,3816.2734426000006,11.289064600000183,70.72663420000626,-0.5471811930201048
25.249999988,2026-05-04T22:12:33.757812Z,2026-05-04T22:13:35.181874988Z,0.942451238632202,0.3306358456611633,-0.0600555837154388,-0.5540624142046284,3812.9531301,9.921877100000154,24.046946700005268,-0.5386433433660223
25.257812488,2026-05-04T22:12:33.765625Z,2026-05-04T22:13:35.189687488Z,0.9399361610412598,0.3325445353984833,-0.0584717690944671,-0.5480934990586775,3809.6328176,8.554689600000126,-22.632740799995727,-0.5301054937119397
25.265624988,2026-05-04T22:12:33.773437Z,2026-05-04T22:13:35.197499988Z,0.9388113617897034,0.3334600627422333,-0.0560114756226539,-0.5377452565364185,3806.3125051,7.1875021000000965,-69.31242829999672,-0.5215676440578572
25.273437488,2026-05-04T22:12:33.781250Z,2026-05-04T22:13:35.205312488Z,0.941373348236084,0.3330411016941071,-0.0480770394206047,-0.5606100767297579,3802.9921926,5.820314600000067,-115.99211579999772,-0.5130297944037745
25.281249988,2026-05-04T22:12:33.789062Z,2026-05-04T22:13:35.213124988Z,0.9403891563415528,0.3333980143070221,-0.0396197885274887,-0.5468455294997823,3800.6093765,2.421884900000178,-157.35932369999907,-0.5093403189518074
25.289062488,2026-05-04T22:12:33.796875Z,2026-05-04T22:13:35.220937488Z,0.9363586902618408,0.3353997766971588,-0.0333153009414672,-0.5067127531923019,3799.632814,-4.02342759999996,-190.75776119999978,-0.5129234513475855
25.296874988,2026-05-04T22:12:33.804687Z,2026-05-04T22:13:35.228749988Z,0.9369055032730104,0.3369360268115997,-0.0233357418328523,-0.516367006033559,3798.6562515,-10.468740100000097,-224.1561987000005,-0.5165065837433637
25.304687488,2026-05-04T22:12:33.812500Z,2026-05-04T22:13:35.236562488Z,0.9384364485740662,0.3362843096256256,-0.0103115793317556,-0.5287122741172816,3797.679689,-16.914052600000236,-257.5546362000012,-0.5200897161391418
25.312499988,2026-05-04T22:12:33.820312Z,2026-05-04T22:13:35.244374988Z,0.9377647042274476,0.3355394601821899,9.85264778137207e-05,-0.5174783526194454,3796.7031265,-23.35936510000037,-290.95307370000194,-0.5236728485349199
25.320312488,2026-05-04T22:12:33.828125Z,2026-05-04T22:13:35.252187488Z,0.9370929598808287,0.3357411623001099,0.010508632287383,-0.5116743936257472,3795.0156303999997,-26.468758399999704,-319.4843504000009,-0.5244085982890696
25.328124988,2026-05-04T22:12:33.835937Z,2026-05-04T22:13:35.259999988Z,0.937952160835266,0.335865318775177,0.0223949141800403,-0.5242276421706731,3791.5000054,-21.000008400000073,-335.4999753999998,-0.517822451178987
25.335937488,2026-05-04T22:12:33.843750Z,2026-05-04T22:13:35.267812488Z,0.9367648959159852,0.3353687524795532,0.0350039042532444,-0.5130142820733644,3787.9843804,-15.531258400000443,-351.51560039999873,-0.5112363040689043
25.343749988,2026-05-04T22:12:33.851562Z,2026-05-04T22:13:35.275624988Z,0.9367336630821228,0.3338635265827179,0.0490736924111843,-0.5135019708671935,3784.4687554000006,-10.062508400000812,-367.53122539999765,-0.5046501569588215
25.351562488,2026-05-04T22:12:33.859375Z,2026-05-04T22:13:35.283437488Z,0.9377177953720092,0.332358330488205,0.0628666952252388,-0.5274243869923045,3780.9531304000006,-4.593758400001182,-383.5468503999966,-0.49806400984873894
25.359374988,2026-05-04T22:12:33.867187Z,2026-05-04T22:13:35.291249988Z,0.9391862750053406,0.3323893547058105,0.0748606175184249,-0.5532977175995871,3778.843741899999,0.6874933999988433,-394.2187767000047,-0.4944482828300031
25.367187488,2026-05-04T22:12:33.875000Z,2026-05-04T22:13:35.299062488Z,0.9359993934631348,0.3317996859550476,0.0850400701165199,-0.5241324546061665,3784.117179399999,4.984368399998934,-376.8359642000043,-0.5064274395177863
25.374999988,2026-05-04T22:12:33.882812Z,2026-05-04T22:13:35.306874988Z,0.937467873096466,0.3300151526927948,0.0990175977349281,-0.5485638598700469,3789.390616899999,9.281243399999026,-359.45315170000396,-0.5184065962055695
25.382812488,2026-05-04T22:12:33.890625Z,2026-05-04T22:13:35.314687488Z,0.9386863708496094,0.3274236917495728,0.112841360270977,-0.555384043332522,3794.664054399999,13.578118399999118,-342.07033920000356,-0.5303857528933527
25.390624988,2026-05-04T22:12:33.898437Z,2026-05-04T22:13:35.322499988Z,0.938998818397522,0.3283547461032867,0.1218829229474068,-0.5366556979697783,3799.9374918999993,17.87499339999921,-324.6875267000032,-0.5423649095811359
25.398437488,2026-05-04T22:12:33.906250Z,2026-05-04T22:13:35.330312488Z,0.9372491836547852,0.3287271857261658,0.1294329464435577,-0.5447404666313949,3805.0234366,22.023436599999904,-306.6719260000054,-0.5536641378581691
25.406249988,2026-05-04T22:12:33.914062Z,2026-05-04T22:13:35.338124988Z,0.9379990100860596,0.3262753784656525,0.1393048614263535,-0.5308621382506123,3805.6093741,22.60937409999992,-273.4688010000047,-0.5486444315207948
25.414062488,2026-05-04T22:12:33.921875Z,2026-05-04T22:13:35.345937488Z,0.9408578276634216,0.3244908452033997,0.1488231122493744,-0.4902124264317544,3806.1953116,23.19531159999993,-240.265676000004,-0.5436247251834203
25.421874988,2026-05-04T22:12:33.929687Z,2026-05-04T22:13:35.353749988Z,0.9369367361068726,0.3249408602714539,0.1543741375207901,-0.5232337883049869,3806.7812491,23.781249099999943,-207.06255100000328,-0.538605018846046
25.429687488,2026-05-04T22:12:33.937500Z,2026-05-04T22:13:35.361562488Z,0.9376553297042848,0.3271443843841553,0.1598021537065506,-0.4969869631294227,3807.3671866,24.367186599999954,-173.85942600000257,-0.5335853125086715
25.437499988,2026-05-04T22:12:33.945312Z,2026-05-04T22:13:35.369374988Z,0.9371398091316224,0.3274547159671783,0.1650610268115997,-0.4921043079555217,3807.9531241,24.953124099999968,-140.65630100000186,-0.528565606171297
25.445312488,2026-05-04T22:12:33.953125Z,2026-05-04T22:13:35.377187488Z,0.9382646083831788,0.3267874717712402,0.1679672449827194,-0.47663924394628204,3809.0781232,24.820312800000007,-93.25788720000169,-0.5304584303385202
25.453124988,2026-05-04T22:12:33.960937Z,2026-05-04T22:13:35.384999988Z,0.9403423070907592,0.3268805742263794,0.1697663366794586,-0.4497213914901698,3810.2499982,24.625000300000004,-44.62507470000065,-0.532952356659339
25.460937488,2026-05-04T22:12:33.968750Z,2026-05-04T22:13:35.392812488Z,0.9353432655334472,0.3277961313724518,0.1670753955841064,-0.507482125009098,3811.4218732,24.4296878,4.007737800000387,-0.535446282980158
25.468749988,2026-05-04T22:12:33.976562Z,2026-05-04T22:13:35.400624988Z,0.9363586902618408,0.3297047913074493,0.1650149077177048,-0.49261143437975513,3812.5937482,24.234375299999993,52.64055030000142,-0.5379402093009767
25.476562488,2026-05-04T22:12:33.984375Z,2026-05-04T22:13:35.408437488Z,0.93828022480011,0.3299686014652252,0.1655377149581909,-0.46840898558607974,3813.7656232,24.03906279999999,101.27336280000246,-0.5404341356217955
25.484374988,2026-05-04T22:12:33.992187Z,2026-05-04T22:13:35.416249988Z,0.936749279499054,0.3313031196594238,0.1631543040275574,-0.4845477045923871,3815.7187467,21.187505399999996,142.24994000000004,-0.539523506020753
25.492187488,2026-05-04T22:12:34.000000Z,2026-05-04T22:13:35.424062488Z,0.933296799659729,0.3329169452190399,0.1555735319852829,-0.5303727928204588,3817.8671842,17.671880400000234,181.3124399999974,-0.5377617292682955
25.499999988,2026-05-04T22:12:34.007812Z,2026-05-04T22:13:35.431874988Z,0.9348277449607848,0.3333359360694885,0.1486232131719589,-0.5231818431230391,3820.0156217,14.156255400000472,220.37493999999475,-0.535999952515838
25.507812488,2026-05-04T22:12:34.015625Z,2026-05-04T22:13:35.439687488Z,0.9367023706436156,0.3337083458900452,0.1413807272911072,-0.5124032985997657,3822.1640591999994,10.640630400000708,259.43743999999214,-0.5342381757633805
25.515624988,2026-05-04T22:12:34.023437Z,2026-05-04T22:13:35.447499988Z,0.9353901743888856,0.3348721861839294,0.1305246949195862,-0.5390445975948843,3824.3124966999994,7.125005400000946,298.49993999998946,-0.532476399010923
25.523437488,2026-05-04T22:12:34.031250Z,2026-05-04T22:13:35.455312488Z,0.9351401925086976,0.3351049423217773,0.1214677542448044,-0.5533727571998287,3826.0624975999995,5.734375600000108,328.53121039999286,-0.5234813486366804
25.531249988,2026-05-04T22:12:34.039062Z,2026-05-04T22:13:35.463124988Z,0.9351089596748352,0.3350894451141357,0.1127183437347412,-0.5591212444611968,3827.6249975999995,5.343750600000099,354.3124603999934,-0.5110823807658202
25.539062488,2026-05-04T22:12:34.046875Z,2026-05-04T22:13:35.470937488Z,0.9353432655334472,0.3360360264778137,0.1004168912768364,-0.5507483236419737,3829.1874975999995,4.953125600000091,380.093710399994,-0.4986834128949601
25.546874988,2026-05-04T22:12:34.054687Z,2026-05-04T22:13:35.478749988Z,0.9347028136253356,0.3365636169910431,0.0875618681311607,-0.5321653835545385,3830.7499975999995,4.562500600000083,405.8749603999945,-0.48628444502409995
25.554687488,2026-05-04T22:12:34.062500Z,2026-05-04T22:13:35.486562488Z,0.9376240968704224,0.3352135717868805,0.0762445256114006,-0.5492008931951798,3832.3124976,4.1718756000000745,431.6562103999951,-0.4738854771532398
25.562499988,2026-05-04T22:12:34.070312Z,2026-05-04T22:13:35.494374988Z,0.937467873096466,0.3335686922073364,0.0634971484541893,-0.5308494988671869,3833.1093747,4.437498799999867,444.7499951999995,-0.4674737671742395
25.570312488,2026-05-04T22:12:34.078125Z,2026-05-04T22:13:35.502187488Z,0.9358900785446168,0.3334135115146637,0.0498271584510803,-0.503890410254388,3833.3046872,5.218748799999884,447.87499519999955,-0.46576636057855775
25.578124988,2026-05-04T22:12:34.085937Z,2026-05-04T22:13:35.509999988Z,0.9375459551811218,0.3333359360694885,0.037910122424364,-0.5164161031149723,3833.4999997,5.999998799999901,450.9999951999996,-0.464058953982876
25.585937488,2026-05-04T22:12:34.093750Z,2026-05-04T22:13:35.517812488Z,0.9384520649909972,0.3324669301509857,0.0259315818548202,-0.5188317481446443,3833.6953122,6.781248799999918,454.12499519999966,-0.4623515473871942
25.593749988,2026-05-04T22:12:34.101562Z,2026-05-04T22:13:35.525624988Z,0.9394362568855286,0.3301703333854675,0.0133840981870889,-0.5179095765451042,3833.8906247,7.562498799999934,457.2499951999997,-0.46064414079151245
25.601562488,2026-05-04T22:12:34.109375Z,2026-05-04T22:13:35.533437488Z,0.9416389465332032,0.3297047913074493,0.0020206291228532,-0.5400866185428205,3833.3984396,9.804681199999742,448.6015988000015,-0.4646551896378493
25.609374988,2026-05-04T22:12:34.117187Z,2026-05-04T22:13:35.541249988Z,0.9412327408790588,0.3288513123989105,-0.010080924257636,-0.5326939522557157,3832.0312521,13.906243699999829,424.968786300001,-0.4759443180528432
25.617187488,2026-05-04T22:12:34.125000Z,2026-05-04T22:13:35.549062488Z,0.9381396174430848,0.3278426826000214,-0.0203372631222009,-0.49538788862585637,3830.6640646,18.007806199999916,401.3359738000005,-0.4872334464678371
25.624999988,2026-05-04T22:12:34.132812Z,2026-05-04T22:13:35.556874988Z,0.943154275417328,0.3276719748973846,-0.0265956278890371,-0.5530934789261645,3829.2968771,22.1093687,377.7031613,-0.498522574882831
25.632812488,2026-05-04T22:12:34.140625Z,2026-05-04T22:13:35.564687488Z,0.9436385035514832,0.327858179807663,-0.0346377044916153,-0.561923292113749,3827.9296896,26.21093120000009,354.07034879999946,-0.509811703297825
25.640624988,2026-05-04T22:12:34.148437Z,2026-05-04T22:13:35.572499988Z,0.940420389175415,0.3274081647396088,-0.044755645096302,-0.528262077717434,3827.624997,28.625001799999982,324.8125632999994,-0.5175936348050545
25.648437488,2026-05-04T22:12:34.156250Z,2026-05-04T22:13:35.580312488Z,0.9424043893814088,0.3260736465454102,-0.0502451732754707,-0.5484011615750365,3829.578122,27.45312680000006,283.6016258000022,-0.5179227202750798
25.656249988,2026-05-04T22:12:34.164062Z,2026-05-04T22:13:35.588124988Z,0.9438572525978088,0.3258408904075623,-0.0543354079127311,-0.5577726439743689,3831.531247,26.281251800000142,242.39068830000494,-0.5182518057451052
25.664062488,2026-05-04T22:12:34.171875Z,2026-05-04T22:13:35.595937488Z,0.942435622215271,0.3274236917495728,-0.0588869452476501,-0.5592487151989353,3833.4843719999994,25.10937680000022,201.17975080000772,-0.5185808912151305
25.671874988,2026-05-04T22:12:34.179687Z,2026-05-04T22:13:35.603749988Z,0.9406859874725342,0.3286185562610626,-0.0601017102599144,-0.5450945750970213,3835.4374969999994,23.937501800000298,159.9688133000105,-0.5189099766851558
25.679687488,2026-05-04T22:12:34.187500Z,2026-05-04T22:13:35.611562488Z,0.9425137639045716,0.3292237520217896,-0.0580104663968086,-0.5574291665277235,3836.140631600001,22.257818200001132,117.85944520001392,-0.5203247099644468
25.687499988,2026-05-04T22:12:34.195312Z,2026-05-04T22:13:35.619374988Z,0.940779745578766,0.3296272158622742,-0.0586409121751785,-0.5492388415954962,3831.843756600001,18.54688070000105,72.15632020001296,-0.5260820761700052
25.695312488,2026-05-04T22:12:34.203125Z,2026-05-04T22:13:35.627187488Z,0.9414827227592468,0.3308375775814056,-0.0572262480854988,-0.5611735609473291,3827.546881600001,14.835943200000973,26.45319520001198,-0.5318394423755636
25.703124988,2026-05-04T22:12:34.210937Z,2026-05-04T22:13:35.634999988Z,0.9415295720100404,0.3315203487873077,-0.0541662573814392,-0.561757531578143,3823.250006600001,11.125005700000894,-19.249929799988994,-0.5375968085811219
25.710937488,2026-05-04T22:12:34.218750Z,2026-05-04T22:13:35.642812488Z,0.94076406955719,0.3327617645263672,-0.0494763329625129,-0.5559818261526607,3818.953131600001,7.4140682000008145,-64.95305479998997,-0.5433541747866802
25.718749988,2026-05-04T22:12:34.226562Z,2026-05-04T22:13:35.650624988Z,0.9384989142417908,0.3338945806026459,-0.042787417769432,-0.5319105376401575,3814.3906367000013,3.9843753000000386,-109.81244599999303,-0.5471581204400476
25.726562488,2026-05-04T22:12:34.234375Z,2026-05-04T22:13:35.658437488Z,0.9372491836547852,0.3343756198883057,-0.0348991081118583,-0.5163736517810811,3806.7734492000013,3.7890628000000346,-144.96869599999377,-0.5284972609132241
25.734374988,2026-05-04T22:12:34.242187Z,2026-05-04T22:13:35.666249988Z,0.9382646083831788,0.3355860114097595,-0.0269339177757501,-0.5297441245591952,3799.1562617000013,3.5937503000000306,-180.12494599999454,-0.5098364013864006
25.742187488,2026-05-04T22:12:34.250000Z,2026-05-04T22:13:35.674062488Z,0.9394206404685974,0.3364549875259399,-0.0182306412607431,-0.5444261150157963,3791.539074200001,3.398437800000026,-215.28119599999528,-0.49117554185957707
25.749999988,2026-05-04T22:12:34.257812Z,2026-05-04T22:13:35.681874988Z,0.9384676814079284,0.3358032405376434,-0.0078359115868806,-0.5296909208940725,3783.921886700001,3.203125300000022,-250.43744599999602,-0.4725146823327535
25.757812488,2026-05-04T22:12:34.265625Z,2026-05-04T22:13:35.689687488Z,0.9372179508209229,0.335492879152298,0.003496803343296,-0.5142720252902987,3776.304699200001,3.0078128000000177,-285.5936959999968,-0.45385382280593
25.765624988,2026-05-04T22:12:34.273437Z,2026-05-04T22:13:35.697499988Z,0.9361243844032288,0.3353842794895172,0.0154292145743966,-0.5028424109182188,3777.1249982,0.7500036000001644,-302.7499747999988,-0.46115521735722026
25.773437488,2026-05-04T22:12:34.281250Z,2026-05-04T22:13:35.705312488Z,0.936389982700348,0.3361756801605225,0.0276845376938581,-0.5121198336403037,3778.2968732,-1.5937463999998858,-319.1562247999992,-0.46953841576559385
25.781249988,2026-05-04T22:12:34.289062Z,2026-05-04T22:13:35.713124988Z,0.9382646083831788,0.3351980447769165,0.0394324287772178,-0.5340494959147953,3779.4687482,-3.9374963999999357,-335.56247479999956,-0.47792161417396745
25.789062488,2026-05-04T22:12:34.296875Z,2026-05-04T22:13:35.720937488Z,0.9354994893074036,0.3333049118518829,0.0496118813753128,-0.5003879878262294,3780.6406232,-6.281246399999986,-351.9687247999999,-0.48630481258234104
25.796874988,2026-05-04T22:12:34.304687Z,2026-05-04T22:13:35.728749988Z,0.9389207363128662,0.3327462673187256,0.0624668970704078,-0.5448939533807089,3781.8124982,-8.624996400000036,-368.37497480000025,-0.49468801099071463
25.804687488,2026-05-04T22:12:34.312500Z,2026-05-04T22:13:35.736562488Z,0.9388582110404968,0.331411749124527,0.0761061385273933,-0.549459895318743,3781.8359378,-5.554693800000157,-362.1406412000004,-0.49302246133839706
25.812499988,2026-05-04T22:12:34.320312Z,2026-05-04T22:13:35.744374988Z,0.9353432655334472,0.330449640750885,0.0881000533699989,-0.5172565840725345,3781.6406253,-1.4531313000004342,-351.59376620000114,-0.4894428425615586
25.820312488,2026-05-04T22:12:34.328125Z,2026-05-04T22:13:35.752187488Z,0.93828022480011,0.3311169147491455,0.1005552783608437,-0.5576318236811646,3781.4453128,2.6484311999992887,-341.0468912000018,-0.4858632237847202
25.828124988,2026-05-04T22:12:34.335937Z,2026-05-04T22:13:35.759999988Z,0.9386082887649536,0.3297358155250549,0.1115650832653046,-0.5464561478733735,3781.2500003,6.7499936999990116,-330.50001620000256,-0.4822836050078817
25.835937488,2026-05-04T22:12:34.343750Z,2026-05-04T22:13:35.767812488Z,0.937936544418335,0.3275323212146759,0.1201299726963043,-0.5516450966371785,3781.0546878,10.851556199998734,-319.95314120000324,-0.47870398623104327
25.843749988,2026-05-04T22:12:34.351562Z,2026-05-04T22:13:35.775624988Z,0.9385457634925842,0.3266322910785675,0.1278952658176422,-0.5376488560974573,3784.2343680999984,15.937491599998294,-296.4687938000089,-0.4839144843659213
25.851562488,2026-05-04T22:12:34.359375Z,2026-05-04T22:13:35.783437488Z,0.9400923252105712,0.3266167640686035,0.1375211477279663,-0.505949762659002,3788.726555599999,21.40624159999841,-267.95316880000826,-0.4925433873446522
25.859374988,2026-05-04T22:12:34.367187Z,2026-05-04T22:13:35.791249988Z,0.9378584027290344,0.3256701827049255,0.1449942737817764,-0.5231257025919896,3793.218743099999,26.874991599998527,-239.4375438000077,-0.5011722903233831
25.867187488,2026-05-04T22:12:34.375000Z,2026-05-04T22:13:35.799062488Z,0.9367961287498474,0.3263840079307556,0.1519292294979095,-0.5204785373876537,3797.710930599999,32.343741599998644,-210.92191880000706,-0.5098011933021139
25.874999988,2026-05-04T22:12:34.382812Z,2026-05-04T22:13:35.806874988Z,0.938405215740204,0.3264926373958588,0.1581260859966278,-0.491280474055086,3802.203118099999,37.81249159999876,-182.40629380000647,-0.5184300962808448
25.882812488,2026-05-04T22:12:34.390625Z,2026-05-04T22:13:35.814687488Z,0.9384989142417908,0.3264926373958588,0.1608785390853882,-0.4854717931498281,3804.4687488,37.6562560000008,-142.75788480000966,-0.5219643919831007
25.890624988,2026-05-04T22:12:34.398437Z,2026-05-04T22:13:35.822499988Z,0.9399517774581908,0.3274236917495728,0.1620625555515289,-0.4636564656751264,3805.2499988,33.75000600000072,-95.68757230000865,-0.5221022610973238
25.898437488,2026-05-04T22:12:34.406250Z,2026-05-04T22:13:35.830312488Z,0.9372804164886476,0.3273150622844696,0.1638001352548599,-0.4908667372481319,3806.0312488,29.843756000000635,-48.61725980000766,-0.5222401302115468
25.906249988,2026-05-04T22:12:34.414062Z,2026-05-04T22:13:35.838124988Z,0.93662428855896,0.3277029991149902,0.1647996306419373,-0.494714296005726,3806.8124988,25.93750600000055,-1.5469473000066565,-0.5223779993257698
25.914062488,2026-05-04T22:12:34.421875Z,2026-05-04T22:13:35.845937488Z,0.9365462064743042,0.3298289477825165,0.1634618490934372,-0.48966214943766423,3807.5937488,22.031256000000468,45.523365199994345,-0.5225158684399928
25.921874988,2026-05-04T22:12:34.429687Z,2026-05-04T22:13:35.853749988Z,0.936015009880066,0.3317065834999084,0.1593869924545288,-0.49536448567299757,3809.4999952,18.218755700000365,87.90619269999632,-0.5244233440790133
25.929687488,2026-05-04T22:12:34.437500Z,2026-05-04T22:13:35.861562488Z,0.936858594417572,0.3312565684318542,0.1553890109062195,-0.4948996093227873,3812.6249952,14.507818200000287,125.21088019999712,-0.5282479052506462
25.937499988,2026-05-04T22:12:34.445312Z,2026-05-04T22:13:35.869374988Z,0.9348746538162231,0.3314893245697021,0.1493151634931564,-0.5265550448869889,3815.7499952,10.796880700000209,162.51556769999792,-0.5320724664222792
25.945312488,2026-05-04T22:12:34.453125Z,2026-05-04T22:13:35.877187488Z,0.9370929598808287,0.3332428336143494,0.142995297908783,-0.5049391811556104,3818.8749952,7.085943200000129,199.8202551999987,-0.5358970275939122
25.953124988,2026-05-04T22:12:34.460937Z,2026-05-04T22:13:35.884999988Z,0.9355620145797728,0.3351670205593109,0.1359219551086426,-0.5251622573766873,3821.9999952,3.37500570000005,237.1249426999995,-0.5397215887655452
25.960937488,2026-05-04T22:12:34.468750Z,2026-05-04T22:13:35.892812488Z,0.9353901743888856,0.3352911770343781,0.1285410821437836,-0.5370336174345895,3824.8437464,1.4218731999999719,270.63277139999934,-0.5371809181375957
25.968749988,2026-05-04T22:12:34.476562Z,2026-05-04T22:13:35.900624988Z,0.9338279962539672,0.3352601230144501,0.1184231415390968,-0.5551364603948155,3827.1874964,2.593748199999893,297.3905838999976,-0.5233242044258377
25.976562488,2026-05-04T22:12:34.484375Z,2026-05-04T22:13:35.908437488Z,0.9365305304527284,0.335865318775177,0.1073979660868645,-0.5501084088599276,3829.5312463999994,3.7656231999998138,324.14839639999576,-0.5094674907140797
25.984374988,2026-05-04T22:12:34.492187Z,2026-05-04T22:13:35.916249988Z,0.93448406457901,0.3352911770343781,0.0940816402435302,-0.5336087658004101,3831.8749963999994,4.937498199999735,350.90620889999394,-0.49561077700232176
25.992187488,2026-05-04T22:12:34.500000Z,2026-05-04T22:13:35.924062488Z,0.9366867542266846,0.3348721861839294,0.0833486169576644,-0.5462425672670527,3834.2187463999994,6.109373199999656,377.6640213999921,-0.4817540632905638
25.999999988,2026-05-04T22:12:34.507812Z,2026-05-04T22:13:35.931874988Z,0.9377803206443788,0.3342825174331665,0.07379961758852,-0.5478423653768075,3836.0,6.906250600000133,400.0624867999971,-0.47054288655967064
26.007812488,2026-05-04T22:12:34.515625Z,2026-05-04T22:13:35.939687488Z,0.935796320438385,0.3344066441059113,0.0613905265927314,-0.5165155319746169,3836.0,6.515625600000124,408.65623679999726,-0.46770931414963623
26.015624988,2026-05-04T22:12:34.523437Z,2026-05-04T22:13:35.947499988Z,0.9354838728904724,0.333987683057785,0.0482894740998745,-0.5032597707938271,3836.0,6.125000600000116,417.24998679999743,-0.46487574173960183
26.023437488,2026-05-04T22:12:34.531250Z,2026-05-04T22:13:35.955312488Z,0.9378584027290344,0.3331342041492462,0.0367414839565753,-0.5211908473476294,3836.0,5.734375600000108,425.8437367999976,-0.46204216932956743
26.031249988,2026-05-04T22:12:34.539062Z,2026-05-04T22:13:35.963124988Z,0.9401080012321472,0.330434113740921,0.0245476681739091,-0.5317480192855537,3836.0,5.343750600000099,434.4374867999978,-0.45920859691953303
26.039062488,2026-05-04T22:12:34.546875Z,2026-05-04T22:13:35.970937488Z,0.9394362568855286,0.3298909962177277,0.0108469221740961,-0.5191025580343929,3836.0234372,5.703115999998631,439.5390940000048,-0.45738388894222176
26.046874988,2026-05-04T22:12:34.554687Z,2026-05-04T22:13:35.978749988Z,0.9410921335220336,0.3302323818206787,0.0008827447891235,-0.5384469613624792,3836.2187497,11.562490999998756,419.03128150000435,-0.4629576277518138
26.054687488,2026-05-04T22:12:34.562500Z,2026-05-04T22:13:35.986562488Z,0.940545380115509,0.3288978636264801,-0.0079743023961782,-0.5273895098942669,3836.4140622,17.421865999998882,398.5234690000039,-0.4685313665614058
26.062499988,2026-05-04T22:12:34.570312Z,2026-05-04T22:13:35.994374988Z,0.9408109784126282,0.3281375169754028,-0.0169082339853048,-0.5288658136636843,3836.6093747,23.281240999999007,378.0156565000035,-0.47410510537099787
26.070312488,2026-05-04T22:12:34.578125Z,2026-05-04T22:13:36.002187488Z,0.9419357180595398,0.3281840682029724,-0.0259498003870248,-0.543880890617715,3836.8046872,29.14061599999913,357.50784400000305,-0.4796788441805899
26.078124988,2026-05-04T22:12:34.585937Z,2026-05-04T22:13:36.009999988Z,0.9415920376777648,0.3275788724422455,-0.0349452421069145,-0.5403538892862687,3836.9999997,34.999990999999255,337.0000315000026,-0.4852525829901819
26.085937488,2026-05-04T22:12:34.593750Z,2026-05-04T22:13:36.017812488Z,0.9423106908798218,0.3265236616134644,-0.0410805866122245,-0.5468822799213099,3832.5078194000007,33.632814600000145,303.0156772000036,-0.49730458947337214
26.093749988,2026-05-04T22:12:34.601562Z,2026-05-04T22:13:36.025624988Z,0.9433573484420776,0.3260270953178406,-0.0453399643301963,-0.5589375374206857,3828.0156319000002,32.26562710000012,269.03130220000287,-0.5093566059071977
26.101562488,2026-05-04T22:12:34.609375Z,2026-05-04T22:13:36.033437488Z,0.9421700835227966,0.3276254236698151,-0.0505988374352455,-0.554614915243214,3823.5234444000002,30.898439600000085,235.04692720000216,-0.5214086223410231
26.109374988,2026-05-04T22:12:34.617187Z,2026-05-04T22:13:36.041249988Z,0.9406391382217408,0.3288978636264801,-0.0545506849884986,-0.5446050235107331,3819.0312569000002,29.531252100000057,201.06255220000142,-0.5334606387748486
26.117187488,2026-05-04T22:12:34.625000Z,2026-05-04T22:13:36.049062488Z,0.9422325491905212,0.3288358151912689,-0.0548274666070938,-0.5614303367605309,3814.5390694000002,28.164064600000028,167.0781772000007,-0.5455126552086741
26.124999988,2026-05-04T22:12:34.632812Z,2026-05-04T22:13:36.056874988Z,0.9434822797775269,0.328215092420578,-0.0549351051449775,-0.5497703842801511,3814.1718747,24.906255399999996,125.01569129999997,-0.5467085999503655
26.132812488,2026-05-04T22:12:34.640625Z,2026-05-04T22:13:36.064687488Z,0.9411546587944032,0.3293013274669647,-0.0555809289216995,-0.5528070365545322,3814.3671872,21.39063039999992,81.85162879999905,-0.5464241497467511
26.140624988,2026-05-04T22:12:34.648437Z,2026-05-04T22:13:36.072499988Z,0.9399048686027528,0.3315203487873077,-0.0531206354498863,-0.5461643848864812,3814.5624997,17.875005399999846,38.68756629999813,-0.5461396995431369
26.148437488,2026-05-04T22:12:34.656250Z,2026-05-04T22:13:36.080312488Z,0.9403579235076904,0.332358330488205,-0.0480924174189567,-0.5516038566995519,3814.7578122,14.359380399999772,-4.4764962000027815,-0.5458552493395226
26.156249988,2026-05-04T22:12:34.664062Z,2026-05-04T22:13:36.088124988Z,0.9401392340660096,0.3324824571609497,-0.041711039841175,-0.5464938298858365,3814.9531247,10.843755399999697,-47.6405587000037,-0.5455707991359082
26.164062488,2026-05-04T22:12:34.671875Z,2026-05-04T22:13:36.095937488Z,0.939358115196228,0.3334911167621613,-0.0364521667361259,-0.5395906553098879,3812.4765675999997,8.960939599999946,-86.20306800000148,-0.5416157274333036
26.171874988,2026-05-04T22:12:34.679687Z,2026-05-04T22:13:36.103749988Z,0.9383270740509032,0.3351359963417053,-0.0323926880955696,-0.5331859688189381,3809.1562551,7.593752100000038,-123.31244299999896,-0.5365015023382101
26.179687488,2026-05-04T22:12:34.687500Z,2026-05-04T22:13:36.111562488Z,0.9375772476196288,0.3350118398666382,-0.0246273968368768,-0.5217547391599517,3805.8359426,6.22656460000013,-160.42181799999645,-0.5313872772431166
26.187499988,2026-05-04T22:12:34.695312Z,2026-05-04T22:13:36.119374988Z,0.9392800331115724,0.3343445956707001,-0.0120030287653207,-0.5358715464647316,3802.5156301000006,4.859377100000223,-197.53119299999395,-0.5262730521480232
26.195312488,2026-05-04T22:12:34.703125Z,2026-05-04T22:13:36.127187488Z,0.9395299553871156,0.335523933172226,-0.0011008642613887,-0.5427817177265728,3799.1953176000006,3.492189600000315,-234.64056799999145,-0.5211588270529297
26.203124988,2026-05-04T22:12:34.710937Z,2026-05-04T22:13:36.134999988Z,0.9361243844032288,0.3371843099594116,0.0072795022279024,-0.511543183583968,3796.3750039000006,2.250001800000282,-260.12497089999545,-0.5173103079709037
26.210937488,2026-05-04T22:12:34.718750Z,2026-05-04T22:13:36.142812488Z,0.9349058866500854,0.3366567194461823,0.0183815639466047,-0.4975025850203368,3793.8359414000006,1.078126800000257,-279.07028339999584,-0.5141737532676379
26.218749988,2026-05-04T22:12:34.726562Z,2026-05-04T22:13:36.150624988Z,0.937686562538147,0.3340963125228882,0.0311135686933994,-0.5222658367625631,3791.2968789000006,-0.09374819999976809,-298.01559589999624,-0.5110371985643721
26.226562488,2026-05-04T22:12:34.734375Z,2026-05-04T22:13:36.158437488Z,0.939967393875122,0.3331031799316406,0.0420464873313903,-0.5485913467937111,3788.7578164000006,-1.2656231999997931,-316.96090839999664,-0.5079006438611063
26.234374988,2026-05-04T22:12:34.742187Z,2026-05-04T22:13:36.166249988Z,0.9364836812019348,0.3335066139698029,0.0512264445424079,-0.5154269851832769,3786.2187539000006,-2.437498199999818,-335.90622089999704,-0.5047640891578405
26.242187488,2026-05-04T22:12:34.750000Z,2026-05-04T22:13:36.174062488Z,0.9365618228912354,0.3338945806026459,0.0637124255299568,-0.5260335956336006,3786.2187464,-0.5625072000006288,-343.3750048000004,-0.5065616172879748
26.249999988,2026-05-04T22:12:34.757812Z,2026-05-04T22:13:36.181874988Z,0.9374522566795348,0.3318462371826172,0.0787817016243934,-0.5404884724304327,3788.5624964,4.124992799999472,-340.25000480000034,-0.5129137114461821
26.257812488,2026-05-04T22:12:34.765625Z,2026-05-04T22:13:36.189687488Z,0.937827169895172,0.3303410112857819,0.0913138091564178,-0.550984769986463,3790.9062464,8.812492799999571,-337.1250048000003,-0.5192658056043894
26.265624988,2026-05-04T22:12:34.773437Z,2026-05-04T22:13:36.197499988Z,0.93759286403656,0.3308065533638,0.0999248325824737,-0.5592163346499052,3793.2499964,13.499992799999672,-334.0000048000002,-0.5256178997625968
26.273437488,2026-05-04T22:12:34.781250Z,2026-05-04T22:13:36.205312488Z,0.938295841217041,0.3298754990100861,0.108520470559597,-0.5506887339390079,3795.5937464,18.187492799999774,-330.87500480000017,-0.5319699939208041
26.281249988,2026-05-04T22:12:34.789062Z,2026-05-04T22:13:36.213124988Z,0.9384676814079284,0.3265391886234283,0.1193149983882904,-0.5482705441572162,3796.9218753,22.01562109999993,-317.6719185000008,-0.5328867469675214
26.289062488,2026-05-04T22:12:34.796875Z,2026-05-04T22:13:36.220937488Z,0.9386707544326782,0.3257788121700287,0.1294329464435577,-0.5345510119687997,3796.7265628,24.554683599999983,-289.3516060000002,-0.5256504361675273
26.296874988,2026-05-04T22:12:34.804687Z,2026-05-04T22:13:36.228749988Z,0.9392644166946412,0.327858179807663,0.1362756192684174,-0.5098049194198068,3796.5312503,27.09374610000004,-261.03129349999955,-0.5184141253675333
26.304687488,2026-05-04T22:12:34.812500Z,2026-05-04T22:13:36.236562488Z,0.936749279499054,0.3277029991149902,0.1418881565332413,-0.530115707040997,3796.3359378,29.632808600000093,-232.71098099999898,-0.5111778145675392
26.312499988,2026-05-04T22:12:34.820312Z,2026-05-04T22:13:36.244374988Z,0.9384520649909972,0.3263995349407196,0.1494535505771637,-0.5035774054502686,3796.1406253,32.171871100000146,-204.39066849999836,-0.5039415037675451
26.320312488,2026-05-04T22:12:34.828125Z,2026-05-04T22:13:36.252187488Z,0.940201699733734,0.3253908753395081,0.1547893136739731,-0.4789070176140764,3796.7109336000003,33.89062559999998,-172.35162639999774,-0.5000165049120671
26.328124988,2026-05-04T22:12:34.835937Z,2026-05-04T22:13:36.259999988Z,0.938155233860016,0.3261357247829437,0.1562808752059937,-0.4964406727953127,3799.2499961,33.50000060000001,-130.75006390000055,-0.5046063730746656
26.335937488,2026-05-04T22:12:34.843750Z,2026-05-04T22:13:36.267812488Z,0.9369367361068726,0.3273926675319672,0.1589103043079376,-0.5005233020232762,3801.7890586,33.10937560000003,-89.14850140000337,-0.5091962412372643
26.343749988,2026-05-04T22:12:34.851562Z,2026-05-04T22:13:36.275624988Z,0.9369679689407348,0.328587532043457,0.1607708930969238,-0.49203827696252833,3804.3281210999994,32.71875060000006,-47.54693890000617,-0.5137861093998629
26.351562488,2026-05-04T22:12:34.859375Z,2026-05-04T22:13:36.283437488Z,0.9384364485740662,0.3293478786945343,0.1611245721578598,-0.47196346003344813,3806.8671835999994,32.328125600000085,-5.945376400008976,-0.5183759775624616
26.359374988,2026-05-04T22:12:34.867187Z,2026-05-04T22:13:36.291249988Z,0.9361868500709534,0.3290220201015472,0.1585258841514587,-0.5031590071172343,3809.3749963999994,31.093758700001526,35.46868789998911,-0.5233518705886707
26.367187488,2026-05-04T22:12:34.875000Z,2026-05-04T22:13:36.299062488Z,0.9365930557250975,0.3302479088306427,0.1536668092012405,-0.5024938898355067,3811.7187463999994,25.429696200001406,75.89837539998997,-0.530354417310553
26.374999988,2026-05-04T22:12:34.882812Z,2026-05-04T22:13:36.306874988Z,0.93614000082016,0.3309306800365448,0.1485617011785507,-0.513601156112354,3814.0624963999994,19.765633700001285,116.32806289999084,-0.5373569640324353
26.382812488,2026-05-04T22:12:34.890625Z,2026-05-04T22:13:36.314687488Z,0.9369055032730104,0.3321410715579987,0.1453479528427124,-0.5050629701107302,3816.4062463999994,14.101571200001162,156.7577503999917,-0.5443595107543175
26.390624988,2026-05-04T22:12:34.898437Z,2026-05-04T22:13:36.322499988Z,0.9371554255485536,0.3337548971176147,0.1407810300588608,-0.5028555364849758,3818.7499963999994,8.437508700001041,197.18743789999255,-0.5513620574761998
26.398437488,2026-05-04T22:12:34.906250Z,2026-05-04T22:13:36.330312488Z,0.9343122243881226,0.3353532254695892,0.1321238875389099,-0.5412843329641664,3821.1171829999994,3.0468731999998093,237.14839339999534,-0.5574363688316222
26.406249988,2026-05-04T22:12:34.914062Z,2026-05-04T22:13:36.338124988Z,0.9350621104240416,0.3345463275909424,0.1234052330255508,-0.5485599169866493,3824.0468704999994,4.218748199999834,265.85933089999594,-0.5412321402517406
26.414062488,2026-05-04T22:12:34.921875Z,2026-05-04T22:13:36.345937488Z,0.9346402883529664,0.3346704542636871,0.1121340245008469,-0.5561389347733797,3826.976558,5.39062319999986,294.57026839999656,-0.5250279116718589
26.421874988,2026-05-04T22:12:34.929687Z,2026-05-04T22:13:36.353749988Z,0.9369992017745972,0.3346859812736511,0.101570151746273,-0.5539082974744546,3829.9062455,6.562498199999885,323.2812058999972,-0.5088236830919772
26.429687488,2026-05-04T22:12:34.937500Z,2026-05-04T22:13:36.361562488Z,0.9359837770462036,0.3345463275909424,0.091359943151474,-0.5470470465902341,3832.835933,7.73437319999991,351.99214339999776,-0.49261945451209554
26.437499988,2026-05-04T22:12:34.945312Z,2026-05-04T22:13:36.369374988Z,0.9359837770462036,0.3350273668766022,0.08142651617527,-0.5395781054882101,3835.7656205,8.906248199999935,380.7030808999984,-0.47641522593221386
26.445312488,2026-05-04T22:12:34.953125Z,2026-05-04T22:13:36.377187488Z,0.9354682564735411,0.335880845785141,0.069909282028675,-0.5276101905594353,3838.3359336,8.820312800000007,390.36717519999974,-0.4653377239051512
26.453124988,2026-05-04T22:12:34.960937Z,2026-05-04T22:13:36.384999988Z,0.9367180466651917,0.3348101079463959,0.058376669883728,-0.5291683501484713,3840.8749961,8.625000300000004,398.3749876999999,-0.4547060334907455
26.460937488,2026-05-04T22:12:34.968750Z,2026-05-04T22:13:36.392812488Z,0.9377647042274476,0.3331652283668518,0.0467671677470207,-0.5273518591106038,3843.4140586,8.429687799999998,406.3828002000001,-0.44407434307633986
26.468749988,2026-05-04T22:12:34.976562Z,2026-05-04T22:13:36.400624988Z,0.9391550421714784,0.3315514028072357,0.0348193831741809,-0.531252288884122,3845.9531211,8.234375299999995,414.39061270000025,-0.4334426526619342
26.476562488,2026-05-04T22:12:34.984375Z,2026-05-04T22:13:36.408437488Z,0.9386551380157472,0.3309306800365448,0.0220566242933273,-0.5189471817829869,3848.4921836000003,8.03906279999999,422.3984252000004,-0.4228109622475285
26.484374988,2026-05-04T22:12:34.992187Z,2026-05-04T22:13:36.416249988Z,0.939717411994934,0.331753134727478,0.0117080248892307,-0.5324179855449201,3846.3437551,10.812494600000003,411.8125234,-0.43269067639228037
26.492187488,2026-05-04T22:12:35.000000Z,2026-05-04T22:13:36.424062488Z,0.9392956495285034,0.331023782491684,0.0014824401587247,-0.5237442933515275,3843.0234426,14.328119599999766,396.578148400001,-0.4476982909042853
26.499999988,2026-05-04T22:12:35.007812Z,2026-05-04T22:13:36.431874988Z,0.9402173161506652,0.3287892639636993,-0.0072362143546342,-0.5256740018146925,3839.7031301000006,17.84374459999953,381.343773400002,-0.46270590541629025
26.507812488,2026-05-04T22:12:35.015625Z,2026-05-04T22:13:36.439687488Z,0.9421231746673584,0.3272374868392944,-0.0156627092510461,-0.5422819818145613,3836.3828176000006,21.35936959999929,366.1093984000031,-0.47771351992829514
26.515624988,2026-05-04T22:12:35.023437Z,2026-05-04T22:13:36.447499988Z,0.9416545629501344,0.3279047310352325,-0.0264726150780916,-0.5421177167091757,3833.062505100001,24.874994599999056,350.8750234000041,-0.4927211344403001
26.523437488,2026-05-04T22:12:35.031250Z,2026-05-04T22:13:36.455312488Z,0.9405766129493712,0.3277806043624878,-0.0343916714191436,-0.5319249030255357,3832.1328122,24.67187800000054,325.2812968000084,-0.5007602404915779
26.531249988,2026-05-04T22:12:35.039062Z,2026-05-04T22:13:36.463124988Z,0.9432323575019836,0.3271598815917969,-0.0367904603481292,-0.5603190787068191,3832.3281247,22.718753000000497,294.8125468000078,-0.5055200252956465
26.539062488,2026-05-04T22:12:35.046875Z,2026-05-04T22:13:36.470937488Z,0.9441227912902832,0.326927125453949,-0.0403886288404464,-0.5530074419530845,3832.5234372,20.765628000000458,264.3437968000071,-0.5102798100997153
26.546874988,2026-05-04T22:12:35.054687Z,2026-05-04T22:13:36.478749988Z,0.9396861791610718,0.328215092420578,-0.04843071103096,-0.5299089318326056,3832.7187497,18.812503000000415,233.87504680000646,-0.5150395949037841
26.554687488,2026-05-04T22:12:35.062500Z,2026-05-04T22:13:36.486562488Z,0.9402329325675964,0.328230619430542,-0.0518443584442138,-0.5382898022258172,3832.9140622,16.859378000000373,203.4062968000058,-0.5197993797078528
26.562499988,2026-05-04T22:12:35.070312Z,2026-05-04T22:13:36.494374988Z,0.9432948231697084,0.3277340531349182,-0.0519673749804496,-0.5529155341650421,3830.3750072000007,15.6718759000001,166.2656901000072,-0.522623367785383
26.570312488,2026-05-04T22:12:35.078125Z,2026-05-04T22:13:36.502187488Z,0.9437166452407836,0.3281840682029724,-0.0511216521263122,-0.546992045163965,3825.6875072000007,15.085938400000087,123.8828776000063,-0.5239263632391522
26.578124988,2026-05-04T22:12:35.085937Z,2026-05-04T22:13:36.509999988Z,0.9411234259605408,0.3306513726711273,-0.0494301989674568,-0.5565094758694163,3821.0000072000007,14.500000900000074,81.50006510000539,-0.5252293586929213
26.585937488,2026-05-04T22:12:35.093750Z,2026-05-04T22:13:36.517812488Z,0.9385926723480223,0.3325600624084473,-0.0477079972624778,-0.5345761744664314,3816.3125072000007,13.914063400000062,39.117252600004484,-0.5265323541466905
26.593749988,2026-05-04T22:12:35.101562Z,2026-05-04T22:13:36.525624988Z,0.9397486448287964,0.3323738276958466,-0.0428027957677841,-0.5445741059160811,3811.6250072000003,13.32812590000005,-3.2655598999964157,-0.5278353496004597
26.601562488,2026-05-04T22:12:35.109375Z,2026-05-04T22:13:36.533437488Z,0.942091941833496,0.3322962522506714,-0.0372363850474357,-0.5555116626917674,3807.710942,11.710942000000184,-42.640570399997756,-0.5258828585909434
26.609374988,2026-05-04T22:12:35.117187Z,2026-05-04T22:13:36.541249988Z,0.93924880027771,0.3331497311592102,-0.0337766036391258,-0.5383904281398181,3804.7812545,8.781254500000122,-78.18744539999852,-0.5197869953448647
26.617187488,2026-05-04T22:12:35.125000Z,2026-05-04T22:13:36.549062488Z,0.9370304346084596,0.3344376981258392,-0.0284715984016656,-0.5167324447187202,3801.851567,5.85156700000006,-113.73432039999928,-0.5136911320987861
26.624999988,2026-05-04T22:12:35.132812Z,2026-05-04T22:13:36.556874988Z,0.9385926723480223,0.3344221711158752,-0.0178462173789739,-0.5316764671415023,3798.9218795,2.921879499999997,-149.28119540000003,-0.5075952688527074
26.632812488,2026-05-04T22:12:35.140625Z,2026-05-04T22:13:36.564687488Z,0.9382489919662476,0.3354618549346924,-0.0072054620832204,-0.5307060356336836,3795.992192,-0.007808000000065558,-184.8280704000008,-0.5014994056066289
26.640624988,2026-05-04T22:12:35.148437Z,2026-05-04T22:13:36.572499988Z,0.937952160835266,0.3366256952285767,0.0016054548323154,-0.5319802683605684,3793.7500012,-2.9374955000000442,-215.4374691000003,-0.498079070628976
26.648437488,2026-05-04T22:12:35.156250Z,2026-05-04T22:13:36.580312488Z,0.9365149140357972,0.3361291289329529,0.0114927496761083,-0.5145233316973274,3792.9687512,-5.867182999999846,-235.55465659999894,-0.5003442733548438
26.656249988,2026-05-04T22:12:35.164062Z,2026-05-04T22:13:36.588124988Z,0.937952160835266,0.3343911468982697,0.0229023490101099,-0.5260127447951065,3792.1875012,-8.796870499999649,-255.6718440999976,-0.5026094760807116
26.664062488,2026-05-04T22:12:35.171875Z,2026-05-04T22:13:36.595937488Z,0.9376553297042848,0.3343135416507721,0.0328357741236686,-0.5255897596974712,3791.4062512,-11.726557999999452,-275.78903159999624,-0.5048746788065794
26.671874988,2026-05-04T22:12:35.179687Z,2026-05-04T22:13:36.603749988Z,0.9369523525238036,0.3343756198883057,0.0442607477307319,-0.5229133596273774,3790.6250012,-14.656245499999253,-295.90621909999487,-0.5071398815324472
26.679687488,2026-05-04T22:12:35.187500Z,2026-05-04T22:13:36.611562488Z,0.9372804164886476,0.333987683057785,0.0566852167248725,-0.5322051487693564,3789.9609378,-15.593760800002142,-312.4687463999993,-0.5089134898586128
26.687499988,2026-05-04T22:12:35.195312Z,2026-05-04T22:13:36.619374988Z,0.9369523525238036,0.3331186771392822,0.0670953243970871,-0.532349001535882,3789.7656253,-8.562510800001993,-314.81249639999936,-0.5087207017085963
26.695312488,2026-05-04T22:12:35.203125Z,2026-05-04T22:13:36.627187488Z,0.9367805123329164,0.3317841589450836,0.0784126594662666,-0.5344655083010875,3789.5703128,-1.5312608000018424,-317.15624639999936,-0.5085279135585796
26.703124988,2026-05-04T22:12:35.210937Z,2026-05-04T22:13:36.634999988Z,0.937467873096466,0.3299065232276917,0.0897300019860267,-0.5455900996439824,3789.3750003,5.499989199998308,-319.4999963999994,-0.5083351254085631
26.710937488,2026-05-04T22:12:35.218750Z,2026-05-04T22:13:36.642812488Z,0.9393424987792968,0.3295496106147766,0.1001708582043648,-0.547671168186085,3789.1796878,12.531239199998458,-321.8437463999995,-0.5081423372585464
26.718749988,2026-05-04T22:12:35.226562Z,2026-05-04T22:13:36.650624988Z,0.9381864666938782,0.3298754990100861,0.1094277054071426,-0.5487509321513561,3789.1718716999994,18.859377700000348,-322.28128300000424,-0.5081247874010658
26.726562488,2026-05-04T22:12:35.234375Z,2026-05-04T22:13:36.658437488Z,0.9381864666938782,0.3288202881813049,0.1196532845497131,-0.5396239800028779,3791.3203091999994,17.101565200000312,-300.7969080000038,-0.5101225199657534
26.734374988,2026-05-04T22:12:35.242187Z,2026-05-04T22:13:36.666249988Z,0.9384989142417908,0.3273461163043976,0.128264307975769,-0.5297482997961586,3793.4687467,15.343752700000273,-279.3125330000033,-0.512120252530441
26.742187488,2026-05-04T22:12:35.250000Z,2026-05-04T22:13:36.674062488Z,0.9371866583824158,0.3267253935337067,0.1343535184860229,-0.5383423369348386,3795.6171842,13.585940200000236,-257.8281580000029,-0.5141179850951286
26.749999988,2026-05-04T22:12:35.257812Z,2026-05-04T22:13:36.681874988Z,0.9378427863121032,0.3266633152961731,0.1397200375795364,-0.5230765280608075,3797.7656217,11.828127700000199,-236.34378300000242,-0.5161157176598162
26.757812488,2026-05-04T22:12:35.265625Z,2026-05-04T22:13:36.689687488Z,0.9392018914222716,0.32635298371315,0.1457016170024872,-0.4994602737549764,3799.9140592,10.070315200000161,-214.85940800000196,-0.5181134502245037
26.765624988,2026-05-04T22:12:35.273437Z,2026-05-04T22:13:36.697499988Z,0.937467873096466,0.3265702128410339,0.149545818567276,-0.5118005281515929,3802.4374961,12.812495499999795,-178.00005760000263,-0.5224397375040088
26.773437488,2026-05-04T22:12:35.281250Z,2026-05-04T22:13:36.705312488Z,0.9401080012321472,0.3273616135120392,0.1545740365982056,-0.4703867576544536,3804.9765586,15.742182999999857,-140.50005760000184,-0.5268630517775623
26.781249988,2026-05-04T22:12:35.289062Z,2026-05-04T22:13:36.713124988Z,0.9368117451667786,0.3274236917495728,0.1560502201318741,-0.5046094645344672,3807.5156211,18.67187049999992,-103.00005760000103,-0.5312863660511158
26.789062488,2026-05-04T22:12:35.296875Z,2026-05-04T22:13:36.720937488Z,0.9366086721420288,0.3286495804786682,0.1558041870594025,-0.5025659975210854,3810.0546836,21.601557999999983,-65.50005760000022,-0.5357096803246693
26.796874988,2026-05-04T22:12:35.304687Z,2026-05-04T22:13:36.728749988Z,0.938420832157135,0.3288047611713409,0.1555120199918747,-0.48205638843503523,3812.5937461,24.531245500000043,-28.00005759999942,-0.5401329945982227
26.804687488,2026-05-04T22:12:35.312500Z,2026-05-04T22:13:36.736562488Z,0.9378740191459656,0.329487532377243,0.1532208770513535,-0.4894588825111382,3815.2968708,22.539067000000113,15.734305999998279,-0.5407589562255316
26.812499988,2026-05-04T22:12:35.320312Z,2026-05-04T22:13:36.744374988Z,0.9360775351524352,0.3305427432060242,0.1491613984107971,-0.5124598923389679,3818.0312458,19.60937950000031,60.65618099999524,-0.5406616043205282
26.820312488,2026-05-04T22:12:35.328125Z,2026-05-04T22:13:36.752187488Z,0.9352027177810668,0.3310858607292175,0.1448558866977692,-0.5271380348477692,3820.7656207999994,16.679692000000507,105.57805599999222,-0.540564252415525
26.828124988,2026-05-04T22:12:35.335937Z,2026-05-04T22:13:36.759999988Z,0.9370617270469666,0.3321876227855682,0.1409655511379242,-0.5078263840164213,3823.4999957999994,13.750004500000705,150.49993099998918,-0.5404669005105216
26.835937488,2026-05-04T22:12:35.343750Z,2026-05-04T22:13:36.767812488Z,0.9351714253425598,0.3337083458900452,0.13346166908741,-0.534433335647189,3826.234370799999,10.820317000000902,195.42180599998613,-0.5403695486055182
26.843749988,2026-05-04T22:12:35.351562Z,2026-05-04T22:13:36.775624988Z,0.936389982700348,0.3346239030361176,0.1262191832065582,-0.5274486273919264,3826.5781259,8.593753000000609,229.51557909999067,-0.5373694615271727
26.851562488,2026-05-04T22:12:35.359375Z,2026-05-04T22:13:36.783437488Z,0.9372022747993468,0.3340031802654266,0.1193457543849945,-0.5301285707345386,3825.9921884,6.640628000000567,259.3983915999913,-0.5332405243918106
26.859374988,2026-05-04T22:12:35.367187Z,2026-05-04T22:13:36.791249988Z,0.9356244802474976,0.3344066441059113,0.1090279072523117,-0.5593373838754006,3825.4062509,4.687503000000525,289.28120409999195,-0.5291115872564484
26.867187488,2026-05-04T22:12:35.375000Z,2026-05-04T22:13:36.799062488Z,0.9349215030670166,0.335849791765213,0.0979873538017272,-0.5496446561042393,3824.8203134,2.7343780000004836,319.1640165999926,-0.5249826501210861
26.874999988,2026-05-04T22:12:35.382812Z,2026-05-04T22:13:36.806874988Z,0.935093343257904,0.3358342945575714,0.088561363518238,-0.5417234901110924,3824.2343759,0.781253000000442,349.0468290999932,-0.520853712985724
26.882812488,2026-05-04T22:12:35.390625Z,2026-05-04T22:13:36.814687488Z,0.9372179508209229,0.3343290686607361,0.0785356760025024,-0.5503025354756822,3824.7031232,-0.11718719999995991,366.859359999998,-0.5153115855132013
26.890624988,2026-05-04T22:12:35.398437Z,2026-05-04T22:13:36.822499988Z,0.9357338547706604,0.3335686922073364,0.0655422657728195,-0.5200609472518868,3825.8749982,-0.3124996999999641,376.6249849999982,-0.50882732511961
26.898437488,2026-05-04T22:12:35.406250Z,2026-05-04T22:13:36.830312488Z,0.93710857629776,0.3338325023651123,0.0547631159424781,-0.5295309205437889,3827.0468732,-0.5078121999999682,386.3906099999984,-0.5023430647260186
26.906249988,2026-05-04T22:12:35.414062Z,2026-05-04T22:13:36.838124988Z,0.9380146265029908,0.3335842192173004,0.0439685881137847,-0.5327512550451003,3828.2187482,-0.7031246999999724,396.1562349999986,-0.4958588043324273
26.914062488,2026-05-04T22:12:35.421875Z,2026-05-04T22:13:36.845937488Z,0.9386082887649536,0.3324203789234161,0.0334815979003906,-0.5303003869359932,3829.3906232,-0.8984371999999765,405.92185999999884,-0.4893745439388359
26.921874988,2026-05-04T22:12:35.429687Z,2026-05-04T22:13:36.853749988Z,0.9402485489845276,0.3317996859550476,0.0240094792097806,-0.5432137623855404,3830.5624982,1.1562430999995568,405.18751860000117,-0.48573000214144346
26.929687488,2026-05-04T22:12:35.437500Z,2026-05-04T22:13:36.861562488Z,0.9391081929206848,0.3311634659767151,0.0120463147759437,-0.5252959348716468,3831.7343732,5.648430599999653,393.07814360000094,-0.4851618410881191
26.937499988,2026-05-04T22:12:35.445312Z,2026-05-04T22:13:36.869374988Z,0.9370773434638976,0.3298134207725525,0.0003291796892881,-0.49609866038614353,3832.9062482,10.140618099999749,380.96876860000066,-0.48459368003479475
26.945312488,2026-05-04T22:12:35.453125Z,2026-05-04T22:13:36.877187488Z,0.9415451884269714,0.3288668394088745,-0.007682142779231,-0.5432619097278044,3834.0781232,14.632805599999845,368.85939360000043,-0.4840255189814704
26.953124988,2026-05-04T22:12:35.460937Z,2026-05-04T22:13:36.884999988Z,0.9438572525978088,0.328215092420578,-0.0155858267098665,-0.5561977058098871,3835.2499982,19.12499309999994,356.75001860000015,-0.48345735792814604
26.960937488,2026-05-04T22:12:35.468750Z,2026-05-04T22:13:36.892812488Z,0.940545380115509,0.3283237218856812,-0.0251655858010053,-0.5328393139844597,3834.593756,22.56249759999996,338.94535540000066,-0.48873558786444943
26.968749988,2026-05-04T22:12:35.476562Z,2026-05-04T22:13:36.900624988Z,0.9409828186035156,0.3276254236698151,-0.0303937029093504,-0.5366011094591542,3830.687506,24.12499759999986,311.01566790000254,-0.5044074710731687
26.976562488,2026-05-04T22:12:35.484375Z,2026-05-04T22:13:36.908437488Z,0.9423731565475464,0.326942652463913,-0.0345761999487876,-0.5511706194609666,3826.7812560000007,25.68749759999975,283.0859804000045,-0.5200793542818881
26.984374988,2026-05-04T22:12:35.492187Z,2026-05-04T22:13:36.916249988Z,0.942779302597046,0.3279357850551605,-0.0397428050637245,-0.5618341713284289,3822.8750060000007,27.249997599999645,255.15629290000632,-0.5357512374906074
26.992187488,2026-05-04T22:12:35.500000Z,2026-05-04T22:13:36.924062488Z,0.940889060497284,0.3282461166381836,-0.0442635938525199,-0.5438160891900692,3818.968756000001,28.812497599999542,227.22660540000822,-0.5514231206993268
26.999999988,2026-05-04T22:12:35.507812Z,2026-05-04T22:13:36.931874988Z,0.9422793984413148,0.3282771706581116,-0.04560137540102,-0.5603101675837293,3815.109380700001,29.250004800001065,196.95318290001282,-0.5597490373546409
27.007812488,2026-05-04T22:12:35.515625Z,2026-05-04T22:13:36.939687488Z,0.9413264989852904,0.3281530141830444,-0.0477387532591819,-0.5501605705321317,3811.398443200001,26.125004800000998,159.25787040001202,-0.5448125306970992
27.015624988,2026-05-04T22:12:35.523437Z,2026-05-04T22:13:36.947499988Z,0.9414514899253844,0.3291306495666504,-0.0480462908744812,-0.5555822820488503,3807.687505700001,23.00000480000093,121.56255790001121,-0.5298760240395577
27.023437488,2026-05-04T22:12:35.531250Z,2026-05-04T22:13:36.955312488Z,0.941982626914978,0.3307444751262665,-0.045832023024559,-0.5572064732832651,3803.976568200001,19.875004800000863,83.86724540001042,-0.514939517382016
27.031249988,2026-05-04T22:12:35.539062Z,2026-05-04T22:13:36.963124988Z,0.9409672021865844,0.331396222114563,-0.0432025864720344,-0.5566842303196513,3800.265630700001,16.7500048000008,46.171932900009615,-0.5000030107244745
27.039062488,2026-05-04T22:12:35.546875Z,2026-05-04T22:13:36.970937488Z,0.9397955536842346,0.3319083154201508,-0.0383896455168724,-0.5434815329195012,3797.0937488,14.023437199999954,8.664118000008443,-0.48759932389613275
27.046874988,2026-05-04T22:12:35.554687Z,2026-05-04T22:13:36.978749988Z,0.9391394257545472,0.3322807252407074,-0.0332845449447631,-0.5356309342771455,3797.8749988,14.21874969999996,-27.468694499992324,-0.4937699193195386
27.054687488,2026-05-04T22:12:35.562500Z,2026-05-04T22:13:36.986562488Z,0.9385770559310912,0.3339100778102875,-0.0279949177056551,-0.5339465772237026,3798.6562488,14.414062199999963,-63.60150699999309,-0.49994051474294443
27.062499988,2026-05-04T22:12:35.570312Z,2026-05-04T22:13:36.994374988Z,0.9395924806594848,0.3348877131938934,-0.0212444942444562,-0.5474185569123261,3799.4374988,14.609374699999966,-99.73431949999386,-0.5061111101663502
27.070312488,2026-05-04T22:12:35.578125Z,2026-05-04T22:13:37.002187488Z,0.9386863708496094,0.3343135416507721,-0.0133561883121728,-0.5334815169551421,3800.2187488,14.804687199999972,-135.86713199999463,-0.5122817055897562
27.078124988,2026-05-04T22:12:35.585937Z,2026-05-04T22:13:37.009999988Z,0.9385457634925842,0.334577351808548,-0.0046529099345207,-0.5324558979599591,3800.9999988,14.999999699999975,-171.9999444999954,-0.518452301013162
27.085937488,2026-05-04T22:12:35.593750Z,2026-05-04T22:13:37.017812488Z,0.9365618228912354,0.3347170054912567,0.0043886601924896,-0.5107745252652441,3802.1718732,9.335946200000599,-197.97652259999725,-0.5276335836148142
27.093749988,2026-05-04T22:12:35.601562Z,2026-05-04T22:13:37.025624988Z,0.93662428855896,0.3355394601821899,0.0149679100140929,-0.5159216137404276,3803.3437482,3.6718837000004783,-223.9530850999978,-0.5368148708408894
27.101562488,2026-05-04T22:12:35.609375Z,2026-05-04T22:13:37.033437488Z,0.9388582110404968,0.3351670205593109,0.0268080607056617,-0.5426031762648625,3804.5156232,-1.9921787999996425,-249.92964759999836,-0.5459961580669647
27.109374988,2026-05-04T22:12:35.617187Z,2026-05-04T22:13:37.041249988Z,0.9366867542266846,0.3341738879680634,0.036480076611042,-0.5177456782580614,3805.6874982,-7.656241299999763,-275.90621009999893,-0.5551774452930399
27.117187488,2026-05-04T22:12:35.625000Z,2026-05-04T22:13:37.049062488Z,0.9374210238456726,0.3343445956707001,0.0471208356320858,-0.5316853136699669,3806.8593732,-13.320303799999884,-301.88277259999944,-0.5643587325191152
27.124999988,2026-05-04T22:12:35.632812Z,2026-05-04T22:13:37.056874988Z,0.9378427863121032,0.333056628704071,0.0588533505797386,-0.5383094332206411,3804.5937542,-10.734380699999997,-305.5156241,-0.5575805934365107
27.132812488,2026-05-04T22:12:35.640625Z,2026-05-04T22:13:37.064687488Z,0.9371398091316224,0.3312410414218903,0.0694941058754921,-0.5308785993188193,3801.8593792,-7.023443199999918,-306.1015616,-0.548626137293061
27.140624988,2026-05-04T22:12:35.648437Z,2026-05-04T22:13:37.072499988Z,0.937467873096466,0.3319548666477203,0.0788739621639251,-0.5452135078737345,3799.1250041999997,-3.312505699999839,-306.6874991,-0.5396716811496114
27.148437488,2026-05-04T22:12:35.656250Z,2026-05-04T22:13:37.080312488Z,0.9388113617897034,0.3315979540348053,0.0899452790617942,-0.55449405204018,3796.3906291999997,0.3984318000002401,-307.2734366,-0.5307172250061617
27.156249988,2026-05-04T22:12:35.664062Z,2026-05-04T22:13:37.088124988Z,0.9377959370613098,0.3294565081596375,0.1004168912768364,-0.5607817837679437,3793.6562541999997,4.109369300000319,-307.8593741,-0.5217627688627121
27.164062488,2026-05-04T22:12:35.671875Z,2026-05-04T22:13:37.095937488Z,0.9387801289558412,0.3280288875102997,0.1103656888008118,-0.5458245987765449,3795.0781208000003,7.820306800000148,-296.27346119999936,-0.5238322605658075
27.171874988,2026-05-04T22:12:35.679687Z,2026-05-04T22:13:37.103749988Z,0.9386707544326782,0.3278892338275909,0.119130477309227,-0.5364271395295368,3797.8124958,11.531244299999898,-280.84377370000044,-0.5293830282731046
27.179687488,2026-05-04T22:12:35.687500Z,2026-05-04T22:13:37.111562488Z,0.9365930557250975,0.3284789025783539,0.1256041079759598,-0.5487556200786616,3800.5468708,15.242181799999647,-265.41408620000146,-0.5349337959804016
27.187499988,2026-05-04T22:12:35.695312Z,2026-05-04T22:13:37.119374988Z,0.9382176995277404,0.3279512822628021,0.132216140627861,-0.5230395757454536,3803.2812457999994,18.953119299999397,-249.98439870000252,-0.5404845636876987
27.195312488,2026-05-04T22:12:35.703125Z,2026-05-04T22:13:37.127187488Z,0.9394206404685974,0.3264926373958588,0.1393971145153046,-0.5042396586661566,3806.0156207999994,22.664056799999145,-234.55471120000354,-0.5460353313949957
27.203124988,2026-05-04T22:12:35.710937Z,2026-05-04T22:13:37.134999988Z,0.9395143389701844,0.3260115683078766,0.1437333822250366,-0.498440750319166,3806.3750015,24.499998799999812,-206.37505430000851,-0.5432556364823166
27.210937488,2026-05-04T22:12:35.718750Z,2026-05-04T22:13:37.142812488Z,0.9381396174430848,0.3280133605003357,0.1450250297784805,-0.5044255557618353,3805.398439,25.28124879999983,-171.02349180000775,-0.5357900251065858
27.218749988,2026-05-04T22:12:35.726562Z,2026-05-04T22:13:37.150624988Z,0.9372960329055786,0.3277029991149902,0.1492536514997482,-0.5077334790731968,3804.4218765,26.062498799999844,-135.671929300007,-0.5283244137308549
27.226562488,2026-05-04T22:12:35.734375Z,2026-05-04T22:13:37.158437488Z,0.9377490878105164,0.327252984046936,0.1537744402885437,-0.49634154846736833,3803.445314,26.84374879999986,-100.32036680000625,-0.5208588023551242
27.234374988,2026-05-04T22:12:35.742187Z,2026-05-04T22:13:37.166249988Z,0.938170850276947,0.3286651074886322,0.1537436991930008,-0.4861594525286365,3802.4687515,27.62499879999988,-64.9688043000055,-0.5133931909793933
27.242187488,2026-05-04T22:12:35.750000Z,2026-05-04T22:13:37.174062488Z,0.9358900785446168,0.3302789330482483,0.1498841047286987,-0.5122870247589455,3803.3203086,25.257820600000706,-27.789122200005213,-0.5144398643752884
27.249999988,2026-05-04T22:12:35.757812Z,2026-05-04T22:13:37.181874988Z,0.9372960329055786,0.3301703333854675,0.1479773819446564,-0.5002224847138158,3805.8593711,19.984383100000596,11.078065299995616,-0.523344079760485
27.257812488,2026-05-04T22:12:35.765625Z,2026-05-04T22:13:37.189687488Z,0.9371866583824158,0.329146146774292,0.1452710628509521,-0.5098938534232319,3808.3984336,14.710945600000482,49.945252799996446,-0.5322482951456816
27.265624988,2026-05-04T22:12:35.773437Z,2026-05-04T22:13:37.197499988Z,0.9373741149902344,0.3310703635215759,0.1409655511379242,-0.5069375106433138,3810.9374961,9.437508100000368,88.81244029999728,-0.5411525105308781
27.273437488,2026-05-04T22:12:35.781250Z,2026-05-04T22:13:37.205312488Z,0.9362181425094604,0.3334911167621613,0.135214626789093,-0.5191443258247923,3813.4765586,4.164070600000256,127.67962779999812,-0.5500567259160747
27.281249988,2026-05-04T22:12:35.789062Z,2026-05-04T22:13:37.213124988Z,0.9347496628761292,0.3342359662055969,0.1297250986099243,-0.5404286895109042,3816.8749927999997,1.234374099999984,163.9687001999991,-0.5492698082635807
27.289062488,2026-05-04T22:12:35.796875Z,2026-05-04T22:13:37.220937488Z,0.9353589415550232,0.3335842192173004,0.1225748807191849,-0.5463201278296158,3821.5624927999997,1.8203115999999964,196.3905751999998,-0.5339460980193145
27.296874988,2026-05-04T22:12:35.804687Z,2026-05-04T22:13:37.228749988Z,0.9369211196899414,0.3340497612953186,0.1146096885204315,-0.5373608378069556,3826.2499928,2.406249100000009,228.81245020000048,-0.5186223877750481
27.304687488,2026-05-04T22:12:35.812500Z,2026-05-04T22:13:37.236562488Z,0.9357494711875916,0.3346394300460815,0.1032615974545479,-0.5618449285839447,3830.9374928,2.9921866000000215,261.2343252000012,-0.5032986775307818
27.312499988,2026-05-04T22:12:35.820312Z,2026-05-04T22:13:37.244374988Z,0.9362962245941162,0.3349808156490326,0.0931897833943367,-0.5584237586074516,3835.6249928,3.578124100000034,293.6562002000019,-0.4879749672865155
27.320312488,2026-05-04T22:12:35.828125Z,2026-05-04T22:13:37.252187488Z,0.9373897910118104,0.3344376981258392,0.0861471965909004,-0.561732114458144,3838.9453128,3.9453127999999893,321.1562272000008,-0.4759697040234023
27.328124988,2026-05-04T22:12:35.835937Z,2026-05-04T22:13:37.259999988Z,0.935312032699585,0.3342980444431305,0.0751989036798477,-0.5276307809103147,3838.7500003,3.7500003000000026,335.9999771999998,-0.4724976551552219
27.335937488,2026-05-04T22:12:35.843750Z,2026-05-04T22:13:37.267812488Z,0.9352807998657228,0.3348101079463959,0.0628359466791153,-0.5197304912018793,3838.5546878,3.554687800000016,350.8437271999988,-0.4690256062870416
27.343749988,2026-05-04T22:12:35.851562Z,2026-05-04T22:13:37.275624988Z,0.9382333755493164,0.3338945806026459,0.0528256371617317,-0.5431020643091796,3838.3593753,3.359375300000029,365.6874771999978,-0.46555355741886123
27.351562488,2026-05-04T22:12:35.859375Z,2026-05-04T22:13:37.283437488Z,0.9382489919662476,0.3319083154201508,0.0412930212914943,-0.5291440214331004,3838.1640628,3.164062800000042,380.5312271999968,-0.46208150855068086
27.359374988,2026-05-04T22:12:35.867187Z,2026-05-04T22:13:37.291249988Z,0.9390300512313844,0.3315824270248413,0.0306368879973888,-0.5324951611538197,3837.9062509,3.4062460999993167,392.06250900000157,-0.45974788084584867
27.367187488,2026-05-04T22:12:35.875000Z,2026-05-04T22:13:37.299062488Z,0.9393268823623656,0.331737607717514,0.0218259710818529,-0.5340108386975437,3837.3203134,5.945308599999371,386.20313400000146,-0.4633910325545319
27.374999988,2026-05-04T22:12:35.882812Z,2026-05-04T22:13:37.306874988Z,0.9388894438743592,0.3310548365116119,0.0122154597193002,-0.5244901094051856,3836.7343759,8.484371099999425,380.34375900000134,-0.4670341842632151
27.382812488,2026-05-04T22:12:35.890625Z,2026-05-04T22:13:37.314687488Z,0.9389207363128662,0.3302634358406067,0.0021436437964439,-0.5206915564178644,3836.1484384,11.023433599999478,374.4843840000012,-0.4706773359718983
27.390624988,2026-05-04T22:12:35.898437Z,2026-05-04T22:13:37.322499988Z,0.9413264989852904,0.3294409811496735,-0.0072208363562822,-0.5448075260420349,3835.5625009,13.562496099999533,368.62500900000106,-0.4743204876805815
27.398437488,2026-05-04T22:12:35.906250Z,2026-05-04T22:13:37.330312488Z,0.9415764212608336,0.3278892338275909,-0.016462305560708,-0.5426576275807069,3834.9062536000006,16.03906099999984,362.0937848000037,-0.4783281854928091
27.406249988,2026-05-04T22:12:35.914062Z,2026-05-04T22:13:37.338124988Z,0.9408734440803528,0.327252984046936,-0.0235663969069719,-0.5338534677911733,3832.5625036,17.01562349999986,339.4375348000032,-0.4910853397678386
27.414062488,2026-05-04T22:12:35.921875Z,2026-05-04T22:13:37.345937488Z,0.9421388506889344,0.3280288875102997,-0.0284715984016656,-0.5526470078146274,3830.2187536,17.992185999999883,316.7812848000027,-0.5038424940428681
27.421874988,2026-05-04T22:12:35.929687Z,2026-05-04T22:13:37.353749988Z,0.9421544671058656,0.3290064930915833,-0.0329770073294639,-0.5580662310473058,3827.8750036,18.968748499999904,294.12503480000225,-0.5165996483178975
27.429687488,2026-05-04T22:12:35.937500Z,2026-05-04T22:13:37.361562488Z,0.9406859874725342,0.3285254538059235,-0.0369134694337844,-0.541220774266052,3825.5312536,19.945310999999926,271.46878480000174,-0.5293568025929271
27.437499988,2026-05-04T22:12:35.945312Z,2026-05-04T22:13:37.369374988Z,0.9423575401306152,0.3283858001232147,-0.0396351665258407,-0.5608515844235237,3823.1875036,20.921873499999947,248.81253480000126,-0.5421139568679565
27.445312488,2026-05-04T22:12:35.953125Z,2026-05-04T22:13:37.377187488Z,0.9422637820243835,0.3279668092727661,-0.0435255020856857,-0.5597433818553094,3821.5625024,21.898435999999965,212.3203704000013,-0.5443625312903841
27.453124988,2026-05-04T22:12:35.960937Z,2026-05-04T22:13:37.384999988Z,0.9415764212608336,0.3286185562610626,-0.0456475019454956,-0.5555935506549913,3820.0000024,22.874998499999986,174.6250579000005,-0.5456972970899884
27.460937488,2026-05-04T22:12:35.968750Z,2026-05-04T22:13:37.392812488Z,0.9413108825683594,0.3296737670898438,-0.043694645166397,-0.5559768760204769,3818.4375024,23.851561000000007,136.92974539999972,-0.5470320628895927
27.468749988,2026-05-04T22:12:35.976562Z,2026-05-04T22:13:37.400624988Z,0.9409046769142152,0.3309462070465088,-0.0404501408338546,-0.5549132546267246,3816.8750024,24.82812350000003,99.23443289999891,-0.5483668286891971
27.476562488,2026-05-04T22:12:35.984375Z,2026-05-04T22:13:37.408437488Z,0.9399830102920532,0.3313496708869934,-0.0372825115919113,-0.5447210539476165,3815.3125024,25.80468600000005,61.5391203999981,-0.5497015944888013
27.484374988,2026-05-04T22:12:35.992187Z,2026-05-04T22:13:37.416249988Z,0.9399048686027528,0.3324979841709137,-0.034314788877964,-0.5473223883024326,3813.7500024,22.250007199999995,23.062559399999966,-0.5474530717165735
27.492187488,2026-05-04T22:12:36.000000Z,2026-05-04T22:13:37.424062488Z,0.9393424987792968,0.3333514630794525,-0.0306397322565317,-0.543202442333518,3812.1875024,17.56250720000031,-15.609315599997426,-0.544308718201479
27.499999988,2026-05-04T22:12:36.007812Z,2026-05-04T22:13:37.431874988Z,0.9389519691467284,0.333258330821991,-0.0245197582989931,-0.5365445091421622,3810.6250024,12.875007200000628,-54.281190599994815,-0.5411643646863843
27.507812488,2026-05-04T22:12:36.015625Z,2026-05-04T22:13:37.439687488Z,0.9404672980308532,0.3333359360694885,-0.0154166836291551,-0.5521212082964176,3809.0625024000005,8.187507200000944,-92.95306559999221,-0.5380200111712897
27.515624988,2026-05-04T22:12:36.023437Z,2026-05-04T22:13:37.447499988Z,0.9388269782066344,0.3350583910942078,-0.0079743023961782,-0.5396202213827738,3807.5000024000005,3.500007200001261,-131.6249405999896,-0.534875657656195
27.523437488,2026-05-04T22:12:36.031250Z,2026-05-04T22:13:37.455312488Z,0.9362493753433228,0.3358963429927826,-0.0002858936786651,-0.5135781797674459,3804.210943800001,3.7265585999992985,-161.13277379999303,-0.5275226372122535
27.531249988,2026-05-04T22:12:36.039062Z,2026-05-04T22:13:37.463124988Z,0.9365930557250975,0.3354153037071228,0.008771052584052,-0.5161436725982516,3800.109381300001,6.265621099999352,-186.32808629999357,-0.5181890536449439
27.539062488,2026-05-04T22:12:36.046875Z,2026-05-04T22:13:37.470937488Z,0.9390144348144532,0.3338325023651123,0.0193503033369779,-0.538975259530824,3796.007818800001,8.804683599999407,-211.5233987999941,-0.5088554700776343
27.546874988,2026-05-04T22:12:36.054687Z,2026-05-04T22:13:37.478749988Z,0.9375459551811218,0.3336773216724396,0.0278844367712736,-0.524023264464737,3791.9062563000007,11.34374609999946,-236.71871129999465,-0.4995218865103248
27.554687488,2026-05-04T22:12:36.062500Z,2026-05-04T22:13:37.486562488Z,0.9379677772521972,0.3352911770343781,0.0385098196566104,-0.5393576628178512,3787.8046938000007,13.882808599999516,-261.91402379999516,-0.49018830294301524
27.562499988,2026-05-04T22:12:36.070312Z,2026-05-04T22:13:37.494374988Z,0.9377334713935852,0.3345463275909424,0.0507497638463974,-0.5400724835190494,3787.4218710999994,13.906253000000332,-277.04686389999875,-0.49204262058362164
27.570312488,2026-05-04T22:12:36.078125Z,2026-05-04T22:13:37.502187488Z,0.9364055991172792,0.3325910866260529,0.0626975521445274,-0.5249846624933614,3789.9609335999994,11.953128000000289,-284.2734263999989,-0.5026874868284881
27.578124988,2026-05-04T22:12:36.085937Z,2026-05-04T22:13:37.509999988Z,0.9364368319511414,0.3322651982307434,0.0722311809659004,-0.5313048924602227,3792.4999961,10.000003000000248,-291.4999888999991,-0.5133323530733543
27.585937488,2026-05-04T22:12:36.093750Z,2026-05-04T22:13:37.517812488Z,0.938061535358429,0.3319858908653259,0.0799195915460586,-0.5550543852276936,3795.0390586,8.046878000000206,-298.7265513999992,-0.5239772193182207
27.593749988,2026-05-04T22:12:36.101562Z,2026-05-04T22:13:37.525624988Z,0.9382646083831788,0.3298444449901581,0.0894224643707275,-0.5575903019515361,3797.5781211,6.093753000000165,-305.9531138999994,-0.5346220855630871
27.601562488,2026-05-04T22:12:36.109375Z,2026-05-04T22:13:37.533437488Z,0.9383426904678344,0.3287426829338074,0.1000939756631851,-0.5585123883345966,3798.7421884,5.687497599999901,-302.6953380000011,-0.5382686537033801
27.609374988,2026-05-04T22:12:36.117187Z,2026-05-04T22:13:37.541249988Z,0.9394987225532532,0.329503059387207,0.1103656888008118,-0.5299593214405808,3798.1562509,7.249997599999935,-286.0937755000007,-0.5330082414594228
27.617187488,2026-05-04T22:12:36.125000Z,2026-05-04T22:13:37.549062488Z,0.9371241927146912,0.3292082250118256,0.1179003342986107,-0.548434191039459,3797.5703134,8.812497599999968,-269.49221300000033,-0.5277478292154656
27.624999988,2026-05-04T22:12:36.132812Z,2026-05-04T22:13:37.556874988Z,0.9375459551811218,0.328230619430542,0.1257732510566711,-0.5368665069143213,3796.9843759,10.3749976,-252.8906505,-0.5224874169715085
27.632812488,2026-05-04T22:12:36.140625Z,2026-05-04T22:13:37.564687488Z,0.9389519691467284,0.3271598815917969,0.1319393664598465,-0.5163057229460002,3796.3984384,11.937497600000034,-236.28908799999962,-0.5172270047275512
27.640624988,2026-05-04T22:12:36.148437Z,2026-05-04T22:13:37.572499988Z,0.939358115196228,0.3266943693161011,0.1360142230987549,-0.5076122964941836,3796.1874991,14.187494300000056,-215.68754469999956,-0.5129436683011607
27.648437488,2026-05-04T22:12:36.156250Z,2026-05-04T22:13:37.580312488Z,0.9381240010261536,0.3264926373958588,0.1403043568134308,-0.5157419241868656,3796.7734366,17.898431799999805,-186.58598220000152,-0.5107366326433064
27.656249988,2026-05-04T22:12:36.164062Z,2026-05-04T22:13:37.588124988Z,0.9371866583824158,0.3270202279090881,0.1439947932958603,-0.5182578479482929,3797.3593741,21.609369299999553,-157.48441970000349,-0.5085295969854521
27.664062488,2026-05-04T22:12:36.171875Z,2026-05-04T22:13:37.595937488Z,0.9389207363128662,0.3284943997859955,0.1474084407091141,-0.48745506135881966,3797.9453116,25.320306799999305,-128.38285720000545,-0.5063225613275979
27.671874988,2026-05-04T22:12:36.179687Z,2026-05-04T22:13:37.603749988Z,0.9371554255485536,0.3280444145202637,0.14871546626091,-0.5068508004655425,3798.5312491,29.031244299999052,-99.28129470000742,-0.5041155256697436
27.679687488,2026-05-04T22:12:36.187500Z,2026-05-04T22:13:37.611562488Z,0.9372960329055786,0.328587532043457,0.148638591170311,-0.5031446441769097,3799.0781244,31.257818200001132,-68.42193320001155,-0.5025989119686074
27.687499988,2026-05-04T22:12:36.195312Z,2026-05-04T22:13:37.619374988Z,0.9372491836547852,0.3293168544769287,0.1460245251655579,-0.5053736460599432,3799.4687494,27.54688070000105,-30.531308200010734,-0.5038440126067557
27.695312488,2026-05-04T22:12:36.203125Z,2026-05-04T22:13:37.627187488Z,0.9377803206443788,0.3300772309303284,0.1442869454622269,-0.4992741436027736,3799.8593744,23.835943200000973,7.359316799990074,-0.505089113244904
27.703124988,2026-05-04T22:12:36.210937Z,2026-05-04T22:13:37.634999988Z,0.9373741149902344,0.331396222114563,0.1418881565332413,-0.5021822213021194,3800.2499994,20.125005700000894,45.249941799990886,-0.5063342138830523
27.710937488,2026-05-04T22:12:36.218750Z,2026-05-04T22:13:37.642812488Z,0.9345465898513794,0.3321255445480347,0.1369983404874802,-0.5383303329871971,3800.6406244,16.414068200000816,83.14056679999169,-0.5075793145212006
27.718749988,2026-05-04T22:12:36.226562Z,2026-05-04T22:13:37.650624988Z,0.9357494711875916,0.3325910866260529,0.1320008635520935,-0.5305142521516047,3801.5937385999987,12.87500240000031,120.93744359999272,-0.5082179045534335
27.726562488,2026-05-04T22:12:36.234375Z,2026-05-04T22:13:37.658437488Z,0.9362181425094604,0.3335531949996948,0.1245123594999313,-0.5322991144902238,3809.0156135999987,11.312502400000277,157.65619359999351,-0.5018814770522806
27.734374988,2026-05-04T22:12:36.242187Z,2026-05-04T22:13:37.666249988Z,0.9367961287498474,0.3336617946624756,0.1160704866051674,-0.5367370284784408,3816.4374885999987,9.750002400000243,194.37494359999428,-0.4955450495511276
27.742187488,2026-05-04T22:12:36.250000Z,2026-05-04T22:13:37.674062488Z,0.936389982700348,0.3340652585029602,0.1093815714120865,-0.5478856576960444,3823.859363599999,8.18750240000021,231.09369359999508,-0.4892086220499747
27.749999988,2026-05-04T22:12:36.257812Z,2026-05-04T22:13:37.681874988Z,0.9362337589263916,0.3340187072753906,0.1012472361326218,-0.5592992119750052,3831.281238599999,6.625002400000176,267.81244359999585,-0.4828721945488217
27.757812488,2026-05-04T22:12:36.265625Z,2026-05-04T22:13:37.689687488Z,0.9357182383537292,0.3353842794895172,0.0919903889298439,-0.5545167583403329,3838.703113599999,5.0625024000001435,304.53119359999664,-0.4765357670476687
27.765624988,2026-05-04T22:12:36.273437Z,2026-05-04T22:13:37.697499988Z,0.935327649116516,0.3356170356273651,0.0815187767148017,-0.5407437397638123,3839.1874997,2.375004200000192,321.7499747999988,-0.4715687330076708
27.773437488,2026-05-04T22:12:36.281250Z,2026-05-04T22:13:37.705312488Z,0.9368898868560792,0.3344842493534088,0.071892887353897,-0.5455552388154741,3839.3828122,-0.359370799999866,338.1562247999992,-0.46665875931088063
27.781249988,2026-05-04T22:12:36.289062Z,2026-05-04T22:13:37.713124988Z,0.937827169895172,0.3327617645263672,0.0608215779066085,-0.5410445867624057,3839.5781247,-3.0937457999999243,354.56247479999956,-0.46174878561409044
27.789062488,2026-05-04T22:12:36.296875Z,2026-05-04T22:13:37.720937488Z,0.93710857629776,0.3322186470031738,0.0489353016018867,-0.5233478299639368,3839.7734372,-5.828120799999982,370.9687247999999,-0.4568388119173002
27.796874988,2026-05-04T22:12:36.304687Z,2026-05-04T22:13:37.728749988Z,0.9390456676483154,0.3335376679897308,0.0392017737030983,-0.545675117963829,3839.9687497,-8.56249580000004,387.37497480000025,-0.45192883822051
27.804687488,2026-05-04T22:12:36.312500Z,2026-05-04T22:13:37.736562488Z,0.9379209280014038,0.3328859210014343,0.0296835247427225,-0.5268354838330322,3838.5234402,-3.5859474000002467,385.8984450000002,-0.4567106226859332
27.812499988,2026-05-04T22:12:36.320312Z,2026-05-04T22:13:37.744374988Z,0.938873827457428,0.3308841288089752,0.0217490866780281,-0.5273069388203516,3836.7656277,2.859365099999318,381.0156325000005,-0.46333847742285444
27.820312488,2026-05-04T22:12:36.328125Z,2026-05-04T22:13:37.752187488Z,0.9404672980308532,0.3297668695449829,0.0125229964032769,-0.5391843318102949,3835.0078152,9.304677599998882,376.13282000000083,-0.46996633215977573
27.828124988,2026-05-04T22:12:36.335937Z,2026-05-04T22:13:37.759999988Z,0.940436065196991,0.3305427432060242,0.000344555824995,-0.5410415122809401,3833.2500027000006,15.749990099998447,371.2500075000012,-0.476594186896697
27.835937488,2026-05-04T22:12:36.343750Z,2026-05-04T22:13:37.767812488Z,0.9385613799095154,0.3292237520217896,-0.00940434448421,-0.5148638399723414,3831.4921902000006,22.195302599998012,366.3671950000015,-0.4832220416336183
27.843749988,2026-05-04T22:12:36.351562Z,2026-05-04T22:13:37.775624988Z,0.9427324533462524,0.3279047310352325,-0.0136944781988859,-0.5572537483652558,3830.2968765000005,24.703123499999695,349.39065830000675,-0.49088363816862796
27.851562488,2026-05-04T22:12:36.359375Z,2026-05-04T22:13:37.783437488Z,0.9419670104980468,0.3274857699871063,-0.0194761622697114,-0.5480135999738425,3829.3203140000005,25.679685999999716,327.7109708000063,-0.49894724846584004
27.859374988,2026-05-04T22:12:36.367187Z,2026-05-04T22:13:37.791249988Z,0.9398580193519592,0.3289909660816193,-0.0273798462003469,-0.5322562994412008,3828.3437515,26.656248499999737,306.03128330000584,-0.5070108587630521
27.867187488,2026-05-04T22:12:36.375000Z,2026-05-04T22:13:37.799062488Z,0.940404772758484,0.3286961317062378,-0.0318545028567314,-0.5388278063186194,3827.367189,27.63281099999976,284.3515958000054,-0.5150744690602642
27.874999988,2026-05-04T22:12:36.382812Z,2026-05-04T22:13:37.806874988Z,0.9427636861801147,0.3279668092727661,-0.0346530824899673,-0.5603498635207963,3826.3906265,28.60937349999978,262.67190830000493,-0.5231380793574762
27.882812488,2026-05-04T22:12:36.390625Z,2026-05-04T22:13:37.814687488Z,0.944325864315033,0.3275012671947479,-0.0368827208876609,-0.5437788472803077,3824.8281280000006,28.06250240000032,232.6719296000073,-0.5301788487207685
27.890624988,2026-05-04T22:12:36.398437Z,2026-05-04T22:13:37.822499988Z,0.9407172203063964,0.3286030292510986,-0.0396044179797172,-0.5447410547788386,3822.8750030000006,26.500002400000287,197.12505460000654,-0.536537719763981
27.898437488,2026-05-04T22:12:36.406250Z,2026-05-04T22:13:37.830312488Z,0.9395143389701844,0.3298599720001221,-0.0405270233750343,-0.5366620343222588,3820.921878,24.937502400000255,161.57817960000577,-0.5428965908071935
27.906249988,2026-05-04T22:12:36.414062Z,2026-05-04T22:13:37.838124988Z,0.9412015080451964,0.3307754993438721,-0.0388509482145309,-0.5587767447303224,3818.968753,23.37500240000022,126.03130460000502,-0.5492554618504061
27.914062488,2026-05-04T22:12:36.421875Z,2026-05-04T22:13:37.845937488Z,0.9426387548446656,0.330108255147934,-0.0360831245779991,-0.5528989187305002,3817.015628,21.812502400000188,90.48442960000425,-0.5556143328936186
27.921874988,2026-05-04T22:12:36.429687Z,2026-05-04T22:13:37.853749988Z,0.9395143389701844,0.3309306800365448,-0.0352220237255096,-0.538815662247185,3815.2500024,20.156252700000174,55.781301900003335,-0.5570127231363983
27.929687488,2026-05-04T22:12:36.437500Z,2026-05-04T22:13:37.861562488Z,0.9386239051818848,0.3322341740131378,-0.0324234440922737,-0.5330822133896148,3813.6875024,18.398440200000135,21.992239400002617,-0.5530372261087287
27.937499988,2026-05-04T22:12:36.445312Z,2026-05-04T22:13:37.869374988Z,0.9394987225532532,0.3327772915363312,-0.0250118169933557,-0.5426669076159882,3812.1250024,16.6406277000001,-11.7968230999981,-0.5490617290810592
27.945312488,2026-05-04T22:12:36.453125Z,2026-05-04T22:13:37.877187488Z,0.9405141472816468,0.3336773216724396,-0.0169851165264844,-0.5560603998982013,3810.5625024,14.88281520000006,-45.58588559999882,-0.5450862320533897
27.953124988,2026-05-04T22:12:36.460937Z,2026-05-04T22:13:37.884999988Z,0.938514530658722,0.3351514935493469,-0.0116493608802557,-0.5386588975420876,3809.0000024,13.125002700000023,-79.37494809999953,-0.5411107350257202
27.960937488,2026-05-04T22:12:36.468750Z,2026-05-04T22:13:37.892812488Z,0.93710857629776,0.3350583910942078,-0.0044991411268711,-0.5217949006947058,3806.8046926,10.171882800000121,-111.82807879999928,-0.5364719975319621
27.968749988,2026-05-04T22:12:36.476562Z,2026-05-04T22:13:37.900624988Z,0.9377490878105164,0.3341583609580994,0.0031892675906419,-0.5254406585673785,3803.4843801,5.093757800000465,-141.90620379999726,-0.5306541580156073
27.976562488,2026-05-04T22:12:36.484375Z,2026-05-04T22:13:37.908437488Z,0.9385770559310912,0.3337859511375427,0.0118925468996167,-0.5341744633173388,3800.1640676000006,0.015632800000807877,-171.9843287999952,-0.5248363184992526
27.984374988,2026-05-04T22:12:36.492187Z,2026-05-04T22:13:37.916249988Z,0.9382020831108092,0.3341738879680634,0.0215338114649057,-0.5333091652304665,3796.8437551000006,-5.062492199998849,-202.0624537999932,-0.5190184789828979
27.992187488,2026-05-04T22:12:36.500000Z,2026-05-04T22:13:37.924062488Z,0.9370304346084596,0.3349808156490326,0.031928539276123,-0.5267423223124593,3793.523442600001,-10.140617199998507,-232.14057879999118,-0.5132006394665432
27.999999988,2026-05-04T22:12:36.507812Z,2026-05-04T22:13:37.931874988Z,0.9368429780006408,0.3347790837287903,0.0429690927267074,-0.5285743195565463,3791.4218722999994,-12.734383100001795,-256.87498799999736,-0.510603165021637
28.007812488,2026-05-04T22:12:36.515625Z,2026-05-04T22:13:37.939687488Z,0.9370304346084596,0.3333824872970581,0.0535944774746894,-0.530868298303988,3793.1796847999994,-7.460945600001682,-264.68748799999753,-0.5182035991799554
28.015624988,2026-05-04T22:12:36.523437Z,2026-05-04T22:13:37.947499988Z,0.9379833936691284,0.3323117792606354,0.0636662915349006,-0.5442159564958237,3794.9374972999994,-2.1875081000015686,-272.4999879999977,-0.5258040333382737
28.023437488,2026-05-04T22:12:36.531250Z,2026-05-04T22:13:37.955312488Z,0.9379990100860596,0.3321565985679626,0.072046659886837,-0.5501018678116718,3796.6953097999994,3.085929399998544,-280.31248799999787,-0.5334044674965922
28.031249988,2026-05-04T22:12:36.539062Z,2026-05-04T22:13:37.963124988Z,0.938295841217041,0.3313031196594238,0.0815341547131538,-0.5581510575866108,3798.4531222999994,8.359366899998657,-288.124987999998,-0.5410049016549106
28.039062488,2026-05-04T22:12:36.546875Z,2026-05-04T22:13:37.970937488Z,0.9380927681922911,0.3304030895233154,0.091790497303009,-0.5617851884509955,3799.531256000001,13.187497599999634,-293.64064240000266,-0.545823020112526
28.046874988,2026-05-04T22:12:36.554687Z,2026-05-04T22:13:37.978749988Z,0.937686562538147,0.3292392492294312,0.1017239168286324,-0.5599814000389796,3795.6250060000007,14.749997599999668,-282.3125174000024,-0.5302371933141339
28.054687488,2026-05-04T22:12:36.562500Z,2026-05-04T22:13:37.986562488Z,0.9368742108345032,0.3289599418640137,0.1087049916386604,-0.5618602103512008,3791.7187560000007,16.312497599999702,-270.98439240000215,-0.5146513665157418
28.062499988,2026-05-04T22:12:36.570312Z,2026-05-04T22:13:37.994374988Z,0.9390612840652466,0.3286495804786682,0.1169315874576569,-0.5282640961945279,3787.8125060000007,17.874997599999734,-259.6562674000019,-0.49906553971734974
28.070312488,2026-05-04T22:12:36.578125Z,2026-05-04T22:13:38.002187488Z,0.9384989142417908,0.3277029991149902,0.1237588971853256,-0.529036083354155,3783.9062560000007,19.43749759999977,-248.32814240000167,-0.48347971291895764
28.078124988,2026-05-04T22:12:36.585937Z,2026-05-04T22:13:38.009999988Z,0.9381864666938782,0.3277340531349182,0.1294636875391006,-0.5244997924085103,3780.0000060000007,20.9999975999998,-237.00001740000144,-0.46789388612056554
28.085937488,2026-05-04T22:12:36.593750Z,2026-05-04T22:13:38.017812488Z,0.9397330284118652,0.3272219598293304,0.1359527111053467,-0.49949914991298827,3783.5156196,20.21875120000008,-207.7031700000031,-0.47541454334830663
28.093749988,2026-05-04T22:12:36.601562Z,2026-05-04T22:13:38.025624988Z,0.9378896355628968,0.3275788724422455,0.1393202394247055,-0.5137392722430539,3787.0312446,19.437501200000067,-178.40629500000247,-0.48293523606766464
28.101562488,2026-05-04T22:12:36.609375Z,2026-05-04T22:13:38.033437488Z,0.93662428855896,0.3282461166381836,0.1409655511379242,-0.5228832740786264,3790.5468696,18.65625120000005,-149.10942000000185,-0.4904559287870226
28.109374988,2026-05-04T22:12:36.617187Z,2026-05-04T22:13:38.041249988Z,0.9384520649909972,0.328215092420578,0.1435642391443253,-0.4983143736991721,3794.0624946,17.875001200000032,-119.81254500000122,-0.4979766215063806
28.117187488,2026-05-04T22:12:36.625000Z,2026-05-04T22:13:38.049062488Z,0.9392175078392028,0.3280754387378693,0.1449481546878815,-0.4878506458932744,3797.5781196,17.093751200000018,-90.5156700000006,-0.5054973142257386
28.124999988,2026-05-04T22:12:36.632812Z,2026-05-04T22:13:38.056874988Z,0.9369523525238036,0.3284633755683899,0.143902525305748,-0.5136633616737577,3801.7812434,16.3125012,-56.40630339999997,-0.5163386411889371
28.132812488,2026-05-04T22:12:36.640625Z,2026-05-04T22:13:38.064687488Z,0.9362025260925292,0.3294565081596375,0.1429184079170227,-0.519750763214427,3806.0781184,15.531251199999982,-21.640678399999235,-0.527632788499053
28.140624988,2026-05-04T22:12:36.648437Z,2026-05-04T22:13:38.072499988Z,0.9368429780006408,0.3312565684318542,0.1407656520605087,-0.5086383297950958,3810.3749934,14.750001199999966,13.124946600001504,-0.5389269358091688
28.148437488,2026-05-04T22:12:36.656250Z,2026-05-04T22:13:38.080312488Z,0.936858594417572,0.3315824270248413,0.1375365257263184,-0.5120360135390203,3814.6718684,13.96875119999995,47.89057160000225,-0.5502210831192846
28.156249988,2026-05-04T22:12:36.664062Z,2026-05-04T22:13:38.088124988Z,0.9374522566795348,0.3320324420928955,0.1332771480083466,-0.5099996638717552,3818.9687434,13.187501199999932,82.65619660000299,-0.5615152304294004
28.164062488,2026-05-04T22:12:36.671875Z,2026-05-04T22:13:38.095937488Z,0.93662428855896,0.3324979841709137,0.1266036033630371,-0.5273754062169959,3821.6328092,12.851562799999993,115.9374496000013,-0.5558846747587397
28.171874988,2026-05-04T22:12:36.679687Z,2026-05-04T22:13:38.103749988Z,0.9352495670318604,0.3334755897521973,0.1188998222351074,-0.5495102222158995,3823.7812467,12.656250300000005,148.7499495999991,-0.5449094310339093
28.179687488,2026-05-04T22:12:36.687500Z,2026-05-04T22:13:38.111562488Z,0.9359525442123412,0.3337083458900452,0.1129489988088608,-0.548262287588284,3825.9296842,12.460937800000018,181.56244959999688,-0.5339341873090789
28.187499988,2026-05-04T22:12:36.695312Z,2026-05-04T22:13:38.119374988Z,0.937467873096466,0.3342049121856689,0.106782890856266,-0.5365549390655194,3828.0781216999994,12.265625300000032,214.37494959999466,-0.5229589435842485
28.195312488,2026-05-04T22:12:36.703125Z,2026-05-04T22:13:38.127187488Z,0.935796320438385,0.334577351808548,0.0970801189541816,-0.5590096081237759,3830.2265591999994,12.070312800000044,247.18744959999245,-0.5119836998594182
28.203124988,2026-05-04T22:12:36.710937Z,2026-05-04T22:13:38.134999988Z,0.9338436126708984,0.3342980444431305,0.0869467929005622,-0.5253535460340686,3831.0,10.625003300000518,271.2499705999954,-0.5056619207059999
28.210937488,2026-05-04T22:12:36.718750Z,2026-05-04T22:13:38.142812488Z,0.937827169895172,0.3344376981258392,0.0786740630865097,-0.5605844058165288,3831.0,8.476565800000472,290.3905955999958,-0.5019577328245379
28.218749988,2026-05-04T22:12:36.726562Z,2026-05-04T22:13:38.150624988Z,0.9373584985733032,0.3338169753551483,0.0682485848665237,-0.5469498039193362,3831.0,6.328128300000426,309.53122059999623,-0.49825354494307605
28.226562488,2026-05-04T22:12:36.734375Z,2026-05-04T22:13:38.158437488Z,0.9369523525238036,0.3336928486824036,0.0583459138870239,-0.5347417351650811,3831.0,4.1796908000003805,328.67184559999663,-0.49454935706161407
28.234374988,2026-05-04T22:12:36.742187Z,2026-05-04T22:13:38.166249988Z,0.9381396174430848,0.333056628704071,0.0489814318716526,-0.5399624950781914,3831.0,2.0312533000003343,347.812470599997,-0.49084516918015214
28.242187488,2026-05-04T22:12:36.750000Z,2026-05-04T22:13:38.174062488Z,0.9368898868560792,0.332358330488205,0.0378793701529502,-0.5177118548361718,3830.492189,1.0,357.1015622,-0.4904980019536589
28.249999988,2026-05-04T22:12:36.757812Z,2026-05-04T22:13:38.181874988Z,0.9381396174430848,0.3318462371826172,0.0276537854224443,-0.5260435167115833,3829.5156265,1.0,357.2968747,-0.4932496420935844
28.257812488,2026-05-04T22:12:36.765625Z,2026-05-04T22:13:38.189687488Z,0.940436065196991,0.3307134509086609,0.0195963326841592,-0.5453988132364623,3828.539064,1.0,357.4921872,-0.49600128223351
28.265624988,2026-05-04T22:12:36.773437Z,2026-05-04T22:13:38.197499988Z,0.9405922293663024,0.3306513726711273,0.0095706470310688,-0.545228455984476,3827.5625015,1.0,357.6874997,-0.4987529223734355
28.273437488,2026-05-04T22:12:36.781250Z,2026-05-04T22:13:38.205312488Z,0.9394362568855286,0.3300461769104004,0.0009134989231824,-0.5290947922490999,3826.585939,1.0,357.8828122,-0.501504562513361
28.281249988,2026-05-04T22:12:36.789062Z,2026-05-04T22:13:38.213124988Z,0.9400298595428468,0.3290840983390808,-0.0052218530327081,-0.5320782981880359,3825.1406283,2.562493999999892,351.43752520000044,-0.5073670126237031
28.289062488,2026-05-04T22:12:36.796875Z,2026-05-04T22:13:38.220937488Z,0.9417794942855836,0.3289133906364441,-0.0124489571899175,-0.5520443117333644,3822.9921908,6.468743999999976,335.0312752000001,-0.5178957075535612
28.296874988,2026-05-04T22:12:36.804687Z,2026-05-04T22:13:38.228749988Z,0.9402173161506652,0.3287737369537354,-0.0203065108507871,-0.5351615058508882,3820.8437533,10.37499400000006,318.62502519999975,-0.5284244024834194
28.304687488,2026-05-04T22:12:36.812500Z,2026-05-04T22:13:38.236562488Z,0.9417170286178588,0.3277340531349182,-0.0251194555312395,-0.5493300943695848,3818.6953158,14.281244000000143,302.2187751999994,-0.5389530974132775
28.312499988,2026-05-04T22:12:36.820312Z,2026-05-04T22:13:38.244374988Z,0.9411234259605408,0.3276564478874207,-0.0299785267561674,-0.543721464636315,3816.5468782999997,18.187494000000225,285.8125251999991,-0.5494817923431355
28.320312488,2026-05-04T22:12:36.828125Z,2026-05-04T22:13:38.252187488Z,0.9422013163566588,0.3281685411930084,-0.0333460494875907,-0.5590799872714514,3815.3281232,21.546872000000107,264.92192479999824,-0.5571830579738156
28.328124988,2026-05-04T22:12:36.835937Z,2026-05-04T22:13:38.259999988Z,0.9417951703071594,0.3287737369537354,-0.0346992090344429,-0.5573122939989472,3816.4999982,23.499996999999972,232.50004980000043,-0.5576137357260605
28.335937488,2026-05-04T22:12:36.843750Z,2026-05-04T22:13:38.267812488Z,0.9421544671058656,0.3296892642974854,-0.0350836291909217,-0.5587176664400394,3817.6718732,25.45312199999984,200.0781748000026,-0.5580444134783056
28.343749988,2026-05-04T22:12:36.851562Z,2026-05-04T22:13:38.275624988Z,0.9409202933311462,0.3301392793655396,-0.036052368581295,-0.5533386339256392,3818.8437482,27.40624699999971,167.6562998000048,-0.5584750912305505
28.351562488,2026-05-04T22:12:36.859375Z,2026-05-04T22:13:38.283437488Z,0.9394049644470216,0.3297823667526245,-0.0355295613408088,-0.5346481256356845,3820.0156232,29.359371999999578,135.234424800007,-0.5589057689827955
28.359374988,2026-05-04T22:12:36.867187Z,2026-05-04T22:13:38.291249988Z,0.9400923252105712,0.3302168846130371,-0.0334536880254745,-0.5434769684089735,3820.7187527000006,30.25000720000126,102.25005520000967,-0.5590546964534622
28.367187488,2026-05-04T22:12:36.875000Z,2026-05-04T22:13:38.299062488Z,0.9408265948295592,0.3317065834999084,-0.0311625432223081,-0.5568607539337931,3818.9609402000006,25.56250720000116,66.3125552000089,-0.5577244180406608
28.374999988,2026-05-04T22:12:36.882812Z,2026-05-04T22:13:38.306874988Z,0.9412171244621276,0.3327152132987976,-0.0264572370797395,-0.5603786021515124,3817.2031277000006,20.87500720000106,30.375055200008138,-0.5563941396278592
28.382812488,2026-05-04T22:12:36.890625Z,2026-05-04T22:13:38.314687488Z,0.9395455718040466,0.3330255746841431,-0.0208446998149156,-0.5447396025482785,3815.4453152000006,16.18750720000096,-5.562444799992628,-0.5550638612150578
28.390624988,2026-05-04T22:12:36.898437Z,2026-05-04T22:13:38.322499988Z,0.938514530658722,0.333258330821991,-0.0142480451613664,-0.5330752291749173,3813.6875027000006,11.50000720000086,-41.49994479999339,-0.5537335828022563
28.398437488,2026-05-04T22:12:36.906250Z,2026-05-04T22:13:38.330312488Z,0.9377334713935852,0.3343756198883057,-0.0076513905078172,-0.5278829145833861,3811.8593804000006,6.9375024000002545,-77.11714459999546,-0.5521555294087314
28.406249988,2026-05-04T22:12:36.914062Z,2026-05-04T22:13:38.338124988Z,0.9391862750053406,0.3343135416507721,0.000682845711708,-0.5436860416183935,3808.3437554000006,5.375002400000221,-105.04683209999605,-0.5446306386047034
28.414062488,2026-05-04T22:12:36.921875Z,2026-05-04T22:13:38.345937488Z,0.9379053115844728,0.334561824798584,0.0076792985200881,-0.5306558526132683,3804.8281304000006,3.8125024000001875,-132.97651959999666,-0.5371057478006753
28.421874988,2026-05-04T22:12:36.929687Z,2026-05-04T22:13:38.353749988Z,0.9374210238456726,0.3346549272537231,0.0152754466980695,-0.5267142921687256,3801.3125054,2.250002400000154,-160.90620709999726,-0.5295808569966473
28.429687488,2026-05-04T22:12:36.937500Z,2026-05-04T22:13:38.361562488Z,0.9384364485740662,0.3339256048202515,0.0259162038564682,-0.5378017284237513,3797.7968804,0.6875024000001209,-188.83589459999786,-0.5220559661926192
28.437499988,2026-05-04T22:12:36.945312Z,2026-05-04T22:13:38.369374988Z,0.937342882156372,0.3332893848419189,0.0354652106761932,-0.5263015227104382,3794.2812554,-0.8749975999999124,-216.76558209999845,-0.5145310753885912
28.445312488,2026-05-04T22:12:36.953125Z,2026-05-04T22:13:38.377187488Z,0.9375459551811218,0.3340652585029602,0.0444452688097953,-0.5357543547948211,3792.5625024,-0.10156400000003385,-229.96091919999958,-0.5117622332948661
28.453124988,2026-05-04T22:12:36.960937Z,2026-05-04T22:13:38.384999988Z,0.9377959370613098,0.3338325023651123,0.0550706535577774,-0.5437466102695803,3791.0000024,0.874998499999987,-241.87498169999984,-0.5094069692852403
28.460937488,2026-05-04T22:12:36.968750Z,2026-05-04T22:13:38.392812488Z,0.9380146265029908,0.3324979841709137,0.0654807537794113,-0.5481187861582318,3789.4375024,1.8515610000000078,-253.7890442000001,-0.5070517052756145
28.468749988,2026-05-04T22:12:36.976562Z,2026-05-04T22:13:38.400624988Z,0.9379833936691284,0.3312255144119263,0.0745377019047737,-0.5497175480425204,3787.8750024,2.8281235000000287,-265.7031067000004,-0.5046964412659886
28.476562488,2026-05-04T22:12:36.984375Z,2026-05-04T22:13:38.408437488Z,0.938639521598816,0.3306823968887329,0.083994448184967,-0.5607366325631411,3786.3125024,3.8046860000000495,-277.6171692000006,-0.5023411772563627
28.484374988,2026-05-04T22:12:36.992187Z,2026-05-04T22:13:38.416249988Z,0.9358744621276855,0.3303255140781403,0.0918827578425407,-0.5384619759416944,3788.9687443,7.593743100000004,-272.96876349999997,-0.5101141538868185
28.492187488,2026-05-04T22:12:37.000000Z,2026-05-04T22:13:38.424062488Z,0.9381240010261536,0.3302013576030731,0.1003861352801323,-0.5513395435663451,3792.6796818,12.0859305999997,-264.1797010000006,-0.5204192149851178
28.499999988,2026-05-04T22:12:37.007812Z,2026-05-04T22:13:38.431874988Z,0.9389675855636596,0.3284168243408203,0.1095660924911499,-0.5380546224666102,3796.3906192999993,16.578118099999397,-255.3906385000012,-0.5307242760834171
28.507812488,2026-05-04T22:12:37.015625Z,2026-05-04T22:13:38.439687488Z,0.9382176995277404,0.3278426826000214,0.116316519677639,-0.5403449791944485,3800.1015567999993,21.070305599999095,-246.60157600000178,-0.5410293371817165
28.515624988,2026-05-04T22:12:37.023437Z,2026-05-04T22:13:38.447499988Z,0.939233124256134,0.3286185562610626,0.1213601157069206,-0.5193446864439578,3803.812494299999,25.562493099998793,-237.81251350000235,-0.5513343982800158
28.523437488,2026-05-04T22:12:37.031250Z,2026-05-04T22:13:38.455312488Z,0.9378896355628968,0.3278892338275909,0.1284949481487274,-0.5271446167946947,3803.9375024000005,28.195309799999514,-220.65628240000584,-0.5486019605401451
28.531249988,2026-05-04T22:12:37.039062Z,2026-05-04T22:13:38.463124988Z,0.9381083846092224,0.3275012671947479,0.1345995515584946,-0.5169807415844775,3802.3750024000005,29.953122299999553,-199.56253240000538,-0.5397341859213102
28.539062488,2026-05-04T22:12:37.046875Z,2026-05-04T22:13:38.470937488Z,0.9374366402626038,0.3281064629554749,0.1379209458827972,-0.5171877397144573,3800.8125024000005,31.71093479999959,-178.46878240000493,-0.5308664113024751
28.546874988,2026-05-04T22:12:37.054687Z,2026-05-04T22:13:38.478749988Z,0.9379833936691284,0.3287271857261658,0.1387051641941071,-0.5077026039682442,3799.2500024000005,33.46874729999963,-157.37503240000447,-0.5219986366836401
28.554687488,2026-05-04T22:12:37.062500Z,2026-05-04T22:13:38.486562488Z,0.938639521598816,0.328215092420578,0.1397354155778885,-0.5008784986617452,3797.6875024,35.22655979999966,-136.28128240000402,-0.5131308620648051
28.562499988,2026-05-04T22:12:37.070312Z,2026-05-04T22:13:38.494374988Z,0.9375459551811218,0.3277340531349182,0.1397969126701355,-0.5150161356783005,3798.3124963999994,34.6875036000004,-106.2188070000063,-0.5126299617272313
28.570312488,2026-05-04T22:12:37.078125Z,2026-05-04T22:13:38.502187488Z,0.9376240968704224,0.3291926980018616,0.1397815346717834,-0.5083458087535333,3800.6562464,32.34375360000035,-69.10943200000551,-0.518703075019946
28.578124988,2026-05-04T22:12:37.085937Z,2026-05-04T22:13:38.509999988Z,0.937342882156372,0.3309462070465088,0.1398891806602478,-0.5042319000048328,3802.9999964,30.000003600000298,-32.00005700000472,-0.5247761883126606
28.585937488,2026-05-04T22:12:37.093750Z,2026-05-04T22:13:38.517812488Z,0.9367336630821228,0.331396222114563,0.13825923204422,-0.5116501806311707,3805.3437464,27.656253600000248,5.109317999996066,-0.5308493016053751
28.593749988,2026-05-04T22:12:37.101562Z,2026-05-04T22:13:38.525624988Z,0.9358588457107544,0.3316755294799805,0.1339998543262482,-0.5266778877726223,3807.6874964,25.3125036000002,42.218692999996854,-0.5369224148980898
28.601562488,2026-05-04T22:12:37.109375Z,2026-05-04T22:13:38.533437488Z,0.936749279499054,0.3321255445480347,0.1285718381404877,-0.5229293534916878,3810.8906183999998,24.08593719999999,77.78119839999788,-0.5375329877580082
28.609374988,2026-05-04T22:12:37.117187Z,2026-05-04T22:13:38.541249988Z,0.936858594417572,0.3322651982307434,0.1214677542448044,-0.5314195609459723,3815.1874933999998,24.281249699999993,111.3749483999986,-0.5311911930914144
28.617187488,2026-05-04T22:12:37.125000Z,2026-05-04T22:13:38.549062488Z,0.9372491836547852,0.3328859210014343,0.1147480830550194,-0.5333732363705112,3819.4843683999998,24.476562199999996,144.9686983999993,-0.5248493984248207
28.624999988,2026-05-04T22:12:37.132812Z,2026-05-04T22:13:38.556874988Z,0.9365930557250975,0.3333204090595245,0.1093969494104385,-0.5454243597174459,3823.7812434,24.6718747,178.56244840000002,-0.5185076037582269
28.632812488,2026-05-04T22:12:37.140625Z,2026-05-04T22:13:38.564687488Z,0.93496835231781,0.3343135416507721,0.1020775884389877,-0.5558531705014798,3828.0781184,24.867187200000004,212.15619840000076,-0.5121658090916331
28.640624988,2026-05-04T22:12:37.148437Z,2026-05-04T22:13:38.572499988Z,0.9358275532722472,0.3348411619663239,0.0933435559272766,-0.5579976800786064,3830.8125009,23.625006599999935,240.68747270000026,-0.5073487760812062
28.648437488,2026-05-04T22:12:37.156250Z,2026-05-04T22:13:38.580312488Z,0.9365305304527284,0.3341273367404938,0.0846095159649848,-0.5542705657443969,3830.2265634,19.328131600000226,258.4609101999991,-0.5057718844616683
28.656249988,2026-05-04T22:12:37.164062Z,2026-05-04T22:13:38.588124988Z,0.9376709461212158,0.3334290385246277,0.0745838358998298,-0.5553146661058833,3829.6406259,15.031256600000516,276.23434769999784,-0.5041949928421303
28.664062488,2026-05-04T22:12:37.171875Z,2026-05-04T22:13:38.595937488Z,0.9377490878105164,0.333615243434906,0.0644505098462104,-0.5492997024161728,3829.0546884,10.734381600000807,294.00778519999665,-0.5026181012225923
28.671874988,2026-05-04T22:12:37.179687Z,2026-05-04T22:13:38.603749988Z,0.9374522566795348,0.3334290385246277,0.0554243177175521,-0.5392081709713159,3828.4687509,6.437506600001098,311.78122269999545,-0.5010412096030544
28.679687488,2026-05-04T22:12:37.187500Z,2026-05-04T22:13:38.611562488Z,0.9373272657394408,0.3328083455562592,0.0473822429776191,-0.5306014252302949,3828.3906219999994,3.507808599999226,327.56248799999764,-0.49806290514712076
28.687499988,2026-05-04T22:12:37.195312Z,2026-05-04T22:13:38.619374988Z,0.9379053115844728,0.3329790234565735,0.0369567610323429,-0.5327525600946651,3830.3437469999994,6.04687109999928,335.3749879999978,-0.4894788955309272
28.695312488,2026-05-04T22:12:37.203125Z,2026-05-04T22:13:38.627187488Z,0.9395924806594848,0.3319858908653259,0.0269156973809003,-0.5443072316876453,3832.2968719999994,8.585933599999334,343.1874879999979,-0.4808948859147337
28.703124988,2026-05-04T22:12:37.210937Z,2026-05-04T22:13:38.634999988Z,0.9388582110404968,0.3302789330482483,0.0169822722673416,-0.5268129241216086,3834.2499969999994,11.12499609999939,350.9999879999981,-0.47231087629854024
28.710937488,2026-05-04T22:12:37.218750Z,2026-05-04T22:13:38.642812488Z,0.939483106136322,0.3294099569320679,0.0089248213917016,-0.5290502128195685,3836.2031219999994,13.664058599999443,358.81248799999827,-0.46372686668234675
28.718749988,2026-05-04T22:12:37.226562Z,2026-05-04T22:13:38.650624988Z,0.9409828186035156,0.3298444449901581,0.0022205282002687,-0.5473634564589814,3837.7968789000006,16.156246999999613,364.6875252000033,-0.4568191192948653
28.726562488,2026-05-04T22:12:37.234375Z,2026-05-04T22:13:38.658437488Z,0.9409046769142152,0.3303875625133514,-0.0044222567230463,-0.5486749278463687,3835.2578164000006,18.109371999999656,348.2812752000029,-0.4691887898482841
28.734374988,2026-05-04T22:12:37.242187Z,2026-05-04T22:13:38.666249988Z,0.9394049644470216,0.3296272158622742,-0.0116032306104898,-0.5293237696521939,3832.7187539000006,20.062496999999695,331.87502520000254,-0.4815584604017029
28.742187488,2026-05-04T22:12:37.250000Z,2026-05-04T22:13:38.674062488Z,0.9414358139038086,0.3283858001232147,-0.0178308431059122,-0.5484921174150367,3830.1796914,22.015621999999738,315.4687752000022,-0.4939281309551217
28.749999988,2026-05-04T22:12:37.257812Z,2026-05-04T22:13:38.681874988Z,0.9419357180595398,0.3276254236698151,-0.0239661913365125,-0.5523415511624058,3827.6406289,23.96874699999978,299.06252520000186,-0.5062978015085405
28.757812488,2026-05-04T22:12:37.265625Z,2026-05-04T22:13:38.689687488Z,0.9415139555931092,0.3282616436481476,-0.0289790350943803,-0.5515458572363283,3825.1015664,25.921871999999823,282.6562752000015,-0.5186674720619594
28.765624988,2026-05-04T22:12:37.273437Z,2026-05-04T22:13:38.697499988Z,0.9414358139038086,0.3289289176464081,-0.0306089762598276,-0.5538504003618009,3823.8750018,23.937503300000152,253.68754530000209,-0.5269364584176094
28.773437488,2026-05-04T22:12:37.281250Z,2026-05-04T22:13:38.705312488Z,0.9419201016426086,0.3293168544769287,-0.0301169212907552,-0.5607897919784101,3822.7031268,21.789065800000106,224.19535780000143,-0.5350345760972006
28.781249988,2026-05-04T22:12:37.289062Z,2026-05-04T22:13:38.713124988Z,0.9402329325675964,0.3294720351696014,-0.0315930917859077,-0.542763013383558,3821.5312518,19.64062830000006,194.7031703000008,-0.543132693776792
28.789062488,2026-05-04T22:12:37.296875Z,2026-05-04T22:13:38.720937488Z,0.9401704668998718,0.330449640750885,-0.0325464531779289,-0.5462373643685835,3820.3593768,17.492190800000014,165.21098280000018,-0.5512308114563832
28.796874988,2026-05-04T22:12:37.304687Z,2026-05-04T22:13:38.728749988Z,0.9409359097480774,0.3306203484535217,-0.0327309817075729,-0.5557802342922012,3819.1875018,15.343753299999968,135.71879529999956,-0.5593289291359745
28.804687488,2026-05-04T22:12:37.312500Z,2026-05-04T22:13:38.736562488Z,0.9409202933311462,0.3300306499004364,-0.0303629469126462,-0.5524587078932918,3817.359378,14.34375120000003,102.4531772000013,-0.5574178682290144
28.812499988,2026-05-04T22:12:37.320312Z,2026-05-04T22:13:38.744374988Z,0.9408109784126282,0.3309151828289032,-0.0262727160006761,-0.5535377272956747,3815.406253,13.562501200000083,68.4688022000036,-0.5536002753263645
28.820312488,2026-05-04T22:12:37.328125Z,2026-05-04T22:13:38.752187488Z,0.9402485489845276,0.3333980143070221,-0.0214905235916376,-0.5557643947536991,3813.4531280000006,12.781251200000135,34.48442720000589,-0.5497826824237145
28.828124988,2026-05-04T22:12:37.335937Z,2026-05-04T22:13:38.759999988Z,0.9376084804534912,0.3340497612953186,-0.0169082339853048,-0.5276518050382836,3811.5000030000006,12.000001200000188,0.5000522000081866,-0.5459650895210646
28.835937488,2026-05-04T22:12:37.343750Z,2026-05-04T22:13:38.767812488Z,0.9390456676483154,0.3334445655345917,-0.0100040417164564,-0.5405515821048567,3809.5468780000006,11.218751200000241,-33.48432279998952,-0.5421474966184147
28.843749988,2026-05-04T22:12:37.351562Z,2026-05-04T22:13:38.775624988Z,0.9394206404685974,0.333258330821991,-0.0032997485250234,-0.5436371935617634,3806.046881300001,8.890629500000914,-64.51557909999067,-0.5339227739245382
28.851562488,2026-05-04T22:12:37.359375Z,2026-05-04T22:13:38.783437488Z,0.9380146265029908,0.3338325023651123,0.0022359043359756,-0.5301398285164957,3801.945318800001,5.960942000000851,-94.39839159999131,-0.5239841543647697
28.859374988,2026-05-04T22:12:37.367187Z,2026-05-04T22:13:38.791249988Z,0.938045859336853,0.3347635567188263,0.0101857203990221,-0.5348603664940089,3797.843756300001,3.031254500000788,-124.28120409999195,-0.5140455348050011
28.867187488,2026-05-04T22:12:37.375000Z,2026-05-04T22:13:38.799062488Z,0.9390925765037536,0.3346859812736511,0.0211647674441337,-0.5483012406457441,3793.742193800001,0.10156700000072559,-154.16401659999258,-0.5041069152452327
28.874999988,2026-05-04T22:12:37.382812Z,2026-05-04T22:13:38.806874988Z,0.9365930557250975,0.3334755897521973,0.0298834238201379,-0.5177672564752396,3789.640631300001,-2.8281204999993372,-184.04682909999323,-0.4941682956854641
28.882812488,2026-05-04T22:12:37.390625Z,2026-05-04T22:13:38.814687488Z,0.9364212155342102,0.3344687223434448,0.0383406728506088,-0.5233802298917127,3787.7656256,-3.88281280000004,-206.19528639999652,-0.49188294337748073
28.890624988,2026-05-04T22:12:37.398437Z,2026-05-04T22:13:38.822499988Z,0.9383270740509032,0.3337083458900452,0.0467056632041931,-0.54584507786546,3787.3750006,-3.687500300000036,-223.1874738999969,-0.4946998018913826
28.898437488,2026-05-04T22:12:37.406250Z,2026-05-04T22:13:38.830312488Z,0.938389539718628,0.3323117792606354,0.056469939649105,-0.5466565266708013,3786.9843756,-3.492187800000032,-240.17966139999723,-0.49751666040528447
28.906249988,2026-05-04T22:12:37.414062Z,2026-05-04T22:13:38.838124988Z,0.938170850276947,0.3309927582740784,0.0668185427784919,-0.5461650037737134,3786.5937506,-3.2968753000000275,-257.1718488999976,-0.5003335189191863
28.914062488,2026-05-04T22:12:37.421875Z,2026-05-04T22:13:38.845937488Z,0.9382333755493164,0.3320169150829315,0.0769518613815307,-0.5592310755637453,3786.2031256,-3.1015628000000235,-274.16403639999794,-0.5031503774330882
28.921874988,2026-05-04T22:12:37.429687Z,2026-05-04T22:13:38.853749988Z,0.9371710419654846,0.3322186470031738,0.0846710279583931,-0.5549528555629284,3786.6562479,-1.7812539000002505,-279.71876050000066,-0.5060436223901855
28.929687488,2026-05-04T22:12:37.437500Z,2026-05-04T22:13:38.861562488Z,0.9363430738449096,0.3300617039203644,0.0936203375458717,-0.5459854624234195,3788.0234354,0.7578085999998037,-272.88282300000054,-0.5090196198366559
28.937499988,2026-05-04T22:12:37.445312Z,2026-05-04T22:13:38.869374988Z,0.9391394257545472,0.3288358151912689,0.1017239168286324,-0.5422825945612572,3789.3906229,3.296871099999858,-266.04688550000037,-0.5119956172831261
28.945312488,2026-05-04T22:12:37.453125Z,2026-05-04T22:13:38.877187488Z,0.9394206404685974,0.3286340832710266,0.1075056046247482,-0.5333545344470173,3790.7578104,5.835933599999912,-259.21094800000026,-0.5149716147295965
28.953124988,2026-05-04T22:12:37.460937Z,2026-05-04T22:13:38.884999988Z,0.9374991059303284,0.3286495804786682,0.1133795455098152,-0.5477434024021391,3792.1249979,8.374996099999967,-252.3750105000001,-0.5179476121760669
28.960937488,2026-05-04T22:12:37.468750Z,2026-05-04T22:13:38.892812488Z,0.9385301470756532,0.3281064629554749,0.1214062422513962,-0.527687169813954,3793.4218732,11.19530739999992,-239.28128720000058,-0.5196984912476117
28.968749988,2026-05-04T22:12:37.476562Z,2026-05-04T22:13:38.900624988Z,0.9391394257545472,0.3282771706581116,0.1281412839889526,-0.5105355099844688,3794.5937482,14.515619899999695,-215.06253720000223,-0.5192713675770831
28.976562488,2026-05-04T22:12:37.484375Z,2026-05-04T22:13:38.908437488Z,0.9373272657394408,0.3284168243408203,0.1318163424730301,-0.5249747071189943,3795.7656232,17.83593239999947,-190.84378720000385,-0.5188442439065546
28.984374988,2026-05-04T22:12:37.492187Z,2026-05-04T22:13:38.916249988Z,0.936983585357666,0.3280133605003357,0.1337691992521286,-0.5276560349357245,3796.9374982,21.156244899999248,-166.6250372000055,-0.5184171202360262
28.992187488,2026-05-04T22:12:37.500000Z,2026-05-04T22:13:38.924062488Z,0.9388269782066344,0.3279512822628021,0.1353837698698044,-0.505255436633319,3798.1093731999995,24.476557399999024,-142.4062872000071,-0.5179899965654976
28.999999988,2026-05-04T22:12:37.507812Z,2026-05-04T22:13:38.931874988Z,0.9387176036834716,0.3274857699871063,0.1367830634117126,-0.5060230051026451,3800.359366299998,26.8593759000002,-117.1562938000097,-0.5183647501122314
29.007812488,2026-05-04T22:12:37.515625Z,2026-05-04T22:13:38.939687488Z,0.9378584027290344,0.3289754688739777,0.1379670798778534,-0.5076070856154518,3806.0234287999983,26.273438400000188,-88.6406688000091,-0.5212788028971636
29.015624988,2026-05-04T22:12:37.523437Z,2026-05-04T22:13:38.947499988Z,0.9364212155342102,0.3301858305931091,0.1374442577362061,-0.5199237004663189,3811.6874912999983,25.687500900000174,-60.125043800008484,-0.5241928556820956
29.023437488,2026-05-04T22:12:37.531250Z,2026-05-04T22:13:38.955312488Z,0.9359681606292723,0.3309617340564728,0.1357374340295792,-0.5244538169164097,3817.3515537999983,25.101563400000163,-31.60941880000788,-0.5271069084670278
29.031249988,2026-05-04T22:12:37.539062Z,2026-05-04T22:13:38.963124988Z,0.9375772476196288,0.3312875926494598,0.1333694010972977,-0.5086837732090381,3823.015616299999,24.51562590000015,-3.0937938000072727,-0.5300209612519599
29.039062488,2026-05-04T22:12:37.546875Z,2026-05-04T22:13:38.970937488Z,0.937936544418335,0.3310703635215759,0.1298788636922836,-0.510533343248518,3827.484381600001,23.437507200001097,25.65620319999288,-0.5327600008480264
29.046874988,2026-05-04T22:12:37.554687Z,2026-05-04T22:13:38.978749988Z,0.9371398091316224,0.3313186466693878,0.1240356788039207,-0.5268720930546418,3823.1875066000007,18.750007200000994,56.12495319999353,-0.534215591724097
29.054687488,2026-05-04T22:12:37.562500Z,2026-05-04T22:13:38.986562488Z,0.9350621104240416,0.3329324722290039,0.1177158057689667,-0.5522933194143962,3818.8906316000007,14.062507200000894,86.59370319999418,-0.5356711826001677
29.062499988,2026-05-04T22:12:37.570312Z,2026-05-04T22:13:38.994374988Z,0.9366711378097534,0.3343445956707001,0.1129336208105087,-0.5346779170644217,3814.5937566000007,9.375007200000795,117.06245319999483,-0.5371267734762384
29.070312488,2026-05-04T22:12:37.578125Z,2026-05-04T22:13:39.002187488Z,0.936749279499054,0.3335997462272644,0.1063984706997871,-0.544840234188536,3810.2968816000007,4.687507200000693,147.53120319999547,-0.538582364352309
29.078124988,2026-05-04T22:12:37.585937Z,2026-05-04T22:13:39.009999988Z,0.9360619187355042,0.3332273066043854,0.0981103628873825,-0.5606138834115343,3806.0000066000007,7.200000593457088e-06,177.99995319999613,-0.5400379552283796
29.085937488,2026-05-04T22:12:37.593750Z,2026-05-04T22:13:39.017812488Z,0.936046302318573,0.3331807553768158,0.0886536240577697,-0.5503262079081727,3808.3437464,1.1718731999998762,203.3905859999973,-0.5393505496683961
29.093749988,2026-05-04T22:12:37.601562Z,2026-05-04T22:13:39.025624988Z,0.9369992017745972,0.3337859511375427,0.0790584832429885,-0.554505794659682,3810.6874964,2.3437481999999012,228.78121099999785,-0.5386631408167648
29.101562488,2026-05-04T22:12:37.609375Z,2026-05-04T22:13:39.033437488Z,0.93807715177536,0.3339411318302155,0.0722158029675483,-0.5616086182405463,3813.0312464,3.515623199999926,254.1718359999984,-0.5379757319651335
29.109374988,2026-05-04T22:12:37.617187Z,2026-05-04T22:13:39.041249988Z,0.9373584985733032,0.33363077044487,0.0641122236847877,-0.5461072046883478,3815.3749964,4.687498199999951,279.5624609999989,-0.5372883231135022
29.117187488,2026-05-04T22:12:37.625000Z,2026-05-04T22:13:39.049062488Z,0.937936544418335,0.3331186771392822,0.0547016076743602,-0.5442932670898029,3817.7187464,5.859373199999976,304.9530859999995,-0.5366009142618707
29.124999988,2026-05-04T22:12:37.632812Z,2026-05-04T22:13:39.056874988Z,0.9356088638305664,0.3327152132987976,0.0431382432579994,-0.5099512181361436,3820.5781205,4.796877099999999,316.2499856,-0.5257603869144333
29.132812488,2026-05-04T22:12:37.640625Z,2026-05-04T22:13:39.064687488Z,0.938639521598816,0.3318772614002228,0.0335277281701564,-0.5366816974819919,3823.507808,3.42968959999997,325.62498560000023,-0.5135353232700245
29.140624988,2026-05-04T22:12:37.648437Z,2026-05-04T22:13:39.072499988Z,0.940670371055603,0.3306048214435577,0.0255010295659303,-0.5518794450144912,3826.4374955000003,2.0625020999999406,334.9999856000004,-0.5013102596256157
29.148437488,2026-05-04T22:12:37.656250Z,2026-05-04T22:13:39.080312488Z,0.940420389175415,0.3305737972259521,0.017581969499588,-0.5471208504522662,3829.3671830000003,0.6953145999999116,344.3749856000006,-0.489085195981207
29.156249988,2026-05-04T22:12:37.664062Z,2026-05-04T22:13:39.088124988Z,0.9377803206443788,0.3307600021362305,0.0081559792160987,-0.5165235075840455,3832.2968705000003,-0.6718729000001175,353.7499856000008,-0.47686013233679825
29.164062488,2026-05-04T22:12:37.671875Z,2026-05-04T22:13:39.095937488Z,0.9396393299102784,0.3308686316013336,0.0024511814117431,-0.5377327841136536,3833.4453116,1.9687440000001557,347.09376799999956,-0.47462365126517947
29.171874988,2026-05-04T22:12:37.679687Z,2026-05-04T22:13:39.103749988Z,0.941014051437378,0.3290840983390808,-0.0040685907006263,-0.5462458537651842,3834.0312491,5.874993999999892,335.3750180000003,-0.4755414859895611
29.179687488,2026-05-04T22:12:37.687500Z,2026-05-04T22:13:39.111562488Z,0.9417951703071594,0.3288358151912689,-0.0115417223423719,-0.5546583713521936,3834.6171866,9.781243999999628,323.6562680000011,-0.4764593207139427
29.187499988,2026-05-04T22:12:37.695312Z,2026-05-04T22:13:39.119374988Z,0.9419201016426086,0.3287737369537354,-0.0176001917570829,-0.5567524302140755,3835.2031241,13.687493999999365,311.9375180000019,-0.4773771554383243
29.195312488,2026-05-04T22:12:37.703125Z,2026-05-04T22:13:39.127187488Z,0.9395299553871156,0.3283702731132507,-0.0229666996747255,-0.5293374742752892,3835.7890616,17.593743999999102,300.2187680000027,-0.47829499016270594
29.203124988,2026-05-04T22:12:37.710937Z,2026-05-04T22:13:39.134999988Z,0.9409984350204468,0.3286030292510986,-0.0254269894212484,-0.5476154395552112,3834.3750039000006,20.874995499999294,279.37503990000624,-0.4863410911580101
29.210937488,2026-05-04T22:12:37.718750Z,2026-05-04T22:13:39.142812488Z,0.9422325491905212,0.3295806646347046,-0.0264264848083257,-0.5584711558519991,3831.8359414000006,23.804682999999358,253.3984774000057,-0.49839686866177524
29.218749988,2026-05-04T22:12:37.726562Z,2026-05-04T22:13:39.150624988Z,0.9414514899253844,0.3296582400798798,-0.0288098882883787,-0.5577821896993346,3829.2968789000006,26.73437049999942,227.42191490000513,-0.5104526461655404
29.226562488,2026-05-04T22:12:37.734375Z,2026-05-04T22:13:39.158437488Z,0.9397643208503724,0.3295806646347046,-0.0309780221432447,-0.5391857624258525,3826.7578164000006,29.664057999999482,201.4453524000046,-0.5225084236693056
29.234374988,2026-05-04T22:12:37.742187Z,2026-05-04T22:13:39.166249988Z,0.9408265948295592,0.3294409811496735,-0.0298708919435739,-0.5503584274840241,3824.2187539000006,32.59374549999954,175.46878990000403,-0.5345642011730708
29.242187488,2026-05-04T22:12:37.750000Z,2026-05-04T22:13:39.174062488Z,0.9420294761657716,0.3304961919784546,-0.0273029636591672,-0.5567104994795664,3820.7656316000007,32.78125360000031,145.42973940000454,-0.5379909365785964
29.249999988,2026-05-04T22:12:37.757812Z,2026-05-04T22:13:39.181874988Z,0.939608097076416,0.331753134727478,-0.025919048115611,-0.5445699129244562,3816.4687566000007,30.437503600000266,111.64067690000381,-0.5334523533377846
29.257812488,2026-05-04T22:12:37.765625Z,2026-05-04T22:13:39.189687488Z,0.9401392340660096,0.3325600624084473,-0.0222439896315336,-0.5528308532552806,3812.1718816000002,28.093753600000213,77.8516144000031,-0.5289137700969729
29.265624988,2026-05-04T22:12:37.773437Z,2026-05-04T22:13:39.197499988Z,0.9389050602912904,0.3322807252407074,-0.0182460155338048,-0.5368186348754843,3807.8750066000002,25.750003600000163,44.06255190000238,-0.5243751868561611
29.273437488,2026-05-04T22:12:37.781250Z,2026-05-04T22:13:39.205312488Z,0.9392175078392028,0.3321410715579987,-0.0137867387384176,-0.5391242027561914,3803.5781316000002,23.406253600000113,10.273489400001665,-0.5198366036153493
29.281249988,2026-05-04T22:12:37.789062Z,2026-05-04T22:13:39.213124988Z,0.9395299553871156,0.3329014480113983,-0.007666764780879,-0.5451441164367499,3801.0781247,20.43750600000011,-22.656201399999127,-0.5186670637864512
29.289062488,2026-05-04T22:12:37.796875Z,2026-05-04T22:13:39.220937488Z,0.9389207363128662,0.3336617946624756,-0.0002705156803131,-0.5411244111370603,3801.2734372,16.531256000000024,-54.2968263999998,-0.5225511214183652
29.296874988,2026-05-04T22:12:37.804687Z,2026-05-04T22:13:39.228749988Z,0.937233567237854,0.3344531953334808,0.0078330673277378,-0.5255311134953354,3801.4687497,12.62500599999994,-85.93745140000047,-0.5264351790502793
29.304687488,2026-05-04T22:12:37.812500Z,2026-05-04T22:13:39.236562488Z,0.9374054074287416,0.3343756198883057,0.0164748392999172,-0.528480740240817,3801.6640622,8.718755999999857,-117.57807640000115,-0.5303192366821933
29.312499988,2026-05-04T22:12:37.820312Z,2026-05-04T22:13:39.244374988Z,0.938514530658722,0.3342669904232025,0.0242401305586099,-0.5424295046277451,3801.8593747,4.8125059999997735,-149.21870140000183,-0.5342032943141074
29.320312488,2026-05-04T22:12:37.828125Z,2026-05-04T22:13:39.252187488Z,0.9376240968704224,0.3340963125228882,0.0308214090764522,-0.5337279056854451,3801.5078152,1.7812511999999576,-177.140596800001,-0.5363296115213462
29.328124988,2026-05-04T22:12:37.835937Z,2026-05-04T22:13:39.259999988Z,0.9379209280014038,0.3334755897521973,0.0391863994300365,-0.5379998254637934,3799.7500027,1.0000012000000105,-195.49997179999974,-0.5339359903418694
29.335937488,2026-05-04T22:12:37.843750Z,2026-05-04T22:13:39.267812488Z,0.938998818397522,0.3327307403087616,0.0501808226108551,-0.5528776341855987,3797.9921902,0.2187512000000632,-213.85934679999852,-0.5315423691623926
29.343749988,2026-05-04T22:12:37.851562Z,2026-05-04T22:13:39.275624988Z,0.9371241927146912,0.3324048817157745,0.0601757541298866,-0.5367463238307425,3796.2343777,-0.5624987999998841,-232.21872179999727,-0.5291487479829159
29.351562488,2026-05-04T22:12:37.859375Z,2026-05-04T22:13:39.283437488Z,0.9364680647850036,0.3324203789234161,0.0689251646399498,-0.5356709688362937,3794.4765652000006,-1.3437487999998314,-250.57809679999605,-0.5267551268034392
29.359374988,2026-05-04T22:12:37.867187Z,2026-05-04T22:13:39.291249988Z,0.9386239051818848,0.3324514329433441,0.0780589953064918,-0.556196358551214,3792.7187527000006,-1.9375006000001052,-264.9687599000017,-0.5236330206457043
29.367187488,2026-05-04T22:12:37.875000Z,2026-05-04T22:13:39.299062488Z,0.9381396174430848,0.331023782491684,0.0854398682713508,-0.5606016290841421,3790.9609402000006,-1.546875600000097,-258.5234474000016,-0.5166863246425882
29.374999988,2026-05-04T22:12:37.882812Z,2026-05-04T22:13:39.306874988Z,0.9373584985733032,0.3297047913074493,0.0927592366933822,-0.5566293948289188,3789.2031277000006,-1.1562506000000885,-252.07813490000146,-0.5097396286394723
29.382812488,2026-05-04T22:12:37.890625Z,2026-05-04T22:13:39.314687488Z,0.9395455718040466,0.3286030292510986,0.101554773747921,-0.5375942343238006,3787.4453152000006,-0.7656256000000802,-245.63282240000132,-0.5027929326363563
29.390624988,2026-05-04T22:12:37.898437Z,2026-05-04T22:13:39.322499988Z,0.9379209280014038,0.329161673784256,0.1082129329442978,-0.5459097080597148,3785.6875027000006,-0.37500060000007185,-239.18750990000117,-0.4958462366332403
29.398437488,2026-05-04T22:12:37.906250Z,2026-05-04T22:13:39.330312488Z,0.9374054074287416,0.3297823667526245,0.1138408482074738,-0.5422553478216025,3784.0937463999994,0.05468539999977767,-232.34377520000268,-0.48935882075574155
29.406249988,2026-05-04T22:12:37.914062Z,2026-05-04T22:13:39.338124988Z,0.9389832019805908,0.3290530443191528,0.1214523762464523,-0.5172291205771681,3786.4374964,1.4218728999998067,-215.9375252000023,-0.49389456881895594
29.414062488,2026-05-04T22:12:37.921875Z,2026-05-04T22:13:39.345937488Z,0.9386863708496094,0.3277340531349182,0.1259885281324387,-0.5195699183949757,3788.7812464,2.789060399999836,-199.53127520000197,-0.4984303168821703
29.421874988,2026-05-04T22:12:37.929687Z,2026-05-04T22:13:39.353749988Z,0.9383270740509032,0.3275633454322815,0.1286487281322479,-0.5205665650229754,3791.1249964,4.156247899999865,-183.12502520000163,-0.5029660649453846
29.429687488,2026-05-04T22:12:37.937500Z,2026-05-04T22:13:39.361562488Z,0.9369992017745972,0.3284943997859955,0.1309552490711212,-0.528500827800349,3793.4687464,5.523435399999894,-166.7187752000013,-0.507501813008599
29.437499988,2026-05-04T22:12:37.945312Z,2026-05-04T22:13:39.369374988Z,0.937952160835266,0.3292703032493591,0.1342458873987198,-0.5098884896533301,3795.8124964,6.890622899999923,-150.31252520000092,-0.5120375610718134
29.445312488,2026-05-04T22:12:37.953125Z,2026-05-04T22:13:39.377187488Z,0.9371710419654846,0.3287737369537354,0.1357374340295792,-0.5182010175244276,3799.0546824,7.0,-119.53129920000111,-0.5202173366553953
29.453124988,2026-05-04T22:12:37.960937Z,2026-05-04T22:13:39.384999988Z,0.9395768046379088,0.3292703032493591,0.1360296010971069,-0.48874721276100636,3802.3749949,7.0,-87.50004920000043,-0.5287139908102614
29.460937488,2026-05-04T22:12:37.968750Z,2026-05-04T22:13:39.392812488Z,0.9371241927146912,0.3298754990100861,0.1323699057102203,-0.5198075313172698,3805.6953074,7.0,-55.46879919999975,-0.5372106449651274
29.468749988,2026-05-04T22:12:37.976562Z,2026-05-04T22:13:39.400624988Z,0.9359993934631348,0.3304030895233154,0.1295098215341568,-0.5345918385330277,3809.0156199000003,7.0,-23.437549199999065,-0.5457072991199934
29.476562488,2026-05-04T22:12:37.984375Z,2026-05-04T22:13:39.408437488Z,0.9373116493225098,0.3306358456611633,0.1296020895242691,-0.518266255658077,3812.3359324000003,7.0,8.593700800001615,-0.5542039532748594
29.484374988,2026-05-04T22:12:37.992187Z,2026-05-04T22:13:39.416249988Z,0.938873827457428,0.3322651982307434,0.1276030987501144,-0.49691042033314153,3813.1562497,8.249997600000002,38.906204100000025,-0.5576176931806885
29.492187488,2026-05-04T22:12:38.000000Z,2026-05-04T22:13:39.424062488Z,0.9347808957099916,0.3325755596160889,0.1207296624779701,-0.5516061538089999,3813.3515622,9.812497599999896,68.789016599998,-0.5597606923252414
29.499999988,2026-05-04T22:12:38.007812Z,2026-05-04T22:13:39.431874988Z,0.9337342381477356,0.3331497311592102,0.113917738199234,-0.5539831397833944,3813.5468747,11.37499759999979,98.67182909999599,-0.5619036914697941
29.507812488,2026-05-04T22:12:38.015625Z,2026-05-04T22:13:39.439687488Z,0.9383739233016968,0.3329014480113983,0.1086281090974808,-0.5251740057046727,3813.7421872,12.937497599999684,128.55464159999397,-0.5640466906143469
29.515624988,2026-05-04T22:12:38.023437Z,2026-05-04T22:13:39.447499988Z,0.9369992017745972,0.3330255746841431,0.1003861352801323,-0.5498887845148,3813.9374997,14.49999759999958,158.43745409999195,-0.5661896897588996
29.523437488,2026-05-04T22:12:38.031250Z,2026-05-04T22:13:39.455312488Z,0.9375459551811218,0.3334290385246277,0.0936357155442237,-0.549406134211569,3817.453117199999,13.00781700000081,184.20308839999342,-0.553110998155348
29.531249988,2026-05-04T22:12:38.039062Z,2026-05-04T22:13:39.463124988Z,0.9359525442123412,0.3342669904232025,0.0862548351287841,-0.5526240759466025,3822.531242199999,10.078129500000747,208.03121339999393,-0.5328691074009275
29.539062488,2026-05-04T22:12:38.046875Z,2026-05-04T22:13:39.470937488Z,0.9360619187355042,0.3344376981258392,0.0779206007719039,-0.5470077768952538,3827.609367199999,7.148442000000684,231.85933839999444,-0.5126272166465069
29.546874988,2026-05-04T22:12:38.054687Z,2026-05-04T22:13:39.478749988Z,0.9361087679862976,0.333615243434906,0.0698477700352668,-0.5376093023385972,3832.687492199999,4.218754500000622,255.68746339999495,-0.49238532589208645
29.554687488,2026-05-04T22:12:38.062500Z,2026-05-04T22:13:39.486562488Z,0.939717411994934,0.3334911167621613,0.0612828880548477,-0.5523341721942198,3837.765617199999,1.2890670000005588,279.51558839999547,-0.47214343513766593
29.562499988,2026-05-04T22:12:38.070312Z,2026-05-04T22:13:39.494374988Z,0.9383739233016968,0.3331807553768158,0.0496887639164924,-0.5477548322593682,3838.906253,1.8593698999994364,294.5937373999986,-0.46585817236642885
29.570312488,2026-05-04T22:12:38.078125Z,2026-05-04T22:13:39.502187488Z,0.9363743662834167,0.3320014178752899,0.0399552397429943,-0.515494279693035,3836.953128,5.179682399999507,302.79686239999876,-0.4705388999411685
29.578124988,2026-05-04T22:12:38.085937Z,2026-05-04T22:13:39.509999988Z,0.9389519691467284,0.3312410414218903,0.0338506437838077,-0.5392237154287081,3835.000003,8.499994899999578,310.99998739999893,-0.4752196275159082
29.585937488,2026-05-04T22:12:38.093750Z,2026-05-04T22:13:39.517812488Z,0.9386707544326782,0.3316600322723389,0.0252703782171011,-0.5348113369990015,3833.046878,11.820307399999649,319.20311239999916,-0.4799003550906478
29.593749988,2026-05-04T22:12:38.101562Z,2026-05-04T22:13:39.525624988Z,0.93924880027771,0.3314583003520966,0.016505591571331,-0.5383885627290802,3831.093753,15.140619899999718,327.4062373999993,-0.4845810826653875
29.601562488,2026-05-04T22:12:38.109375Z,2026-05-04T22:13:39.533437488Z,0.9401392340660096,0.3304961919784546,0.0092016030102968,-0.5435538245561456,3830.0859372,16.91406280000001,329.1640724000004,-0.48768714126376855
29.609374988,2026-05-04T22:12:38.117187Z,2026-05-04T22:13:39.541249988Z,0.9406391382217408,0.3293478786945343,0.0012210346758365,-0.5442694661770393,3830.2812497,16.718750300000007,322.7187599000003,-0.4887890632171348
29.617187488,2026-05-04T22:12:38.125000Z,2026-05-04T22:13:39.549062488Z,0.9405922293663024,0.3287582099437714,-0.0055447649210691,-0.5414618988005628,3830.4765622,16.523437800000004,316.2734474000001,-0.489890985170501
29.624999988,2026-05-04T22:12:38.132812Z,2026-05-04T22:13:39.556874988Z,0.9417638778686525,0.3292082250118256,-0.0099271591752767,-0.5569694586949511,3830.6718747,16.3281253,309.8281349,-0.4909929071238673
29.632812488,2026-05-04T22:12:38.140625Z,2026-05-04T22:13:39.564687488Z,0.9408578276634216,0.329161673784256,-0.0146017093211412,-0.5468915835337722,3830.8671872,16.132812799999996,303.38282239999984,-0.4920948290772335
29.640624988,2026-05-04T22:12:38.148437Z,2026-05-04T22:13:39.572499988Z,0.9394049644470216,0.3290685713291168,-0.0197221916168928,-0.531026704127284,3830.4375027,16.187499100000007,291.43753629999964,-0.4959397830667257
29.648437488,2026-05-04T22:12:38.156250Z,2026-05-04T22:13:39.580312488Z,0.9413264989852904,0.328587532043457,-0.0229513216763734,-0.551828852857422,3828.6796902,16.773436599999968,267.8047238000012,-0.5056137212786628
29.656249988,2026-05-04T22:12:38.164062Z,2026-05-04T22:13:39.588124988Z,0.9412795901298524,0.328572005033493,-0.0265956278890371,-0.5523281890443915,3826.9218777,17.35937409999993,244.17191130000285,-0.5152876594905997
29.664062488,2026-05-04T22:12:38.171875Z,2026-05-04T22:13:39.595937488Z,0.9415295720100404,0.3293323814868927,-0.0279795434325933,-0.5583422140277988,3825.1640652000006,17.94531159999989,220.53909880000444,-0.5249615977025367
29.671874988,2026-05-04T22:12:38.179687Z,2026-05-04T22:13:39.603749988Z,0.9419201016426086,0.3298599720001221,-0.0261496994644403,-0.5597550575423168,3823.4062527000006,18.53124909999985,196.90628630000603,-0.5346355359144738
29.679687488,2026-05-04T22:12:38.187500Z,2026-05-04T22:13:39.611562488Z,0.9405766129493712,0.3306048214435577,-0.0247504096478223,-0.5517771183792971,3821.179693800001,18.882813400000177,171.7500480000095,-0.5414903038717966
29.687499988,2026-05-04T22:12:38.195312Z,2026-05-04T22:13:39.619374988Z,0.9390456676483154,0.3311013877391815,-0.0239815693348646,-0.5361776067367193,3817.078131300001,18.296875900000167,140.50004800000886,-0.537068282553672
29.695312488,2026-05-04T22:12:38.203125Z,2026-05-04T22:13:39.627187488Z,0.9401080012321472,0.331753134727478,-0.0214905235916376,-0.5503967665853002,3812.976568800001,17.710938400000153,109.25004800000819,-0.5326462612355475
29.703124988,2026-05-04T22:12:38.210937Z,2026-05-04T22:13:39.634999988Z,0.941139042377472,0.3318772614002228,-0.0184459146112203,-0.5618581320081281,3808.875006300001,17.125000900000142,78.00004800000752,-0.5282242399174228
29.710937488,2026-05-04T22:12:38.218750Z,2026-05-04T22:13:39.642812488Z,0.9386707544326782,0.3317996859550476,-0.0159241165965795,-0.533000274377339,3804.7734438000007,16.539063400000128,46.75004800000685,-0.5238022185992982
29.718749988,2026-05-04T22:12:38.226562Z,2026-05-04T22:13:39.650624988Z,0.9392175078392028,0.3326221108436584,-0.0098502729088068,-0.5417079360733097,3801.1406222999994,15.76562950000058,15.60942090000592,-0.5203750446324144
29.726562488,2026-05-04T22:12:38.234375Z,2026-05-04T22:13:39.658437488Z,0.9388113617897034,0.3335686922073364,-0.0023156329989433,-0.5406594725897987,3802.8984348,12.835942000000518,-14.273391599994715,-0.5283888539727785
29.734374988,2026-05-04T22:12:38.242187Z,2026-05-04T22:13:39.666249988Z,0.9377647042274476,0.3343911468982697,0.0040657464414834,-0.5322179705946014,3804.6562473,9.906254500000456,-44.15620409999535,-0.5364026633131427
29.742187488,2026-05-04T22:12:38.250000Z,2026-05-04T22:13:39.674062488Z,0.9378896355628968,0.3343445956707001,0.0114619955420494,-0.5340556018213539,3806.4140598,6.976567000000393,-74.03901659999599,-0.5444164726535068
29.749999988,2026-05-04T22:12:38.257812Z,2026-05-04T22:13:39.681874988Z,0.9388269782066344,0.3342980444431305,0.0191811583936214,-0.54620256880859,3808.1718723,4.04687950000033,-103.92182909999663,-0.5524302819938709
29.757812488,2026-05-04T22:12:38.265625Z,2026-05-04T22:13:39.689687488Z,0.938873827457428,0.3337393999099731,0.026331378147006,-0.5461461316256008,3809.9296848,1.1171920000002673,-133.80464159999727,-0.560444091334235
29.765624988,2026-05-04T22:12:38.273437Z,2026-05-04T22:13:39.697499988Z,0.9376553297042848,0.333258330821991,0.0348962657153606,-0.5334549054119467,3805.1250078000003,-0.6874972999998765,-153.93746969999862,-0.5478561598210322
29.773437488,2026-05-04T22:12:38.281250Z,2026-05-04T22:13:39.705312488Z,0.93759286403656,0.3329014480113983,0.0445682853460311,-0.5358376771362726,3800.0468828000003,-2.4453097999999143,-173.66403219999904,-0.534409788102639
29.781249988,2026-05-04T22:12:38.289062Z,2026-05-04T22:13:39.713124988Z,0.9358744621276855,0.3334445655345917,0.0521644316613674,-0.5228120842665477,3794.9687578000003,-4.203122299999952,-193.39059469999944,-0.5209634163842457
29.789062488,2026-05-04T22:12:38.296875Z,2026-05-04T22:13:39.720937488Z,0.9382646083831788,0.333258330821991,0.0612675100564956,-0.5548172254263664,3789.8906328,-5.960934799999989,-213.11715719999987,-0.5075170446658525
29.796874988,2026-05-04T22:12:38.304687Z,2026-05-04T22:13:39.728749988Z,0.938045859336853,0.3314583003520966,0.0701245591044426,-0.5518244630159189,3784.8125078,-7.718747300000027,-232.8437197000003,-0.4940706729474592
29.804687488,2026-05-04T22:12:38.312500Z,2026-05-04T22:13:39.736562488Z,0.9388425946235656,0.3305427432060242,0.07859718054533,-0.5597573017333024,3787.4453062,-8.492186599999977,-236.49218659999997,-0.5032958709449439
29.812499988,2026-05-04T22:12:38.320312Z,2026-05-04T22:13:39.744374988Z,0.9386551380157472,0.3306823968887329,0.0861625745892524,-0.5544545540081729,3791.5468687,-9.078124099999938,-237.07812409999994,-0.516839512527191
29.820312488,2026-05-04T22:12:38.328125Z,2026-05-04T22:13:39.752187488Z,0.9379053115844728,0.3310082852840424,0.0950657576322555,-0.5523211432285114,3795.6484311999993,-9.664061599999899,-237.6640615999999,-0.5303831541094379
29.828124988,2026-05-04T22:12:38.335937Z,2026-05-04T22:13:39.759999988Z,0.9364524483680724,0.3301548063755035,0.1022928580641747,-0.5598583193549518,3799.749993699999,-10.24999909999986,-238.24999909999985,-0.543926795691685
29.835937488,2026-05-04T22:12:38.343750Z,2026-05-04T22:13:39.767812488Z,0.9373897910118104,0.3290685713291168,0.1084128320217133,-0.5508033226488431,3803.851556199999,-10.835936599999819,-238.83593659999983,-0.557470437273932
29.843749988,2026-05-04T22:12:38.351562Z,2026-05-04T22:13:39.775624988Z,0.940201699733734,0.3284943997859955,0.1144251674413681,-0.5137419470848213,3801.4843825000016,-6.218760200002071,-226.34377700000547,-0.5474358925877908
29.851562488,2026-05-04T22:12:38.359375Z,2026-05-04T22:13:39.783437488Z,0.9376240968704224,0.3276875019073486,0.1173775196075439,-0.5423712535380326,3796.6015700000016,0.42186479999807025,-208.7656520000051,-0.5282319833802641
29.859374988,2026-05-04T22:12:38.367187Z,2026-05-04T22:13:39.791249988Z,0.9382646083831788,0.3277961313724518,0.1219290569424629,-0.5288523968975651,3791.718757500001,7.062489799998211,-191.18752700000474,-0.5090280741727375
29.867187488,2026-05-04T22:12:38.375000Z,2026-05-04T22:13:39.799062488Z,0.9393737316131592,0.3284323513507843,0.1278491318225861,-0.5051503162436404,3786.835945000001,13.703114799998353,-173.60940200000437,-0.48982416496521103
29.874999988,2026-05-04T22:12:38.382812Z,2026-05-04T22:13:39.806874988Z,0.9384989142417908,0.3293168544769287,0.1318932324647903,-0.5053923356111193,3781.953132500001,20.343739799998495,-156.031277000004,-0.47062025575768446
29.882812488,2026-05-04T22:12:38.390625Z,2026-05-04T22:13:39.814687488Z,0.9363430738449096,0.3292082250118256,0.1324929296970367,-0.5295083048958488,3784.1015519999987,24.406246399999517,-133.76566400000522,-0.47479492063641376
29.890624988,2026-05-04T22:12:38.398437Z,2026-05-04T22:13:39.822499988Z,0.937467873096466,0.3292392492294312,0.1323084086179733,-0.5169910477924804,3790.9374894999987,26.74999639999957,-108.37503900000468,-0.4945554013214994
29.898437488,2026-05-04T22:12:38.406250Z,2026-05-04T22:13:39.830312488Z,0.939123809337616,0.3290064930915833,0.1308322250843048,-0.5016414707802399,3797.7734269999987,29.09374639999962,-82.98441400000414,-0.514315882006585
29.906249988,2026-05-04T22:12:38.414062Z,2026-05-04T22:13:39.838124988Z,0.9383583068847656,0.3293013274669647,0.1288486272096634,-0.5122217647748065,3804.609364499999,31.43749639999967,-57.59378900000359,-0.5340763626916706
29.914062488,2026-05-04T22:12:38.421875Z,2026-05-04T22:13:39.845937488Z,0.9372960329055786,0.3299220502376556,0.1279875189065933,-0.5226460837489135,3811.445301999999,33.781246399999716,-32.20316400000305,-0.5538368433767561
29.921874988,2026-05-04T22:12:38.429687Z,2026-05-04T22:13:39.853749988Z,0.935671329498291,0.3314272463321686,0.1257886290550232,-0.5377645683304265,3815.6562479,33.50000480000031,-2.781301900003335,-0.5624808673448877
29.929687488,2026-05-04T22:12:38.437500Z,2026-05-04T22:13:39.861562488Z,0.9365462064743042,0.3328548967838287,0.1225902587175369,-0.5267187598777664,3817.0234354,30.37500480000024,31.007760599997383,-0.5590819890930319
29.937499988,2026-05-04T22:12:38.445312Z,2026-05-04T22:13:39.869374988Z,0.9358431696891784,0.3323893547058105,0.1178849563002586,-0.5429269667364934,3818.3906229,27.250004800000177,64.7968230999981,-0.555683110841176
29.945312488,2026-05-04T22:12:38.453125Z,2026-05-04T22:13:39.877187488Z,0.9378896355628968,0.3322497010231018,0.1119648814201355,-0.5278926031229115,3819.7578104,24.12500480000011,98.58588559999882,-0.5522842325893202
29.953124988,2026-05-04T22:12:38.460937Z,2026-05-04T22:13:39.884999988Z,0.9371398091316224,0.3326221108436584,0.1037997901439667,-0.5449280797753475,3821.1249979,21.000004800000042,132.37494809999953,-0.5488853543374643
29.960937488,2026-05-04T22:12:38.468750Z,2026-05-04T22:13:39.892812488Z,0.9364836812019348,0.3334290385246277,0.097003236413002,-0.5564443430135424,3822.2109366,17.875004800000074,163.1405859999994,-0.5088029687293983
29.968749988,2026-05-04T22:12:38.476562Z,2026-05-04T22:13:39.900624988Z,0.9358744621276855,0.3336773216724396,0.0905603468418121,-0.5550161150250335,3822.7968741,14.750004800000285,188.53121099999768,-0.40350502416316447
29.976562488,2026-05-04T22:12:38.484375Z,2026-05-04T22:13:39.908437488Z,0.936264991760254,0.3342359662055969,0.0834716334939003,-0.4757612983986435,3823.3828116,11.625004800000497,213.92183599999598,-0.2982070795969306
29.984374988,2026-05-04T22:12:38.492187Z,2026-05-04T22:13:39.916249988Z,0.9375772476196288,0.3343600928783417,0.0748452395200729,-0.37452606541665606,3823.9687491,8.500004800000708,239.31246099999424,-0.1929091350306968
29.992187488,2026-05-04T22:12:38.500000Z,2026-05-04T22:13:39.924062488Z,0.9369523525238036,0.3332893848419189,0.0655576437711715,-0.2994407291257264,3824.5546866,5.3750048000009185,264.70308599999254,-0.08761119046446293
29.999999988,2026-05-04T22:12:38.507812Z,2026-05-04T22:13:39.931874988Z,0.9372648000717164,0.3322031497955322,0.0566852167248725,-0.21292992775166747,3824.8593759,3.7031204999990033,286.0624867999971,0.01619237129760632
30.007812488,2026-05-04T22:12:38.515625Z,2026-05-04T22:13:39.939687488Z,0.9383739233016968,0.3324203789234161,0.048858419060707,-0.11075718110712662,3824.2734384,6.6328079999990655,294.65623679999726,0.11526368099601585
30.015624988,2026-05-04T22:12:38.523437Z,2026-05-04T22:13:39.947499988Z,0.9382176995277404,0.3325445353984833,0.0406471937894821,-0.022382420974184383,3823.6875009,9.562495499999129,303.24998679999743,0.21433499069442538
30.023437488,2026-05-04T22:12:38.531250Z,2026-05-04T22:13:39.955312488Z,0.9376553297042848,0.3330255746841431,0.032266829162836,0.06337498212957432,3823.1015634,12.49218299999919,311.8437367999976,0.3134063003928349
30.031249988,2026-05-04T22:12:38.539062Z,2026-05-04T22:13:39.963124988Z,0.9386239051818848,0.3315514028072357,0.0236711893230676,0.15940962450255278,3822.5156259,15.421870499999253,320.4374867999978,0.41247761009124445
30.039062488,2026-05-04T22:12:38.546875Z,2026-05-04T22:13:39.970937488Z,0.9406859874725342,0.3296582400798798,0.0156598668545484,0.26704189218512475,3821.8593768,18.046874399999908,327.34375840000126,0.5109674400222585
30.046874988,2026-05-04T22:12:38.554687Z,2026-05-04T22:13:39.978749988Z,0.9398580193519592,0.3288978636264801,0.0066336747258901,0.34706621900017054,3820.6875018,18.43749939999992,321.87500840000115,0.60519302296706
30.054687488,2026-05-04T22:12:38.562500Z,2026-05-04T22:13:39.986562488Z,0.9407172203063964,0.329487532377243,0.0004829484969377,0.45247106240912266,3819.5156268,18.828124399999925,316.40625840000104,0.6994186059118617
30.062499988,2026-05-04T22:12:38.570312Z,2026-05-04T22:13:39.994374988Z,0.940889060497284,0.329503059387207,-0.0029768366366624,0.5483730786028762,3818.3437518,19.218749399999933,310.9375084000009,0.7936441888566632
30.070312488,2026-05-04T22:12:38.578125Z,2026-05-04T22:13:40.002187488Z,0.9406235218048096,0.3299996256828308,-0.0077897813171148,0.6412969213837868,3817.1718768,19.609374399999943,305.4687584000008,0.8878697718014648
30.078124988,2026-05-04T22:12:38.585937Z,2026-05-04T22:13:40.009999988Z,0.9404985308647156,0.3297978937625885,-0.0135099571198225,0.7332053470335977,3816.0000018,19.99999939999995,300.0000084000007,0.9820953547462664
30.085937488,2026-05-04T22:12:38.593750Z,2026-05-04T22:13:40.017812488Z,0.9411234259605408,0.3287737369537354,-0.0183690320700407,0.8307400029488838,3817.7578098,21.367185399999855,279.6875312000021,1.0829721162741435
30.093749988,2026-05-04T22:12:38.601562Z,2026-05-04T22:13:40.025624988Z,0.9417014122009276,0.3277185261249542,-0.0223208721727132,0.9276353225771388,3819.5156223,22.734372899999883,259.37503120000173,1.1838488880182474
30.101562488,2026-05-04T22:12:38.609375Z,2026-05-04T22:13:40.033437488Z,0.9412639737129213,0.3281375169754028,-0.0243506114929914,1.0184668696657422,3821.2734348,24.101560399999915,239.06253120000127,1.284725659762351
30.109374988,2026-05-04T22:12:38.617187Z,2026-05-04T22:13:40.041249988Z,0.9418732523918152,0.3297668695449829,-0.0232434812933206,1.1251314412954765,3823.0312473,25.468747899999943,218.75003120000085,1.385602431506455
30.117187488,2026-05-04T22:12:38.625000Z,2026-05-04T22:13:40.049062488Z,0.9399361610412598,0.3306668996810913,-0.0228898171335458,1.2002597426426702,3824.7890598,26.835935399999972,198.43753120000042,1.486479203250559
30.124999988,2026-05-04T22:12:38.632812Z,2026-05-04T22:13:40.056874988Z,0.9402642250061036,0.3312565684318542,-0.022428510710597,1.299799807223235,3822.5937542,26.4843759,169.53129619999999,1.5753184979681842
30.132812488,2026-05-04T22:12:38.640625Z,2026-05-04T22:13:40.064687488Z,0.940201699733734,0.3307289481163025,-0.0215059015899896,1.3904544828953647,3819.8593792,25.898438399999986,139.45317119999933,1.662516294669806
30.140624988,2026-05-04T22:12:38.648437Z,2026-05-04T22:13:40.072499988Z,0.9400142431259156,0.330434113740921,-0.0193070154637098,1.4802493765687492,3817.1250041999997,25.312500899999975,109.37504619999869,1.7497140913714277
30.148437488,2026-05-04T22:12:38.656250Z,2026-05-04T22:13:40.080312488Z,0.9402173161506652,0.3310858607292175,-0.0158472340553998,1.5779330933684046,3814.3906291999997,24.72656339999996,79.29692119999805,1.8369118880730493
30.156249988,2026-05-04T22:12:38.664062Z,2026-05-04T22:13:40.088124988Z,0.940186083316803,0.3332117795944214,-0.0105576086789369,1.6789264568038156,3811.6562541999997,24.14062589999995,49.21879619999742,1.924109684774671
30.164062488,2026-05-04T22:12:38.671875Z,2026-05-04T22:13:40.095937488Z,0.9385457634925842,0.3340031802654266,-0.0043146200478076,1.7566468426195212,3809.2187536,20.58594439999982,21.96097799999895,2.0147354938736233
30.171874988,2026-05-04T22:12:38.679687Z,2026-05-04T22:13:40.103749988Z,0.9369367361068726,0.3339100778102875,0.0006674695760011,1.831666580930775,3806.8750036,16.093756900000123,-4.406209499999272,2.106443842319373
30.179687488,2026-05-04T22:12:38.687500Z,2026-05-04T22:13:40.111562488Z,0.9401392340660096,0.3335997462272644,0.0077408049255609,1.9608286889188273,3804.5312536,11.601569400000427,-30.77339699999749,2.198152190765123
30.187499988,2026-05-04T22:12:38.695312Z,2026-05-04T22:13:40.119374988Z,0.937686562538147,0.3328393697738647,0.01335334405303,2.0243730646425173,3802.1875036000006,7.109381900000729,-57.14058449999571,2.2898605392108733
30.195312488,2026-05-04T22:12:38.703125Z,2026-05-04T22:13:40.127187488Z,0.9376709461212158,0.3335066139698029,0.0202575363218784,2.1218378080234452,3799.8437536000006,2.617194400001032,-83.50777199999393,2.381568887656623
30.203124988,2026-05-04T22:12:38.710937Z,2026-05-04T22:13:40.134999988Z,0.9392956495285034,0.3344842493534088,0.0301755834370851,2.2408557889972363,3798.3750015,2.1249972999995768,-106.99996639999473,2.477237589452126
30.210937488,2026-05-04T22:12:38.718750Z,2026-05-04T22:13:40.142812488Z,0.9382333755493164,0.3345152735710144,0.0398322269320488,2.326785994806298,3797.398439,3.8828097999996145,-128.8749663999952,2.575134004858228
30.218749988,2026-05-04T22:12:38.726562Z,2026-05-04T22:13:40.150624988Z,0.936015009880066,0.3332893848419189,0.0471669659018516,2.394123699080291,3796.4218765,5.640622299999652,-150.74996639999566,2.67303042026433
30.226562488,2026-05-04T22:12:38.734375Z,2026-05-04T22:13:40.158437488Z,0.9371866583824158,0.3329169452190399,0.0542249269783496,2.5037969580075603,3795.445314,7.39843479999969,-172.62496639999614,2.7709268356704317
30.234374988,2026-05-04T22:12:38.742187Z,2026-05-04T22:13:40.166249988Z,0.9392175078392028,0.3321565985679626,0.0622516274452209,2.6229437174330474,3794.4687515,9.156247299999727,-194.4999663999966,2.868823251076534
30.242187488,2026-05-04T22:12:38.750000Z,2026-05-04T22:13:40.174062488Z,0.9365462064743042,0.330434113740921,0.0698016434907913,2.6853747216568054,3793.2890646,8.578129200000367,-209.77342339999876,2.9656687073250487
30.249999988,2026-05-04T22:12:38.757812Z,2026-05-04T22:13:40.181874988Z,0.9403423070907592,0.330449640750885,0.0806730538606643,2.8317523792940493,3791.9218771,5.843754200000308,-218.95311089999896,3.0615440414581347
30.257812488,2026-05-04T22:12:38.765625Z,2026-05-04T22:13:40.189687488Z,0.937952160835266,0.3315514028072357,0.0886843726038932,2.910921595105256,3790.5546896,3.1093792000002507,-228.13279839999916,3.1574193755912208
30.265624988,2026-05-04T22:12:38.773437Z,2026-05-04T22:13:40.197499988Z,0.9359525442123412,0.3313031196594238,0.094604454934597,2.987523954579376,3789.1875021,0.37500420000019247,-237.31248589999936,3.253294709724307
30.273437488,2026-05-04T22:12:38.781250Z,2026-05-04T22:13:40.205312488Z,0.93710857629776,0.3292237520217896,0.1022467315196991,3.0948857280006683,3787.8203146,-2.3593707999998657,-246.49217339999956,3.349170043857393
30.281249988,2026-05-04T22:12:38.789062Z,2026-05-04T22:13:40.213124988Z,0.940670371055603,0.3281840682029724,0.1087511256337166,3.232767234499104,3788.562494,-1.3437602000001836,-245.59377460000044,3.4499225778038243
30.289062488,2026-05-04T22:12:38.796875Z,2026-05-04T22:13:40.220937488Z,0.938045859336853,0.3277650773525238,0.1112575456500053,3.2982662403510905,3792.468744,5.296864799999958,-229.5781496000001,3.557990958291574
30.296874988,2026-05-04T22:12:38.804687Z,2026-05-04T22:13:40.228749988Z,0.9377647042274476,0.3288202881813049,0.1164549067616463,3.4000764341820346,3796.3749940000002,11.9374898000001,-213.56252459999976,3.6660593387793234
30.304687488,2026-05-04T22:12:38.812500Z,2026-05-04T22:13:40.236562488Z,0.9386707544326782,0.3288978636264801,0.12285166233778,3.5134609437512374,3800.2812440000002,18.57811480000024,-197.54689959999942,3.7741277192670735
30.312499988,2026-05-04T22:12:38.820312Z,2026-05-04T22:13:40.244374988Z,0.9369055032730104,0.3287582099437714,0.126080796122551,3.591644532109096,3804.1874940000002,25.21873980000038,-181.53127459999908,3.882196099754823
30.320312488,2026-05-04T22:12:38.828125Z,2026-05-04T22:13:40.252187488Z,0.9385301470756532,0.328587532043457,0.1285872161388397,3.7069151671748752,3807.0,29.781251199999957,-163.05472559999865,3.9869581092137243
30.328124988,2026-05-04T22:12:38.835937Z,2026-05-04T22:13:40.259999988Z,0.9390144348144532,0.3288823664188385,0.1288486272096634,3.807779550608097,3807.0,29.00000120000001,-138.25003810000032,4.083217956963068
30.335937488,2026-05-04T22:12:38.843750Z,2026-05-04T22:13:40.267812488Z,0.938030242919922,0.3284012973308563,0.1276184767484665,3.8866773110334867,3807.0,28.218751200000064,-113.445350600002,4.179477804712413
30.343749988,2026-05-04T22:12:38.851562Z,2026-05-04T22:13:40.275624988Z,0.9370929598808287,0.3293478786945343,0.1278029978275299,3.974020653498758,3807.0,27.437501200000117,-88.64066310000368,4.275737652461756
30.351562488,2026-05-04T22:12:38.859375Z,2026-05-04T22:13:40.283437488Z,0.9384520649909972,0.3303720653057098,0.1290023922920227,4.08937214488794,3807.0,26.65625120000017,-63.83597560000535,4.3719975002111005
30.359374988,2026-05-04T22:12:38.867187Z,2026-05-04T22:13:40.291249988Z,0.9357182383537292,0.3311944901943207,0.1256963759660721,4.15078541893046,3807.718743099999,25.531254500000788,-37.84379950000867,4.471052456544394
30.367187488,2026-05-04T22:12:38.875000Z,2026-05-04T22:13:40.299062488Z,0.935905694961548,0.331753134727478,0.1216676533222198,4.243185984121104,3812.210930599999,22.601567000000728,-5.617237000007986,4.584781900651578
30.374999988,2026-05-04T22:12:38.882812Z,2026-05-04T22:13:40.306874988Z,0.9382333755493164,0.3320014178752899,0.1178234443068504,4.359080491670496,3816.703118099999,19.671879500000664,26.609325499992703,4.698511344758762
30.382812488,2026-05-04T22:12:38.890625Z,2026-05-04T22:13:40.314687488Z,0.9367648959159852,0.3318927884101868,0.1117342263460159,4.4279616034660805,3821.1953055999993,16.7421920000006,58.835887999993396,4.812240788865946
30.390624988,2026-05-04T22:12:38.898437Z,2026-05-04T22:13:40.322499988Z,0.9372804164886476,0.3320945203304291,0.1076439917087555,4.523236041777824,3825.6874930999993,13.812504500000538,91.06245049999409,4.92597023297313
30.398437488,2026-05-04T22:12:38.906250Z,2026-05-04T22:13:40.330312488Z,0.9377803206443788,0.333646297454834,0.1031539589166641,4.62354205395555,3829.9765634,10.96093900000016,122.96871279999606,5.0391724013066135
30.406249988,2026-05-04T22:12:38.914062Z,2026-05-04T22:13:40.338124988Z,0.935577630996704,0.3344376981258392,0.0953271612524986,4.686830547192425,3829.3906259,9.984376500000138,147.18746279999658,5.13971944486704
30.414062488,2026-05-04T22:12:38.921875Z,2026-05-04T22:13:40.345937488Z,0.9348277449607848,0.3341894149780273,0.0873927250504493,4.7628285084809505,3828.8046884,9.007814000000117,171.4062127999971,5.240266488427467
30.421874988,2026-05-04T22:12:38.929687Z,2026-05-04T22:13:40.353749988Z,0.938389539718628,0.3335531949996948,0.0800579786300659,4.8871714559035935,3828.2187509,8.031251500000096,195.6249627999976,5.3408135319878935
30.429687488,2026-05-04T22:12:38.937500Z,2026-05-04T22:13:40.361562488Z,0.938061535358429,0.3324669301509857,0.0703705847263336,4.964319564526293,3827.6328134,7.054689000000075,219.84371279999812,5.44136057554832
30.437499988,2026-05-04T22:12:38.945312Z,2026-05-04T22:13:40.369374988Z,0.9360931515693665,0.3326376378536224,0.0610676109790802,5.02944200287035,3827.0468759,6.078126500000055,244.06246279999863,5.541907619108747
30.445312488,2026-05-04T22:12:38.953125Z,2026-05-04T22:13:40.377187488Z,0.9378896355628968,0.33363077044487,0.0549937672913074,5.143436630420473,3827.0,6.0,246.0,5.549951537033845
30.453124988,2026-05-04T22:12:38.960937Z,2026-05-04T22:13:40.384999988Z,0.936983585357666,0.3335376679897308,0.0480742007493972,5.222560264636547,3827.0,6.0,246.0,5.549951537033845
30.460937488,2026-05-04T22:12:38.968750Z,2026-05-04T22:13:40.392812488Z,0.937952160835266,0.332699716091156,0.0403396598994731,5.319938208995819,3827.0,6.0,246.0,5.549951537033845
