relative_time_s,sensor_ts_utc,sensor_ch1_g,sensor_ch2_g,sensor_ch3_g
0.0,2026-05-04 22:12:08.507812512+00:00,0.9393112659454346,0.3316755294799805,0.0384021811187267
0.0078125,2026-05-04 22:12:08.515625012+00:00,0.9382333755493164,0.3317065834999084,0.0380946435034275
0.015625,2026-05-04 22:12:08.523437512+00:00,0.9389675855636596,0.3313341438770294,0.0380177609622478
0.0234375,2026-05-04 22:12:08.531250012+00:00,0.9387488961219788,0.3310393095016479,0.0381100215017795
0.03125,2026-05-04 22:12:08.539062512+00:00,0.9396393299102784,0.3310858607292175,0.0377871096134185
0.0390625,2026-05-04 22:12:08.546875012+00:00,0.9384520649909972,0.3308531045913696,0.0380792692303657
0.046875,2026-05-04 22:12:08.554687512+00:00,0.9391706585884094,0.3311169147491455,0.0393247902393341
0.0546875,2026-05-04 22:12:08.562500012+00:00,0.9391550421714784,0.3307910263538361,0.0402473993599414
0.0625,2026-05-04 22:12:08.570312512+00:00,0.9389207363128662,0.3312565684318542,0.0419080927968025
0.0703125,2026-05-04 22:12:08.578125012+00:00,0.9388113617897034,0.330822080373764,0.042538546025753
0.078125,2026-05-04 22:12:08.585937512+00:00,0.9385926723480223,0.3311789631843567,0.0440300963819026
0.0859375,2026-05-04 22:12:08.593750012+00:00,0.9391081929206848,0.3310393095016479,0.0453217476606369
0.09375,2026-05-04 22:12:08.601562512+00:00,0.9384364485740662,0.3309927582740784,0.0464135035872459
0.1015625,2026-05-04 22:12:08.609375012+00:00,0.9390925765037536,0.3307289481163025,0.0481357052922248
0.109375,2026-05-04 22:12:08.617187512+00:00,0.9388269782066344,0.3309462070465088,0.0496426336467266
0.1171875,2026-05-04 22:12:08.625000012+00:00,0.9388894438743592,0.3308996558189392,0.0513033308088779
0.125,2026-05-04 22:12:08.632812512+00:00,0.9384989142417908,0.3309617340564728,0.0532408095896244
0.1328125,2026-05-04 22:12:08.640625012+00:00,0.9387176036834716,0.3311634659767151,0.0553320571780204
0.140625,2026-05-04 22:12:08.648437512+00:00,0.9388425946235656,0.3313651978969574,0.0568389855325222
0.1484375,2026-05-04 22:12:08.656250012+00:00,0.9384364485740662,0.3313186466693878,0.0582382753491401
0.15625,2026-05-04 22:12:08.664062512+00:00,0.9390456676483154,0.3313341438770294,0.0597298294305801
0.1640625,2026-05-04 22:12:08.671875012+00:00,0.937827169895172,0.3311479389667511,0.0603141486644744
0.171875,2026-05-04 22:12:08.679687512+00:00,0.93876451253891,0.3314272463321686,0.0620209723711013
0.1796875,2026-05-04 22:12:08.687500012+00:00,0.9377803206443788,0.3315824270248413,0.063589408993721
0.1875,2026-05-04 22:12:08.695312512+00:00,0.9384676814079284,0.3314583003520966,0.0647119134664535
0.1953125,2026-05-04 22:12:08.703125012+00:00,0.938295841217041,0.3315514028072357,0.0660343244671821
0.203125,2026-05-04 22:12:08.710937512+00:00,0.9382176995277404,0.3313341438770294,0.0666340216994285
0.2109375,2026-05-04 22:12:08.718750012+00:00,0.938295841217041,0.3310703635215759,0.0668954253196716
0.21875,2026-05-04 22:12:08.726562512+00:00,0.9384832978248596,0.3313031196594238,0.0673106014728546
0.2265625,2026-05-04 22:12:08.734375012+00:00,0.938170850276947,0.3311479389667511,0.0672644674777984
0.234375,2026-05-04 22:12:08.742187512+00:00,0.9382646083831788,0.3312565684318542,0.0672644674777984
0.2421875,2026-05-04 22:12:08.750000012+00:00,0.9387957453727722,0.3313341438770294,0.0673567280173301
0.25,2026-05-04 22:12:08.757812512+00:00,0.938420832157135,0.3311169147491455,0.0671260729432106
0.2578125,2026-05-04 22:12:08.765625012+00:00,0.9382333755493164,0.3311634659767151,0.0663418620824813
0.265625,2026-05-04 22:12:08.773437512+00:00,0.9386239051818848,0.3312100172042847,0.0662957280874252
0.2734375,2026-05-04 22:12:08.781250012+00:00,0.938420832157135,0.3308996558189392,0.0653116106986999
0.28125,2026-05-04 22:12:08.789062512+00:00,0.938420832157135,0.3309772312641144,0.0644505098462104
0.2890625,2026-05-04 22:12:08.796875012+00:00,0.9384832978248596,0.331023782491684,0.0630973502993583
0.296875,2026-05-04 22:12:08.804687512+00:00,0.9386863708496094,0.3308531045913696,0.0619748458266258
0.3046875,2026-05-04 22:12:08.812500012+00:00,0.9386082887649536,0.3308531045913696,0.0604217872023582
0.3125,2026-05-04 22:12:08.820312512+00:00,0.9388894438743592,0.3310548365116119,0.059053249657154
0.3203125,2026-05-04 22:12:08.828125012+00:00,0.9383739233016968,0.3308841288089752,0.0574694350361824
0.328125,2026-05-04 22:12:08.835937512+00:00,0.9384989142417908,0.3310858607292175,0.0564391873776912
0.3359375,2026-05-04 22:12:08.843750012+00:00,0.9387332201004028,0.3311634659767151,0.0549168810248374
0.34375,2026-05-04 22:12:08.851562512+00:00,0.9387488961219788,0.3308996558189392,0.0530562885105609
0.3515625,2026-05-04 22:12:08.859375012+00:00,0.93876451253891,0.3309462070465088,0.0508112721145153
0.359375,2026-05-04 22:12:08.867187512+00:00,0.9386863708496094,0.3311944901943207,0.0493812263011932
0.3671875,2026-05-04 22:12:08.875000012+00:00,0.9384989142417908,0.3311789631843567,0.047336108982563
0.375,2026-05-04 22:12:08.882812512+00:00,0.938873827457428,0.3312720656394958,0.0467210412025451
0.3828125,2026-05-04 22:12:08.890625012+00:00,0.9389207363128662,0.3313651978969574,0.0454601421952247
0.390625,2026-05-04 22:12:08.898437512+00:00,0.9391550421714784,0.3313496708869934,0.0442607477307319
0.3984375,2026-05-04 22:12:08.906250012+00:00,0.9381396174430848,0.3313341438770294,0.0424309074878692
0.40625,2026-05-04 22:12:08.914062512+00:00,0.939483106136322,0.3315203487873077,0.0419388487935066
0.4140625,2026-05-04 22:12:08.921875012+00:00,0.9383583068847656,0.3313496708869934,0.040385790169239
0.421875,2026-05-04 22:12:08.929687512+00:00,0.9388425946235656,0.3315979540348053,0.0395861938595771
0.4296875,2026-05-04 22:12:08.937500012+00:00,0.9388894438743592,0.331396222114563,0.0387250930070877
0.4375,2026-05-04 22:12:08.945312512+00:00,0.9391550421714784,0.3312565684318542,0.0388173535466194
0.4453125,2026-05-04 22:12:08.953125012+00:00,0.9388269782066344,0.3311944901943207,0.0382791683077812
0.453125,2026-05-04 22:12:08.960937512+00:00,0.9391862750053406,0.331380695104599,0.0384944416582584
0.4609375,2026-05-04 22:12:08.968750012+00:00,0.9385457634925842,0.3313496708869934,0.0384021811187267
0.46875,2026-05-04 22:12:08.976562512+00:00,0.9387332201004028,0.3315358757972717,0.0387558490037918
0.4765625,2026-05-04 22:12:08.984375012+00:00,0.939123809337616,0.3312255144119263,0.0397553406655788
0.484375,2026-05-04 22:12:08.992187512+00:00,0.9389050602912904,0.3310548365116119,0.0395554415881633
0.4921875,2026-05-04 22:12:09.000000012+00:00,0.9386707544326782,0.3309772312641144,0.0394170507788658
0.5,2026-05-04 22:12:09.007812512+00:00,0.9389832019805908,0.3308841288089752,0.0408624708652496
0.5078125,2026-05-04 22:12:09.015625012+00:00,0.9390925765037536,0.3312100172042847,0.0422617644071579
0.515625,2026-05-04 22:12:09.023437512+00:00,0.9387488961219788,0.3311013877391815,0.0436302982270717
0.5234375,2026-05-04 22:12:09.031250012+00:00,0.938998818397522,0.3313186466693878,0.0449988357722759
0.53125,2026-05-04 22:12:09.039062512+00:00,0.9388425946235656,0.3308841288089752,0.046275109052658
0.5390625,2026-05-04 22:12:09.046875012+00:00,0.9389519691467284,0.3306668996810913,0.0473976209759712
0.546875,2026-05-04 22:12:09.054687512+00:00,0.9393268823623656,0.3307444751262665,0.0493043437600135
0.5546875,2026-05-04 22:12:09.062500012+00:00,0.9386082887649536,0.3311479389667511,0.0502577051520347
0.5625,2026-05-04 22:12:09.070312512+00:00,0.9384832978248596,0.3314272463321686,0.0521029233932495
0.5703125,2026-05-04 22:12:09.078125012+00:00,0.9386863708496094,0.3312565684318542,0.0538866370916366
0.578125,2026-05-04 22:12:09.085937512+00:00,0.9388269782066344,0.3308065533638,0.0555165782570838
0.5859375,2026-05-04 22:12:09.093750012+00:00,0.9383426904678344,0.3307600021362305,0.0569158717989921
0.59375,2026-05-04 22:12:09.101562512+00:00,0.9388894438743592,0.3312875926494598,0.0586842000484466
0.6015625,2026-05-04 22:12:09.109375012+00:00,0.93807715177536,0.3313186466693878,0.0598835945129394
0.609375,2026-05-04 22:12:09.117187512+00:00,0.9387801289558412,0.3312875926494598,0.061436653137207
0.6171875,2026-05-04 22:12:09.125000012+00:00,0.9383739233016968,0.331023782491684,0.062513031065464
0.625,2026-05-04 22:12:09.132812512+00:00,0.9382333755493164,0.3309306800365448,0.0633741319179534
0.6328125,2026-05-04 22:12:09.140625012+00:00,0.9382333755493164,0.3312255144119263,0.0638661906123161
0.640625,2026-05-04 22:12:09.148437512+00:00,0.9387332201004028,0.3312720656394958,0.0655115097761154
0.6484375,2026-05-04 22:12:09.156250012+00:00,0.9384832978248596,0.3312410414218903,0.0664802491664886
0.65625,2026-05-04 22:12:09.164062512+00:00,0.938045859336853,0.3316445052623749,0.0667570307850837
0.6640625,2026-05-04 22:12:09.171875012+00:00,0.9379677772521972,0.3315048515796661,0.0669569298624992
0.671875,2026-05-04 22:12:09.179687512+00:00,0.938061535358429,0.3311634659767151,0.0666340216994285
0.6796875,2026-05-04 22:12:09.187500012+00:00,0.9389207363128662,0.3310858607292175,0.0670491904020309
0.6875,2026-05-04 22:12:09.195312512+00:00,0.938405215740204,0.3311324119567871,0.0663726106286048
0.6953125,2026-05-04 22:12:09.203125012+00:00,0.938045859336853,0.3310858607292175,0.066418744623661
0.703125,2026-05-04 22:12:09.210937512+00:00,0.9379833936691284,0.3311789631843567,0.0657882913947105
0.7109375,2026-05-04 22:12:09.218750012+00:00,0.9389519691467284,0.3312565684318542,0.0655268877744674
0.71875,2026-05-04 22:12:09.226562512+00:00,0.9385301470756532,0.3308841288089752,0.064665786921978
0.7265625,2026-05-04 22:12:09.234375012+00:00,0.9389519691467284,0.3312720656394958,0.0635586529970169
0.734375,2026-05-04 22:12:09.242187512+00:00,0.9385301470756532,0.3310703635215759,0.0623131319880485
0.7421875,2026-05-04 22:12:09.250000012+00:00,0.9385613799095154,0.3308996558189392,0.0612521320581436
0.75,2026-05-04 22:12:09.257812512+00:00,0.9386707544326782,0.3309151828289032,0.0599912330508232
0.7578125,2026-05-04 22:12:09.265625012+00:00,0.9387332201004028,0.3310858607292175,0.0580691322684288
0.765625,2026-05-04 22:12:09.273437512+00:00,0.9382176995277404,0.3308996558189392,0.0565622001886367
0.7734375,2026-05-04 22:12:09.281250012+00:00,0.9385457634925842,0.330822080373764,0.055470447987318
0.78125,2026-05-04 22:12:09.289062512+00:00,0.9390144348144532,0.3310393095016479,0.0539327673614025
0.7890625,2026-05-04 22:12:09.296875012+00:00,0.9383426904678344,0.3314427733421326,0.0526103600859642
0.796875,2026-05-04 22:12:09.304687512+00:00,0.9386707544326782,0.3312255144119263,0.0513340830802917
0.8046875,2026-05-04 22:12:09.312500012+00:00,0.9387332201004028,0.3312565684318542,0.0497195199131965
0.8125,2026-05-04 22:12:09.320312512+00:00,0.9393424987792968,0.3308065533638,0.0475513860583305
0.8203125,2026-05-04 22:12:09.328125012+00:00,0.9390612840652466,0.3308841288089752,0.0461059659719467
0.828125,2026-05-04 22:12:09.335937512+00:00,0.9388113617897034,0.3311479389667511,0.0443530082702636
0.8359375,2026-05-04 22:12:09.343750012+00:00,0.9388113617897034,0.3313186466693878,0.0436764284968376
0.84375,2026-05-04 22:12:09.351562512+00:00,0.9389519691467284,0.3314427733421326,0.0431536175310611
0.8515625,2026-05-04 22:12:09.359375012+00:00,0.9390144348144532,0.3313341438770294,0.0421695001423358
0.859375,2026-05-04 22:12:09.367187512+00:00,0.9387488961219788,0.3313496708869934,0.0408624708652496
0.8671875,2026-05-04 22:12:09.375000012+00:00,0.9385926723480223,0.3312410414218903,0.039724588394165
0.875,2026-05-04 22:12:09.382812512+00:00,0.93876451253891,0.3312255144119263,0.0389096140861511
0.8828125,2026-05-04 22:12:09.390625012+00:00,0.938873827457428,0.3313031196594238,0.0387097150087356
0.890625,2026-05-04 22:12:09.398437512+00:00,0.93876451253891,0.3317686319351196,0.0388942398130893
0.8984375,2026-05-04 22:12:09.406250012+00:00,0.9391081929206848,0.3320324420928955,0.0388788618147373
0.90625,2026-05-04 22:12:09.414062512+00:00,0.93876451253891,0.3312565684318542,0.0391402691602706
0.9140625,2026-05-04 22:12:09.421875012+00:00,0.9390612840652466,0.3311169147491455,0.0394939333200454
0.921875,2026-05-04 22:12:09.429687512+00:00,0.9389519691467284,0.3313496708869934,0.0395246893167495
0.9296875,2026-05-04 22:12:09.437500012+00:00,0.9389519691467284,0.3315669298171997,0.0402935296297073
0.9375,2026-05-04 22:12:09.445312512+00:00,0.9384676814079284,0.3312875926494598,0.0412161387503147
0.9453125,2026-05-04 22:12:09.453125012+00:00,0.9388269782066344,0.3311013877391815,0.0420926176011562
0.953125,2026-05-04 22:12:09.460937512+00:00,0.9389832019805908,0.3309462070465088,0.0429998487234115
0.9609375,2026-05-04 22:12:09.468750012+00:00,0.9390612840652466,0.3312255144119263,0.0439224578440189
0.96875,2026-05-04 22:12:09.476562512+00:00,0.9389519691467284,0.3312565684318542,0.0450142100453376
0.9765625,2026-05-04 22:12:09.484375012+00:00,0.9391081929206848,0.3312565684318542,0.0471977218985557
0.984375,2026-05-04 22:12:09.492187512+00:00,0.9388894438743592,0.3312100172042847,0.0489506796002388
0.9921875,2026-05-04 22:12:09.500000012+00:00,0.9382176995277404,0.3309927582740784,0.0500424318015575
1.0,2026-05-04 22:12:09.507812512+00:00,0.9387019872665404,0.3307754993438721,0.0508881583809852
1.0078125,2026-05-04 22:12:09.515625012+00:00,0.9390769004821776,0.3308375775814056,0.0521644316613674
1.015625,2026-05-04 22:12:09.523437512+00:00,0.9392800331115724,0.3309306800365448,0.053809754550457
1.0234375,2026-05-04 22:12:09.531250012+00:00,0.9386082887649536,0.3310858607292175,0.0553628131747245
1.03125,2026-05-04 22:12:09.539062512+00:00,0.9388894438743592,0.3313496708869934,0.0576539561152458
1.0390625,2026-05-04 22:12:09.546875012+00:00,0.938155233860016,0.331380695104599,0.0589148551225662
1.046875,2026-05-04 22:12:09.554687512+00:00,0.9386082887649536,0.3308686316013336,0.0605909302830696
1.0546875,2026-05-04 22:12:09.562500012+00:00,0.9388425946235656,0.3311944901943207,0.0611598715186119
1.0625,2026-05-04 22:12:09.570312512+00:00,0.93828022480011,0.3312875926494598,0.0618979558348655
1.0703125,2026-05-04 22:12:09.578125012+00:00,0.9379990100860596,0.3313651978969574,0.0626360476016998
1.078125,2026-05-04 22:12:09.585937512+00:00,0.9381396174430848,0.3313031196594238,0.0642352327704429
1.0859375,2026-05-04 22:12:09.593750012+00:00,0.9387176036834716,0.3312720656394958,0.0653577446937561
1.09375,2026-05-04 22:12:09.601562512+00:00,0.9384676814079284,0.3315979540348053,0.0658498033881187
1.1015625,2026-05-04 22:12:09.609375012+00:00,0.938420832157135,0.3315358757972717,0.0664802491664886
1.109375,2026-05-04 22:12:09.617187512+00:00,0.9382646083831788,0.3312100172042847,0.0666186437010765
1.1171875,2026-05-04 22:12:09.625000012+00:00,0.9386863708496094,0.3313186466693878,0.0666032657027244
1.125,2026-05-04 22:12:09.632812512+00:00,0.9378896355628968,0.3313031196594238,0.0663726106286048
1.1328125,2026-05-04 22:12:09.640625012+00:00,0.9383114576339722,0.3309462070465088,0.0658651739358902
1.140625,2026-05-04 22:12:09.648437512+00:00,0.9383583068847656,0.3310703635215759,0.0653577446937561
1.1484375,2026-05-04 22:12:09.656250012+00:00,0.9387488961219788,0.3313341438770294,0.064911812543869
1.15625,2026-05-04 22:12:09.664062512+00:00,0.9385613799095154,0.3311944901943207,0.0645581483840942
1.1640625,2026-05-04 22:12:09.671875012+00:00,0.9381240010261536,0.3312720656394958,0.0637277960777282
1.171875,2026-05-04 22:12:09.679687512+00:00,0.9383739233016968,0.3313031196594238,0.0633587539196014
1.1796875,2026-05-04 22:12:09.687500012+00:00,0.9383270740509032,0.3310393095016479,0.0620824769139289
1.1875,2026-05-04 22:12:09.695312512+00:00,0.938514530658722,0.3307754993438721,0.0604832917451858
1.1953125,2026-05-04 22:12:09.703125012+00:00,0.9387019872665404,0.3307754993438721,0.059053249657154
1.203125,2026-05-04 22:12:09.710937512+00:00,0.9391550421714784,0.3307444751262665,0.0576847121119499
1.2109375,2026-05-04 22:12:09.718750012+00:00,0.9383426904678344,0.3309306800365448,0.055808737874031
1.21875,2026-05-04 22:12:09.726562512+00:00,0.9386239051818848,0.3308686316013336,0.054486334323883
1.2265625,2026-05-04 22:12:09.734375012+00:00,0.9386082887649536,0.3309927582740784,0.0537482425570488
1.234375,2026-05-04 22:12:09.742187512+00:00,0.9384989142417908,0.3310858607292175,0.0521644316613674
1.2421875,2026-05-04 22:12:09.750000012+00:00,0.9387801289558412,0.3309927582740784,0.0507651418447494
1.25,2026-05-04 22:12:09.757812512+00:00,0.9387801289558412,0.3311013877391815,0.0491967052221298
1.2578125,2026-05-04 22:12:09.765625012+00:00,0.9384832978248596,0.3309927582740784,0.0471669659018516
1.265625,2026-05-04 22:12:09.773437512+00:00,0.93876451253891,0.3313031196594238,0.0453986302018165
1.2734375,2026-05-04 22:12:09.781250012+00:00,0.9392644166946412,0.3315669298171997,0.044522151350975
1.28125,2026-05-04 22:12:09.789062512+00:00,0.9384520649909972,0.3312720656394958,0.0435072854161262
1.2890625,2026-05-04 22:12:09.796875012+00:00,0.938998818397522,0.3315203487873077,0.0430306047201156
1.296875,2026-05-04 22:12:09.804687512+00:00,0.9389832019805908,0.3320324420928955,0.0425692982971668
1.3046875,2026-05-04 22:12:09.812500012+00:00,0.9387801289558412,0.3316445052623749,0.0414467900991439
1.3125,2026-05-04 22:12:09.820312512+00:00,0.9385457634925842,0.3317065834999084,0.0407855883240699
1.3203125,2026-05-04 22:12:09.828125012+00:00,0.9386863708496094,0.331411749124527,0.039309412240982
1.328125,2026-05-04 22:12:09.835937512+00:00,0.9389519691467284,0.3313031196594238,0.0389096140861511
1.3359375,2026-05-04 22:12:09.843750012+00:00,0.938873827457428,0.331411749124527,0.039309412240982
1.34375,2026-05-04 22:12:09.851562512+00:00,0.9391394257545472,0.3314427733421326,0.0395400673151016
1.3515625,2026-05-04 22:12:09.859375012+00:00,0.9386863708496094,0.3314427733421326,0.0402320213615894
1.359375,2026-05-04 22:12:09.867187512+00:00,0.9392800331115724,0.3318927884101868,0.0405088067054748
1.3671875,2026-05-04 22:12:09.875000012+00:00,0.9387332201004028,0.331380695104599,0.0405703112483024
1.375,2026-05-04 22:12:09.882812512+00:00,0.93924880027771,0.3312100172042847,0.0412622690200805
1.3828125,2026-05-04 22:12:09.890625012+00:00,0.9386551380157472,0.3308841288089752,0.0415544286370277
1.390625,2026-05-04 22:12:09.898437512+00:00,0.9388269782066344,0.3310082852840424,0.0422617644071579
1.3984375,2026-05-04 22:12:09.906250012+00:00,0.9387957453727722,0.3310703635215759,0.0432920083403587
1.40625,2026-05-04 22:12:09.914062512+00:00,0.9391706585884094,0.3313651978969574,0.04495270550251
1.4140625,2026-05-04 22:12:09.921875012+00:00,0.9391394257545472,0.3311479389667511,0.0464750081300735
1.421875,2026-05-04 22:12:09.929687512+00:00,0.9391550421714784,0.3309306800365448,0.0479050539433956
1.4296875,2026-05-04 22:12:09.937500012+00:00,0.9386239051818848,0.3309462070465088,0.0492274612188339
1.4375,2026-05-04 22:12:09.945312512+00:00,0.9388582110404968,0.3309617340564728,0.0506267510354518
1.4453125,2026-05-04 22:12:09.953125012+00:00,0.9384364485740662,0.3310082852840424,0.0518568977713584
1.453125,2026-05-04 22:12:09.960937512+00:00,0.9387957453727722,0.3310393095016479,0.0530409105122089
1.4609375,2026-05-04 22:12:09.968750012+00:00,0.938389539718628,0.3308686316013336,0.0542249269783496
1.46875,2026-05-04 22:12:09.976562512+00:00,0.939358115196228,0.3311013877391815,0.0561162754893302
1.4765625,2026-05-04 22:12:09.984375012+00:00,0.9384832978248596,0.3308996558189392,0.0574079267680645
1.484375,2026-05-04 22:12:09.992187512+00:00,0.9387488961219788,0.3313651978969574,0.0593300312757492
1.4921875,2026-05-04 22:12:10.000000012+00:00,0.9384520649909972,0.331380695104599,0.0604217872023582
1.5,2026-05-04 22:12:10.007812512+00:00,0.938155233860016,0.3314737975597382,0.0617288127541542
1.5078125,2026-05-04 22:12:10.015625012+00:00,0.9387176036834716,0.331023782491684,0.0624976530671119
1.515625,2026-05-04 22:12:10.023437512+00:00,0.9383739233016968,0.3312255144119263,0.0628205686807632
1.5234375,2026-05-04 22:12:10.031250012+00:00,0.938639521598816,0.3313186466693878,0.0634202659130096
1.53125,2026-05-04 22:12:10.039062512+00:00,0.9381240010261536,0.3315203487873077,0.0643736273050308
1.5390625,2026-05-04 22:12:10.046875012+00:00,0.938420832157135,0.3314583003520966,0.0655115097761154
1.546875,2026-05-04 22:12:10.054687512+00:00,0.9379833936691284,0.3315203487873077,0.0663111060857772
1.5546875,2026-05-04 22:12:10.062500012+00:00,0.9378896355628968,0.3316134810447693,0.0666186437010765
1.5625,2026-05-04 22:12:10.070312512+00:00,0.9384676814079284,0.3313651978969574,0.0663572326302528
1.5703125,2026-05-04 22:12:10.078125012+00:00,0.938420832157135,0.3313341438770294,0.0656806528568267
1.578125,2026-05-04 22:12:10.085937512+00:00,0.9385770559310912,0.3309151828289032,0.0655268877744674
1.5859375,2026-05-04 22:12:10.093750012+00:00,0.9379990100860596,0.3311944901943207,0.0643890053033828
1.59375,2026-05-04 22:12:10.101562512+00:00,0.9386707544326782,0.3310703635215759,0.0647119134664535
1.6015625,2026-05-04 22:12:10.109375012+00:00,0.93828022480011,0.3310082852840424,0.0639430731534957
1.609375,2026-05-04 22:12:10.117187512+00:00,0.9389519691467284,0.3308686316013336,0.0634356364607811
1.6171875,2026-05-04 22:12:10.125000012+00:00,0.9386551380157472,0.3311789631843567,0.0621593669056892
1.625,2026-05-04 22:12:10.132812512+00:00,0.9387176036834716,0.3312875926494598,0.061190627515316
1.6328125,2026-05-04 22:12:10.140625012+00:00,0.9379990100860596,0.3307289481163025,0.059714451432228
1.640625,2026-05-04 22:12:10.148437512+00:00,0.938405215740204,0.3311324119567871,0.0585919395089149
1.6484375,2026-05-04 22:12:10.156250012+00:00,0.9388425946235656,0.3307600021362305,0.0565314479172229
1.65625,2026-05-04 22:12:10.164062512+00:00,0.9386863708496094,0.3306513726711273,0.0553474351763725
1.6640625,2026-05-04 22:12:10.171875012+00:00,0.9393737316131592,0.3307444751262665,0.0541634187102317
1.671875,2026-05-04 22:12:10.179687512+00:00,0.9386863708496094,0.3312100172042847,0.0527179986238479
1.6796875,2026-05-04 22:12:10.187500012+00:00,0.9383114576339722,0.3311324119567871,0.051903024315834
1.6875,2026-05-04 22:12:10.195312512+00:00,0.9388113617897034,0.3314272463321686,0.0509496629238128
1.6953125,2026-05-04 22:12:10.203125012+00:00,0.9387019872665404,0.3308841288089752,0.0491813272237777
1.703125,2026-05-04 22:12:10.210937512+00:00,0.9388894438743592,0.3308841288089752,0.047336108982563
1.7109375,2026-05-04 22:12:10.218750012+00:00,0.9389363527297974,0.3310082852840424,0.0452294871211051
1.71875,2026-05-04 22:12:10.226562512+00:00,0.9390300512313844,0.3310393095016479,0.0447989366948604
1.7265625,2026-05-04 22:12:10.234375012+00:00,0.9386082887649536,0.331411749124527,0.0435841679573059
1.734375,2026-05-04 22:12:10.242187512+00:00,0.938873827457428,0.3318152129650116,0.0432305037975311
1.7421875,2026-05-04 22:12:10.250000012+00:00,0.9380927681922911,0.3317686319351196,0.0425077900290489
1.75,2026-05-04 22:12:10.257812512+00:00,0.9388582110404968,0.3314737975597382,0.0420772396028041
1.7578125,2026-05-04 22:12:10.265625012+00:00,0.9389675855636596,0.3312720656394958,0.0413237772881984
1.765625,2026-05-04 22:12:10.273437512+00:00,0.9387801289558412,0.3315048515796661,0.0403089076280593
1.7734375,2026-05-04 22:12:10.281250012+00:00,0.9383583068847656,0.3319083154201508,0.0391095131635665
1.78125,2026-05-04 22:12:10.289062512+00:00,0.939233124256134,0.331753134727478,0.0395400673151016
1.7890625,2026-05-04 22:12:10.296875012+00:00,0.9385770559310912,0.331396222114563,0.0402166470885276
1.796875,2026-05-04 22:12:10.304687512+00:00,0.9388269782066344,0.3312410414218903,0.0407855883240699
1.8046875,2026-05-04 22:12:10.312500012+00:00,0.9389207363128662,0.3316600322723389,0.0411853864789009
1.8125,2026-05-04 22:12:10.320312512+00:00,0.9391550421714784,0.3317065834999084,0.0414160378277301
1.8203125,2026-05-04 22:12:10.328125012+00:00,0.9385613799095154,0.3309462070465088,0.0419696010649204
1.828125,2026-05-04 22:12:10.335937512+00:00,0.9391862750053406,0.3311013877391815,0.042799949645996
1.8359375,2026-05-04 22:12:10.343750012+00:00,0.9385926723480223,0.3308065533638,0.0429844707250595
1.84375,2026-05-04 22:12:10.351562512+00:00,0.9386551380157472,0.3308841288089752,0.0436456762254238
1.8515625,2026-05-04 22:12:10.359375012+00:00,0.9390925765037536,0.3307134509086609,0.0449680835008621
1.859375,2026-05-04 22:12:10.367187512+00:00,0.9391706585884094,0.3309772312641144,0.0470132008194923
1.8671875,2026-05-04 22:12:10.375000012+00:00,0.9388582110404968,0.3309772312641144,0.0482125878334045
1.875,2026-05-04 22:12:10.382812512+00:00,0.9387957453727722,0.3312255144119263,0.0500116795301437
1.8828125,2026-05-04 22:12:10.390625012+00:00,0.9389363527297974,0.3307910263538361,0.0512879565358161
1.890625,2026-05-04 22:12:10.398437512+00:00,0.9388425946235656,0.3307134509086609,0.0523028224706649
1.8984375,2026-05-04 22:12:10.406250012+00:00,0.939233124256134,0.3309617340564728,0.0536098554730415
1.90625,2026-05-04 22:12:10.414062512+00:00,0.938295841217041,0.3310703635215759,0.0546862334012985
1.9140625,2026-05-04 22:12:10.421875012+00:00,0.9388582110404968,0.3310703635215759,0.0562392920255661
1.921875,2026-05-04 22:12:10.429687512+00:00,0.93828022480011,0.331023782491684,0.0573617964982986
1.9296875,2026-05-04 22:12:10.437500012+00:00,0.9383270740509032,0.3309462070465088,0.059053249657154
1.9375,2026-05-04 22:12:10.445312512+00:00,0.938420832157135,0.3312875926494598,0.0606678128242492
1.9453125,2026-05-04 22:12:10.453125012+00:00,0.9381240010261536,0.3317065834999084,0.0614827871322631
1.953125,2026-05-04 22:12:10.460937512+00:00,0.9385926723480223,0.3313341438770294,0.0625437870621681
1.9609375,2026-05-04 22:12:10.468750012+00:00,0.9379677772521972,0.33172208070755,0.0628820732235908
1.96875,2026-05-04 22:12:10.476562512+00:00,0.93876451253891,0.3314272463321686,0.0637893080711364
1.9765625,2026-05-04 22:12:10.484375012+00:00,0.9378427863121032,0.3312720656394958,0.0637124255299568
1.984375,2026-05-04 22:12:10.492187512+00:00,0.9387176036834716,0.3311789631843567,0.0649733245372772
1.9921875,2026-05-04 22:12:10.500000012+00:00,0.9380146265029908,0.3314893245697021,0.0654961317777633
2.0,2026-05-04 22:12:10.507812512+00:00,0.9382489919662476,0.3315669298171997,0.0659266859292984
2.0078125,2026-05-04 22:12:10.515625012+00:00,0.937936544418335,0.331737607717514,0.0662188455462455
2.015625,2026-05-04 22:12:10.523437512+00:00,0.938514530658722,0.3315514028072357,0.0658344253897666
2.0234375,2026-05-04 22:12:10.531250012+00:00,0.9383739233016968,0.3310082852840424,0.0648041740059852
2.03125,2026-05-04 22:12:10.539062512+00:00,0.9382020831108092,0.3309462070465088,0.0634202659130096
2.0390625,2026-05-04 22:12:10.546875012+00:00,0.9386863708496094,0.3310858607292175,0.0628051906824111
2.046875,2026-05-04 22:12:10.554687512+00:00,0.937952160835266,0.3308841288089752,0.0631588548421859
2.0546875,2026-05-04 22:12:10.562500012+00:00,0.9385770559310912,0.3308996558189392,0.0627129301428794
2.0625,2026-05-04 22:12:10.570312512+00:00,0.9386551380157472,0.3312565684318542,0.0616673082113266
2.0703125,2026-05-04 22:12:10.578125012+00:00,0.9387488961219788,0.3310703635215759,0.0606985688209533
2.078125,2026-05-04 22:12:10.585937512+00:00,0.9388113617897034,0.3308375775814056,0.0592531487345695
2.0859375,2026-05-04 22:12:10.593750012+00:00,0.9389207363128662,0.3309306800365448,0.0578846111893653
2.09375,2026-05-04 22:12:10.601562512+00:00,0.9383426904678344,0.3305117189884186,0.0561777800321579
2.1015625,2026-05-04 22:12:10.609375012+00:00,0.9384832978248596,0.3306358456611633,0.0550706535577774
2.109375,2026-05-04 22:12:10.617187512+00:00,0.9385613799095154,0.3308686316013336,0.0536867380142211
2.1171875,2026-05-04 22:12:10.625000012+00:00,0.93876451253891,0.3307134509086609,0.0520414188504219
2.125,2026-05-04 22:12:10.632812512+00:00,0.9394206404685974,0.3309617340564728,0.0514109693467617
2.1328125,2026-05-04 22:12:10.640625012+00:00,0.9391550421714784,0.3311479389667511,0.0499347932636737
2.140625,2026-05-04 22:12:10.648437512+00:00,0.9386707544326782,0.3314583003520966,0.0486585199832916
2.1484375,2026-05-04 22:12:10.656250012+00:00,0.9384520649909972,0.331411749124527,0.0475667640566825
2.15625,2026-05-04 22:12:10.664062512+00:00,0.9391081929206848,0.3312720656394958,0.0460905879735946
2.1640625,2026-05-04 22:12:10.671875012+00:00,0.9387176036834716,0.3311634659767151,0.0442453697323799
2.171875,2026-05-04 22:12:10.679687512+00:00,0.9390456676483154,0.3314427733421326,0.0429690927267074
2.1796875,2026-05-04 22:12:10.687500012+00:00,0.9386551380157472,0.331380695104599,0.0424462854862213
2.1875,2026-05-04 22:12:10.695312512+00:00,0.9388113617897034,0.3315514028072357,0.0425846725702285
2.1953125,2026-05-04 22:12:10.703125012+00:00,0.938873827457428,0.331737607717514,0.0426923111081123
2.203125,2026-05-04 22:12:10.710937512+00:00,0.938389539718628,0.3315669298171997,0.0416005589067935
2.2109375,2026-05-04 22:12:10.718750012+00:00,0.9387019872665404,0.3316755294799805,0.0406471937894821
2.21875,2026-05-04 22:12:10.726562512+00:00,0.9390925765037536,0.3311169147491455,0.0401243828237056
2.2265625,2026-05-04 22:12:10.734375012+00:00,0.9389519691467284,0.3310082852840424,0.0402166470885276
2.234375,2026-05-04 22:12:10.742187512+00:00,0.9387488961219788,0.331411749124527,0.0404165424406528
2.2421875,2026-05-04 22:12:10.750000012+00:00,0.938639521598816,0.3316755294799805,0.0408470928668975
2.25,2026-05-04 22:12:10.757812512+00:00,0.9388425946235656,0.3314583003520966,0.0420157313346862
2.2578125,2026-05-04 22:12:10.765625012+00:00,0.9390456676483154,0.331411749124527,0.0422925129532814
2.265625,2026-05-04 22:12:10.773437512+00:00,0.9389675855636596,0.331023782491684,0.0424924120306968
2.2734375,2026-05-04 22:12:10.781250012+00:00,0.9386239051818848,0.3312410414218903,0.0426923111081123
2.28125,2026-05-04 22:12:10.789062512+00:00,0.938295841217041,0.3312565684318542,0.0437994450330734
2.2890625,2026-05-04 22:12:10.796875012+00:00,0.9389519691467284,0.330822080373764,0.0454908944666385
2.296875,2026-05-04 22:12:10.804687512+00:00,0.9387488961219788,0.3310082852840424,0.0461059659719467
2.3046875,2026-05-04 22:12:10.812500012+00:00,0.93924880027771,0.3307910263538361,0.0475821420550346
2.3125,2026-05-04 22:12:10.820312512+00:00,0.9386239051818848,0.3309772312641144,0.0486738942563533
2.3203125,2026-05-04 22:12:10.828125012+00:00,0.9398267865180968,0.3308065533638,0.0505037382245063
2.328125,2026-05-04 22:12:10.835937512+00:00,0.9387019872665404,0.3308841288089752,0.0515647381544113
2.3359375,2026-05-04 22:12:10.843750012+00:00,0.9390144348144532,0.3310393095016479,0.0531024187803268
2.34375,2026-05-04 22:12:10.851562512+00:00,0.938170850276947,0.3310548365116119,0.0539020150899887
2.3515625,2026-05-04 22:12:10.859375012+00:00,0.9388582110404968,0.3307910263538361,0.0553474351763725
2.359375,2026-05-04 22:12:10.867187512+00:00,0.9385613799095154,0.3306048214435577,0.056546825915575
2.3671875,2026-05-04 22:12:10.875000012+00:00,0.9391394257545472,0.3311013877391815,0.0580845102667808
2.375,2026-05-04 22:12:10.882812512+00:00,0.9387801289558412,0.3311944901943207,0.0591455101966857
2.3828125,2026-05-04 22:12:10.890625012+00:00,0.9378896355628968,0.3312875926494598,0.060775451362133
2.390625,2026-05-04 22:12:10.898437512+00:00,0.9376709461212158,0.3308996558189392,0.062267005443573
2.3984375,2026-05-04 22:12:10.906250012+00:00,0.937952160835266,0.3311013877391815,0.0625745356082916
2.40625,2026-05-04 22:12:10.914062512+00:00,0.9405922293663024,0.331411749124527,0.0631127282977104
2.4140625,2026-05-04 22:12:10.921875012+00:00,0.9395768046379088,0.3310082852840424,0.063604786992073
2.421875,2026-05-04 22:12:10.929687512+00:00,0.9379209280014038,0.3308531045913696,0.0634971484541893
2.4296875,2026-05-04 22:12:10.937500012+00:00,0.9379990100860596,0.3310082852840424,0.0644043758511543
2.4375,2026-05-04 22:12:10.945312512+00:00,0.9372960329055786,0.331396222114563,0.0650809630751609
2.4453125,2026-05-04 22:12:10.953125012+00:00,0.93828022480011,0.3316600322723389,0.0654961317777633
2.453125,2026-05-04 22:12:10.960937512+00:00,0.9386707544326782,0.3316289782524109,0.0653116106986999
2.4609375,2026-05-04 22:12:10.968750012+00:00,0.9390300512313844,0.3317686319351196,0.0648503080010414
2.46875,2026-05-04 22:12:10.976562512+00:00,0.938061535358429,0.3308996558189392,0.0634663924574852
2.4765625,2026-05-04 22:12:10.984375012+00:00,0.937827169895172,0.3310703635215759,0.063589408993721
2.484375,2026-05-04 22:12:10.992187512+00:00,0.9378427863121032,0.331396222114563,0.0630973502993583
2.4921875,2026-05-04 22:12:11.000000012+00:00,0.9387019872665404,0.3317065834999084,0.0622208714485168
2.5,2026-05-04 22:12:11.007812512+00:00,0.9385457634925842,0.3312875926494598,0.061436653137207
2.5078125,2026-05-04 22:12:11.015625012+00:00,0.9391550421714784,0.3312255144119263,0.0605755522847175
2.515625,2026-05-04 22:12:11.023437512+00:00,0.9389207363128662,0.3308686316013336,0.0594069138169288
2.5234375,2026-05-04 22:12:11.031250012+00:00,0.937952160835266,0.331023782491684,0.0585765689611434
2.53125,2026-05-04 22:12:11.039062512+00:00,0.9384520649909972,0.3312100172042847,0.0578077211976051
2.5390625,2026-05-04 22:12:11.046875012+00:00,0.9384520649909972,0.3312100172042847,0.0561008974909782
2.546875,2026-05-04 22:12:11.054687512+00:00,0.9388425946235656,0.3305737972259521,0.0539942756295204
2.5546875,2026-05-04 22:12:11.062500012+00:00,0.9391081929206848,0.3304961919784546,0.0526872426271438
2.5625,2026-05-04 22:12:11.070312512+00:00,0.9389832019805908,0.3306048214435577,0.0513187050819397
2.5703125,2026-05-04 22:12:11.078125012+00:00,0.9396861791610718,0.3308686316013336,0.0510880574584007
2.578125,2026-05-04 22:12:11.085937512+00:00,0.938155233860016,0.331023782491684,0.0503960996866226
2.5859375,2026-05-04 22:12:11.093750012+00:00,0.938639521598816,0.3316910564899445,0.0489199236035347
2.59375,2026-05-04 22:12:11.101562512+00:00,0.938639521598816,0.3312100172042847,0.0469209402799606
2.6015625,2026-05-04 22:12:11.109375012+00:00,0.9393893480300904,0.3308065533638,0.0455370247364044
2.609375,2026-05-04 22:12:11.117187512+00:00,0.938873827457428,0.3306513726711273,0.0441838651895523
2.6171875,2026-05-04 22:12:11.125000012+00:00,0.939123809337616,0.3315669298171997,0.0434611514210701
2.625,2026-05-04 22:12:11.132812512+00:00,0.9389519691467284,0.3311324119567871,0.04353803768754
2.6328125,2026-05-04 22:12:11.140625012+00:00,0.9384832978248596,0.3314272463321686,0.0427076891064643
2.640625,2026-05-04 22:12:11.148437512+00:00,0.9393424987792968,0.331411749124527,0.042461659759283
2.6484375,2026-05-04 22:12:11.156250012+00:00,0.9382176995277404,0.3314893245697021,0.0413237772881984
2.65625,2026-05-04 22:12:11.164062512+00:00,0.9386863708496094,0.3316134810447693,0.0410162396728992
2.6640625,2026-05-04 22:12:11.171875012+00:00,0.9385301470756532,0.331396222114563,0.0407855883240699
2.671875,2026-05-04 22:12:11.179687512+00:00,0.939233124256134,0.3318307101726532,0.0411085002124309
2.6796875,2026-05-04 22:12:11.187500012+00:00,0.9384676814079284,0.3315669298171997,0.0410316176712513
2.6875,2026-05-04 22:12:11.195312512+00:00,0.9382646083831788,0.3315203487873077,0.0408932268619537
2.6953125,2026-05-04 22:12:11.203125012+00:00,0.9394987225532532,0.3315979540348053,0.0421541258692741
2.703125,2026-05-04 22:12:11.210937512+00:00,0.9385301470756532,0.3315203487873077,0.0426154285669326
2.7109375,2026-05-04 22:12:11.218750012+00:00,0.9394518733024596,0.3313186466693878,0.0442299954593181
2.71875,2026-05-04 22:12:11.226562512+00:00,0.9381083846092224,0.3314893245697021,0.0442453697323799
2.7265625,2026-05-04 22:12:11.234375012+00:00,0.9393268823623656,0.3313651978969574,0.0449680835008621
2.734375,2026-05-04 22:12:11.242187512+00:00,0.9384520649909972,0.3308375775814056,0.0454293861985206
2.7421875,2026-05-04 22:12:11.250000012+00:00,0.9395455718040466,0.3308686316013336,0.0464442558586597
2.75,2026-05-04 22:12:11.257812512+00:00,0.938389539718628,0.3305272161960602,0.0475821420550346
2.7578125,2026-05-04 22:12:11.265625012+00:00,0.9390456676483154,0.3309617340564728,0.0496426336467266
2.765625,2026-05-04 22:12:11.273437512+00:00,0.9392800331115724,0.3309617340564728,0.0515493601560592
2.7734375,2026-05-04 22:12:11.281250012+00:00,0.9384676814079284,0.3310082852840424,0.0523489564657211
2.78125,2026-05-04 22:12:11.289062512+00:00,0.9390769004821776,0.3311013877391815,0.0533638224005699
2.7890625,2026-05-04 22:12:11.296875012+00:00,0.938170850276947,0.3309617340564728,0.0540096499025821
2.796875,2026-05-04 22:12:11.304687512+00:00,0.9389207363128662,0.3306358456611633,0.0559009984135627
2.8046875,2026-05-04 22:12:11.312500012+00:00,0.9377959370613098,0.3307600021362305,0.0566083341836929
2.8125,2026-05-04 22:12:11.320312512+00:00,0.9387019872665404,0.3310858607292175,0.0578999891877174
2.8203125,2026-05-04 22:12:11.328125012+00:00,0.938045859336853,0.3308841288089752,0.0590686202049255
2.828125,2026-05-04 22:12:11.335937512+00:00,0.9390144348144532,0.3311944901943207,0.0609753504395484
2.8359375,2026-05-04 22:12:11.343750012+00:00,0.9394049644470216,0.3313341438770294,0.061867207288742
2.84375,2026-05-04 22:12:11.351562512+00:00,0.9381864666938782,0.3311479389667511,0.0626206696033477
2.8515625,2026-05-04 22:12:11.359375012+00:00,0.93876451253891,0.3313186466693878,0.0632664933800697
2.859375,2026-05-04 22:12:11.367187512+00:00,0.938061535358429,0.3312255144119263,0.0632972493767738
2.8671875,2026-05-04 22:12:11.375000012+00:00,0.9385770559310912,0.3311324119567871,0.0637893080711364
2.875,2026-05-04 22:12:11.382812512+00:00,0.93828022480011,0.331411749124527,0.0632511153817176
2.8828125,2026-05-04 22:12:11.390625012+00:00,0.9390925765037536,0.3313031196594238,0.0642967447638511
2.890625,2026-05-04 22:12:11.398437512+00:00,0.9383270740509032,0.3311479389667511,0.0644658878445625
2.8984375,2026-05-04 22:12:11.406250012+00:00,0.938045859336853,0.3313186466693878,0.0644658878445625
2.90625,2026-05-04 22:12:11.414062512+00:00,0.9382020831108092,0.3314737975597382,0.064665786921978
2.9140625,2026-05-04 22:12:11.421875012+00:00,0.9382176995277404,0.331737607717514,0.0639738291501998
2.921875,2026-05-04 22:12:11.429687512+00:00,0.9387019872665404,0.3313496708869934,0.0628820732235908
2.9296875,2026-05-04 22:12:11.437500012+00:00,0.9381864666938782,0.3310858607292175,0.0623438879847526
2.9375,2026-05-04 22:12:11.445312512+00:00,0.9384989142417908,0.3312410414218903,0.0613136366009712
2.9453125,2026-05-04 22:12:11.453125012+00:00,0.938295841217041,0.3311789631843567,0.0603141486644744
2.953125,2026-05-04 22:12:11.460937512+00:00,0.9386239051818848,0.3311789631843567,0.059714451432228
2.9609375,2026-05-04 22:12:11.468750012+00:00,0.9389519691467284,0.3312565684318542,0.0589609891176223
2.96875,2026-05-04 22:12:11.476562512+00:00,0.9384520649909972,0.3311324119567871,0.0584381744265556
2.9765625,2026-05-04 22:12:11.484375012+00:00,0.9390925765037536,0.330822080373764,0.0568236075341701
2.984375,2026-05-04 22:12:11.492187512+00:00,0.938405215740204,0.3310393095016479,0.0550706535577774
2.9921875,2026-05-04 22:12:11.500000012+00:00,0.939123809337616,0.3310858607292175,0.0538251288235187
3.0,2026-05-04 22:12:11.507812512+00:00,0.9386082887649536,0.3308996558189392,0.0523028224706649
3.0078125,2026-05-04 22:12:11.515625012+00:00,0.9388894438743592,0.3309306800365448,0.0511956922709941
3.015625,2026-05-04 22:12:11.523437512+00:00,0.9389675855636596,0.3308686316013336,0.0501346923410892
3.0234375,2026-05-04 22:12:11.531250012+00:00,0.9387019872665404,0.3311324119567871,0.0489045456051826
3.03125,2026-05-04 22:12:11.539062512+00:00,0.9392956495285034,0.3312565684318542,0.0485662594437599
3.0390625,2026-05-04 22:12:11.546875012+00:00,0.9386863708496094,0.3312255144119263,0.0471362136304378
3.046875,2026-05-04 22:12:11.554687512+00:00,0.9393737316131592,0.3311013877391815,0.0460444614291191
3.0546875,2026-05-04 22:12:11.562500012+00:00,0.9382176995277404,0.3312410414218903,0.0443222559988498
3.0625,2026-05-04 22:12:11.570312512+00:00,0.9392018914222716,0.3312720656394958,0.0435226634144783
3.0703125,2026-05-04 22:12:11.578125012+00:00,0.93876451253891,0.3311324119567871,0.0433381386101245
3.078125,2026-05-04 22:12:11.585937512+00:00,0.9391706585884094,0.3316289782524109,0.0427691973745822
3.0859375,2026-05-04 22:12:11.593750012+00:00,0.9386082887649536,0.3316134810447693,0.0422771386802196
3.09375,2026-05-04 22:12:11.601562512+00:00,0.9385457634925842,0.3313651978969574,0.041800457984209
3.1015625,2026-05-04 22:12:11.609375012+00:00,0.9387176036834716,0.3312100172042847,0.0419542267918586
3.109375,2026-05-04 22:12:11.617187512+00:00,0.9387332201004028,0.3313031196594238,0.0419234707951545
3.1171875,2026-05-04 22:12:11.625000012+00:00,0.9389675855636596,0.3315048515796661,0.0416466891765594
3.125,2026-05-04 22:12:11.632812512+00:00,0.938170850276947,0.3316289782524109,0.0416774414479732
3.1328125,2026-05-04 22:12:11.640625012+00:00,0.9392018914222716,0.331411749124527,0.0419849790632724
3.140625,2026-05-04 22:12:11.648437512+00:00,0.9387019872665404,0.3310548365116119,0.0420157313346862
3.1484375,2026-05-04 22:12:11.656250012+00:00,0.9386082887649536,0.3315669298171997,0.0430921092629432
3.15625,2026-05-04 22:12:11.664062512+00:00,0.9391394257545472,0.3316289782524109,0.0441838651895523
3.1640625,2026-05-04 22:12:11.671875012+00:00,0.9385301470756532,0.3313186466693878,0.0453371256589889
3.171875,2026-05-04 22:12:11.679687512+00:00,0.9388894438743592,0.3311944901943207,0.0463827475905418
3.1796875,2026-05-04 22:12:11.687500012+00:00,0.9388269782066344,0.3311324119567871,0.0471362136304378
3.1875,2026-05-04 22:12:11.695312512+00:00,0.9390144348144532,0.3309151828289032,0.0472746044397354
3.1953125,2026-05-04 22:12:11.703125012+00:00,0.938389539718628,0.3307444751262665,0.0483048520982265
3.203125,2026-05-04 22:12:11.710937512+00:00,0.9392800331115724,0.3308375775814056,0.0495657511055469
3.2109375,2026-05-04 22:12:11.718750012+00:00,0.9387488961219788,0.3310858607292175,0.0515032298862934
3.21875,2026-05-04 22:12:11.726562512+00:00,0.9390144348144532,0.3311169147491455,0.0528717637062072
3.2265625,2026-05-04 22:12:11.734375012+00:00,0.9386707544326782,0.3311013877391815,0.0543940737843513
3.234375,2026-05-04 22:12:11.742187512+00:00,0.9388582110404968,0.3308375775814056,0.0555319562554359
3.2421875,2026-05-04 22:12:11.750000012+00:00,0.9387019872665404,0.3305272161960602,0.0561008974909782
3.25,2026-05-04 22:12:11.757812512+00:00,0.9388269782066344,0.3307600021362305,0.0570696368813514
3.2578125,2026-05-04 22:12:11.765625012+00:00,0.9382176995277404,0.3308996558189392,0.0580845102667808
3.265625,2026-05-04 22:12:11.773437512+00:00,0.9382020831108092,0.3311013877391815,0.0591301321983337
3.2734375,2026-05-04 22:12:11.781250012+00:00,0.9384364485740662,0.3309617340564728,0.0604679137468338
3.28125,2026-05-04 22:12:11.789062512+00:00,0.93876451253891,0.3311634659767151,0.0612213760614395
3.2890625,2026-05-04 22:12:11.796875012+00:00,0.920018196105957,0.3249718844890594,0.0595760568976402
3.296875,2026-05-04 22:12:11.804687512+00:00,0.9838181138038636,0.3271909356117249,0.0652193501591682
3.3046875,2026-05-04 22:12:11.812500012+00:00,0.881557047367096,0.327858179807663,0.0021436437964439
3.3125,2026-05-04 22:12:11.820312512+00:00,0.9733982682228088,0.3713698089122772,0.0499347932636737
3.3203125,2026-05-04 22:12:11.828125012+00:00,0.8793855905532837,0.3572176694869995,0.0661880895495414
3.328125,2026-05-04 22:12:11.835937512+00:00,0.9539177417755128,0.3788648545742035,0.1627237498760223
3.3359375,2026-05-04 22:12:11.843750012+00:00,0.9281259775161744,0.3527020215988159,0.1753481179475784
3.34375,2026-05-04 22:12:11.851562512+00:00,0.9393893480300904,0.3609729409217834,0.1255887299776077
3.3515625,2026-05-04 22:12:11.859375012+00:00,0.9179092645645142,0.3358342945575714,0.0277306698262691
3.359375,2026-05-04 22:12:11.867187512+00:00,0.9316253066062928,0.3228925168514252,-0.0202911328524351
3.3671875,2026-05-04 22:12:11.875000012+00:00,0.9434822797775269,0.3023470938205719,0.0025741942226886
3.375,2026-05-04 22:12:11.882812512+00:00,0.9403891563415528,0.3066455125808716,0.0563930571079254
3.3828125,2026-05-04 22:12:11.890625012+00:00,0.946731686592102,0.3431896567344666,0.0935588255524635
3.390625,2026-05-04 22:12:11.898437512+00:00,0.8864623308181763,0.3172596096992493,0.097664438188076
3.3984375,2026-05-04 22:12:11.906250012+00:00,1.012796759605408,0.301167756319046,0.166029766201973
3.40625,2026-05-04 22:12:11.914062512+00:00,0.970086395740509,0.2278621941804886,0.1324929296970367
3.4140625,2026-05-04 22:12:11.921875012+00:00,1.0251225233078,0.2538232803344727,0.1125184446573257
3.421875,2026-05-04 22:12:11.929687512+00:00,0.936264991760254,0.252131849527359,0.0500424318015575
3.4296875,2026-05-04 22:12:11.937500012+00:00,0.9646499752998352,0.292245090007782,0.0477205328643322
3.4375,2026-05-04 22:12:11.945312512+00:00,0.9326719641685486,0.261070042848587,0.0337122529745101
3.4453125,2026-05-04 22:12:11.953125012+00:00,0.9906917214393616,0.2752376794815063,0.0503807216882705
3.453125,2026-05-04 22:12:11.960937512+00:00,0.9510433077812196,0.2765567004680634,0.0286994092166423
3.4609375,2026-05-04 22:12:11.968750012+00:00,0.9573545455932616,0.3239942789077759,0.0726617276668548
3.46875,2026-05-04 22:12:11.976562512+00:00,0.934609055519104,0.3452845513820648,0.1306169480085373
3.4765625,2026-05-04 22:12:11.984375012+00:00,0.9291257858276368,0.3832253217697144,0.1476390957832336
3.484375,2026-05-04 22:12:11.992187512+00:00,0.8952418565750122,0.380773514509201,0.0725387185811996
3.4921875,2026-05-04 22:12:12.000000012+00:00,0.9217053651809692,0.3799976408481598,-0.0090353023260831
3.5,2026-05-04 22:12:12.007812512+00:00,0.9194714426994324,0.3500484824180603,-0.0687127336859703
3.5078125,2026-05-04 22:12:12.015625012+00:00,0.940404772758484,0.3633781969547272,-0.0356218218803405
3.515625,2026-05-04 22:12:12.023437512+00:00,0.9091922044754028,0.3960118889808655,0.0350192785263061
3.5234375,2026-05-04 22:12:12.031250012+00:00,0.8948356509208679,0.4506341814994812,0.1031847149133682
3.53125,2026-05-04 22:12:12.039062512+00:00,0.8729493618011475,0.4505565762519836,0.1111499071121216
3.5390625,2026-05-04 22:12:12.046875012+00:00,0.9158627390861512,0.4226402640342712,0.0778437182307243
3.546875,2026-05-04 22:12:12.054687512+00:00,0.9228770136833192,0.3729215562343597,-0.0137713607400655
3.5546875,2026-05-04 22:12:12.062500012+00:00,0.9333437085151672,0.357528030872345,-0.0750633552670478
3.5625,2026-05-04 22:12:12.070312512+00:00,0.9195807576179504,0.3546106815338135,-0.0722340196371078
3.5703125,2026-05-04 22:12:12.078125012+00:00,0.922252118587494,0.3666679263114929,-0.0126181002706289
3.578125,2026-05-04 22:12:12.085937512+00:00,0.9152847528457642,0.3614539802074432,0.0397399626672267
3.5859375,2026-05-04 22:12:12.093750012+00:00,0.9411546587944032,0.3509485125541687,0.0616057962179184
3.59375,2026-05-04 22:12:12.101562512+00:00,0.9486375451087952,0.3172130584716797,0.0337737575173378
3.6015625,2026-05-04 22:12:12.109375012+00:00,0.9690085053443908,0.290926069021225,0.0110006909817457
3.609375,2026-05-04 22:12:12.117187512+00:00,0.9668214321136476,0.2744618058204651,-0.0051757227629423
3.6171875,2026-05-04 22:12:12.125000012+00:00,0.9574795365333556,0.2773325741291046,-0.0188457127660512
3.625,2026-05-04 22:12:12.132812512+00:00,0.9463254809379578,0.2728945314884186,-0.0309318918734788
3.6328125,2026-05-04 22:12:12.140625012+00:00,0.9665089845657348,0.2631804347038269,-0.0237047877162694
3.640625,2026-05-04 22:12:12.148437512+00:00,0.9754135012626648,0.2468868941068649,-0.0081434454768896
3.6484375,2026-05-04 22:12:12.156250012+00:00,0.9864269495010376,0.253047376871109,0.0299756843596696
3.65625,2026-05-04 22:12:12.164062512+00:00,0.9693521857261658,0.2747566401958466,0.0652808547019958
3.6640625,2026-05-04 22:12:12.171875012+00:00,0.9531679153442384,0.2989952862262726,0.0789508521556854
3.671875,2026-05-04 22:12:12.179687512+00:00,0.942810595035553,0.3029678165912628,0.0553013011813163
3.6796875,2026-05-04 22:12:12.187500012+00:00,0.9525117874145508,0.2965279519557953,0.0077100526541471
3.6875,2026-05-04 22:12:12.195312512+00:00,0.9498404264450072,0.2897622585296631,-0.0374670401215553
3.6953125,2026-05-04 22:12:12.203125012+00:00,0.9545270204544068,0.3018970787525177,-0.0237047877162694
3.703125,2026-05-04 22:12:12.210937512+00:00,0.9415920376777648,0.3329945504665375,0.0406164415180683
3.7109375,2026-05-04 22:12:12.218750012+00:00,0.9212679266929626,0.3758233785629272,0.1110730245709419
3.71875,2026-05-04 22:12:12.226562512+00:00,0.905193030834198,0.4024983048439026,0.1420880556106567
3.7265625,2026-05-04 22:12:12.234375012+00:00,0.910520076751709,0.4013499915599823,0.1196225360035896
3.734375,2026-05-04 22:12:12.242187512+00:00,0.91895592212677,0.380804568529129,0.0602218881249427
3.7421875,2026-05-04 22:12:12.250000012+00:00,0.9253140091896056,0.368669718503952,0.0156137365847826
3.75,2026-05-04 22:12:12.257812512+00:00,0.9176124334335328,0.3766147792339325,0.0158905200660228
3.7578125,2026-05-04 22:12:12.265625012+00:00,0.9023810625076294,0.3970670998096466,0.0583920404314994
3.765625,2026-05-04 22:12:12.273437512+00:00,0.8988348841667175,0.4114519953727722,0.1155630573630333
3.7734375,2026-05-04 22:12:12.281250012+00:00,0.9080674052238464,0.4077122509479523,0.1466088443994522
3.78125,2026-05-04 22:12:12.289062512+00:00,0.9192214608192444,0.3881754577159882,0.1367984414100647
3.7890625,2026-05-04 22:12:12.296875012+00:00,0.9315783977508544,0.3646196126937866,0.110012024641037
3.796875,2026-05-04 22:12:12.304687512+00:00,0.935312032699585,0.3471777141094208,0.0870698094367981
3.8046875,2026-05-04 22:12:12.312500012+00:00,0.9289851784706116,0.3385964334011078,0.0740917772054672
3.8125,2026-05-04 22:12:12.320312512+00:00,0.9293288588523864,0.3308996558189392,0.0735382065176963
3.8203125,2026-05-04 22:12:12.328125012+00:00,0.9372960329055786,0.3159095644950867,0.0773209035396575
3.828125,2026-05-04 22:12:12.335937512+00:00,0.953464686870575,0.2967296838760376,0.0881154313683509
3.8359375,2026-05-04 22:12:12.343750012+00:00,0.9661184549331664,0.2831517159938812,0.1093046888709068
3.84375,2026-05-04 22:12:12.351562512+00:00,0.9671963453292848,0.2819568514823914,0.1291715353727341
3.8515625,2026-05-04 22:12:12.359375012+00:00,0.958354353904724,0.2852310836315155,0.1331848800182343
3.859375,2026-05-04 22:12:12.367187512+00:00,0.954683244228363,0.2832292914390564,0.1121801510453224
3.8671875,2026-05-04 22:12:12.375000012+00:00,0.96036958694458,0.2709858417510986,0.0673106014728546
3.875,2026-05-04 22:12:12.382812512+00:00,0.9563547372817992,0.2631959617137909,0.0233175233006477
3.8828125,2026-05-04 22:12:12.390625012+00:00,0.9699614644050598,0.267075389623642,0.029145335778594
3.890625,2026-05-04 22:12:12.398437512+00:00,0.9574795365333556,0.284951776266098,0.0716007277369499
3.8984375,2026-05-04 22:12:12.406250012+00:00,0.9529023170471193,0.3125422298908234,0.1290946453809738
3.90625,2026-05-04 22:12:12.414062512+00:00,0.934734046459198,0.3373550176620483,0.1441793143749237
3.9140625,2026-05-04 22:12:12.421875012+00:00,0.9323751330375672,0.3409396111965179,0.1112729236483574
3.921875,2026-05-04 22:12:12.429687512+00:00,0.9375772476196288,0.328215092420578,0.0507036373019218
3.9296875,2026-05-04 22:12:12.437500012+00:00,0.9492311477661132,0.3174768388271332,0.0033430363982915
3.9375,2026-05-04 22:12:12.445312512+00:00,0.9393737316131592,0.3322186470031738,-0.0128641296178102
3.9453125,2026-05-04 22:12:12.453125012+00:00,0.919877588748932,0.3716801404953003,0.0101395901292562
3.953125,2026-05-04 22:12:12.460937512+00:00,0.8983974456787109,0.4083019196987152,0.0502884611487388
3.9609375,2026-05-04 22:12:12.468750012+00:00,0.9007407426834106,0.4142451882362366,0.0739995166659355
3.96875,2026-05-04 22:12:12.476562512+00:00,0.9157846570014954,0.4039724767208099,0.0594222918152809
3.9765625,2026-05-04 22:12:12.484375012+00:00,0.9231582283973694,0.3942739069461823,0.0104009956121444
3.984375,2026-05-04 22:12:12.492187512+00:00,0.9167376160621644,0.3896341323852539,-0.0361753851175308
3.9921875,2026-05-04 22:12:12.500000012+00:00,0.9135195016860962,0.3819063007831573,-0.0438330397009849
4.0,2026-05-04 22:12:12.507812512+00:00,0.9145193099975586,0.3739302158355713,-0.0316238477826118
4.0078125,2026-05-04 22:12:12.515625012+00:00,0.9189715385437012,0.3578849136829376,-0.0248272959142923
4.015625,2026-05-04 22:12:12.523437512+00:00,0.9390300512313844,0.3277185261249542,-0.0202603805810213
4.0234375,2026-05-04 22:12:12.531250012+00:00,0.9621973633766174,0.2893277406692505,-0.0049143154174089
4.03125,2026-05-04 22:12:12.539062512+00:00,0.9796626567840576,0.266454666852951,0.0235789287835359
4.0390625,2026-05-04 22:12:12.546875012+00:00,0.9724609851837158,0.2625131905078888,0.0453063696622848
4.046875,2026-05-04 22:12:12.554687512+00:00,0.9663840532302856,0.2622183561325073,0.0525796040892601
4.0546875,2026-05-04 22:12:12.562500012+00:00,0.969633400440216,0.2470420449972153,0.0374641939997673
4.0625,2026-05-04 22:12:12.570312512+00:00,0.9834119081497192,0.2252552211284637,0.0067413132637739
4.0703125,2026-05-04 22:12:12.578125012+00:00,0.9895825982093812,0.214749738574028,-0.0233203675597906
4.078125,2026-05-04 22:12:12.585937512+00:00,0.9834587574005128,0.2294449955224991,-0.0209830906242132
4.0859375,2026-05-04 22:12:12.593750012+00:00,0.9688678979873656,0.2593941390514374,0.0206419564783573
4.09375,2026-05-04 22:12:12.601562512+00:00,0.9532303810119628,0.2963882982730865,0.0724618285894393
4.1015625,2026-05-04 22:12:12.609375012+00:00,0.9392018914222716,0.320564866065979,0.0894378423690795
4.109375,2026-05-04 22:12:12.617187512+00:00,0.9389363527297974,0.3353842794895172,0.0702168196439743
4.1171875,2026-05-04 22:12:12.625000012+00:00,0.9377647042274476,0.3354618549346924,0.0334662236273288
4.125,2026-05-04 22:12:12.632812512+00:00,0.9371241927146912,0.3464018404483795,0.017935637384653
4.1328125,2026-05-04 22:12:12.640625012+00:00,0.9235956072807312,0.3726732730865479,0.0318362787365913
4.140625,2026-05-04 22:12:12.648437512+00:00,0.9016780853271484,0.4070449769496918,0.05548582598567
4.1484375,2026-05-04 22:12:12.656250012+00:00,0.8907739520072937,0.4274196922779083,0.0752450376749038
4.15625,2026-05-04 22:12:12.664062512+00:00,0.8984443545341492,0.4280404150485992,0.0768288448452949
4.1640625,2026-05-04 22:12:12.671875012+00:00,0.9055679440498352,0.4144313931465149,0.0585765689611434
4.171875,2026-05-04 22:12:12.679687512+00:00,0.911457359790802,0.4105364680290222,0.0455677770078182
4.1796875,2026-05-04 22:12:12.687500012+00:00,0.903630793094635,0.4120571911334991,0.0495196208357811
4.1875,2026-05-04 22:12:12.695312512+00:00,0.898428738117218,0.4155797064304352,0.0751373991370201
4.1953125,2026-05-04 22:12:12.703125012+00:00,0.9022873044013976,0.4089226126670837,0.0971262529492378
4.203125,2026-05-04 22:12:12.710937512+00:00,0.9103482365608216,0.3908289968967438,0.0966649428009986
4.2109375,2026-05-04 22:12:12.718750012+00:00,0.9270949363708496,0.3639057874679565,0.0858550369739532
4.21875,2026-05-04 22:12:12.726562512+00:00,0.9409828186035156,0.3371222615242004,0.0785356760025024
4.2265625,2026-05-04 22:12:12.734375012+00:00,0.9426699876785278,0.3195872604846954,0.0811036005616188
4.234375,2026-05-04 22:12:12.742187512+00:00,0.9579638242721558,0.2795981764793396,0.1014471352100372
4.2421875,2026-05-04 22:12:12.750000012+00:00,0.9766788482666016,0.2446833699941635,0.0921902880072593
4.25,2026-05-04 22:12:12.757812512+00:00,0.9893326163291932,0.2136479765176773,0.042799949645996
4.2578125,2026-05-04 22:12:12.765625012+00:00,0.985505223274231,0.2048029005527496,-0.0108651425689458
4.265625,2026-05-04 22:12:12.773437512+00:00,0.990847945213318,0.1979751139879227,-0.0033766329288482
4.2734375,2026-05-04 22:12:12.781250012+00:00,1.002783179283142,0.2122513949871063,0.0610829889774322
4.28125,2026-05-04 22:12:12.789062512+00:00,0.9694927930831908,0.2489817589521408,0.0950042456388473
4.2890625,2026-05-04 22:12:12.796875012+00:00,0.9566203355789183,0.2875432074069977,0.0992636308073997
4.296875,2026-05-04 22:12:12.804687512+00:00,0.944669544696808,0.2955348193645477,0.0660958290100097
4.3046875,2026-05-04 22:12:12.812500012+00:00,0.9636502265930176,0.2933934032917023,0.0331125557422637
4.3125,2026-05-04 22:12:12.820312512+00:00,0.9471534490585328,0.3050316572189331,0.0043425299227237
4.3203125,2026-05-04 22:12:12.828125012+00:00,0.935218334197998,0.3459207713603973,0.0124461119994521
4.328125,2026-05-04 22:12:12.835937512+00:00,0.902693510055542,0.3873064815998077,0.0419234707951545
4.3359375,2026-05-04 22:12:12.843750012+00:00,0.9001783728599548,0.4235402941703796,0.0889457836747169
4.34375,2026-05-04 22:12:12.851562512+00:00,0.8905396461486816,0.4395545423030853,0.1088280081748962
4.3515625,2026-05-04 22:12:12.859375012+00:00,0.8978975415229797,0.449237585067749,0.1034307479858398
4.359375,2026-05-04 22:12:12.867187512+00:00,0.8885712623596191,0.4488030970096588,0.0778590962290763
4.3671875,2026-05-04 22:12:12.875000012+00:00,0.8957886099815369,0.4511462450027466,0.069893904030323
4.375,2026-05-04 22:12:12.882812512+00:00,0.8827911615371704,0.4468944072723389,0.0650963336229324
4.3828125,2026-05-04 22:12:12.890625012+00:00,0.8894461393356323,0.4385148584842682,0.0652501061558723
4.390625,2026-05-04 22:12:12.898437512+00:00,0.8940858244895935,0.413267582654953,0.0486123859882354
4.3984375,2026-05-04 22:12:12.906250012+00:00,0.9200962781906128,0.3795786499977112,0.0380946435034275
4.40625,2026-05-04 22:12:12.914062512+00:00,0.9364524483680724,0.3453621566295624,0.0420926176011562
4.4140625,2026-05-04 22:12:12.921875012+00:00,0.9490436911582948,0.3286651074886322,0.0633433759212493
4.421875,2026-05-04 22:12:12.929687512+00:00,0.942810595035553,0.3164837062358856,0.0798273310065269
4.4296875,2026-05-04 22:12:12.937500012+00:00,0.9503715634346008,0.2996935844421387,0.0819954574108123
4.4375,2026-05-04 22:12:12.945312512+00:00,0.9617130756378174,0.2659426033496857,0.0539020150899887
4.4453125,2026-05-04 22:12:12.953125012+00:00,0.9818184971809388,0.2315864413976669,0.0164133310317993
4.453125,2026-05-04 22:12:12.960937512+00:00,0.9930350184440612,0.2092564702033997,-0.005191097036004
4.4609375,2026-05-04 22:12:12.968750012+00:00,0.9944565892219543,0.2087754309177399,0.0053573995828628
4.46875,2026-05-04 22:12:12.976562512+00:00,0.9831306934356688,0.220289558172226,0.0345118455588817
4.4765625,2026-05-04 22:12:12.984375012+00:00,0.97803795337677,0.2337899506092072,0.0565160736441612
4.484375,2026-05-04 22:12:12.992187512+00:00,0.97900652885437,0.2323623150587082,0.0440454706549644
4.4921875,2026-05-04 22:12:13.000000012+00:00,0.997955858707428,0.2244793325662613,0.010508632287383
4.5,2026-05-04 22:12:13.007812512+00:00,0.9920195937156676,0.2339296042919159,-0.0323004275560379
4.5078125,2026-05-04 22:12:13.015625012+00:00,0.9615880846977234,0.2725686430931091,-0.0664062052965164
4.515625,2026-05-04 22:12:13.023437512+00:00,0.9327656626701356,0.3169026970863342,-0.0809680521488189
4.5234375,2026-05-04 22:12:13.031250012+00:00,0.9280166029930116,0.345377653837204,-0.0737409517168998
4.53125,2026-05-04 22:12:13.039062512+00:00,0.9320939183235168,0.3661868870258331,-0.0648531466722488
4.5390625,2026-05-04 22:12:13.046875012+00:00,0.922986388206482,0.3919462561607361,-0.068405196070671
4.546875,2026-05-04 22:12:13.054687512+00:00,0.9088641405105592,0.4185591042041779,-0.0769547075033187
4.5546875,2026-05-04 22:12:13.062500012+00:00,0.9001002311706543,0.437118262052536,-0.0874263197183609
4.5625,2026-05-04 22:12:13.070312512+00:00,0.8951637148857117,0.4483841061592102,-0.1106453090906143
4.5703125,2026-05-04 22:12:13.078125012+00:00,0.8878995180130005,0.4550877511501312,-0.1555610001087189
4.578125,2026-05-04 22:12:13.085937512+00:00,0.8852906823158264,0.4517359435558319,-0.2014454156160355
4.5859375,2026-05-04 22:12:13.093750012+00:00,0.8961791396141052,0.4344181716442108,-0.2187443375587463
4.59375,2026-05-04 22:12:13.101562512+00:00,0.9115198850631714,0.4157659113407135,-0.2069195657968521
4.6015625,2026-05-04 22:12:13.109375012+00:00,0.9144880175590516,0.4022965729236603,-0.1931573152542114
4.609375,2026-05-04 22:12:13.117187512+00:00,0.9148473739624025,0.3883306384086609,-0.1979395002126694
4.6171875,2026-05-04 22:12:13.125000012+00:00,0.9226114153862,0.3611436486244202,-0.2147925049066544
4.625,2026-05-04 22:12:13.132812512+00:00,0.9447320699691772,0.323761522769928,-0.22812420129776
4.6328125,2026-05-04 22:12:13.140625012+00:00,0.9541833400726318,0.2893277406692505,-0.2330140173435211
4.640625,2026-05-04 22:12:13.148437512+00:00,0.9649624228477478,0.2725841701030731,-0.2100564390420914
4.6484375,2026-05-04 22:12:13.156250012+00:00,0.9627285003662108,0.2686581909656525,-0.1662478893995285
4.65625,2026-05-04 22:12:13.164062512+00:00,0.9641188383102416,0.2737014293670654,-0.1119215935468674
4.6640625,2026-05-04 22:12:13.171875012+00:00,0.9595572352409364,0.2816930413246155,-0.0756476745009422
4.671875,2026-05-04 22:12:13.179687512+00:00,0.9531835317611694,0.29128298163414,-0.0692662969231605
4.6796875,2026-05-04 22:12:13.187500012+00:00,0.9481064081192015,0.2933934032917023,-0.0786461532115936
4.6875,2026-05-04 22:12:13.195312512+00:00,0.9494186639785768,0.2951313853263855,-0.0777542963624
4.6953125,2026-05-04 22:12:13.203125012+00:00,0.9436072707176208,0.3047678470611572,-0.0648377761244773
4.703125,2026-05-04 22:12:13.210937512+00:00,0.93200021982193,0.3265857398509979,-0.0393583849072456
4.7109375,2026-05-04 22:12:13.218750012+00:00,0.9190965294837952,0.3496295213699341,-0.0056370254606008
4.71875,2026-05-04 22:12:13.226562512+00:00,0.912629008293152,0.3620126247406006,0.0260238423943519
4.7265625,2026-05-04 22:12:13.234375012+00:00,0.913503885269165,0.3603367209434509,0.0491813272237777
4.734375,2026-05-04 22:12:13.242187512+00:00,0.9221896529197692,0.3468053042888641,0.066418744623661
4.7421875,2026-05-04 22:12:13.250000012+00:00,0.9314221739768982,0.3283702731132507,0.0770594999194145
4.75,2026-05-04 22:12:13.257812512+00:00,0.93565571308136,0.3107887208461761,0.0845941379666328
4.7578125,2026-05-04 22:12:13.265625012+00:00,0.94435715675354,0.2929278612136841,0.0968955978751182
4.765625,2026-05-04 22:12:13.273437512+00:00,0.9481220245361328,0.283632755279541,0.1088126301765442
4.7734375,2026-05-04 22:12:13.281250012+00:00,0.9459661841392516,0.2807775139808655,0.1183923855423927
4.78125,2026-05-04 22:12:13.289062512+00:00,0.9446226954460144,0.283306896686554,0.12568099796772
4.7890625,2026-05-04 22:12:13.296875012+00:00,0.9416857957839966,0.2829810082912445,0.1303863078355789
4.796875,2026-05-04 22:12:13.304687512+00:00,0.943622887134552,0.2813051044940948,0.140857920050621
4.8046875,2026-05-04 22:12:13.312500012+00:00,0.9415451884269714,0.2777205109596252,0.1496688276529312
4.8125,2026-05-04 22:12:13.320312512+00:00,0.939608097076416,0.2765256464481354,0.1611245721578598
4.8203125,2026-05-04 22:12:13.328125012+00:00,0.9380146265029908,0.2755170166492462,0.187265157699585
4.828125,2026-05-04 22:12:13.335937512+00:00,0.9403579235076904,0.2812585532665253,0.233703151345253
4.8359375,2026-05-04 22:12:13.343750012+00:00,0.9389363527297974,0.2905071079730988,0.2935958504676819
4.84375,2026-05-04 22:12:13.351562512+00:00,0.9350621104240416,0.30118328332901,0.3584091365337372
4.8515625,2026-05-04 22:12:13.359375012+00:00,0.9282978177070618,0.3056989312171936,0.4075841903686523
4.859375,2026-05-04 22:12:13.367187512+00:00,0.9270480871200562,0.2988401055335999,0.4299574792385101
4.8671875,2026-05-04 22:12:13.375000012+00:00,0.9293913245201112,0.2815068364143372,0.4322486221790314
4.875,2026-05-04 22:12:13.382812512+00:00,0.9396237134933472,0.2625442147254944,0.4478253424167633
4.8828125,2026-05-04 22:12:13.390625012+00:00,0.9460911750793456,0.2518680393695831,0.4968005120754242
4.890625,2026-05-04 22:12:13.398437512+00:00,0.9439665675163268,0.259782075881958,0.5768522024154663
4.8984375,2026-05-04 22:12:13.406250012+00:00,0.934124767780304,0.2843621075153351,0.663085401058197
4.90625,2026-05-04 22:12:13.414062512+00:00,0.919315218925476,0.3127439618110657,0.7350488901138306
4.9140625,2026-05-04 22:12:13.421875012+00:00,0.9140037894248962,0.3311944901943207,0.7849620580673218
4.921875,2026-05-04 22:12:13.429687512+00:00,0.9113636612892152,0.3417930901050568,0.811179518699646
4.9296875,2026-05-04 22:12:13.437500012+00:00,0.9041932225227356,0.3473328948020935,0.8198674321174622
4.9375,2026-05-04 22:12:13.445312512+00:00,0.8980693817138672,0.3494432866573334,0.8260796666145325
4.9453125,2026-05-04 22:12:13.453125012+00:00,0.8979912996292114,0.3445707559585571,0.8368895649909973
4.953125,2026-05-04 22:12:13.460937512+00:00,0.8986786603927612,0.3362998068332672,0.8467615246772766
4.9609375,2026-05-04 22:12:13.468750012+00:00,0.9020529985427856,0.3252356946468353,0.8522202372550964
4.96875,2026-05-04 22:12:13.476562512+00:00,0.908723533153534,0.3116887509822845,0.8570024371147156
4.9765625,2026-05-04 22:12:13.484375012+00:00,0.9206587076187134,0.2987780272960663,0.8647523522377014
4.984375,2026-05-04 22:12:13.492187512+00:00,0.9238768219947816,0.2940761744976044,0.8661670684814453
4.9921875,2026-05-04 22:12:13.500000012+00:00,0.917409360408783,0.2968693673610687,0.8466077446937561
5.0,2026-05-04 22:12:13.507812512+00:00,0.9120197892189026,0.2980642020702362,0.7990626096725464
5.0078125,2026-05-04 22:12:13.515625012+00:00,0.9141131043434144,0.2923692166805267,0.7223169207572937
5.015625,2026-05-04 22:12:13.523437512+00:00,0.9160346388816832,0.2868759632110596,0.6223676204681396
5.0234375,2026-05-04 22:12:13.531250012+00:00,0.914206862449646,0.2882260084152222,0.516067624092102
5.03125,2026-05-04 22:12:13.539062512+00:00,0.9116761088371276,0.2959693372249603,0.4224997162818909
5.0390625,2026-05-04 22:12:13.546875012+00:00,0.9067864418029784,0.3084920942783356,0.3364971876144409
5.046875,2026-05-04 22:12:13.554687512+00:00,0.9006158113479614,0.3216200768947601,0.2357790172100067
5.0546875,2026-05-04 22:12:13.562500012+00:00,0.8957886099815369,0.3299065232276917,0.11522476375103
5.0625,2026-05-04 22:12:13.570312512+00:00,0.8996628522872925,0.3319703638553619,-0.0086662601679563
5.0703125,2026-05-04 22:12:13.578125012+00:00,0.9018030762672424,0.3313031196594238,-0.1179954260587692
5.078125,2026-05-04 22:12:13.585937512+00:00,0.9065364599227904,0.335849791765213,-0.2004766762256622
5.0859375,2026-05-04 22:12:13.593750012+00:00,0.906380295753479,0.3451604247093201,-0.2663048505783081
5.09375,2026-05-04 22:12:13.601562512+00:00,0.9076456427574158,0.3523295819759369,-0.3258746266365051
5.1015625,2026-05-04 22:12:13.609375012+00:00,0.9131445288658142,0.3536330759525299,-0.3888888359069824
5.109375,2026-05-04 22:12:13.617187512+00:00,0.9181279540061952,0.3482018709182739,-0.4592070281505585
5.1171875,2026-05-04 22:12:13.625000012+00:00,0.9248453974723816,0.3394809365272522,-0.5284180641174316
5.125,2026-05-04 22:12:13.632812512+00:00,0.9319220781326294,0.3325600624084473,-0.5826059579849243
5.1328125,2026-05-04 22:12:13.640625012+00:00,0.9387488961219788,0.3293634057044983,-0.6151279807090759
5.140625,2026-05-04 22:12:13.648437512+00:00,0.9432479739189148,0.3285409808158875,-0.6332879662513733
5.1484375,2026-05-04 22:12:13.656250012+00:00,0.9471222162246704,0.3278892338275909,-0.6541081666946411
5.15625,2026-05-04 22:12:13.664062512+00:00,0.9522930383682252,0.3194786310195923,-0.6869838237762451
5.1640625,2026-05-04 22:12:13.671875012+00:00,0.9601040482521056,0.3060558140277863,-0.7293315529823303
5.171875,2026-05-04 22:12:13.679687512+00:00,0.9666964411735536,0.2937347888946533,-0.7686347365379333
5.1796875,2026-05-04 22:12:13.687500012+00:00,0.9687429666519164,0.2905536592006683,-0.7928993701934814
5.1875,2026-05-04 22:12:13.695312512+00:00,0.9680556058883668,0.296714186668396,-0.7942986488342285
5.1953125,2026-05-04 22:12:13.703125012+00:00,0.9639782309532166,0.3112232089042664,-0.7789525985717773
5.203125,2026-05-04 22:12:13.710937512+00:00,0.956667184829712,0.3288202881813049,-0.7675275802612305
5.2109375,2026-05-04 22:12:13.718750012+00:00,0.9479814171791076,0.3430810570716858,-0.7733400464057922
5.21875,2026-05-04 22:12:13.726562512+00:00,0.9405141472816468,0.3471311628818512,-0.7855646014213562
5.2265625,2026-05-04 22:12:13.734375012+00:00,0.9426387548446656,0.3430345058441162,-0.7871022820472717
5.234375,2026-05-04 22:12:13.742187512+00:00,0.9399517774581908,0.3412344455718994,-0.7751083374023438
5.2421875,2026-05-04 22:12:13.750000012+00:00,0.9361087679862976,0.3458431959152222,-0.7421712279319763
5.25,2026-05-04 22:12:13.757812512+00:00,0.9296569228172302,0.3523916602134705,-0.6866916418075562
5.2578125,2026-05-04 22:12:13.765625012+00:00,0.9278916120529176,0.3572797477245331,-0.6193104386329651
5.265625,2026-05-04 22:12:13.773437512+00:00,0.9215335249900818,0.3622919619083405,-0.5603864789009094
5.2734375,2026-05-04 22:12:13.781250012+00:00,0.914909839630127,0.3671489953994751,-0.5154246687889099
5.28125,2026-05-04 22:12:13.789062512+00:00,0.90494304895401,0.3665593266487122,-0.4715699851512909
5.2890625,2026-05-04 22:12:13.796875012+00:00,0.9001002311706543,0.3615626096725464,-0.4056803286075592
5.296875,2026-05-04 22:12:13.804687512+00:00,0.8976320028305054,0.3553710579872131,-0.3169560730457306
5.3046875,2026-05-04 22:12:13.812500012+00:00,0.8964603543281555,0.3445862531661987,-0.2084418684244156
5.3125,2026-05-04 22:12:13.820312512+00:00,0.9037870168685912,0.329146146774292,-0.0811833292245864
5.3203125,2026-05-04 22:12:13.828125012+00:00,0.9139412641525269,0.3101680278778076,0.05265649035573
5.328125,2026-05-04 22:12:13.835937512+00:00,0.9199713468551636,0.2908640205860138,0.1758863180875778
5.3359375,2026-05-04 22:12:13.843750012+00:00,0.9221115112304688,0.2716686129570007,0.2846772968769073
5.34375,2026-05-04 22:12:13.851562512+00:00,0.9262669682502748,0.2512473464012146,0.3859951496124268
5.3515625,2026-05-04 22:12:13.859375012+00:00,0.9313753247261048,0.2316019535064697,0.4897579252719879
5.359375,2026-05-04 22:12:13.867187512+00:00,0.9352027177810668,0.2187067419290543,0.6070061326026917
5.3671875,2026-05-04 22:12:13.875000012+00:00,0.9370617270469666,0.2140669524669647,0.7381088733673096
5.375,2026-05-04 22:12:13.882812512+00:00,0.9347028136253356,0.212515190243721,0.8721332550048828
5.3828125,2026-05-04 22:12:13.890625012+00:00,0.9345622062683104,0.2109789401292801,1.00057578086853
5.390625,2026-05-04 22:12:13.898437512+00:00,0.9389207363128662,0.2080150544643402,1.116563081741333
5.3984375,2026-05-04 22:12:13.906250012+00:00,0.942810595035553,0.2051287740468979,1.220664143562317
5.40625,2026-05-04 22:12:13.914062512+00:00,0.9454350471496582,0.2090547382831573,1.320490479469299
5.4140625,2026-05-04 22:12:13.921875012+00:00,0.940404772758484,0.2256431579589844,1.41244375705719
5.421875,2026-05-04 22:12:13.929687512+00:00,0.928329050540924,0.2504404187202454,1.48442268371582
5.4296875,2026-05-04 22:12:13.937500012+00:00,0.914316177368164,0.2753773629665375,1.525232791900635
5.4375,2026-05-04 22:12:13.945312512+00:00,0.9053648710250854,0.2942468523979187,1.527493119239807
5.4453125,2026-05-04 22:12:13.953125012+00:00,0.8961010575294495,0.3053885698318481,1.493464231491089
5.453125,2026-05-04 22:12:13.960937512+00:00,0.8898522853851318,0.3128836154937744,1.43533992767334
5.4609375,2026-05-04 22:12:13.968750012+00:00,0.8811977505683899,0.3199441730976105,1.364160656929016
5.46875,2026-05-04 22:12:13.976562512+00:00,0.8743866086006165,0.3260426223278046,1.284600973129272
5.4765625,2026-05-04 22:12:13.984375012+00:00,0.8719651699066162,0.3272374868392944,1.198290824890137
5.484375,2026-05-04 22:12:13.992187512+00:00,0.8738085627555847,0.3236373662948608,1.098233938217163
5.4921875,2026-05-04 22:12:14.000000012+00:00,0.8761206269264221,0.3151026368141174,0.9739431738853456
5.5,2026-05-04 22:12:14.007812512+00:00,0.8712153434753418,0.3145905733108521,0.8266178369522095
5.5078125,2026-05-04 22:12:14.015625012+00:00,0.8769954442977905,0.3162509500980377,0.6783391833305359
5.515625,2026-05-04 22:12:14.023437512+00:00,0.8633262515068054,0.3346239030361176,0.5308908820152283
5.5234375,2026-05-04 22:12:14.031250012+00:00,0.8667474985122681,0.3428172469139099,0.3926840722560883
5.53125,2026-05-04 22:12:14.039062512+00:00,0.8634824752807617,0.3480777442455292,0.2335186302661896
5.5390625,2026-05-04 22:12:14.046875012+00:00,0.873480498790741,0.3364084362983704,0.0511956922709941
5.546875,2026-05-04 22:12:14.054687512+00:00,0.8822131752967834,0.3366101682186127,-0.1571448147296906
5.5546875,2026-05-04 22:12:14.062500012+00:00,0.8741678595542908,0.3261978030204773,-0.3632403016090393
5.5625,2026-05-04 22:12:14.070312512+00:00,0.8865717053413391,0.3230632245540619,-0.5333694219589233
5.5703125,2026-05-04 22:12:14.078125012+00:00,0.9049586653709412,0.3182372152805328,-0.6761124134063721
5.578125,2026-05-04 22:12:14.085937512+00:00,0.9119729399681092,0.3085541725158691,-0.7972663640975952
5.5859375,2026-05-04 22:12:14.093750012+00:00,0.9383270740509032,0.2898243069648743,-0.9091634750366212
5.59375,2026-05-04 22:12:14.101562512+00:00,0.9592135548591614,0.2664081156253815,-1.041757822036743
5.6015625,2026-05-04 22:12:14.109375012+00:00,0.96927410364151,0.245924785733223,-1.20072340965271
5.609375,2026-05-04 22:12:14.117187512+00:00,0.9705082178115844,0.2371572852134705,-1.364794015884399
5.6171875,2026-05-04 22:12:14.125000012+00:00,0.9685086011886596,0.2371262460947037,-1.488039255142212
5.625,2026-05-04 22:12:14.132812512+00:00,0.9712424278259276,0.252705991268158,-1.540043592453003
5.6328125,2026-05-04 22:12:14.140625012+00:00,0.967696249485016,0.2919968068599701,-1.530509948730469
5.640625,2026-05-04 22:12:14.148437512+00:00,0.9459661841392516,0.3424448072910309,-1.49408233165741
5.6484375,2026-05-04 22:12:14.156250012+00:00,0.9236424565315248,0.3828994333744049,-1.462667465209961
5.65625,2026-05-04 22:12:14.164062512+00:00,0.9162377119064332,0.3883306384086609,-1.444261431694031
5.6640625,2026-05-04 22:12:14.171875012+00:00,0.9349058866500854,0.3662179112434387,-1.427700519561768
5.671875,2026-05-04 22:12:14.179687512+00:00,0.938155233860016,0.3528572022914886,-1.393763899803162
5.6796875,2026-05-04 22:12:14.187500012+00:00,0.91633141040802,0.3698180317878723,-1.306761860847473
5.6875,2026-05-04 22:12:14.195312512+00:00,0.892367422580719,0.39478600025177,-1.162035346031189
5.6953125,2026-05-04 22:12:14.203125012+00:00,0.8752458095550537,0.3957946598529816,-0.9909527897834778
5.703125,2026-05-04 22:12:14.210937512+00:00,0.900912582874298,0.3254218995571136,-0.8115667700767517
5.7109375,2026-05-04 22:12:14.218750012+00:00,0.9545114040374756,0.2533887922763824,-0.6851693391799927
5.71875,2026-05-04 22:12:14.226562512+00:00,0.9680243134498596,0.181821197271347,-0.587019145488739
5.7265625,2026-05-04 22:12:14.234375012+00:00,0.9553706049919128,0.1671880036592484,-0.4339429140090942
5.734375,2026-05-04 22:12:14.242187512+00:00,0.9419982433319092,0.1837919354438782,-0.200353667140007
5.7421875,2026-05-04 22:12:14.250000012+00:00,0.8935078382492065,0.2022735178470612,0.0855936333537101
5.75,2026-05-04 22:12:14.257812512+00:00,0.9110199809074402,0.1862282156944275,0.3554106652736664
5.7578125,2026-05-04 22:12:14.265625012+00:00,0.9775068163871764,0.1687242537736893,0.5790356993675232
5.765625,2026-05-04 22:12:14.273437512+00:00,0.99784654378891,0.1539669334888458,0.7829477190971375
5.7734375,2026-05-04 22:12:14.281250012+00:00,0.9599946737289428,0.2095668315887451,0.9713906049728394
5.78125,2026-05-04 22:12:14.289062512+00:00,0.924626648426056,0.2630873322486877,1.111842393875122
5.7890625,2026-05-04 22:12:14.296875012+00:00,0.867325484752655,0.2825154960155487,1.121053099632263
5.796875,2026-05-04 22:12:14.304687512+00:00,0.8923518061637878,0.2449316531419754,1.064850807189941
5.8046875,2026-05-04 22:12:14.312500012+00:00,0.9256889224052428,0.2001631110906601,1.017382621765137
5.8125,2026-05-04 22:12:14.320312512+00:00,0.9411546587944032,0.19676473736763,1.089868903160095
5.8203125,2026-05-04 22:12:14.328125012+00:00,0.9276885390281676,0.2725376188755035,1.316492438316345
5.828125,2026-05-04 22:12:14.335937512+00:00,0.8831348419189453,0.3882064819335938,1.580435514450073
5.8359375,2026-05-04 22:12:14.343750012+00:00,0.8363159894943237,0.4725606739521027,1.720948934555054
5.84375,2026-05-04 22:12:14.351562512+00:00,0.8270677924156189,0.4709623456001282,1.658534407615662
5.8515625,2026-05-04 22:12:14.359375012+00:00,0.8607486486434937,0.4105985164642334,1.434509515762329
5.859375,2026-05-04 22:12:14.367187512+00:00,0.8855875134468079,0.3393412828445435,1.210008025169373
5.8671875,2026-05-04 22:12:14.375000012+00:00,0.8909927010536194,0.3381929695606232,1.123559474945068
5.875,2026-05-04 22:12:14.382812512+00:00,0.8397684097290039,0.403367280960083,1.175979137420654
5.8828125,2026-05-04 22:12:14.390625012+00:00,0.8006824254989624,0.480738490819931,1.292566180229187
5.890625,2026-05-04 22:12:14.398437512+00:00,0.8081965446472168,0.5023080706596375,1.345646858215332
5.8984375,2026-05-04 22:12:14.406250012+00:00,0.8482980132102966,0.4559102058410645,1.236563801765442
5.90625,2026-05-04 22:12:14.414062512+00:00,0.8848063945770264,0.3822477161884308,0.9978541135787964
5.9140625,2026-05-04 22:12:14.421875012+00:00,0.9002877473831177,0.3236528933048248,0.742429792881012
5.921875,2026-05-04 22:12:14.429687512+00:00,0.8776047229766846,0.2973504066467285,0.5421313643455505
5.9296875,2026-05-04 22:12:14.437500012+00:00,0.8602331280708313,0.295752078294754,0.4125816822052002
5.9375,2026-05-04 22:12:14.445312512+00:00,0.8687314391136169,0.2885673940181732,0.3169993758201599
5.9453125,2026-05-04 22:12:14.453125012+00:00,0.907442569732666,0.2569268047809601,0.2237235903739929
5.953125,2026-05-04 22:12:14.460937512+00:00,0.9535584449768066,0.2148893922567368,0.1307707279920578
5.9609375,2026-05-04 22:12:14.468750012+00:00,0.9802719354629515,0.1955698728561401,0.0370643958449363
5.96875,2026-05-04 22:12:14.476562512+00:00,0.9688054323196412,0.2016528099775314,-0.0895021855831146
5.9765625,2026-05-04 22:12:14.484375012+00:00,0.9412171244621276,0.2049270421266556,-0.2734242975711823
5.984375,2026-05-04 22:12:14.492187512+00:00,0.938420832157135,0.1783452332019806,-0.5086127519607544
5.9921875,2026-05-04 22:12:14.500000012+00:00,0.9751479029655457,0.1261592209339142,-0.7514434456825256
6.0,2026-05-04 22:12:14.507812512+00:00,1.012453079223633,0.0878305211663246,-0.926954448223114
6.0078125,2026-05-04 22:12:14.515625012+00:00,1.022045016288757,0.1102225482463837,-0.977082908153534
6.015625,2026-05-04 22:12:14.523437512+00:00,0.9976434707641602,0.1886800080537796,-0.9248478412628174
6.0234375,2026-05-04 22:12:14.531250012+00:00,0.9589636325836182,0.271172046661377,-0.8732893466949463
6.03125,2026-05-04 22:12:14.539062512+00:00,0.947903335094452,0.3115180432796478,-0.9192352890968324
6.0390625,2026-05-04 22:12:14.546875012+00:00,0.9688835144042968,0.2897622585296631,-1.094085097312927
6.046875,2026-05-04 22:12:14.554687512+00:00,0.9893950819969176,0.248174861073494,-1.32596755027771
6.0546875,2026-05-04 22:12:14.562500012+00:00,0.974741756916046,0.2410211861133575,-1.485071420669556
6.0625,2026-05-04 22:12:14.570312512+00:00,0.9505746364593506,0.2910812497138977,-1.473677277565002
6.0703125,2026-05-04 22:12:14.578125012+00:00,0.9225957989692688,0.3747681677341461,-1.331180334091187
6.078125,2026-05-04 22:12:14.585937512+00:00,0.8941014409065247,0.4476237297058105,-1.172998905181885
6.0859375,2026-05-04 22:12:14.593750012+00:00,0.8902584314346313,0.4821350872516632,-1.091747879981995
6.09375,2026-05-04 22:12:14.601562512+00:00,0.8977726101875305,0.4657639265060425,-1.099405527114868
6.1015625,2026-05-04 22:12:14.609375012+00:00,0.910785675048828,0.436171680688858,-1.131373882293701
6.109375,2026-05-04 22:12:14.617187512+00:00,0.8991785645484924,0.4251075685024261,-1.131158590316772
6.1171875,2026-05-04 22:12:14.625000012+00:00,0.8712934255599976,0.4365285933017731,-1.070512413978577
6.125,2026-05-04 22:12:14.632812512+00:00,0.8529689311981201,0.4427666962146759,-0.9523876905441284
6.1328125,2026-05-04 22:12:14.640625012+00:00,0.8608267903327942,0.4243316948413849,-0.7956979274749756
6.140625,2026-05-04 22:12:14.648437512+00:00,0.8892430067062378,0.3924583494663239,-0.619587242603302
6.1484375,2026-05-04 22:12:14.656250012+00:00,0.9070519804954528,0.3694300949573517,-0.4369875192642212
6.15625,2026-05-04 22:12:14.664062512+00:00,0.9077550172805786,0.3590642809867859,-0.2665970027446747
6.1640625,2026-05-04 22:12:14.671875012+00:00,0.8970071077346802,0.3405050933361053,-0.1359401792287827
6.171875,2026-05-04 22:12:14.679687512+00:00,0.8971945643424988,0.2965590059757233,-0.0602247267961502
6.1796875,2026-05-04 22:12:14.687500012+00:00,0.9163939356803894,0.2299260348081589,-0.017123507335782
6.1875,2026-05-04 22:12:14.695312512+00:00,0.9413264989852904,0.1611361056566238,0.0539788976311683
6.1953125,2026-05-04 22:12:14.703125012+00:00,0.9641813635826112,0.1224504932761192,0.2157737761735916
6.203125,2026-05-04 22:12:14.710937512+00:00,0.9743043184280396,0.1282386034727097,0.4635250568389893
6.2109375,2026-05-04 22:12:14.718750012+00:00,0.96616530418396,0.1613688766956329,0.7227782011032104
6.21875,2026-05-04 22:12:14.726562512+00:00,0.9508246183395386,0.1824884563684464,0.903963267803192
6.2265625,2026-05-04 22:12:14.734375012+00:00,0.9557299017906188,0.16805699467659,0.9670851230621338
6.234375,2026-05-04 22:12:14.742187512+00:00,0.9737575650215148,0.1249022856354713,0.9512162208557128
6.2421875,2026-05-04 22:12:14.750000012+00:00,0.990519881248474,0.0931686013936996,0.9394375681877136
6.25,2026-05-04 22:12:14.757812512+00:00,0.9804593920707704,0.1056913807988167,0.9925798773765564
6.2578125,2026-05-04 22:12:14.765625012+00:00,0.9465598464012146,0.1645344793796539,1.126388907432556
6.265625,2026-05-04 22:12:14.773437512+00:00,0.91584712266922,0.2398573607206345,1.296164274215698
6.2734375,2026-05-04 22:12:14.781250012+00:00,0.9088172912597656,0.3004849851131439,1.429435253143311
6.28125,2026-05-04 22:12:14.789062512+00:00,0.9104888439178468,0.3319858908653259,1.469768643379211
6.2890625,2026-05-04 22:12:14.796875012+00:00,0.9065677523612976,0.3459207713603973,1.424745321273804
6.296875,2026-05-04 22:12:14.804687512+00:00,0.8897742033004761,0.3657213449478149,1.343032836914062
6.3046875,2026-05-04 22:12:14.812500012+00:00,0.860561192035675,0.396663635969162,1.27283763885498
6.3125,2026-05-04 22:12:14.820312512+00:00,0.8316763043403625,0.4358923733234406,1.229797959327698
6.3203125,2026-05-04 22:12:14.828125012+00:00,0.8146015405654907,0.47311931848526,1.202381134033203
6.328125,2026-05-04 22:12:14.835937512+00:00,0.8164293169975281,0.496085524559021,1.180745959281921
6.3359375,2026-05-04 22:12:14.843750012+00:00,0.8274739980697632,0.5062030553817749,1.154005646705627
6.34375,2026-05-04 22:12:14.851562512+00:00,0.8319106101989746,0.510051429271698,1.102939248085022
6.3515625,2026-05-04 22:12:14.859375012+00:00,0.822100043296814,0.5104238390922546,1.001744389533997
6.359375,2026-05-04 22:12:14.867187512+00:00,0.8112740516662598,0.4951544404029846,0.8439475297927856
6.3671875,2026-05-04 22:12:14.875000012+00:00,0.8165386319160461,0.4526980221271515,0.6490771174430847
6.375,2026-05-04 22:12:14.882812512+00:00,0.8450642824172974,0.3915427923202515,0.4556521475315094
6.3828125,2026-05-04 22:12:14.890625012+00:00,0.8787450790405273,0.3369670808315277,0.3020530939102173
6.390625,2026-05-04 22:12:14.898437512+00:00,0.9009281992912292,0.3057144284248352,0.2119295746088028
6.3984375,2026-05-04 22:12:14.906250012+00:00,0.913956880569458,0.2931451201438904,0.1654915809631348
6.40625,2026-05-04 22:12:14.914062512+00:00,0.9234081506729126,0.2794119417667389,0.1031847149133682
6.4140625,2026-05-04 22:12:14.921875012+00:00,0.9383583068847656,0.2458471804857254,-0.0294249635189771
6.421875,2026-05-04 22:12:14.929687512+00:00,0.9626816511154176,0.1870041042566299,-0.2402565181255341
6.4296875,2026-05-04 22:12:14.937500012+00:00,0.9893013834953308,0.1204021498560905,-0.4753527045249939
6.4375,2026-05-04 22:12:14.945312512+00:00,1.012718677520752,0.0754939541220665,-0.6622579097747803
6.4453125,2026-05-04 22:12:14.953125012+00:00,1.022107481956482,0.0716300457715988,-0.7632989883422852
6.453125,2026-05-04 22:12:14.960937512+00:00,1.016358613967896,0.1006170958280563,-0.79606693983078
6.4609375,2026-05-04 22:12:14.968750012+00:00,1.006594896316528,0.1370992064476013,-0.8126893043518066
6.46875,2026-05-04 22:12:14.976562512+00:00,1.005641937255859,0.1604843586683273,-0.8607264757156372
6.4765625,2026-05-04 22:12:14.984375012+00:00,1.015686869621277,0.1643948256969452,-0.9518341422080994
6.484375,2026-05-04 22:12:14.992187512+00:00,1.022826075553894,0.1640068739652634,-1.06746780872345
6.4921875,2026-05-04 22:12:15.000000012+00:00,1.012703061103821,0.1794469803571701,-1.173075795173645
6.5,2026-05-04 22:12:15.007812512+00:00,0.9874579906463624,0.2214688956737518,-1.246269464492798
6.5078125,2026-05-04 22:12:15.015625012+00:00,0.9589011073112488,0.2735773026943207,-1.272071838378906
6.515625,2026-05-04 22:12:15.023437512+00:00,0.9456537365913392,0.3196027874946594,-1.250513553619385
6.5234375,2026-05-04 22:12:15.031250012+00:00,0.940420389175415,0.3567676544189453,-1.198462963104248
6.53125,2026-05-04 22:12:15.039062512+00:00,0.928563356399536,0.3950032591819763,-1.135248899459839
6.5390625,2026-05-04 22:12:15.046875012+00:00,0.9082236289978028,0.4385458827018738,-1.073664665222168
6.546875,2026-05-04 22:12:15.054687512+00:00,0.8839003443717957,0.4790005087852478,-1.028810501098633
6.5546875,2026-05-04 22:12:15.062500012+00:00,0.8611235618591309,0.5004149079322815,-1.002762198448181
6.5625,2026-05-04 22:12:15.070312512+00:00,0.8557184338569641,0.4980096817016602,-0.9764062762260436
6.5703125,2026-05-04 22:12:15.078125012+00:00,0.8586397171020508,0.482662707567215,-0.92355614900589
6.578125,2026-05-04 22:12:15.085937512+00:00,0.8598269820213318,0.4738641679286957,-0.8171178102493286
6.5859375,2026-05-04 22:12:15.093750012+00:00,0.8530939221382141,0.4795281291007996,-0.6521399617195129
6.59375,2026-05-04 22:12:15.101562512+00:00,0.8469857573509216,0.4872093796730042,-0.4590378701686859
6.6015625,2026-05-04 22:12:15.109375012+00:00,0.8493134379386902,0.4778211712837219,-0.2861255705356598
6.609375,2026-05-04 22:12:15.117187512+00:00,0.8627482652664185,0.4407804310321808,-0.1730136871337891
6.6171875,2026-05-04 22:12:15.125000012+00:00,0.880151093006134,0.3788958787918091,-0.1126750558614731
6.625,2026-05-04 22:12:15.132812512+00:00,0.9014750123023988,0.3088955581188202,-0.0536588281393051
6.6328125,2026-05-04 22:12:15.140625012+00:00,0.9191746115684508,0.2531094551086426,0.0521798096597194
6.640625,2026-05-04 22:12:15.148437512+00:00,0.9309691786766052,0.219327449798584,0.2154354900121689
6.6484375,2026-05-04 22:12:15.156250012+00:00,0.9382176995277404,0.2026149034500122,0.4087835848331451
6.65625,2026-05-04 22:12:15.164062512+00:00,0.94966858625412,0.1841022968292236,0.5886616110801697
6.6640625,2026-05-04 22:12:15.171875012+00:00,0.9705238342285156,0.1531910449266434,0.7267761826515198
6.671875,2026-05-04 22:12:15.179687512+00:00,0.9918009042739868,0.1161347925662994,0.8143625259399414
6.6796875,2026-05-04 22:12:15.187500012+00:00,1.001205325126648,0.0890564173460006,0.8692731857299805
6.6875,2026-05-04 22:12:15.195312512+00:00,0.997409164905548,0.0774646997451782,0.9207547307014464
6.6953125,2026-05-04 22:12:15.203125012+00:00,0.9897544384002686,0.0815148204565048,0.9873055815696716
6.703125,2026-05-04 22:12:15.210937512+00:00,0.9805843234062196,0.0995463728904724,1.067572593688965
6.7109375,2026-05-04 22:12:15.218750012+00:00,0.9768194556236268,0.1271833926439285,1.153605818748474
6.71875,2026-05-04 22:12:15.226562512+00:00,0.9727733731269836,0.1633551418781281,1.233888149261475
6.7265625,2026-05-04 22:12:15.234375012+00:00,0.9615880846977234,0.2069288194179535,1.295595407485962
6.734375,2026-05-04 22:12:15.242187512+00:00,0.940420389175415,0.2571285367012024,1.325226545333862
6.7421875,2026-05-04 22:12:15.250000012+00:00,0.910301387310028,0.3066765367984772,1.310680031776428
6.75,2026-05-04 22:12:15.257812512+00:00,0.8846033215522766,0.3492260575294495,1.258644819259644
6.7578125,2026-05-04 22:12:15.265625012+00:00,0.8686065077781677,0.3814407885074615,1.192416906356812
6.765625,2026-05-04 22:12:15.273437512+00:00,0.8587803244590759,0.4143227636814117,1.134784579277039
6.7734375,2026-05-04 22:12:15.281250012+00:00,0.8440175652503967,0.4550722241401672,1.100294351577759
6.78125,2026-05-04 22:12:15.289062512+00:00,0.8262085914611816,0.5044495463371277,1.082318902015686
6.7890625,2026-05-04 22:12:15.296875012+00:00,0.8058844804763794,0.5462852120399475,1.050365924835205
6.796875,2026-05-04 22:12:15.304687512+00:00,0.7956990003585815,0.563944399356842,0.9745428562164308
6.8046875,2026-05-04 22:12:15.312500012+00:00,0.7979485988616943,0.5537802577018738,0.8412566184997559
6.8125,2026-05-04 22:12:15.320312512+00:00,0.8081496953964233,0.5228069424629211,0.6684826612472534
6.8203125,2026-05-04 22:12:15.328125012+00:00,0.8212564587593079,0.484292060136795,0.5004755258560181
6.828125,2026-05-04 22:12:15.335937512+00:00,0.8358160853385925,0.4519997239112854,0.3693266808986664
6.8359375,2026-05-04 22:12:15.343750012+00:00,0.8483917117118835,0.4262714087963104,0.2750206589698792
6.84375,2026-05-04 22:12:15.351562512+00:00,0.8654977083206177,0.397951602935791,0.1941847205162048
6.8515625,2026-05-04 22:12:15.359375012+00:00,0.89044588804245,0.3574038743972778,0.0950657576322555
6.859375,2026-05-04 22:12:15.367187512+00:00,0.919549524784088,0.3021764159202576,-0.0384204015135765
6.8671875,2026-05-04 22:12:15.375000012+00:00,0.9483094811439514,0.240866020321846,-0.1988774985074997
6.875,2026-05-04 22:12:15.382812512+00:00,0.9708518981933594,0.1870816946029663,-0.3611336648464203
6.8828125,2026-05-04 22:12:15.390625012+00:00,0.986817479133606,0.1462391167879105,-0.5052298307418823
6.890625,2026-05-04 22:12:15.398437512+00:00,1.000705480575562,0.1184003725647926,-0.6205866932868958
6.8984375,2026-05-04 22:12:15.406250012+00:00,1.015921115875244,0.1002446711063385,-0.7086343765258789
6.90625,2026-05-04 22:12:15.414062512+00:00,1.03035581111908,0.0892891809344291,-0.7791678309440613
6.9140625,2026-05-04 22:12:15.421875012+00:00,1.038838505744934,0.0893202200531959,-0.8398755192756653
6.921875,2026-05-04 22:12:15.429687512+00:00,1.039322853088379,0.0996084436774253,-0.8985841870307922
6.9296875,2026-05-04 22:12:15.437500012+00:00,1.034745573997498,0.1165227293968201,-0.9621058702468872
6.9375,2026-05-04 22:12:15.445312512+00:00,1.02718460559845,0.1353146731853485,-1.033869504928589
6.9453125,2026-05-04 22:12:15.453125012+00:00,1.021982431411743,0.1529582887887955,-1.106017589569092
6.953125,2026-05-04 22:12:15.460937512+00:00,1.00909435749054,0.1821780949831009,-1.16623318195343
6.9609375,2026-05-04 22:12:15.468750012+00:00,0.9880828857421876,0.223812073469162,-1.186699748039246
6.96875,2026-05-04 22:12:15.476562512+00:00,0.9726640582084656,0.2783101797103882,-1.152148008346558
6.9765625,2026-05-04 22:12:15.484375012+00:00,0.9464348554611206,0.339046448469162,-1.087180972099304
6.984375,2026-05-04 22:12:15.492187512+00:00,0.9206587076187134,0.3992240726947784,-1.020829916000366
6.9921875,2026-05-04 22:12:15.500000012+00:00,0.8972258567810059,0.4465219974517822,-0.979266345500946
7.0,2026-05-04 22:12:15.507812512+00:00,0.8789013028144836,0.4728555083274841,-0.9593072533607484
7.0078125,2026-05-04 22:12:15.515625012+00:00,0.8706373572349548,0.4865266084671021,-0.9302451014518738
7.015625,2026-05-04 22:12:15.523437512+00:00,0.8613735437393188,0.4979631304740906,-0.8710597157478333
7.0234375,2026-05-04 22:12:15.531250012+00:00,0.8467045426368713,0.5145050287246704,-0.7704952955245972
7.03125,2026-05-04 22:12:15.539062512+00:00,0.8326917290687561,0.5305657982826233,-0.6372090578079224
7.0390625,2026-05-04 22:12:15.546875012+00:00,0.8292080163955688,0.5348021388053894,-0.4889611601829529
7.046875,2026-05-04 22:12:15.554687512+00:00,0.8364409804344177,0.5185241103172302,-0.3497240841388702
7.0546875,2026-05-04 22:12:15.562500012+00:00,0.8502038717269897,0.485797256231308,-0.2325066030025482
7.0625,2026-05-04 22:12:15.570312512+00:00,0.8630919456481934,0.4445046782493591,-0.1356018930673599
7.0703125,2026-05-04 22:12:15.578125012+00:00,0.8710903525352478,0.3963998258113861,-0.0429104268550872
7.078125,2026-05-04 22:12:15.585937512+00:00,0.8855093717575073,0.345734566450119,0.0642198547720909
7.0859375,2026-05-04 22:12:15.593750012+00:00,0.9062709212303162,0.2961865663528442,0.1901406198740005
7.09375,2026-05-04 22:12:15.601562512+00:00,0.9254077672958374,0.24978868663311,0.326625257730484
7.1015625,2026-05-04 22:12:15.609375012+00:00,0.9457162618637084,0.2071615904569626,0.4699064493179321
7.109375,2026-05-04 22:12:15.617187512+00:00,0.9678056240081788,0.1697484254837036,0.6102506518363953
7.1171875,2026-05-04 22:12:15.625000012+00:00,0.9840680360794068,0.1376578360795975,0.7280216813087463
7.125,2026-05-04 22:12:15.632812512+00:00,0.9917071461677552,0.1102690994739532,0.8147777318954468
7.1328125,2026-05-04 22:12:15.640625012+00:00,0.9979090094566344,0.0881719067692756,0.8748241662979126
7.140625,2026-05-04 22:12:15.648437512+00:00,1.001798987388611,0.0705593228340148,0.923983871936798
7.1484375,2026-05-04 22:12:15.656250012+00:00,1.00537633895874,0.064848817884922,0.9812317490577698
7.15625,2026-05-04 22:12:15.664062512+00:00,1.004064202308655,0.0793888941407203,1.052211046218872
7.1640625,2026-05-04 22:12:15.671875012+00:00,0.9942691326141356,0.1120846718549728,1.130371451377869
7.171875,2026-05-04 22:12:15.679687512+00:00,0.9786316156387328,0.1553169786930084,1.198029518127441
7.1796875,2026-05-04 22:12:15.687500012+00:00,0.9603539705276488,0.2014665901660919,1.234026551246643
7.1875,2026-05-04 22:12:15.695312512+00:00,0.9413889646530152,0.2433643639087677,1.22809112071991
7.1953125,2026-05-04 22:12:15.703125012+00:00,0.9213773012161256,0.2840362191200256,1.188465118408203
7.203125,2026-05-04 22:12:15.710937512+00:00,0.9029121994972228,0.3255460560321808,1.138797998428345
7.2109375,2026-05-04 22:12:15.718750012+00:00,0.8800417184829712,0.3743181526660919,1.096480965614319
7.21875,2026-05-04 22:12:15.726562512+00:00,0.856062114238739,0.4285680055618286,1.066050291061401
7.2265625,2026-05-04 22:12:15.734375012+00:00,0.834675669670105,0.4817937016487122,1.037926077842712
7.234375,2026-05-04 22:12:15.742187512+00:00,0.8179914951324463,0.523101806640625,0.9919955134391784
7.2421875,2026-05-04 22:12:15.750000012+00:00,0.8089307546615601,0.5480387210845947,0.9152498245239258
7.25,2026-05-04 22:12:15.757812512+00:00,0.8051815032958984,0.5561079382896423,0.8074429631233215
7.2578125,2026-05-04 22:12:15.765625012+00:00,0.803119421005249,0.5516543388366699,0.6785544753074646
7.265625,2026-05-04 22:12:15.773437512+00:00,0.8044472932815552,0.5370522141456604,0.5447761416435242
7.2734375,2026-05-04 22:12:15.781250012+00:00,0.8141016364097595,0.5149860382080078,0.4220537841320038
7.28125,2026-05-04 22:12:15.789062512+00:00,0.8279582858085632,0.4849593043327332,0.308372974395752
7.2890625,2026-05-04 22:12:15.796875012+00:00,0.849266529083252,0.4473909735679626,0.2027803659439087
7.296875,2026-05-04 22:12:15.804687512+00:00,0.8745896816253662,0.4034293591976166,0.0987715721130371
7.3046875,2026-05-04 22:12:15.812500012+00:00,0.8992566466331482,0.3550451993942261,-0.0137867387384176
7.3125,2026-05-04 22:12:15.820312512+00:00,0.9231582283973694,0.3036505877971649,-0.1397075057029724
7.3203125,2026-05-04 22:12:15.828125012+00:00,0.9453881978988647,0.2512938976287842,-0.2761767506599426
7.328125,2026-05-04 22:12:15.835937512+00:00,0.9682742953300476,0.198161318898201,-0.4141990840435028
7.3359375,2026-05-04 22:12:15.843750012+00:00,0.9930350184440612,0.1508478820323944,-0.5397046804428101
7.34375,2026-05-04 22:12:15.851562512+00:00,1.014390230178833,0.1153899431228638,-0.6407457590103149
7.3515625,2026-05-04 22:12:15.859375012+00:00,1.029402852058411,0.0950307250022888,-0.7159383893013
7.359375,2026-05-04 22:12:15.867187512+00:00,1.036260962486267,0.0889322757720947,-0.7714025378227234
7.3671875,2026-05-04 22:12:15.875000012+00:00,1.040072679519653,0.0919892564415931,-0.8237144947052002
7.375,2026-05-04 22:12:15.882812512+00:00,1.040666341781616,0.0965669825673103,-0.8852679133415222
7.3828125,2026-05-04 22:12:15.890625012+00:00,1.041478633880615,0.1029447540640831,-0.9560473561286926
7.390625,2026-05-04 22:12:15.898437512+00:00,1.04002583026886,0.1140864565968513,-1.023459434509277
7.3984375,2026-05-04 22:12:15.906250012+00:00,1.031074404716492,0.1387440711259842,-1.071450471878052
7.40625,2026-05-04 22:12:15.914062512+00:00,1.008735060691833,0.1825039684772491,-1.09088671207428
7.4140625,2026-05-04 22:12:15.921875012+00:00,0.9855677485466005,0.2372969388961792,-1.073541760444641
7.421875,2026-05-04 22:12:15.929687512+00:00,0.9649311900138856,0.2933002710342407,-1.032747030258179
7.4296875,2026-05-04 22:12:15.937500012+00:00,0.9425449967384338,0.3458742201328278,-0.9877851605415344
7.4375,2026-05-04 22:12:15.945312512+00:00,0.9223458766937256,0.3943359851837158,-0.9494353532791138
7.4453125,2026-05-04 22:12:15.953125012+00:00,0.8988661170005798,0.4351009726524353,-0.915790855884552
7.453125,2026-05-04 22:12:15.960937512+00:00,0.8799636363983154,0.4688519537448883,-0.872904896736145
7.4609375,2026-05-04 22:12:15.968750012+00:00,0.8643573522567749,0.4954648017883301,-0.8105058073997498
7.46875,2026-05-04 22:12:15.976562512+00:00,0.850453794002533,0.517329216003418,-0.7285012006759644
7.4765625,2026-05-04 22:12:15.984375012+00:00,0.8374876379966736,0.5318692922592163,-0.6281213760375977
7.484375,2026-05-04 22:12:15.992187512+00:00,0.8330510258674622,0.5392557382583618,-0.5095507502555847
7.4921875,2026-05-04 22:12:16.000000012+00:00,0.8347538113594055,0.534879744052887,-0.3820615112781525
7.5,2026-05-04 22:12:16.007812512+00:00,0.8378313183784485,0.5178412795066833,-0.2576630711555481
7.5078125,2026-05-04 22:12:16.015625012+00:00,0.8455172777175903,0.4911819100379944,-0.1469345986843109
7.515625,2026-05-04 22:12:16.023437512+00:00,0.8550153970718384,0.4522169828414917,-0.0498761311173439
7.5234375,2026-05-04 22:12:16.031250012+00:00,0.8703561425209045,0.4011017084121704,0.0448758229613304
7.53125,2026-05-04 22:12:16.039062512+00:00,0.8924455046653748,0.3470070064067841,0.1518830955028534
7.5390625,2026-05-04 22:12:16.046875012+00:00,0.9125196933746338,0.2970245182514191,0.2728217542171478
7.546875,2026-05-04 22:12:16.054687512+00:00,0.9298287630081176,0.2538698315620422,0.4045395851135254
7.5546875,2026-05-04 22:12:16.062500012+00:00,0.9498872756958008,0.2143462747335434,0.5392559170722961
7.5625,2026-05-04 22:12:16.070312512+00:00,0.9689616560935974,0.1753968745470047,0.6545820236206055
7.5703125,2026-05-04 22:12:16.078125012+00:00,0.9844898581504822,0.1369285136461258,0.7405845522880554
7.578125,2026-05-04 22:12:16.085937512+00:00,0.9973466396331788,0.1031619980931282,0.8038601875305176
7.5859375,2026-05-04 22:12:16.093750012+00:00,1.006360530853271,0.0783957615494728,0.8576175570487976
7.59375,2026-05-04 22:12:16.101562512+00:00,1.009875535964966,0.0679678693413734,0.9159879088401794
7.6015625,2026-05-04 22:12:16.109375012+00:00,1.008453845977783,0.0743921995162963,0.9841687679290771
7.609375,2026-05-04 22:12:16.117187512+00:00,1.001424074172974,0.0958221331238746,1.050796389579773
7.6171875,2026-05-04 22:12:16.125000012+00:00,0.9903168082237244,0.1255385130643845,1.105445623397827
7.625,2026-05-04 22:12:16.132812512+00:00,0.9794908165931702,0.1599102169275284,1.138921022415161
7.6328125,2026-05-04 22:12:16.140625012+00:00,0.9665558934211732,0.198176845908165,1.145517587661743
7.640625,2026-05-04 22:12:16.148437512+00:00,0.9466223120689392,0.2392676919698715,1.12671172618866
7.6484375,2026-05-04 22:12:16.156250012+00:00,0.9212835431098938,0.2876983880996704,1.09109902381897
7.65625,2026-05-04 22:12:16.164062512+00:00,0.8963978886604309,0.3393568098545074,1.053333640098572
7.6640625,2026-05-04 22:12:16.171875012+00:00,0.8757144808769226,0.389944463968277,1.020565629005432
7.671875,2026-05-04 22:12:16.179687512+00:00,0.8568119406700134,0.4401442110538483,0.9845531582832336
7.6796875,2026-05-04 22:12:16.187500012+00:00,0.8392216563224792,0.4861386716365814,0.9375770092010498
7.6875,2026-05-04 22:12:16.195312512+00:00,0.8230373859405518,0.5228534936904907,0.8720256090164185
7.6953125,2026-05-04 22:12:16.203125012+00:00,0.8111491203308105,0.5454162359237671,0.7867919206619263
7.703125,2026-05-04 22:12:16.210937512+00:00,0.8060094714164734,0.5546647906303406,0.6813838481903076
7.7109375,2026-05-04 22:12:16.218750012+00:00,0.8048065900802612,0.5512819290161133,0.5600453615188599
7.71875,2026-05-04 22:12:16.226562512+00:00,0.808696448802948,0.53618323802948,0.436031311750412
7.7265625,2026-05-04 22:12:16.234375012+00:00,0.8237403631210327,0.5119600892066956,0.3235806524753571
7.734375,2026-05-04 22:12:16.242187512+00:00,0.8392216563224792,0.4808005690574646,0.2212017923593521
7.7421875,2026-05-04 22:12:16.250000012+00:00,0.859373927116394,0.4455443620681763,0.1234513595700264
7.75,2026-05-04 22:12:16.257812512+00:00,0.8793855905532837,0.4044069647789001,0.0196424629539251
7.7578125,2026-05-04 22:12:16.265625012+00:00,0.9031308889389038,0.3535555005073547,-0.0972982347011566
7.765625,2026-05-04 22:12:16.273437512+00:00,0.9296881556510924,0.2977538704872131,-0.2234188914299011
7.7734375,2026-05-04 22:12:16.281250012+00:00,0.9555892944335938,0.2426815778017044,-0.3536605536937714
7.78125,2026-05-04 22:12:16.289062512+00:00,0.9772881269454956,0.1928387582302094,-0.4733844399452209
7.7890625,2026-05-04 22:12:16.296875012+00:00,0.9982996582984924,0.1537962406873703,-0.5700585246086121
7.796875,2026-05-04 22:12:16.304687512+00:00,1.016858458518982,0.1261592209339142,-0.6438979506492615
7.8046875,2026-05-04 22:12:16.312500012+00:00,1.028777956962585,0.1076310947537422,-0.7046056389808655
7.8125,2026-05-04 22:12:16.320312512+00:00,1.037276387214661,0.0984446182847023,-0.7626531720161438
7.8203125,2026-05-04 22:12:16.328125012+00:00,1.042540907859802,0.0943013951182365,-0.8242219090461731
7.828125,2026-05-04 22:12:16.335937512+00:00,1.044243693351746,0.0946272686123848,-0.8862058520317078
7.8359375,2026-05-04 22:12:16.343750012+00:00,1.042697191238403,0.1032706201076508,-0.9418699741363524
7.84375,2026-05-04 22:12:16.351562512+00:00,1.037760615348816,0.1223729029297829,-0.982649266719818
7.8515625,2026-05-04 22:12:16.359375012+00:00,1.023154139518738,0.1561394035816193,-1.006529569625854
7.859375,2026-05-04 22:12:16.367187512+00:00,1.001549005508423,0.2007062286138535,-1.008174896240234
7.8671875,2026-05-04 22:12:16.375000012+00:00,0.9836618900299072,0.2502697110176086,-0.9835718274116516
7.875,2026-05-04 22:12:16.382812512+00:00,0.9616506099700928,0.3013384640216827,-0.9462523460388184
7.8828125,2026-05-04 22:12:16.390625012+00:00,0.9387957453727722,0.3518330156803131,-0.9048117995262146
7.890625,2026-05-04 22:12:16.398437512+00:00,0.9156440496444702,0.4002482295036316,-0.8645860552787781
7.8984375,2026-05-04 22:12:16.406250012+00:00,0.8940233588218689,0.440314918756485,-0.8227611184120178
7.90625,2026-05-04 22:12:16.414062512+00:00,0.8767299056053162,0.4710709750652313,-0.7694343328475952
7.9140625,2026-05-04 22:12:16.421875012+00:00,0.8638261556625366,0.4965510368347168,-0.6999772191047668
7.921875,2026-05-04 22:12:16.429687512+00:00,0.8494383692741394,0.5163671374320984,-0.612636923789978
7.9296875,2026-05-04 22:12:16.437500012+00:00,0.8395809531211853,0.5316365361213684,-0.5075671076774597
7.9375,2026-05-04 22:12:16.445312512+00:00,0.8346444368362427,0.5385574102401733,-0.3902727365493774
7.9453125,2026-05-04 22:12:16.453125012+00:00,0.8359410762786865,0.53165203332901,-0.2725170850753784
7.953125,2026-05-04 22:12:16.460937512+00:00,0.840377688407898,0.510998010635376,-0.1646794527769089
7.9609375,2026-05-04 22:12:16.468750012+00:00,0.8496883511543274,0.4798539876937866,-0.0685589611530304
7.96875,2026-05-04 22:12:16.476562512+00:00,0.8611860871315002,0.4389183223247528,0.0224256664514541
7.9765625,2026-05-04 22:12:16.484375012+00:00,0.878229558467865,0.3916824460029602,0.1239126697182655
7.984375,2026-05-04 22:12:16.492187512+00:00,0.8980225324630737,0.3448966145515442,0.2374704629182816
7.9921875,2026-05-04 22:12:16.500000012+00:00,0.9155972003936768,0.3007798194885254,0.3558412194252014
8.0,2026-05-04 22:12:16.507812512+00:00,0.9331718683242798,0.2577182054519653,0.4740735590457916
8.0078125,2026-05-04 22:12:16.515625012+00:00,0.9541364312171936,0.2144859433174133,0.582879900932312
8.015625,2026-05-04 22:12:16.523437512+00:00,0.9735857248306274,0.1723398864269257,0.6726344227790833
8.0234375,2026-05-04 22:12:16.531250012+00:00,0.9879578948020936,0.1357491612434387,0.7429064512252808
8.03125,2026-05-04 22:12:16.539062512+00:00,0.9987370371818542,0.1070879772305489,0.802537739276886
8.0390625,2026-05-04 22:12:16.546875012+00:00,1.004439115524292,0.088652953505516,0.8587554097175598
8.046875,2026-05-04 22:12:16.554687512+00:00,1.007891535758972,0.0827251970767974,0.9167413711547852
8.0546875,2026-05-04 22:12:16.562500012+00:00,1.006860494613647,0.0908099114894866,0.9731435775756836
8.0625,2026-05-04 22:12:16.570312512+00:00,1.000455498695374,0.1103932410478592,1.021580457687378
8.0703125,2026-05-04 22:12:16.578125012+00:00,0.9897856712341307,0.1385733783245087,1.057177782058716
8.078125,2026-05-04 22:12:16.585937512+00:00,0.9762883186340332,0.1735813021659851,1.074322938919067
8.0859375,2026-05-04 22:12:16.593750012+00:00,0.9599946737289428,0.2106685787439346,1.070571064949036
8.09375,2026-05-04 22:12:16.601562512+00:00,0.9425918459892272,0.2522249519824982,1.046460151672363
8.1015625,2026-05-04 22:12:16.609375012+00:00,0.917643666267395,0.2991194128990173,1.006772637367249
8.109375,2026-05-04 22:12:16.617187512+00:00,0.8971320986747742,0.349288135766983,0.967700183391571
8.1171875,2026-05-04 22:12:16.625000012+00:00,0.8766517639160156,0.3976722955703735,0.9323180913925172
8.125,2026-05-04 22:12:16.632812512+00:00,0.8589052557945251,0.4453116059303284,0.8931226134300232
8.1328125,2026-05-04 22:12:16.640625012+00:00,0.8398777842521667,0.4885594248771667,0.8374277949333191
8.140625,2026-05-04 22:12:16.648437512+00:00,0.8240840435028076,0.5211000442504883,0.7616969347000122
8.1484375,2026-05-04 22:12:16.656250012+00:00,0.8166948556900024,0.5379832983016968,0.669205367565155
8.15625,2026-05-04 22:12:16.664062512+00:00,0.8157106637954712,0.5417075157165527,0.5634589791297913
8.1640625,2026-05-04 22:12:16.671875012+00:00,0.8151951432228088,0.5366798043251038,0.4478868544101715
8.171875,2026-05-04 22:12:16.679687512+00:00,0.8199285864830017,0.5243431925773621,0.3377734422683716
8.1796875,2026-05-04 22:12:16.687500012+00:00,0.8321292996406555,0.5018425583839417,0.2374550849199295
8.1875,2026-05-04 22:12:16.695312512+00:00,0.8502663373947144,0.4706209599971771,0.1430414170026779
8.1953125,2026-05-04 22:12:16.703125012+00:00,0.869949996471405,0.4337509274482727,0.0434919074177742
8.203125,2026-05-04 22:12:16.710937512+00:00,0.8908364772796631,0.3901927471160889,-0.0649761632084846
8.2109375,2026-05-04 22:12:16.718750012+00:00,0.9137538075447084,0.3405050933361053,-0.1793796867132187
8.21875,2026-05-04 22:12:16.726562512+00:00,0.938998818397522,0.2881639301776886,-0.2937985956668854
8.2265625,2026-05-04 22:12:16.734375012+00:00,0.9619786739349364,0.2392211407423019,-0.4044655561447144
8.234375,2026-05-04 22:12:16.742187512+00:00,0.981256067752838,0.1975561380386353,-0.5044917464256287
8.2421875,2026-05-04 22:12:16.750000012+00:00,1.000002503395081,0.1628275364637375,-0.5870806574821472
8.25,2026-05-04 22:12:16.757812512+00:00,1.017780184745789,0.1359198540449142,-0.6527396440505981
8.2578125,2026-05-04 22:12:16.765625012+00:00,1.030137062072754,0.1178882867097855,-0.7079885601997375
8.265625,2026-05-04 22:12:16.773437512+00:00,1.036089062690735,0.1090432032942772,-0.7610693573951721
8.2734375,2026-05-04 22:12:16.781250012+00:00,1.038135528564453,0.1073983311653137,-0.8153648972511292
8.28125,2026-05-04 22:12:16.789062512+00:00,1.037869930267334,0.1109053269028664,-0.8659238219261169
8.2890625,2026-05-04 22:12:16.796875012+00:00,1.037620067596436,0.1203400865197182,-0.906933844089508
8.296875,2026-05-04 22:12:16.804687512+00:00,1.03215229511261,0.1406527459621429,-0.9340277910232544
8.3046875,2026-05-04 22:12:16.812500012+00:00,1.014421463012695,0.1762192994356155,-0.9459601640701294
8.3125,2026-05-04 22:12:16.820312512+00:00,0.9934255480766296,0.2211430221796036,-0.9341200590133668
8.3203125,2026-05-04 22:12:16.828125012+00:00,0.9751635193824768,0.2684564590454102,-0.9009829759597778
8.328125,2026-05-04 22:12:16.835937512+00:00,0.9544801115989684,0.316111296415329,-0.8596655130386353
8.3359375,2026-05-04 22:12:16.843750012+00:00,0.93248450756073,0.3629436790943146,-0.8191937208175659
8.34375,2026-05-04 22:12:16.851562512+00:00,0.9109106063842772,0.40560182929039,-0.7792600989341736
8.3515625,2026-05-04 22:12:16.859375012+00:00,0.8913676142692566,0.4401442110538483,-0.7318994998931885
8.359375,2026-05-04 22:12:16.867187512+00:00,0.8778234124183655,0.4687898755073547,-0.6680088043212891
8.3671875,2026-05-04 22:12:16.875000012+00:00,0.8640761375427246,0.4932147264480591,-0.5894486904144287
8.375,2026-05-04 22:12:16.882812512+00:00,0.849047839641571,0.5132790803909302,-0.4994634985923767
8.3828125,2026-05-04 22:12:16.890625012+00:00,0.8419867753982544,0.5257553458213806,-0.3960544168949127
8.390625,2026-05-04 22:12:16.898437512+00:00,0.8405495285987854,0.5255225896835327,-0.2870942950248718
8.3984375,2026-05-04 22:12:16.906250012+00:00,0.8447986841201782,0.512829065322876,-0.1797641068696976
8.40625,2026-05-04 22:12:16.914062512+00:00,0.8498445749282837,0.4917560517787933,-0.0809219256043434
8.4140625,2026-05-04 22:12:16.921875012+00:00,0.8568900227546692,0.4622258841991425,0.0097859222441911
8.421875,2026-05-04 22:12:16.929687512+00:00,0.8680128455162048,0.4227333664894104,0.1028617992997169
8.4296875,2026-05-04 22:12:16.937500012+00:00,0.8872902989387512,0.3786320686340332,0.2039336264133453
8.4375,2026-05-04 22:12:16.945312512+00:00,0.905989706516266,0.3346859812736511,0.309633880853653
8.4453125,2026-05-04 22:12:16.953125012+00:00,0.9220178127288818,0.2934089004993439,0.4148574471473694
8.453125,2026-05-04 22:12:16.960937512+00:00,0.9401704668998718,0.2518370151519775,0.5202808976173401
8.4609375,2026-05-04 22:12:16.968750012+00:00,0.9597134590148926,0.2115065455436707,0.6153557896614075
8.46875,2026-05-04 22:12:16.976562512+00:00,0.9759290218353271,0.1740468293428421,0.6919784545898438
8.4765625,2026-05-04 22:12:16.984375012+00:00,0.9863019585609436,0.1429183334112167,0.7505487203598022
8.484375,2026-05-04 22:12:16.992187512+00:00,0.9963781237602234,0.1184624433517456,0.802014946937561
8.4921875,2026-05-04 22:12:17.000000012+00:00,1.003329873085022,0.1032240688800812,0.8530352115631104
8.5,2026-05-04 22:12:17.007812512+00:00,1.00523579120636,0.1012533232569695,0.9035941958427428
8.5078125,2026-05-04 22:12:17.015625012+00:00,1.001002192497253,0.1139623150229454,0.9495862722396852
8.515625,2026-05-04 22:12:17.023437512+00:00,0.9928475618362428,0.1355008780956268,0.9864752888679504
8.5234375,2026-05-04 22:12:17.031250012+00:00,0.982427716255188,0.1625637412071228,1.008833169937134
8.53125,2026-05-04 22:12:17.039062512+00:00,0.9679930806159972,0.1957560777664185,1.010755181312561
8.5390625,2026-05-04 22:12:17.046875012+00:00,0.9523867964744568,0.2319898903369904,0.9945019483566284
8.546875,2026-05-04 22:12:17.054687512+00:00,0.9355932474136353,0.2713893055915833,0.9649784564971924
8.5546875,2026-05-04 22:12:17.062500012+00:00,0.9145036339759828,0.3169492483139038,0.9265825748443604
8.5625,2026-05-04 22:12:17.070312512+00:00,0.8936952948570251,0.3635178506374359,0.8874177932739258
8.5703125,2026-05-04 22:12:17.078125012+00:00,0.8749021291732788,0.4103036820888519,0.8456697463989258
8.578125,2026-05-04 22:12:17.085937512+00:00,0.8572806119918823,0.4517824947834015,0.7965561747550964
8.5859375,2026-05-04 22:12:17.093750012+00:00,0.843111515045166,0.4872714579105377,0.7336034774780273
8.59375,2026-05-04 22:12:17.101562512+00:00,0.8317387700080872,0.5122549533843994,0.6535056233406067
8.6015625,2026-05-04 22:12:17.109375012+00:00,0.8253650069236755,0.5253053307533264,0.5603528618812561
8.609375,2026-05-04 22:12:17.117187512+00:00,0.8244277238845825,0.527539849281311,0.4581124186515808
8.6171875,2026-05-04 22:12:17.125000012+00:00,0.8258336782455444,0.5202000141143799,0.3517663478851318
8.625,2026-05-04 22:12:17.132812512+00:00,0.8351443409919739,0.5046977996826172,0.2500794529914856
8.6328125,2026-05-04 22:12:17.140625012+00:00,0.8472513556480408,0.4798539876937866,0.1533131450414658
8.640625,2026-05-04 22:12:17.148437512+00:00,0.8646853566169739,0.4486168622970581,0.0595145523548126
8.6484375,2026-05-04 22:12:17.156250012+00:00,0.883712887763977,0.4115761518478394,-0.0367904603481292
8.65625,2026-05-04 22:12:17.164062512+00:00,0.9038963913917542,0.3687938749790192,-0.1387848854064941
8.6640625,2026-05-04 22:12:17.171875012+00:00,0.926173210144043,0.3229080438613892,-0.2430858314037323
8.671875,2026-05-04 22:12:17.179687512+00:00,0.9488874673843384,0.2766653299331665,-0.3472176492214203
8.6796875,2026-05-04 22:12:17.187500012+00:00,0.9696490168571472,0.2327192276716232,-0.4463520050048828
8.6875,2026-05-04 22:12:17.195312512+00:00,0.9878798127174376,0.1945457011461258,-0.5322161316871643
8.6953125,2026-05-04 22:12:17.203125012+00:00,1.00454843044281,0.164425864815712,-0.6027495861053467
8.703125,2026-05-04 22:12:17.210937512+00:00,1.017670869827271,0.1428097188472748,-0.6584444642066956
8.7109375,2026-05-04 22:12:17.218750012+00:00,1.027512669563293,0.1304731518030167,-0.7070351839065552
8.71875,2026-05-04 22:12:17.226562512+00:00,1.031777381896973,0.1246384903788567,-0.7542420029640198
8.7265625,2026-05-04 22:12:17.234375012+00:00,1.033714532852173,0.1240488067269325,-0.7989578247070312
8.734375,2026-05-04 22:12:17.242187512+00:00,1.032933473587036,0.1297748535871506,-0.8394603729248047
8.7421875,2026-05-04 22:12:17.250000012+00:00,1.028590559959412,0.1428407430648804,-0.8681381344795227
8.75,2026-05-04 22:12:17.257812512+00:00,1.01945173740387,0.169236347079277,-0.8828537464141846
8.7578125,2026-05-04 22:12:17.265625012+00:00,1.000799179077148,0.2067115753889084,-0.8805933594703674
8.765625,2026-05-04 22:12:17.273437512+00:00,0.982912003993988,0.2491679936647415,-0.8577126264572144
8.7734375,2026-05-04 22:12:17.281250012+00:00,0.963447093963623,0.2930364906787872,-0.8220384120941162
8.78125,2026-05-04 22:12:17.289062512+00:00,0.9438103437423706,0.3375101983547211,-0.780767023563385
8.7890625,2026-05-04 22:12:17.296875012+00:00,0.9233143925666808,0.3802924752235413,-0.7377734780311584
8.796875,2026-05-04 22:12:17.304687512+00:00,0.9040838479995728,0.4176435470581055,-0.6910279393196106
8.8046875,2026-05-04 22:12:17.312500012+00:00,0.8886494040489197,0.4474530518054962,-0.6341336965560913
8.8125,2026-05-04 22:12:17.320312512+00:00,0.8743240833282471,0.4718934297561646,-0.5664910674095154
8.8203125,2026-05-04 22:12:17.328125012+00:00,0.8623733520507812,0.4922836720943451,-0.4870083332061768
8.828125,2026-05-04 22:12:17.335937512+00:00,0.8518129587173462,0.5064047574996948,-0.3971769213676453
8.8359375,2026-05-04 22:12:17.343750012+00:00,0.8486416935920715,0.5115721821784973,-0.295490026473999
8.84375,2026-05-04 22:12:17.351562512+00:00,0.8501414060592651,0.5062806010246277,-0.1909738034009933
8.8515625,2026-05-04 22:12:17.359375012+00:00,0.852375328540802,0.4912594854831696,-0.0921931341290473
8.859375,2026-05-04 22:12:17.367187512+00:00,0.8595613837242126,0.4677967429161072,2.164393663406372e-05
8.8671875,2026-05-04 22:12:17.375000012+00:00,0.8687783479690552,0.4349302649497986,0.0861164480447769
8.875,2026-05-04 22:12:17.382812512+00:00,0.8840097188949585,0.3949722051620483,0.176409125328064
8.8828125,2026-05-04 22:12:17.390625012+00:00,0.9010844230651855,0.3536175489425659,0.2718530297279358
8.890625,2026-05-04 22:12:17.398437512+00:00,0.9171906113624572,0.3140319287776947,0.3694343268871307
8.8984375,2026-05-04 22:12:17.406250012+00:00,0.9326719641685486,0.2753307819366455,0.4674461483955383
8.90625,2026-05-04 22:12:17.414062512+00:00,0.9504653215408324,0.2371727973222733,0.561460018157959
8.9140625,2026-05-04 22:12:17.421875012+00:00,0.9666964411735536,0.201233834028244,0.6402661800384521
8.921875,2026-05-04 22:12:17.429687512+00:00,0.97852224111557,0.1696708351373672,0.7022655606269836
8.9296875,2026-05-04 22:12:17.437500012+00:00,0.9893950819969176,0.1443304419517517,0.7534857392311096
8.9375,2026-05-04 22:12:17.445312512+00:00,0.9965186715126038,0.1272454708814621,0.7996007800102234
8.9453125,2026-05-04 22:12:17.453125012+00:00,0.9995649456977844,0.1199831813573837,0.8443012237548828
8.953125,2026-05-04 22:12:17.460937512+00:00,0.9975966215133668,0.1253988593816757,0.8857263326644897
8.9609375,2026-05-04 22:12:17.468750012+00:00,0.9910510182380676,0.1410562098026276,0.9204626083374025
8.96875,2026-05-04 22:12:17.476562512+00:00,0.9831306934356688,0.1638827323913574,0.9455575346946716
8.9765625,2026-05-04 22:12:17.484375012+00:00,0.9722734689712524,0.1931956559419632,0.9546606540679932
8.984375,2026-05-04 22:12:17.492187512+00:00,0.9567609429359436,0.2267138808965683,0.945957362651825
8.9921875,2026-05-04 22:12:17.500000012+00:00,0.9422481656074524,0.2615976333618164,0.9235841035842896
9.0,2026-05-04 22:12:17.507812512+00:00,0.9240330457687378,0.3013074100017548,0.8875408172607422
9.0078125,2026-05-04 22:12:17.515625012+00:00,0.9045681357383728,0.3438103795051575,0.8462540507316589
9.015625,2026-05-04 22:12:17.523437512+00:00,0.887368381023407,0.3866702318191528,0.8038755655288696
9.0234375,2026-05-04 22:12:17.531250012+00:00,0.869575023651123,0.4262558817863464,0.7580834031105042
9.03125,2026-05-04 22:12:17.539062512+00:00,0.8574368357658386,0.4614810347557068,0.7043260335922241
9.0390625,2026-05-04 22:12:17.546875012+00:00,0.8440019488334656,0.4892577230930328,0.6341769695281982
9.046875,2026-05-04 22:12:17.554687512+00:00,0.8360503911972046,0.5059857964515686,0.5506654977798462
9.0546875,2026-05-04 22:12:17.562500012+00:00,0.8343319892883301,0.5115721821784973,0.4580662846565247
9.0625,2026-05-04 22:12:17.570312512+00:00,0.8363784551620483,0.5080186128616333,0.3589473366737366
9.0703125,2026-05-04 22:12:17.578125012+00:00,0.8408463597297668,0.4965199828147888,0.2586904764175415
9.078125,2026-05-04 22:12:17.585937512+00:00,0.8502038717269897,0.4777435958385468,0.1636156141757965
9.0859375,2026-05-04 22:12:17.593750012+00:00,0.8645604252815247,0.451115220785141,0.0733383074402809
9.09375,2026-05-04 22:12:17.601562512+00:00,0.8824162483215332,0.4187608361244202,-0.0151245240122079
9.1015625,2026-05-04 22:12:17.609375012+00:00,0.9011000394821168,0.3822632133960724,-0.107846736907959
9.109375,2026-05-04 22:12:17.617187512+00:00,0.9208305478096008,0.3416689336299896,-0.2041824907064438
9.1171875,2026-05-04 22:12:17.625000012+00:00,0.9405766129493712,0.2990263104438782,-0.3012256026268005
9.125,2026-05-04 22:12:17.632812512+00:00,0.9602758884429932,0.2573768198490143,-0.3944552540779114
9.1328125,2026-05-04 22:12:17.640625012+00:00,0.9779754877090454,0.2206774950027466,-0.4802732467651367
9.140625,2026-05-04 22:12:17.648437512+00:00,0.9946284294128418,0.1904179900884628,-0.5525596737861633
9.1484375,2026-05-04 22:12:17.656250012+00:00,1.007344722747803,0.1670328378677368,-0.6112990975379944
9.15625,2026-05-04 22:12:17.664062512+00:00,1.018311381340027,0.1518565267324448,-0.6585982441902161
9.1640625,2026-05-04 22:12:17.671875012+00:00,1.024263262748718,0.1434769779443741,-0.6999772191047668
9.171875,2026-05-04 22:12:17.679687512+00:00,1.02595043182373,0.14183209836483,-0.7401261329650879
9.1796875,2026-05-04 22:12:17.687500012+00:00,1.025325536727905,0.1460063606500626,-0.7770919799804688
9.1875,2026-05-04 22:12:17.695312512+00:00,1.024044513702393,0.1556583642959595,-0.8059850335121155
9.1953125,2026-05-04 22:12:17.703125012+00:00,1.016811609268188,0.1734881848096848,-0.8244372010231018
9.203125,2026-05-04 22:12:17.710937512+00:00,1.002080202102661,0.2040114998817444,-0.8293578028678894
9.2109375,2026-05-04 22:12:17.718750012+00:00,0.98625510931015,0.2422936409711838,-0.8141500949859619
9.21875,2026-05-04 22:12:17.726562512+00:00,0.9682430624961852,0.2821585834026337,-0.7820894122123718
9.2265625,2026-05-04 22:12:17.734375012+00:00,0.9504965543746948,0.322783887386322,-0.7409871816635132
9.234375,2026-05-04 22:12:17.742187512+00:00,0.9317033886909484,0.3631609380245209,-0.6977783441543579
9.2421875,2026-05-04 22:12:17.750000012+00:00,0.9129414558410645,0.3997826874256134,-0.6540312767028809
9.25,2026-05-04 22:12:17.757812512+00:00,0.896866500377655,0.42914217710495,-0.6042411923408508
9.2578125,2026-05-04 22:12:17.765625012+00:00,0.8850094676017761,0.4534583985805511,-0.5429491400718689
9.265625,2026-05-04 22:12:17.773437512+00:00,0.8733711838722229,0.472762405872345,-0.4718775153160095
9.2734375,2026-05-04 22:12:17.781250012+00:00,0.8624826669692993,0.4877990484237671,-0.3890579640865326
9.28125,2026-05-04 22:12:17.789062512+00:00,0.8569056987762451,0.4962872266769409,-0.2969508469104767
9.2890625,2026-05-04 22:12:17.796875012+00:00,0.8564994931221008,0.4944251179695129,-0.1995848268270493
9.296875,2026-05-04 22:12:17.804687512+00:00,0.8593270778656006,0.4834230542182922,-0.102680116891861
9.3046875,2026-05-04 22:12:17.812500012+00:00,0.8646228909492493,0.4642276763916016,-0.0121721718460321
9.3125,2026-05-04 22:12:17.820312512+00:00,0.8727931380271912,0.4379872679710388,0.0718006268143653
9.3203125,2026-05-04 22:12:17.828125012+00:00,0.8830255270004272,0.4035379886627197,0.1548354476690292
9.328125,2026-05-04 22:12:17.835937512+00:00,0.8983349800109863,0.3656282424926758,0.2416990846395493
9.3359375,2026-05-04 22:12:17.843750012+00:00,0.9154565930366516,0.3275012671947479,0.3321301639080048
9.34375,2026-05-04 22:12:17.851562512+00:00,0.9278135299682616,0.2911123037338257,0.4211926758289337
9.3515625,2026-05-04 22:12:17.859375012+00:00,0.9436854124069214,0.2567250728607178,0.5097631216049194
9.359375,2026-05-04 22:12:17.867187512+00:00,0.9601508975028992,0.2232379168272018,0.5921982526779175
9.3671875,2026-05-04 22:12:17.875000012+00:00,0.972351610660553,0.1933818757534027,0.6577496528625488
9.375,2026-05-04 22:12:17.882812512+00:00,0.9814279079437256,0.1686156392097473,0.7088621854782104
9.3828125,2026-05-04 22:12:17.890625012+00:00,0.9886452555656432,0.1503357887268066,0.7515789866447449
9.390625,2026-05-04 22:12:17.898437512+00:00,0.993097484111786,0.1391940861940384,0.7905284762382507
9.3984375,2026-05-04 22:12:17.906250012+00:00,0.9935036897659302,0.1398303210735321,0.8283708095550537
9.40625,2026-05-04 22:12:17.914062512+00:00,0.9898325204849244,0.1516703218221664,0.8616769909858704
9.4140625,2026-05-04 22:12:17.921875012+00:00,0.9809592962265016,0.1714088171720505,0.8862953186035156
9.421875,2026-05-04 22:12:17.929687512+00:00,0.9725546836853028,0.1961440294981003,0.9010570645332336
9.4296875,2026-05-04 22:12:17.937500012+00:00,0.959416687488556,0.226031094789505,0.898642897605896
9.4375,2026-05-04 22:12:17.945312512+00:00,0.945185124874115,0.2585561573505402,0.8798370361328125
9.4453125,2026-05-04 22:12:17.953125012+00:00,0.9309847950935364,0.2927261292934418,0.8498983383178711
9.453125,2026-05-04 22:12:17.960937512+00:00,0.9134257435798644,0.3302789330482483,0.8100570440292358
9.4609375,2026-05-04 22:12:17.968750012+00:00,0.8957417607307434,0.3690887093544006,0.7667559385299683
9.46875,2026-05-04 22:12:17.976562512+00:00,0.8794949650764465,0.4072777330875397,0.7218709588050842
9.4765625,2026-05-04 22:12:17.984375012+00:00,0.8671848773956299,0.4408735334873199,0.6728804111480713
9.484375,2026-05-04 22:12:17.992187512+00:00,0.8562339544296265,0.4685571193695068,0.6124187707901001
9.4921875,2026-05-04 22:12:18.000000012+00:00,0.8483760952949524,0.4879697561264038,0.5391175150871277
9.5,2026-05-04 22:12:18.007812512+00:00,0.842174232006073,0.4964579343795776,0.453422486782074
9.5078125,2026-05-04 22:12:18.015625012+00:00,0.8443143963813782,0.4953251481056213,0.3620688319206238
9.515625,2026-05-04 22:12:18.023437512+00:00,0.8485948443412781,0.486154168844223,0.2677320241928101
9.5234375,2026-05-04 22:12:18.031250012+00:00,0.8561714291572571,0.470853716135025,0.1736720502376556
9.53125,2026-05-04 22:12:18.039062512+00:00,0.8669505715370178,0.4490358531475067,0.0842558518052101
9.5390625,2026-05-04 22:12:18.046875012+00:00,0.8818851113319397,0.4202195107936859,0.0003291796892881
9.546875,2026-05-04 22:12:18.054687512+00:00,0.9007095098495483,0.3873995840549469,-0.0830593034625053
9.5546875,2026-05-04 22:12:18.062500012+00:00,0.9177061319351196,0.3523451089859009,-0.1704918891191483
9.5625,2026-05-04 22:12:18.070312512+00:00,0.9359681606292723,0.3144043385982513,-0.2602925002574921
9.5703125,2026-05-04 22:12:18.078125012+00:00,0.9548707008361816,0.2757652997970581,-0.3487553298473358
9.578125,2026-05-04 22:12:18.085937512+00:00,0.9718673229217528,0.2395159751176834,-0.4316825270652771
9.5859375,2026-05-04 22:12:18.093750012+00:00,0.986723780632019,0.208527147769928,-0.5059525370597839
9.59375,2026-05-04 22:12:18.101562512+00:00,0.9994868636131288,0.1850333511829376,-0.5666140913963318
9.6015625,2026-05-04 22:12:18.109375012+00:00,1.009766101837158,0.16877081990242,-0.6144821047782898
9.609375,2026-05-04 22:12:18.117187512+00:00,1.017217755317688,0.1597239971160889,-0.6528626680374146
9.6171875,2026-05-04 22:12:18.125000012+00:00,1.020061016082764,0.1571480631828308,-0.6881370544433594
9.625,2026-05-04 22:12:18.132812512+00:00,1.02001416683197,0.1604843586683273,-0.7205514311790466
9.6328125,2026-05-04 22:12:18.140625012+00:00,1.017764568328857,0.1689104735851288,-0.7500287890434265
9.640625,2026-05-04 22:12:18.148437512+00:00,1.013218641281128,0.183357447385788,-0.7694804668426514
9.6484375,2026-05-04 22:12:18.156250012+00:00,1.001986384391785,0.2076426297426224,-0.7774917483329773
9.65625,2026-05-04 22:12:18.164062512+00:00,0.9853490591049194,0.2405401468276978,-0.7701570391654968
9.6640625,2026-05-04 22:12:18.171875012+00:00,0.9692584872245787,0.2772549986839294,-0.7435858845710754
9.671875,2026-05-04 22:12:18.179687512+00:00,0.9540427327156068,0.3158785402774811,-0.7053744792938232
9.6796875,2026-05-04 22:12:18.187500012+00:00,0.9363743662834167,0.3534934222698212,-0.663564920425415
9.6875,2026-05-04 22:12:18.195312512+00:00,0.9193776845932008,0.3883151113986969,-0.6194334626197815
9.6953125,2026-05-04 22:12:18.203125012+00:00,0.9036620259284972,0.4175194203853607,-0.5719344615936279
9.703125,2026-05-04 22:12:18.210937512+00:00,0.8907271027565002,0.4408269822597504,-0.517362117767334
9.7109375,2026-05-04 22:12:18.218750012+00:00,0.8809946775436401,0.4594482183456421,-0.4537636339664459
9.71875,2026-05-04 22:12:18.226562512+00:00,0.8712621927261353,0.4737245142459869,-0.3801547884941101
9.7265625,2026-05-04 22:12:18.234375012+00:00,0.8651696443557739,0.4815764427185059,-0.295905202627182
9.734375,2026-05-04 22:12:18.242187512+00:00,0.8631387948989868,0.4818092286586761,-0.2031983733177185
9.7421875,2026-05-04 22:12:18.250000012+00:00,0.8654352426528931,0.4738331139087677,-0.1101225018501282
9.75,2026-05-04 22:12:18.257812512+00:00,0.8691064119338989,0.4585792422294617,-0.0222439896315336
9.7578125,2026-05-04 22:12:18.265625012+00:00,0.8773235082626343,0.4352871775627136,0.0606831908226013
9.765625,2026-05-04 22:12:18.273437512+00:00,0.8872590661048889,0.4045466184616089,0.1390588283538818
9.7734375,2026-05-04 22:12:18.281250012+00:00,0.8987880349159241,0.3695076704025269,0.2165426164865494
9.78125,2026-05-04 22:12:18.289062512+00:00,0.9134101271629332,0.3342514634132385,0.2989777326583862
9.7890625,2026-05-04 22:12:18.296875012+00:00,0.9271417856216432,0.2996625304222107,0.3829813003540039
9.796875,2026-05-04 22:12:18.304687512+00:00,0.9421075582504272,0.2671995162963867,0.4678151905536652
9.8046875,2026-05-04 22:12:18.312500012+00:00,0.955620527267456,0.2372659146785736,0.5470519661903381
9.8125,2026-05-04 22:12:18.320312512+00:00,0.9678837060928344,0.2099702805280685,0.6133260130882263
9.8203125,2026-05-04 22:12:18.328125012+00:00,0.9759602546691896,0.1856385469436646,0.6661761403083801
9.828125,2026-05-04 22:12:18.335937512+00:00,0.9845367074012756,0.1675294041633606,0.7080625891685486
9.8359375,2026-05-04 22:12:18.343750012+00:00,0.9890670776367188,0.1563411355018616,0.7440136075019836
9.84375,2026-05-04 22:12:18.351562512+00:00,0.9888639450073242,0.1552859395742416,0.7765663266181946
9.8515625,2026-05-04 22:12:18.359375012+00:00,0.9851146936416626,0.1637430787086487,0.807596743106842
9.859375,2026-05-04 22:12:18.367187512+00:00,0.978990912437439,0.1807970255613327,0.8338910937309265
9.8671875,2026-05-04 22:12:18.375000012+00:00,0.970211386680603,0.2036080360412598,0.8496984839439392
9.875,2026-05-04 22:12:18.382812512+00:00,0.9596197605133056,0.2317726463079453,0.8510670065879822
9.8828125,2026-05-04 22:12:18.390625012+00:00,0.9461067914962769,0.2620631754398346,0.8370433449745178
9.890625,2026-05-04 22:12:18.398437512+00:00,0.931531548500061,0.2933313250541687,0.811179518699646
9.8984375,2026-05-04 22:12:18.406250012+00:00,0.9180967211723328,0.3262753784656525,0.7767508625984192
9.90625,2026-05-04 22:12:18.414062512+00:00,0.9019123911857604,0.3616712391376495,0.7343723177909851
9.9140625,2026-05-04 22:12:18.421875012+00:00,0.8856343626976013,0.3968963921070099,0.6885955333709717
9.921875,2026-05-04 22:12:18.429687512+00:00,0.8733242750167847,0.428211122751236,0.6419883966445923
9.9296875,2026-05-04 22:12:18.437500012+00:00,0.8644354343414307,0.4540480673313141,0.5893228054046631
9.9375,2026-05-04 22:12:18.445312512+00:00,0.8568275570869446,0.4725762009620667,0.5242327451705933
9.9453125,2026-05-04 22:12:18.453125012+00:00,0.8507662415504456,0.483593761920929,0.4457955956459045
9.953125,2026-05-04 22:12:18.460937512+00:00,0.8514067530632019,0.4842610061168671,0.3608233034610748
9.9609375,2026-05-04 22:12:18.468750012+00:00,0.8555309176445007,0.4758814573287964,0.2719914019107819
9.96875,2026-05-04 22:12:18.476562512+00:00,0.8621077537536621,0.4605810046195984,0.1827443689107895
9.9765625,2026-05-04 22:12:18.484375012+00:00,0.8721213936805725,0.4413856267929077,0.0958345979452133
9.984375,2026-05-04 22:12:18.492187512+00:00,0.8844783306121826,0.4161693751811981,0.0124461119994521
9.9921875,2026-05-04 22:12:18.500000012+00:00,0.9022404551506042,0.3859098851680756,-0.0654220879077911
10.0,2026-05-04 22:12:18.507812512+00:00,0.9195026755332948,0.3532296121120453,-0.1444435566663742
10.0078125,2026-05-04 22:12:18.515625012+00:00,0.9348121285438538,0.3190596699714661,-0.2268171608448029
10.015625,2026-05-04 22:12:18.523437512+00:00,0.9504340887069702,0.2847965955734253,-0.3098981082439423
10.0234375,2026-05-04 22:12:18.531250012+00:00,0.9672120213508606,0.2514180243015289,-0.3893809020519257
10.03125,2026-05-04 22:12:18.539062512+00:00,0.9829901456832886,0.2217947691679001,-0.4613751471042633
10.0390625,2026-05-04 22:12:18.546875012+00:00,0.995393931865692,0.1992165297269821,-0.5230669379234314
10.046875,2026-05-04 22:12:18.554687512+00:00,1.003001809120178,0.183357447385788,-0.5724111795425415
10.0546875,2026-05-04 22:12:18.562500012+00:00,1.009141206741333,0.1749003082513809,-0.6108993291854858
10.0625,2026-05-04 22:12:18.570312512+00:00,1.013546586036682,0.1723088473081589,-0.6417452096939087
10.0703125,2026-05-04 22:12:18.578125012+00:00,1.014718294143677,0.1749778836965561,-0.6705767512321472
10.078125,2026-05-04 22:12:18.585937512+00:00,1.011656403541565,0.1829539835453033,-0.6982703804969788
10.0859375,2026-05-04 22:12:18.593750012+00:00,1.00620436668396,0.1967336982488632,-0.7193673849105835
10.09375,2026-05-04 22:12:18.601562512+00:00,0.9977840781211852,0.2169997990131378,-0.7299466729164124
10.1015625,2026-05-04 22:12:18.609375012+00:00,0.9844898581504822,0.2456609755754471,-0.7257026433944702
10.109375,2026-05-04 22:12:18.617187512+00:00,0.9694771766662598,0.2793964445590973,-0.7040674686431885
10.1171875,2026-05-04 22:12:18.625000012+00:00,0.9535428285598756,0.3151026368141174,-0.6704537272453308
10.125,2026-05-04 22:12:18.632812512+00:00,0.9375459551811218,0.350203663110733,-0.6303202509880066
10.1328125,2026-05-04 22:12:18.640625012+00:00,0.9229238629341124,0.3826201260089874,-0.587019145488739
10.140625,2026-05-04 22:12:18.648437512+00:00,0.908161163330078,0.4104899168014526,-0.542749285697937
10.1484375,2026-05-04 22:12:18.656250012+00:00,0.8959916830062866,0.4327888190746307,-0.4922671914100647
10.15625,2026-05-04 22:12:18.664062512+00:00,0.885025143623352,0.4496876001358032,-0.4345733523368835
10.1640625,2026-05-04 22:12:18.671875012+00:00,0.8780421018600464,0.4624121189117432,-0.3665155470371246
10.171875,2026-05-04 22:12:18.679687512+00:00,0.8717933297157288,0.4690847098827362,-0.2887549996376038
10.1796875,2026-05-04 22:12:18.687500012+00:00,0.8701843023300171,0.46958127617836,-0.2039518505334854
10.1875,2026-05-04 22:12:18.695312512+00:00,0.8719183206558228,0.4629241824150085,-0.1162886023521423
10.1953125,2026-05-04 22:12:18.703125012+00:00,0.8760581612586975,0.4481668472290039,-0.0304398331791162
10.203125,2026-05-04 22:12:18.710937512+00:00,0.8828224539756775,0.4261938035488129,0.0497195199131965
10.2109375,2026-05-04 22:12:18.718750012+00:00,0.8918675184249878,0.3990223407745361,0.1244816109538078
10.21875,2026-05-04 22:12:18.726562512+00:00,0.902927815914154,0.3668231070041656,0.1979674249887466
10.2265625,2026-05-04 22:12:18.734375012+00:00,0.9160502552986144,0.3336773216724396,0.2729755342006683
10.234375,2026-05-04 22:12:18.742187512+00:00,0.9299381375312804,0.3017884492874146,0.3509359955787659
10.2421875,2026-05-04 22:12:18.750000012+00:00,0.9417951703071594,0.2712962031364441,0.4293577671051025
10.25,2026-05-04 22:12:18.757812512+00:00,0.9541051983833312,0.2441557645797729,0.505196213722229
10.2578125,2026-05-04 22:12:18.765625012+00:00,0.965337336063385,0.2195291817188263,0.5715933442115784
10.265625,2026-05-04 22:12:18.773437512+00:00,0.97341388463974,0.1988441050052643,0.6246126294136047
10.2734375,2026-05-04 22:12:18.781250012+00:00,0.9806312322616576,0.1826281100511551,0.6670218706130981
10.28125,2026-05-04 22:12:18.789062512+00:00,0.9831776022911072,0.1722467690706253,0.7008969783782959
10.2890625,2026-05-04 22:12:18.796875012+00:00,0.984224259853363,0.1695156693458557,0.730743408203125
10.296875,2026-05-04 22:12:18.804687512+00:00,0.9820840358734132,0.1765141487121582,0.7593289017677307
10.3046875,2026-05-04 22:12:18.812500012+00:00,0.976616382598877,0.1916904449462891,0.7835166454315186
10.3125,2026-05-04 22:12:18.820312512+00:00,0.9677900075912476,0.212872102856636,0.800923228263855
10.3203125,2026-05-04 22:12:18.828125012+00:00,0.957995057106018,0.2392211407423019,0.8062435984611511
10.328125,2026-05-04 22:12:18.835937512+00:00,0.9451225996017456,0.2675874531269073,0.7967560887336731
10.3359375,2026-05-04 22:12:18.843750012+00:00,0.9314221739768982,0.29764524102211,0.7731680274009705
10.34375,2026-05-04 22:12:18.851562512+00:00,0.9188621640205384,0.3280288875102997,0.7413687705993652
10.3515625,2026-05-04 22:12:18.859375012+00:00,0.9052398800849916,0.3588470220565796,0.7027729749679565
10.359375,2026-05-04 22:12:18.867187512+00:00,0.8912582397460938,0.390316903591156,0.6598255038261414
10.3671875,2026-05-04 22:12:18.875000012+00:00,0.8790262937545776,0.4192263782024384,0.6141717433929443
10.375,2026-05-04 22:12:18.882812512+00:00,0.8695125579833984,0.4435270726680756,0.5636588931083679
10.3828125,2026-05-04 22:12:18.890625012+00:00,0.863404393196106,0.4602396190166473,0.5054422616958618
10.390625,2026-05-04 22:12:18.898437512+00:00,0.8603581190109253,0.4701864719390869,0.4362158477306366
10.3984375,2026-05-04 22:12:18.906250012+00:00,0.8586865663528442,0.4715675413608551,0.3554260432720184
10.40625,2026-05-04 22:12:18.914062512+00:00,0.862342119216919,0.464522510766983,0.2722374498844147
10.4140625,2026-05-04 22:12:18.921875012+00:00,0.8689970374107361,0.4500134587287903,0.1880801320075989
10.421875,2026-05-04 22:12:18.929687512+00:00,0.8782139420509338,0.431733638048172,0.105706512928009
10.4296875,2026-05-04 22:12:18.937500012+00:00,0.8897898197174072,0.4088605344295502,0.0261314790695905
10.4375,2026-05-04 22:12:18.945312512+00:00,0.9041932225227356,0.3815649151802063,-0.050168290734291
10.4453125,2026-05-04 22:12:18.953125012+00:00,0.9207993149757384,0.3510571420192719,-0.124392181634903
10.453125,2026-05-04 22:12:18.960937512+00:00,0.9365462064743042,0.3191837966442108,-0.2001230120658875
10.4609375,2026-05-04 22:12:18.968750012+00:00,0.9511682987213136,0.287775993347168,-0.2773300111293793
10.46875,2026-05-04 22:12:18.976562512+00:00,0.9658841490745544,0.2581371963024139,-0.3519383370876312
10.4765625,2026-05-04 22:12:18.984375012+00:00,0.9786940813064576,0.2303294986486435,-0.4213800430297852
10.484375,2026-05-04 22:12:18.992187512+00:00,0.9913010001182556,0.2085581719875336,-0.4813957810401917
10.4921875,2026-05-04 22:12:19.000000012+00:00,0.9997212290763856,0.1932111829519272,-0.5317240953445435
10.5,2026-05-04 22:12:19.007812512+00:00,1.004860877990723,0.1854368150234222,-0.5712117552757263
10.5078125,2026-05-04 22:12:19.015625012+00:00,1.007891535758972,0.1840091943740845,-0.6020883917808533
10.515625,2026-05-04 22:12:19.023437512+00:00,1.009031891822815,0.1879041343927383,-0.6277984380722046
10.5234375,2026-05-04 22:12:19.031250012+00:00,1.006173133850098,0.1960974633693695,-0.650786817073822
10.53125,2026-05-04 22:12:19.039062512+00:00,1.000174283981323,0.2098927050828934,-0.6703768372535706
10.5390625,2026-05-04 22:12:19.046875012+00:00,0.9919571280479432,0.2298018932342529,-0.682739794254303
10.546875,2026-05-04 22:12:19.054687512+00:00,0.9802875518798828,0.2554991841316223,-0.6821093559265137
10.5546875,2026-05-04 22:12:19.062500012+00:00,0.967696249485016,0.2857897281646729,-0.6658560633659363
10.5625,2026-05-04 22:12:19.070312512+00:00,0.951699435710907,0.3191837966442108,-0.6365017294883728
10.5703125,2026-05-04 22:12:19.078125012+00:00,0.9370148181915284,0.3523451089859009,-0.5989207625389099
10.578125,2026-05-04 22:12:19.085937512+00:00,0.9224239587783812,0.3827442824840546,-0.5568498373031616
10.5859375,2026-05-04 22:12:19.093750012+00:00,0.9096608757972716,0.4088605344295502,-0.513456404209137
10.59375,2026-05-04 22:12:19.101562512+00:00,0.899006724357605,0.4296697676181793,-0.466434121131897
10.6015625,2026-05-04 22:12:19.109375012+00:00,0.8892117738723755,0.4455133378505707,-0.4124307334423065
10.609375,2026-05-04 22:12:19.117187512+00:00,0.8819944858551025,0.4557860493659973,-0.351031094789505
10.6171875,2026-05-04 22:12:19.125000012+00:00,0.8766205310821533,0.4608758389949799,-0.2796365320682526
10.625,2026-05-04 22:12:19.132812512+00:00,0.8761674761772156,0.4593706429004669,-0.1999846249818802
10.6328125,2026-05-04 22:12:19.140625012+00:00,0.877526581287384,0.4525583684444427,-0.1185951232910156
10.640625,2026-05-04 22:12:19.148437512+00:00,0.8822600245475769,0.4382665753364563,-0.0373286455869674
10.6484375,2026-05-04 22:12:19.156250012+00:00,0.8891961574554443,0.4175349473953247,0.0394939333200454
10.65625,2026-05-04 22:12:19.164062512+00:00,0.8971477150917053,0.3907048404216766,0.1123800501227379
10.6640625,2026-05-04 22:12:19.171875012+00:00,0.9089891314506532,0.3609884679317474,0.1830519139766693
10.671875,2026-05-04 22:12:19.179687512+00:00,0.919783890247345,0.3293478786945343,0.2531855702400208
10.6796875,2026-05-04 22:12:19.187500012+00:00,0.932843804359436,0.2980952560901642,0.3257641494274139
10.6875,2026-05-04 22:12:19.195312512+00:00,0.943982183933258,0.2689530253410339,0.3980351984500885
10.6953125,2026-05-04 22:12:19.203125012+00:00,0.9558548927307128,0.2433333247900009,0.4681688547134399
10.703125,2026-05-04 22:12:19.210937512+00:00,0.965337336063385,0.2216551154851913,0.5321979522705078
10.7109375,2026-05-04 22:12:19.218750012+00:00,0.9739137887954712,0.2039494216442108,0.5865088701248169
10.71875,2026-05-04 22:12:19.226562512+00:00,0.9783504009246826,0.1906818002462387,0.6292718052864075
10.7265625,2026-05-04 22:12:19.234375012+00:00,0.9810061454772948,0.182876393198967,0.6632391810417175
10.734375,2026-05-04 22:12:19.242187512+00:00,0.9811155200004578,0.1821005046367645,0.6915478706359863
10.7421875,2026-05-04 22:12:19.250000012+00:00,0.9774287343025208,0.189114511013031,0.7163199782371521
10.75,2026-05-04 22:12:19.257812512+00:00,0.9735076427459716,0.2044304758310318,0.7389853596687317
10.7578125,2026-05-04 22:12:19.265625012+00:00,0.9636033177375792,0.225224182009697,0.7547927498817444
10.765625,2026-05-04 22:12:19.273437512+00:00,0.952761709690094,0.2508904337882996,0.7619583606719971
10.7734375,2026-05-04 22:12:19.281250012+00:00,0.94173264503479,0.279163658618927,0.756361186504364
10.78125,2026-05-04 22:12:19.289062512+00:00,0.9297975301742554,0.3077162206172943,0.7376783490180969
10.7890625,2026-05-04 22:12:19.296875012+00:00,0.9170031547546388,0.3363153338432312,0.708493173122406
10.796875,2026-05-04 22:12:19.304687512+00:00,0.9041306972503662,0.3651161789894104,0.6715580224990845
10.8046875,2026-05-04 22:12:19.312500012+00:00,0.891664445400238,0.393141120672226,0.6299945116043091
10.8125,2026-05-04 22:12:19.320312512+00:00,0.8806353807449341,0.418667733669281,0.5864627361297607
10.8203125,2026-05-04 22:12:19.328125012+00:00,0.8729805946350098,0.4400355815887451,0.5393788814544678
10.828125,2026-05-04 22:12:19.335937512+00:00,0.8674660921096802,0.4553050100803375,0.4850064814090729
10.8359375,2026-05-04 22:12:19.343750012+00:00,0.8646853566169739,0.4630638360977173,0.4214233458042145
10.84375,2026-05-04 22:12:19.351562512+00:00,0.8642479777336121,0.4627535045146942,0.3485679626464844
10.8515625,2026-05-04 22:12:19.359375012+00:00,0.8684033751487732,0.4545446336269379,0.2703922390937805
10.859375,2026-05-04 22:12:19.367187512+00:00,0.8753395080566406,0.4403769671916962,0.1904942840337753
10.8671875,2026-05-04 22:12:19.375000012+00:00,0.8846657872200012,0.4208246767520905,0.111103780567646
10.875,2026-05-04 22:12:19.382812512+00:00,0.895929217338562,0.3977964222431183,0.0349577739834785
10.8828125,2026-05-04 22:12:19.390625012+00:00,0.909332811832428,0.3712301254272461,-0.0377591997385025
10.890625,2026-05-04 22:12:19.398437512+00:00,0.9248453974723816,0.3428482711315155,-0.1085848212242126
10.8984375,2026-05-04 22:12:19.406250012+00:00,0.9402329325675964,0.3128060400485992,-0.1787031143903732
10.90625,2026-05-04 22:12:19.414062512+00:00,0.9543238878250122,0.2839431166648865,-0.2500054240226746
10.9140625,2026-05-04 22:12:19.421875012+00:00,0.9673213362693788,0.2563992142677307,-0.3198930621147156
10.921875,2026-05-04 22:12:19.429687512+00:00,0.979334592819214,0.2316174656152725,-0.3853367865085602
10.9296875,2026-05-04 22:12:19.437500012+00:00,0.9898169040679932,0.2113979160785675,-0.4447528123855591
10.9375,2026-05-04 22:12:19.445312512+00:00,0.9980496764183044,0.1985027194023132,-0.4944968223571777
10.9453125,2026-05-04 22:12:19.453125012+00:00,1.002689361572266,0.1916904449462891,-0.5341690182685852
10.953125,2026-05-04 22:12:19.460937512+00:00,1.004314064979553,0.1914421617984772,-0.5643229484558105
10.9609375,2026-05-04 22:12:19.468750012+00:00,1.004454731941223,0.1969974935054779,-0.5878341197967529
10.96875,2026-05-04 22:12:19.476562512+00:00,1.00081479549408,0.2074564248323441,-0.6088849902153015
10.9765625,2026-05-04 22:12:19.484375012+00:00,0.9944878816604614,0.2230516970157623,-0.627091109752655
10.984375,2026-05-04 22:12:19.492187512+00:00,0.9871611595153807,0.243100568652153,-0.6382085680961609
10.9921875,2026-05-04 22:12:19.500000012+00:00,0.975210428237915,0.2675719559192657,-0.6395463347434998
11.0,2026-05-04 22:12:19.507812512+00:00,0.9610881805419922,0.2964814007282257,-0.6277984380722046
11.0078125,2026-05-04 22:12:19.515625012+00:00,0.9480282664299012,0.3277029991149902,-0.602303683757782
11.015625,2026-05-04 22:12:19.523437512+00:00,0.9353745579719543,0.3585366606712341,-0.5673829317092896
11.0234375,2026-05-04 22:12:19.531250012+00:00,0.9211898446083068,0.3873530328273773,-0.5277414917945862
11.03125,2026-05-04 22:12:19.539062512+00:00,0.9095515012741088,0.4115140736103058,-0.4858396649360657
11.0390625,2026-05-04 22:12:19.546875012+00:00,0.8983505964279175,0.4299956560134888,-0.4409701228141785
11.046875,2026-05-04 22:12:19.554687512+00:00,0.8909457921981812,0.4434029161930084,-0.3901651203632355
11.0546875,2026-05-04 22:12:19.562500012+00:00,0.8848532438278198,0.4515186846256256,-0.3325020372867584
11.0625,2026-05-04 22:12:19.570312512+00:00,0.8810571432113647,0.454637736082077,-0.2678886651992798
11.0703125,2026-05-04 22:12:19.578125012+00:00,0.8802917003631592,0.4515807628631592,-0.1953869611024857
11.078125,2026-05-04 22:12:19.585937512+00:00,0.8835878968238831,0.4431236088275909,-0.1186412572860718
11.0859375,2026-05-04 22:12:19.593750012+00:00,0.8881963491439819,0.4280559420585632,-0.0415880233049392
11.09375,2026-05-04 22:12:19.601562512+00:00,0.8938202261924744,0.407836377620697,0.0324205979704856
11.1015625,2026-05-04 22:12:19.609375012+00:00,0.9032246470451356,0.3825114965438843,0.1035537570714951
11.109375,2026-05-04 22:12:19.617187512+00:00,0.91384756565094,0.3535244464874268,0.1705966889858246
11.1171875,2026-05-04 22:12:19.625000012+00:00,0.9255170822143556,0.3226752877235413,0.2359789162874222
11.125,2026-05-04 22:12:19.632812512+00:00,0.9365930557250975,0.293160617351532,0.3020223379135132
11.1328125,2026-05-04 22:12:19.640625012+00:00,0.9477627277374268,0.2657874226570129,0.3695419430732727
11.140625,2026-05-04 22:12:19.648437512+00:00,0.9579482078552246,0.2419367283582687,0.4364311099052429
11.1484375,2026-05-04 22:12:19.656250012+00:00,0.966774582862854,0.2221516817808151,0.4986149668693542
11.15625,2026-05-04 22:12:19.664062512+00:00,0.9733514189720154,0.2071460634469986,0.551434338092804
11.1640625,2026-05-04 22:12:19.671875012+00:00,0.9775224328041076,0.1962371319532394,0.593489944934845
11.171875,2026-05-04 22:12:19.679687512+00:00,0.9800063371658324,0.1903869658708572,0.626919150352478
11.1796875,2026-05-04 22:12:19.687500012+00:00,0.9792721271514891,0.1908214539289474,0.6546589136123657
11.1875,2026-05-04 22:12:19.695312512+00:00,0.9757415652275084,0.1993406713008881,0.6778932809829712
11.1953125,2026-05-04 22:12:19.703125012+00:00,0.9687585830688475,0.2146566361188889,0.6980830430984497
11.203125,2026-05-04 22:12:19.710937512+00:00,0.9603383541107178,0.23543481528759,0.7139673233032227
11.2109375,2026-05-04 22:12:19.718750012+00:00,0.9503090977668762,0.2610234916210175,0.7212405204772949
11.21875,2026-05-04 22:12:19.726562512+00:00,0.9396549463272096,0.2887535989284515,0.7175808548927307
11.2265625,2026-05-04 22:12:19.734375012+00:00,0.9275323152542114,0.3167319893836975,0.7018349766731262
11.234375,2026-05-04 22:12:19.742187512+00:00,0.9152066707611084,0.3440586626529694,0.6756790280342102
11.2421875,2026-05-04 22:12:19.750000012+00:00,0.903271496295929,0.3708577156066895,0.6417270302772522
11.25,2026-05-04 22:12:19.757812512+00:00,0.89141446352005,0.3969584703445435,0.6029313206672668
11.2578125,2026-05-04 22:12:19.765625012+00:00,0.881791353225708,0.420902281999588,0.5613985061645508
11.265625,2026-05-04 22:12:19.773437512+00:00,0.8755426406860352,0.4394614398479462,0.5161752700805664
11.2734375,2026-05-04 22:12:19.781250012+00:00,0.8702311515808105,0.4521859586238861,0.4652780294418335
11.28125,2026-05-04 22:12:19.789062512+00:00,0.8670598864555359,0.4584240615367889,0.4057851135730743
11.2890625,2026-05-04 22:12:19.796875012+00:00,0.8678566217422485,0.4570429921150208,0.3391266167163849
11.296875,2026-05-04 22:12:19.804687512+00:00,0.8734180331230164,0.4483841061592102,0.2670554518699646
11.3046875,2026-05-04 22:12:19.812500012+00:00,0.8805728554725647,0.4333319365978241,0.1905865520238876
11.3125,2026-05-04 22:12:19.820312512+00:00,0.8888680934906006,0.4133917093276978,0.1138562262058258
11.3203125,2026-05-04 22:12:19.828125012+00:00,0.9009281992912292,0.3898824155330658,0.0422310084104538
11.328125,2026-05-04 22:12:19.835937512+00:00,0.914784848690033,0.3637195825576782,-0.0273644682019949
11.3359375,2026-05-04 22:12:19.843750012+00:00,0.928797721862793,0.3360825777053833,-0.0942843779921531
11.34375,2026-05-04 22:12:19.851562512+00:00,0.9418732523918152,0.3082593381404877,-0.1603431850671768
11.3515625,2026-05-04 22:12:19.859375012+00:00,0.9559954404830932,0.281041294336319,-0.2271554470062256
11.359375,2026-05-04 22:12:19.867187512+00:00,0.967477560043335,0.2544129490852356,-0.2927529811859131
11.3671875,2026-05-04 22:12:19.875000012+00:00,0.980537474155426,0.2320830076932907,-0.3543678820133209
11.375,2026-05-04 22:12:19.882812512+00:00,0.9894576072692872,0.2141910940408707,-0.4114773869514465
11.3828125,2026-05-04 22:12:19.890625012+00:00,0.9959250688552856,0.2021338492631912,-0.4592377841472626
11.390625,2026-05-04 22:12:19.898437512+00:00,1.000221133232117,0.196749210357666,-0.4976952075958252
11.3984375,2026-05-04 22:12:19.906250012+00:00,1.001127243041992,0.1975250989198685,-0.5275723338127136
11.40625,2026-05-04 22:12:19.914062512+00:00,1.000846028327942,0.2042597830295563,-0.5514218211174011
11.4140625,2026-05-04 22:12:19.921875012+00:00,0.9976903200149536,0.2158980518579483,-0.5710887312889099
11.421875,2026-05-04 22:12:19.929687512+00:00,0.9912384748458862,0.2314157336950302,-0.587249755859375
11.4296875,2026-05-04 22:12:19.937500012+00:00,0.9813029766082764,0.2523646056652069,-0.5986286401748657
11.4375,2026-05-04 22:12:19.945312512+00:00,0.9717267155647278,0.2774101793766022,-0.5994128584861755
11.4453125,2026-05-04 22:12:19.953125012+00:00,0.9585261940956116,0.3048609793186188,-0.5898792147636414
11.453125,2026-05-04 22:12:19.960937512+00:00,0.9454194307327272,0.3346239030361176,-0.5676289796829224
11.4609375,2026-05-04 22:12:19.968750012+00:00,0.9325782060623168,0.3634712994098663,-0.5361372232437134
11.46875,2026-05-04 22:12:19.976562512+00:00,0.9197682738304138,0.3900065422058105,-0.4995865225791931
11.4765625,2026-05-04 22:12:19.984375012+00:00,0.9083173871040344,0.4130037724971771,-0.4596375823020935
11.484375,2026-05-04 22:12:19.992187512+00:00,0.8998190760612488,0.4312991201877594,-0.4167208671569824
11.4921875,2026-05-04 22:12:20.000000012+00:00,0.8917112946510315,0.4430925846099854,-0.3695294260978699
11.5,2026-05-04 22:12:20.007812512+00:00,0.8871184587478638,0.4496099948883057,-0.3152492642402649
11.5078125,2026-05-04 22:12:20.015625012+00:00,0.8848220109939575,0.4508203864097595,-0.2544646859169006
11.515625,2026-05-04 22:12:20.023437512+00:00,0.8832754492759705,0.4464909434318542,-0.1874986439943314
11.5234375,2026-05-04 22:12:20.031250012+00:00,0.8861654996871948,0.4368544518947601,-0.1155966520309448
11.53125,2026-05-04 22:12:20.039062512+00:00,0.8923205733299255,0.4219109117984772,-0.042787417769432
11.5390625,2026-05-04 22:12:20.046875012+00:00,0.8981631398200989,0.401706874370575,0.0271924808621406
11.546875,2026-05-04 22:12:20.054687512+00:00,0.9076456427574158,0.3767854869365692,0.0941739007830619
11.5546875,2026-05-04 22:12:20.062500012+00:00,0.9178467392921448,0.3480467200279236,0.1586335152387619
11.5625,2026-05-04 22:12:20.070312512+00:00,0.928672730922699,0.3181130886077881,0.2211864143610001
11.5703125,2026-05-04 22:12:20.078125012+00:00,0.9393893480300904,0.2899639904499054,0.284031480550766
11.578125,2026-05-04 22:12:20.085937512+00:00,0.949809193611145,0.2646701335906982,0.3477837443351746
11.5859375,2026-05-04 22:12:20.093750012+00:00,0.959166705608368,0.2424643337726593,0.4093217849731445
11.59375,2026-05-04 22:12:20.101562512+00:00,0.967961847782135,0.2237034440040588,0.4670463502407074
11.6015625,2026-05-04 22:12:20.109375012+00:00,0.9743512272834778,0.2090547382831573,0.5176360607147217
11.609375,2026-05-04 22:12:20.117187512+00:00,0.9778192639350892,0.199464812874794,0.5594764351844788
11.6171875,2026-05-04 22:12:20.125000012+00:00,0.9782410860061646,0.1961129903793335,0.5927979946136475
11.625,2026-05-04 22:12:20.132812512+00:00,0.9772568941116332,0.1990458369255066,0.6203532218933105
11.6328125,2026-05-04 22:12:20.140625012+00:00,0.9733670353889464,0.2079840302467346,0.6428033709526062
11.640625,2026-05-04 22:12:20.148437512+00:00,0.9665871262550354,0.2225706577301025,0.6614554524421692
11.6484375,2026-05-04 22:12:20.156250012+00:00,0.9589792490005492,0.2430384904146194,0.6753560900688171
11.65625,2026-05-04 22:12:20.164062512+00:00,0.9488093852996826,0.2675874531269073,0.6812300682067871
11.6640625,2026-05-04 22:12:20.171875012+00:00,0.937952160835266,0.2945416867733002,0.6792310476303101
11.671875,2026-05-04 22:12:20.179687512+00:00,0.9268137216567992,0.3221321702003479,0.6676369309425354
11.6796875,2026-05-04 22:12:20.187500012+00:00,0.9139256477355956,0.3496760725975037,0.6445870995521545
11.6875,2026-05-04 22:12:20.195312512+00:00,0.9018186926841736,0.3757458031177521,0.6122804284095764
11.6953125,2026-05-04 22:12:20.203125012+00:00,0.8930079340934753,0.3996740579605103,0.5758219361305237
11.703125,2026-05-04 22:12:20.210937512+00:00,0.8836659789085388,0.4201263785362244,0.5362113118171692
11.7109375,2026-05-04 22:12:20.218750012+00:00,0.8772610425949097,0.4373199939727783,0.493386834859848
11.71875,2026-05-04 22:12:20.226562512+00:00,0.8726056814193726,0.4500134587287903,0.4451651573181152
11.7265625,2026-05-04 22:12:20.234375012+00:00,0.8702311515808105,0.4548704922199249,0.3902237713336945
11.734375,2026-05-04 22:12:20.242187512+00:00,0.8719651699066162,0.4527445733547211,0.3287472426891327
11.7421875,2026-05-04 22:12:20.250000012+00:00,0.8771829009056091,0.4430925846099854,0.2600589990615845
11.75,2026-05-04 22:12:20.257812512+00:00,0.8837597370147705,0.4269697070121765,0.1884184181690216
11.7578125,2026-05-04 22:12:20.265625012+00:00,0.8934765458106995,0.4068587720394135,0.1169469654560089
11.765625,2026-05-04 22:12:20.273437512+00:00,0.9045212864875792,0.3836753368377686,0.0477051548659801
11.7734375,2026-05-04 22:12:20.281250012+00:00,0.9174405932426452,0.3587694466114044,-0.0177385825663805
11.78125,2026-05-04 22:12:20.289062512+00:00,0.9312503337860109,0.332358330488205,-0.0815216228365898
11.7890625,2026-05-04 22:12:20.296875012+00:00,0.9438884854316713,0.3046437203884125,-0.1450893878936768
11.796875,2026-05-04 22:12:20.304687512+00:00,0.9577451348304749,0.2780774235725403,-0.2075192630290985
11.8046875,2026-05-04 22:12:20.312500012+00:00,0.9694927930831908,0.2531249821186066,-0.2697800099849701
11.8125,2026-05-04 22:12:20.320312512+00:00,0.9808655381202698,0.2331537157297134,-0.3276429772377014
11.8203125,2026-05-04 22:12:20.328125012+00:00,0.9886608719825744,0.2178687900304794,-0.380431592464447
11.828125,2026-05-04 22:12:20.335937512+00:00,0.9938942193984984,0.2067270874977112,-0.4263313710689545
11.8359375,2026-05-04 22:12:20.343750012+00:00,0.9978153109550476,0.2014976292848587,-0.4636355340480804
11.84375,2026-05-04 22:12:20.351562512+00:00,0.9989400506019592,0.2023666203022003,-0.4946967363357544
11.8515625,2026-05-04 22:12:20.359375012+00:00,0.998018443584442,0.2097220122814178,-0.5189305543899536
11.859375,2026-05-04 22:12:20.367187512+00:00,0.9945034980773926,0.2225396186113358,-0.5371059775352478
11.8671875,2026-05-04 22:12:20.375000012+00:00,0.9883328080177308,0.2394228726625443,-0.550529956817627
11.875,2026-05-04 22:12:20.382812512+00:00,0.9779130220413208,0.2601855397224426,-0.5601711869239807
11.8828125,2026-05-04 22:12:20.390625012+00:00,0.9669464230537416,0.284563809633255,-0.5619856715202332
11.890625,2026-05-04 22:12:20.398437512+00:00,0.9551674723625184,0.3108197748661041,-0.5537283420562744
11.8984375,2026-05-04 22:12:20.406250012+00:00,0.9438260197639464,0.3383326232433319,-0.5347687005996704
11.90625,2026-05-04 22:12:20.414062512+00:00,0.9327656626701356,0.3670403659343719,-0.5063677430152893
11.9140625,2026-05-04 22:12:20.421875012+00:00,0.9186590909957886,0.393125593662262,-0.4727540016174316
11.921875,2026-05-04 22:12:20.429687512+00:00,0.9075362682342528,0.4142917394638062,-0.4347732663154602
11.9296875,2026-05-04 22:12:20.437500012+00:00,0.8991629481315613,0.4303059875965118,-0.3923793733119965
11.9375,2026-05-04 22:12:20.445312512+00:00,0.8933516144752502,0.441230446100235,-0.347848117351532
11.9453125,2026-05-04 22:12:20.453125012+00:00,0.8882744908332825,0.4465064704418182,-0.2985192835330963
11.953125,2026-05-04 22:12:20.460937512+00:00,0.8877120614051819,0.4471426904201508,-0.2408562004566193
11.9609375,2026-05-04 22:12:20.468750012+00:00,0.8871653079986572,0.4419597983360291,-0.1786877363920212
11.96875,2026-05-04 22:12:20.476562512+00:00,0.8899772763252258,0.4312215447425842,-0.1108452081680298
11.9765625,2026-05-04 22:12:20.484375012+00:00,0.894741952419281,0.4157348871231079,-0.0429719388484954
11.984375,2026-05-04 22:12:20.492187512+00:00,0.902568519115448,0.3950963616371155,0.0228562168776989
11.9921875,2026-05-04 22:12:20.500000012+00:00,0.9119260311126708,0.370562881231308,0.0870236754417419
12.0,2026-05-04 22:12:20.507812512+00:00,0.9221115112304688,0.343158632516861,0.1488692313432693
12.0078125,2026-05-04 22:12:20.515625012+00:00,0.9315940141677856,0.3152578175067902,0.2081930041313171
12.015625,2026-05-04 22:12:20.523437512+00:00,0.9412639737129213,0.2879156470298767,0.268024206161499
12.0234375,2026-05-04 22:12:20.531250012+00:00,0.9517775177955629,0.2631649374961853,0.3283628225326538
12.03125,2026-05-04 22:12:20.539062512+00:00,0.9612131714820862,0.2418436259031296,0.3853800892829895
12.0390625,2026-05-04 22:12:20.546875012+00:00,0.969024121761322,0.2247276157140732,0.4390759170055389
12.046875,2026-05-04 22:12:20.554687512+00:00,0.9746479988098145,0.2117548286914825,0.4866210520267487
12.0546875,2026-05-04 22:12:20.562500012+00:00,0.9771787524223328,0.2039028704166412,0.5273388624191284
12.0625,2026-05-04 22:12:20.570312512+00:00,0.9769444465637208,0.2016062587499619,0.560937225818634
12.0703125,2026-05-04 22:12:20.578125012+00:00,0.9750229716300964,0.2052684277296066,0.5886923670768738
12.078125,2026-05-04 22:12:20.585937512+00:00,0.9716174006462096,0.2149980217218399,0.6100661158561707
12.0859375,2026-05-04 22:12:20.593750012+00:00,0.9656029343605042,0.2304070889949799,0.6272727847099304
12.09375,2026-05-04 22:12:20.601562512+00:00,0.9570733904838562,0.2505955994129181,0.6390053033828735
12.1015625,2026-05-04 22:12:20.609375012+00:00,0.9468879103660583,0.2744307816028595,0.6455097198486328
12.109375,2026-05-04 22:12:20.617187512+00:00,0.9354682564735411,0.3004849851131439,0.643895149230957
12.1171875,2026-05-04 22:12:20.625000012+00:00,0.924626648426056,0.3274081647396088,0.6339463591575623
12.125,2026-05-04 22:12:20.632812512+00:00,0.9135663509368896,0.3539279103279114,0.6132491230964661
12.1328125,2026-05-04 22:12:20.640625012+00:00,0.9031621813774108,0.3788027763366699,0.5836641192436218
12.140625,2026-05-04 22:12:20.648437512+00:00,0.8935546875,0.4012103080749512,0.5493584871292114
12.1484375,2026-05-04 22:12:20.656250012+00:00,0.8855093717575073,0.4203436374664307,0.5122849345207214
12.15625,2026-05-04 22:12:20.664062512+00:00,0.8780890107154846,0.4357527196407318,0.4713672399520874
12.1640625,2026-05-04 22:12:20.671875012+00:00,0.8744334578514099,0.4464288949966431,0.4264054298400879
12.171875,2026-05-04 22:12:20.679687512+00:00,0.8739335536956787,0.4505100250244141,0.3745086789131165
12.1796875,2026-05-04 22:12:20.687500012+00:00,0.8762143850326538,0.446987509727478,0.3155385553836823
12.1875,2026-05-04 22:12:20.695312512+00:00,0.8809321522712708,0.4368544518947601,0.2515248656272888
12.1953125,2026-05-04 22:12:20.703125012+00:00,0.8875715136528015,0.4213057458400726,0.1848048716783524
12.203125,2026-05-04 22:12:20.710937512+00:00,0.8967102766036987,0.4016137719154358,0.1180079653859138
12.2109375,2026-05-04 22:12:20.718750012+00:00,0.908020555973053,0.3792683184146881,0.053732868283987
12.21875,2026-05-04 22:12:20.726562512+00:00,0.9199869632720948,0.3542382717132568,-0.0093735922127962
12.2265625,2026-05-04 22:12:20.734375012+00:00,0.933890461921692,0.3278116285800934,-0.0715574398636817
12.234375,2026-05-04 22:12:20.742187512+00:00,0.9462317824363708,0.3014315664768219,-0.1327879279851913
12.2421875,2026-05-04 22:12:20.750000012+00:00,0.9584012627601624,0.2760756313800812,-0.1924346089363098
12.25,2026-05-04 22:12:20.757812512+00:00,0.9705082178115844,0.2536370754241943,-0.248882919549942
12.2578125,2026-05-04 22:12:20.765625012+00:00,0.9802094101905824,0.2343796193599701,-0.3018406629562378
12.265625,2026-05-04 22:12:20.773437512+00:00,0.9872549176216124,0.2202585190534592,-0.3521074950695038
12.2734375,2026-05-04 22:12:20.781250012+00:00,0.9921289682388306,0.2108237594366074,-0.3960236608982086
12.28125,2026-05-04 22:12:20.789062512+00:00,0.9956282377243042,0.206758126616478,-0.4331586956977844
12.2890625,2026-05-04 22:12:20.796875012+00:00,0.9978309273719788,0.2084185183048248,-0.4634817838668823
12.296875,2026-05-04 22:12:20.804687512+00:00,0.99584698677063,0.2161773592233658,-0.4871928095817566
12.3046875,2026-05-04 22:12:20.812500012+00:00,0.99039489030838,0.2289794683456421,-0.5051836967468262
12.3125,2026-05-04 22:12:20.820312512+00:00,0.9837243556976318,0.2463748008012772,-0.5178388357162476
12.3203125,2026-05-04 22:12:20.828125012+00:00,0.9749135971069336,0.2667960524559021,-0.5253580808639526
12.328125,2026-05-04 22:12:20.835937512+00:00,0.964759349822998,0.2910036742687225,-0.526296079158783
12.3359375,2026-05-04 22:12:20.843750012+00:00,0.9531991481781006,0.3171199560165405,-0.5193765163421631
12.34375,2026-05-04 22:12:20.851562512+00:00,0.9418107867240906,0.3431276082992554,-0.5018776655197144
12.3515625,2026-05-04 22:12:20.859375012+00:00,0.9300162196159364,0.3694455921649933,-0.4765366911888123
12.359375,2026-05-04 22:12:20.867187512+00:00,0.9177217483520508,0.3935911357402802,-0.44610595703125
12.3671875,2026-05-04 22:12:20.875000012+00:00,0.9082393050193788,0.4140900075435638,-0.410354882478714
12.375,2026-05-04 22:12:20.882812512+00:00,0.9004439115524292,0.4293439090251923,-0.3713900148868561
12.3828125,2026-05-04 22:12:20.890625012+00:00,0.8950856328010559,0.4388872683048248,-0.3278121054172516
12.390625,2026-05-04 22:12:20.898437512+00:00,0.8912113904953003,0.4437443315982819,-0.2799133360385895
12.3984375,2026-05-04 22:12:20.906250012+00:00,0.8886962532997131,0.443464994430542,-0.2265557646751404
12.40625,2026-05-04 22:12:20.914062512+00:00,0.8901803493499756,0.4374441504478455,-0.1670936048030853
12.4140625,2026-05-04 22:12:20.921875012+00:00,0.892601728439331,0.4263955354690552,-0.1053095608949661
12.421875,2026-05-04 22:12:20.929687512+00:00,0.8983505964279175,0.4104123115539551,-0.0415572673082351
12.4296875,2026-05-04 22:12:20.937500012+00:00,0.9053491950035096,0.39033243060112,0.0204881876707077
12.4375,2026-05-04 22:12:20.945312512+00:00,0.9143317937850952,0.3665127754211426,0.0813957601785659
12.4453125,2026-05-04 22:12:20.953125012+00:00,0.924157977104187,0.3400395810604095,0.1405657529830933
12.453125,2026-05-04 22:12:20.960937512+00:00,0.9344528317451476,0.3130077421665192,0.1986901313066483
12.4609375,2026-05-04 22:12:20.968750012+00:00,0.9440759420394896,0.287775993347168,0.2555997371673584
12.46875,2026-05-04 22:12:20.976562512+00:00,0.9525117874145508,0.2640339136123657,0.3108486533164978
12.4765625,2026-05-04 22:12:20.984375012+00:00,0.961181938648224,0.2431781440973282,0.3644983470439911
12.484375,2026-05-04 22:12:20.992187512+00:00,0.969633400440216,0.2268380224704742,0.4148574471473694
12.4921875,2026-05-04 22:12:21.000000012+00:00,0.9741168618202208,0.2151997536420822,0.4587736427783966
12.5,2026-05-04 22:12:21.007812512+00:00,0.9752572774887084,0.2081857472658157,0.4975539743900299
12.5078125,2026-05-04 22:12:21.015625012+00:00,0.9774287343025208,0.2071926146745682,0.5318442583084106
12.515625,2026-05-04 22:12:21.023437512+00:00,0.9741793870925904,0.2117393016815186,0.5584615468978882
12.5234375,2026-05-04 22:12:21.031250012+00:00,0.9685554504394532,0.2216240763664246,0.5798660516738892
12.53125,2026-05-04 22:12:21.039062512+00:00,0.9628066420555116,0.2372814267873764,0.5961347222328186
12.5390625,2026-05-04 22:12:21.046875012+00:00,0.9561360478401184,0.2564457654953003,0.6069907546043396
12.546875,2026-05-04 22:12:21.054687512+00:00,0.945638120174408,0.2794584929943085,0.6119574904441833
12.5546875,2026-05-04 22:12:21.062500012+00:00,0.9355307817459106,0.30492302775383,0.6094971895217896
12.5625,2026-05-04 22:12:21.070312512+00:00,0.924407958984375,0.3306048214435577,0.6001173257827759
12.5703125,2026-05-04 22:12:21.078125012+00:00,0.9134569764137268,0.3560072779655457,0.5827261805534363
12.578125,2026-05-04 22:12:21.085937512+00:00,0.9030215740203856,0.3800286650657654,0.5578003525733948
12.5859375,2026-05-04 22:12:21.093750012+00:00,0.8934921622276306,0.4019086062908173,0.5259549021720886
12.59375,2026-05-04 22:12:21.101562512+00:00,0.8873371481895447,0.4201263785362244,0.4899885654449463
12.6015625,2026-05-04 22:12:21.109375012+00:00,0.8812445998191833,0.4336267709732056,0.4502087533473969
12.609375,2026-05-04 22:12:21.117187512+00:00,0.8781827092170715,0.4424097836017609,0.4058927595615387
12.6171875,2026-05-04 22:12:21.125000012+00:00,0.8758394122123718,0.4456685185432434,0.3566715717315674
12.625,2026-05-04 22:12:21.132812512+00:00,0.8787763714790344,0.4423011839389801,0.303221732378006
12.6328125,2026-05-04 22:12:21.140625012+00:00,0.8841034173965454,0.4324629604816437,0.2437442094087601
12.640625,2026-05-04 22:12:21.148437512+00:00,0.8911489248275757,0.4168676733970642,0.181637242436409
12.6484375,2026-05-04 22:12:21.156250012+00:00,0.8998971581459045,0.3972998559474945,0.11805409938097
12.65625,2026-05-04 22:12:21.164062512+00:00,0.9104888439178468,0.3751406073570251,0.0551629140973091
12.6640625,2026-05-04 22:12:21.171875012+00:00,0.9227832555770874,0.3505605757236481,-0.0038686916232109
12.671875,2026-05-04 22:12:21.179687512+00:00,0.9360306859016418,0.3256081342697144,-0.0624851211905479
12.6796875,2026-05-04 22:12:21.187500012+00:00,0.9477939605712892,0.300810843706131,-0.1203942149877548
12.6875,2026-05-04 22:12:21.195312512+00:00,0.958948016166687,0.2764170467853546,-0.1776267290115356
12.6953125,2026-05-04 22:12:21.203125012+00:00,0.9694459438323976,0.2544905245304108,-0.2317531406879425
12.703125,2026-05-04 22:12:21.210937512+00:00,0.9790221452713012,0.2359624207019806,-0.2815432548522949
12.7109375,2026-05-04 22:12:21.218750012+00:00,0.9873329997062684,0.2233620584011078,-0.3269509971141815
12.71875,2026-05-04 22:12:21.226562512+00:00,0.990988552570343,0.2160066664218903,-0.3689450919628143
12.7265625,2026-05-04 22:12:21.234375012+00:00,0.9922851920127868,0.2122203558683395,-0.4045577943325043
12.734375,2026-05-04 22:12:21.242187512+00:00,0.99467533826828,0.2137876451015472,-0.4333739578723907
12.7421875,2026-05-04 22:12:21.250000012+00:00,0.9936755299568176,0.221453383564949,-0.4568236172199249
12.75,2026-05-04 22:12:21.257812512+00:00,0.9874111413955688,0.2343020290136337,-0.4762445092201233
12.7578125,2026-05-04 22:12:21.265625012+00:00,0.981584131717682,0.252147376537323,-0.4875311255455017
12.765625,2026-05-04 22:12:21.273437512+00:00,0.972570300102234,0.2724445164203644,-0.4929591417312622
12.7734375,2026-05-04 22:12:21.281250012+00:00,0.9621661305427552,0.2958607077598572,-0.4932359457015991
12.78125,2026-05-04 22:12:21.289062512+00:00,0.9506059288978576,0.3211390376091003,-0.4863009452819824
12.7890625,2026-05-04 22:12:21.296875012+00:00,0.9404672980308532,0.3464638888835907,-0.4710625410079956
12.796875,2026-05-04 22:12:21.304687512+00:00,0.9288289546966552,0.3707025349140167,-0.4489506781101227
12.8046875,2026-05-04 22:12:21.312500012+00:00,0.9190027713775636,0.3937463164329529,-0.4199038743972778
12.8125,2026-05-04 22:12:21.320312512+00:00,0.9081299304962158,0.413252055644989,-0.3868590891361237
12.8203125,2026-05-04 22:12:21.328125012+00:00,0.9010844230651855,0.4274972975254059,-0.3499701023101807
12.828125,2026-05-04 22:12:21.335937512+00:00,0.8967415690422058,0.436202734708786,-0.3077607452869415
12.8359375,2026-05-04 22:12:21.343750012+00:00,0.8926173448562622,0.4400976598262787,-0.2623530030250549
12.84375,2026-05-04 22:12:21.351562512+00:00,0.8903053402900696,0.4393993616104126,-0.2119939178228378
12.8515625,2026-05-04 22:12:21.359375012+00:00,0.892851710319519,0.4330526292324066,-0.1561606973409653
12.859375,2026-05-04 22:12:21.367187512+00:00,0.8966946601867676,0.4212902188301086,-0.0982362180948257
12.8671875,2026-05-04 22:12:21.375000012+00:00,0.9014593362808228,0.4053225219249725,-0.0395890399813652
12.875,2026-05-04 22:12:21.382812512+00:00,0.9088329076766968,0.3850253820419312,0.0191811583936214
12.8828125,2026-05-04 22:12:21.390625012+00:00,0.9162533283233644,0.3614695072174072,0.0764290541410446
12.890625,2026-05-04 22:12:21.398437512+00:00,0.9259857535362244,0.3363774120807648,0.1334309130907059
12.8984375,2026-05-04 22:12:21.406250012+00:00,0.936046302318573,0.3113163411617279,0.1892795115709305
12.90625,2026-05-04 22:12:21.414062512+00:00,0.946700394153595,0.2870000898838043,0.2438518404960632
12.9140625,2026-05-04 22:12:21.421875012+00:00,0.9554174542427064,0.2642046213150024,0.2963790595531464
12.921875,2026-05-04 22:12:21.429687512+00:00,0.961447536945343,0.2442023158073425,0.3463537096977234
12.9296875,2026-05-04 22:12:21.437500012+00:00,0.9685711264610292,0.2296156883239746,0.3926686942577362
12.9375,2026-05-04 22:12:21.445312512+00:00,0.9726796746253968,0.2186601907014847,0.4347089231014252
12.9453125,2026-05-04 22:12:21.453125012+00:00,0.974819839000702,0.2128565758466721,0.4717670381069183
12.953125,2026-05-04 22:12:21.460937512+00:00,0.9758352637290956,0.2127789855003357,0.5038430690765381
12.9609375,2026-05-04 22:12:21.468750012+00:00,0.9733045101165771,0.2177291363477707,0.5298452973365784
12.96875,2026-05-04 22:12:21.476562512+00:00,0.96782124042511,0.2281570285558701,0.5510191321372986
12.9765625,2026-05-04 22:12:21.484375012+00:00,0.9611663222312928,0.243674710392952,0.5669187903404236
12.984375,2026-05-04 22:12:21.492187512+00:00,0.9536834359169006,0.2628545761108398,0.5775441527366638
12.9921875,2026-05-04 22:12:21.500000012+00:00,0.944232165813446,0.285867303609848,0.5814191102981567
13.0,2026-05-04 22:12:21.507812512+00:00,0.9342966079711914,0.309407651424408,0.57845139503479
13.0078125,2026-05-04 22:12:21.515625012+00:00,0.9240174293518066,0.3343135416507721,0.5688255429267883
13.015625,2026-05-04 22:12:21.523437512+00:00,0.9130976796150208,0.3581021726131439,0.5522493124008179
13.0234375,2026-05-04 22:12:21.531250012+00:00,0.904005765914917,0.3815494179725647,0.5299375653266907
13.03125,2026-05-04 22:12:21.539062512+00:00,0.895226240158081,0.4027155339717865,0.5023976564407349
13.0390625,2026-05-04 22:12:21.546875012+00:00,0.8874309062957764,0.419598788022995,0.4692452549934387
13.046875,2026-05-04 22:12:21.554687512+00:00,0.8833379745483398,0.431718111038208,0.4310030937194824
13.0546875,2026-05-04 22:12:21.562500012+00:00,0.8798074126243591,0.4382044970989227,0.3869792520999908
13.0625,2026-05-04 22:12:21.570312512+00:00,0.8789794445037842,0.4404545724391937,0.3385422825813293
13.0703125,2026-05-04 22:12:21.578125012+00:00,0.8829473853111267,0.4365906715393066,0.2877065241336823
13.078125,2026-05-04 22:12:21.585937512+00:00,0.8882588744163513,0.4270162582397461,0.2339030504226685
13.0859375,2026-05-04 22:12:21.593750012+00:00,0.8943357467651367,0.4118554592132568,0.176839679479599
13.09375,2026-05-04 22:12:21.601562512+00:00,0.9025997519493104,0.393141120672226,0.1173775196075439
13.1015625,2026-05-04 22:12:21.609375012+00:00,0.9132070541381836,0.3709508180618286,0.0584381744265556
13.109375,2026-05-04 22:12:21.617187512+00:00,0.9247828722000122,0.3464949429035187,0.0004675704985857
13.1171875,2026-05-04 22:12:21.625000012+00:00,0.9382646083831788,0.3218373358249664,-0.0559499710798263
13.125,2026-05-04 22:12:21.632812512+00:00,0.950277864933014,0.2991814911365509,-0.1115371733903885
13.1328125,2026-05-04 22:12:21.640625012+00:00,0.9590260982513428,0.2758273482322693,-0.1656635701656342
13.140625,2026-05-04 22:12:21.648437512+00:00,0.9687272906303406,0.2549095153808594,-0.2161764204502106
13.1484375,2026-05-04 22:12:21.656250012+00:00,0.9798032641410828,0.238615944981575,-0.2626451551914215
13.15625,2026-05-04 22:12:21.664062512+00:00,0.9855989813804626,0.2266673296689987,-0.3054696023464203
13.1640625,2026-05-04 22:12:21.671875012+00:00,0.9894263744354248,0.2194515913724899,-0.3437732458114624
13.171875,2026-05-04 22:12:21.679687512+00:00,0.9916759133338928,0.2181636244058609,-0.3771409392356873
13.1796875,2026-05-04 22:12:21.687500012+00:00,0.9910041689872742,0.2203516215085983,-0.4062646329402924
13.1875,2026-05-04 22:12:21.695312512+00:00,0.9900512099266052,0.2275207936763763,-0.4294374883174896
13.1953125,2026-05-04 22:12:21.703125012+00:00,0.984927237033844,0.239903911948204,-0.4477512836456299
13.203125,2026-05-04 22:12:21.710937512+00:00,0.9787409901618958,0.2575630247592926,-0.4598374664783478
13.2109375,2026-05-04 22:12:21.718750012+00:00,0.969727098941803,0.2784498631954193,-0.4644658863544464
13.21875,2026-05-04 22:12:21.726562512+00:00,0.9594479203224182,0.3015246689319611,-0.4615135490894318
13.2265625,2026-05-04 22:12:21.734375012+00:00,0.9478564262390136,0.3261201977729797,-0.4540865421295166
13.234375,2026-05-04 22:12:21.742187512+00:00,0.938170850276947,0.3507623076438904,-0.44083172082901
13.2421875,2026-05-04 22:12:21.750000012+00:00,0.9288445711135864,0.3732784688472748,-0.4218874871730804
13.25,2026-05-04 22:12:21.757812512+00:00,0.9190808534622192,0.3935756087303162,-0.3961928188800812
13.2578125,2026-05-04 22:12:21.765625012+00:00,0.908286154270172,0.4116227030754089,-0.3654391765594482
13.265625,2026-05-04 22:12:21.773437512+00:00,0.9020373821258544,0.4255110323429108,-0.3290268778800964
13.2734375,2026-05-04 22:12:21.781250012+00:00,0.8968196511268616,0.4339836835861206,-0.2886012196540833
13.28125,2026-05-04 22:12:21.789062512+00:00,0.8946481943130493,0.4374286234378815,-0.2436086535453796
13.2890625,2026-05-04 22:12:21.796875012+00:00,0.8947731852531433,0.434899240732193,-0.1958943903446198
13.296875,2026-05-04 22:12:21.804687512+00:00,0.8964603543281555,0.4276214241981506,-0.1449971199035645
13.3046875,2026-05-04 22:12:21.812500012+00:00,0.8983505964279175,0.4159831702709198,-0.0913012772798538
13.3125,2026-05-04 22:12:21.820312512+00:00,0.9028809666633606,0.3996120095252991,-0.0361446291208267
13.3203125,2026-05-04 22:12:21.828125012+00:00,0.9121447801589966,0.3803855776786804,0.0205189418047666
13.328125,2026-05-04 22:12:21.835937512+00:00,0.9198619723320008,0.357838362455368,0.0743224248290062
13.3359375,2026-05-04 22:12:21.843750012+00:00,0.928813338279724,0.3332273066043854,0.1279721409082413
13.34375,2026-05-04 22:12:21.851562512+00:00,0.9387176036834716,0.3086162507534027,0.1810221672058105
13.3515625,2026-05-04 22:12:21.859375012+00:00,0.9482157230377196,0.2851224541664124,0.2335955053567886
13.359375,2026-05-04 22:12:21.867187512+00:00,0.9552456140518188,0.2641115188598633,0.2840622365474701
13.3671875,2026-05-04 22:12:21.875000012+00:00,0.9628066420555116,0.2467937618494034,0.3313151895999908
13.375,2026-05-04 22:12:21.882812512+00:00,0.9682117700576782,0.232734739780426,0.3736475706100464
13.3828125,2026-05-04 22:12:21.890625012+00:00,0.972351610660553,0.2220896035432816,0.4121203720569611
13.390625,2026-05-04 22:12:21.898437512+00:00,0.9746479988098145,0.2169222086668015,0.4466259479522705
13.3984375,2026-05-04 22:12:21.906250012+00:00,0.9743668437004088,0.2178998291492462,0.476826012134552
13.40625,2026-05-04 22:12:21.914062512+00:00,0.9711487293243408,0.2238431125879288,0.5035970211029053
13.4140625,2026-05-04 22:12:21.921875012+00:00,0.9657903909683228,0.2350158393383026,0.5257858037948608
13.421875,2026-05-04 22:12:21.929687512+00:00,0.9594635367393494,0.2507197260856628,0.541424036026001
13.4296875,2026-05-04 22:12:21.937500012+00:00,0.9514651298522948,0.2696047723293304,0.5491431951522827
13.4375,2026-05-04 22:12:21.945312512+00:00,0.9436541795730592,0.2906467616558075,0.5512344241142273
13.4453125,2026-05-04 22:12:21.953125012+00:00,0.9341403841972352,0.3132094740867615,0.5481898188591003
13.453125,2026-05-04 22:12:21.960937512+00:00,0.9228770136833192,0.3369050025939941,0.5391328930854797
13.4609375,2026-05-04 22:12:21.968750012+00:00,0.912316620349884,0.361035019159317,0.525232195854187
13.46875,2026-05-04 22:12:21.976562512+00:00,0.903537094593048,0.3836442828178406,0.5053192377090454
13.4765625,2026-05-04 22:12:21.984375012+00:00,0.8964291214942932,0.4026689827442169,0.4788865149021149
13.484375,2026-05-04 22:12:21.992187512+00:00,0.890227198600769,0.4179539084434509,0.4469334781169891
13.4921875,2026-05-04 22:12:22.000000012+00:00,0.8862436413764954,0.4288007915019989,0.4101982712745667
13.5,2026-05-04 22:12:22.007812512+00:00,0.8820101022720337,0.4344492256641388,0.3683425486087799
13.5078125,2026-05-04 22:12:22.015625012+00:00,0.8827130794525146,0.4359544515609741,0.3234114944934845
13.515625,2026-05-04 22:12:22.023437512+00:00,0.8851344585418701,0.4310508370399475,0.2751282751560211
13.5234375,2026-05-04 22:12:22.031250012+00:00,0.8909457921981812,0.4214453995227814,0.2232315391302109
13.53125,2026-05-04 22:12:22.039062512+00:00,0.8980381488800049,0.4062846004962921,0.1686745882034302
13.5390625,2026-05-04 22:12:22.046875012+00:00,0.9066770672798156,0.3874461352825165,0.1139484867453575
13.546875,2026-05-04 22:12:22.054687512+00:00,0.9155972003936768,0.3662024140357971,0.0589917376637458
13.5546875,2026-05-04 22:12:22.062500012+00:00,0.9269699454307556,0.3437017500400543,0.0045116748660802
13.5625,2026-05-04 22:12:22.070312512+00:00,0.9397017955780028,0.3203321099281311,-0.0488458797335624
13.5703125,2026-05-04 22:12:22.078125012+00:00,0.9504340887069702,0.2971486747264862,-0.102633997797966
13.578125,2026-05-04 22:12:22.085937512+00:00,0.9599165320396424,0.2750204503536224,-0.1548229157924652
13.5859375,2026-05-04 22:12:22.093750012+00:00,0.9698364734649658,0.255669891834259,-0.203352153301239
13.59375,2026-05-04 22:12:22.101562512+00:00,0.9779598712921144,0.2404780685901642,-0.2472991049289703
13.6015625,2026-05-04 22:12:22.109375012+00:00,0.983755588531494,0.2301898449659348,-0.286310076713562
13.609375,2026-05-04 22:12:22.117187512+00:00,0.9879110455513,0.22475865483284,-0.3204619884490967
13.6171875,2026-05-04 22:12:22.125000012+00:00,0.9895356893539428,0.2236103415489197,-0.3519229590892792
13.625,2026-05-04 22:12:22.132812512+00:00,0.9885202646255492,0.2258914411067963,-0.3802778124809265
13.6328125,2026-05-04 22:12:22.140625012+00:00,0.9858489632606506,0.2333864867687225,-0.4041118919849396
13.640625,2026-05-04 22:12:22.148437512+00:00,0.982552707195282,0.2464368790388107,-0.4223949313163757
13.6484375,2026-05-04 22:12:22.156250012+00:00,0.9755228757858276,0.2634442448616028,-0.4332663416862488
13.65625,2026-05-04 22:12:22.164062512+00:00,0.9682117700576782,0.2843000292778015,-0.4364339411258698
13.6640625,2026-05-04 22:12:22.171875012+00:00,0.9568859338760376,0.3067541122436523,-0.4335431158542633
13.671875,2026-05-04 22:12:22.179687512+00:00,0.946372389793396,0.3292703032493591,-0.4254856705665588
13.6796875,2026-05-04 22:12:22.187500012+00:00,0.9359681606292723,0.3531520366668701,-0.4123384654521942
13.6875,2026-05-04 22:12:22.195312512+00:00,0.926782488822937,0.3749543726444244,-0.3948396742343903
13.6953125,2026-05-04 22:12:22.203125012+00:00,0.918830931186676,0.3938859701156616,-0.3712516129016876
13.703125,2026-05-04 22:12:22.210937512+00:00,0.911457359790802,0.4104899168014526,-0.3423893451690674
13.7109375,2026-05-04 22:12:22.218750012+00:00,0.9038339257240297,0.4226712882518768,-0.3099442422389984
13.71875,2026-05-04 22:12:22.226562512+00:00,0.8970071077346802,0.4292973577976227,-0.2717790007591248
13.7265625,2026-05-04 22:12:22.234375012+00:00,0.8969602584838867,0.4319663941860199,-0.2268940508365631
13.734375,2026-05-04 22:12:22.242187512+00:00,0.8968352675437927,0.4306318759918213,-0.1802715510129929
13.7421875,2026-05-04 22:12:22.250000012+00:00,0.8975695371627808,0.4239437580108643,-0.1323419958353043
13.75,2026-05-04 22:12:22.257812512+00:00,0.901865541934967,0.4116382002830505,-0.0813063457608223
13.7578125,2026-05-04 22:12:22.265625012+00:00,0.9075206518173218,0.3937618434429169,-0.0302860643714666
13.765625,2026-05-04 22:12:22.273437512+00:00,0.9137381911277772,0.3749388754367828,0.0199192464351654
13.7734375,2026-05-04 22:12:22.281250012+00:00,0.9208930134773254,0.3539899885654449,0.0708780214190483
13.78125,2026-05-04 22:12:22.289062512+00:00,0.9317346215248108,0.3308065533638,0.1247276365756989
13.7890625,2026-05-04 22:12:22.296875012+00:00,0.9400298595428468,0.3073593080043793,0.1763937473297119
13.796875,2026-05-04 22:12:22.304687512+00:00,0.9479189515113832,0.2859604060649872,0.2252458930015564
13.8046875,2026-05-04 22:12:22.312500012+00:00,0.9555580615997314,0.2666253745555878,0.2717146277427673
13.8125,2026-05-04 22:12:22.320312512+00:00,0.9632440209388732,0.2487334758043289,0.3168302178382874
13.8203125,2026-05-04 22:12:22.328125012+00:00,0.9695552587509156,0.2347520440816879,0.3578863143920898
13.828125,2026-05-04 22:12:22.335937512+00:00,0.9708206653594972,0.2269621640443802,0.392607182264328
13.8359375,2026-05-04 22:12:22.343750012+00:00,0.9711487293243408,0.2234086096286774,0.4242680370807648
13.84375,2026-05-04 22:12:22.351562512+00:00,0.9726171493530272,0.2236568927764893,0.4544527530670166
13.8515625,2026-05-04 22:12:22.359375012+00:00,0.9702426195144652,0.2290570437908173,0.4806548357009888
13.859375,2026-05-04 22:12:22.367187512+00:00,0.9645406603813172,0.2412384450435638,0.4993991851806641
13.8671875,2026-05-04 22:12:22.375000012+00:00,0.9578856825828552,0.2571440637111664,0.514360785484314
13.875,2026-05-04 22:12:22.382812512+00:00,0.9499654173851012,0.275051474571228,0.5244941115379333
13.8828125,2026-05-04 22:12:22.390625012+00:00,0.9416545629501344,0.2953486144542694,0.5271850824356079
13.890625,2026-05-04 22:12:22.398437512+00:00,0.9320158362388612,0.3177406489849091,0.521941602230072
13.8984375,2026-05-04 22:12:22.406250012+00:00,0.9221271276474,0.3398844003677368,0.5108087658882141
13.90625,2026-05-04 22:12:22.414062512+00:00,0.914441168308258,0.3615626096725464,0.4967697560787201
13.9140625,2026-05-04 22:12:22.421875012+00:00,0.905661642551422,0.3819994330406189,0.4789787530899048
13.921875,2026-05-04 22:12:22.429687512+00:00,0.896991491317749,0.4011792838573456,0.4555906355381012
13.9296875,2026-05-04 22:12:22.437500012+00:00,0.891180157661438,0.4160917997360229,0.4268821179866791
13.9375,2026-05-04 22:12:22.445312512+00:00,0.8880088925361633,0.4263489842414856,0.3922535181045532
13.9453125,2026-05-04 22:12:22.453125012+00:00,0.8850407600402832,0.4303835928440094,0.3515818417072296
13.953125,2026-05-04 22:12:22.460937512+00:00,0.8857749700546265,0.4306318759918213,0.3073427379131317
13.9609375,2026-05-04 22:12:22.468750012+00:00,0.8896492123603821,0.4251230955123901,0.2603972852230072
13.96875,2026-05-04 22:12:22.476562512+00:00,0.8930079340934753,0.4155641794204712,0.2112529873847961
13.9765625,2026-05-04 22:12:22.484375012+00:00,0.9004126787185669,0.4013499915599823,0.1614782363176346
13.984375,2026-05-04 22:12:22.492187512+00:00,0.9096608757972716,0.3844512104988098,0.1109038814902306
13.9921875,2026-05-04 22:12:22.500000012+00:00,0.9186122417449952,0.3630057573318481,0.0588533505797386
14.0,2026-05-04 22:12:22.507812512+00:00,0.9286414980888368,0.34090855717659,0.006679804995656
14.0078125,2026-05-04 22:12:22.515625012+00:00,0.9402954578399658,0.3185941278934479,-0.044771023094654
14.015625,2026-05-04 22:12:22.523437512+00:00,0.9509496092796326,0.2964503765106201,-0.0960373356938362
14.0234375,2026-05-04 22:12:22.531250012+00:00,0.960010290145874,0.2758118510246277,-0.1450432538986206
14.03125,2026-05-04 22:12:22.539062512+00:00,0.970336377620697,0.2588665187358856,-0.1904202401638031
14.0390625,2026-05-04 22:12:22.546875012+00:00,0.9762570858001708,0.2440471351146698,-0.2325834929943085
14.046875,2026-05-04 22:12:22.554687512+00:00,0.9823652505874634,0.234503760933876,-0.2688420116901398
14.0546875,2026-05-04 22:12:22.562500012+00:00,0.9859582781791688,0.229693278670311,-0.3012871146202087
14.0625,2026-05-04 22:12:22.570312512+00:00,0.9862863421440125,0.2291191220283508,-0.3310873806476593
14.0703125,2026-05-04 22:12:22.578125012+00:00,0.9858332872390748,0.2329985499382019,-0.3564130067825317
14.078125,2026-05-04 22:12:22.585937512+00:00,0.9852709174156188,0.2406798005104065,-0.3779559135437012
14.0859375,2026-05-04 22:12:22.593750012+00:00,0.9787878394126892,0.2518370151519775,-0.3968232572078705
14.09375,2026-05-04 22:12:22.601562512+00:00,0.9726796746253968,0.2681460976600647,-0.4082328677177429
14.1015625,2026-05-04 22:12:22.609375012+00:00,0.9660247564315796,0.2881639301776886,-0.4116926491260529
14.109375,2026-05-04 22:12:22.617187512+00:00,0.9549643993377686,0.3103076815605164,-0.4088172018527985
14.1171875,2026-05-04 22:12:22.625000012+00:00,0.9446226954460144,0.3325910866260529,-0.3985147178173065
14.125,2026-05-04 22:12:22.632812512+00:00,0.9355620145797728,0.3553245067596436,-0.3851830065250397
14.1328125,2026-05-04 22:12:22.640625012+00:00,0.9275948405265808,0.3755750954151154,-0.368729829788208
14.140625,2026-05-04 22:12:22.648437512+00:00,0.9179717302322388,0.3932186961174011,-0.3477712273597717
14.1484375,2026-05-04 22:12:22.656250012+00:00,0.9112386703491212,0.4075415432453156,-0.3214461207389832
14.15625,2026-05-04 22:12:22.664062512+00:00,0.9045056104660034,0.4184194505214691,-0.2903849482536316
14.1640625,2026-05-04 22:12:22.671875012+00:00,0.9016155600547792,0.4261162281036377,-0.2528039813041687
14.171875,2026-05-04 22:12:22.679687512+00:00,0.8971789479255676,0.4283818006515503,-0.2122860848903656
14.1796875,2026-05-04 22:12:22.687500012+00:00,0.8986318111419678,0.4249679148197174,-0.1672012507915497
14.1875,2026-05-04 22:12:22.695312512+00:00,0.901599943637848,0.4175038933753967,-0.1189180463552475
14.1953125,2026-05-04 22:12:22.703125012+00:00,0.9034589529037476,0.4059276878833771,-0.0730336159467697
14.203125,2026-05-04 22:12:22.710937512+00:00,0.9101607799530028,0.3907203674316406,-0.0251040775328874
14.2109375,2026-05-04 22:12:22.718750012+00:00,0.917378067970276,0.3710284233093262,0.0235635507851839
14.21875,2026-05-04 22:12:22.726562512+00:00,0.9250797033309937,0.3495053648948669,0.0717698782682418
14.2265625,2026-05-04 22:12:22.734375012+00:00,0.9310316443443298,0.3277495503425598,0.1190228387713432
14.234375,2026-05-04 22:12:22.742187512+00:00,0.9409828186035156,0.3061799705028534,0.1688437312841415
14.2421875,2026-05-04 22:12:22.750000012+00:00,0.9499966502189636,0.2852776348590851,0.217280700802803
14.25,2026-05-04 22:12:22.757812512+00:00,0.958354353904724,0.2672305703163147,0.2634572684764862
14.2578125,2026-05-04 22:12:22.765625012+00:00,0.96154123544693,0.2521784007549286,0.3043442368507385
14.265625,2026-05-04 22:12:22.773437512+00:00,0.9654310941696168,0.2392987310886383,0.3417714238166809
14.2734375,2026-05-04 22:12:22.781250012+00:00,0.970680058002472,0.2305777817964554,0.3762154877185822
14.28125,2026-05-04 22:12:22.789062512+00:00,0.972835898399353,0.2273966521024704,0.4059542715549469
14.2890625,2026-05-04 22:12:22.796875012+00:00,0.9704144597053528,0.2295380979776382,0.4310030937194824
14.296875,2026-05-04 22:12:22.804687512+00:00,0.9659934639930724,0.236040011048317,0.4545911252498627
14.3046875,2026-05-04 22:12:22.812500012+00:00,0.9637595415115356,0.2468248158693314,0.4769336581230164
14.3125,2026-05-04 22:12:22.820312512+00:00,0.9568077921867372,0.2621873021125793,0.4917569160461426
14.3203125,2026-05-04 22:12:22.828125012+00:00,0.9480282664299012,0.2811033725738525,0.4990608990192413
14.328125,2026-05-04 22:12:22.835937512+00:00,0.9402485489845276,0.3013074100017548,0.5007369518280029
14.3359375,2026-05-04 22:12:22.843750012+00:00,0.9321408271789552,0.3213097155094147,0.496846616268158
14.34375,2026-05-04 22:12:22.851562512+00:00,0.9224864840507508,0.3413740992546082,0.4865134060382843
14.3515625,2026-05-04 22:12:22.859375012+00:00,0.9140506386756896,0.3631609380245209,0.4719823002815247
14.359375,2026-05-04 22:12:22.867187512+00:00,0.9050992727279664,0.3832563459873199,0.4527612924575806
14.3671875,2026-05-04 22:12:22.875000012+00:00,0.8992097973823547,0.3993637263774872,0.4323716461658478
14.375,2026-05-04 22:12:22.882812512+00:00,0.8938671350479126,0.4130192995071411,0.4066923558712006
14.3828125,2026-05-04 22:12:22.890625012+00:00,0.8895866870880127,0.4225937128067017,0.3732323944568634
14.390625,2026-05-04 22:12:22.898437512+00:00,0.8875558376312256,0.427264541387558,0.3348979949951172
14.3984375,2026-05-04 22:12:22.906250012+00:00,0.8903053402900696,0.4252782762050629,0.2933498322963715
14.40625,2026-05-04 22:12:22.914062512+00:00,0.8918519020080566,0.4191953241825104,0.2470656037330627
14.4140625,2026-05-04 22:12:22.921875012+00:00,0.8961010575294495,0.4097605645656586,0.1990591734647751
14.421875,2026-05-04 22:12:22.929687512+00:00,0.9035683274269104,0.3960118889808655,0.1524981707334518
14.4296875,2026-05-04 22:12:22.937500012+00:00,0.9119729399681092,0.3786320686340332,0.105445109307766
14.4375,2026-05-04 22:12:22.945312512+00:00,0.9221115112304688,0.3583349287509918,0.0579307377338409
14.4453125,2026-05-04 22:12:22.953125012+00:00,0.9315940141677856,0.3385343551635742,0.0087864287197589
14.453125,2026-05-04 22:12:22.960937512+00:00,0.9407484531402588,0.3171975314617157,-0.0413573682308197
14.4609375,2026-05-04 22:12:22.968750012+00:00,0.9498248100280762,0.2954727709293365,-0.0893022865056991
14.46875,2026-05-04 22:12:22.976562512+00:00,0.9623535871505736,0.2763239145278931,-0.1343102306127548
14.4765625,2026-05-04 22:12:22.984375012+00:00,0.9691647291183472,0.2602165639400482,-0.1797179728746414
14.484375,2026-05-04 22:12:22.992187512+00:00,0.974944829940796,0.2473834604024887,-0.2206510603427887
14.4921875,2026-05-04 22:12:23.000000012+00:00,0.9798657298088074,0.2387090623378754,-0.2546492218971252
14.5,2026-05-04 22:12:23.007812512+00:00,0.983974277973175,0.2338830530643463,-0.2840189337730408
14.5078125,2026-05-04 22:12:23.015625012+00:00,0.9852396845817566,0.2340227067470551,-0.3103594183921814
14.515625,2026-05-04 22:12:23.023437512+00:00,0.9837712049484252,0.2391901016235352,-0.3339935839176178
14.5234375,2026-05-04 22:12:23.031250012+00:00,0.980428159236908,0.2475851625204086,-0.3562438488006592
14.53125,2026-05-04 22:12:23.039062512+00:00,0.9760852456092834,0.2583389282226562,-0.373173713684082
14.5390625,2026-05-04 22:12:23.046875012+00:00,0.9713518023490906,0.2735773026943207,-0.3836453258991241
14.546875,2026-05-04 22:12:23.054687512+00:00,0.9614318609237672,0.2928502857685089,-0.3889042139053345
14.5546875,2026-05-04 22:12:23.062500012+00:00,0.9526680111885072,0.3142491579055786,-0.3850446343421936
14.5625,2026-05-04 22:12:23.070312512+00:00,0.9453412890434264,0.3365636169910431,-0.373035341501236
14.5703125,2026-05-04 22:12:23.078125012+00:00,0.9342653751373292,0.3570624887943268,-0.3596267402172089
14.578125,2026-05-04 22:12:23.085937512+00:00,0.9250484704971312,0.3761802911758423,-0.3442499339580536
14.5859375,2026-05-04 22:12:23.093750012+00:00,0.9185653328895568,0.3933428525924683,-0.3246906101703644
14.59375,2026-05-04 22:12:23.101562512+00:00,0.9118791818618774,0.4060518443584442,-0.3010256886482239
14.6015625,2026-05-04 22:12:23.109375012+00:00,0.9066614508628844,0.4150986671447754,-0.270594984292984
14.609375,2026-05-04 22:12:23.117187512+00:00,0.903146505355835,0.4216005802154541,-0.2350283861160278
14.6171875,2026-05-04 22:12:23.125000012+00:00,0.8985224366188049,0.4231989085674286,-0.1971860378980637
14.625,2026-05-04 22:12:23.132812512+00:00,0.9004439115524292,0.4201884567737579,-0.1531929671764374
14.6328125,2026-05-04 22:12:23.140625012+00:00,0.904583752155304,0.4120571911334991,-0.1071855276823044
14.640625,2026-05-04 22:12:23.148437512+00:00,0.9072238802909852,0.4008068740367889,-0.0632693395018577
14.6484375,2026-05-04 22:12:23.156250012+00:00,0.9123478531837464,0.3856770992279053,-0.0181537549942731
14.65625,2026-05-04 22:12:23.164062512+00:00,0.9190496206283568,0.3665437996387482,0.0273923799395561
14.6640625,2026-05-04 22:12:23.171875012+00:00,0.9250797033309937,0.3453621566295624,0.0721696689724922
14.671875,2026-05-04 22:12:23.179687512+00:00,0.9338279962539672,0.3249874114990234,0.1181002259254456
14.6796875,2026-05-04 22:12:23.187500012+00:00,0.943622887134552,0.3051092624664307,0.1647534966468811
14.6875,2026-05-04 22:12:23.195312512+00:00,0.9491530656814576,0.2857897281646729,0.209407776594162
14.6953125,2026-05-04 22:12:23.203125012+00:00,0.9569952487945556,0.2680995464324951,0.2540774345397949
14.703125,2026-05-04 22:12:23.210937512+00:00,0.9636502265930176,0.2539008557796478,0.2950566411018372
14.7109375,2026-05-04 22:12:23.218750012+00:00,0.9652124047279358,0.2431315928697586,0.3285934925079346
14.71875,2026-05-04 22:12:23.226562512+00:00,0.9688522815704346,0.2366917580366135,0.3597930371761322
14.7265625,2026-05-04 22:12:23.234375012+00:00,0.970680058002472,0.2335571795701981,0.3884093165397644
14.734375,2026-05-04 22:12:23.242187512+00:00,0.9686492085456848,0.2347054928541183,0.412643164396286
14.7421875,2026-05-04 22:12:23.250000012+00:00,0.9648218154907228,0.2416574209928513,0.434355229139328
14.75,2026-05-04 22:12:23.257812512+00:00,0.9612600207328796,0.2541181147098541,0.4534071087837219
14.7578125,2026-05-04 22:12:23.265625012+00:00,0.9541520476341248,0.2684719860553741,0.4676153063774109
14.765625,2026-05-04 22:12:23.273437512+00:00,0.9480907917022704,0.2860690355300903,0.477656364440918
14.7734375,2026-05-04 22:12:23.281250012+00:00,0.9389363527297974,0.3058851361274719,0.4787019789218903
14.78125,2026-05-04 22:12:23.289062512+00:00,0.9294226169586182,0.3253443241119385,0.4723052382469177
14.7890625,2026-05-04 22:12:23.296875012+00:00,0.9227988719940186,0.3446173071861267,0.4630637466907501
14.796875,2026-05-04 22:12:23.304687512+00:00,0.9153472185134888,0.3636885285377502,0.4493937790393829
14.8046875,2026-05-04 22:12:23.312500012+00:00,0.9059740900993348,0.3820304572582245,0.4298959672451019
14.8125,2026-05-04 22:12:23.320312512+00:00,0.9002564549446106,0.398898184299469,0.4097369611263275
14.8203125,2026-05-04 22:12:23.328125012+00:00,0.895226240158081,0.4107536971569061,0.3860874176025391
14.828125,2026-05-04 22:12:23.335937512+00:00,0.8922111988067627,0.4178452789783478,0.3559334576129913
14.8359375,2026-05-04 22:12:23.343750012+00:00,0.8911645412445068,0.4216936826705933,0.3192751407623291
14.84375,2026-05-04 22:12:23.351562512+00:00,0.8916488289833069,0.42087122797966,0.2772349119186401
14.8515625,2026-05-04 22:12:23.359375012+00:00,0.8942264318466187,0.4139503538608551,0.2332418411970139
14.859375,2026-05-04 22:12:23.367187512+00:00,0.9027247428894044,0.4031034708023071,0.1912016272544861
14.8671875,2026-05-04 22:12:23.375000012+00:00,0.906723976135254,0.3902703523635864,0.1454863399267197
14.875,2026-05-04 22:12:23.382812512+00:00,0.9123634696006776,0.3747060894966125,0.0981257408857345
14.8828125,2026-05-04 22:12:23.390625012+00:00,0.9232050776481628,0.3554486334323883,0.0546554774045944
14.890625,2026-05-04 22:12:23.398437512+00:00,0.9350308775901794,0.3350428938865662,0.009847430512309
14.8984375,2026-05-04 22:12:23.406250012+00:00,0.9424981474876404,0.3148233294487,-0.0386203005909919
14.90625,2026-05-04 22:12:23.414062512+00:00,0.951105773448944,0.2957831025123596,-0.0854580849409103
14.9140625,2026-05-04 22:12:23.421875012+00:00,0.9621192216873168,0.2778136134147644,-0.1282978951931
14.921875,2026-05-04 22:12:23.429687512+00:00,0.9682430624961852,0.2613183259963989,-0.1690618395805359
14.9296875,2026-05-04 22:12:23.437500012+00:00,0.9742262363433838,0.2496645599603653,-0.2065505236387253
14.9375,2026-05-04 22:12:23.445312512+00:00,0.9782097935676576,0.2429453879594803,-0.2410253584384918
14.9453125,2026-05-04 22:12:23.453125012+00:00,0.9818028807640076,0.2388332039117813,-0.2694878280162811
14.953125,2026-05-04 22:12:23.460937512+00:00,0.9833182096481324,0.2394694238901138,-0.2934910655021667
14.9609375,2026-05-04 22:12:23.468750012+00:00,0.9825370907783508,0.2446678429841995,-0.3159258365631104
14.96875,2026-05-04 22:12:23.476562512+00:00,0.9774911999702454,0.2527680695056915,-0.3358234465122223
14.9765625,2026-05-04 22:12:23.484375012+00:00,0.972835898399353,0.2644063532352448,-0.3506774306297302
14.984375,2026-05-04 22:12:23.492187512+00:00,0.9673057198524476,0.2797223031520844,-0.3604724705219269
14.9921875,2026-05-04 22:12:23.500000012+00:00,0.9595103859901428,0.297986626625061,-0.3645934462547302
15.0,2026-05-04 22:12:23.507812512+00:00,0.9536052942276,0.3184234201908112,-0.3611336648464203
15.0078125,2026-05-04 22:12:23.515625012+00:00,0.9416545629501344,0.3383791744709015,-0.3530915975570679
15.015625,2026-05-04 22:12:23.523437512+00:00,0.9330156445503236,0.3579780161380768,-0.3396061360836029
15.0234375,2026-05-04 22:12:23.531250012+00:00,0.92572021484375,0.3765992522239685,-0.321384608745575
15.03125,2026-05-04 22:12:23.539062512+00:00,0.9189403057098388,0.3923186957836151,-0.3014254868030548
15.0390625,2026-05-04 22:12:23.546875012+00:00,0.9115511178970336,0.404655247926712,-0.2789599597454071
15.046875,2026-05-04 22:12:23.554687512+00:00,0.9079424738883972,0.4132210314273834,-0.2512048184871674
15.0546875,2026-05-04 22:12:23.562500012+00:00,0.9045369029045104,0.4173332154750824,-0.2190826386213303
15.0625,2026-05-04 22:12:23.570312512+00:00,0.901990532875061,0.4173176884651184,-0.1822243928909302
15.0703125,2026-05-04 22:12:23.578125012+00:00,0.9040682315826416,0.4151762425899506,-0.1406301110982895
15.078125,2026-05-04 22:12:23.585937512+00:00,0.9055367112159728,0.4077588021755219,-0.0972059741616249
15.0859375,2026-05-04 22:12:23.593750012+00:00,0.9098483324050904,0.3954532444477081,-0.0537203326821327
15.09375,2026-05-04 22:12:23.601562512+00:00,0.915487825870514,0.3802459239959717,-0.0101424325257539
15.1015625,2026-05-04 22:12:23.609375012+00:00,0.9196901321411132,0.3619970977306366,0.0308675393462181
15.109375,2026-05-04 22:12:23.617187512+00:00,0.928454041481018,0.3419482409954071,0.0735843405127525
15.1171875,2026-05-04 22:12:23.625000012+00:00,0.9373897910118104,0.3218993842601776,0.1181309819221497
15.125,2026-05-04 22:12:23.632812512+00:00,0.9435760378837584,0.3032626509666443,0.1610169261693954
15.1328125,2026-05-04 22:12:23.640625012+00:00,0.9496998190879822,0.2861776649951935,0.2039951384067535
15.140625,2026-05-04 22:12:23.648437512+00:00,0.9570733904838562,0.2693254351615906,0.2461891174316406
15.1484375,2026-05-04 22:12:23.656250012+00:00,0.9627597332000732,0.2557319402694702,0.283600926399231
15.15625,2026-05-04 22:12:23.664062512+00:00,0.9653842449188232,0.2458471804857254,0.3166610896587372
15.1640625,2026-05-04 22:12:23.671875012+00:00,0.9687272906303406,0.2411453276872635,0.3464921116828918
15.171875,2026-05-04 22:12:23.679687512+00:00,0.9681336879730223,0.2384762912988663,0.3732016384601593
15.1796875,2026-05-04 22:12:23.687500012+00:00,0.9666027426719666,0.2408039420843124,0.396912693977356
15.1875,2026-05-04 22:12:23.695312512+00:00,0.9631346464157104,0.2487800270318985,0.4158876836299896
15.1953125,2026-05-04 22:12:23.703125012+00:00,0.9584324955940248,0.2589906752109528,0.4324177503585815
15.203125,2026-05-04 22:12:23.710937512+00:00,0.9546051025390624,0.273406594991684,0.4462107717990875
15.2109375,2026-05-04 22:12:23.718750012+00:00,0.9469191431999208,0.2908484935760498,0.454283595085144
15.21875,2026-05-04 22:12:23.726562512+00:00,0.9366086721420288,0.3094542026519775,0.456082671880722
15.2265625,2026-05-04 22:12:23.734375012+00:00,0.929282009601593,0.3290840983390808,0.4523307383060455
15.234375,2026-05-04 22:12:23.742187512+00:00,0.9219396710395812,0.3477984368801117,0.4418745040893555
15.2421875,2026-05-04 22:12:23.750000012+00:00,0.913722574710846,0.3654110133647919,0.4262362718582153
15.25,2026-05-04 22:12:23.757812512+00:00,0.9091765880584716,0.3813166320323944,0.4098446071147919
15.2578125,2026-05-04 22:12:23.765625012+00:00,0.901599943637848,0.3956549763679504,0.3886245787143707
15.265625,2026-05-04 22:12:23.773437512+00:00,0.8966009616851807,0.4082553684711456,0.364344596862793
15.2734375,2026-05-04 22:12:23.781250012+00:00,0.8931797742843628,0.4152538478374481,0.3368662297725677
15.28125,2026-05-04 22:12:23.789062512+00:00,0.8955855369567871,0.417736679315567,0.3042519986629486
15.2890625,2026-05-04 22:12:23.796875012+00:00,0.8936952948570251,0.4149590134620667,0.2636110484600067
15.296875,2026-05-04 22:12:23.804687512+00:00,0.8981475234031677,0.4090467691421509,0.2220782786607742
15.3046875,2026-05-04 22:12:23.812500012+00:00,0.9033496379852296,0.3980602324008942,0.1791615784168243
15.3125,2026-05-04 22:12:23.820312512+00:00,0.9098483324050904,0.3848081231117249,0.1358143240213394
15.3203125,2026-05-04 22:12:23.828125012+00:00,0.917378067970276,0.3696473240852356,0.0939432457089424
15.328125,2026-05-04 22:12:23.835937512+00:00,0.9248297214508056,0.3523916602134705,0.050150066614151
15.3359375,2026-05-04 22:12:23.843750012+00:00,0.9350464940071106,0.3326531648635864,0.0075101535767316
15.34375,2026-05-04 22:12:23.851562512+00:00,0.9436854124069214,0.3131629228591919,-0.0357140824198722
15.3515625,2026-05-04 22:12:23.859375012+00:00,0.9532616138458252,0.2947434186935425,-0.0804298669099807
15.359375,2026-05-04 22:12:23.867187512+00:00,0.9598540663719176,0.2785739898681641,-0.1224547028541565
15.3671875,2026-05-04 22:12:23.875000012+00:00,0.968071222305298,0.2647166848182678,-0.1600356549024582
15.375,2026-05-04 22:12:23.882812512+00:00,0.9729139804840088,0.2541646659374237,-0.1956944912672043
15.3828125,2026-05-04 22:12:23.890625012+00:00,0.9768194556236268,0.2458316832780838,-0.2275245189666748
15.390625,2026-05-04 22:12:23.898437512+00:00,0.9796470403671264,0.2433178126811981,-0.2556487023830414
15.3984375,2026-05-04 22:12:23.906250012+00:00,0.9793658256530762,0.2450868338346481,-0.2796980440616608
15.40625,2026-05-04 22:12:23.914062512+00:00,0.979131519794464,0.2507973313331604,-0.2989498376846313
15.4140625,2026-05-04 22:12:23.921875012+00:00,0.976507008075714,0.2588509917259216,-0.314142107963562
15.421875,2026-05-04 22:12:23.929687512+00:00,0.9711018204689026,0.2709082663059235,-0.328473299741745
15.4296875,2026-05-04 22:12:23.937500012+00:00,0.9627128839492798,0.2860845625400543,-0.3399136662483215
15.4375,2026-05-04 22:12:23.945312512+00:00,0.9575576782226562,0.3027815818786621,-0.3433273136615753
15.4453125,2026-05-04 22:12:23.953125012+00:00,0.9515119791030884,0.3201614022254944,-0.3396984040737152
15.453125,2026-05-04 22:12:23.960937512+00:00,0.94173264503479,0.3405982255935669,-0.3317331969738007
15.4609375,2026-05-04 22:12:23.968750012+00:00,0.9317346215248108,0.360678106546402,-0.3186782896518707
15.46875,2026-05-04 22:12:23.976562512+00:00,0.9255014657974244,0.3772975504398346,-0.3005336225032806
15.4765625,2026-05-04 22:12:23.984375012+00:00,0.9192527532577516,0.389959990978241,-0.2799594402313232
15.484375,2026-05-04 22:12:23.992187512+00:00,0.9130820631980896,0.4016758501529694,-0.2587701976299286
15.4921875,2026-05-04 22:12:24.000000012+00:00,0.9084736108779908,0.4097760915756226,-0.2339058816432953
15.5,2026-05-04 22:12:24.007812512+00:00,0.9057241678237916,0.4129416942596436,-0.2024756669998169
15.5078125,2026-05-04 22:12:24.015625012+00:00,0.9062240719795228,0.4126313328742981,-0.1652176380157471
15.515625,2026-05-04 22:12:24.023437512+00:00,0.906255304813385,0.4093881547451019,-0.1270677596330643
15.5234375,2026-05-04 22:12:24.031250012+00:00,0.9066146016120912,0.402405172586441,-0.0882105380296707
15.53125,2026-05-04 22:12:24.039062512+00:00,0.9125977754592896,0.3901461958885193,-0.0455398634076118
15.5390625,2026-05-04 22:12:24.046875012+00:00,0.9183154106140136,0.3746129870414734,-0.0031921118497848
15.546875,2026-05-04 22:12:24.054687512+00:00,0.9223458766937256,0.3579469919204712,0.0369875133037567
15.5546875,2026-05-04 22:12:24.062500012+00:00,0.9284384250640868,0.3403964936733246,0.076613575220108
15.5625,2026-05-04 22:12:24.070312512+00:00,0.9375303387641908,0.3213873207569122,0.1187306791543961
15.5703125,2026-05-04 22:12:24.078125012+00:00,0.9447789192199708,0.3018660545349121,0.1592485904693604
15.578125,2026-05-04 22:12:24.085937512+00:00,0.9513713717460632,0.2855569422245026,0.1984133422374725
15.5859375,2026-05-04 22:12:24.093750012+00:00,0.9572608470916748,0.2718082666397095,0.2366862446069717
15.59375,2026-05-04 22:12:24.101562512+00:00,0.9611350893974304,0.2595492899417877,0.2733753323554993
15.6015625,2026-05-04 22:12:24.109375012+00:00,0.964525043964386,0.2502231597900391,0.3079424202442169
15.609375,2026-05-04 22:12:24.117187512+00:00,0.9658997654914856,0.2458937615156174,0.3356207013130188
15.6171875,2026-05-04 22:12:24.125000012+00:00,0.9666652083396912,0.2450713068246841,0.3589473366737366
15.625,2026-05-04 22:12:24.132812512+00:00,0.9646031260490416,0.2478955239057541,0.3793677389621735
15.6328125,2026-05-04 22:12:24.140625012+00:00,0.9626972675323486,0.2536836266517639,0.398604154586792
15.640625,2026-05-04 22:12:24.148437512+00:00,0.9578232169151306,0.2642977237701416,0.4148113131523132
15.6484375,2026-05-04 22:12:24.156250012+00:00,0.9501216411590576,0.2793498933315277,0.4256981015205383
15.65625,2026-05-04 22:12:24.164062512+00:00,0.9431073665618896,0.2965434789657593,0.4331558644771576
15.6640625,2026-05-04 22:12:24.171875012+00:00,0.936264991760254,0.3135819137096405,0.4358929097652435
15.671875,2026-05-04 22:12:24.179687512+00:00,0.9305942058563232,0.3310082852840424,0.4316335320472717
15.6796875,2026-05-04 22:12:24.187500012+00:00,0.922517716884613,0.3489777743816376,0.4200855493545532
15.6875,2026-05-04 22:12:24.195312512+00:00,0.9148942232131958,0.3663886189460754,0.405554473400116
15.6953125,2026-05-04 22:12:24.203125012+00:00,0.9072238802909852,0.3811614513397217,0.3893934190273285
15.703125,2026-05-04 22:12:24.210937512+00:00,0.9032090306282043,0.3937928676605225,0.3710488677024841
15.7109375,2026-05-04 22:12:24.218750012+00:00,0.8982568979263306,0.4050587117671967,0.346968799829483
15.71875,2026-05-04 22:12:24.226562512+00:00,0.8966946601867676,0.4119951128959656,0.3170608878135681
15.7265625,2026-05-04 22:12:24.234375012+00:00,0.8977726101875305,0.4125227332115173,0.2857229113578796
15.734375,2026-05-04 22:12:24.242187512+00:00,0.8987411260604858,0.4089691638946533,0.2499871999025345
15.7421875,2026-05-04 22:12:24.250000012+00:00,0.9001627564430237,0.4033207297325134,0.2099305838346481
15.75,2026-05-04 22:12:24.257812512+00:00,0.9058022499084472,0.3940566778182983,0.1698278486728668
15.7578125,2026-05-04 22:12:24.265625012+00:00,0.9119260311126708,0.3803080022335052,0.1287871152162552
15.765625,2026-05-04 22:12:24.273437512+00:00,0.9206587076187134,0.3636419773101807,0.0876848846673965
15.7734375,2026-05-04 22:12:24.281250012+00:00,0.9283134341239928,0.3475501537322998,0.0452141091227531
15.78125,2026-05-04 22:12:24.289062512+00:00,0.9356400966644288,0.3296737670898438,0.0032046437263488
15.7890625,2026-05-04 22:12:24.296875012+00:00,0.9444977045059204,0.3111301064491272,-0.0360985025763511
15.796875,2026-05-04 22:12:24.304687512+00:00,0.9549331665039062,0.2942779064178467,-0.074033111333847
15.8046875,2026-05-04 22:12:24.312500012+00:00,0.960494577884674,0.2799085080623627,-0.114873930811882
15.8125,2026-05-04 22:12:24.320312512+00:00,0.9657591581344604,0.2674477994441986,-0.1535927653312683
15.8203125,2026-05-04 22:12:24.328125012+00:00,0.9713830351829528,0.2562750577926636,-0.1872679889202118
15.828125,2026-05-04 22:12:24.335937512+00:00,0.9780067205429076,0.2487645298242569,-0.2156228423118591
15.8359375,2026-05-04 22:12:24.343750012+00:00,0.9785847663879396,0.2482524365186691,-0.2427629232406616
15.84375,2026-05-04 22:12:24.351562512+00:00,0.9755071997642516,0.2518214881420135,-0.2661664485931396
15.8515625,2026-05-04 22:12:24.359375012+00:00,0.9760852456092834,0.2567250728607178,-0.2825581431388855
15.859375,2026-05-04 22:12:24.367187512+00:00,0.9742730855941772,0.2638011574745178,-0.2961666285991669
15.8671875,2026-05-04 22:12:24.375000012+00:00,0.9682742953300476,0.2760911583900452,-0.3104978203773499
15.875,2026-05-04 22:12:24.382812512+00:00,0.960260272026062,0.291872650384903,-0.3212154507637024
15.8828125,2026-05-04 22:12:24.390625012+00:00,0.9566828012466432,0.3077782988548279,-0.3219074010848999
15.890625,2026-05-04 22:12:24.398437512+00:00,0.9487156271934508,0.3245684504508972,-0.3180631995201111
15.8984375,2026-05-04 22:12:24.406250012+00:00,0.940201699733734,0.3435620963573456,-0.3100211322307587
15.90625,2026-05-04 22:12:24.414062512+00:00,0.9303130507469176,0.3624936640262604,-0.2994264960289001
15.9140625,2026-05-04 22:12:24.421875012+00:00,0.9249390959739684,0.3767544329166412,-0.2823120951652527
15.921875,2026-05-04 22:12:24.429687512+00:00,0.9207367897033693,0.3886099457740784,-0.2614918947219849
15.9296875,2026-05-04 22:12:24.437500012+00:00,0.9138944149017334,0.3995344042778015,-0.2391186356544495
15.9375,2026-05-04 22:12:24.445312512+00:00,0.9071145057678224,0.4073087871074677,-0.2154690772294998
15.9453125,2026-05-04 22:12:24.453125012+00:00,0.9075050354003906,0.4098071157932281,-0.1853305101394653
15.953125,2026-05-04 22:12:24.460937512+00:00,0.9097702503204346,0.4079294800758362,-0.1499945968389511
15.9609375,2026-05-04 22:12:24.468750012+00:00,0.9082236289978028,0.4032897055149078,-0.1156274080276489
15.96875,2026-05-04 22:12:24.476562512+00:00,0.9090672135353088,0.3967101871967316,-0.0788768082857132
15.9765625,2026-05-04 22:12:24.484375012+00:00,0.9143005609512328,0.3851029574871063,-0.0372210070490837
15.984375,2026-05-04 22:12:24.492187512+00:00,0.9211117029190063,0.3699887096881866,0.0044962968677282
15.9921875,2026-05-04 22:12:24.500000012+00:00,0.9254233837127686,0.3537572026252747,0.0434765294194221
16.0,2026-05-04 22:12:24.507812512+00:00,0.9314534664154052,0.3370757102966309,0.0800118520855903
16.0078125,2026-05-04 22:12:24.515625012+00:00,0.9381396174430848,0.3182837665081024,0.1175927966833115
16.015625,2026-05-04 22:12:24.523437512+00:00,0.9459818005561828,0.299864262342453,0.1577109098434448
16.0234375,2026-05-04 22:12:24.531250012+00:00,0.9526367783546448,0.28492072224617,0.1961837112903595
16.03125,2026-05-04 22:12:24.539062512+00:00,0.95574551820755,0.2724445164203644,0.2311659753322601
16.0390625,2026-05-04 22:12:24.546875012+00:00,0.9598228335380554,0.2621407508850098,0.2653793692588806
16.046875,2026-05-04 22:12:24.554687512+00:00,0.9643532037734984,0.2542112171649933,0.2969941198825836
16.0546875,2026-05-04 22:12:24.562500012+00:00,0.965243637561798,0.2489507347345352,0.3236114084720612
16.0625,2026-05-04 22:12:24.570312512+00:00,0.9655404686927797,0.2490593641996384,0.3464921116828918
16.0703125,2026-05-04 22:12:24.578125012+00:00,0.9624472856521606,0.2539784610271454,0.36574387550354
16.078125,2026-05-04 22:12:24.585937512+00:00,0.9604633450508118,0.2608062326908112,0.3839038908481598
16.0859375,2026-05-04 22:12:24.593750012+00:00,0.954683244228363,0.2702720165252686,0.3986195027828217
16.09375,2026-05-04 22:12:24.601562512+00:00,0.9490436911582948,0.2848276197910309,0.4079378545284271
16.1015625,2026-05-04 22:12:24.609375012+00:00,0.9423887729644777,0.3016177713871002,0.4117205739021301
16.109375,2026-05-04 22:12:24.617187512+00:00,0.9370148181915284,0.3179113566875458,0.4138579368591309
16.1171875,2026-05-04 22:12:24.625000012+00:00,0.9291726350784302,0.333987683057785,0.4118589460849762
16.125,2026-05-04 22:12:24.632812512+00:00,0.9211742281913756,0.3516312837600708,0.4026789963245392
16.1328125,2026-05-04 22:12:24.640625012+00:00,0.9133945107460022,0.3682041764259338,0.387855738401413
16.140625,2026-05-04 22:12:24.648437512+00:00,0.9080674052238464,0.381704568862915,0.3712334036827087
16.1484375,2026-05-04 22:12:24.656250012+00:00,0.9050836563110352,0.3920238614082336,0.35096675157547
16.15625,2026-05-04 22:12:24.664062512+00:00,0.9017093181610109,0.4012258350849152,0.3272249400615692
16.1640625,2026-05-04 22:12:24.671875012+00:00,0.8992097973823547,0.4075725674629211,0.2995313107967377
16.171875,2026-05-04 22:12:24.679687512+00:00,0.8982412815093994,0.4083174169063568,0.2698540389537811
16.1796875,2026-05-04 22:12:24.687500012+00:00,0.9005220532417297,0.4044069647789001,0.2374704629182816
16.1875,2026-05-04 22:12:24.695312512+00:00,0.905068039894104,0.397594690322876,0.200765997171402
16.1953125,2026-05-04 22:12:24.703125012+00:00,0.9079580903053284,0.3885323703289032,0.159094825387001
16.203125,2026-05-04 22:12:24.710937512+00:00,0.9143630862236024,0.3749698996543884,0.1189305782318115
16.2109375,2026-05-04 22:12:24.718750012+00:00,0.9236112236976624,0.3591108322143555,0.0809959694743156
16.21875,2026-05-04 22:12:24.726562512+00:00,0.9313597083091736,0.342584490776062,0.0415390506386756
16.2265625,2026-05-04 22:12:24.734375012+00:00,0.9374522566795348,0.327252984046936,0.0010672677308321
16.234375,2026-05-04 22:12:24.742187512+00:00,0.9453725814819336,0.3107887208461761,-0.0367904603481292
16.2421875,2026-05-04 22:12:24.750000012+00:00,0.9541520476341248,0.293533056974411,-0.0734180361032486
16.25,2026-05-04 22:12:24.757812512+00:00,0.9606039524078368,0.2789153754711151,-0.1102608889341354
16.2578125,2026-05-04 22:12:24.765625012+00:00,0.9675244092941284,0.2688599228858948,-0.1456121951341629
16.265625,2026-05-04 22:12:24.773437512+00:00,0.9709925055503844,0.2605579495429993,-0.1785339564085007
16.2734375,2026-05-04 22:12:24.781250012+00:00,0.9736325740814208,0.2538232803344727,-0.2058893293142319
16.28125,2026-05-04 22:12:24.789062512+00:00,0.975429117679596,0.2530318796634674,-0.2302000820636749
16.2890625,2026-05-04 22:12:24.796875012+00:00,0.9750229716300964,0.256259560585022,-0.251927524805069
16.296875,2026-05-04 22:12:24.804687512+00:00,0.9731639623641968,0.2617838382720947,-0.2690880298614502
16.3046875,2026-05-04 22:12:24.812500012+00:00,0.9714298844337464,0.2701168656349182,-0.2820506989955902
16.3125,2026-05-04 22:12:24.820312512+00:00,0.9662122130393982,0.281755119562149,-0.2926760911941528
16.3203125,2026-05-04 22:12:24.828125012+00:00,0.9584324955940248,0.2969934940338135,-0.3009641766548157
16.328125,2026-05-04 22:12:24.835937512+00:00,0.9531991481781006,0.3129767179489136,-0.3021943271160126
16.3359375,2026-05-04 22:12:24.843750012+00:00,0.94635671377182,0.3292858004570007,-0.2987960577011108
16.34375,2026-05-04 22:12:24.851562512+00:00,0.9396237134933472,0.3461690545082092,-0.2914305627346039
16.3515625,2026-05-04 22:12:24.859375012+00:00,0.9306254982948304,0.3622298836708069,-0.2800978422164917
16.359375,2026-05-04 22:12:24.867187512+00:00,0.9234862327575684,0.3767389059066772,-0.2644596099853516
16.3671875,2026-05-04 22:12:24.875000012+00:00,0.919190227985382,0.3885944485664368,-0.2442852258682251
16.375,2026-05-04 22:12:24.882812512+00:00,0.915972113609314,0.3977033197879791,-0.221235379576683
16.3828125,2026-05-04 22:12:24.890625012+00:00,0.9117229580879213,0.4036776423454285,-0.1963249444961548
16.390625,2026-05-04 22:12:24.898437512+00:00,0.9077862501144408,0.4047173261642456,-0.1690157204866409
16.3984375,2026-05-04 22:12:24.906250012+00:00,0.9091609716415404,0.4032586514949799,-0.1369089186191559
16.40625,2026-05-04 22:12:24.914062512+00:00,0.9109418392181396,0.3982619643211365,-0.1025417298078537
16.4140625,2026-05-04 22:12:24.921875012+00:00,0.9128321409225464,0.3902703523635864,-0.0668060034513473
16.421875,2026-05-04 22:12:24.929687512+00:00,0.9184091687202454,0.3796872794628143,-0.0286099929362535
16.4296875,2026-05-04 22:12:24.937500012+00:00,0.922267735004425,0.3652403056621552,0.0093861259520053
16.4375,2026-05-04 22:12:24.945312512+00:00,0.92771977186203,0.3490087985992432,0.0478896796703338
16.4453125,2026-05-04 22:12:24.953125012+00:00,0.9325625896453856,0.3326376378536224,0.0844403728842735
16.453125,2026-05-04 22:12:24.960937512+00:00,0.9395768046379088,0.316111296415329,0.1203452423214912
16.4609375,2026-05-04 22:12:24.968750012+00:00,0.947090983390808,0.2999108135700226,0.1570343375205994
16.46875,2026-05-04 22:12:24.976562512+00:00,0.952402412891388,0.2857431769371033,0.1927085518836975
16.4765625,2026-05-04 22:12:24.984375012+00:00,0.9561672806739808,0.2734221220016479,0.2256918251514435
16.484375,2026-05-04 22:12:24.992187512+00:00,0.9604008197784424,0.2636149525642395,0.2576448321342468
16.4921875,2026-05-04 22:12:25.000000012+00:00,0.9633221626281738,0.2569113075733185,0.2875988781452179
16.5,2026-05-04 22:12:25.007812512+00:00,0.963103413581848,0.2544905245304108,0.3128629922866821
16.5078125,2026-05-04 22:12:25.015625012+00:00,0.963790774345398,0.2551422715187073,0.3364664316177368
16.515625,2026-05-04 22:12:25.023437512+00:00,0.9602289795875548,0.2587268650531769,0.3546725809574127
16.5234375,2026-05-04 22:12:25.031250012+00:00,0.9578856825828552,0.2659891545772552,0.3699724972248077
16.53125,2026-05-04 22:12:25.039062512+00:00,0.9527304768562316,0.2777050137519836,0.3808900415897369
16.5390625,2026-05-04 22:12:25.046875012+00:00,0.9484188556671144,0.289995014667511,0.3901622593402863
16.546875,2026-05-04 22:12:25.054687512+00:00,0.9416545629501344,0.3049851059913635,0.3958209455013275
16.5546875,2026-05-04 22:12:25.062500012+00:00,0.9340779185295104,0.3219924867153168,0.3962668776512146
16.5625,2026-05-04 22:12:25.070312512+00:00,0.9258920550346376,0.3386585116386414,0.3921304941177368
16.5703125,2026-05-04 22:12:25.078125012+00:00,0.9208617806434632,0.3535709977149963,0.3844882249832153
16.578125,2026-05-04 22:12:25.085937512+00:00,0.9156284332275392,0.3680490255355835,0.3709566295146942
16.5859375,2026-05-04 22:12:25.093750012+00:00,0.910270094871521,0.381394237279892,0.352642834186554
16.59375,2026-05-04 22:12:25.101562512+00:00,0.9045525193214417,0.3914652168750763,0.3318072557449341
16.6015625,2026-05-04 22:12:25.109375012+00:00,0.9031152725219728,0.3983705937862396,0.3108640313148499
16.609375,2026-05-04 22:12:25.117187512+00:00,0.90197491645813,0.4023896753787994,0.2850924730300903
16.6171875,2026-05-04 22:12:25.125000012+00:00,0.9009751081466676,0.4035069346427917,0.2544926106929779
16.625,2026-05-04 22:12:25.132812512+00:00,0.9035995602607728,0.4002482295036316,0.2219706326723099
16.6328125,2026-05-04 22:12:25.140625012+00:00,0.9067864418029784,0.3918066024780273,0.1875573098659515
16.640625,2026-05-04 22:12:25.148437512+00:00,0.912316620349884,0.3813321590423584,0.1507144570350647
16.6484375,2026-05-04 22:12:25.156250012+00:00,0.9179404973983764,0.3697559535503387,0.1121186465024948
16.65625,2026-05-04 22:12:25.164062512+00:00,0.924142360687256,0.3557434678077698,0.07379961758852
16.6640625,2026-05-04 22:12:25.171875012+00:00,0.9322813749313354,0.339372307062149,0.0367414839565753
16.671875,2026-05-04 22:12:25.179687512+00:00,0.9409672021865844,0.3223649263381958,-8.599460124969482e-05
16.6796875,2026-05-04 22:12:25.187500012+00:00,0.9479970335960388,0.3072972297668457,-0.0379129648208618
16.6875,2026-05-04 22:12:25.195312512+00:00,0.9531522989273072,0.2932692468166351,-0.0747865736484527
16.6953125,2026-05-04 22:12:25.203125012+00:00,0.9613693952560424,0.2799861133098602,-0.1073239147663116
16.703125,2026-05-04 22:12:25.210937512+00:00,0.9670870304107666,0.2685805857181549,-0.1380621790885925
16.7109375,2026-05-04 22:12:25.218750012+00:00,0.9699145555496216,0.2624045610427856,-0.1696000397205353
16.71875,2026-05-04 22:12:25.226562512+00:00,0.9712737202644348,0.2598286271095276,-0.1978626251220703
16.7265625,2026-05-04 22:12:25.234375012+00:00,0.9739137887954712,0.2577492594718933,-0.2195285558700562
16.734375,2026-05-04 22:12:25.242187512+00:00,0.9738200902938844,0.2595803439617157,-0.2382421493530273
16.7421875,2026-05-04 22:12:25.250000012+00:00,0.9719610810279846,0.2671219408512115,-0.2555718123912811
16.75,2026-05-04 22:12:25.257812512+00:00,0.966899573802948,0.2778601944446564,-0.2700875401496887
16.7578125,2026-05-04 22:12:25.265625012+00:00,0.961791217327118,0.2885984182357788,-0.2782833874225616
16.765625,2026-05-04 22:12:25.273437512+00:00,0.9591198563575744,0.3017884492874146,-0.2807897925376892
16.7734375,2026-05-04 22:12:25.281250012+00:00,0.9504497051239014,0.3171199560165405,-0.2834499776363373
16.78125,2026-05-04 22:12:25.289062512+00:00,0.9414514899253844,0.3340187072753906,-0.2820968329906464
16.7890625,2026-05-04 22:12:25.296875012+00:00,0.9366867542266846,0.3495829701423645,-0.2735934555530548
16.796875,2026-05-04 22:12:25.304687512+00:00,0.9326094388961792,0.3633005917072296,-0.26027712225914
16.8046875,2026-05-04 22:12:25.312500012+00:00,0.9242048859596252,0.3765837550163269,-0.245530754327774
16.8125,2026-05-04 22:12:25.320312512+00:00,0.9180341958999634,0.3885789215564728,-0.2278781831264496
16.8203125,2026-05-04 22:12:25.328125012+00:00,0.9140662550926208,0.3967412412166595,-0.20556640625
16.828125,2026-05-04 22:12:25.335937512+00:00,0.913113296031952,0.4002637565135956,-0.1792566776275635
16.8359375,2026-05-04 22:12:25.343750012+00:00,0.9116292595863342,0.4006361663341522,-0.1515937745571136
16.84375,2026-05-04 22:12:25.351562512+00:00,0.9106763005256652,0.4005585908889771,-0.1233311891555786
16.8515625,2026-05-04 22:12:25.359375012+00:00,0.9105981588363647,0.3949101269245148,-0.0919624790549278
16.859375,2026-05-04 22:12:25.367187512+00:00,0.9164251685142516,0.3842494785785675,-0.0542431473731994
16.8671875,2026-05-04 22:12:25.375000012+00:00,0.9207680225372314,0.3733095228672028,-0.0179384816437959
16.875,2026-05-04 22:12:25.382812512+00:00,0.9221271276474,0.3611901998519897,0.0147987650707364
16.8828125,2026-05-04 22:12:25.390625012+00:00,0.928672730922699,0.3471156358718872,0.051903024315834
16.890625,2026-05-04 22:12:25.398437512+00:00,0.936015009880066,0.3291926980018616,0.0893917083740234
16.8984375,2026-05-04 22:12:25.406250012+00:00,0.942341923713684,0.3128215372562408,0.1247430145740509
16.90625,2026-05-04 22:12:25.414062512+00:00,0.9459661841392516,0.300795316696167,0.1567729264497757
16.9140625,2026-05-04 22:12:25.421875012+00:00,0.9516056776046752,0.288117378950119,0.1893717795610428
16.921875,2026-05-04 22:12:25.429687512+00:00,0.9568859338760376,0.274694561958313,0.2234775573015213
16.9296875,2026-05-04 22:12:25.437500012+00:00,0.9609007239341736,0.2658184468746185,0.2543849647045135
16.9375,2026-05-04 22:12:25.445312512+00:00,0.958213746547699,0.26165971159935,0.2774502038955688
16.9453125,2026-05-04 22:12:25.453125012+00:00,0.961181938648224,0.2606045007705688,0.3016379177570343
16.953125,2026-05-04 22:12:25.460937512+00:00,0.961775541305542,0.260697603225708,0.3255181312561035
16.9609375,2026-05-04 22:12:25.468750012+00:00,0.96154123544693,0.2644373774528503,0.3443547189235687
16.96875,2026-05-04 22:12:25.476562512+00:00,0.9548394680023192,0.2732669413089752,0.3567638099193573
16.9765625,2026-05-04 22:12:25.484375012+00:00,0.9502934813499452,0.2842534780502319,0.3669125139713287
16.984375,2026-05-04 22:12:25.492187512+00:00,0.945060133934021,0.2946503162384033,0.3741088807582855
16.9921875,2026-05-04 22:12:25.500000012+00:00,0.9413577318191528,0.3080420792102814,0.3790448307991028
17.0,2026-05-04 22:12:25.507812512+00:00,0.9346246719360352,0.3239632546901703,0.3772303760051727
17.0078125,2026-05-04 22:12:25.515625012+00:00,0.925954520702362,0.3394654095172882,0.3704491853713989
17.015625,2026-05-04 22:12:25.523437512+00:00,0.9212366938591005,0.3529968559741974,0.3640677928924561
17.0234375,2026-05-04 22:12:25.531250012+00:00,0.9181279540061952,0.3662489652633667,0.3543650209903717
17.03125,2026-05-04 22:12:25.539062512+00:00,0.910645067691803,0.3779492974281311,0.3359436094760895
17.0390625,2026-05-04 22:12:25.546875012+00:00,0.90659898519516,0.3883616626262665,0.3152925372123718
17.046875,2026-05-04 22:12:25.554687512+00:00,0.9065521359443665,0.3932652771472931,0.293211430311203
17.0546875,2026-05-04 22:12:25.562500012+00:00,0.9044431447982788,0.394429087638855,0.2669785618782043
17.0625,2026-05-04 22:12:25.570312512+00:00,0.9055679440498352,0.3946618437767029,0.2372705638408661
17.0703125,2026-05-04 22:12:25.578125012+00:00,0.9068176746368408,0.3932807743549347,0.2047947347164154
17.078125,2026-05-04 22:12:25.585937512+00:00,0.9104419946670532,0.3853977918624878,0.1732414960861206
17.0859375,2026-05-04 22:12:25.593750012+00:00,0.9169719219207764,0.3748302459716797,0.142656996846199
17.09375,2026-05-04 22:12:25.601562512+00:00,0.9206899404525756,0.3636264801025391,0.1050914376974106
17.1015625,2026-05-04 22:12:25.609375012+00:00,0.924157977104187,0.3523916602134705,0.0657729133963584
17.109375,2026-05-04 22:12:25.617187512+00:00,0.9336561560630798,0.3365170657634735,0.0303754806518554
17.1171875,2026-05-04 22:12:25.625000012+00:00,0.9437166452407836,0.3203476369380951,-0.003853315487504
17.125,2026-05-04 22:12:25.632812512+00:00,0.9492624402046204,0.3066765367984772,-0.0407269224524498
17.1328125,2026-05-04 22:12:25.640625012+00:00,0.9539021253585817,0.2952710390090942,-0.0755707919597625
17.140625,2026-05-04 22:12:25.648437512+00:00,0.9581044316291808,0.283632755279541,-0.1060784012079239
17.1484375,2026-05-04 22:12:25.656250012+00:00,0.9643688201904296,0.2731428146362305,-0.1328648179769516
17.15625,2026-05-04 22:12:25.664062512+00:00,0.969508409500122,0.2675098776817322,-0.1601432859897614
17.1640625,2026-05-04 22:12:25.671875012+00:00,0.9705238342285156,0.2667184770107269,-0.188636526465416
17.171875,2026-05-04 22:12:25.679687512+00:00,0.9694303274154664,0.2655546367168427,-0.2130549252033234
17.1796875,2026-05-04 22:12:25.687500012+00:00,0.9716330170631408,0.2662994861602783,-0.229092925786972
17.1875,2026-05-04 22:12:25.695312512+00:00,0.9686179757118224,0.2716065645217896,-0.2438854277133942
17.1953125,2026-05-04 22:12:25.703125012+00:00,0.9642282128334044,0.2829499840736389,-0.2573555409908295
17.203125,2026-05-04 22:12:25.710937512+00:00,0.959526002407074,0.2945882678031921,-0.2642751038074493
17.2109375,2026-05-04 22:12:25.718750012+00:00,0.956323504447937,0.3043954372406006,-0.2656590044498444
17.21875,2026-05-04 22:12:25.726562512+00:00,0.950746476650238,0.3175854682922363,-0.2657820284366608
17.2265625,2026-05-04 22:12:25.734375012+00:00,0.9438416361808776,0.3347170054912567,-0.2645672559738159
17.234375,2026-05-04 22:12:25.742187512+00:00,0.9353745579719543,0.3486518859863281,-0.2587701976299286
17.2421875,2026-05-04 22:12:25.750000012+00:00,0.9331874847412108,0.3602746427059174,-0.2443006038665771
17.25,2026-05-04 22:12:25.757812512+00:00,0.9279853701591492,0.3706249594688416,-0.2284932434558868
17.2578125,2026-05-04 22:12:25.765625012+00:00,0.9194870591163636,0.3820770084857941,-0.2144695818424225
17.265625,2026-05-04 22:12:25.773437512+00:00,0.9170031547546388,0.3888116776943207,-0.1930343061685562
17.2734375,2026-05-04 22:12:25.781250012+00:00,0.9173624515533448,0.3907513916492462,-0.1649716049432755
17.28125,2026-05-04 22:12:25.789062512+00:00,0.9157221913337708,0.3913565874099731,-0.1377085149288177
17.2890625,2026-05-04 22:12:25.796875012+00:00,0.9140506386756896,0.3918066024780273,-0.1101532578468323
17.296875,2026-05-04 22:12:25.804687512+00:00,0.9154253602027892,0.3871978521347046,-0.0783539935946464
17.3046875,2026-05-04 22:12:25.812500012+00:00,0.9174874424934388,0.3773751556873322,-0.0457705184817314
17.3125,2026-05-04 22:12:25.820312512+00:00,0.9218928217887878,0.3670869171619415,-0.0123566966503858
17.3203125,2026-05-04 22:12:25.828125012+00:00,0.927126169204712,0.3575590550899506,0.0211955215781927
17.328125,2026-05-04 22:12:25.835937512+00:00,0.9283915162086488,0.3458276689052582,0.0536867380142211
17.3359375,2026-05-04 22:12:25.843750012+00:00,0.9340935349464417,0.331411749124527,0.0915444642305374
17.34375,2026-05-04 22:12:25.851562512+00:00,0.9414045810699464,0.3178803026676178,0.128740981221199
17.3515625,2026-05-04 22:12:25.859375012+00:00,0.9429667592048644,0.3071420788764954,0.1587411612272263
17.359375,2026-05-04 22:12:25.867187512+00:00,0.9462317824363708,0.2969624698162079,0.1881262511014938
17.3671875,2026-05-04 22:12:25.875000012+00:00,0.953011691570282,0.2861000895500183,0.2201869189739227
17.375,2026-05-04 22:12:25.882812512+00:00,0.954542636871338,0.2771929204463959,0.2477729320526123
17.3828125,2026-05-04 22:12:25.890625012+00:00,0.955386221408844,0.2744462788105011,0.2718376517295837
17.390625,2026-05-04 22:12:25.898437512+00:00,0.9565891027450562,0.274120420217514,0.2950873970985413
17.3984375,2026-05-04 22:12:25.906250012+00:00,0.9549956321716307,0.2733755707740784,0.3166918456554413
17.40625,2026-05-04 22:12:25.914062512+00:00,0.9565578699111938,0.2765256464481354,0.3372813761234283
17.4140625,2026-05-04 22:12:25.921875012+00:00,0.9510120749473572,0.2834465503692627,0.3488909006118774
17.421875,2026-05-04 22:12:25.929687512+00:00,0.9459505677223206,0.2926330268383026,0.35614874958992
17.4296875,2026-05-04 22:12:25.937500012+00:00,0.944325864315033,0.3016022443771362,0.3641754388809204
17.4375,2026-05-04 22:12:25.945312512+00:00,0.9418107867240906,0.3111766576766968,0.3679888844490051
17.4453125,2026-05-04 22:12:25.953125012+00:00,0.9319533109664916,0.3251736164093018,0.3625301122665405
17.453125,2026-05-04 22:12:25.960937512+00:00,0.9272980093955994,0.3382550477981567,0.3586090505123138
17.4609375,2026-05-04 22:12:25.968750012+00:00,0.9237830638885498,0.3495053648948669,0.3526120781898499
17.46875,2026-05-04 22:12:25.976562512+00:00,0.9203931093215942,0.3594987690448761,0.3420789539813995
17.4765625,2026-05-04 22:12:25.984375012+00:00,0.9143787026405334,0.3698801100254059,0.3250568211078644
17.484375,2026-05-04 22:12:25.992187512+00:00,0.9117229580879213,0.3784613907337189,0.3027450442314148
17.492187488,2026-05-04 22:12:26+00:00,0.910301387310028,0.3816425204277039,0.2791416347026825
17.499999988,2026-05-04 22:12:26.007812500+00:00,0.9122072458267212,0.3820925354957581,0.2555843591690063
17.507812488,2026-05-04 22:12:26.015625+00:00,0.910863757133484,0.3836442828178406,0.2251228839159012
17.515624988,2026-05-04 22:12:26.023437500+00:00,0.9109106063842772,0.382666677236557,0.1944307535886765
17.523437488,2026-05-04 22:12:26.031250+00:00,0.9135663509368896,0.3765061497688293,0.165983647108078
17.531249988,2026-05-04 22:12:26.039062500+00:00,0.920018196105957,0.3678783178329468,0.1360142230987549
17.539062488,2026-05-04 22:12:26.046875+00:00,0.924501657485962,0.3611591458320618,0.0993251353502273
17.546874988,2026-05-04 22:12:26.054687500+00:00,0.9269543290138244,0.3529813289642334,0.0615904182195663
17.554687488,2026-05-04 22:12:26.062500+00:00,0.9320783019065856,0.3410016596317291,0.0266542918980121
17.562499988,2026-05-04 22:12:26.070312500+00:00,0.9378740191459656,0.3275478482246399,-0.0063597355037927
17.570312488,2026-05-04 22:12:26.078125+00:00,0.9442009329795836,0.3183923959732056,-0.041049838066101
17.578124988,2026-05-04 22:12:26.085937500+00:00,0.9471222162246704,0.310695618391037,-0.0755092874169349
17.585937488,2026-05-04 22:12:26.093750+00:00,0.951699435710907,0.3011987805366516,-0.1044023185968399
17.593749988,2026-05-04 22:12:26.101562500+00:00,0.9576045274734496,0.2937502861022949,-0.1281595081090927
17.601562488,2026-05-04 22:12:26.109375+00:00,0.9608851075172424,0.2893587946891785,-0.1527624130249023
17.609374988,2026-05-04 22:12:26.117187500+00:00,0.9596197605133056,0.2869225144386292,-0.1780880391597748
17.617187488,2026-05-04 22:12:26.125000+00:00,0.9608226418495178,0.2866587042808533,-0.2010917514562607
17.624999988,2026-05-04 22:12:26.132812500+00:00,0.9600571393966676,0.2850759029388428,-0.2202205210924149
17.632812488,2026-05-04 22:12:26.140625+00:00,0.9630097150802612,0.2861000895500183,-0.2345516979694366
17.640624988,2026-05-04 22:12:26.148437500+00:00,0.961775541305542,0.2886760234832764,-0.2455922663211823
17.648437488,2026-05-04 22:12:26.156250+00:00,0.9604477286338806,0.2956124246120453,-0.2526348531246185
17.656249988,2026-05-04 22:12:26.164062500+00:00,0.9553706049919128,0.3039143979549408,-0.2556179463863373
17.664062488,2026-05-04 22:12:26.171875+00:00,0.953011691570282,0.3125422298908234,-0.2522350549697876
17.671874988,2026-05-04 22:12:26.179687500+00:00,0.949590504169464,0.3217597305774689,-0.2468839287757874
17.679687488,2026-05-04 22:12:26.187500+00:00,0.9425293803215028,0.3311013877391815,-0.2416711747646332
17.687499988,2026-05-04 22:12:26.195312500+00:00,0.9389832019805908,0.3423517048358917,-0.2339673936367035
17.695312488,2026-05-04 22:12:26.203125+00:00,0.9364680647850036,0.3518950939178467,-0.2205434292554855
17.703124988,2026-05-04 22:12:26.210937500+00:00,0.93082857131958,0.3598867058753967,-0.2020604908466339
17.710937488,2026-05-04 22:12:26.218750+00:00,0.9258607625961304,0.3672265708446503,-0.1793335527181625
17.718749988,2026-05-04 22:12:26.226562500+00:00,0.9224864840507508,0.3744112551212311,-0.1543616056442261
17.726562488,2026-05-04 22:12:26.234375+00:00,0.9201900362968444,0.3790665864944458,-0.1281133741140366
17.734374988,2026-05-04 22:12:26.242187500+00:00,0.9194714426994324,0.3805252313613892,-0.0997585207223892
17.742187488,2026-05-04 22:12:26.250000+00:00,0.9202525019645692,0.3770337700843811,-0.0696353390812873
17.749999988,2026-05-04 22:12:26.257812500+00:00,0.9204087257385254,0.3728284537792206,-0.0405577793717384
17.757812488,2026-05-04 22:12:26.265625+00:00,0.922049045562744,0.3674748539924622,-0.0106498692184686
17.765624988,2026-05-04 22:12:26.273437500+00:00,0.92426735162735,0.3605694770812988,0.0226409416645765
17.773437488,2026-05-04 22:12:26.281250+00:00,0.9284228086471558,0.3523451089859009,0.0580229982733726
17.781249988,2026-05-04 22:12:26.289062500+00:00,0.9317814707756042,0.3433758914470673,0.0932820439338684
17.789062488,2026-05-04 22:12:26.296875+00:00,0.9333593249320984,0.3329324722290039,0.1267266273498535
17.796874988,2026-05-04 22:12:26.304687500+00:00,0.9353589415550232,0.3239477276802063,0.1566191613674164
17.804687488,2026-05-04 22:12:26.312500+00:00,0.9382646083831788,0.3159716427326202,0.1852969229221344
17.812499988,2026-05-04 22:12:26.320312500+00:00,0.9456068873405457,0.3022695183753967,0.2143129855394363
17.820312488,2026-05-04 22:12:26.328125+00:00,0.9535896778106688,0.2891880869865417,0.2424986809492111
17.828124988,2026-05-04 22:12:26.335937500+00:00,0.9526054859161376,0.282344788312912,0.260627955198288
17.835937488,2026-05-04 22:12:26.343750+00:00,0.9524336457252502,0.2793033123016357,0.2791877686977386
17.843749988,2026-05-04 22:12:26.351562500+00:00,0.9529491662979126,0.2777205109596252,0.3014687895774841
17.851562488,2026-05-04 22:12:26.359375+00:00,0.9573858380317688,0.2767739295959473,0.3247031569480896
17.859374988,2026-05-04 22:12:26.367187500+00:00,0.9552924633026124,0.2788843512535095,0.3364818096160889
17.867187488,2026-05-04 22:12:26.375000+00:00,0.950746476650238,0.2838965654373169,0.338742196559906
17.874999988,2026-05-04 22:12:26.382812500+00:00,0.948746919631958,0.2897777557373047,0.3408641815185547
17.882812488,2026-05-04 22:12:26.390625+00:00,0.9466379284858704,0.2957831025123596,0.3446315228939056
17.890624988,2026-05-04 22:12:26.398437500+00:00,0.9422793984413148,0.3053730428218842,0.3458462655544281
17.898437488,2026-05-04 22:12:26.406250+00:00,0.9348434209823608,0.3180665373802185,0.3393726348876953
17.906249988,2026-05-04 22:12:26.414062500+00:00,0.9331718683242798,0.3308065533638,0.3312844336032867
17.914062488,2026-05-04 22:12:26.421875+00:00,0.926641881465912,0.338456779718399,0.316599577665329
17.921874988,2026-05-04 22:12:26.429687500+00:00,0.9276260733604432,0.3471621870994568,0.3043288588523865
17.929687488,2026-05-04 22:12:26.437500+00:00,0.9217522144317628,0.3560228049755096,0.2858920693397522
17.937499988,2026-05-04 22:12:26.445312500+00:00,0.9176905155181884,0.3665282726287842,0.2649795711040497
17.945312488,2026-05-04 22:12:26.453125+00:00,0.914800465106964,0.371493935585022,0.2437749654054642
17.953124988,2026-05-04 22:12:26.460937500+00:00,0.9143787026405334,0.3746129870414734,0.2182955741882324
17.960937488,2026-05-04 22:12:26.468750+00:00,0.9172219038009644,0.3765682280063629,0.1864040493965149
17.968749988,2026-05-04 22:12:26.476562500+00:00,0.9110668301582336,0.3734181225299835,0.1523597836494446
17.976562488,2026-05-04 22:12:26.484375+00:00,0.9256108403205872,0.3706249594688416,0.1254657208919525
17.984374988,2026-05-04 22:12:26.492187500+00:00,0.916690707206726,0.3628040254116058,0.0951733961701393
17.992187488,2026-05-04 22:12:26.500000+00:00,0.925110936164856,0.3610815703868866,0.0712009295821189
17.999999988,2026-05-04 22:12:26.507812500+00:00,0.9256576895713806,0.3538658320903778,0.0402627736330032
18.007812488,2026-05-04 22:12:26.515625+00:00,0.9352495670318604,0.3467897772789001,0.0067105591297149
18.015624988,2026-05-04 22:12:26.523437500+00:00,0.9356400966644288,0.3347170054912567,-0.0319775119423866
18.023437488,2026-05-04 22:12:26.531250+00:00,0.9419044852256776,0.3253908753395081,-0.0648223981261253
18.031249988,2026-05-04 22:12:26.539062500+00:00,0.9446226954460144,0.3161888718605042,-0.0932848826050758
18.039062488,2026-05-04 22:12:26.546875+00:00,0.9489968419075012,0.3112232089042664,-0.1150123327970505
18.046874988,2026-05-04 22:12:26.554687500+00:00,0.9509808421134948,0.3070800006389618,-0.1360016912221909
18.054687488,2026-05-04 22:12:26.562500+00:00,0.9527929425239564,0.303976446390152,-0.1546076387166977
18.062499988,2026-05-04 22:12:26.570312500+00:00,0.9546363353729248,0.2997401356697083,-0.1736902594566345
18.070312488,2026-05-04 22:12:26.578125+00:00,0.9571983218193054,0.2968383133411407,-0.191219836473465
18.078124988,2026-05-04 22:12:26.585937500+00:00,0.9591354727745056,0.2937658131122589,-0.2062583714723587
18.085937488,2026-05-04 22:12:26.593750+00:00,0.9594479203224182,0.2946348190307617,-0.2189288586378098
18.093749988,2026-05-04 22:12:26.601562500+00:00,0.9576669931411744,0.2957831025123596,-0.2266787886619568
18.101562488,2026-05-04 22:12:26.609375+00:00,0.9580419063568116,0.2983900904655457,-0.2302615642547607
18.109374988,2026-05-04 22:12:26.617187500+00:00,0.9565422534942628,0.3019281327724457,-0.2303692102432251
18.117187488,2026-05-04 22:12:26.625000+00:00,0.9560423493385316,0.3054351210594177,-0.2245875298976898
18.124999988,2026-05-04 22:12:26.632812500+00:00,0.9520274996757508,0.3082593381404877,-0.2153306901454926
18.132812488,2026-05-04 22:12:26.640625+00:00,0.951105773448944,0.3141871094703674,-0.205996960401535
18.140624988,2026-05-04 22:12:26.648437500+00:00,0.9459661841392516,0.3239942789077759,-0.1997693479061127
18.148437488,2026-05-04 22:12:26.656250+00:00,0.9386551380157472,0.3357566893100739,-0.1908815503120422
18.156249988,2026-05-04 22:12:26.664062500+00:00,0.9372960329055786,0.342227578163147,-0.1690157204866409
18.164062488,2026-05-04 22:12:26.671875+00:00,0.933671772480011,0.3485898375511169,-0.1410299092531204
18.171874988,2026-05-04 22:12:26.679687500+00:00,0.9327031970024108,0.3554020822048187,-0.1098764687776566
18.179687488,2026-05-04 22:12:26.687500+00:00,0.9281259775161744,0.3606005311012268,-0.0834898501634597
18.187499988,2026-05-04 22:12:26.695312500+00:00,0.9247204065322876,0.3659696280956268,-0.0610704496502876
18.195312488,2026-05-04 22:12:26.703125+00:00,0.9232363104820251,0.3669938147068024,-0.0376669317483902
18.203124988,2026-05-04 22:12:26.710937500+00:00,0.9233143925666808,0.3657834231853485,-0.0121875498443841
18.210937488,2026-05-04 22:12:26.718750+00:00,0.9238768219947816,0.3631299138069153,0.015767503529787
18.218749988,2026-05-04 22:12:26.726562500+00:00,0.9250640869140624,0.3599642813205719,0.0467979237437248
18.226562488,2026-05-04 22:12:26.734375+00:00,0.924876630306244,0.3576366305351257,0.0778590962290763
18.234374988,2026-05-04 22:12:26.742187500+00:00,0.9235799908638,0.354672759771347,0.1087818741798401
18.242187488,2026-05-04 22:12:26.750000+00:00,0.92771977186203,0.350824385881424,0.1408886760473251
18.249999988,2026-05-04 22:12:26.757812500+00:00,0.9301880598068236,0.3443224728107452,0.170366033911705
18.257812488,2026-05-04 22:12:26.765625+00:00,0.9322501420974731,0.3359428942203522,0.1954917460680008
18.265624988,2026-05-04 22:12:26.773437500+00:00,0.9351714253425598,0.32917720079422,0.2142514735460281
18.273437488,2026-05-04 22:12:26.781250+00:00,0.935218334197998,0.3225045800209045,0.2299665808677673
18.281249988,2026-05-04 22:12:26.789062500+00:00,0.9390300512313844,0.3159716427326202,0.2478652000427246
18.289062488,2026-05-04 22:12:26.796875+00:00,0.9422481656074524,0.3101990520954132,0.2671938538551331
18.296874988,2026-05-04 22:12:26.804687500+00:00,0.9425293803215028,0.3055747747421265,0.2844159007072449
18.304687488,2026-05-04 22:12:26.812500+00:00,0.9445289969444276,0.3027040064334869,0.3000541031360626
18.312499988,2026-05-04 22:12:26.820312500+00:00,0.9439665675163268,0.2996470332145691,0.309633880853653
18.320312488,2026-05-04 22:12:26.828125+00:00,0.9473252892494202,0.2986383736133575,0.3161690235137939
18.328124988,2026-05-04 22:12:26.835937500+00:00,0.9450132846832277,0.2983590662479401,0.3159844875335693
18.335937488,2026-05-04 22:12:26.843750+00:00,0.9472472071647644,0.2991504669189453,0.3138317465782166
18.343749988,2026-05-04 22:12:26.851562500+00:00,0.9446852207183838,0.2996315062046051,0.312294065952301
18.351562488,2026-05-04 22:12:26.859375+00:00,0.941607654094696,0.303976446390152,0.307542622089386
18.359374988,2026-05-04 22:12:26.867187500+00:00,0.9397330284118652,0.3109749257564545,0.3003924190998077
18.367187488,2026-05-04 22:12:26.875000+00:00,0.9394206404685974,0.3168716728687286,0.2932575643062592
18.374999988,2026-05-04 22:12:26.882812500+00:00,0.9370617270469666,0.3243667185306549,0.281079113483429
18.382812488,2026-05-04 22:12:26.890625+00:00,0.9351558089256288,0.3302013576030731,0.2650103271007538
18.390624988,2026-05-04 22:12:26.898437500+00:00,0.9306567311286926,0.3362377285957336,0.2438057214021683
18.398437488,2026-05-04 22:12:26.906250+00:00,0.9276885390281676,0.3423051536083221,0.2187722623348236
18.406249988,2026-05-04 22:12:26.914062500+00:00,0.924876630306244,0.347038060426712,0.1914015263319016
18.414062488,2026-05-04 22:12:26.921875+00:00,0.926423192024231,0.3505295515060425,0.1661066561937332
18.421874988,2026-05-04 22:12:26.929687500+00:00,0.9279072880744934,0.3529658019542694,0.1418266594409943
18.429687488,2026-05-04 22:12:26.937500+00:00,0.9234862327575684,0.3561159074306488,0.1148710995912552
18.437499988,2026-05-04 22:12:26.945312500+00:00,0.9240642786026,0.3585366606712341,0.0904219597578048
18.445312488,2026-05-04 22:12:26.953125+00:00,0.9252827763557434,0.3580090701580048,0.0646042749285697
18.453124988,2026-05-04 22:12:26.960937500+00:00,0.9276260733604432,0.356581449508667,0.0352960638701915
18.460937488,2026-05-04 22:12:26.968750+00:00,0.928797721862793,0.3523140847682953,0.0020360071212053
18.468749988,2026-05-04 22:12:26.976562500+00:00,0.9313753247261048,0.3477518558502197,-0.0308242533355951
18.476562488,2026-05-04 22:12:26.984375+00:00,0.9333124160766602,0.3414516746997833,-0.0596250295639038
18.484374988,2026-05-04 22:12:26.992187500+00:00,0.9371866583824158,0.3378360569477081,-0.0835206061601638
18.492187488,2026-05-04 22:12:27+00:00,0.9412639737129213,0.3345463275909424,-0.102203443646431
18.499999988,2026-05-04 22:12:27.007812500+00:00,0.9417951703071594,0.3292547762393951,-0.1198252737522125
18.507812488,2026-05-04 22:12:27.015625+00:00,0.9441697001457214,0.3243046402931213,-0.1379699110984802
18.515624988,2026-05-04 22:12:27.023437500+00:00,0.9465598464012146,0.3193545043468475,-0.1575753539800644
18.523437488,2026-05-04 22:12:27.031250+00:00,0.9499185085296632,0.3152733445167542,-0.1763350814580917
18.531249988,2026-05-04 22:12:27.039062500+00:00,0.9513089060783386,0.3111766576766968,-0.1908354163169861
18.539062488,2026-05-04 22:12:27.046875+00:00,0.9543551802635192,0.3090352118015289,-0.2003998011350632
18.546874988,2026-05-04 22:12:27.054687500+00:00,0.9543238878250122,0.3078093230724335,-0.2055202722549438
18.554687488,2026-05-04 22:12:27.062500+00:00,0.9516369700431824,0.3083834946155548,-0.2064582705497742
18.562499988,2026-05-04 22:12:27.070312500+00:00,0.950387179851532,0.3091903924942017,-0.2032445073127747
18.570312488,2026-05-04 22:12:27.078125+00:00,0.9529960751533508,0.3116887509822845,-0.1973090618848801
18.578124988,2026-05-04 22:12:27.085937500+00:00,0.9531679153442384,0.3146371245384216,-0.1917887777090073
18.585937488,2026-05-04 22:12:27.093750+00:00,0.949106216430664,0.3181441128253937,-0.1866067945957184
18.593749988,2026-05-04 22:12:27.101562500+00:00,0.9458568692207336,0.3213562667369843,-0.1774268299341202
18.601562488,2026-05-04 22:12:27.109375+00:00,0.9437791109085084,0.3232494294643402,-0.1631879061460495
18.609374988,2026-05-04 22:12:27.117187500+00:00,0.9432323575019836,0.3293944299221039,-0.1445204466581345
18.617187488,2026-05-04 22:12:27.125000+00:00,0.9396393299102784,0.3362067043781281,-0.1225162148475647
18.624999988,2026-05-04 22:12:27.132812500+00:00,0.9354682564735411,0.3408154547214508,-0.0965140163898468
18.632812488,2026-05-04 22:12:27.140625+00:00,0.9351558089256288,0.3450207412242889,-0.0696045830845832
18.640624988,2026-05-04 22:12:27.148437500+00:00,0.9316096305847168,0.3476898074150085,-0.0451400652527809
18.648437488,2026-05-04 22:12:27.156250+00:00,0.9301568269729614,0.3500019311904907,-0.0224746409803628
18.656249988,2026-05-04 22:12:27.164062500+00:00,0.9311410188674928,0.3510571420192719,0.0018053539097309
18.664062488,2026-05-04 22:12:27.171875+00:00,0.92868834733963,0.3500950336456299,0.0283149890601635
18.671874988,2026-05-04 22:12:27.179687500+00:00,0.9285321235656738,0.3501571118831635,0.0581152588129043
18.679687488,2026-05-04 22:12:27.187500+00:00,0.927001178264618,0.3493812382221222,0.0887458845973014
18.687499988,2026-05-04 22:12:27.195312500+00:00,0.9285321235656738,0.347969114780426,0.1185154020786285
18.695312488,2026-05-04 22:12:27.203125+00:00,0.9302505254745485,0.3458897471427917,0.1454248279333115
18.703124988,2026-05-04 22:12:27.210937500+00:00,0.9324063658714294,0.3419016897678375,0.1702122688293457
18.710937488,2026-05-04 22:12:27.218750+00:00,0.9325313568115234,0.3362377285957336,0.1917705684900284
18.718749988,2026-05-04 22:12:27.226562500+00:00,0.9322501420974731,0.3308375775814056,0.2116989195346832
18.726562488,2026-05-04 22:12:27.234375+00:00,0.9358119368553162,0.3269736766815186,0.2308123111724854
18.734374988,2026-05-04 22:12:27.242187500+00:00,0.9370929598808287,0.3239477276802063,0.246711939573288
18.742187488,2026-05-04 22:12:27.250000+00:00,0.9376553297042848,0.3204872906208038,0.2623193860054016
18.749999988,2026-05-04 22:12:27.257812500+00:00,0.9388894438743592,0.3166078627109528,0.2762507796287537
18.757812488,2026-05-04 22:12:27.265625+00:00,0.941498339176178,0.3140474259853363,0.2883984744548798
18.765624988,2026-05-04 22:12:27.273437500+00:00,0.9397955536842346,0.311642199754715,0.2947491109371185
18.773437488,2026-05-04 22:12:27.281250+00:00,0.940889060497284,0.3114714920520782,0.2977014482021332
18.781249988,2026-05-04 22:12:27.289062500+00:00,0.9402329325675964,0.3094852268695831,0.2979782521724701
18.789062488,2026-05-04 22:12:27.296875+00:00,0.9413108825683594,0.3089266121387482,0.2945030927658081
18.796874988,2026-05-04 22:12:27.304687500+00:00,0.9425918459892272,0.3106180429458618,0.2886752784252167
18.804687488,2026-05-04 22:12:27.312500+00:00,0.9386551380157472,0.3125111758708954,0.2814481556415558
18.812499988,2026-05-04 22:12:27.320312500+00:00,0.9408422112464904,0.3156612813472748,0.2786188423633575
18.820312488,2026-05-04 22:12:27.328125+00:00,0.9386239051818848,0.3199286460876465,0.2714686095714569
18.828124988,2026-05-04 22:12:27.335937500+00:00,0.9360931515693665,0.3260426223278046,0.2573065459728241
18.835937488,2026-05-04 22:12:27.343750+00:00,0.9330937266349792,0.3303255140781403,0.2369630336761475
18.843749988,2026-05-04 22:12:27.351562500+00:00,0.9331405758857728,0.3322962522506714,0.212898313999176
18.851562488,2026-05-04 22:12:27.359375+00:00,0.9321408271789552,0.3335842192173004,0.1854968219995499
18.859374988,2026-05-04 22:12:27.367187500+00:00,0.932593822479248,0.3369670808315277,0.1611091941595078
18.867187488,2026-05-04 22:12:27.375000+00:00,0.9314221739768982,0.341296523809433,0.1407041549682617
18.874999988,2026-05-04 22:12:27.382812500+00:00,0.92937570810318,0.3457811176776886,0.1211294606328011
18.882812488,2026-05-04 22:12:27.390625+00:00,0.9277041554450988,0.3483725786209106,0.0998018160462379
18.890624988,2026-05-04 22:12:27.398437500+00:00,0.9296881556510924,0.3486208617687225,0.0739533826708793
18.898437488,2026-05-04 22:12:27.406250+00:00,0.931281566619873,0.3476587533950806,0.0423540249466896
18.906249988,2026-05-04 22:12:27.414062500+00:00,0.9317658543586732,0.3449741899967194,0.0093553718179464
18.914062488,2026-05-04 22:12:27.421875+00:00,0.9346246719360352,0.3433138132095337,-0.0189841035753488
18.921874988,2026-05-04 22:12:27.429687500+00:00,0.9350308775901794,0.3412189185619354,-0.0424029976129531
18.929687488,2026-05-04 22:12:27.437500+00:00,0.933281183242798,0.3396981954574585,-0.0638075247406959
18.937499988,2026-05-04 22:12:27.445312500+00:00,0.9365774393081664,0.3375722765922546,-0.0823981016874313
18.945312488,2026-05-04 22:12:27.453125+00:00,0.942435622215271,0.3350894451141357,-0.1011731922626495
18.953124988,2026-05-04 22:12:27.460937500+00:00,0.94338858127594,0.3316289782524109,-0.1213629543781281
18.960937488,2026-05-04 22:12:27.468750+00:00,0.9429511427879332,0.3277185261249542,-0.1393077075481415
18.968749988,2026-05-04 22:12:27.476562500+00:00,0.9452319741249084,0.3235908150672913,-0.1540848165750504
18.976562488,2026-05-04 22:12:27.484375+00:00,0.9462942481040956,0.321495920419693,-0.1671089828014374
18.984374988,2026-05-04 22:12:27.492187500+00:00,0.94635671377182,0.3203010857105255,-0.179056778550148
18.992187488,2026-05-04 22:12:27.500000+00:00,0.94801265001297,0.3185475766658783,-0.1864530295133591
18.999999988,2026-05-04 22:12:27.507812500+00:00,0.949809193611145,0.317414790391922,-0.188236728310585
19.007812488,2026-05-04 22:12:27.515625+00:00,0.9498716592788696,0.3167164921760559,-0.185099869966507
19.015624988,2026-05-04 22:12:27.523437500+00:00,0.949543595314026,0.3180820345878601,-0.1802100390195847
19.023437488,2026-05-04 22:12:27.531250+00:00,0.9480751752853394,0.3201614022254944,-0.1749511659145355
19.031249988,2026-05-04 22:12:27.539062500+00:00,0.945638120174408,0.3213717937469482,-0.1696461588144302
19.039062488,2026-05-04 22:12:27.546875+00:00,0.9465442299842834,0.3221476674079895,-0.1622345298528671
19.046874988,2026-05-04 22:12:27.554687500+00:00,0.9451382160186768,0.3229390680789948,-0.1525010168552399
19.054687488,2026-05-04 22:12:27.562500+00:00,0.9430761337280272,0.3255926072597504,-0.1381851881742477
19.062499988,2026-05-04 22:12:27.570312500+00:00,0.942560613155365,0.3299065232276917,-0.1171497106552124
19.070312488,2026-05-04 22:12:27.578125+00:00,0.9412795901298524,0.3343756198883057,-0.090778462588787
19.078124988,2026-05-04 22:12:27.585937500+00:00,0.9369367361068726,0.3371843099594116,-0.0654220879077911
19.085937488,2026-05-04 22:12:27.593750+00:00,0.9331718683242798,0.3400706052780151,-0.0439714342355728
19.093749988,2026-05-04 22:12:27.601562500+00:00,0.935671329498291,0.3416689336299896,-0.0227821785956621
19.101562488,2026-05-04 22:12:27.609375+00:00,0.9362337589263916,0.3415448069572449,-0.0018697045743465
19.109374988,2026-05-04 22:12:27.617187500+00:00,0.9336248636245728,0.3405516743659973,0.0203190427273511
19.117187488,2026-05-04 22:12:27.625000+00:00,0.9308129549026488,0.3414051234722137,0.048181839287281
19.124999988,2026-05-04 22:12:27.632812500+00:00,0.9296413064002992,0.3426155149936676,0.0781666338443756
19.132812488,2026-05-04 22:12:27.640625+00:00,0.9309066534042358,0.3438103795051575,0.1080745458602905
19.140624988,2026-05-04 22:12:27.648437500+00:00,0.9322032928466796,0.3429103493690491,0.1336000561714172
19.148437488,2026-05-04 22:12:27.656250+00:00,0.933421790599823,0.3388136923313141,0.1569420695304871
19.156249988,2026-05-04 22:12:27.664062500+00:00,0.9321564435958862,0.3348877131938934,0.1754557639360428
19.164062488,2026-05-04 22:12:27.671875+00:00,0.9343903660774232,0.3329634964466095,0.1935081481933594
19.171874988,2026-05-04 22:12:27.679687500+00:00,0.9328125715255736,0.3307444751262665,0.2111299782991409
19.179687488,2026-05-04 22:12:27.687500+00:00,0.9359369277954102,0.3289754688739777,0.2303048670291901
19.187499988,2026-05-04 22:12:27.695312500+00:00,0.9366711378097534,0.3256546854972839,0.2468657046556473
19.195312488,2026-05-04 22:12:27.703125+00:00,0.9352495670318604,0.3228925168514252,0.2582906782627106
19.203124988,2026-05-04 22:12:27.710937500+00:00,0.9375147223472596,0.3215890526771545,0.2696387469768524
19.210937488,2026-05-04 22:12:27.718750+00:00,0.9369679689407348,0.3196803629398346,0.277081161737442
19.218749988,2026-05-04 22:12:27.726562500+00:00,0.9410765171051024,0.319618284702301,0.2835701704025269
19.226562488,2026-05-04 22:12:27.734375+00:00,0.9390769004821776,0.3188268840312958,0.2826475501060486
19.234374988,2026-05-04 22:12:27.742187500+00:00,0.9375459551811218,0.3177406489849091,0.2788187265396118
19.242187488,2026-05-04 22:12:27.750000+00:00,0.9372491836547852,0.3170113265514374,0.2746054828166962
19.249999988,2026-05-04 22:12:27.757812500+00:00,0.9396237134933472,0.3178648054599762,0.2712533175945282
19.257812488,2026-05-04 22:12:27.765625+00:00,0.938389539718628,0.3199286460876465,0.2657330632209778
19.265624988,2026-05-04 22:12:27.773437500+00:00,0.9374054074287416,0.3238701522350311,0.2583521902561188
19.273437488,2026-05-04 22:12:27.781250+00:00,0.9356869459152222,0.3267098665237427,0.2457278221845627
19.281249988,2026-05-04 22:12:27.789062500+00:00,0.9346871972084044,0.3284633755683899,0.2281059771776199
19.289062488,2026-05-04 22:12:27.796875+00:00,0.9345622062683104,0.3284789025783539,0.206839844584465
19.296874988,2026-05-04 22:12:27.804687500+00:00,0.9348277449607848,0.3305117189884186,0.1825906038284302
19.304687488,2026-05-04 22:12:27.812500+00:00,0.9341716766357422,0.3329324722290039,0.1597867757081985
19.312499988,2026-05-04 22:12:27.820312500+00:00,0.9332187175750732,0.3353842794895172,0.1403658539056778
19.320312488,2026-05-04 22:12:27.828125+00:00,0.9335936307907104,0.3382550477981567,0.1218983009457588
19.328124988,2026-05-04 22:12:27.835937500+00:00,0.9317971467971802,0.3408775329589844,0.0998479500412941
19.335937488,2026-05-04 22:12:27.843750+00:00,0.9327031970024108,0.3415448069572449,0.0749375000596046
19.343749988,2026-05-04 22:12:27.851562500+00:00,0.933640480041504,0.3398378491401672,0.0486738942563533
19.351562488,2026-05-04 22:12:27.859375+00:00,0.9340466856956482,0.3387826383113861,0.0200883895158767
19.359374988,2026-05-04 22:12:27.867187500+00:00,0.935577630996704,0.339015394449234,-0.0076513905078172
19.367187488,2026-05-04 22:12:27.875000+00:00,0.935577630996704,0.3380067646503448,-0.0319006294012069
19.374999988,2026-05-04 22:12:27.882812500+00:00,0.9385301470756532,0.3365480899810791,-0.0516137108206749
19.382812488,2026-05-04 22:12:27.890625+00:00,0.9384364485740662,0.3350894451141357,-0.0704810619354248
19.390624988,2026-05-04 22:12:27.898437500+00:00,0.9379833936691284,0.3337083458900452,-0.088779479265213
19.398437488,2026-05-04 22:12:27.906250+00:00,0.9412327408790588,0.3323893547058105,-0.1058785021305084
19.406249988,2026-05-04 22:12:27.914062500+00:00,0.9434354305267334,0.3303720653057098,-0.1217166185379028
19.414062488,2026-05-04 22:12:27.921875+00:00,0.9433573484420776,0.3281219899654388,-0.1385081112384796
19.421874988,2026-05-04 22:12:27.929687500+00:00,0.9448570609092712,0.3265081346035004,-0.1527624130249023
19.429687488,2026-05-04 22:12:27.937500+00:00,0.9458099603652954,0.3244132697582245,-0.1632186472415924
19.437499988,2026-05-04 22:12:27.945312500+00:00,0.9460287094116212,0.323156327009201,-0.1691694855690002
19.445312488,2026-05-04 22:12:27.953125+00:00,0.94684100151062,0.3228459656238556,-0.1698921918869019
19.453124988,2026-05-04 22:12:27.960937500+00:00,0.9459505677223206,0.3236373662948608,-0.1691848635673523
19.460937488,2026-05-04 22:12:27.968750+00:00,0.945888102054596,0.3248167335987091,-0.1659096032381058
19.468749988,2026-05-04 22:12:27.976562500+00:00,0.9453412890434264,0.3251736164093018,-0.1622960418462753
19.476562488,2026-05-04 22:12:27.984375+00:00,0.9451694488525392,0.3248012065887451,-0.1579444110393524
19.484374988,2026-05-04 22:12:27.992187500+00:00,0.9448726773262024,0.3251115679740906,-0.1519628167152405
19.492187488,2026-05-04 22:12:28+00:00,0.9440290927886964,0.325996071100235,-0.1411067843437195
19.499999988,2026-05-04 22:12:28.007812500+00:00,0.9412327408790588,0.3281064629554749,-0.1265910714864731
19.507812488,2026-05-04 22:12:28.015625+00:00,0.9410765171051024,0.3312410414218903,-0.1072624176740646
19.515624988,2026-05-04 22:12:28.023437500+00:00,0.9408578276634216,0.3334290385246277,-0.0851044207811355
19.523437488,2026-05-04 22:12:28.031250+00:00,0.938420832157135,0.3342359662055969,-0.0640996843576431
19.531249988,2026-05-04 22:12:28.039062500+00:00,0.9371241927146912,0.335880845785141,-0.0438945442438125
19.539062488,2026-05-04 22:12:28.046875+00:00,0.9368898868560792,0.3371998369693756,-0.0239661913365125
19.546874988,2026-05-04 22:12:28.054687500+00:00,0.9359993934631348,0.3369825780391693,-0.0027615614235401
19.554687488,2026-05-04 22:12:28.062500+00:00,0.9359837770462036,0.3373860418796539,0.0208726078271865
19.562499988,2026-05-04 22:12:28.070312500+00:00,0.9348277449607848,0.3375412225723267,0.0456446632742881
19.570312488,2026-05-04 22:12:28.078125+00:00,0.9337186217308044,0.3379446864128113,0.0708318874239921
19.578124988,2026-05-04 22:12:28.085937500+00:00,0.9326563477516174,0.3379912376403809,0.0972338840365409
19.585937488,2026-05-04 22:12:28.093750+00:00,0.9343903660774232,0.3369205296039581,0.1241279393434525
19.593749988,2026-05-04 22:12:28.101562500+00:00,0.9350152611732484,0.3354773819446564,0.1468856334686279
19.601562488,2026-05-04 22:12:28.109375+00:00,0.9327812790870668,0.3346394300460815,0.1639692783355713
19.609374988,2026-05-04 22:12:28.117187500+00:00,0.9332187175750732,0.3331807553768158,0.1813758313655853
19.617187488,2026-05-04 22:12:28.125000+00:00,0.9358275532722472,0.3300151526927948,0.1993052065372467
19.624999988,2026-05-04 22:12:28.132812500+00:00,0.93662428855896,0.3265857398509979,0.2164657264947891
19.632812488,2026-05-04 22:12:28.140625+00:00,0.9354214072227478,0.3268495500087738,0.2305047661066055
19.640624988,2026-05-04 22:12:28.148437500+00:00,0.936046302318573,0.3278271555900574,0.2437749654054642
19.648437488,2026-05-04 22:12:28.156250+00:00,0.9356869459152222,0.325406402349472,0.2569836378097534
19.656249988,2026-05-04 22:12:28.164062500+00:00,0.93759286403656,0.3240408301353455,0.2663019895553589
19.664062488,2026-05-04 22:12:28.171875+00:00,0.9360775351524352,0.3230787515640259,0.2682702243328094
19.671874988,2026-05-04 22:12:28.179687500+00:00,0.9355620145797728,0.3227683901786804,0.2658560574054718
19.679687488,2026-05-04 22:12:28.187500+00:00,0.9377803206443788,0.3218218088150024,0.2640262246131897
19.687499988,2026-05-04 22:12:28.195312500+00:00,0.9378427863121032,0.3216045498847961,0.2617197036743164
19.695312488,2026-05-04 22:12:28.203125+00:00,0.9388894438743592,0.3230321705341339,0.2599052488803864
19.703124988,2026-05-04 22:12:28.210937500+00:00,0.9346246719360352,0.3243977427482605,0.2547232508659363
19.710937488,2026-05-04 22:12:28.218750+00:00,0.935921311378479,0.3262133002281189,0.2473116368055344
19.718749988,2026-05-04 22:12:28.226562500+00:00,0.9358900785446168,0.3274857699871063,0.2360557913780212
19.726562488,2026-05-04 22:12:28.234375+00:00,0.9377334713935852,0.3289909660816193,0.2200485318899155
19.734374988,2026-05-04 22:12:28.242187500+00:00,0.9344215989112854,0.3296427130699158,0.1986747533082962
19.742187488,2026-05-04 22:12:28.250000+00:00,0.934031069278717,0.3304806649684906,0.177331730723381
19.749999988,2026-05-04 22:12:28.257812500+00:00,0.933765470981598,0.330822080373764,0.1574494987726212
19.757812488,2026-05-04 22:12:28.265625+00:00,0.935327649116516,0.3335221409797668,0.13778255879879
19.765624988,2026-05-04 22:12:28.273437500+00:00,0.9345465898513794,0.3353687524795532,0.1190228387713432
19.773437488,2026-05-04 22:12:28.281250+00:00,0.9350464940071106,0.3365636169910431,0.1002631187438965
19.781249988,2026-05-04 22:12:28.289062500+00:00,0.93614000082016,0.3369670808315277,0.0776438191533088
19.789062488,2026-05-04 22:12:28.296875+00:00,0.9341403841972352,0.3372308611869812,0.0512110702693462
19.796874988,2026-05-04 22:12:28.304687500+00:00,0.9329375028610228,0.3364084362983704,0.0240248553454875
19.804687488,2026-05-04 22:12:28.312500+00:00,0.93662428855896,0.3349652886390686,0.0006367154419422
19.812499988,2026-05-04 22:12:28.320312500+00:00,0.9400142431259156,0.333972156047821,-0.022090220823884
19.820312488,2026-05-04 22:12:28.328125+00:00,0.9377647042274476,0.3337548971176147,-0.0442789644002914
19.828124988,2026-05-04 22:12:28.335937500+00:00,0.9375459551811218,0.3334135115146637,-0.0624543651938438
19.835937488,2026-05-04 22:12:28.343750+00:00,0.940670371055603,0.3327307403087616,-0.0774006322026252
19.843749988,2026-05-04 22:12:28.351562500+00:00,0.9417638778686525,0.3321100473403931,-0.0924852937459945
19.851562488,2026-05-04 22:12:28.359375+00:00,0.9419357180595398,0.3309151828289032,-0.1086155772209167
19.859374988,2026-05-04 22:12:28.367187500+00:00,0.9431855082511902,0.3293789327144623,-0.1243153065443039
19.867187488,2026-05-04 22:12:28.375000+00:00,0.943169891834259,0.327252984046936,-0.1396613717079163
19.874999988,2026-05-04 22:12:28.382812500+00:00,0.9448257684707642,0.3261357247829437,-0.1498715728521347
19.882812488,2026-05-04 22:12:28.390625+00:00,0.9454506635665894,0.3260115683078766,-0.155238077044487
19.890624988,2026-05-04 22:12:28.398437500+00:00,0.9452163577079772,0.3266167640686035,-0.1564220935106277
19.898437488,2026-05-04 22:12:28.406250+00:00,0.9429511427879332,0.3268495500087738,-0.1553918570280075
19.906249988,2026-05-04 22:12:28.414062500+00:00,0.9444040060043336,0.3281219899654388,-0.1521473377943039
19.914062488,2026-05-04 22:12:28.421875+00:00,0.9437947273254396,0.3278116285800934,-0.1490104794502258
19.921874988,2026-05-04 22:12:28.429687500+00:00,0.94338858127594,0.3278271555900574,-0.1461965143680573
19.929687488,2026-05-04 22:12:28.437500+00:00,0.945513129234314,0.3283237218856812,-0.1405993551015854
19.937499988,2026-05-04 22:12:28.445312500+00:00,0.9444040060043336,0.3294254839420319,-0.1314501464366913
19.945312488,2026-05-04 22:12:28.453125+00:00,0.9396393299102784,0.3298289477825165,-0.1181953251361847
19.953124988,2026-05-04 22:12:28.460937500+00:00,0.938389539718628,0.3311324119567871,-0.099220335483551
19.960937488,2026-05-04 22:12:28.468750+00:00,0.9429824352264404,0.3332273066043854,-0.0774621367454528
19.968749988,2026-05-04 22:12:28.476562500+00:00,0.9394518733024596,0.3353687524795532,-0.059947945177555
19.976562488,2026-05-04 22:12:28.484375+00:00,0.937702178955078,0.3360670506954193,-0.041034460067749
19.984374988,2026-05-04 22:12:28.492187500+00:00,0.9364055991172792,0.3346239030361176,-0.0212598722428083
19.992187488,2026-05-04 22:12:28.500000+00:00,0.937952160835266,0.3337083458900452,-0.0009163431823253
19.999999988,2026-05-04 22:12:28.507812500+00:00,0.9365930557250975,0.3351514935493469,0.0191196501255035
20.007812488,2026-05-04 22:12:28.515625+00:00,0.9356244802474976,0.3358342945575714,0.0422310084104538
20.015624988,2026-05-04 22:12:28.523437500+00:00,0.9359993934631348,0.3343600928783417,0.0680640637874603
20.023437488,2026-05-04 22:12:28.531250+00:00,0.9353432655334472,0.3343756198883057,0.0934050604701042
20.031249988,2026-05-04 22:12:28.539062500+00:00,0.9345465898513794,0.3340031802654266,0.1169162169098854
20.039062488,2026-05-04 22:12:28.546875+00:00,0.9348746538162231,0.3341273367404938,0.1371982395648956
20.046874988,2026-05-04 22:12:28.554687500+00:00,0.9359525442123412,0.3324514329433441,0.1558349430561066
20.054687488,2026-05-04 22:12:28.562500+00:00,0.9353745579719543,0.3300772309303284,0.1729185879230499
20.062499988,2026-05-04 22:12:28.570312500+00:00,0.9375303387641908,0.3292392492294312,0.1891872584819794
20.070312488,2026-05-04 22:12:28.578125+00:00,0.934031069278717,0.3272374868392944,0.2035030722618103
20.078124988,2026-05-04 22:12:28.585937500+00:00,0.9347184300422668,0.3273771405220032,0.2184185832738876
20.085937488,2026-05-04 22:12:28.593750+00:00,0.938998818397522,0.3276564478874207,0.2332418411970139
20.093749988,2026-05-04 22:12:28.601562500+00:00,0.9367805123329164,0.3269736766815186,0.2444822937250137
20.101562488,2026-05-04 22:12:28.609375+00:00,0.9342341423034668,0.3259339928627014,0.2516632676124573
20.109374988,2026-05-04 22:12:28.617187500+00:00,0.934859037399292,0.3250960409641266,0.2555382251739502
20.117187488,2026-05-04 22:12:28.625000+00:00,0.938405215740204,0.3256546854972839,0.256307065486908
20.124999988,2026-05-04 22:12:28.632812500+00:00,0.9355151057243348,0.3258253633975983,0.2521399557590485
20.132812488,2026-05-04 22:12:28.640625+00:00,0.9357494711875916,0.3248477578163147,0.2496796548366547
20.140624988,2026-05-04 22:12:28.648437500+00:00,0.9372648000717164,0.3243822157382965,0.2481573522090912
20.148437488,2026-05-04 22:12:28.656250+00:00,0.9364212155342102,0.3265547156333923,0.2430215030908585
20.156249988,2026-05-04 22:12:28.664062500+00:00,0.9344684481620787,0.3300151526927948,0.2355637401342392
20.164062488,2026-05-04 22:12:28.671875+00:00,0.9345153570175172,0.3305427432060242,0.2278907150030136
20.171874988,2026-05-04 22:12:28.679687500+00:00,0.9359369277954102,0.3299530744552612,0.2144513726234436
20.179687488,2026-05-04 22:12:28.687500+00:00,0.9352651834487916,0.3306823968887329,0.1936465352773666
20.187499988,2026-05-04 22:12:28.695312500+00:00,0.932843804359436,0.3314737975597382,0.1702276468276978
20.195312488,2026-05-04 22:12:28.703125+00:00,0.9344528317451476,0.3313496708869934,0.1503454148769379
20.203124988,2026-05-04 22:12:28.710937500+00:00,0.9374210238456726,0.3319548666477203,0.1355836689472198
20.210937488,2026-05-04 22:12:28.718750+00:00,0.936015009880066,0.333646297454834,0.1188383176922798
20.218749988,2026-05-04 22:12:28.726562500+00:00,0.9331562519073486,0.3360670506954193,0.0987254381179809
20.226562488,2026-05-04 22:12:28.734375+00:00,0.934124767780304,0.3362532556056976,0.0781820118427276
20.234374988,2026-05-04 22:12:28.742187500+00:00,0.9364212155342102,0.3348566591739655,0.0546247214078903
20.242187488,2026-05-04 22:12:28.750000+00:00,0.9390144348144532,0.3332893848419189,0.0289608146995306
20.249999988,2026-05-04 22:12:28.757812500+00:00,0.9377334713935852,0.332358330488205,0.003542935475707
20.257812488,2026-05-04 22:12:28.765625+00:00,0.9367023706436156,0.3317996859550476,-0.0196914356201887
20.265624988,2026-05-04 22:12:28.773437500+00:00,0.9384676814079284,0.3320479691028595,-0.0369134694337844
20.273437488,2026-05-04 22:12:28.781250+00:00,0.9410296678543092,0.331753134727478,-0.0517982318997383
20.281249988,2026-05-04 22:12:28.789062500+00:00,0.9411546587944032,0.3313496708869934,-0.0671135410666465
20.289062488,2026-05-04 22:12:28.796875+00:00,0.9409984350204468,0.3303410112857819,-0.0839972868561744
20.296874988,2026-05-04 22:12:28.804687500+00:00,0.9434666633605956,0.3299686014652252,-0.0998354107141494
20.304687488,2026-05-04 22:12:28.812500+00:00,0.9426074624061584,0.3290840983390808,-0.1147047877311707
20.312499988,2026-05-04 22:12:28.820312500+00:00,0.9411234259605408,0.3277806043624878,-0.1267140805721283
20.320312488,2026-05-04 22:12:28.828125+00:00,0.9439353346824646,0.3266478180885315,-0.1354173719882965
20.328124988,2026-05-04 22:12:28.835937500+00:00,0.9462786316871644,0.3279357850551605,-0.1425368338823318
20.335937488,2026-05-04 22:12:28.843750+00:00,0.9442477822303772,0.3288047611713409,-0.1467500776052475
20.343749988,2026-05-04 22:12:28.851562500+00:00,0.9418264031410216,0.3278892338275909,-0.1452585309743881
20.351562488,2026-05-04 22:12:28.859375+00:00,0.9447476863861084,0.3285409808158875,-0.1392308175563812
20.359374988,2026-05-04 22:12:28.867187500+00:00,0.9432167410850524,0.3305737972259521,-0.1367705315351486
20.367187488,2026-05-04 22:12:28.875000+00:00,0.9418732523918152,0.3318927884101868,-0.1345870196819305
20.374999988,2026-05-04 22:12:28.882812500+00:00,0.9417794942855836,0.3311634659767151,-0.1297894567251205
20.382812488,2026-05-04 22:12:28.890625+00:00,0.9421388506889344,0.3296582400798798,-0.1211630553007126
20.390624988,2026-05-04 22:12:28.898437500+00:00,0.9414827227592468,0.3306048214435577,-0.1096765697002411
20.398437488,2026-05-04 22:12:28.906250+00:00,0.9409672021865844,0.3334135115146637,-0.0932387560606002
20.406249988,2026-05-04 22:12:28.914062500+00:00,0.9385770559310912,0.3344066441059113,-0.0735564306378364
20.414062488,2026-05-04 22:12:28.921875+00:00,0.9382646083831788,0.3353532254695892,-0.0530129969120025
20.421874988,2026-05-04 22:12:28.929687500+00:00,0.9401704668998718,0.3352445960044861,-0.0330385118722915
20.429687488,2026-05-04 22:12:28.937500+00:00,0.9367023706436156,0.3346549272537231,-0.0180614944547414
20.437499988,2026-05-04 22:12:28.945312500+00:00,0.9364680647850036,0.3343135416507721,-0.0020080972462892
20.445312488,2026-05-04 22:12:28.953125+00:00,0.9384989142417908,0.3339100778102875,0.0189351290464401
20.453124988,2026-05-04 22:12:28.960937500+00:00,0.93924880027771,0.3326531648635864,0.0429383441805839
20.460937488,2026-05-04 22:12:28.968750+00:00,0.9331562519073486,0.332342803478241,0.0652808547019958
20.468749988,2026-05-04 22:12:28.976562500+00:00,0.934015452861786,0.3337548971176147,0.0889150276780128
20.476562488,2026-05-04 22:12:28.984375+00:00,0.9381396174430848,0.3334135115146637,0.112825982272625
20.484374988,2026-05-04 22:12:28.992187500+00:00,0.9378584027290344,0.3314893245697021,0.131800964474678
20.492187488,2026-05-04 22:12:29+00:00,0.9358119368553162,0.3300461769104004,0.1476390957832336
20.499999988,2026-05-04 22:12:29.007812500+00:00,0.9351245760917664,0.3285254538059235,0.1639692783355713
20.507812488,2026-05-04 22:12:29.015625+00:00,0.9364212155342102,0.3271909356117249,0.1804378479719162
20.515624988,2026-05-04 22:12:29.023437500+00:00,0.9357650876045228,0.3276719748973846,0.1953841149806976
20.523437488,2026-05-04 22:12:29.031250+00:00,0.9363430738449096,0.3273461163043976,0.2098536938428879
20.531249988,2026-05-04 22:12:29.039062500+00:00,0.936858594417572,0.3265857398509979,0.2225241959095001
20.539062488,2026-05-04 22:12:29.046875+00:00,0.9370929598808287,0.326321929693222,0.2321808338165283
20.546874988,2026-05-04 22:12:29.054687500+00:00,0.936264991760254,0.3263064324855804,0.2397001087665558
20.554687488,2026-05-04 22:12:29.062500+00:00,0.9359369277954102,0.3267719447612762,0.2440209835767746
20.562499988,2026-05-04 22:12:29.070312500+00:00,0.9367023706436156,0.3271443843841553,0.2464043945074081
20.570312488,2026-05-04 22:12:29.078125+00:00,0.9342653751373292,0.3269736766815186,0.2436519414186478
20.578124988,2026-05-04 22:12:29.085937500+00:00,0.936015009880066,0.3273305892944336,0.2398538738489151
20.585937488,2026-05-04 22:12:29.093750+00:00,0.9351401925086976,0.326927125453949,0.2353484630584717
20.593749988,2026-05-04 22:12:29.101562500+00:00,0.9358900785446168,0.3283237218856812,0.2317349165678024
20.601562488,2026-05-04 22:12:29.109375+00:00,0.9369367361068726,0.3307600021362305,0.2268450856208801
20.609374988,2026-05-04 22:12:29.117187500+00:00,0.9344372153282166,0.3320789933204651,0.2182955741882324
20.617187488,2026-05-04 22:12:29.125000+00:00,0.9325625896453856,0.3324203789234161,0.2048254758119583
20.624999988,2026-05-04 22:12:29.132812500+00:00,0.9358275532722472,0.3332117795944214,0.1875726878643036
20.632812488,2026-05-04 22:12:29.140625+00:00,0.9354994893074036,0.3326376378536224,0.1671215295791626
20.640624988,2026-05-04 22:12:29.148437500+00:00,0.933640480041504,0.3314737975597382,0.1469471305608749
20.648437488,2026-05-04 22:12:29.156250+00:00,0.9363118410110474,0.3325600624084473,0.1305708289146423
20.656249988,2026-05-04 22:12:29.164062500+00:00,0.935921311378479,0.333972156047821,0.1143944188952446
20.664062488,2026-05-04 22:12:29.171875+00:00,0.933906078338623,0.334918737411499,0.0966956987977027
20.671874988,2026-05-04 22:12:29.179687500+00:00,0.9353901743888856,0.3353997766971588,0.0782127603888511
20.679687488,2026-05-04 22:12:29.187500+00:00,0.9372648000717164,0.3338014781475067,0.0556088387966156
20.687499988,2026-05-04 22:12:29.195312500+00:00,0.9382333755493164,0.3316134810447693,0.0311596989631652
20.695312488,2026-05-04 22:12:29.203125+00:00,0.938045859336853,0.3310703635215759,0.0071103554219007
20.703124988,2026-05-04 22:12:29.210937500+00:00,0.9391081929206848,0.3309772312641144,-0.0134792011231184
20.710937488,2026-05-04 22:12:29.218750+00:00,0.9396861791610718,0.3305272161960602,-0.0308703836053609
20.718749988,2026-05-04 22:12:29.226562500+00:00,0.9402485489845276,0.3297823667526245,-0.0454783588647842
20.726562488,2026-05-04 22:12:29.234375+00:00,0.9402329325675964,0.3294254839420319,-0.0605322644114494
20.734374988,2026-05-04 22:12:29.242187500+00:00,0.9415451884269714,0.3297668695449829,-0.0772007331252098
20.742187488,2026-05-04 22:12:29.250000+00:00,0.9433261156082152,0.3293789327144623,-0.0915011763572692
20.749999988,2026-05-04 22:12:29.257812500+00:00,0.9435448050498962,0.3278271555900574,-0.1041101664304733
20.757812488,2026-05-04 22:12:29.265625+00:00,0.9439509510993958,0.3272219598293304,-0.1154582500457764
20.765624988,2026-05-04 22:12:29.273437500+00:00,0.9409202933311462,0.3273616135120392,-0.126498818397522
20.773437488,2026-05-04 22:12:29.281250+00:00,0.9433729648590088,0.3280444145202637,-0.1318807005882263
20.781249988,2026-05-04 22:12:29.289062500+00:00,0.9453256726264954,0.3282616436481476,-0.1331415921449661
20.789062488,2026-05-04 22:12:29.296875+00:00,0.9439353346824646,0.328587532043457,-0.1334030032157898
20.796874988,2026-05-04 22:12:29.304687500+00:00,0.9427949190139772,0.3303875625133514,-0.1319114565849304
20.804687488,2026-05-04 22:12:29.312500+00:00,0.9420294761657716,0.3316445052623749,-0.1284209191799164
20.812499988,2026-05-04 22:12:29.320312500+00:00,0.9418264031410216,0.3326376378536224,-0.1241922825574875
20.820312488,2026-05-04 22:12:29.328125+00:00,0.9409359097480774,0.3315514028072357,-0.117857038974762
20.828124988,2026-05-04 22:12:29.335937500+00:00,0.9414671063423156,0.3321255445480347,-0.1098918467760086
20.835937488,2026-05-04 22:12:29.343750+00:00,0.9397799372673036,0.333056628704071,-0.1006965190172195
20.843749988,2026-05-04 22:12:29.351562500+00:00,0.940311074256897,0.3341118097305298,-0.0861500427126884
20.851562488,2026-05-04 22:12:29.359375+00:00,0.9394049644470216,0.3348721861839294,-0.0678823813796043
20.859374988,2026-05-04 22:12:29.367187500+00:00,0.939123809337616,0.3356325626373291,-0.0485383421182632
20.867187488,2026-05-04 22:12:29.375000+00:00,0.9370929598808287,0.335523933172226,-0.0310087744146585
20.874999988,2026-05-04 22:12:29.382812500+00:00,0.9359993934631348,0.3352601230144501,-0.0140788983553648
20.882812488,2026-05-04 22:12:29.390625+00:00,0.9378740191459656,0.3348101079463959,0.0028817318379879
20.890624988,2026-05-04 22:12:29.398437500+00:00,0.9384520649909972,0.3335842192173004,0.0217337105423212
20.898437488,2026-05-04 22:12:29.406250+00:00,0.9371398091316224,0.3321876227855682,0.0418927185237407
20.906249988,2026-05-04 22:12:29.414062500+00:00,0.9359525442123412,0.3322186470031738,0.062759056687355
20.914062488,2026-05-04 22:12:29.421875+00:00,0.9367961287498474,0.3324514329433441,0.085732027888298
20.921874988,2026-05-04 22:12:29.429687500+00:00,0.935577630996704,0.3316600322723389,0.1081514284014702
20.929687488,2026-05-04 22:12:29.437500+00:00,0.9377647042274476,0.3303099870681763,0.1286948472261429
20.937499988,2026-05-04 22:12:29.445312500+00:00,0.937952160835266,0.3288668394088745,0.1442869454622269
20.945312488,2026-05-04 22:12:29.453125+00:00,0.9352495670318604,0.3277961313724518,0.1570035815238953
20.953124988,2026-05-04 22:12:29.460937500+00:00,0.9369367361068726,0.327284038066864,0.1725803017616272
20.960937488,2026-05-04 22:12:29.468750+00:00,0.938405215740204,0.3260115683078766,0.1880032420158386
20.968749988,2026-05-04 22:12:29.476562500+00:00,0.9378584027290344,0.3253598511219025,0.2014579623937607
20.976562488,2026-05-04 22:12:29.484375+00:00,0.9358431696891784,0.3267564177513123,0.2119449526071548
20.984374988,2026-05-04 22:12:29.492187500+00:00,0.9375772476196288,0.3274081647396088,0.2223089188337326
20.992187488,2026-05-04 22:12:29.500000+00:00,0.9361556172370912,0.3257943391799927,0.2304432541131973
20.999999988,2026-05-04 22:12:29.507812500+00:00,0.9363274574279784,0.3256391584873199,0.2350409328937531
21.007812488,2026-05-04 22:12:29.515625+00:00,0.9361087679862976,0.3281840682029724,0.2344719916582108
21.015624988,2026-05-04 22:12:29.523437500+00:00,0.934609055519104,0.328587532043457,0.2320424467325211
21.023437488,2026-05-04 22:12:29.531250+00:00,0.936499297618866,0.3275633454322815,0.2313658744096756
21.031249988,2026-05-04 22:12:29.539062500+00:00,0.9367648959159852,0.3277650773525238,0.228475034236908
21.039062488,2026-05-04 22:12:29.546875+00:00,0.93448406457901,0.3302168846130371,0.2223704308271408
21.046874988,2026-05-04 22:12:29.554687500+00:00,0.933203101158142,0.3320014178752899,0.2158967852592468
21.054687488,2026-05-04 22:12:29.562500+00:00,0.9349527359008788,0.3334600627422333,0.2084544152021408
21.062499988,2026-05-04 22:12:29.570312500+00:00,0.9359837770462036,0.3333980143070221,0.1973523497581482
21.070312488,2026-05-04 22:12:29.578125+00:00,0.9338123202323914,0.3338169753551483,0.1800841838121414
21.078124988,2026-05-04 22:12:29.585937500+00:00,0.9332187175750732,0.3335686922073364,0.1615243554115295
21.085937488,2026-05-04 22:12:29.593750+00:00,0.9344059824943542,0.3334290385246277,0.1440870463848114
21.093749988,2026-05-04 22:12:29.601562500+00:00,0.9360619187355042,0.3331186771392822,0.1278798878192902
21.101562488,2026-05-04 22:12:29.609375+00:00,0.9359837770462036,0.3346239030361176,0.1108885034918785
21.109374988,2026-05-04 22:12:29.617187500+00:00,0.9349215030670166,0.3348877131938934,0.0935588255524635
21.117187488,2026-05-04 22:12:29.625000+00:00,0.934374749660492,0.3335066139698029,0.075122021138668
21.124999988,2026-05-04 22:12:29.632812500+00:00,0.938045859336853,0.3335531949996948,0.0548707544803619
21.132812488,2026-05-04 22:12:29.640625+00:00,0.9382333755493164,0.3328703939914703,0.032682005316019
21.140624988,2026-05-04 22:12:29.648437500+00:00,0.9378740191459656,0.3306979238986969,0.0108469221740961
21.148437488,2026-05-04 22:12:29.656250+00:00,0.9411234259605408,0.3287892639636993,-0.0079589243978261
21.156249988,2026-05-04 22:12:29.664062500+00:00,0.9403891563415528,0.328572005033493,-0.0264111068099737
21.164062488,2026-05-04 22:12:29.671875+00:00,0.937936544418335,0.3290530443191528,-0.0435716360807418
21.171874988,2026-05-04 22:12:29.679687500+00:00,0.9411234259605408,0.3291151225566864,-0.056442029774189
21.179687488,2026-05-04 22:12:29.687500+00:00,0.9456849694252014,0.3278426826000214,-0.0677593648433685
21.187499988,2026-05-04 22:12:29.695312500+00:00,0.9421544671058656,0.3273771405220032,-0.0828747823834419
21.195312488,2026-05-04 22:12:29.703125+00:00,0.9413421154022216,0.3279047310352325,-0.0973751172423362
21.203124988,2026-05-04 22:12:29.710937500+00:00,0.9433104395866394,0.326927125453949,-0.1079697459936142
21.210937488,2026-05-04 22:12:29.718750+00:00,0.9449039101600648,0.3270512819290161,-0.1151814758777618
21.218749988,2026-05-04 22:12:29.726562500+00:00,0.9431073665618896,0.3275323212146759,-0.1211322993040085
21.226562488,2026-05-04 22:12:29.734375+00:00,0.942560613155365,0.3289444148540497,-0.1245920807123184
21.234374988,2026-05-04 22:12:29.742187500+00:00,0.9436072707176208,0.3297358155250549,-0.1240231394767761
21.242187488,2026-05-04 22:12:29.750000+00:00,0.9420138597488404,0.3303255140781403,-0.1222701817750931
21.249999988,2026-05-04 22:12:29.757812500+00:00,0.9437634944915771,0.3317065834999084,-0.1182107031345367
21.257812488,2026-05-04 22:12:29.765625+00:00,0.9415608048439026,0.3322962522506714,-0.1141512244939804
21.265624988,2026-05-04 22:12:29.773437500+00:00,0.939358115196228,0.3333514630794525,-0.1093382835388184
21.273437488,2026-05-04 22:12:29.781250+00:00,0.9390769004821776,0.3337859511375427,-0.1021880656480789
21.281249988,2026-05-04 22:12:29.789062500+00:00,0.940795361995697,0.3339566290378571,-0.0909783616662025
21.289062488,2026-05-04 22:12:29.796875+00:00,0.9399048686027528,0.3343445956707001,-0.0779541954398155
21.296874988,2026-05-04 22:12:29.804687500+00:00,0.9383583068847656,0.3352911770343781,-0.0625773817300796
21.304687488,2026-05-04 22:12:29.812500+00:00,0.9397643208503724,0.3367187976837158,-0.0442328378558158
21.312499988,2026-05-04 22:12:29.820312500+00:00,0.9363586902618408,0.3369050025939941,-0.027333715930581
21.320312488,2026-05-04 22:12:29.828125+00:00,0.9350621104240416,0.3350118398666382,-0.0095888692885637
21.328124988,2026-05-04 22:12:29.835937500+00:00,0.9381240010261536,0.3345308005809784,0.0076331682503223
21.335937488,2026-05-04 22:12:29.843750+00:00,0.9393893480300904,0.3342825174331665,0.0231022462248802
21.343749988,2026-05-04 22:12:29.851562500+00:00,0.9360619187355042,0.3330255746841431,0.0408624708652496
21.351562488,2026-05-04 22:12:29.859375+00:00,0.9370617270469666,0.3312100172042847,0.0636201649904251
21.359374988,2026-05-04 22:12:29.867187500+00:00,0.9376084804534912,0.3302789330482483,0.0857627764344215
21.367187488,2026-05-04 22:12:29.875000+00:00,0.9369367361068726,0.3319238126277924,0.104368731379509
21.374999988,2026-05-04 22:12:29.882812500+00:00,0.936749279499054,0.3313341438770294,0.1223903596401215
21.382812488,2026-05-04 22:12:29.890625+00:00,0.9379990100860596,0.327858179807663,0.1401813328266144
21.390624988,2026-05-04 22:12:29.898437500+00:00,0.937811553478241,0.3257322609424591,0.1544664055109024
21.398437488,2026-05-04 22:12:29.906250+00:00,0.9355932474136353,0.3256081342697144,0.1661681681871414
21.406249988,2026-05-04 22:12:29.914062500+00:00,0.9379209280014038,0.3267874717712402,0.1798073947429657
21.414062488,2026-05-04 22:12:29.921875+00:00,0.9375147223472596,0.3255770802497864,0.1935696452856064
21.421874988,2026-05-04 22:12:29.929687500+00:00,0.9375147223472596,0.3258253633975983,0.2051637768745422
21.429687488,2026-05-04 22:12:29.937500+00:00,0.9380927681922911,0.3260581493377686,0.2150203138589859
21.437499988,2026-05-04 22:12:29.945312500+00:00,0.9351558089256288,0.3254374265670776,0.2207866162061691
21.445312488,2026-05-04 22:12:29.953125+00:00,0.9365618228912354,0.3271133303642273,0.2240618765354156
21.453124988,2026-05-04 22:12:29.960937500+00:00,0.9384676814079284,0.3281064629554749,0.2262453883886337
21.460937488,2026-05-04 22:12:29.968750+00:00,0.9354838728904724,0.3281064629554749,0.2252458930015564
21.468749988,2026-05-04 22:12:29.976562500+00:00,0.9339216947555542,0.3279202580451965,0.2223704308271408
21.476562488,2026-05-04 22:12:29.984375+00:00,0.9345309734344482,0.3286030292510986,0.2181418091058731
21.484374988,2026-05-04 22:12:29.992187500+00:00,0.9363274574279784,0.3312100172042847,0.2141438275575638
21.492187488,2026-05-04 22:12:30+00:00,0.9351245760917664,0.3333204090595245,0.2080546170473099
21.499999988,2026-05-04 22:12:30.007812500+00:00,0.9349995851516724,0.3337548971176147,0.200704500079155
21.507812488,2026-05-04 22:12:30.015625+00:00,0.9342653751373292,0.3335997462272644,0.1894794106483459
21.515624988,2026-05-04 22:12:30.023437500+00:00,0.934031069278717,0.3350428938865662,0.172995463013649
21.523437488,2026-05-04 22:12:30.031250+00:00,0.9322969913482666,0.3350428938865662,0.1548969596624374
21.531249988,2026-05-04 22:12:30.039062500+00:00,0.9354682564735411,0.3337548971176147,0.1403966099023819
21.539062488,2026-05-04 22:12:30.046875+00:00,0.9359525442123412,0.3333514630794525,0.1242509558796883
21.546874988,2026-05-04 22:12:30.054687500+00:00,0.9346715211868286,0.3348877131938934,0.1066598743200302
21.554687488,2026-05-04 22:12:30.062500+00:00,0.9342966079711914,0.3354308307170868,0.0898222625255584
21.562499988,2026-05-04 22:12:30.070312500+00:00,0.9358744621276855,0.3342669904232025,0.0736919790506362
21.570312488,2026-05-04 22:12:30.078125+00:00,0.93876451253891,0.3333514630794525,0.0551167801022529
21.578124988,2026-05-04 22:12:30.085937500+00:00,0.9379677772521972,0.3315979540348053,0.0335277281701564
21.585937488,2026-05-04 22:12:30.093750+00:00,0.9389363527297974,0.3306203484535217,0.0127997789531946
21.593749988,2026-05-04 22:12:30.101562500+00:00,0.9377647042274476,0.3291306495666504,-0.0067595336586236
21.601562488,2026-05-04 22:12:30.109375+00:00,0.9410609006881714,0.3290840983390808,-0.0227360483258962
21.609374988,2026-05-04 22:12:30.117187500+00:00,0.9433417320251464,0.3283858001232147,-0.0365290492773056
21.617187488,2026-05-04 22:12:30.125000+00:00,0.9410296678543092,0.3279823362827301,-0.0518597364425659
21.624999988,2026-05-04 22:12:30.132812500+00:00,0.9422793984413148,0.3275788724422455,-0.0648223981261253
21.632812488,2026-05-04 22:12:30.140625+00:00,0.9425137639045716,0.3271598815917969,-0.0769239515066146
21.640624988,2026-05-04 22:12:30.148437500+00:00,0.943622887134552,0.3268340229988098,-0.0878568664193153
21.648437488,2026-05-04 22:12:30.156250+00:00,0.942779302597046,0.326927125453949,-0.099220335483551
21.656249988,2026-05-04 22:12:30.164062500+00:00,0.9433261156082152,0.327252984046936,-0.1077544689178467
21.664062488,2026-05-04 22:12:30.171875+00:00,0.9441540241241456,0.3275478482246399,-0.1134285181760788
21.671874988,2026-05-04 22:12:30.179687500+00:00,0.9425449967384338,0.3283702731132507,-0.1164116263389587
21.679687488,2026-05-04 22:12:30.187500+00:00,0.9422637820243835,0.3290530443191528,-0.1156427711248398
21.687499988,2026-05-04 22:12:30.195312500+00:00,0.9441697001457214,0.3302323818206787,-0.1120907366275787
21.695312488,2026-05-04 22:12:30.203125+00:00,0.9422481656074524,0.3327152132987976,-0.1104607880115509
21.703124988,2026-05-04 22:12:30.210937500+00:00,0.9399986267089844,0.3338169753551483,-0.107493057847023
21.710937488,2026-05-04 22:12:30.218750+00:00,0.9399986267089844,0.3327152132987976,-0.1007733941078186
21.718749988,2026-05-04 22:12:30.226562500+00:00,0.941373348236084,0.333056628704071,-0.0929465964436531
21.726562488,2026-05-04 22:12:30.234375+00:00,0.93876451253891,0.3347325325012207,-0.084227941930294
21.734374988,2026-05-04 22:12:30.242187500+00:00,0.9378584027290344,0.3361446261405945,-0.0711115151643753
21.742187488,2026-05-04 22:12:30.250000+00:00,0.9386707544326782,0.3362067043781281,-0.0544276684522628
21.749999988,2026-05-04 22:12:30.257812500+00:00,0.9382020831108092,0.3360980749130249,-0.038235880434513
21.757812488,2026-05-04 22:12:30.265625+00:00,0.9380927681922911,0.3371067345142365,-0.0233357418328523
21.765624988,2026-05-04 22:12:30.273437500+00:00,0.9374054074287416,0.336222231388092,-0.0077744033187627
21.773437488,2026-05-04 22:12:30.281250+00:00,0.935671329498291,0.3343911468982697,0.0083251241594552
21.781249988,2026-05-04 22:12:30.289062500+00:00,0.9387957453727722,0.333972156047821,0.0277614220976829
21.789062488,2026-05-04 22:12:30.296875+00:00,0.936749279499054,0.3327307403087616,0.0455677770078182
21.796874988,2026-05-04 22:12:30.304687500+00:00,0.9350621104240416,0.3319393396377563,0.0630819723010063
21.804687488,2026-05-04 22:12:30.312500+00:00,0.9377490878105164,0.3318772614002228,0.0824413895606994
21.812499988,2026-05-04 22:12:30.320312500+00:00,0.940420389175415,0.3305427432060242,0.1025542691349983
21.820312488,2026-05-04 22:12:30.328125+00:00,0.937702178955078,0.3279823362827301,0.1201299726963043
21.828124988,2026-05-04 22:12:30.335937500+00:00,0.9355620145797728,0.3278892338275909,0.1352453827857971
21.835937488,2026-05-04 22:12:30.343750+00:00,0.9374834895133972,0.3273616135120392,0.150437667965889
21.843749988,2026-05-04 22:12:30.351562500+00:00,0.9388113617897034,0.3267098665237427,0.1637847572565079
21.851562488,2026-05-04 22:12:30.359375+00:00,0.9374366402626038,0.325406402349472,0.1743178814649582
21.859374988,2026-05-04 22:12:30.367187500+00:00,0.9382176995277404,0.3244908452033997,0.1858658641576767
21.867187488,2026-05-04 22:12:30.375000+00:00,0.9378740191459656,0.3242735862731934,0.1966296434402466
21.874999988,2026-05-04 22:12:30.382812500+00:00,0.938155233860016,0.3258564174175262,0.2059479951858521
21.882812488,2026-05-04 22:12:30.390625+00:00,0.936264991760254,0.3277029991149902,0.2132827341556549
21.890624988,2026-05-04 22:12:30.398437500+00:00,0.9354838728904724,0.3274236917495728,0.2183878421783447
21.898437488,2026-05-04 22:12:30.406250+00:00,0.937233567237854,0.3275633454322815,0.2190336585044861
21.906249988,2026-05-04 22:12:30.414062500+00:00,0.9359681606292723,0.3274392187595367,0.2153124660253525
21.914062488,2026-05-04 22:12:30.421875+00:00,0.9348434209823608,0.3279978334903717,0.2119910717010498
21.921874988,2026-05-04 22:12:30.429687500+00:00,0.935905694961548,0.3294409811496735,0.2107148021459579
21.929687488,2026-05-04 22:12:30.437500+00:00,0.935218334197998,0.3314737975597382,0.2072703987360001
21.937499988,2026-05-04 22:12:30.445312500+00:00,0.9344528317451476,0.3340187072753906,0.2011504173278809
21.945312488,2026-05-04 22:12:30.453125+00:00,0.9330312609672546,0.3343290686607361,0.1920473426580429
21.953124988,2026-05-04 22:12:30.460937500+00:00,0.9338123202323914,0.3341583609580994,0.1802379488945007
21.960937488,2026-05-04 22:12:30.468750+00:00,0.9358431696891784,0.3346083760261536,0.1665525883436203
21.968749988,2026-05-04 22:12:30.476562500+00:00,0.9347184300422668,0.3349808156490326,0.1510527431964874
21.976562488,2026-05-04 22:12:30.484375+00:00,0.9333437085151672,0.3352911770343781,0.1349532157182693
21.984374988,2026-05-04 22:12:30.492187500+00:00,0.9347652792930604,0.3353066742420197,0.1201145946979523
21.992187488,2026-05-04 22:12:30.500000+00:00,0.935577630996704,0.3346083760261536,0.1047685295343399
21.999999988,2026-05-04 22:12:30.507812500+00:00,0.9344528317451476,0.3339411318302155,0.0871928259730339
22.007812488,2026-05-04 22:12:30.515625+00:00,0.9372179508209229,0.3342980444431305,0.0697708874940872
22.015624988,2026-05-04 22:12:30.523437500+00:00,0.9386707544326782,0.3331497311592102,0.0529025197029113
22.023437488,2026-05-04 22:12:30.531250+00:00,0.9370929598808287,0.3318307101726532,0.034081295132637
22.031249988,2026-05-04 22:12:30.539062500+00:00,0.9377803206443788,0.3311013877391815,0.0155676063150167
22.039062488,2026-05-04 22:12:30.546875+00:00,0.9394206404685974,0.3298909962177277,-0.0031459815800189
22.046874988,2026-05-04 22:12:30.554687500+00:00,0.9410765171051024,0.3273926675319672,-0.0203065108507871
22.054687488,2026-05-04 22:12:30.562500+00:00,0.9415920376777648,0.3270357549190521,-0.0358063429594039
22.062499988,2026-05-04 22:12:30.570312500+00:00,0.9425293803215028,0.3280754387378693,-0.0488458797335624
22.070312488,2026-05-04 22:12:30.578125+00:00,0.9422481656074524,0.3272219598293304,-0.0595481470227241
22.078124988,2026-05-04 22:12:30.585937500+00:00,0.9432167410850524,0.3268961012363434,-0.0691586583852767
22.085937488,2026-05-04 22:12:30.593750+00:00,0.9421231746673584,0.3267564177513123,-0.0811372026801109
22.093749988,2026-05-04 22:12:30.601562500+00:00,0.9417638778686525,0.3273150622844696,-0.0930849835276603
22.101562488,2026-05-04 22:12:30.609375+00:00,0.9445133805274964,0.3267409205436707,-0.1007580161094666
22.109374988,2026-05-04 22:12:30.617187500+00:00,0.9450289011001588,0.3262753784656525,-0.1053249388933182
22.117187488,2026-05-04 22:12:30.625000+00:00,0.9432167410850524,0.3277185261249542,-0.1077852249145508
22.124999988,2026-05-04 22:12:30.632812500+00:00,0.9409828186035156,0.3300306499004364,-0.1079543679952621
22.132812488,2026-05-04 22:12:30.640625+00:00,0.9419201016426086,0.331380695104599,-0.1043254435062408
22.140624988,2026-05-04 22:12:30.648437500+00:00,0.9422950148582458,0.332342803478241,-0.1010501831769943
22.148437488,2026-05-04 22:12:30.656250+00:00,0.9415295720100404,0.3327152132987976,-0.0982208475470542
22.156249988,2026-05-04 22:12:30.664062500+00:00,0.9410452842712402,0.3338480293750763,-0.0940844789147377
22.164062488,2026-05-04 22:12:30.671875+00:00,0.9391394257545472,0.3346549272537231,-0.0872571691870689
22.171874988,2026-05-04 22:12:30.679687500+00:00,0.939233124256134,0.3350273668766022,-0.0758014470338821
22.179687488,2026-05-04 22:12:30.687500+00:00,0.9381396174430848,0.3353532254695892,-0.0620391890406608
22.187499988,2026-05-04 22:12:30.695312500+00:00,0.9389050602912904,0.3374325931072235,-0.0485229715704917
22.195312488,2026-05-04 22:12:30.703125+00:00,0.9372022747993468,0.3373239934444427,-0.0341764017939567
22.203124988,2026-05-04 22:12:30.710937500+00:00,0.9372804164886476,0.3360360264778137,-0.018538175150752
22.210937488,2026-05-04 22:12:30.718750+00:00,0.938030242919922,0.335492879152298,-0.0027000531554222
22.218749988,2026-05-04 22:12:30.726562500+00:00,0.9371554255485536,0.3351670205593109,0.0124153587967157
22.226562488,2026-05-04 22:12:30.734375+00:00,0.9359369277954102,0.3338325023651123,0.028776291757822
22.234374988,2026-05-04 22:12:30.742187500+00:00,0.9362806081771852,0.3330876529216766,0.0463827475905418
22.242187488,2026-05-04 22:12:30.750000+00:00,0.9383739233016968,0.3315358757972717,0.0652193501591682
22.249999988,2026-05-04 22:12:30.757812500+00:00,0.937936544418335,0.3305737972259521,0.0822876170277595
22.257812488,2026-05-04 22:12:30.765625+00:00,0.937811553478241,0.3300617039203644,0.0997864380478858
22.265624988,2026-05-04 22:12:30.773437500+00:00,0.9375772476196288,0.3292237520217896,0.1171776205301285
22.273437488,2026-05-04 22:12:30.781250+00:00,0.938045859336853,0.3276098966598511,0.1337384432554245
22.281249988,2026-05-04 22:12:30.789062500+00:00,0.9369055032730104,0.3267719447612762,0.1465934664011002
22.289062488,2026-05-04 22:12:30.796875+00:00,0.9386082887649536,0.3265236616134644,0.1585566401481628
22.296874988,2026-05-04 22:12:30.804687500+00:00,0.9383583068847656,0.3248787820339203,0.1692896485328674
22.304687488,2026-05-04 22:12:30.812500+00:00,0.9382489919662476,0.3245218694210052,0.1802225708961487
22.312499988,2026-05-04 22:12:30.820312500+00:00,0.9382176995277404,0.3253908753395081,0.1908479481935501
22.320312488,2026-05-04 22:12:30.828125+00:00,0.938030242919922,0.3260581493377686,0.2003969550132751
22.328124988,2026-05-04 22:12:30.835937500+00:00,0.936858594417572,0.3266788423061371,0.2063939124345779
22.335937488,2026-05-04 22:12:30.843750+00:00,0.9365618228912354,0.327284038066864,0.2091463655233383
22.343749988,2026-05-04 22:12:30.851562500+00:00,0.9365462064743042,0.3277340531349182,0.2096691727638245
22.351562488,2026-05-04 22:12:30.859375+00:00,0.9361712336540222,0.3273461163043976,0.2088695913553238
22.359374988,2026-05-04 22:12:30.867187500+00:00,0.9349995851516724,0.3286340832710266,0.2062247693538666
22.367187488,2026-05-04 22:12:30.875000+00:00,0.9352964162826538,0.3313651978969574,0.2028572559356689
22.374999988,2026-05-04 22:12:30.882812500+00:00,0.934609055519104,0.3320324420928955,0.1988900303840637
22.382812488,2026-05-04 22:12:30.890625+00:00,0.93496835231781,0.333056628704071,0.1937695443630219
22.390624988,2026-05-04 22:12:30.898437500+00:00,0.93496835231781,0.3341428637504578,0.1844511926174164
22.398437488,2026-05-04 22:12:30.906250+00:00,0.9339216947555542,0.3350739181041718,0.1728416979312897
22.406249988,2026-05-04 22:12:30.914062500+00:00,0.933546781539917,0.3346549272537231,0.16034035384655
22.414062488,2026-05-04 22:12:30.921875+00:00,0.9334686398506165,0.335508406162262,0.1459015160799026
22.421874988,2026-05-04 22:12:30.929687500+00:00,0.9361243844032288,0.3356325626373291,0.1309091150760651
22.429687488,2026-05-04 22:12:30.937500+00:00,0.9348121285438538,0.3348411619663239,0.1152708977460861
22.437499988,2026-05-04 22:12:30.945312500+00:00,0.9346559047698976,0.3347635567188263,0.0997403115034103
22.445312488,2026-05-04 22:12:30.953125+00:00,0.9357182383537292,0.3349497616291046,0.0840405747294426
22.453124988,2026-05-04 22:12:30.960937500+00:00,0.9377959370613098,0.3342669904232025,0.0693249627947807
22.460937488,2026-05-04 22:12:30.968750+00:00,0.9373116493225098,0.3331807553768158,0.0524104610085487
22.468749988,2026-05-04 22:12:30.976562500+00:00,0.9364524483680724,0.3318307101726532,0.0331586860120296
22.476562488,2026-05-04 22:12:30.984375+00:00,0.9393112659454346,0.3304030895233154,0.0148756494745612
22.484374988,2026-05-04 22:12:30.992187500+00:00,0.9404985308647156,0.329487532377243,-0.0025462862104177
22.492187488,2026-05-04 22:12:31+00:00,0.9398267865180968,0.3281840682029724,-0.0185535531491041
22.499999988,2026-05-04 22:12:31.007812500+00:00,0.94173264503479,0.3270667791366577,-0.0313624441623687
22.507812488,2026-05-04 22:12:31.015625+00:00,0.9438572525978088,0.3266012668609619,-0.0422953590750694
22.515624988,2026-05-04 22:12:31.023437500+00:00,0.940451681613922,0.327252984046936,-0.0561652481555938
22.523437488,2026-05-04 22:12:31.031250+00:00,0.9409515857696532,0.3281685411930084,-0.0677593648433685
22.531249988,2026-05-04 22:12:31.039062500+00:00,0.9457787275314332,0.3262443542480469,-0.0750172287225723
22.539062488,2026-05-04 22:12:31.046875+00:00,0.9454506635665894,0.3257322609424591,-0.0851659253239631
22.546874988,2026-05-04 22:12:31.054687500+00:00,0.9411077499389648,0.3265081346035004,-0.0951147302985191
22.554687488,2026-05-04 22:12:31.062500+00:00,0.9413577318191528,0.3273305892944336,-0.0991895794868469
22.562499988,2026-05-04 22:12:31.070312500+00:00,0.9443415403366088,0.3280444145202637,-0.0987744033336639
22.570312488,2026-05-04 22:12:31.078125+00:00,0.9428418278694152,0.3298134207725525,-0.0986052602529525
22.578124988,2026-05-04 22:12:31.085937500+00:00,0.9416701793670654,0.3315824270248413,-0.0975596383213996
22.585937488,2026-05-04 22:12:31.093750+00:00,0.9409515857696532,0.3322962522506714,-0.0956836715340614
22.593749988,2026-05-04 22:12:31.101562500+00:00,0.941014051437378,0.3329324722290039,-0.0917625799775123
22.601562488,2026-05-04 22:12:31.109375+00:00,0.94173264503479,0.3328238427639008,-0.0847046226263046
22.609374988,2026-05-04 22:12:31.117187500+00:00,0.9399048686027528,0.3346394300460815,-0.0779080688953399
22.617187488,2026-05-04 22:12:31.125000+00:00,0.9372022747993468,0.3361756801605225,-0.069727599620819
22.624999988,2026-05-04 22:12:31.132812500+00:00,0.937702178955078,0.3362377285957336,-0.0565189123153686
22.632812488,2026-05-04 22:12:31.140625+00:00,0.9382646083831788,0.3357722163200378,-0.0422799810767173
22.640624988,2026-05-04 22:12:31.148437500+00:00,0.9385301470756532,0.3366256952285767,-0.0291943121701479
22.648437488,2026-05-04 22:12:31.156250+00:00,0.9377803206443788,0.3366256952285767,-0.0149092469364404
22.656249988,2026-05-04 22:12:31.164062500+00:00,0.9370929598808287,0.3359739482402802,0.0002215411514043
22.664062488,2026-05-04 22:12:31.171875+00:00,0.9372960329055786,0.335523933172226,0.0164902154356241
22.671874988,2026-05-04 22:12:31.179687500+00:00,0.9366555213928224,0.3341428637504578,0.0331125557422637
22.679687488,2026-05-04 22:12:31.187500+00:00,0.9372179508209229,0.3320324420928955,0.0497041419148445
22.687499988,2026-05-04 22:12:31.195312500+00:00,0.9375303387641908,0.3321255445480347,0.0645735263824462
22.695312488,2026-05-04 22:12:31.203125+00:00,0.9381240010261536,0.3314893245697021,0.0813650116324424
22.703124988,2026-05-04 22:12:31.210937500+00:00,0.9365774393081664,0.3289909660816193,0.0997095555067062
22.710937488,2026-05-04 22:12:31.218750+00:00,0.938295841217041,0.3277806043624878,0.1167624443769455
22.718749988,2026-05-04 22:12:31.226562500+00:00,0.9390612840652466,0.32917720079422,0.1296789646148682
22.726562488,2026-05-04 22:12:31.234375+00:00,0.9376084804534912,0.3277806043624878,0.1419342905282974
22.734374988,2026-05-04 22:12:31.242187500+00:00,0.9382489919662476,0.325033962726593,0.1558041870594025
22.742187488,2026-05-04 22:12:31.250000+00:00,0.9393268823623656,0.3242425620555878,0.1670138835906982
22.749999988,2026-05-04 22:12:31.257812500+00:00,0.9371554255485536,0.3250029385089874,0.1753634959459305
22.757812488,2026-05-04 22:12:31.265625+00:00,0.9374522566795348,0.3259339928627014,0.1848048716783524
22.765624988,2026-05-04 22:12:31.273437500+00:00,0.9371398091316224,0.3256857097148895,0.1928623169660568
22.773437488,2026-05-04 22:12:31.281250+00:00,0.939233124256134,0.3267564177513123,0.1990591734647751
22.781249988,2026-05-04 22:12:31.289062500+00:00,0.9377334713935852,0.3266478180885315,0.202518954873085
22.789062488,2026-05-04 22:12:31.296875+00:00,0.933203101158142,0.3268805742263794,0.2019807696342468
22.796874988,2026-05-04 22:12:31.304687500+00:00,0.9376553297042848,0.3293944299221039,0.2017501145601273
22.804687488,2026-05-04 22:12:31.312500+00:00,0.938045859336853,0.3299220502376556,0.2011042982339859
22.812499988,2026-05-04 22:12:31.320312500+00:00,0.9344996809959412,0.3305427432060242,0.1970601826906204
22.820312488,2026-05-04 22:12:31.328125+00:00,0.9330624938011168,0.3318772614002228,0.1909709721803665
22.828124988,2026-05-04 22:12:31.335937500+00:00,0.9349995851516724,0.3323738276958466,0.1845434606075287
22.835937488,2026-05-04 22:12:31.343750+00:00,0.9355463981628418,0.333646297454834,0.1770088225603104
22.843749988,2026-05-04 22:12:31.351562500+00:00,0.9342966079711914,0.3355704843997955,0.1653685718774796
22.851562488,2026-05-04 22:12:31.359375+00:00,0.9351558089256288,0.3360360264778137,0.1550968587398529
22.859374988,2026-05-04 22:12:31.367187500+00:00,0.9336092472076416,0.3348256349563599,0.1420880556106567
22.867187488,2026-05-04 22:12:31.375000+00:00,0.9347496628761292,0.3355549573898315,0.1268496364355087
22.874999988,2026-05-04 22:12:31.382812500+00:00,0.9341560006141664,0.3365480899810791,0.1099197641015053
22.882812488,2026-05-04 22:12:31.390625+00:00,0.9365462064743042,0.3350739181041718,0.0966956987977027
22.890624988,2026-05-04 22:12:31.398437500+00:00,0.9369211196899414,0.3336617946624756,0.0819647088646888
22.898437488,2026-05-04 22:12:31.406250+00:00,0.9358900785446168,0.3336617946624756,0.0653731226921081
22.906249988,2026-05-04 22:12:31.414062500+00:00,0.9360306859016418,0.3338945806026459,0.0483509823679924
22.914062488,2026-05-04 22:12:31.421875+00:00,0.9377803206443788,0.3325600624084473,0.0329434089362621
22.921874988,2026-05-04 22:12:31.429687500+00:00,0.9395924806594848,0.3303099870681763,0.0166593603789806
22.929687488,2026-05-04 22:12:31.437500+00:00,0.9417170286178588,0.3293013274669647,0.0003138035535812
22.937499988,2026-05-04 22:12:31.445312500+00:00,0.9399986267089844,0.3283392488956451,-0.0163854230195283
22.945312488,2026-05-04 22:12:31.453125+00:00,0.9395299553871156,0.3277806043624878,-0.0305013414472341
22.953124988,2026-05-04 22:12:31.460937500+00:00,0.9422950148582458,0.326927125453949,-0.0406500399112701
22.960937488,2026-05-04 22:12:31.468750+00:00,0.9447633028030396,0.326927125453949,-0.0508448705077171
22.968749988,2026-05-04 22:12:31.476562500+00:00,0.9421231746673584,0.3268184959888458,-0.0633769780397415
22.976562488,2026-05-04 22:12:31.484375+00:00,0.9416701793670654,0.326321929693222,-0.0731720104813575
22.984374988,2026-05-04 22:12:31.492187500+00:00,0.9436072707176208,0.3258408904075623,-0.0798609256744384
22.992187488,2026-05-04 22:12:31.500000+00:00,0.944232165813446,0.3267253935337067,-0.0856579840183258
22.999999988,2026-05-04 22:12:31.507812500+00:00,0.9424043893814088,0.3277029991149902,-0.0909014791250228
23.007812488,2026-05-04 22:12:31.515625+00:00,0.9428730607032776,0.3286806344985962,-0.0930849835276603
23.015624988,2026-05-04 22:12:31.523437500+00:00,0.9431855082511902,0.3296116888523102,-0.0933310166001319
23.023437488,2026-05-04 22:12:31.531250+00:00,0.9408109784126282,0.3304961919784546,-0.0920854955911636
23.031249988,2026-05-04 22:12:31.539062500+00:00,0.9417014122009276,0.3310393095016479,-0.0877799838781356
23.039062488,2026-05-04 22:12:31.546875+00:00,0.943138599395752,0.3329634964466095,-0.0831208080053329
23.046874988,2026-05-04 22:12:31.554687500+00:00,0.9396705627441406,0.3348721861839294,-0.0793996155261993
23.054687488,2026-05-04 22:12:31.562500+00:00,0.9372022747993468,0.334918737411499,-0.0715574398636817
23.062499988,2026-05-04 22:12:31.570312500+00:00,0.9384364485740662,0.3341583609580994,-0.0609013065695762
23.070312488,2026-05-04 22:12:31.578125+00:00,0.940326690673828,0.335508406162262,-0.0496147200465202
23.078124988,2026-05-04 22:12:31.585937500+00:00,0.9373897910118104,0.3370912075042725,-0.0391584858298301
23.085937488,2026-05-04 22:12:31.593750+00:00,0.9371866583824158,0.3376343250274658,-0.0246735271066427
23.093749988,2026-05-04 22:12:31.601562500+00:00,0.936983585357666,0.3359273970127106,-0.00940434448421
23.101562488,2026-05-04 22:12:31.609375+00:00,0.9369523525238036,0.3349497616291046,0.0061877481639385
23.109374988,2026-05-04 22:12:31.617187500+00:00,0.9374366402626038,0.3359584212303162,0.0187967382371425
23.117187488,2026-05-04 22:12:31.625000+00:00,0.9362337589263916,0.3345308005809784,0.033743005245924
23.124999988,2026-05-04 22:12:31.632812500+00:00,0.9367805123329164,0.3326221108436584,0.0501962006092071
23.132812488,2026-05-04 22:12:31.640625+00:00,0.9400142431259156,0.3319083154201508,0.0684177279472351
23.140624988,2026-05-04 22:12:31.648437500+00:00,0.9358900785446168,0.3307600021362305,0.0831794738769531
23.148437488,2026-05-04 22:12:31.656250+00:00,0.9366555213928224,0.3308065533638,0.0979412198066711
23.156249988,2026-05-04 22:12:31.664062500+00:00,0.9388269782066344,0.3296737670898438,0.1137793436646461
23.164062488,2026-05-04 22:12:31.671875+00:00,0.9396861791610718,0.3268029987812042,0.1288486272096634
23.171874988,2026-05-04 22:12:31.679687500+00:00,0.9376084804534912,0.3258719146251678,0.1402736008167267
23.179687488,2026-05-04 22:12:31.687500+00:00,0.9373272657394408,0.3262443542480469,0.1506221890449524
23.187499988,2026-05-04 22:12:31.695312500+00:00,0.9389363527297974,0.3256701827049255,0.1625238507986069
23.195312488,2026-05-04 22:12:31.703125+00:00,0.9379053115844728,0.3248322308063507,0.1724880337715149
23.203124988,2026-05-04 22:12:31.710937500+00:00,0.9384832978248596,0.3250805139541626,0.1806992590427399
23.210937488,2026-05-04 22:12:31.718750+00:00,0.9376240968704224,0.3258253633975983,0.1869729906320572
23.218749988,2026-05-04 22:12:31.726562500+00:00,0.9378427863121032,0.3258874416351318,0.1918628215789795
23.226562488,2026-05-04 22:12:31.734375+00:00,0.9374522566795348,0.3270512819290161,0.1952918618917465
23.234374988,2026-05-04 22:12:31.742187500+00:00,0.9365149140357972,0.3277806043624878,0.1969986855983734
23.242187488,2026-05-04 22:12:31.750000+00:00,0.9363743662834167,0.3288513123989105,0.1961221992969513
23.249999988,2026-05-04 22:12:31.757812500+00:00,0.935796320438385,0.3299686014652252,0.1926624178886414
23.257812488,2026-05-04 22:12:31.765625+00:00,0.9354214072227478,0.3306358456611633,0.1887413263320923
23.265624988,2026-05-04 22:12:31.773437500+00:00,0.9358744621276855,0.3311634659767151,0.1850662678480148
23.273437488,2026-05-04 22:12:31.781250+00:00,0.9348277449607848,0.3328548967838287,0.1783466041088104
23.281249988,2026-05-04 22:12:31.789062500+00:00,0.9351714253425598,0.3352290987968445,0.1703045219182968
23.289062488,2026-05-04 22:12:31.796875+00:00,0.933640480041504,0.3352445960044861,0.160417228937149
23.296874988,2026-05-04 22:12:31.804687500+00:00,0.934031069278717,0.3347480297088623,0.1487462222576141
23.304687488,2026-05-04 22:12:31.812500+00:00,0.9351245760917664,0.3353997766971588,0.1351223587989807
23.312499988,2026-05-04 22:12:31.820312500+00:00,0.9356400966644288,0.335880845785141,0.120868057012558
23.320312488,2026-05-04 22:12:31.828125+00:00,0.9347184300422668,0.3356325626373291,0.1070750504732132
23.328124988,2026-05-04 22:12:31.835937500+00:00,0.9357338547706604,0.3354463279247284,0.0936664640903472
23.335937488,2026-05-04 22:12:31.843750+00:00,0.9366555213928224,0.3346859812736511,0.0796120539307594
23.343749988,2026-05-04 22:12:31.851562500+00:00,0.93565571308136,0.333972156047821,0.0626052916049957
23.351562488,2026-05-04 22:12:31.859375+00:00,0.9369055032730104,0.3334600627422333,0.0460444614291191
23.359374988,2026-05-04 22:12:31.867187500+00:00,0.9396549463272096,0.3318772614002228,0.0312980897724628
23.367187488,2026-05-04 22:12:31.875000+00:00,0.9396393299102784,0.3301858305931091,0.0159212723374366
23.374999988,2026-05-04 22:12:31.882812500+00:00,0.9392018914222716,0.3298754990100861,0.0002984255552291
23.382812488,2026-05-04 22:12:31.890625+00:00,0.9402173161506652,0.3296582400798798,-0.0130332764238119
23.390624988,2026-05-04 22:12:31.898437500+00:00,0.9417951703071594,0.3275633454322815,-0.0256115105003118
23.398437488,2026-05-04 22:12:31.906250+00:00,0.9421856999397278,0.3264615833759308,-0.0381128638982772
23.406249988,2026-05-04 22:12:31.914062500+00:00,0.942576229572296,0.3273771405220032,-0.0500452741980552
23.414062488,2026-05-04 22:12:31.921875+00:00,0.9423731565475464,0.3271133303642273,-0.0601478442549705
23.421874988,2026-05-04 22:12:31.929687500+00:00,0.9436854124069214,0.3257788121700287,-0.0669136419892311
23.429687488,2026-05-04 22:12:31.937500+00:00,0.9431855082511902,0.325965017080307,-0.0739254727959632
23.437499988,2026-05-04 22:12:31.945312500+00:00,0.9421388506889344,0.3278271555900574,-0.0813217237591743
23.445312488,2026-05-04 22:12:31.953125+00:00,0.9421231746673584,0.3279047310352325,-0.0855811014771461
23.453124988,2026-05-04 22:12:31.960937500+00:00,0.944107174873352,0.3279202580451965,-0.0861500427126884
23.460937488,2026-05-04 22:12:31.968750+00:00,0.9429667592048644,0.3287892639636993,-0.0864883288741111
23.468749988,2026-05-04 22:12:31.976562500+00:00,0.9409672021865844,0.3305737972259521,-0.0852889418601989
23.476562488,2026-05-04 22:12:31.984375+00:00,0.9402329325675964,0.3324669301509857,-0.0821828246116638
23.484374988,2026-05-04 22:12:31.992187500+00:00,0.9407484531402588,0.3335221409797668,-0.0776927918195724
23.492187488,2026-05-04 22:12:32+00:00,0.9409359097480774,0.3333204090595245,-0.0710961371660232
23.499999988,2026-05-04 22:12:32.007812500+00:00,0.9403735399246216,0.3339100778102875,-0.0643764659762382
23.507812488,2026-05-04 22:12:32.015625+00:00,0.9375147223472596,0.3352445960044861,-0.057103231549263
23.515624988,2026-05-04 22:12:32.023437500+00:00,0.9379833936691284,0.3365636169910431,-0.0456321239471435
23.523437488,2026-05-04 22:12:32.031250+00:00,0.9392644166946412,0.3362067043781281,-0.0306858625262975
23.531249988,2026-05-04 22:12:32.039062500+00:00,0.938030242919922,0.3365946412086487,-0.0174002926796674
23.539062488,2026-05-04 22:12:32.046875+00:00,0.9370617270469666,0.3369360268115997,-0.0056216474622488
23.546874988,2026-05-04 22:12:32.054687500+00:00,0.93545264005661,0.3360670506954193,0.0073102544993162
23.554687488,2026-05-04 22:12:32.062500+00:00,0.9374522566795348,0.3348256349563599,0.0217337105423212
23.562499988,2026-05-04 22:12:32.070312500+00:00,0.9379209280014038,0.3333514630794525,0.0375103242695331
23.570312488,2026-05-04 22:12:32.078125+00:00,0.9370929598808287,0.333056628704071,0.0530716627836227
23.578124988,2026-05-04 22:12:32.085937500+00:00,0.9365774393081664,0.3329324722290039,0.0682639628648757
23.585937488,2026-05-04 22:12:32.093750+00:00,0.9372022747993468,0.3314427733421326,0.0842558518052101
23.593749988,2026-05-04 22:12:32.101562500+00:00,0.9381864666938782,0.3289444148540497,0.1002477407455444
23.601562488,2026-05-04 22:12:32.109375+00:00,0.9373584985733032,0.3284478485584259,0.1124876886606216
23.609374988,2026-05-04 22:12:32.117187500+00:00,0.9384676814079284,0.3285254538059235,0.1245123594999313
23.617187488,2026-05-04 22:12:32.125000+00:00,0.9377647042274476,0.3265391886234283,0.1368445605039597
23.624999988,2026-05-04 22:12:32.132812500+00:00,0.938045859336853,0.3249874114990234,0.1495150625705719
23.632812488,2026-05-04 22:12:32.140625+00:00,0.9392956495285034,0.3256857097148895,0.1597252786159515
23.640624988,2026-05-04 22:12:32.148437500+00:00,0.9385926723480223,0.3254995048046112,0.1678288578987122
23.648437488,2026-05-04 22:12:32.156250+00:00,0.9373897910118104,0.3256081342697144,0.1749944537878036
23.656249988,2026-05-04 22:12:32.164062500+00:00,0.9390769004821776,0.3260115683078766,0.1828520148992538
23.664062488,2026-05-04 22:12:32.171875+00:00,0.9383426904678344,0.3258874416351318,0.1875573098659515
23.671874988,2026-05-04 22:12:32.179687500+00:00,0.9364524483680724,0.3267253935337067,0.1900637298822403
23.679687488,2026-05-04 22:12:32.187500+00:00,0.9365774393081664,0.3286961317062378,0.1892641484737396
23.687499988,2026-05-04 22:12:32.195312500+00:00,0.9365618228912354,0.3291306495666504,0.1881570070981979
23.695312488,2026-05-04 22:12:32.203125+00:00,0.9372022747993468,0.3286806344985962,0.1873574107885361
23.703124988,2026-05-04 22:12:32.210937500+00:00,0.9353589415550232,0.3302789330482483,0.1834363341331482
23.710937488,2026-05-04 22:12:32.218750+00:00,0.9342653751373292,0.3329324722290039,0.1772702187299728
23.718749988,2026-05-04 22:12:32.226562500+00:00,0.9347496628761292,0.3332273066043854,0.1727033108472824
23.726562488,2026-05-04 22:12:32.234375+00:00,0.935921311378479,0.3341428637504578,0.1659990102052689
23.734374988,2026-05-04 22:12:32.242187500+00:00,0.934124767780304,0.3350118398666382,0.153866708278656
23.742187488,2026-05-04 22:12:32.250000+00:00,0.9341091513633728,0.3354773819446564,0.1416575163602829
23.749999988,2026-05-04 22:12:32.257812500+00:00,0.9343435168266296,0.3353687524795532,0.1293560564517975
23.757812488,2026-05-04 22:12:32.265625+00:00,0.9344528317451476,0.3357411623001099,0.1162550076842308
23.765624988,2026-05-04 22:12:32.273437500+00:00,0.9367961287498474,0.3357722163200378,0.104368731379509
23.773437488,2026-05-04 22:12:32.281250+00:00,0.9358431696891784,0.3354153037071228,0.0907910019159317
23.781249988,2026-05-04 22:12:32.289062500+00:00,0.9346246719360352,0.3350118398666382,0.0751527771353721
23.789062488,2026-05-04 22:12:32.296875+00:00,0.9368117451667786,0.3343756198883057,0.0605601742863655
23.796874988,2026-05-04 22:12:32.304687500+00:00,0.9387019872665404,0.3328548967838287,0.0461982265114784
23.804687488,2026-05-04 22:12:32.312500+00:00,0.938873827457428,0.3319238126277924,0.029852669686079
23.812499988,2026-05-04 22:12:32.320312500+00:00,0.9374210238456726,0.3301703333854675,0.0139222862198948
23.820312488,2026-05-04 22:12:32.328125+00:00,0.9398580193519592,0.3292858004570007,0.0004983246326446
23.828124988,2026-05-04 22:12:32.335937500+00:00,0.9419982433319092,0.3294565081596375,-0.0123720709234476
23.835937488,2026-05-04 22:12:32.343750+00:00,0.9406235218048096,0.3284168243408203,-0.0246889013797044
23.843749988,2026-05-04 22:12:32.351562500+00:00,0.9423575401306152,0.3267564177513123,-0.0344839394092559
23.851562488,2026-05-04 22:12:32.359375+00:00,0.9432948231697084,0.3258874416351318,-0.0448479056358337
23.859374988,2026-05-04 22:12:32.367187500+00:00,0.9411077499389648,0.3270512819290161,-0.0565650463104248
23.867187488,2026-05-04 22:12:32.375000+00:00,0.940670371055603,0.3274547159671783,-0.0646840035915374
23.874999988,2026-05-04 22:12:32.382812500+00:00,0.9465754628181458,0.3265081346035004,-0.0687434822320938
23.882812488,2026-05-04 22:12:32.390625+00:00,0.9442946314811708,0.3261667490005493,-0.0756476745009422
23.890624988,2026-05-04 22:12:32.398437500+00:00,0.9403891563415528,0.3274081647396088,-0.0810141861438751
23.898437488,2026-05-04 22:12:32.406250+00:00,0.9406079053878784,0.3283858001232147,-0.0814447328448295
23.906249988,2026-05-04 22:12:32.414062500+00:00,0.943513572216034,0.3292703032493591,-0.0791382119059562
23.914062488,2026-05-04 22:12:32.421875+00:00,0.943029284477234,0.3301392793655396,-0.0765549093484878
23.921874988,2026-05-04 22:12:32.429687500+00:00,0.9407328367233276,0.3326531648635864,-0.0758168175816535
23.929687488,2026-05-04 22:12:32.437500+00:00,0.9393268823623656,0.3335842192173004,-0.073617935180664
23.937499988,2026-05-04 22:12:32.445312500+00:00,0.940436065196991,0.3331652283668518,-0.0664215832948684
23.945312488,2026-05-04 22:12:32.453125+00:00,0.9421544671058656,0.3329169452190399,-0.0565650463104248
23.953124988,2026-05-04 22:12:32.460937500+00:00,0.9372804164886476,0.3351204693317413,-0.0497684925794601
23.960937488,2026-05-04 22:12:32.468750+00:00,0.9367961287498474,0.3375256955623627,-0.0391738638281822
23.968749988,2026-05-04 22:12:32.476562500+00:00,0.9375303387641908,0.3372774124145508,-0.025257846340537
23.976562488,2026-05-04 22:12:32.484375+00:00,0.9384364485740662,0.335523933172226,-0.0124028269201517
23.984374988,2026-05-04 22:12:32.492187500+00:00,0.937686562538147,0.3362532556056976,-0.00170055963099
23.992187488,2026-05-04 22:12:32.500000+00:00,0.9368742108345032,0.3359584212303162,0.010539386421442
23.999999988,2026-05-04 22:12:32.507812500+00:00,0.9374366402626038,0.3351980447769165,0.024962842464447
24.007812488,2026-05-04 22:12:32.515625+00:00,0.9371398091316224,0.3344842493534088,0.0407855883240699
24.015624988,2026-05-04 22:12:32.523437500+00:00,0.9372804164886476,0.3328083455562592,0.0565929561853408
24.023437488,2026-05-04 22:12:32.531250+00:00,0.9377803206443788,0.3324979841709137,0.0711855590343475
24.031249988,2026-05-04 22:12:32.539062500+00:00,0.937936544418335,0.3320169150829315,0.0835177674889564
24.039062488,2026-05-04 22:12:32.546875+00:00,0.936983585357666,0.3299375474452972,0.097925841808319
24.046874988,2026-05-04 22:12:32.554687500+00:00,0.9382176995277404,0.3273461163043976,0.1133949235081673
24.054687488,2026-05-04 22:12:32.562500+00:00,0.9386082887649536,0.3275167942047119,0.1252043098211288
24.062499988,2026-05-04 22:12:32.570312500+00:00,0.937702178955078,0.3285409808158875,0.1343996524810791
24.070312488,2026-05-04 22:12:32.578125+00:00,0.9373272657394408,0.3268340229988098,0.145163431763649
24.078124988,2026-05-04 22:12:32.585937500+00:00,0.9393424987792968,0.3247701525688171,0.156926691532135
24.085937488,2026-05-04 22:12:32.593750+00:00,0.9387801289558412,0.3239167034626007,0.1649072617292404
24.093749988,2026-05-04 22:12:32.601562500+00:00,0.9369523525238036,0.3255460560321808,0.1710426062345505
24.101562488,2026-05-04 22:12:32.609375+00:00,0.9381864666938782,0.3268805742263794,0.1773932427167892
24.109374988,2026-05-04 22:12:32.617187500+00:00,0.9367961287498474,0.3262133002281189,0.1816833764314651
24.117187488,2026-05-04 22:12:32.625000+00:00,0.9389519691467284,0.3268650472164154,0.1847126036882401
24.124999988,2026-05-04 22:12:32.632812500+00:00,0.9376397132873536,0.3274702429771423,0.1839283853769302
24.132812488,2026-05-04 22:12:32.640625+00:00,0.933906078338623,0.3282771706581116,0.1807761341333389
24.140624988,2026-05-04 22:12:32.648437500+00:00,0.938639521598816,0.3299530744552612,0.1806069910526276
24.148437488,2026-05-04 22:12:32.656250+00:00,0.9384832978248596,0.3310548365116119,0.1793614774942398
24.156249988,2026-05-04 22:12:32.664062500+00:00,0.933281183242798,0.3327307403087616,0.1731953620910645
24.164062488,2026-05-04 22:12:32.671875+00:00,0.9324063658714294,0.3334755897521973,0.1658144891262054
24.171874988,2026-05-04 22:12:32.679687500+00:00,0.9354994893074036,0.333972156047821,0.1587411612272263
24.179687488,2026-05-04 22:12:32.687500+00:00,0.9371241927146912,0.3349652886390686,0.1479466259479523
24.187499988,2026-05-04 22:12:32.695312500+00:00,0.9337498545646667,0.3356325626373291,0.1345687955617905
24.195312488,2026-05-04 22:12:32.703125+00:00,0.9353745579719543,0.3352135717868805,0.1247891485691071
24.203124988,2026-05-04 22:12:32.710937500+00:00,0.9349058866500854,0.334934264421463,0.1133487895131111
24.210937488,2026-05-04 22:12:32.718750+00:00,0.9344215989112854,0.3363774120807648,0.0996787995100021
24.218749988,2026-05-04 22:12:32.726562500+00:00,0.9344215989112854,0.336439460515976,0.0865162461996078
24.226562488,2026-05-04 22:12:32.734375+00:00,0.937811553478241,0.3350583910942078,0.0738765001296997
24.234374988,2026-05-04 22:12:32.742187500+00:00,0.9374991059303284,0.3328083455562592,0.0581460148096084
24.242187488,2026-05-04 22:12:32.750000+00:00,0.935702621936798,0.3326531648635864,0.0417543277144432
24.249999988,2026-05-04 22:12:32.757812500+00:00,0.9385301470756532,0.3326221108436584,0.0279151909053325
24.257812488,2026-05-04 22:12:32.765625+00:00,0.9379677772521972,0.3312410414218903,0.0141836926341056
24.265624988,2026-05-04 22:12:32.773437500+00:00,0.941498339176178,0.3297823667526245,0.0030970070511102
24.273437488,2026-05-04 22:12:32.781250+00:00,0.9414827227592468,0.3291151225566864,-0.0105268526822328
24.281249988,2026-05-04 22:12:32.789062500+00:00,0.9401080012321472,0.3280444145202637,-0.0241045821458101
24.289062488,2026-05-04 22:12:32.796875+00:00,0.9395299553871156,0.3271288573741913,-0.0346069484949111
24.296874988,2026-05-04 22:12:32.804687500+00:00,0.9451225996017456,0.3267564177513123,-0.0415111407637596
24.304687488,2026-05-04 22:12:32.812500+00:00,0.943622887134552,0.3266012668609619,-0.0514599382877349
24.312499988,2026-05-04 22:12:32.820312500+00:00,0.9407172203063964,0.3267409205436707,-0.0610397011041641
24.320312488,2026-05-04 22:12:32.828125+00:00,0.9427636861801147,0.3255770802497864,-0.0665907263755798
24.328124988,2026-05-04 22:12:32.835937500+00:00,0.9434979557991028,0.3265547156333923,-0.0709269940853118
24.335937488,2026-05-04 22:12:32.843750+00:00,0.9433729648590088,0.3273771405220032,-0.0739869773387908
24.343749988,2026-05-04 22:12:32.851562500+00:00,0.9418888688087464,0.3286030292510986,-0.0749710947275161
24.351562488,2026-05-04 22:12:32.859375+00:00,0.9433573484420776,0.3298289477825165,-0.0734795406460762
24.359374988,2026-05-04 22:12:32.867187500+00:00,0.9394987225532532,0.3308996558189392,-0.0728952214121818
24.367187488,2026-05-04 22:12:32.875000+00:00,0.9407172203063964,0.3312875926494598,-0.0689587593078613
24.374999988,2026-05-04 22:12:32.882812500+00:00,0.9418107867240906,0.3320014178752899,-0.0651914402842521
24.382812488,2026-05-04 22:12:32.890625+00:00,0.940545380115509,0.333972156047821,-0.0609013065695762
24.390624988,2026-05-04 22:12:32.898437500+00:00,0.9383114576339722,0.3349497616291046,-0.0537972152233123
24.398437488,2026-05-04 22:12:32.906250+00:00,0.9373741149902344,0.3351825475692749,-0.0425413846969604
24.406249988,2026-05-04 22:12:32.914062500+00:00,0.9382489919662476,0.3356946110725403,-0.0314700827002525
24.414062488,2026-05-04 22:12:32.921875+00:00,0.938405215740204,0.3366256952285767,-0.0207216832786798
24.421874988,2026-05-04 22:12:32.929687500+00:00,0.9378740191459656,0.3374636471271515,-0.0094351004809141
24.429687488,2026-05-04 22:12:32.937500+00:00,0.9360306859016418,0.3361291289329529,0.0022820346057415
24.437499988,2026-05-04 22:12:32.945312500+00:00,0.9370773434638976,0.3348256349563599,0.0160750411450862
24.445312488,2026-05-04 22:12:32.953125+00:00,0.9383583068847656,0.3352290987968445,0.0291299596428871
24.453124988,2026-05-04 22:12:32.960937500+00:00,0.9369211196899414,0.3346549272537231,0.0419234707951545
24.460937488,2026-05-04 22:12:32.968750+00:00,0.9348277449607848,0.3331807553768158,0.0560086369514465
24.468749988,2026-05-04 22:12:32.976562500+00:00,0.939358115196228,0.332327276468277,0.0726156011223793
24.476562488,2026-05-04 22:12:32.984375+00:00,0.9385301470756532,0.3306979238986969,0.0872850865125656
24.484374988,2026-05-04 22:12:32.992187500+00:00,0.9355620145797728,0.3299686014652252,0.0986946821212768
24.492187488,2026-05-04 22:12:33+00:00,0.9385457634925842,0.3299840986728668,0.1112883016467094
24.499999988,2026-05-04 22:12:33.007812500+00:00,0.9389207363128662,0.3281219899654388,0.1231591999530792
24.507812488,2026-05-04 22:12:33.015625+00:00,0.9379833936691284,0.3257788121700287,0.1341075003147125
24.515624988,2026-05-04 22:12:33.023437500+00:00,0.93828022480011,0.3257632851600647,0.1435642391443253
24.523437488,2026-05-04 22:12:33.031250+00:00,0.9394518733024596,0.3259184658527374,0.1528057008981705
24.531249988,2026-05-04 22:12:33.039062500+00:00,0.9377803206443788,0.3259029686450958,0.1604787409305573
24.539062488,2026-05-04 22:12:33.046875+00:00,0.9376240968704224,0.3259184658527374,0.167767345905304
24.546874988,2026-05-04 22:12:33.054687500+00:00,0.9390144348144532,0.3254839777946472,0.17425636947155
24.554687488,2026-05-04 22:12:33.062500+00:00,0.938389539718628,0.3261201977729797,0.176486000418663
24.562499988,2026-05-04 22:12:33.070312500+00:00,0.9379990100860596,0.3273305892944336,0.1771164536476135
24.570312488,2026-05-04 22:12:33.078125+00:00,0.935921311378479,0.3277650773525238,0.1778391599655151
24.578124988,2026-05-04 22:12:33.085937500+00:00,0.9369055032730104,0.3284633755683899,0.178592637181282
24.585937488,2026-05-04 22:12:33.093750+00:00,0.93710857629776,0.3300617039203644,0.1757325381040573
24.593749988,2026-05-04 22:12:33.101562500+00:00,0.9350308775901794,0.3319083154201508,0.170350655913353
24.601562488,2026-05-04 22:12:33.109375+00:00,0.935780704021454,0.3321255445480347,0.1667832285165787
24.609374988,2026-05-04 22:12:33.117187500+00:00,0.9348277449607848,0.3324979841709137,0.1606478840112686
24.617187488,2026-05-04 22:12:33.125000+00:00,0.9365305304527284,0.3344221711158752,0.1526980698108673
24.624999988,2026-05-04 22:12:33.132812500+00:00,0.9341716766357422,0.3361291289329529,0.1420265585184097
24.632812488,2026-05-04 22:12:33.140625+00:00,0.9339685440063475,0.3355860114097595,0.1310936361551285
24.640624988,2026-05-04 22:12:33.148437500+00:00,0.9352807998657228,0.3351359963417053,0.1201760992407799
24.648437488,2026-05-04 22:12:33.156250+00:00,0.9363274574279784,0.3351514935493469,0.1082283109426498
24.656249988,2026-05-04 22:12:33.164062500+00:00,0.93448406457901,0.3355860114097595,0.0943122953176498
24.664062488,2026-05-04 22:12:33.171875+00:00,0.9355307817459106,0.3359739482402802,0.0825490280985832
24.671874988,2026-05-04 22:12:33.179687500+00:00,0.9383739233016968,0.3351514935493469,0.0710010379552841
24.679687488,2026-05-04 22:12:33.187500+00:00,0.9358431696891784,0.3335686922073364,0.0566083341836929
24.687499988,2026-05-04 22:12:33.195312500+00:00,0.9362181425094604,0.3331497311592102,0.0409547314047813
24.695312488,2026-05-04 22:12:33.203125+00:00,0.938639521598816,0.3318772614002228,0.0269156973809003
24.703124988,2026-05-04 22:12:33.210937500+00:00,0.940326690673828,0.3298599720001221,0.0134917357936501
24.710937488,2026-05-04 22:12:33.218750+00:00,0.9400142431259156,0.3290840983390808,0.000713599845767
24.718749988,2026-05-04 22:12:33.226562500+00:00,0.9410609006881714,0.3299530744552612,-0.0099271591752767
24.726562488,2026-05-04 22:12:33.234375+00:00,0.9409202933311462,0.3286340832710266,-0.0206601750105619
24.734374988,2026-05-04 22:12:33.242187500+00:00,0.9411234259605408,0.3268184959888458,-0.0308703836053609
24.742187488,2026-05-04 22:12:33.250000+00:00,0.9435291886329652,0.3270047008991241,-0.0401579812169075
24.749999988,2026-05-04 22:12:33.257812500+00:00,0.9417170286178588,0.3266322910785675,-0.0507064759731292
24.757812488,2026-05-04 22:12:33.265625+00:00,0.9433261156082152,0.3261512517929077,-0.056872583925724
24.765624988,2026-05-04 22:12:33.273437500+00:00,0.9434198141098022,0.3261047005653381,-0.0614548698067665
24.773437488,2026-05-04 22:12:33.281250+00:00,0.9421231746673584,0.3275788724422455,-0.0664369612932205
24.781249988,2026-05-04 22:12:33.289062500+00:00,0.941014051437378,0.3283392488956451,-0.0694354400038719
24.789062488,2026-05-04 22:12:33.296875+00:00,0.94338858127594,0.3282771706581116,-0.0684513226151466
24.796874988,2026-05-04 22:12:33.304687500+00:00,0.9434354305267334,0.3289289176464081,-0.0680515244603157
24.804687488,2026-05-04 22:12:33.312500+00:00,0.9402954578399658,0.330108255147934,-0.067743994295597
24.812499988,2026-05-04 22:12:33.320312500+00:00,0.940201699733734,0.3322341740131378,-0.0645609870553016
24.820312488,2026-05-04 22:12:33.328125+00:00,0.9405141472816468,0.3335997462272644,-0.0594405084848403
24.828124988,2026-05-04 22:12:33.335937500+00:00,0.9408734440803528,0.3334135115146637,-0.0533359125256538
24.835937488,2026-05-04 22:12:33.343750+00:00,0.9397799372673036,0.3338169753551483,-0.0463240817189216
24.843749988,2026-05-04 22:12:33.351562500+00:00,0.937936544418335,0.3354618549346924,-0.0394814014434814
24.851562488,2026-05-04 22:12:33.359375+00:00,0.9371554255485536,0.3363618850708008,-0.0288713965564966
24.859374988,2026-05-04 22:12:33.367187500+00:00,0.9383426904678344,0.3360825777053833,-0.0148784946650266
24.867187488,2026-05-04 22:12:33.375000+00:00,0.9393893480300904,0.336827427148819,-0.0026539228856563
24.874999988,2026-05-04 22:12:33.382812500+00:00,0.9361087679862976,0.3372463881969452,0.0068950802087783
24.882812488,2026-05-04 22:12:33.390625+00:00,0.9351714253425598,0.3359118700027466,0.0179663896560668
24.890624988,2026-05-04 22:12:33.398437500+00:00,0.9370773434638976,0.3337238729000092,0.0319131650030612
24.898437488,2026-05-04 22:12:33.406250+00:00,0.9389050602912904,0.3331807553768158,0.045598529279232
24.906249988,2026-05-04 22:12:33.414062500+00:00,0.9364836812019348,0.3332273066043854,0.0584996789693832
24.914062488,2026-05-04 22:12:33.421875+00:00,0.93759286403656,0.333615243434906,0.072969265282154
24.921874988,2026-05-04 22:12:33.429687500+00:00,0.9385457634925842,0.3313341438770294,0.0883922129869461
24.929687488,2026-05-04 22:12:33.437500+00:00,0.9365149140357972,0.3286495804786682,0.1010473370552063
24.937499988,2026-05-04 22:12:33.445312500+00:00,0.9377803206443788,0.3287116587162018,0.1108731254935265
24.945312488,2026-05-04 22:12:33.453125+00:00,0.9382176995277404,0.3286340832710266,0.1201299726963043
24.953124988,2026-05-04 22:12:33.460937500+00:00,0.9394987225532532,0.3264926373958588,0.131324291229248
24.960937488,2026-05-04 22:12:33.468750+00:00,0.9381864666938782,0.3249408602714539,0.1422418355941772
24.968749988,2026-05-04 22:12:33.476562500+00:00,0.939608097076416,0.3261667490005493,0.1508836001157761
24.976562488,2026-05-04 22:12:33.484375+00:00,0.9374210238456726,0.3263840079307556,0.1568805575370789
24.984374988,2026-05-04 22:12:33.492187500+00:00,0.9376553297042848,0.3260426223278046,0.1639077663421631
24.992187488,2026-05-04 22:12:33.500000+00:00,0.9401236176490784,0.3257477879524231,0.1701968908309937
24.999999988,2026-05-04 22:12:33.507812500+00:00,0.9375772476196288,0.3263064324855804,0.1716269254684448
25.007812488,2026-05-04 22:12:33.515625+00:00,0.9369679689407348,0.3274236917495728,0.1724726557731628
25.015624988,2026-05-04 22:12:33.523437500+00:00,0.9367961287498474,0.3286806344985962,0.1729032099246979
25.023437488,2026-05-04 22:12:33.531250+00:00,0.937827169895172,0.3291306495666504,0.1721651256084442
25.031249988,2026-05-04 22:12:33.539062500+00:00,0.9363274574279784,0.3286340832710266,0.1701815128326416
25.039062488,2026-05-04 22:12:33.546875+00:00,0.9361712336540222,0.331411749124527,0.166029766201973
25.046874988,2026-05-04 22:12:33.554687500+00:00,0.9346715211868286,0.3331342041492462,0.1594792455434799
25.054687488,2026-05-04 22:12:33.562500+00:00,0.9349371194839478,0.3333204090595245,0.1552506238222122
25.062499988,2026-05-04 22:12:33.570312500+00:00,0.936858594417572,0.3340497612953186,0.1486232131719589
25.070312488,2026-05-04 22:12:33.578125+00:00,0.9345309734344482,0.335492879152298,0.1362756192684174
25.078124988,2026-05-04 22:12:33.585937500+00:00,0.9341716766357422,0.3351980447769165,0.125265821814537
25.085937488,2026-05-04 22:12:33.593750+00:00,0.9340623021125792,0.3352445960044861,0.1149326041340828
25.093749988,2026-05-04 22:12:33.601562500+00:00,0.9364680647850036,0.3354773819446564,0.103968933224678
25.101562488,2026-05-04 22:12:33.609375+00:00,0.9363430738449096,0.3356480598449707,0.092451699078083
25.109374988,2026-05-04 22:12:33.617187500+00:00,0.9354214072227478,0.3357101380825043,0.0798734575510025
25.117187488,2026-05-04 22:12:33.625000+00:00,0.935780704021454,0.3350583910942078,0.0664033666253089
25.124999988,2026-05-04 22:12:33.632812500+00:00,0.9375772476196288,0.3335531949996948,0.053394578397274
25.132812488,2026-05-04 22:12:33.640625+00:00,0.9384520649909972,0.3325134813785553,0.0403089076280593
25.140624988,2026-05-04 22:12:33.648437500+00:00,0.9379677772521972,0.3319548666477203,0.0264236386865377
25.148437488,2026-05-04 22:12:33.656250+00:00,0.93876451253891,0.3305737972259521,0.0129074165597558
25.156249988,2026-05-04 22:12:33.664062500+00:00,0.9399986267089844,0.3293013274669647,0.0018361080437898
25.164062488,2026-05-04 22:12:33.671875+00:00,0.9422637820243835,0.3299375474452972,-0.0092505794018507
25.171874988,2026-05-04 22:12:33.679687500+00:00,0.939608097076416,0.3286185562610626,-0.0209215823560953
25.179687488,2026-05-04 22:12:33.687500+00:00,0.943138599395752,0.3268650472164154,-0.0284562241286039
25.187499988,2026-05-04 22:12:33.695312500+00:00,0.943138599395752,0.3262598514556885,-0.0372671410441398
25.195312488,2026-05-04 22:12:33.703125+00:00,0.9399048686027528,0.3275012671947479,-0.0482154339551925
25.203124988,2026-05-04 22:12:33.710937500+00:00,0.9419982433319092,0.3273616135120392,-0.0539048537611961
25.210937488,2026-05-04 22:12:33.718750+00:00,0.9454350471496582,0.3261047005653381,-0.0564112737774848
25.218749988,2026-05-04 22:12:33.726562500+00:00,0.9429824352264404,0.3263840079307556,-0.0619776844978332
25.226562488,2026-05-04 22:12:33.734375+00:00,0.9397017955780028,0.3285409808158875,-0.0662524402141571
25.234374988,2026-05-04 22:12:33.742187500+00:00,0.9421544671058656,0.3293634057044983,-0.0651914402842521
25.242187488,2026-05-04 22:12:33.750000+00:00,0.9419670104980468,0.3291306495666504,-0.0629771798849105
25.249999988,2026-05-04 22:12:33.757812500+00:00,0.942451238632202,0.3306358456611633,-0.0600555837154388
25.257812488,2026-05-04 22:12:33.765625+00:00,0.9399361610412598,0.3325445353984833,-0.0584717690944671
25.265624988,2026-05-04 22:12:33.773437500+00:00,0.9388113617897034,0.3334600627422333,-0.0560114756226539
25.273437488,2026-05-04 22:12:33.781250+00:00,0.941373348236084,0.3330411016941071,-0.0480770394206047
25.281249988,2026-05-04 22:12:33.789062500+00:00,0.9403891563415528,0.3333980143070221,-0.0396197885274887
25.289062488,2026-05-04 22:12:33.796875+00:00,0.9363586902618408,0.3353997766971588,-0.0333153009414672
25.296874988,2026-05-04 22:12:33.804687500+00:00,0.9369055032730104,0.3369360268115997,-0.0233357418328523
25.304687488,2026-05-04 22:12:33.812500+00:00,0.9384364485740662,0.3362843096256256,-0.0103115793317556
25.312499988,2026-05-04 22:12:33.820312500+00:00,0.9377647042274476,0.3355394601821899,9.85264778137207e-05
25.320312488,2026-05-04 22:12:33.828125+00:00,0.9370929598808287,0.3357411623001099,0.010508632287383
25.328124988,2026-05-04 22:12:33.835937500+00:00,0.937952160835266,0.335865318775177,0.0223949141800403
25.335937488,2026-05-04 22:12:33.843750+00:00,0.9367648959159852,0.3353687524795532,0.0350039042532444
25.343749988,2026-05-04 22:12:33.851562500+00:00,0.9367336630821228,0.3338635265827179,0.0490736924111843
25.351562488,2026-05-04 22:12:33.859375+00:00,0.9377177953720092,0.332358330488205,0.0628666952252388
25.359374988,2026-05-04 22:12:33.867187500+00:00,0.9391862750053406,0.3323893547058105,0.0748606175184249
25.367187488,2026-05-04 22:12:33.875000+00:00,0.9359993934631348,0.3317996859550476,0.0850400701165199
25.374999988,2026-05-04 22:12:33.882812500+00:00,0.937467873096466,0.3300151526927948,0.0990175977349281
25.382812488,2026-05-04 22:12:33.890625+00:00,0.9386863708496094,0.3274236917495728,0.112841360270977
25.390624988,2026-05-04 22:12:33.898437500+00:00,0.938998818397522,0.3283547461032867,0.1218829229474068
25.398437488,2026-05-04 22:12:33.906250+00:00,0.9372491836547852,0.3287271857261658,0.1294329464435577
25.406249988,2026-05-04 22:12:33.914062500+00:00,0.9379990100860596,0.3262753784656525,0.1393048614263535
25.414062488,2026-05-04 22:12:33.921875+00:00,0.9408578276634216,0.3244908452033997,0.1488231122493744
25.421874988,2026-05-04 22:12:33.929687500+00:00,0.9369367361068726,0.3249408602714539,0.1543741375207901
25.429687488,2026-05-04 22:12:33.937500+00:00,0.9376553297042848,0.3271443843841553,0.1598021537065506
25.437499988,2026-05-04 22:12:33.945312500+00:00,0.9371398091316224,0.3274547159671783,0.1650610268115997
25.445312488,2026-05-04 22:12:33.953125+00:00,0.9382646083831788,0.3267874717712402,0.1679672449827194
25.453124988,2026-05-04 22:12:33.960937500+00:00,0.9403423070907592,0.3268805742263794,0.1697663366794586
25.460937488,2026-05-04 22:12:33.968750+00:00,0.9353432655334472,0.3277961313724518,0.1670753955841064
25.468749988,2026-05-04 22:12:33.976562500+00:00,0.9363586902618408,0.3297047913074493,0.1650149077177048
25.476562488,2026-05-04 22:12:33.984375+00:00,0.93828022480011,0.3299686014652252,0.1655377149581909
25.484374988,2026-05-04 22:12:33.992187500+00:00,0.936749279499054,0.3313031196594238,0.1631543040275574
25.492187488,2026-05-04 22:12:34+00:00,0.933296799659729,0.3329169452190399,0.1555735319852829
25.499999988,2026-05-04 22:12:34.007812500+00:00,0.9348277449607848,0.3333359360694885,0.1486232131719589
25.507812488,2026-05-04 22:12:34.015625+00:00,0.9367023706436156,0.3337083458900452,0.1413807272911072
25.515624988,2026-05-04 22:12:34.023437500+00:00,0.9353901743888856,0.3348721861839294,0.1305246949195862
25.523437488,2026-05-04 22:12:34.031250+00:00,0.9351401925086976,0.3351049423217773,0.1214677542448044
25.531249988,2026-05-04 22:12:34.039062500+00:00,0.9351089596748352,0.3350894451141357,0.1127183437347412
25.539062488,2026-05-04 22:12:34.046875+00:00,0.9353432655334472,0.3360360264778137,0.1004168912768364
25.546874988,2026-05-04 22:12:34.054687500+00:00,0.9347028136253356,0.3365636169910431,0.0875618681311607
25.554687488,2026-05-04 22:12:34.062500+00:00,0.9376240968704224,0.3352135717868805,0.0762445256114006
25.562499988,2026-05-04 22:12:34.070312500+00:00,0.937467873096466,0.3335686922073364,0.0634971484541893
25.570312488,2026-05-04 22:12:34.078125+00:00,0.9358900785446168,0.3334135115146637,0.0498271584510803
25.578124988,2026-05-04 22:12:34.085937500+00:00,0.9375459551811218,0.3333359360694885,0.037910122424364
25.585937488,2026-05-04 22:12:34.093750+00:00,0.9384520649909972,0.3324669301509857,0.0259315818548202
25.593749988,2026-05-04 22:12:34.101562500+00:00,0.9394362568855286,0.3301703333854675,0.0133840981870889
25.601562488,2026-05-04 22:12:34.109375+00:00,0.9416389465332032,0.3297047913074493,0.0020206291228532
25.609374988,2026-05-04 22:12:34.117187500+00:00,0.9412327408790588,0.3288513123989105,-0.010080924257636
25.617187488,2026-05-04 22:12:34.125000+00:00,0.9381396174430848,0.3278426826000214,-0.0203372631222009
25.624999988,2026-05-04 22:12:34.132812500+00:00,0.943154275417328,0.3276719748973846,-0.0265956278890371
25.632812488,2026-05-04 22:12:34.140625+00:00,0.9436385035514832,0.327858179807663,-0.0346377044916153
25.640624988,2026-05-04 22:12:34.148437500+00:00,0.940420389175415,0.3274081647396088,-0.044755645096302
25.648437488,2026-05-04 22:12:34.156250+00:00,0.9424043893814088,0.3260736465454102,-0.0502451732754707
25.656249988,2026-05-04 22:12:34.164062500+00:00,0.9438572525978088,0.3258408904075623,-0.0543354079127311
25.664062488,2026-05-04 22:12:34.171875+00:00,0.942435622215271,0.3274236917495728,-0.0588869452476501
25.671874988,2026-05-04 22:12:34.179687500+00:00,0.9406859874725342,0.3286185562610626,-0.0601017102599144
25.679687488,2026-05-04 22:12:34.187500+00:00,0.9425137639045716,0.3292237520217896,-0.0580104663968086
25.687499988,2026-05-04 22:12:34.195312500+00:00,0.940779745578766,0.3296272158622742,-0.0586409121751785
25.695312488,2026-05-04 22:12:34.203125+00:00,0.9414827227592468,0.3308375775814056,-0.0572262480854988
25.703124988,2026-05-04 22:12:34.210937500+00:00,0.9415295720100404,0.3315203487873077,-0.0541662573814392
25.710937488,2026-05-04 22:12:34.218750+00:00,0.94076406955719,0.3327617645263672,-0.0494763329625129
25.718749988,2026-05-04 22:12:34.226562500+00:00,0.9384989142417908,0.3338945806026459,-0.042787417769432
25.726562488,2026-05-04 22:12:34.234375+00:00,0.9372491836547852,0.3343756198883057,-0.0348991081118583
25.734374988,2026-05-04 22:12:34.242187500+00:00,0.9382646083831788,0.3355860114097595,-0.0269339177757501
25.742187488,2026-05-04 22:12:34.250000+00:00,0.9394206404685974,0.3364549875259399,-0.0182306412607431
25.749999988,2026-05-04 22:12:34.257812500+00:00,0.9384676814079284,0.3358032405376434,-0.0078359115868806
25.757812488,2026-05-04 22:12:34.265625+00:00,0.9372179508209229,0.335492879152298,0.003496803343296
25.765624988,2026-05-04 22:12:34.273437500+00:00,0.9361243844032288,0.3353842794895172,0.0154292145743966
25.773437488,2026-05-04 22:12:34.281250+00:00,0.936389982700348,0.3361756801605225,0.0276845376938581
25.781249988,2026-05-04 22:12:34.289062500+00:00,0.9382646083831788,0.3351980447769165,0.0394324287772178
25.789062488,2026-05-04 22:12:34.296875+00:00,0.9354994893074036,0.3333049118518829,0.0496118813753128
25.796874988,2026-05-04 22:12:34.304687500+00:00,0.9389207363128662,0.3327462673187256,0.0624668970704078
25.804687488,2026-05-04 22:12:34.312500+00:00,0.9388582110404968,0.331411749124527,0.0761061385273933
25.812499988,2026-05-04 22:12:34.320312500+00:00,0.9353432655334472,0.330449640750885,0.0881000533699989
25.820312488,2026-05-04 22:12:34.328125+00:00,0.93828022480011,0.3311169147491455,0.1005552783608437
25.828124988,2026-05-04 22:12:34.335937500+00:00,0.9386082887649536,0.3297358155250549,0.1115650832653046
25.835937488,2026-05-04 22:12:34.343750+00:00,0.937936544418335,0.3275323212146759,0.1201299726963043
25.843749988,2026-05-04 22:12:34.351562500+00:00,0.9385457634925842,0.3266322910785675,0.1278952658176422
25.851562488,2026-05-04 22:12:34.359375+00:00,0.9400923252105712,0.3266167640686035,0.1375211477279663
25.859374988,2026-05-04 22:12:34.367187500+00:00,0.9378584027290344,0.3256701827049255,0.1449942737817764
25.867187488,2026-05-04 22:12:34.375000+00:00,0.9367961287498474,0.3263840079307556,0.1519292294979095
25.874999988,2026-05-04 22:12:34.382812500+00:00,0.938405215740204,0.3264926373958588,0.1581260859966278
25.882812488,2026-05-04 22:12:34.390625+00:00,0.9384989142417908,0.3264926373958588,0.1608785390853882
25.890624988,2026-05-04 22:12:34.398437500+00:00,0.9399517774581908,0.3274236917495728,0.1620625555515289
25.898437488,2026-05-04 22:12:34.406250+00:00,0.9372804164886476,0.3273150622844696,0.1638001352548599
25.906249988,2026-05-04 22:12:34.414062500+00:00,0.93662428855896,0.3277029991149902,0.1647996306419373
25.914062488,2026-05-04 22:12:34.421875+00:00,0.9365462064743042,0.3298289477825165,0.1634618490934372
25.921874988,2026-05-04 22:12:34.429687500+00:00,0.936015009880066,0.3317065834999084,0.1593869924545288
25.929687488,2026-05-04 22:12:34.437500+00:00,0.936858594417572,0.3312565684318542,0.1553890109062195
25.937499988,2026-05-04 22:12:34.445312500+00:00,0.9348746538162231,0.3314893245697021,0.1493151634931564
25.945312488,2026-05-04 22:12:34.453125+00:00,0.9370929598808287,0.3332428336143494,0.142995297908783
25.953124988,2026-05-04 22:12:34.460937500+00:00,0.9355620145797728,0.3351670205593109,0.1359219551086426
25.960937488,2026-05-04 22:12:34.468750+00:00,0.9353901743888856,0.3352911770343781,0.1285410821437836
25.968749988,2026-05-04 22:12:34.476562500+00:00,0.9338279962539672,0.3352601230144501,0.1184231415390968
25.976562488,2026-05-04 22:12:34.484375+00:00,0.9365305304527284,0.335865318775177,0.1073979660868645
25.984374988,2026-05-04 22:12:34.492187500+00:00,0.93448406457901,0.3352911770343781,0.0940816402435302
25.992187488,2026-05-04 22:12:34.500000+00:00,0.9366867542266846,0.3348721861839294,0.0833486169576644
25.999999988,2026-05-04 22:12:34.507812500+00:00,0.9377803206443788,0.3342825174331665,0.07379961758852
26.007812488,2026-05-04 22:12:34.515625+00:00,0.935796320438385,0.3344066441059113,0.0613905265927314
26.015624988,2026-05-04 22:12:34.523437500+00:00,0.9354838728904724,0.333987683057785,0.0482894740998745
26.023437488,2026-05-04 22:12:34.531250+00:00,0.9378584027290344,0.3331342041492462,0.0367414839565753
26.031249988,2026-05-04 22:12:34.539062500+00:00,0.9401080012321472,0.330434113740921,0.0245476681739091
26.039062488,2026-05-04 22:12:34.546875+00:00,0.9394362568855286,0.3298909962177277,0.0108469221740961
26.046874988,2026-05-04 22:12:34.554687500+00:00,0.9410921335220336,0.3302323818206787,0.0008827447891235
26.054687488,2026-05-04 22:12:34.562500+00:00,0.940545380115509,0.3288978636264801,-0.0079743023961782
26.062499988,2026-05-04 22:12:34.570312500+00:00,0.9408109784126282,0.3281375169754028,-0.0169082339853048
26.070312488,2026-05-04 22:12:34.578125+00:00,0.9419357180595398,0.3281840682029724,-0.0259498003870248
26.078124988,2026-05-04 22:12:34.585937500+00:00,0.9415920376777648,0.3275788724422455,-0.0349452421069145
26.085937488,2026-05-04 22:12:34.593750+00:00,0.9423106908798218,0.3265236616134644,-0.0410805866122245
26.093749988,2026-05-04 22:12:34.601562500+00:00,0.9433573484420776,0.3260270953178406,-0.0453399643301963
26.101562488,2026-05-04 22:12:34.609375+00:00,0.9421700835227966,0.3276254236698151,-0.0505988374352455
26.109374988,2026-05-04 22:12:34.617187500+00:00,0.9406391382217408,0.3288978636264801,-0.0545506849884986
26.117187488,2026-05-04 22:12:34.625000+00:00,0.9422325491905212,0.3288358151912689,-0.0548274666070938
26.124999988,2026-05-04 22:12:34.632812500+00:00,0.9434822797775269,0.328215092420578,-0.0549351051449775
26.132812488,2026-05-04 22:12:34.640625+00:00,0.9411546587944032,0.3293013274669647,-0.0555809289216995
26.140624988,2026-05-04 22:12:34.648437500+00:00,0.9399048686027528,0.3315203487873077,-0.0531206354498863
26.148437488,2026-05-04 22:12:34.656250+00:00,0.9403579235076904,0.332358330488205,-0.0480924174189567
26.156249988,2026-05-04 22:12:34.664062500+00:00,0.9401392340660096,0.3324824571609497,-0.041711039841175
26.164062488,2026-05-04 22:12:34.671875+00:00,0.939358115196228,0.3334911167621613,-0.0364521667361259
26.171874988,2026-05-04 22:12:34.679687500+00:00,0.9383270740509032,0.3351359963417053,-0.0323926880955696
26.179687488,2026-05-04 22:12:34.687500+00:00,0.9375772476196288,0.3350118398666382,-0.0246273968368768
26.187499988,2026-05-04 22:12:34.695312500+00:00,0.9392800331115724,0.3343445956707001,-0.0120030287653207
26.195312488,2026-05-04 22:12:34.703125+00:00,0.9395299553871156,0.335523933172226,-0.0011008642613887
26.203124988,2026-05-04 22:12:34.710937500+00:00,0.9361243844032288,0.3371843099594116,0.0072795022279024
26.210937488,2026-05-04 22:12:34.718750+00:00,0.9349058866500854,0.3366567194461823,0.0183815639466047
26.218749988,2026-05-04 22:12:34.726562500+00:00,0.937686562538147,0.3340963125228882,0.0311135686933994
26.226562488,2026-05-04 22:12:34.734375+00:00,0.939967393875122,0.3331031799316406,0.0420464873313903
26.234374988,2026-05-04 22:12:34.742187500+00:00,0.9364836812019348,0.3335066139698029,0.0512264445424079
26.242187488,2026-05-04 22:12:34.750000+00:00,0.9365618228912354,0.3338945806026459,0.0637124255299568
26.249999988,2026-05-04 22:12:34.757812500+00:00,0.9374522566795348,0.3318462371826172,0.0787817016243934
26.257812488,2026-05-04 22:12:34.765625+00:00,0.937827169895172,0.3303410112857819,0.0913138091564178
26.265624988,2026-05-04 22:12:34.773437500+00:00,0.93759286403656,0.3308065533638,0.0999248325824737
26.273437488,2026-05-04 22:12:34.781250+00:00,0.938295841217041,0.3298754990100861,0.108520470559597
26.281249988,2026-05-04 22:12:34.789062500+00:00,0.9384676814079284,0.3265391886234283,0.1193149983882904
26.289062488,2026-05-04 22:12:34.796875+00:00,0.9386707544326782,0.3257788121700287,0.1294329464435577
26.296874988,2026-05-04 22:12:34.804687500+00:00,0.9392644166946412,0.327858179807663,0.1362756192684174
26.304687488,2026-05-04 22:12:34.812500+00:00,0.936749279499054,0.3277029991149902,0.1418881565332413
26.312499988,2026-05-04 22:12:34.820312500+00:00,0.9384520649909972,0.3263995349407196,0.1494535505771637
26.320312488,2026-05-04 22:12:34.828125+00:00,0.940201699733734,0.3253908753395081,0.1547893136739731
26.328124988,2026-05-04 22:12:34.835937500+00:00,0.938155233860016,0.3261357247829437,0.1562808752059937
26.335937488,2026-05-04 22:12:34.843750+00:00,0.9369367361068726,0.3273926675319672,0.1589103043079376
26.343749988,2026-05-04 22:12:34.851562500+00:00,0.9369679689407348,0.328587532043457,0.1607708930969238
26.351562488,2026-05-04 22:12:34.859375+00:00,0.9384364485740662,0.3293478786945343,0.1611245721578598
26.359374988,2026-05-04 22:12:34.867187500+00:00,0.9361868500709534,0.3290220201015472,0.1585258841514587
26.367187488,2026-05-04 22:12:34.875000+00:00,0.9365930557250975,0.3302479088306427,0.1536668092012405
26.374999988,2026-05-04 22:12:34.882812500+00:00,0.93614000082016,0.3309306800365448,0.1485617011785507
26.382812488,2026-05-04 22:12:34.890625+00:00,0.9369055032730104,0.3321410715579987,0.1453479528427124
26.390624988,2026-05-04 22:12:34.898437500+00:00,0.9371554255485536,0.3337548971176147,0.1407810300588608
26.398437488,2026-05-04 22:12:34.906250+00:00,0.9343122243881226,0.3353532254695892,0.1321238875389099
26.406249988,2026-05-04 22:12:34.914062500+00:00,0.9350621104240416,0.3345463275909424,0.1234052330255508
26.414062488,2026-05-04 22:12:34.921875+00:00,0.9346402883529664,0.3346704542636871,0.1121340245008469
26.421874988,2026-05-04 22:12:34.929687500+00:00,0.9369992017745972,0.3346859812736511,0.101570151746273
26.429687488,2026-05-04 22:12:34.937500+00:00,0.9359837770462036,0.3345463275909424,0.091359943151474
26.437499988,2026-05-04 22:12:34.945312500+00:00,0.9359837770462036,0.3350273668766022,0.08142651617527
26.445312488,2026-05-04 22:12:34.953125+00:00,0.9354682564735411,0.335880845785141,0.069909282028675
26.453124988,2026-05-04 22:12:34.960937500+00:00,0.9367180466651917,0.3348101079463959,0.058376669883728
26.460937488,2026-05-04 22:12:34.968750+00:00,0.9377647042274476,0.3331652283668518,0.0467671677470207
26.468749988,2026-05-04 22:12:34.976562500+00:00,0.9391550421714784,0.3315514028072357,0.0348193831741809
26.476562488,2026-05-04 22:12:34.984375+00:00,0.9386551380157472,0.3309306800365448,0.0220566242933273
26.484374988,2026-05-04 22:12:34.992187500+00:00,0.939717411994934,0.331753134727478,0.0117080248892307
26.492187488,2026-05-04 22:12:35+00:00,0.9392956495285034,0.331023782491684,0.0014824401587247
26.499999988,2026-05-04 22:12:35.007812500+00:00,0.9402173161506652,0.3287892639636993,-0.0072362143546342
26.507812488,2026-05-04 22:12:35.015625+00:00,0.9421231746673584,0.3272374868392944,-0.0156627092510461
26.515624988,2026-05-04 22:12:35.023437500+00:00,0.9416545629501344,0.3279047310352325,-0.0264726150780916
26.523437488,2026-05-04 22:12:35.031250+00:00,0.9405766129493712,0.3277806043624878,-0.0343916714191436
26.531249988,2026-05-04 22:12:35.039062500+00:00,0.9432323575019836,0.3271598815917969,-0.0367904603481292
26.539062488,2026-05-04 22:12:35.046875+00:00,0.9441227912902832,0.326927125453949,-0.0403886288404464
26.546874988,2026-05-04 22:12:35.054687500+00:00,0.9396861791610718,0.328215092420578,-0.04843071103096
26.554687488,2026-05-04 22:12:35.062500+00:00,0.9402329325675964,0.328230619430542,-0.0518443584442138
26.562499988,2026-05-04 22:12:35.070312500+00:00,0.9432948231697084,0.3277340531349182,-0.0519673749804496
26.570312488,2026-05-04 22:12:35.078125+00:00,0.9437166452407836,0.3281840682029724,-0.0511216521263122
26.578124988,2026-05-04 22:12:35.085937500+00:00,0.9411234259605408,0.3306513726711273,-0.0494301989674568
26.585937488,2026-05-04 22:12:35.093750+00:00,0.9385926723480223,0.3325600624084473,-0.0477079972624778
26.593749988,2026-05-04 22:12:35.101562500+00:00,0.9397486448287964,0.3323738276958466,-0.0428027957677841
26.601562488,2026-05-04 22:12:35.109375+00:00,0.942091941833496,0.3322962522506714,-0.0372363850474357
26.609374988,2026-05-04 22:12:35.117187500+00:00,0.93924880027771,0.3331497311592102,-0.0337766036391258
26.617187488,2026-05-04 22:12:35.125000+00:00,0.9370304346084596,0.3344376981258392,-0.0284715984016656
26.624999988,2026-05-04 22:12:35.132812500+00:00,0.9385926723480223,0.3344221711158752,-0.0178462173789739
26.632812488,2026-05-04 22:12:35.140625+00:00,0.9382489919662476,0.3354618549346924,-0.0072054620832204
26.640624988,2026-05-04 22:12:35.148437500+00:00,0.937952160835266,0.3366256952285767,0.0016054548323154
26.648437488,2026-05-04 22:12:35.156250+00:00,0.9365149140357972,0.3361291289329529,0.0114927496761083
26.656249988,2026-05-04 22:12:35.164062500+00:00,0.937952160835266,0.3343911468982697,0.0229023490101099
26.664062488,2026-05-04 22:12:35.171875+00:00,0.9376553297042848,0.3343135416507721,0.0328357741236686
26.671874988,2026-05-04 22:12:35.179687500+00:00,0.9369523525238036,0.3343756198883057,0.0442607477307319
26.679687488,2026-05-04 22:12:35.187500+00:00,0.9372804164886476,0.333987683057785,0.0566852167248725
26.687499988,2026-05-04 22:12:35.195312500+00:00,0.9369523525238036,0.3331186771392822,0.0670953243970871
26.695312488,2026-05-04 22:12:35.203125+00:00,0.9367805123329164,0.3317841589450836,0.0784126594662666
26.703124988,2026-05-04 22:12:35.210937500+00:00,0.937467873096466,0.3299065232276917,0.0897300019860267
26.710937488,2026-05-04 22:12:35.218750+00:00,0.9393424987792968,0.3295496106147766,0.1001708582043648
26.718749988,2026-05-04 22:12:35.226562500+00:00,0.9381864666938782,0.3298754990100861,0.1094277054071426
26.726562488,2026-05-04 22:12:35.234375+00:00,0.9381864666938782,0.3288202881813049,0.1196532845497131
26.734374988,2026-05-04 22:12:35.242187500+00:00,0.9384989142417908,0.3273461163043976,0.128264307975769
26.742187488,2026-05-04 22:12:35.250000+00:00,0.9371866583824158,0.3267253935337067,0.1343535184860229
26.749999988,2026-05-04 22:12:35.257812500+00:00,0.9378427863121032,0.3266633152961731,0.1397200375795364
26.757812488,2026-05-04 22:12:35.265625+00:00,0.9392018914222716,0.32635298371315,0.1457016170024872
26.765624988,2026-05-04 22:12:35.273437500+00:00,0.937467873096466,0.3265702128410339,0.149545818567276
26.773437488,2026-05-04 22:12:35.281250+00:00,0.9401080012321472,0.3273616135120392,0.1545740365982056
26.781249988,2026-05-04 22:12:35.289062500+00:00,0.9368117451667786,0.3274236917495728,0.1560502201318741
26.789062488,2026-05-04 22:12:35.296875+00:00,0.9366086721420288,0.3286495804786682,0.1558041870594025
26.796874988,2026-05-04 22:12:35.304687500+00:00,0.938420832157135,0.3288047611713409,0.1555120199918747
26.804687488,2026-05-04 22:12:35.312500+00:00,0.9378740191459656,0.329487532377243,0.1532208770513535
26.812499988,2026-05-04 22:12:35.320312500+00:00,0.9360775351524352,0.3305427432060242,0.1491613984107971
26.820312488,2026-05-04 22:12:35.328125+00:00,0.9352027177810668,0.3310858607292175,0.1448558866977692
26.828124988,2026-05-04 22:12:35.335937500+00:00,0.9370617270469666,0.3321876227855682,0.1409655511379242
26.835937488,2026-05-04 22:12:35.343750+00:00,0.9351714253425598,0.3337083458900452,0.13346166908741
26.843749988,2026-05-04 22:12:35.351562500+00:00,0.936389982700348,0.3346239030361176,0.1262191832065582
26.851562488,2026-05-04 22:12:35.359375+00:00,0.9372022747993468,0.3340031802654266,0.1193457543849945
26.859374988,2026-05-04 22:12:35.367187500+00:00,0.9356244802474976,0.3344066441059113,0.1090279072523117
26.867187488,2026-05-04 22:12:35.375000+00:00,0.9349215030670166,0.335849791765213,0.0979873538017272
26.874999988,2026-05-04 22:12:35.382812500+00:00,0.935093343257904,0.3358342945575714,0.088561363518238
26.882812488,2026-05-04 22:12:35.390625+00:00,0.9372179508209229,0.3343290686607361,0.0785356760025024
26.890624988,2026-05-04 22:12:35.398437500+00:00,0.9357338547706604,0.3335686922073364,0.0655422657728195
26.898437488,2026-05-04 22:12:35.406250+00:00,0.93710857629776,0.3338325023651123,0.0547631159424781
26.906249988,2026-05-04 22:12:35.414062500+00:00,0.9380146265029908,0.3335842192173004,0.0439685881137847
26.914062488,2026-05-04 22:12:35.421875+00:00,0.9386082887649536,0.3324203789234161,0.0334815979003906
26.921874988,2026-05-04 22:12:35.429687500+00:00,0.9402485489845276,0.3317996859550476,0.0240094792097806
26.929687488,2026-05-04 22:12:35.437500+00:00,0.9391081929206848,0.3311634659767151,0.0120463147759437
26.937499988,2026-05-04 22:12:35.445312500+00:00,0.9370773434638976,0.3298134207725525,0.0003291796892881
26.945312488,2026-05-04 22:12:35.453125+00:00,0.9415451884269714,0.3288668394088745,-0.007682142779231
26.953124988,2026-05-04 22:12:35.460937500+00:00,0.9438572525978088,0.328215092420578,-0.0155858267098665
26.960937488,2026-05-04 22:12:35.468750+00:00,0.940545380115509,0.3283237218856812,-0.0251655858010053
26.968749988,2026-05-04 22:12:35.476562500+00:00,0.9409828186035156,0.3276254236698151,-0.0303937029093504
26.976562488,2026-05-04 22:12:35.484375+00:00,0.9423731565475464,0.326942652463913,-0.0345761999487876
26.984374988,2026-05-04 22:12:35.492187500+00:00,0.942779302597046,0.3279357850551605,-0.0397428050637245
26.992187488,2026-05-04 22:12:35.500000+00:00,0.940889060497284,0.3282461166381836,-0.0442635938525199
26.999999988,2026-05-04 22:12:35.507812500+00:00,0.9422793984413148,0.3282771706581116,-0.04560137540102
27.007812488,2026-05-04 22:12:35.515625+00:00,0.9413264989852904,0.3281530141830444,-0.0477387532591819
27.015624988,2026-05-04 22:12:35.523437500+00:00,0.9414514899253844,0.3291306495666504,-0.0480462908744812
27.023437488,2026-05-04 22:12:35.531250+00:00,0.941982626914978,0.3307444751262665,-0.045832023024559
27.031249988,2026-05-04 22:12:35.539062500+00:00,0.9409672021865844,0.331396222114563,-0.0432025864720344
27.039062488,2026-05-04 22:12:35.546875+00:00,0.9397955536842346,0.3319083154201508,-0.0383896455168724
27.046874988,2026-05-04 22:12:35.554687500+00:00,0.9391394257545472,0.3322807252407074,-0.0332845449447631
27.054687488,2026-05-04 22:12:35.562500+00:00,0.9385770559310912,0.3339100778102875,-0.0279949177056551
27.062499988,2026-05-04 22:12:35.570312500+00:00,0.9395924806594848,0.3348877131938934,-0.0212444942444562
27.070312488,2026-05-04 22:12:35.578125+00:00,0.9386863708496094,0.3343135416507721,-0.0133561883121728
27.078124988,2026-05-04 22:12:35.585937500+00:00,0.9385457634925842,0.334577351808548,-0.0046529099345207
27.085937488,2026-05-04 22:12:35.593750+00:00,0.9365618228912354,0.3347170054912567,0.0043886601924896
27.093749988,2026-05-04 22:12:35.601562500+00:00,0.93662428855896,0.3355394601821899,0.0149679100140929
27.101562488,2026-05-04 22:12:35.609375+00:00,0.9388582110404968,0.3351670205593109,0.0268080607056617
27.109374988,2026-05-04 22:12:35.617187500+00:00,0.9366867542266846,0.3341738879680634,0.036480076611042
27.117187488,2026-05-04 22:12:35.625000+00:00,0.9374210238456726,0.3343445956707001,0.0471208356320858
27.124999988,2026-05-04 22:12:35.632812500+00:00,0.9378427863121032,0.333056628704071,0.0588533505797386
27.132812488,2026-05-04 22:12:35.640625+00:00,0.9371398091316224,0.3312410414218903,0.0694941058754921
27.140624988,2026-05-04 22:12:35.648437500+00:00,0.937467873096466,0.3319548666477203,0.0788739621639251
27.148437488,2026-05-04 22:12:35.656250+00:00,0.9388113617897034,0.3315979540348053,0.0899452790617942
27.156249988,2026-05-04 22:12:35.664062500+00:00,0.9377959370613098,0.3294565081596375,0.1004168912768364
27.164062488,2026-05-04 22:12:35.671875+00:00,0.9387801289558412,0.3280288875102997,0.1103656888008118
27.171874988,2026-05-04 22:12:35.679687500+00:00,0.9386707544326782,0.3278892338275909,0.119130477309227
27.179687488,2026-05-04 22:12:35.687500+00:00,0.9365930557250975,0.3284789025783539,0.1256041079759598
27.187499988,2026-05-04 22:12:35.695312500+00:00,0.9382176995277404,0.3279512822628021,0.132216140627861
27.195312488,2026-05-04 22:12:35.703125+00:00,0.9394206404685974,0.3264926373958588,0.1393971145153046
27.203124988,2026-05-04 22:12:35.710937500+00:00,0.9395143389701844,0.3260115683078766,0.1437333822250366
27.210937488,2026-05-04 22:12:35.718750+00:00,0.9381396174430848,0.3280133605003357,0.1450250297784805
27.218749988,2026-05-04 22:12:35.726562500+00:00,0.9372960329055786,0.3277029991149902,0.1492536514997482
27.226562488,2026-05-04 22:12:35.734375+00:00,0.9377490878105164,0.327252984046936,0.1537744402885437
27.234374988,2026-05-04 22:12:35.742187500+00:00,0.938170850276947,0.3286651074886322,0.1537436991930008
27.242187488,2026-05-04 22:12:35.750000+00:00,0.9358900785446168,0.3302789330482483,0.1498841047286987
27.249999988,2026-05-04 22:12:35.757812500+00:00,0.9372960329055786,0.3301703333854675,0.1479773819446564
27.257812488,2026-05-04 22:12:35.765625+00:00,0.9371866583824158,0.329146146774292,0.1452710628509521
27.265624988,2026-05-04 22:12:35.773437500+00:00,0.9373741149902344,0.3310703635215759,0.1409655511379242
27.273437488,2026-05-04 22:12:35.781250+00:00,0.9362181425094604,0.3334911167621613,0.135214626789093
27.281249988,2026-05-04 22:12:35.789062500+00:00,0.9347496628761292,0.3342359662055969,0.1297250986099243
27.289062488,2026-05-04 22:12:35.796875+00:00,0.9353589415550232,0.3335842192173004,0.1225748807191849
27.296874988,2026-05-04 22:12:35.804687500+00:00,0.9369211196899414,0.3340497612953186,0.1146096885204315
27.304687488,2026-05-04 22:12:35.812500+00:00,0.9357494711875916,0.3346394300460815,0.1032615974545479
27.312499988,2026-05-04 22:12:35.820312500+00:00,0.9362962245941162,0.3349808156490326,0.0931897833943367
27.320312488,2026-05-04 22:12:35.828125+00:00,0.9373897910118104,0.3344376981258392,0.0861471965909004
27.328124988,2026-05-04 22:12:35.835937500+00:00,0.935312032699585,0.3342980444431305,0.0751989036798477
27.335937488,2026-05-04 22:12:35.843750+00:00,0.9352807998657228,0.3348101079463959,0.0628359466791153
27.343749988,2026-05-04 22:12:35.851562500+00:00,0.9382333755493164,0.3338945806026459,0.0528256371617317
27.351562488,2026-05-04 22:12:35.859375+00:00,0.9382489919662476,0.3319083154201508,0.0412930212914943
27.359374988,2026-05-04 22:12:35.867187500+00:00,0.9390300512313844,0.3315824270248413,0.0306368879973888
27.367187488,2026-05-04 22:12:35.875000+00:00,0.9393268823623656,0.331737607717514,0.0218259710818529
27.374999988,2026-05-04 22:12:35.882812500+00:00,0.9388894438743592,0.3310548365116119,0.0122154597193002
27.382812488,2026-05-04 22:12:35.890625+00:00,0.9389207363128662,0.3302634358406067,0.0021436437964439
27.390624988,2026-05-04 22:12:35.898437500+00:00,0.9413264989852904,0.3294409811496735,-0.0072208363562822
27.398437488,2026-05-04 22:12:35.906250+00:00,0.9415764212608336,0.3278892338275909,-0.016462305560708
27.406249988,2026-05-04 22:12:35.914062500+00:00,0.9408734440803528,0.327252984046936,-0.0235663969069719
27.414062488,2026-05-04 22:12:35.921875+00:00,0.9421388506889344,0.3280288875102997,-0.0284715984016656
27.421874988,2026-05-04 22:12:35.929687500+00:00,0.9421544671058656,0.3290064930915833,-0.0329770073294639
27.429687488,2026-05-04 22:12:35.937500+00:00,0.9406859874725342,0.3285254538059235,-0.0369134694337844
27.437499988,2026-05-04 22:12:35.945312500+00:00,0.9423575401306152,0.3283858001232147,-0.0396351665258407
27.445312488,2026-05-04 22:12:35.953125+00:00,0.9422637820243835,0.3279668092727661,-0.0435255020856857
27.453124988,2026-05-04 22:12:35.960937500+00:00,0.9415764212608336,0.3286185562610626,-0.0456475019454956
27.460937488,2026-05-04 22:12:35.968750+00:00,0.9413108825683594,0.3296737670898438,-0.043694645166397
27.468749988,2026-05-04 22:12:35.976562500+00:00,0.9409046769142152,0.3309462070465088,-0.0404501408338546
27.476562488,2026-05-04 22:12:35.984375+00:00,0.9399830102920532,0.3313496708869934,-0.0372825115919113
27.484374988,2026-05-04 22:12:35.992187500+00:00,0.9399048686027528,0.3324979841709137,-0.034314788877964
27.492187488,2026-05-04 22:12:36+00:00,0.9393424987792968,0.3333514630794525,-0.0306397322565317
27.499999988,2026-05-04 22:12:36.007812500+00:00,0.9389519691467284,0.333258330821991,-0.0245197582989931
27.507812488,2026-05-04 22:12:36.015625+00:00,0.9404672980308532,0.3333359360694885,-0.0154166836291551
27.515624988,2026-05-04 22:12:36.023437500+00:00,0.9388269782066344,0.3350583910942078,-0.0079743023961782
27.523437488,2026-05-04 22:12:36.031250+00:00,0.9362493753433228,0.3358963429927826,-0.0002858936786651
27.531249988,2026-05-04 22:12:36.039062500+00:00,0.9365930557250975,0.3354153037071228,0.008771052584052
27.539062488,2026-05-04 22:12:36.046875+00:00,0.9390144348144532,0.3338325023651123,0.0193503033369779
27.546874988,2026-05-04 22:12:36.054687500+00:00,0.9375459551811218,0.3336773216724396,0.0278844367712736
27.554687488,2026-05-04 22:12:36.062500+00:00,0.9379677772521972,0.3352911770343781,0.0385098196566104
27.562499988,2026-05-04 22:12:36.070312500+00:00,0.9377334713935852,0.3345463275909424,0.0507497638463974
27.570312488,2026-05-04 22:12:36.078125+00:00,0.9364055991172792,0.3325910866260529,0.0626975521445274
27.578124988,2026-05-04 22:12:36.085937500+00:00,0.9364368319511414,0.3322651982307434,0.0722311809659004
27.585937488,2026-05-04 22:12:36.093750+00:00,0.938061535358429,0.3319858908653259,0.0799195915460586
27.593749988,2026-05-04 22:12:36.101562500+00:00,0.9382646083831788,0.3298444449901581,0.0894224643707275
27.601562488,2026-05-04 22:12:36.109375+00:00,0.9383426904678344,0.3287426829338074,0.1000939756631851
27.609374988,2026-05-04 22:12:36.117187500+00:00,0.9394987225532532,0.329503059387207,0.1103656888008118
27.617187488,2026-05-04 22:12:36.125000+00:00,0.9371241927146912,0.3292082250118256,0.1179003342986107
27.624999988,2026-05-04 22:12:36.132812500+00:00,0.9375459551811218,0.328230619430542,0.1257732510566711
27.632812488,2026-05-04 22:12:36.140625+00:00,0.9389519691467284,0.3271598815917969,0.1319393664598465
27.640624988,2026-05-04 22:12:36.148437500+00:00,0.939358115196228,0.3266943693161011,0.1360142230987549
27.648437488,2026-05-04 22:12:36.156250+00:00,0.9381240010261536,0.3264926373958588,0.1403043568134308
27.656249988,2026-05-04 22:12:36.164062500+00:00,0.9371866583824158,0.3270202279090881,0.1439947932958603
27.664062488,2026-05-04 22:12:36.171875+00:00,0.9389207363128662,0.3284943997859955,0.1474084407091141
27.671874988,2026-05-04 22:12:36.179687500+00:00,0.9371554255485536,0.3280444145202637,0.14871546626091
27.679687488,2026-05-04 22:12:36.187500+00:00,0.9372960329055786,0.328587532043457,0.148638591170311
27.687499988,2026-05-04 22:12:36.195312500+00:00,0.9372491836547852,0.3293168544769287,0.1460245251655579
27.695312488,2026-05-04 22:12:36.203125+00:00,0.9377803206443788,0.3300772309303284,0.1442869454622269
27.703124988,2026-05-04 22:12:36.210937500+00:00,0.9373741149902344,0.331396222114563,0.1418881565332413
27.710937488,2026-05-04 22:12:36.218750+00:00,0.9345465898513794,0.3321255445480347,0.1369983404874802
27.718749988,2026-05-04 22:12:36.226562500+00:00,0.9357494711875916,0.3325910866260529,0.1320008635520935
27.726562488,2026-05-04 22:12:36.234375+00:00,0.9362181425094604,0.3335531949996948,0.1245123594999313
27.734374988,2026-05-04 22:12:36.242187500+00:00,0.9367961287498474,0.3336617946624756,0.1160704866051674
27.742187488,2026-05-04 22:12:36.250000+00:00,0.936389982700348,0.3340652585029602,0.1093815714120865
27.749999988,2026-05-04 22:12:36.257812500+00:00,0.9362337589263916,0.3340187072753906,0.1012472361326218
27.757812488,2026-05-04 22:12:36.265625+00:00,0.9357182383537292,0.3353842794895172,0.0919903889298439
27.765624988,2026-05-04 22:12:36.273437500+00:00,0.935327649116516,0.3356170356273651,0.0815187767148017
27.773437488,2026-05-04 22:12:36.281250+00:00,0.9368898868560792,0.3344842493534088,0.071892887353897
27.781249988,2026-05-04 22:12:36.289062500+00:00,0.937827169895172,0.3327617645263672,0.0608215779066085
27.789062488,2026-05-04 22:12:36.296875+00:00,0.93710857629776,0.3322186470031738,0.0489353016018867
27.796874988,2026-05-04 22:12:36.304687500+00:00,0.9390456676483154,0.3335376679897308,0.0392017737030983
27.804687488,2026-05-04 22:12:36.312500+00:00,0.9379209280014038,0.3328859210014343,0.0296835247427225
27.812499988,2026-05-04 22:12:36.320312500+00:00,0.938873827457428,0.3308841288089752,0.0217490866780281
27.820312488,2026-05-04 22:12:36.328125+00:00,0.9404672980308532,0.3297668695449829,0.0125229964032769
27.828124988,2026-05-04 22:12:36.335937500+00:00,0.940436065196991,0.3305427432060242,0.000344555824995
27.835937488,2026-05-04 22:12:36.343750+00:00,0.9385613799095154,0.3292237520217896,-0.00940434448421
27.843749988,2026-05-04 22:12:36.351562500+00:00,0.9427324533462524,0.3279047310352325,-0.0136944781988859
27.851562488,2026-05-04 22:12:36.359375+00:00,0.9419670104980468,0.3274857699871063,-0.0194761622697114
27.859374988,2026-05-04 22:12:36.367187500+00:00,0.9398580193519592,0.3289909660816193,-0.0273798462003469
27.867187488,2026-05-04 22:12:36.375000+00:00,0.940404772758484,0.3286961317062378,-0.0318545028567314
27.874999988,2026-05-04 22:12:36.382812500+00:00,0.9427636861801147,0.3279668092727661,-0.0346530824899673
27.882812488,2026-05-04 22:12:36.390625+00:00,0.944325864315033,0.3275012671947479,-0.0368827208876609
27.890624988,2026-05-04 22:12:36.398437500+00:00,0.9407172203063964,0.3286030292510986,-0.0396044179797172
27.898437488,2026-05-04 22:12:36.406250+00:00,0.9395143389701844,0.3298599720001221,-0.0405270233750343
27.906249988,2026-05-04 22:12:36.414062500+00:00,0.9412015080451964,0.3307754993438721,-0.0388509482145309
27.914062488,2026-05-04 22:12:36.421875+00:00,0.9426387548446656,0.330108255147934,-0.0360831245779991
27.921874988,2026-05-04 22:12:36.429687500+00:00,0.9395143389701844,0.3309306800365448,-0.0352220237255096
27.929687488,2026-05-04 22:12:36.437500+00:00,0.9386239051818848,0.3322341740131378,-0.0324234440922737
27.937499988,2026-05-04 22:12:36.445312500+00:00,0.9394987225532532,0.3327772915363312,-0.0250118169933557
27.945312488,2026-05-04 22:12:36.453125+00:00,0.9405141472816468,0.3336773216724396,-0.0169851165264844
27.953124988,2026-05-04 22:12:36.460937500+00:00,0.938514530658722,0.3351514935493469,-0.0116493608802557
27.960937488,2026-05-04 22:12:36.468750+00:00,0.93710857629776,0.3350583910942078,-0.0044991411268711
27.968749988,2026-05-04 22:12:36.476562500+00:00,0.9377490878105164,0.3341583609580994,0.0031892675906419
27.976562488,2026-05-04 22:12:36.484375+00:00,0.9385770559310912,0.3337859511375427,0.0118925468996167
27.984374988,2026-05-04 22:12:36.492187500+00:00,0.9382020831108092,0.3341738879680634,0.0215338114649057
27.992187488,2026-05-04 22:12:36.500000+00:00,0.9370304346084596,0.3349808156490326,0.031928539276123
27.999999988,2026-05-04 22:12:36.507812500+00:00,0.9368429780006408,0.3347790837287903,0.0429690927267074
28.007812488,2026-05-04 22:12:36.515625+00:00,0.9370304346084596,0.3333824872970581,0.0535944774746894
28.015624988,2026-05-04 22:12:36.523437500+00:00,0.9379833936691284,0.3323117792606354,0.0636662915349006
28.023437488,2026-05-04 22:12:36.531250+00:00,0.9379990100860596,0.3321565985679626,0.072046659886837
28.031249988,2026-05-04 22:12:36.539062500+00:00,0.938295841217041,0.3313031196594238,0.0815341547131538
28.039062488,2026-05-04 22:12:36.546875+00:00,0.9380927681922911,0.3304030895233154,0.091790497303009
28.046874988,2026-05-04 22:12:36.554687500+00:00,0.937686562538147,0.3292392492294312,0.1017239168286324
28.054687488,2026-05-04 22:12:36.562500+00:00,0.9368742108345032,0.3289599418640137,0.1087049916386604
28.062499988,2026-05-04 22:12:36.570312500+00:00,0.9390612840652466,0.3286495804786682,0.1169315874576569
28.070312488,2026-05-04 22:12:36.578125+00:00,0.9384989142417908,0.3277029991149902,0.1237588971853256
28.078124988,2026-05-04 22:12:36.585937500+00:00,0.9381864666938782,0.3277340531349182,0.1294636875391006
28.085937488,2026-05-04 22:12:36.593750+00:00,0.9397330284118652,0.3272219598293304,0.1359527111053467
28.093749988,2026-05-04 22:12:36.601562500+00:00,0.9378896355628968,0.3275788724422455,0.1393202394247055
28.101562488,2026-05-04 22:12:36.609375+00:00,0.93662428855896,0.3282461166381836,0.1409655511379242
28.109374988,2026-05-04 22:12:36.617187500+00:00,0.9384520649909972,0.328215092420578,0.1435642391443253
28.117187488,2026-05-04 22:12:36.625000+00:00,0.9392175078392028,0.3280754387378693,0.1449481546878815
28.124999988,2026-05-04 22:12:36.632812500+00:00,0.9369523525238036,0.3284633755683899,0.143902525305748
28.132812488,2026-05-04 22:12:36.640625+00:00,0.9362025260925292,0.3294565081596375,0.1429184079170227
28.140624988,2026-05-04 22:12:36.648437500+00:00,0.9368429780006408,0.3312565684318542,0.1407656520605087
28.148437488,2026-05-04 22:12:36.656250+00:00,0.936858594417572,0.3315824270248413,0.1375365257263184
28.156249988,2026-05-04 22:12:36.664062500+00:00,0.9374522566795348,0.3320324420928955,0.1332771480083466
28.164062488,2026-05-04 22:12:36.671875+00:00,0.93662428855896,0.3324979841709137,0.1266036033630371
28.171874988,2026-05-04 22:12:36.679687500+00:00,0.9352495670318604,0.3334755897521973,0.1188998222351074
28.179687488,2026-05-04 22:12:36.687500+00:00,0.9359525442123412,0.3337083458900452,0.1129489988088608
28.187499988,2026-05-04 22:12:36.695312500+00:00,0.937467873096466,0.3342049121856689,0.106782890856266
28.195312488,2026-05-04 22:12:36.703125+00:00,0.935796320438385,0.334577351808548,0.0970801189541816
28.203124988,2026-05-04 22:12:36.710937500+00:00,0.9338436126708984,0.3342980444431305,0.0869467929005622
28.210937488,2026-05-04 22:12:36.718750+00:00,0.937827169895172,0.3344376981258392,0.0786740630865097
28.218749988,2026-05-04 22:12:36.726562500+00:00,0.9373584985733032,0.3338169753551483,0.0682485848665237
28.226562488,2026-05-04 22:12:36.734375+00:00,0.9369523525238036,0.3336928486824036,0.0583459138870239
28.234374988,2026-05-04 22:12:36.742187500+00:00,0.9381396174430848,0.333056628704071,0.0489814318716526
28.242187488,2026-05-04 22:12:36.750000+00:00,0.9368898868560792,0.332358330488205,0.0378793701529502
28.249999988,2026-05-04 22:12:36.757812500+00:00,0.9381396174430848,0.3318462371826172,0.0276537854224443
28.257812488,2026-05-04 22:12:36.765625+00:00,0.940436065196991,0.3307134509086609,0.0195963326841592
28.265624988,2026-05-04 22:12:36.773437500+00:00,0.9405922293663024,0.3306513726711273,0.0095706470310688
28.273437488,2026-05-04 22:12:36.781250+00:00,0.9394362568855286,0.3300461769104004,0.0009134989231824
28.281249988,2026-05-04 22:12:36.789062500+00:00,0.9400298595428468,0.3290840983390808,-0.0052218530327081
28.289062488,2026-05-04 22:12:36.796875+00:00,0.9417794942855836,0.3289133906364441,-0.0124489571899175
28.296874988,2026-05-04 22:12:36.804687500+00:00,0.9402173161506652,0.3287737369537354,-0.0203065108507871
28.304687488,2026-05-04 22:12:36.812500+00:00,0.9417170286178588,0.3277340531349182,-0.0251194555312395
28.312499988,2026-05-04 22:12:36.820312500+00:00,0.9411234259605408,0.3276564478874207,-0.0299785267561674
28.320312488,2026-05-04 22:12:36.828125+00:00,0.9422013163566588,0.3281685411930084,-0.0333460494875907
28.328124988,2026-05-04 22:12:36.835937500+00:00,0.9417951703071594,0.3287737369537354,-0.0346992090344429
28.335937488,2026-05-04 22:12:36.843750+00:00,0.9421544671058656,0.3296892642974854,-0.0350836291909217
28.343749988,2026-05-04 22:12:36.851562500+00:00,0.9409202933311462,0.3301392793655396,-0.036052368581295
28.351562488,2026-05-04 22:12:36.859375+00:00,0.9394049644470216,0.3297823667526245,-0.0355295613408088
28.359374988,2026-05-04 22:12:36.867187500+00:00,0.9400923252105712,0.3302168846130371,-0.0334536880254745
28.367187488,2026-05-04 22:12:36.875000+00:00,0.9408265948295592,0.3317065834999084,-0.0311625432223081
28.374999988,2026-05-04 22:12:36.882812500+00:00,0.9412171244621276,0.3327152132987976,-0.0264572370797395
28.382812488,2026-05-04 22:12:36.890625+00:00,0.9395455718040466,0.3330255746841431,-0.0208446998149156
28.390624988,2026-05-04 22:12:36.898437500+00:00,0.938514530658722,0.333258330821991,-0.0142480451613664
28.398437488,2026-05-04 22:12:36.906250+00:00,0.9377334713935852,0.3343756198883057,-0.0076513905078172
28.406249988,2026-05-04 22:12:36.914062500+00:00,0.9391862750053406,0.3343135416507721,0.000682845711708
28.414062488,2026-05-04 22:12:36.921875+00:00,0.9379053115844728,0.334561824798584,0.0076792985200881
28.421874988,2026-05-04 22:12:36.929687500+00:00,0.9374210238456726,0.3346549272537231,0.0152754466980695
28.429687488,2026-05-04 22:12:36.937500+00:00,0.9384364485740662,0.3339256048202515,0.0259162038564682
28.437499988,2026-05-04 22:12:36.945312500+00:00,0.937342882156372,0.3332893848419189,0.0354652106761932
28.445312488,2026-05-04 22:12:36.953125+00:00,0.9375459551811218,0.3340652585029602,0.0444452688097953
28.453124988,2026-05-04 22:12:36.960937500+00:00,0.9377959370613098,0.3338325023651123,0.0550706535577774
28.460937488,2026-05-04 22:12:36.968750+00:00,0.9380146265029908,0.3324979841709137,0.0654807537794113
28.468749988,2026-05-04 22:12:36.976562500+00:00,0.9379833936691284,0.3312255144119263,0.0745377019047737
28.476562488,2026-05-04 22:12:36.984375+00:00,0.938639521598816,0.3306823968887329,0.083994448184967
28.484374988,2026-05-04 22:12:36.992187500+00:00,0.9358744621276855,0.3303255140781403,0.0918827578425407
28.492187488,2026-05-04 22:12:37+00:00,0.9381240010261536,0.3302013576030731,0.1003861352801323
28.499999988,2026-05-04 22:12:37.007812500+00:00,0.9389675855636596,0.3284168243408203,0.1095660924911499
28.507812488,2026-05-04 22:12:37.015625+00:00,0.9382176995277404,0.3278426826000214,0.116316519677639
28.515624988,2026-05-04 22:12:37.023437500+00:00,0.939233124256134,0.3286185562610626,0.1213601157069206
28.523437488,2026-05-04 22:12:37.031250+00:00,0.9378896355628968,0.3278892338275909,0.1284949481487274
28.531249988,2026-05-04 22:12:37.039062500+00:00,0.9381083846092224,0.3275012671947479,0.1345995515584946
28.539062488,2026-05-04 22:12:37.046875+00:00,0.9374366402626038,0.3281064629554749,0.1379209458827972
28.546874988,2026-05-04 22:12:37.054687500+00:00,0.9379833936691284,0.3287271857261658,0.1387051641941071
28.554687488,2026-05-04 22:12:37.062500+00:00,0.938639521598816,0.328215092420578,0.1397354155778885
28.562499988,2026-05-04 22:12:37.070312500+00:00,0.9375459551811218,0.3277340531349182,0.1397969126701355
28.570312488,2026-05-04 22:12:37.078125+00:00,0.9376240968704224,0.3291926980018616,0.1397815346717834
28.578124988,2026-05-04 22:12:37.085937500+00:00,0.937342882156372,0.3309462070465088,0.1398891806602478
28.585937488,2026-05-04 22:12:37.093750+00:00,0.9367336630821228,0.331396222114563,0.13825923204422
28.593749988,2026-05-04 22:12:37.101562500+00:00,0.9358588457107544,0.3316755294799805,0.1339998543262482
28.601562488,2026-05-04 22:12:37.109375+00:00,0.936749279499054,0.3321255445480347,0.1285718381404877
28.609374988,2026-05-04 22:12:37.117187500+00:00,0.936858594417572,0.3322651982307434,0.1214677542448044
28.617187488,2026-05-04 22:12:37.125000+00:00,0.9372491836547852,0.3328859210014343,0.1147480830550194
28.624999988,2026-05-04 22:12:37.132812500+00:00,0.9365930557250975,0.3333204090595245,0.1093969494104385
28.632812488,2026-05-04 22:12:37.140625+00:00,0.93496835231781,0.3343135416507721,0.1020775884389877
28.640624988,2026-05-04 22:12:37.148437500+00:00,0.9358275532722472,0.3348411619663239,0.0933435559272766
28.648437488,2026-05-04 22:12:37.156250+00:00,0.9365305304527284,0.3341273367404938,0.0846095159649848
28.656249988,2026-05-04 22:12:37.164062500+00:00,0.9376709461212158,0.3334290385246277,0.0745838358998298
28.664062488,2026-05-04 22:12:37.171875+00:00,0.9377490878105164,0.333615243434906,0.0644505098462104
28.671874988,2026-05-04 22:12:37.179687500+00:00,0.9374522566795348,0.3334290385246277,0.0554243177175521
28.679687488,2026-05-04 22:12:37.187500+00:00,0.9373272657394408,0.3328083455562592,0.0473822429776191
28.687499988,2026-05-04 22:12:37.195312500+00:00,0.9379053115844728,0.3329790234565735,0.0369567610323429
28.695312488,2026-05-04 22:12:37.203125+00:00,0.9395924806594848,0.3319858908653259,0.0269156973809003
28.703124988,2026-05-04 22:12:37.210937500+00:00,0.9388582110404968,0.3302789330482483,0.0169822722673416
28.710937488,2026-05-04 22:12:37.218750+00:00,0.939483106136322,0.3294099569320679,0.0089248213917016
28.718749988,2026-05-04 22:12:37.226562500+00:00,0.9409828186035156,0.3298444449901581,0.0022205282002687
28.726562488,2026-05-04 22:12:37.234375+00:00,0.9409046769142152,0.3303875625133514,-0.0044222567230463
28.734374988,2026-05-04 22:12:37.242187500+00:00,0.9394049644470216,0.3296272158622742,-0.0116032306104898
28.742187488,2026-05-04 22:12:37.250000+00:00,0.9414358139038086,0.3283858001232147,-0.0178308431059122
28.749999988,2026-05-04 22:12:37.257812500+00:00,0.9419357180595398,0.3276254236698151,-0.0239661913365125
28.757812488,2026-05-04 22:12:37.265625+00:00,0.9415139555931092,0.3282616436481476,-0.0289790350943803
28.765624988,2026-05-04 22:12:37.273437500+00:00,0.9414358139038086,0.3289289176464081,-0.0306089762598276
28.773437488,2026-05-04 22:12:37.281250+00:00,0.9419201016426086,0.3293168544769287,-0.0301169212907552
28.781249988,2026-05-04 22:12:37.289062500+00:00,0.9402329325675964,0.3294720351696014,-0.0315930917859077
28.789062488,2026-05-04 22:12:37.296875+00:00,0.9401704668998718,0.330449640750885,-0.0325464531779289
28.796874988,2026-05-04 22:12:37.304687500+00:00,0.9409359097480774,0.3306203484535217,-0.0327309817075729
28.804687488,2026-05-04 22:12:37.312500+00:00,0.9409202933311462,0.3300306499004364,-0.0303629469126462
28.812499988,2026-05-04 22:12:37.320312500+00:00,0.9408109784126282,0.3309151828289032,-0.0262727160006761
28.820312488,2026-05-04 22:12:37.328125+00:00,0.9402485489845276,0.3333980143070221,-0.0214905235916376
28.828124988,2026-05-04 22:12:37.335937500+00:00,0.9376084804534912,0.3340497612953186,-0.0169082339853048
28.835937488,2026-05-04 22:12:37.343750+00:00,0.9390456676483154,0.3334445655345917,-0.0100040417164564
28.843749988,2026-05-04 22:12:37.351562500+00:00,0.9394206404685974,0.333258330821991,-0.0032997485250234
28.851562488,2026-05-04 22:12:37.359375+00:00,0.9380146265029908,0.3338325023651123,0.0022359043359756
28.859374988,2026-05-04 22:12:37.367187500+00:00,0.938045859336853,0.3347635567188263,0.0101857203990221
28.867187488,2026-05-04 22:12:37.375000+00:00,0.9390925765037536,0.3346859812736511,0.0211647674441337
28.874999988,2026-05-04 22:12:37.382812500+00:00,0.9365930557250975,0.3334755897521973,0.0298834238201379
28.882812488,2026-05-04 22:12:37.390625+00:00,0.9364212155342102,0.3344687223434448,0.0383406728506088
28.890624988,2026-05-04 22:12:37.398437500+00:00,0.9383270740509032,0.3337083458900452,0.0467056632041931
28.898437488,2026-05-04 22:12:37.406250+00:00,0.938389539718628,0.3323117792606354,0.056469939649105
28.906249988,2026-05-04 22:12:37.414062500+00:00,0.938170850276947,0.3309927582740784,0.0668185427784919
28.914062488,2026-05-04 22:12:37.421875+00:00,0.9382333755493164,0.3320169150829315,0.0769518613815307
28.921874988,2026-05-04 22:12:37.429687500+00:00,0.9371710419654846,0.3322186470031738,0.0846710279583931
28.929687488,2026-05-04 22:12:37.437500+00:00,0.9363430738449096,0.3300617039203644,0.0936203375458717
28.937499988,2026-05-04 22:12:37.445312500+00:00,0.9391394257545472,0.3288358151912689,0.1017239168286324
28.945312488,2026-05-04 22:12:37.453125+00:00,0.9394206404685974,0.3286340832710266,0.1075056046247482
28.953124988,2026-05-04 22:12:37.460937500+00:00,0.9374991059303284,0.3286495804786682,0.1133795455098152
28.960937488,2026-05-04 22:12:37.468750+00:00,0.9385301470756532,0.3281064629554749,0.1214062422513962
28.968749988,2026-05-04 22:12:37.476562500+00:00,0.9391394257545472,0.3282771706581116,0.1281412839889526
28.976562488,2026-05-04 22:12:37.484375+00:00,0.9373272657394408,0.3284168243408203,0.1318163424730301
28.984374988,2026-05-04 22:12:37.492187500+00:00,0.936983585357666,0.3280133605003357,0.1337691992521286
28.992187488,2026-05-04 22:12:37.500000+00:00,0.9388269782066344,0.3279512822628021,0.1353837698698044
28.999999988,2026-05-04 22:12:37.507812500+00:00,0.9387176036834716,0.3274857699871063,0.1367830634117126
29.007812488,2026-05-04 22:12:37.515625+00:00,0.9378584027290344,0.3289754688739777,0.1379670798778534
29.015624988,2026-05-04 22:12:37.523437500+00:00,0.9364212155342102,0.3301858305931091,0.1374442577362061
29.023437488,2026-05-04 22:12:37.531250+00:00,0.9359681606292723,0.3309617340564728,0.1357374340295792
29.031249988,2026-05-04 22:12:37.539062500+00:00,0.9375772476196288,0.3312875926494598,0.1333694010972977
29.039062488,2026-05-04 22:12:37.546875+00:00,0.937936544418335,0.3310703635215759,0.1298788636922836
29.046874988,2026-05-04 22:12:37.554687500+00:00,0.9371398091316224,0.3313186466693878,0.1240356788039207
29.054687488,2026-05-04 22:12:37.562500+00:00,0.9350621104240416,0.3329324722290039,0.1177158057689667
29.062499988,2026-05-04 22:12:37.570312500+00:00,0.9366711378097534,0.3343445956707001,0.1129336208105087
29.070312488,2026-05-04 22:12:37.578125+00:00,0.936749279499054,0.3335997462272644,0.1063984706997871
29.078124988,2026-05-04 22:12:37.585937500+00:00,0.9360619187355042,0.3332273066043854,0.0981103628873825
29.085937488,2026-05-04 22:12:37.593750+00:00,0.936046302318573,0.3331807553768158,0.0886536240577697
29.093749988,2026-05-04 22:12:37.601562500+00:00,0.9369992017745972,0.3337859511375427,0.0790584832429885
29.101562488,2026-05-04 22:12:37.609375+00:00,0.93807715177536,0.3339411318302155,0.0722158029675483
29.109374988,2026-05-04 22:12:37.617187500+00:00,0.9373584985733032,0.33363077044487,0.0641122236847877
29.117187488,2026-05-04 22:12:37.625000+00:00,0.937936544418335,0.3331186771392822,0.0547016076743602
29.124999988,2026-05-04 22:12:37.632812500+00:00,0.9356088638305664,0.3327152132987976,0.0431382432579994
29.132812488,2026-05-04 22:12:37.640625+00:00,0.938639521598816,0.3318772614002228,0.0335277281701564
29.140624988,2026-05-04 22:12:37.648437500+00:00,0.940670371055603,0.3306048214435577,0.0255010295659303
29.148437488,2026-05-04 22:12:37.656250+00:00,0.940420389175415,0.3305737972259521,0.017581969499588
29.156249988,2026-05-04 22:12:37.664062500+00:00,0.9377803206443788,0.3307600021362305,0.0081559792160987
29.164062488,2026-05-04 22:12:37.671875+00:00,0.9396393299102784,0.3308686316013336,0.0024511814117431
29.171874988,2026-05-04 22:12:37.679687500+00:00,0.941014051437378,0.3290840983390808,-0.0040685907006263
29.179687488,2026-05-04 22:12:37.687500+00:00,0.9417951703071594,0.3288358151912689,-0.0115417223423719
29.187499988,2026-05-04 22:12:37.695312500+00:00,0.9419201016426086,0.3287737369537354,-0.0176001917570829
29.195312488,2026-05-04 22:12:37.703125+00:00,0.9395299553871156,0.3283702731132507,-0.0229666996747255
29.203124988,2026-05-04 22:12:37.710937500+00:00,0.9409984350204468,0.3286030292510986,-0.0254269894212484
29.210937488,2026-05-04 22:12:37.718750+00:00,0.9422325491905212,0.3295806646347046,-0.0264264848083257
29.218749988,2026-05-04 22:12:37.726562500+00:00,0.9414514899253844,0.3296582400798798,-0.0288098882883787
29.226562488,2026-05-04 22:12:37.734375+00:00,0.9397643208503724,0.3295806646347046,-0.0309780221432447
29.234374988,2026-05-04 22:12:37.742187500+00:00,0.9408265948295592,0.3294409811496735,-0.0298708919435739
29.242187488,2026-05-04 22:12:37.750000+00:00,0.9420294761657716,0.3304961919784546,-0.0273029636591672
29.249999988,2026-05-04 22:12:37.757812500+00:00,0.939608097076416,0.331753134727478,-0.025919048115611
29.257812488,2026-05-04 22:12:37.765625+00:00,0.9401392340660096,0.3325600624084473,-0.0222439896315336
29.265624988,2026-05-04 22:12:37.773437500+00:00,0.9389050602912904,0.3322807252407074,-0.0182460155338048
29.273437488,2026-05-04 22:12:37.781250+00:00,0.9392175078392028,0.3321410715579987,-0.0137867387384176
29.281249988,2026-05-04 22:12:37.789062500+00:00,0.9395299553871156,0.3329014480113983,-0.007666764780879
29.289062488,2026-05-04 22:12:37.796875+00:00,0.9389207363128662,0.3336617946624756,-0.0002705156803131
29.296874988,2026-05-04 22:12:37.804687500+00:00,0.937233567237854,0.3344531953334808,0.0078330673277378
29.304687488,2026-05-04 22:12:37.812500+00:00,0.9374054074287416,0.3343756198883057,0.0164748392999172
29.312499988,2026-05-04 22:12:37.820312500+00:00,0.938514530658722,0.3342669904232025,0.0242401305586099
29.320312488,2026-05-04 22:12:37.828125+00:00,0.9376240968704224,0.3340963125228882,0.0308214090764522
29.328124988,2026-05-04 22:12:37.835937500+00:00,0.9379209280014038,0.3334755897521973,0.0391863994300365
29.335937488,2026-05-04 22:12:37.843750+00:00,0.938998818397522,0.3327307403087616,0.0501808226108551
29.343749988,2026-05-04 22:12:37.851562500+00:00,0.9371241927146912,0.3324048817157745,0.0601757541298866
29.351562488,2026-05-04 22:12:37.859375+00:00,0.9364680647850036,0.3324203789234161,0.0689251646399498
29.359374988,2026-05-04 22:12:37.867187500+00:00,0.9386239051818848,0.3324514329433441,0.0780589953064918
29.367187488,2026-05-04 22:12:37.875000+00:00,0.9381396174430848,0.331023782491684,0.0854398682713508
29.374999988,2026-05-04 22:12:37.882812500+00:00,0.9373584985733032,0.3297047913074493,0.0927592366933822
29.382812488,2026-05-04 22:12:37.890625+00:00,0.9395455718040466,0.3286030292510986,0.101554773747921
29.390624988,2026-05-04 22:12:37.898437500+00:00,0.9379209280014038,0.329161673784256,0.1082129329442978
29.398437488,2026-05-04 22:12:37.906250+00:00,0.9374054074287416,0.3297823667526245,0.1138408482074738
29.406249988,2026-05-04 22:12:37.914062500+00:00,0.9389832019805908,0.3290530443191528,0.1214523762464523
29.414062488,2026-05-04 22:12:37.921875+00:00,0.9386863708496094,0.3277340531349182,0.1259885281324387
29.421874988,2026-05-04 22:12:37.929687500+00:00,0.9383270740509032,0.3275633454322815,0.1286487281322479
29.429687488,2026-05-04 22:12:37.937500+00:00,0.9369992017745972,0.3284943997859955,0.1309552490711212
29.437499988,2026-05-04 22:12:37.945312500+00:00,0.937952160835266,0.3292703032493591,0.1342458873987198
29.445312488,2026-05-04 22:12:37.953125+00:00,0.9371710419654846,0.3287737369537354,0.1357374340295792
29.453124988,2026-05-04 22:12:37.960937500+00:00,0.9395768046379088,0.3292703032493591,0.1360296010971069
29.460937488,2026-05-04 22:12:37.968750+00:00,0.9371241927146912,0.3298754990100861,0.1323699057102203
29.468749988,2026-05-04 22:12:37.976562500+00:00,0.9359993934631348,0.3304030895233154,0.1295098215341568
29.476562488,2026-05-04 22:12:37.984375+00:00,0.9373116493225098,0.3306358456611633,0.1296020895242691
29.484374988,2026-05-04 22:12:37.992187500+00:00,0.938873827457428,0.3322651982307434,0.1276030987501144
29.492187488,2026-05-04 22:12:38+00:00,0.9347808957099916,0.3325755596160889,0.1207296624779701
29.499999988,2026-05-04 22:12:38.007812500+00:00,0.9337342381477356,0.3331497311592102,0.113917738199234
29.507812488,2026-05-04 22:12:38.015625+00:00,0.9383739233016968,0.3329014480113983,0.1086281090974808
29.515624988,2026-05-04 22:12:38.023437500+00:00,0.9369992017745972,0.3330255746841431,0.1003861352801323
29.523437488,2026-05-04 22:12:38.031250+00:00,0.9375459551811218,0.3334290385246277,0.0936357155442237
29.531249988,2026-05-04 22:12:38.039062500+00:00,0.9359525442123412,0.3342669904232025,0.0862548351287841
29.539062488,2026-05-04 22:12:38.046875+00:00,0.9360619187355042,0.3344376981258392,0.0779206007719039
29.546874988,2026-05-04 22:12:38.054687500+00:00,0.9361087679862976,0.333615243434906,0.0698477700352668
29.554687488,2026-05-04 22:12:38.062500+00:00,0.939717411994934,0.3334911167621613,0.0612828880548477
29.562499988,2026-05-04 22:12:38.070312500+00:00,0.9383739233016968,0.3331807553768158,0.0496887639164924
29.570312488,2026-05-04 22:12:38.078125+00:00,0.9363743662834167,0.3320014178752899,0.0399552397429943
29.578124988,2026-05-04 22:12:38.085937500+00:00,0.9389519691467284,0.3312410414218903,0.0338506437838077
29.585937488,2026-05-04 22:12:38.093750+00:00,0.9386707544326782,0.3316600322723389,0.0252703782171011
29.593749988,2026-05-04 22:12:38.101562500+00:00,0.93924880027771,0.3314583003520966,0.016505591571331
29.601562488,2026-05-04 22:12:38.109375+00:00,0.9401392340660096,0.3304961919784546,0.0092016030102968
29.609374988,2026-05-04 22:12:38.117187500+00:00,0.9406391382217408,0.3293478786945343,0.0012210346758365
29.617187488,2026-05-04 22:12:38.125000+00:00,0.9405922293663024,0.3287582099437714,-0.0055447649210691
29.624999988,2026-05-04 22:12:38.132812500+00:00,0.9417638778686525,0.3292082250118256,-0.0099271591752767
29.632812488,2026-05-04 22:12:38.140625+00:00,0.9408578276634216,0.329161673784256,-0.0146017093211412
29.640624988,2026-05-04 22:12:38.148437500+00:00,0.9394049644470216,0.3290685713291168,-0.0197221916168928
29.648437488,2026-05-04 22:12:38.156250+00:00,0.9413264989852904,0.328587532043457,-0.0229513216763734
29.656249988,2026-05-04 22:12:38.164062500+00:00,0.9412795901298524,0.328572005033493,-0.0265956278890371
29.664062488,2026-05-04 22:12:38.171875+00:00,0.9415295720100404,0.3293323814868927,-0.0279795434325933
29.671874988,2026-05-04 22:12:38.179687500+00:00,0.9419201016426086,0.3298599720001221,-0.0261496994644403
29.679687488,2026-05-04 22:12:38.187500+00:00,0.9405766129493712,0.3306048214435577,-0.0247504096478223
29.687499988,2026-05-04 22:12:38.195312500+00:00,0.9390456676483154,0.3311013877391815,-0.0239815693348646
29.695312488,2026-05-04 22:12:38.203125+00:00,0.9401080012321472,0.331753134727478,-0.0214905235916376
29.703124988,2026-05-04 22:12:38.210937500+00:00,0.941139042377472,0.3318772614002228,-0.0184459146112203
29.710937488,2026-05-04 22:12:38.218750+00:00,0.9386707544326782,0.3317996859550476,-0.0159241165965795
29.718749988,2026-05-04 22:12:38.226562500+00:00,0.9392175078392028,0.3326221108436584,-0.0098502729088068
29.726562488,2026-05-04 22:12:38.234375+00:00,0.9388113617897034,0.3335686922073364,-0.0023156329989433
29.734374988,2026-05-04 22:12:38.242187500+00:00,0.9377647042274476,0.3343911468982697,0.0040657464414834
29.742187488,2026-05-04 22:12:38.250000+00:00,0.9378896355628968,0.3343445956707001,0.0114619955420494
29.749999988,2026-05-04 22:12:38.257812500+00:00,0.9388269782066344,0.3342980444431305,0.0191811583936214
29.757812488,2026-05-04 22:12:38.265625+00:00,0.938873827457428,0.3337393999099731,0.026331378147006
29.765624988,2026-05-04 22:12:38.273437500+00:00,0.9376553297042848,0.333258330821991,0.0348962657153606
29.773437488,2026-05-04 22:12:38.281250+00:00,0.93759286403656,0.3329014480113983,0.0445682853460311
29.781249988,2026-05-04 22:12:38.289062500+00:00,0.9358744621276855,0.3334445655345917,0.0521644316613674
29.789062488,2026-05-04 22:12:38.296875+00:00,0.9382646083831788,0.333258330821991,0.0612675100564956
29.796874988,2026-05-04 22:12:38.304687500+00:00,0.938045859336853,0.3314583003520966,0.0701245591044426
29.804687488,2026-05-04 22:12:38.312500+00:00,0.9388425946235656,0.3305427432060242,0.07859718054533
29.812499988,2026-05-04 22:12:38.320312500+00:00,0.9386551380157472,0.3306823968887329,0.0861625745892524
29.820312488,2026-05-04 22:12:38.328125+00:00,0.9379053115844728,0.3310082852840424,0.0950657576322555
29.828124988,2026-05-04 22:12:38.335937500+00:00,0.9364524483680724,0.3301548063755035,0.1022928580641747
29.835937488,2026-05-04 22:12:38.343750+00:00,0.9373897910118104,0.3290685713291168,0.1084128320217133
29.843749988,2026-05-04 22:12:38.351562500+00:00,0.940201699733734,0.3284943997859955,0.1144251674413681
29.851562488,2026-05-04 22:12:38.359375+00:00,0.9376240968704224,0.3276875019073486,0.1173775196075439
29.859374988,2026-05-04 22:12:38.367187500+00:00,0.9382646083831788,0.3277961313724518,0.1219290569424629
29.867187488,2026-05-04 22:12:38.375000+00:00,0.9393737316131592,0.3284323513507843,0.1278491318225861
29.874999988,2026-05-04 22:12:38.382812500+00:00,0.9384989142417908,0.3293168544769287,0.1318932324647903
29.882812488,2026-05-04 22:12:38.390625+00:00,0.9363430738449096,0.3292082250118256,0.1324929296970367
29.890624988,2026-05-04 22:12:38.398437500+00:00,0.937467873096466,0.3292392492294312,0.1323084086179733
29.898437488,2026-05-04 22:12:38.406250+00:00,0.939123809337616,0.3290064930915833,0.1308322250843048
29.906249988,2026-05-04 22:12:38.414062500+00:00,0.9383583068847656,0.3293013274669647,0.1288486272096634
29.914062488,2026-05-04 22:12:38.421875+00:00,0.9372960329055786,0.3299220502376556,0.1279875189065933
29.921874988,2026-05-04 22:12:38.429687500+00:00,0.935671329498291,0.3314272463321686,0.1257886290550232
29.929687488,2026-05-04 22:12:38.437500+00:00,0.9365462064743042,0.3328548967838287,0.1225902587175369
29.937499988,2026-05-04 22:12:38.445312500+00:00,0.9358431696891784,0.3323893547058105,0.1178849563002586
29.945312488,2026-05-04 22:12:38.453125+00:00,0.9378896355628968,0.3322497010231018,0.1119648814201355
29.953124988,2026-05-04 22:12:38.460937500+00:00,0.9371398091316224,0.3326221108436584,0.1037997901439667
29.960937488,2026-05-04 22:12:38.468750+00:00,0.9364836812019348,0.3334290385246277,0.097003236413002
29.968749988,2026-05-04 22:12:38.476562500+00:00,0.9358744621276855,0.3336773216724396,0.0905603468418121
29.976562488,2026-05-04 22:12:38.484375+00:00,0.936264991760254,0.3342359662055969,0.0834716334939003
29.984374988,2026-05-04 22:12:38.492187500+00:00,0.9375772476196288,0.3343600928783417,0.0748452395200729
29.992187488,2026-05-04 22:12:38.500000+00:00,0.9369523525238036,0.3332893848419189,0.0655576437711715
29.999999988,2026-05-04 22:12:38.507812500+00:00,0.9372648000717164,0.3322031497955322,0.0566852167248725
30.007812488,2026-05-04 22:12:38.515625+00:00,0.9383739233016968,0.3324203789234161,0.048858419060707
30.015624988,2026-05-04 22:12:38.523437500+00:00,0.9382176995277404,0.3325445353984833,0.0406471937894821
30.023437488,2026-05-04 22:12:38.531250+00:00,0.9376553297042848,0.3330255746841431,0.032266829162836
30.031249988,2026-05-04 22:12:38.539062500+00:00,0.9386239051818848,0.3315514028072357,0.0236711893230676
30.039062488,2026-05-04 22:12:38.546875+00:00,0.9406859874725342,0.3296582400798798,0.0156598668545484
30.046874988,2026-05-04 22:12:38.554687500+00:00,0.9398580193519592,0.3288978636264801,0.0066336747258901
30.054687488,2026-05-04 22:12:38.562500+00:00,0.9407172203063964,0.329487532377243,0.0004829484969377
30.062499988,2026-05-04 22:12:38.570312500+00:00,0.940889060497284,0.329503059387207,-0.0029768366366624
30.070312488,2026-05-04 22:12:38.578125+00:00,0.9406235218048096,0.3299996256828308,-0.0077897813171148
30.078124988,2026-05-04 22:12:38.585937500+00:00,0.9404985308647156,0.3297978937625885,-0.0135099571198225
30.085937488,2026-05-04 22:12:38.593750+00:00,0.9411234259605408,0.3287737369537354,-0.0183690320700407
30.093749988,2026-05-04 22:12:38.601562500+00:00,0.9417014122009276,0.3277185261249542,-0.0223208721727132
30.101562488,2026-05-04 22:12:38.609375+00:00,0.9412639737129213,0.3281375169754028,-0.0243506114929914
30.109374988,2026-05-04 22:12:38.617187500+00:00,0.9418732523918152,0.3297668695449829,-0.0232434812933206
30.117187488,2026-05-04 22:12:38.625000+00:00,0.9399361610412598,0.3306668996810913,-0.0228898171335458
30.124999988,2026-05-04 22:12:38.632812500+00:00,0.9402642250061036,0.3312565684318542,-0.022428510710597
30.132812488,2026-05-04 22:12:38.640625+00:00,0.940201699733734,0.3307289481163025,-0.0215059015899896
30.140624988,2026-05-04 22:12:38.648437500+00:00,0.9400142431259156,0.330434113740921,-0.0193070154637098
30.148437488,2026-05-04 22:12:38.656250+00:00,0.9402173161506652,0.3310858607292175,-0.0158472340553998
30.156249988,2026-05-04 22:12:38.664062500+00:00,0.940186083316803,0.3332117795944214,-0.0105576086789369
30.164062488,2026-05-04 22:12:38.671875+00:00,0.9385457634925842,0.3340031802654266,-0.0043146200478076
30.171874988,2026-05-04 22:12:38.679687500+00:00,0.9369367361068726,0.3339100778102875,0.0006674695760011
30.179687488,2026-05-04 22:12:38.687500+00:00,0.9401392340660096,0.3335997462272644,0.0077408049255609
30.187499988,2026-05-04 22:12:38.695312500+00:00,0.937686562538147,0.3328393697738647,0.01335334405303
30.195312488,2026-05-04 22:12:38.703125+00:00,0.9376709461212158,0.3335066139698029,0.0202575363218784
30.203124988,2026-05-04 22:12:38.710937500+00:00,0.9392956495285034,0.3344842493534088,0.0301755834370851
30.210937488,2026-05-04 22:12:38.718750+00:00,0.9382333755493164,0.3345152735710144,0.0398322269320488
30.218749988,2026-05-04 22:12:38.726562500+00:00,0.936015009880066,0.3332893848419189,0.0471669659018516
30.226562488,2026-05-04 22:12:38.734375+00:00,0.9371866583824158,0.3329169452190399,0.0542249269783496
30.234374988,2026-05-04 22:12:38.742187500+00:00,0.9392175078392028,0.3321565985679626,0.0622516274452209
30.242187488,2026-05-04 22:12:38.750000+00:00,0.9365462064743042,0.330434113740921,0.0698016434907913
30.249999988,2026-05-04 22:12:38.757812500+00:00,0.9403423070907592,0.330449640750885,0.0806730538606643
30.257812488,2026-05-04 22:12:38.765625+00:00,0.937952160835266,0.3315514028072357,0.0886843726038932
30.265624988,2026-05-04 22:12:38.773437500+00:00,0.9359525442123412,0.3313031196594238,0.094604454934597
30.273437488,2026-05-04 22:12:38.781250+00:00,0.93710857629776,0.3292237520217896,0.1022467315196991
30.281249988,2026-05-04 22:12:38.789062500+00:00,0.940670371055603,0.3281840682029724,0.1087511256337166
30.289062488,2026-05-04 22:12:38.796875+00:00,0.938045859336853,0.3277650773525238,0.1112575456500053
30.296874988,2026-05-04 22:12:38.804687500+00:00,0.9377647042274476,0.3288202881813049,0.1164549067616463
30.304687488,2026-05-04 22:12:38.812500+00:00,0.9386707544326782,0.3288978636264801,0.12285166233778
30.312499988,2026-05-04 22:12:38.820312500+00:00,0.9369055032730104,0.3287582099437714,0.126080796122551
30.320312488,2026-05-04 22:12:38.828125+00:00,0.9385301470756532,0.328587532043457,0.1285872161388397
30.328124988,2026-05-04 22:12:38.835937500+00:00,0.9390144348144532,0.3288823664188385,0.1288486272096634
30.335937488,2026-05-04 22:12:38.843750+00:00,0.938030242919922,0.3284012973308563,0.1276184767484665
30.343749988,2026-05-04 22:12:38.851562500+00:00,0.9370929598808287,0.3293478786945343,0.1278029978275299
30.351562488,2026-05-04 22:12:38.859375+00:00,0.9384520649909972,0.3303720653057098,0.1290023922920227
30.359374988,2026-05-04 22:12:38.867187500+00:00,0.9357182383537292,0.3311944901943207,0.1256963759660721
30.367187488,2026-05-04 22:12:38.875000+00:00,0.935905694961548,0.331753134727478,0.1216676533222198
30.374999988,2026-05-04 22:12:38.882812500+00:00,0.9382333755493164,0.3320014178752899,0.1178234443068504
30.382812488,2026-05-04 22:12:38.890625+00:00,0.9367648959159852,0.3318927884101868,0.1117342263460159
30.390624988,2026-05-04 22:12:38.898437500+00:00,0.9372804164886476,0.3320945203304291,0.1076439917087555
30.398437488,2026-05-04 22:12:38.906250+00:00,0.9377803206443788,0.333646297454834,0.1031539589166641
30.406249988,2026-05-04 22:12:38.914062500+00:00,0.935577630996704,0.3344376981258392,0.0953271612524986
30.414062488,2026-05-04 22:12:38.921875+00:00,0.9348277449607848,0.3341894149780273,0.0873927250504493
30.421874988,2026-05-04 22:12:38.929687500+00:00,0.938389539718628,0.3335531949996948,0.0800579786300659
30.429687488,2026-05-04 22:12:38.937500+00:00,0.938061535358429,0.3324669301509857,0.0703705847263336
30.437499988,2026-05-04 22:12:38.945312500+00:00,0.9360931515693665,0.3326376378536224,0.0610676109790802
30.445312488,2026-05-04 22:12:38.953125+00:00,0.9378896355628968,0.33363077044487,0.0549937672913074
30.453124988,2026-05-04 22:12:38.960937500+00:00,0.936983585357666,0.3335376679897308,0.0480742007493972
30.460937488,2026-05-04 22:12:38.968750+00:00,0.937952160835266,0.332699716091156,0.0403396598994731
