relative_time_s,lord_x_g,lord_y_g,prototype_calibrated_to_lord_y_g,lord_z_g,prototype_calibrated_to_lord_z_g,lord_x_norm,lord_y_norm,prototype_y_norm,lord_z_norm,prototype_z_norm,our_y_raw,our_z_raw,sample_ts_utc,sample_ts_et,batch_id,sample_in_batch
0.000,0.992628872,0.097389415,0.094897652,0.007771559,0.004842415,0.137852040,-0.010557055,-0.028314597,-0.022972959,-0.052355801,-50,68,2026-05-03T23:57:11.577Z,2026-05-03 19:57:11.577,102629,15
0.040,0.992375760,0.097954260,0.094659355,0.008397704,0.004607733,0.134071203,-0.008467073,-0.029576968,-0.020083496,-0.053909661,-51,67,2026-05-03T23:57:11.617Z,2026-05-03 19:57:11.617,102629,16
0.080,0.992340784,0.097373280,0.094030951,0.008526254,0.003532769,0.133548752,-0.010616755,-0.032905907,-0.019490274,-0.061027148,-53,62,2026-05-03T23:57:11.657Z,2026-05-03 19:57:11.657,102629,17
0.120,0.992254546,0.097127480,0.095844388,0.008076021,0.007903232,0.132260576,-0.011526241,-0.023299310,-0.021567962,-0.032089697,-49,83,2026-05-03T23:57:11.697Z,2026-05-03 19:57:11.697,102629,18
0.160,0.992285788,0.097544596,0.095201268,0.008832560,0.006053616,0.132727255,-0.009982871,-0.026706204,-0.018076769,-0.044336268,-50,74,2026-05-03T23:57:11.737Z,2026-05-03 19:57:11.737,102629,19
0.200,0.991938353,0.097451487,0.095490169,0.008008363,0.006490164,0.127537477,-0.010327381,-0.025175767,-0.021880182,-0.041445819,-49,76,2026-05-03T23:57:11.777Z,2026-05-03 19:57:11.777,102629,20
0.240,0.991794007,0.098013848,0.095937333,0.007921637,0.005410222,0.125381328,-0.008246589,-0.022806935,-0.022280397,-0.048596268,-45,70,2026-05-03T23:57:11.817Z,2026-05-03 19:57:11.817,102629,21
0.280,0.992145793,0.097581838,0.097569530,0.008236555,0.007625779,0.130636101,-0.009845071,-0.014160445,-0.020827148,-0.033926752,-39,80,2026-05-03T23:57:11.857Z,2026-05-03 19:57:11.857,102629,22
0.320,0.992546976,0.096904022,0.094269249,0.007666382,0.003767451,0.136628716,-0.012353059,-0.031643536,-0.023458321,-0.059473288,-52,63,2026-05-03T23:57:11.897Z,2026-05-03 19:57:11.897,102629,23
0.360,0.992327673,0.097200101,0.095620806,0.009098886,0.008443203,0.133352914,-0.011257535,-0.024483726,-0.016847757,-0.028514473,-51,86,2026-05-03T23:57:11.937Z,2026-05-03 19:57:11.937,102629,24
0.400,0.992107058,0.097550802,0.094089814,0.008441989,0.006631379,0.130057489,-0.009959907,-0.032594086,-0.019879131,-0.040510811,-57,78,2026-05-03T23:57:11.977Z,2026-05-03 19:57:11.977,102629,25
0.440,0.992232049,0.097580593,0.091236697,0.008764287,0.001693110,0.131924527,-0.009849677,-0.047708345,-0.018391828,-0.073207796,-66,55,2026-05-03T23:57:12.017Z,2026-05-03 19:57:12.017,102629,26
0.480,0.992433269,0.095537845,0.094298680,0.001841643,0.005316756,0.134930236,-0.017408048,-0.031487625,-0.050337686,-0.049215120,-54,71,2026-05-03T23:57:12.057Z,2026-05-03 19:57:12.057,102629,27
0.520,0.992095203,0.098026885,0.096422188,0.007811540,0.008776328,0.129880418,-0.008198351,-0.020238436,-0.022788461,-0.026308799,-47,87,2026-05-03T23:57:12.097Z,2026-05-03 19:57:12.097,102629,28
0.560,0.991617172,0.099867280,0.095844388,0.011016683,0.007903232,0.122739874,-0.001388706,-0.023299310,-0.007997715,-0.032089697,-49,83,2026-05-03T23:57:12.137Z,2026-05-03 19:57:12.137,102629,29
0.600,0.992060184,0.097870469,0.097345948,0.009112418,0.008165750,0.129357327,-0.008777106,-0.015344861,-0.016785307,-0.030351528,-41,83,2026-05-03T23:57:12.177Z,2026-05-03 19:57:12.177,102629,30
0.640,0.992912517,0.097066031,0.094747648,0.014686207,0.009255648,0.142088943,-0.011753606,-0.029109236,0.008936004,-0.023135156,-57,91,2026-05-03T23:57:12.217Z,2026-05-03 19:57:12.217,102629,31
0.680,0.992549481,0.094972380,0.095281302,0.009263111,0.007804787,0.136666145,-0.019500324,-0.026282228,-0.016089909,-0.032741511,-52,83,2026-05-03T23:57:12.257Z,2026-05-03 19:57:12.257,102629,32
0.720,0.992308888,0.095979789,0.094313396,0.009595865,0.006091409,0.133072315,-0.015772811,-0.031409670,-0.014554349,-0.044086035,-55,75,2026-05-03T23:57:12.297Z,2026-05-03 19:57:12.297,102629,33
0.760,0.992063942,0.098456412,0.097915489,0.007225990,0.006142103,0.129413454,-0.006609058,-0.012327743,-0.025490593,-0.043750378,-35,72,2026-05-03T23:57:12.337Z,2026-05-03 19:57:12.337,102629,34
0.800,0.991113532,0.101482984,0.097873146,0.004899170,0.008836980,0.115216804,0.004589561,-0.012552052,-0.036228145,-0.025907219,-39,86,2026-05-03T23:57:12.377Z,2026-05-03 19:57:12.377,102629,35
0.840,0.991862750,0.101741196,0.092862438,0.014122800,0.006030757,0.126408172,0.005544969,-0.039096053,0.006336056,-0.044487616,-63,76,2026-05-03T23:57:12.417Z,2026-05-03 19:57:12.417,102629,36
0.880,0.991875856,0.094369055,0.089425064,0.004137095,0.002341482,0.126603940,-0.021732687,-0.057305385,-0.039744888,-0.068914835,-77,60,2026-05-03T23:57:12.457Z,2026-05-03 19:57:12.457,102629,37
0.920,0.993007514,0.092198438,0.092854178,0.004853654,0.003134014,0.143507964,-0.029764189,-0.039139809,-0.036438189,-0.063667364,-59,61,2026-05-03T23:57:12.497Z,2026-05-03 19:57:12.497,102629,38
0.960,0.993066854,0.096053031,0.097538295,0.005254682,0.001057640,0.144394348,-0.015501808,-0.014325912,-0.034587570,-0.077415333,-30,46,2026-05-03T23:57:12.537Z,2026-05-03 19:57:12.537,102629,39
1.000,0.992160201,0.098661870,0.097329428,-0.002207994,0.002372263,0.130851314,-0.005848845,-0.015432373,-0.069025514,-0.068711024,-33,53,2026-05-03T23:57:12.577Z,2026-05-03 19:57:12.577,102629,40
1.040,0.991745911,0.102895718,0.094804707,0.011829194,0.007335424,0.124662896,0.009816816,-0.028806971,-0.004248226,-0.035849231,-54,81,2026-05-03T23:57:12.617Z,2026-05-03 19:57:12.617,102629,41
1.080,0.991768394,0.097147961,0.091023178,0.008326970,0.010148658,0.124998732,-0.011450459,-0.048839447,-0.020409910,-0.017222411,-79,99,2026-05-03T23:57:12.657Z,2026-05-03 19:57:12.657,102629,42
1.120,0.993324964,0.091545452,0.093469670,0.013042117,0.008453159,0.148249832,-0.032180300,-0.035879269,0.001349039,-0.028448549,-63,88,2026-05-03T23:57:12.697Z,2026-05-03 19:57:12.697,102629,43
1.160,0.993298063,0.090859574,0.095158926,0.013310289,0.008748492,0.147848004,-0.034718119,-0.026930513,0.002586568,-0.026493109,-54,88,2026-05-03T23:57:12.737Z,2026-05-03 19:57:12.737,102629,44
1.200,0.992928791,0.095251079,0.100342614,0.013347194,0.010812877,0.142332041,-0.018469112,0.000529838,0.002756873,-0.012824524,-28,94,2026-05-03T23:57:12.777Z,2026-05-03 19:57:12.777,102629,45
1.240,0.992256408,0.099178914,0.096363326,0.012973845,0.005677718,0.132288390,-0.003935730,-0.020550258,0.001033982,-0.046825136,-43,71,2026-05-03T23:57:12.817Z,2026-05-03 19:57:12.817,102629,46
1.280,0.990284927,0.102178174,0.084119000,0.007187240,0.001220801,0.102839614,0.007161833,-0.085414022,-0.025669410,-0.076335017,-105,59,2026-05-03T23:57:12.857Z,2026-05-03 19:57:12.857,102629,47
1.320,0.992554474,0.093748344,0.056633681,0.008934662,-0.010340159,0.136740720,-0.024029379,-0.231016250,-0.017605600,-0.152881781,-242,24,2026-05-03T23:57:12.897Z,2026-05-03 19:57:12.897,102629,48
1.360,1.000323625,0.057474186,0.017886659,0.010944104,-0.023870006,0.252791548,-0.158247386,-0.436276845,-0.008332646,-0.242464816,-439,-11,2026-05-03T23:57:12.937Z,2026-05-03 19:57:12.937,102629,49
1.400,1.001374054,0.021787216,-0.017093550,-0.012913337,-0.040987739,0.268482220,-0.290292738,-0.621582920,-0.118427360,-0.355803756,-610,-68,2026-05-03T23:57:12.977Z,2026-05-03 19:57:12.977,102629,50
1.440,1.014602733,-0.033244110,-0.012349527,-0.023670957,-0.057144095,0.466084141,-0.493914135,-0.596451673,-0.168070451,-0.462777289,-561,-156,2026-05-03T23:57:13.017Z,2026-05-03 19:57:13.017,102629,51
1.480,1.018924994,-0.043596273,0.022337413,-0.061260509,-0.072698005,0.530647448,-0.532218172,-0.412699179,-0.341534612,-0.565761936,-346,-268,2026-05-03T23:57:13.057Z,2026-05-03 19:57:13.057,102629,52
1.520,1.009824224,0.006764848,0.034232172,-0.085687507,-0.076795081,0.394705691,-0.345876997,-0.349687230,-0.454257661,-0.592889254,-274,-300,2026-05-03T23:57:13.097Z,2026-05-03 19:57:13.097,102629,53
1.560,1.005492010,0.048928283,0.065587790,-0.079987628,-0.001825993,0.329993733,-0.189868080,-0.183582263,-0.427954479,-0.096508276,-204,60,2026-05-03T23:57:13.137Z,2026-05-03 19:57:13.137,102629,54
1.600,0.999958634,0.035712794,0.115332113,-0.051752098,0.061302439,0.247339547,-0.238766707,0.079936032,-0.297656236,0.321474042,-15,342,2026-05-03T23:57:13.177Z,2026-05-03 19:57:13.177,102629,55
1.640,0.992680719,0.090654120,0.100590692,0.060993188,0.058339154,0.138626491,-0.035478320,0.001844024,0.222628406,0.301853711,-93,340,2026-05-03T23:57:13.217Z,2026-05-03 19:57:13.217,102629,56
1.680,0.981941576,0.107868828,0.098850834,0.101135293,0.057841955,-0.021788265,0.028217819,-0.007372797,0.407871811,0.298561682,-102,339,2026-05-03T23:57:13.257Z,2026-05-03 19:57:13.257,102629,57
1.720,0.996030686,0.058048341,0.144895749,0.063954145,0.091177607,0.188666252,-0.156122954,0.236548055,0.236292310,0.519281775,108,470,2026-05-03T23:57:13.297Z,2026-05-03 19:57:13.297,102629,58
1.760,0.985565217,0.130259626,0.132187739,0.098614728,0.082007146,0.032339464,0.111066007,0.169227946,0.396240184,0.458562846,50,434,2026-05-03T23:57:13.337Z,2026-05-03 19:57:13.337,102629,59
1.800,0.987745428,0.131798363,0.119008828,0.125462645,0.048047804,0.064906132,0.116759486,0.099413264,0.520135024,0.233713219,24,270,2026-05-03T23:57:13.377Z,2026-05-03 19:57:13.377,102629,60
1.840,0.989707530,0.106262432,0.133764204,0.074999625,0.029588315,0.094214805,0.022273994,0.177579199,0.287263783,0.111490321,132,161,2026-05-03T23:57:13.417Z,2026-05-03 19:57:13.417,102629,61
1.880,0.984425473,0.133419024,0.137796181,0.033808203,0.000568155,0.015314674,0.122756094,0.198938416,0.097178104,-0.080656281,195,7,2026-05-03T23:57:13.457Z,2026-05-03 19:57:13.457,102629,62
1.920,0.978605378,0.164889525,0.132040388,0.003416230,-0.026688843,-0.071622358,0.239200090,0.168447361,-0.043071457,-0.261128740,201,-129,2026-05-03T23:57:13.497Z,2026-05-03 19:57:13.497,102629,63
1.960,0.978893435,0.157765661,0.162118593,-0.034661075,-0.031274283,-0.067319533,0.212841084,0.327785293,-0.218786449,-0.291489585,375,-180,2026-05-03T23:57:13.537Z,2026-05-03 19:57:13.537,102629,64
2.000,0.972195387,0.189983502,0.193277779,-0.063130945,-0.020808199,-0.167370885,0.332050309,0.492849667,-0.350166098,-0.222192155,534,-154,2026-05-03T23:57:13.577Z,2026-05-03 19:57:13.577,102629,65
2.040,0.963525245,0.243185604,0.215144113,-0.052061484,0.002702730,-0.296880165,0.528903398,0.608685581,-0.299083959,-0.066522954,623,-52,2026-05-03T23:57:13.617Z,2026-05-03 19:57:13.617,102629,66
2.080,0.960687633,0.260994300,0.241712887,-0.030817489,0.034949606,-0.339266689,0.594797348,0.749432462,-0.201049487,0.146988188,726,91,2026-05-03T23:57:13.657Z,2026-05-03 19:57:13.657,102629,67
2.120,0.956971507,0.290888209,0.264397124,0.008635122,0.064587147,-0.394775901,0.705407798,0.869601178,-0.018987883,0.343222560,811,224,2026-05-03T23:57:13.697Z,2026-05-03 19:57:13.697,102629,68
2.160,0.953899636,0.311961243,0.263279974,0.046252353,0.089484428,-0.440661631,0.783380126,0.863683127,0.154604011,0.508070994,770,354,2026-05-03T23:57:13.737Z,2026-05-03 19:57:13.737,102629,69
2.200,0.956286049,0.308110368,0.256705995,0.078421886,0.095476836,-0.405014857,0.769131505,0.828857770,0.303056462,0.547747579,725,391,2026-05-03T23:57:13.777Z,2026-05-03 19:57:13.777,102629,70
2.240,0.958676171,0.297239302,0.239532798,0.100158556,0.094983702,-0.369312668,0.728907476,0.737883538,0.403364474,0.544482471,630,404,2026-05-03T23:57:13.817Z,2026-05-03 19:57:13.817,102629,71
2.280,0.962855983,0.274351953,0.249903022,0.101976716,0.086952713,-0.306877198,0.644222000,0.792819326,0.411754719,0.491308151,699,353,2026-05-03T23:57:13.857Z,2026-05-03 19:57:13.857,102629,72
2.320,0.961816201,0.276927252,0.313643963,0.088772332,0.089217635,-0.322408820,0.653750861,1.130484076,0.350820568,0.506304522,1051,307,2026-05-03T23:57:13.897Z,2026-05-03 19:57:13.897,102629,73
2.360,0.947763324,0.340220202,0.388736989,0.070312767,0.063742173,-0.532322118,0.887941095,1.528285981,0.265635383,0.337627869,1505,107,2026-05-03T23:57:13.937Z,2026-05-03 19:57:13.937,102629,74
2.400,0.920980513,0.487153506,0.332828638,0.077902149,0.062653604,-0.932387383,1.431608986,1.232114024,0.300658033,0.330420299,1195,152,2026-05-03T23:57:13.977Z,2026-05-03 19:57:13.977,102629,75
2.440,0.931538439,0.407303195,0.378514205,-0.002825529,0.040143669,-0.774679539,1.136154864,1.474131246,-0.071875242,0.181378817,1481,-6,2026-05-03T23:57:14.017Z,2026-05-03 19:57:14.017,102629,76
2.480,0.911438022,0.498543501,0.352047113,0.016335217,0.069873972,-1.074927291,1.473753103,1.333923026,0.016545675,0.378227382,1292,172,2026-05-03T23:57:14.057Z,2026-05-03 19:57:14.057,102629,77
2.520,0.915478487,0.414271878,0.373799613,0.001034053,0.057849330,-1.014573288,1.161939687,1.449155910,-0.054064468,0.298610519,1430,90,2026-05-03T23:57:14.097Z,2026-05-03 19:57:14.097,102629,78
2.560,0.895021253,0.501284547,0.373374381,0.041448634,0.079779260,-1.320150958,1.483895246,1.446903261,0.132436334,0.443811701,1397,204,2026-05-03T23:57:14.137Z,2026-05-03 19:57:14.137,102629,79
2.600,0.898210013,0.432379162,0.275392143,0.021244727,0.047593454,-1.272519205,1.228938446,0.927846792,0.039201546,0.230704901,896,126,2026-05-03T23:57:14.177Z,2026-05-03 19:57:14.177,102629,80
2.640,1.104611120,0.515652711,-0.326120304,-0.015455430,0.503925945,1.810574451,1.537058889,-2.258638154,-0.130158333,3.252147150,-3093,3035,2026-05-03T23:57:14.217Z,2026-05-03 19:57:14.217,102629,81
2.680,1.562538705,-1.104203877,0.106630345,0.291625779,-0.108725303,8.650816973,-4.456572168,0.033838812,1.286926520,-0.804303790,174,-531,2026-05-03T23:57:14.257Z,2026-05-03 19:57:14.257,102629,82
2.720,0.894336414,0.482912199,-0.301728523,1.220291405,-0.218529721,-1.330380654,1.415915727,-2.129423801,5.572431317,-1.531334446,-1948,-730,2026-05-03T23:57:14.297Z,2026-05-03 19:57:14.297,102629,83
2.760,1.196790466,-0.821834049,-0.048280929,-0.463328019,0.030767744,3.187493212,-3.411775621,-0.786796646,-2.196951885,0.119299487,-884,332,2026-05-03T23:57:14.337Z,2026-05-03 19:57:14.337,102629,84
2.800,0.802963209,0.129225522,-0.154472774,-0.054117057,-0.288329846,-2.695257776,0.107239720,-1.349343140,-0.308569793,-1.993490984,-1030,-1225,2026-05-03T23:57:14.377Z,2026-05-03 19:57:14.377,102629,85
2.840,1.077099056,-0.332715102,-0.238729731,-0.244760075,-0.393200817,1.399616045,-1.601986696,-1.795690552,-1.188328386,-2.687856584,-1353,-1692,2026-05-03T23:57:14.417Z,2026-05-03 19:57:14.417,102629,86
2.880,1.056519394,-0.135778196,-0.098686712,0.033618148,-0.426623055,1.092209621,-0.873300488,-1.053819000,0.096301059,-2.909149970,-526,-1992,2026-05-03T23:57:14.457Z,2026-05-03 19:57:14.457,102629,87
2.920,0.876839881,-0.044661407,-0.200379359,-0.730196986,-0.238063679,-1.591733182,-0.536159272,-1.592531192,-3.428469676,-1.660671553,-1356,-923,2026-05-03T23:57:14.497Z,2026-05-03 19:57:14.497,102629,88
2.960,1.115587716,-0.358876702,-0.133822514,-0.195044972,-0.173733090,1.974536134,-1.698787226,-1.239949321,-0.958908554,-1.234729585,-1075,-650,2026-05-03T23:57:14.537Z,2026-05-03 19:57:14.537,102629,89
3.000,0.931062877,-0.048787251,-0.067412631,-0.327996641,-0.016199562,-0.781783188,-0.551425309,-0.888145973,-1.572439412,-0.191677717,-925,106,2026-05-03T23:57:14.577Z,2026-05-03 19:57:14.577,102629,90
3.040,1.008484459,-0.182955087,-0.142103967,-0.085524511,0.062426612,0.374693105,-1.047859692,-1.283819940,-0.453505484,0.328917351,-1451,581,2026-05-03T23:57:14.617Z,2026-05-03 19:57:14.617,102629,91
3.080,1.040203276,-0.189561282,-0.013434964,0.196838147,0.035894770,0.848489414,-1.072303276,-0.602201727,0.849510901,0.153246256,-697,327,2026-05-03T23:57:14.657Z,2026-05-03 19:57:14.657,102629,92
3.120,0.983569989,-0.092040651,-0.145148953,0.297368091,0.126169898,0.002535976,-0.711467205,-1.299950617,1.313425518,0.750970699,-1557,914,2026-05-03T23:57:14.697Z,2026-05-03 19:57:14.697,102629,93
3.160,1.047833009,-0.301786486,-0.014556005,0.067136534,0.090130402,0.962457706,-1.487547730,-0.608140392,0.250978052,0.512348080,-779,609,2026-05-03T23:57:14.737Z,2026-05-03 19:57:14.737,102629,94
3.200,0.959254193,-0.080409206,-0.132423379,0.205606619,0.123955253,-0.360678529,-0.668429700,-1.232537468,0.889974686,0.736307224,-1483,891,2026-05-03T23:57:14.777Z,2026-05-03 19:57:14.777,102629,95
3.240,1.074500246,-0.301347017,-0.059097750,0.196103753,-0.038873363,1.360796606,-1.485921652,-0.844098268,0.846121899,-0.341804174,-847,-19,2026-05-03T23:57:14.817Z,2026-05-03 19:57:14.817,102629,96
3.280,0.962069900,-0.064211218,-0.147538298,0.182794805,-0.014380311,-0.318619222,-0.608495525,-1.312608063,0.784705219,-0.179632195,-1374,188,2026-05-03T23:57:14.857Z,2026-05-03 19:57:14.857,102629,97
3.320,1.053439960,-0.299361368,-0.095650728,-0.041348145,-0.133860080,1.046210925,-1.478574553,-1.037736013,-0.249645211,-0.970724722,-918,-478,2026-05-03T23:57:14.897Z,2026-05-03 19:57:14.897,102629,98
3.360,0.955846732,-0.089655890,-0.178031017,-0.050720624,-0.199026885,-0.411577109,-0.702643354,-1.474141864,-0.292896304,-1.402203394,-1286,-741,2026-05-03T23:57:14.937Z,2026-05-03 19:57:14.937,102629,99
3.400,1.040428829,-0.269442657,-0.114215171,-0.284424877,-0.249443311,0.851858594,-1.367872333,-1.136080310,-1.371369189,-1.736017717,-860,-1060,2026-05-03T23:57:14.977Z,2026-05-03 19:57:14.977,102629,100
3.440,0.958381844,-0.070911137,0.045664097,-0.244168366,-0.203733757,-0.373709156,-0.633285897,-0.289127128,-1.185597835,-1.433368265,-33,-968,2026-05-03T23:57:15.017Z,2026-05-03 19:57:15.017,102630,1
3.480,1.097148881,-0.114808207,0.465916009,-0.285560308,-0.243370731,1.699108079,-0.795709437,1.937138345,-1.376608849,-1.695810297,2364,-1554,2026-05-03T23:57:15.057Z,2026-05-03 19:57:15.057,102630,2
3.520,0.906757674,0.825915949,0.213052972,-0.417975621,-0.151692778,-1.144839462,2.685063837,0.597607856,-1.987664590,-1.088797552,827,-850,2026-05-03T23:57:15.097Z,2026-05-03 19:57:15.097,102630,3
3.560,0.894287040,0.250851321,0.444378937,-0.310489812,0.006492144,-1.331118175,0.557267316,1.823046683,-1.491650806,-0.041432706,1895,-240,2026-05-03T23:57:15.137Z,2026-05-03 19:57:15.137,102630,4
3.600,0.856237054,0.731218874,0.398173778,0.181717205,0.250305114,-1.899485627,2.334675208,1.578276942,0.779732428,1.572887602,1297,1065,2026-05-03T23:57:15.177Z,2026-05-03 19:57:15.177,102630,5
3.640,0.930639846,0.334116157,0.371982197,0.271389886,0.223142702,-0.788102164,0.865355520,1.439528231,1.193544131,1.393041415,1189,948,2026-05-03T23:57:15.217Z,2026-05-03 19:57:15.217,102630,6
3.680,0.902062383,0.501815234,0.418333098,0.341537092,0.183956352,-1.214974859,1.485858843,1.685070030,1.517251802,1.133583024,1502,703,2026-05-03T23:57:15.257Z,2026-05-03 19:57:15.257,102630,7
3.720,0.904550006,0.432483450,0.355377975,0.225419958,0.299377960,-1.177816255,1.229324322,1.351568118,0.981407124,1.897805887,990,1358,2026-05-03T23:57:15.297Z,2026-05-03 19:57:15.297,102630,8
3.760,0.942370019,0.361475092,0.464374883,0.347438084,0.268827782,-0.612884011,0.966586310,1.928974298,1.544483056,1.695528821,1640,1101,2026-05-03T23:57:15.337Z,2026-05-03 19:57:15.337,102630,9
3.800,0.909064126,0.536173928,0.325229800,0.380677843,0.310127805,-1.110387094,1.612989438,1.191859523,1.697874270,1.968982135,807,1441,2026-05-03T23:57:15.377Z,2026-05-03 19:57:15.377,102630,10
3.840,0.950425928,0.260492787,0.413801267,0.295058485,0.248211772,-0.492549768,0.592941703,1.661062859,1.302767400,1.559027288,1387,1040,2026-05-03T23:57:15.417Z,2026-05-03 19:57:15.417,102630,11
3.880,0.901746833,0.497675755,0.384083736,0.345159250,0.252088188,-1.219688342,1.470542356,1.503635584,1.533966945,1.584693591,1216,1087,2026-05-03T23:57:15.457Z,2026-05-03 19:57:15.457,102630,12
3.920,0.953687799,0.364111248,0.049345393,0.308316991,0.297796596,-0.443825927,0.976340350,-0.269625629,1.363951307,1.887335453,-713,1627,2026-05-03T23:57:15.497Z,2026-05-03 19:57:15.497,102630,13
3.960,1.096588395,-0.127965340,-0.113054794,0.202927372,0.368037335,1.690735877,-0.844392142,-1.129933264,0.877610791,2.352409362,-1716,2138,2026-05-03T23:57:15.537Z,2026-05-03 19:57:15.537,102630,14
4.000,1.066020608,-0.317258865,-0.054038898,0.090345070,0.178193413,1.234132952,-1.544797076,-0.817299226,0.358078268,1.095425788,-1122,1101,2026-05-03T23:57:15.577Z,2026-05-03 19:57:15.577,102630,15
4.040,0.999480619,-0.149915426,-0.225136979,0.528272521,-0.332532371,0.240199251,-0.925609651,-1.723683562,2.378978084,-2.286162185,-1362,-1390,2026-05-03T23:57:15.617Z,2026-05-03 19:57:15.617,102630,16
4.080,0.979488347,-0.171414887,-0.141674772,-0.480987351,-0.510767582,-0.058433108,-1.005159800,-1.281546304,-2.278444245,-3.466282839,-648,-2389,2026-05-03T23:57:15.657Z,2026-05-03 19:57:15.657,102630,17
4.120,0.978733461,-0.088842754,-0.276237421,-0.395028478,-0.533521113,-0.069709129,-0.699634669,-1.994385841,-1.881770617,-3.616937199,-1366,-2385,2026-05-03T23:57:15.697Z,2026-05-03 19:57:15.697,102630,18
4.160,1.022607365,-0.237667992,-0.179492623,-0.926386726,-0.509851506,0.585652444,-1.250302903,-1.481884653,-4.333824679,-3.460217365,-860,-2350,2026-05-03T23:57:15.737Z,2026-05-03 19:57:15.737,102630,19
4.200,0.958235657,-0.082215469,-0.201875136,-0.829234767,-0.402971197,-0.375892799,-0.675113050,-1.600455002,-3.885498420,-2.752547658,-1134,-1776,2026-05-03T23:57:15.777Z,2026-05-03 19:57:15.777,102630,20
4.240,1.039785261,-0.161294239,-0.117041510,-0.347520874,-0.139723053,0.842245368,-0.967712394,-1.151052713,-1.662537708,-1.009544302,-1029,-489,2026-05-03T23:57:15.817Z,2026-05-03 19:57:15.817,102630,21
4.280,0.982049687,-0.150587039,-0.085582016,-0.174579669,0.204140975,-0.020173371,-0.928094685,-0.984397467,-0.864467510,1.267228281,-1334,1264,2026-05-03T23:57:15.857Z,2026-05-03 19:57:15.857,102630,22
4.320,1.028932338,-0.252055371,-0.027764241,0.126940046,0.295896703,0.680131028,-1.303537640,-0.678110422,0.526952771,1.874755987,-1140,1687,2026-05-03T23:57:15.897Z,2026-05-03 19:57:15.897,102630,23
4.360,1.044362378,-0.205455740,-0.012486796,0.423325131,0.223675923,0.910615545,-1.131114356,-0.597178851,1.894678320,1.396571945,-954,1299,2026-05-03T23:57:15.937Z,2026-05-03 19:57:15.937,102630,24
4.400,1.036923242,-0.138616067,0.230690825,0.473046398,0.358261221,0.799494269,-0.883800894,0.691043587,2.124126599,2.287680320,213,1776,2026-05-03T23:57:15.977Z,2026-05-03 19:57:15.977,102630,25
4.440,1.011022124,0.030220775,0.424190292,0.168523273,0.312566549,0.412599200,-0.259087727,1.716098247,0.718846512,1.985129405,1355,1364,2026-05-03T23:57:16.017Z,2026-05-03 19:57:16.017,102630,26
4.480,0.943249221,0.494674623,0.381401122,0.422287523,0.078866338,-0.599751030,1.459437868,1.489424559,1.889890081,0.437767109,1443,192,2026-05-03T23:57:16.057Z,2026-05-03 19:57:16.057,102630,27
4.520,0.906677091,0.483692459,0.347235207,0.310530034,0.057837549,-1.146043163,1.418802765,1.308432172,1.374163816,0.298532515,1282,114,2026-05-03T23:57:16.097Z,2026-05-03 19:57:16.097,102630,28
4.560,0.903368990,0.452069875,0.427442712,0.158261403,0.062788304,-1.195457551,1.301796048,1.733327795,0.671491154,0.331312163,1722,67,2026-05-03T23:57:16.137Z,2026-05-03 19:57:16.137,102630,29
4.600,0.899812806,0.569117981,0.324714364,0.133981409,0.081116038,-1.248577666,1.734885724,1.189129023,0.559446484,0.452662698,1124,255,2026-05-03T23:57:16.177Z,2026-05-03 19:57:16.177,102630,30
4.640,0.925176570,0.367262568,0.397110821,0.017836610,-0.096158500,-0.869709242,0.988000549,1.572645976,0.023474138,-0.721097208,1775,-729,2026-05-03T23:57:16.217Z,2026-05-03 19:57:16.217,102630,31
4.680,0.905494204,0.604262447,0.296251358,-0.010013268,0.020550103,-1.163712415,1.864923756,1.038347540,-0.105044438,0.051647034,1050,-33,2026-05-03T23:57:16.257Z,2026-05-03 19:57:16.257,102630,32
4.720,0.934933989,0.332596045,0.313311764,-0.202793049,-0.031670927,-0.723958883,0.859730951,1.128724270,-0.994663534,-0.294115824,1218,-319,2026-05-03T23:57:16.297Z,2026-05-03 19:57:16.297,102630,33
4.760,0.819563687,0.523048438,-0.211601179,-0.099303990,-0.028668754,-2.447289981,1.564423815,-1.651978274,-0.517093519,-0.274238009,-1711,172,2026-05-03T23:57:16.337Z,2026-05-03 19:57:16.337,102630,34
4.800,1.047236872,-0.328428507,-0.034088921,-0.180772829,0.051585830,0.953552975,-1.586125867,-0.711615128,-0.893047028,0.257138990,-834,427,2026-05-03T23:57:16.377Z,2026-05-03 19:57:16.377,102630,35
4.840,1.050454373,-0.065833126,-0.192376248,0.661319523,-0.023570477,1.001614049,-0.614496748,-1.550135073,2.992948871,-0.240481590,-1611,181,2026-05-03T23:57:16.417Z,2026-05-03 19:57:16.417,102630,36
4.880,1.021289473,-0.315989513,-0.072625750,-0.193793297,-0.019813252,0.565966577,-1.540100349,-0.915762236,-0.953132464,-0.215604470,-949,92,2026-05-03T23:57:16.457Z,2026-05-03 19:57:16.457,102630,37
4.920,0.983751845,-0.111604110,-0.178276054,0.027749738,-0.157763457,0.005252433,-0.783853957,-1.475439933,0.069220159,-1.128992376,-1345,-527,2026-05-03T23:57:16.497Z,2026-05-03 19:57:16.497,102630,38
4.960,1.039133439,-0.231236208,-0.125319372,-0.191077140,-0.275126114,0.832508848,-1.226504660,-1.194904311,-0.940598238,-1.906067200,-886,-1183,2026-05-03T23:57:16.537Z,2026-05-03 19:57:16.537,102630,39
5.000,1.015249491,-0.073227622,-0.174308634,0.044691298,-0.165562710,0.475745018,-0.641857119,-1.454422708,0.147400224,-1.180632337,-1312,-571,2026-05-03T23:57:16.577Z,2026-05-03 19:57:16.577,102630,40
5.040,1.030971298,-0.254425251,-0.076357631,-0.415505494,-0.139945042,0.710587774,-1.312306435,-0.935531706,-1.976265716,-1.011014118,-802,-527,2026-05-03T23:57:16.617Z,2026-05-03 19:57:16.617,102630,41
5.080,0.978772862,-0.079938089,-0.126878363,-0.231145430,-0.093766906,-0.069120580,-0.666686517,-1.203162993,-1.125501008,-0.705262122,-1148,-242,2026-05-03T23:57:16.657Z,2026-05-03 19:57:16.657,102630,42
5.120,1.076146140,-0.217778023,0.131073047,-0.167322418,-0.107154260,1.385381966,-1.176708032,0.163322918,-0.830977539,-0.793901694,308,-545,2026-05-03T23:57:16.697Z,2026-05-03 19:57:16.697,102630,43
5.160,0.955973597,0.232183547,0.224691304,0.051447257,-0.065887392,-0.409682079,0.488194688,0.659261395,0.178576887,-0.520667896,772,-416,2026-05-03T23:57:16.737Z,2026-05-03 19:57:16.737,102630,44
5.200,0.969839609,0.326141930,0.333968763,-0.097064504,0.041427719,-0.202560060,0.835850081,1.238153787,-0.506758983,0.189880696,1231,41,2026-05-03T23:57:16.777Z,2026-05-03 19:57:16.777,102630,45
5.240,0.929015176,0.431983773,0.395093753,-0.026798600,0.196493129,-0.812370493,1.227475464,1.561960652,-0.182503556,1.216590802,1355,789,2026-05-03T23:57:16.817Z,2026-05-03 19:57:16.817,102630,46
5.280,0.908743525,0.439500537,0.354417657,0.026807446,0.138038415,-1.115176043,1.255288243,1.346480872,0.064871773,0.829553839,1210,523,2026-05-03T23:57:16.857Z,2026-05-03 19:57:16.857,102630,47
5.320,0.945441277,0.432662202,0.230345715,0.311844435,0.241616839,-0.567007434,1.229985722,0.689215383,1.380229368,1.515361301,374,1172,2026-05-03T23:57:16.897Z,2026-05-03 19:57:16.897,102630,48
5.360,0.980444987,0.175192656,0.154618873,0.295695721,0.250960836,-0.044143400,0.277322702,0.288055867,1.305708046,1.577229231,-61,1289,2026-05-03T23:57:16.937Z,2026-05-03 19:57:16.937,102630,49
5.400,0.993937969,0.089512637,0.043193321,0.362281030,0.232445388,0.157406528,-0.039701921,-0.302215952,1.612978666,1.454635816,-656,1294,2026-05-03T23:57:16.977Z,2026-05-03 19:57:16.977,102630,50
5.440,1.011784487,-0.071409566,0.027957264,0.240742653,0.178824400,0.423986906,-0.635130134,-0.382928274,1.052116624,1.099603641,-666,1030,2026-05-03T23:57:17.017Z,2026-05-03 19:57:17.017,102630,51
5.480,1.020939550,-0.068258853,0.086252006,0.244320521,0.091347989,0.560739653,-0.623472181,-0.074114518,1.068627378,0.520409894,-219,524,2026-05-03T23:57:17.057Z,2026-05-03 19:57:17.057,102630,52
5.520,1.010987148,0.061072429,0.091244479,0.221750439,-0.056983592,0.412076750,-0.144933527,-0.047667118,0.964473429,-0.461714576,16,-249,2026-05-03T23:57:17.097Z,2026-05-03 19:57:17.097,102630,53
5.560,0.985372150,0.117527034,0.117963346,-0.094500886,-0.169475434,0.029455553,0.063954146,0.093874870,-0.494928680,-1.206539038,322,-856,2026-05-03T23:57:17.137Z,2026-05-03 19:57:17.137,102630,54
5.600,0.966818333,0.204551506,0.105603665,-0.284181917,-0.253862774,-0.247690036,0.385953378,0.028400018,-1.370248002,-1.765279610,371,-1282,2026-05-03T23:57:17.177Z,2026-05-03 19:57:17.177,102630,55
5.640,0.962159843,0.209219850,0.022900109,-0.370109429,-0.274498489,-0.317275702,0.403226716,-0.409718322,-1.766776911,-1.901911609,-61,-1314,2026-05-03T23:57:17.217Z,2026-05-03 19:57:17.217,102630,56
5.680,0.987682326,0.102230940,-0.003569070,-0.384705709,-0.210411001,0.063963549,0.007357071,-0.549937598,-1.834134230,-1.477579242,-298,-958,2026-05-03T23:57:17.257Z,2026-05-03 19:57:17.257,102630,57
5.720,0.990399275,0.036598544,-0.070566994,-0.211600888,-0.096082236,0.104547673,-0.235489345,-0.904856069,-1.035308992,-0.720592253,-831,-305,2026-05-03T23:57:17.297Z,2026-05-03 19:57:17.297,102630,58
5.760,1.020049109,-0.108503681,-0.027973974,-0.130151114,0.033738952,0.547438791,-0.772382062,-0.679221474,-0.659443463,0.138972280,-775,329,2026-05-03T23:57:17.337Z,2026-05-03 19:57:17.337,102630,59
5.800,1.018048835,-0.090340531,0.038398784,0.083216383,0.108074394,0.517559910,-0.705176592,-0.327614795,0.325181580,0.631157802,-509,654,2026-05-03T23:57:17.377Z,2026-05-03 19:57:17.377,102630,60
5.840,1.015926795,-0.021169482,0.104050475,0.189329340,0.144451863,0.485862176,-0.449236806,0.020172069,0.814860079,0.872018192,-194,783,2026-05-03T23:57:17.417Z,2026-05-03 19:57:17.417,102630,61
5.880,1.004092917,0.062778754,0.168613971,0.219314744,0.145702473,0.309094941,-0.138619954,0.362194263,0.953233450,0.880298657,164,731,2026-05-03T23:57:17.457Z,2026-05-03 19:57:17.457,102630,62
5.920,0.985932035,0.154517505,0.254253808,0.143887770,0.121491852,0.037818780,0.200822581,0.815867421,0.605161277,0.719996695,675,528,2026-05-03T23:57:17.497Z,2026-05-03 19:57:17.497,102630,63
5.960,0.963964539,0.291101127,0.289025434,0.137700753,0.100548189,-0.290318269,0.706195613,1.000068534,0.576610106,0.581325729,898,388,2026-05-03T23:57:17.537Z,2026-05-03 19:57:17.537,102630,64
6.000,0.954370797,0.331194490,0.202945454,0.093435816,0.044964624,-0.433623724,0.854545060,0.544063741,0.372341109,0.213299046,496,178,2026-05-03T23:57:17.577Z,2026-05-03 19:57:17.577,102630,65
6.040,0.976358960,0.216043289,0.091050806,0.054085304,0.006679129,-0.105177978,0.428474123,-0.048693094,0.190750656,-0.040194655,-74,81,2026-05-03T23:57:17.617Z,2026-05-03 19:57:17.617,102630,66
6.080,0.998192146,0.083605983,0.044025833,0.013609215,-0.001928295,0.220952820,-0.061557129,-0.297805756,0.003966017,-0.097185630,-324,79,2026-05-03T23:57:17.657Z,2026-05-03 19:57:17.657,102630,67
6.120,1.003636088,0.023194360,0.010018182,0.006714865,-0.024473573,0.302271108,-0.285086162,-0.477959747,-0.027849277,-0.246461122,-482,-7,2026-05-03T23:57:17.697Z,2026-05-03 19:57:17.697,102630,68
6.160,1.006359334,-0.020198075,0.004028743,-0.042235083,-0.059106178,0.342949287,-0.445642503,-0.509688532,-0.253738155,-0.475768518,-467,-181,2026-05-03T23:57:17.737Z,2026-05-03 19:57:17.737,102630,69
6.200,1.005360723,-0.003211787,0.034215653,-0.056325167,-0.082588567,0.328032640,-0.382791542,-0.349774742,-0.318759538,-0.631248751,-266,-330,2026-05-03T23:57:17.777Z,2026-05-03 19:57:17.777,102630,70
6.240,0.994645319,0.056901274,0.096887482,-0.107341145,-0.082440757,0.167972487,-0.160367217,-0.017773565,-0.554182505,-0.630270082,83,-386,2026-05-03T23:57:17.817Z,2026-05-03 19:57:17.817,102630,71
6.280,0.985870821,0.146497339,0.128652856,-0.079338110,-0.052373679,0.036904403,0.171147166,0.150502066,-0.424957155,-0.431191684,218,-259,2026-05-03T23:57:17.857Z,2026-05-03 19:57:17.857,102630,72
6.320,0.981056130,0.164847937,0.125678883,-0.085869567,-0.011973391,-0.035014518,0.239046211,0.134747579,-0.455097811,-0.163695639,145,-47,2026-05-03T23:57:17.897Z,2026-05-03 19:57:17.897,102630,73
6.360,0.983554401,0.138101637,0.086479762,-0.025182192,0.022093648,0.002303135,0.140082232,-0.072907990,-0.175044333,0.061867065,-121,165,2026-05-03T23:57:17.937Z,2026-05-03 19:57:17.937,102630,74
6.400,0.996531200,0.067359575,0.062821641,0.037903972,0.054438264,0.196142632,-0.121670460,-0.198235817,0.116078812,0.276025361,-298,354,2026-05-03T23:57:17.977Z,2026-05-03 19:57:17.977,102630,75
6.440,1.002965655,0.035424786,0.083346482,0.105635167,0.081189018,0.292256589,-0.239832367,-0.089506399,0.428637341,0.453145908,-221,474,2026-05-03T23:57:18.017Z,2026-05-03 19:57:18.017,102630,76
6.480,0.999292505,0.058689530,0.115216952,0.125399296,0.082321479,0.237389310,-0.153750491,0.079325975,0.519842685,0.460644093,-45,451,2026-05-03T23:57:18.057Z,2026-05-03 19:57:18.057,102630,77
6.520,0.992753813,0.103612011,0.142510207,0.100301868,0.061614531,0.139718330,0.012467172,0.223910754,0.404025813,0.323540448,136,319,2026-05-03T23:57:18.097Z,2026-05-03 19:57:18.097,102630,78
6.560,0.985130963,0.150942844,0.155063084,0.059170113,0.020765706,0.025852854,0.187595978,0.290409052,0.214215479,0.053074570,263,96,2026-05-03T23:57:18.137Z,2026-05-03 19:57:18.137,102630,79
6.600,0.981046748,0.168984962,0.111002781,0.023480517,-0.013960157,-0.035154657,0.254353614,0.057001591,0.049519025,-0.176850297,66,-44,2026-05-03T23:57:18.177Z,2026-05-03 19:57:18.177,102630,80
6.640,0.988543401,0.114538955,0.064432472,-0.032409913,-0.042948206,0.076825760,0.052897955,-0.189702512,-0.208398031,-0.368784287,-153,-152,2026-05-03T23:57:18.217Z,2026-05-03 19:57:18.217,102630,81
6.680,0.995291457,0.066874186,0.040787545,-0.054801016,-0.054223790,0.177624105,-0.123466448,-0.314960442,-0.311726053,-0.443441533,-269,-189,2026-05-03T23:57:18.257Z,2026-05-03 19:57:18.257,102630,82
6.720,0.999195697,0.041886355,0.051739177,-0.074536853,-0.051344015,0.235943259,-0.215923918,-0.256944665,-0.402800838,-0.424374131,-212,-184,2026-05-03T23:57:18.297Z,2026-05-03 19:57:18.297,102630,83
6.760,0.996610570,0.059466659,0.091209352,-0.069645797,-0.034213380,0.197328205,-0.150875035,-0.047853199,-0.380230126,-0.310949767,-16,-131,2026-05-03T23:57:18.337Z,2026-05-03 19:57:18.337,102630,84
6.800,0.988704622,0.114086457,0.119575044,-0.032444971,-0.003389529,0.079233981,0.051223666,0.102412767,-0.208559814,-0.106860671,99,3,2026-05-03T23:57:18.377Z,2026-05-03 19:57:18.377,102630,85
6.840,0.985719569,0.136522568,0.127433174,-0.003940656,0.028674480,0.034645082,0.134239517,0.144040856,-0.077021210,0.105439689,98,162,2026-05-03T23:57:18.417Z,2026-05-03 19:57:18.417,102630,86
6.880,0.988615246,0.127548989,0.106774566,0.047016274,0.051506464,0.077898938,0.101036380,0.034602813,0.158129269,0.256613500,-49,299,2026-05-03T23:57:18.457Z,2026-05-03 19:57:18.457,102630,87
6.920,0.994477832,0.087762243,0.081892959,0.071234146,0.053912107,0.165470674,-0.046178552,-0.097206369,0.269887261,0.272541601,-191,334,2026-05-03T23:57:18.497Z,2026-05-03 19:57:18.497,102630,88
6.960,1.002509477,0.053167716,0.086151083,0.080383352,0.051568236,0.285442478,-0.174181754,-0.074649150,0.312108020,0.257022501,-164,318,2026-05-03T23:57:18.537Z,2026-05-03 19:57:18.537,102630,89
7.000,0.997627854,0.074345641,0.111881067,0.077167138,0.039659918,0.212523778,-0.095821319,0.061654273,0.297266189,0.178175838,-4,233,2026-05-03T23:57:18.577Z,2026-05-03 19:57:18.577,102630,90
7.040,0.988057897,0.116658665,0.116020706,0.045378949,0.008921401,0.069573603,0.060741092,0.083583820,0.150573520,-0.025348250,62,70,2026-05-03T23:57:18.617Z,2026-05-03 19:57:18.617,102630,91
7.080,0.987265527,0.126414952,0.055918028,0.016186983,-0.033241631,0.057737666,0.096840328,-0.234807393,0.015861623,-0.304515675,-214,-94,2026-05-03T23:57:18.657Z,2026-05-03 19:57:18.657,102630,92
7.120,1.004942751,0.032938850,0.044262610,-0.043331752,-0.046088466,0.321789235,-0.249030577,-0.296551443,-0.258798942,-0.389576398,-261,-150,2026-05-03T23:57:18.697Z,2026-05-03 19:57:18.697,102630,93
7.160,0.994514735,0.068633269,0.082393379,-0.088032778,-0.060075191,0.166021899,-0.116957664,-0.094555417,-0.465080361,-0.482184490,-29,-257,2026-05-03T23:57:18.737Z,2026-05-03 19:57:18.737,102630,94
7.200,0.991513443,0.089009862,0.036000418,-0.064757812,-0.057569983,0.121190437,-0.041562238,-0.340320026,-0.357673586,-0.465597155,-291,-202,2026-05-03T23:57:18.777Z,2026-05-03 19:57:18.777,102630,95
7.240,1.005133944,0.027708147,0.032620864,-0.064999534,-0.040982057,0.324645154,-0.268384702,-0.358223065,-0.358789059,-0.355766135,-333,-113,2026-05-03T23:57:18.817Z,2026-05-03 19:57:18.817,102630,96
7.280,1.001494074,0.030606232,0.050579684,-0.037559295,-0.023751857,0.270275004,-0.257661497,-0.263087026,-0.232160839,-0.241682537,-257,-40,2026-05-03T23:57:18.857Z,2026-05-03 19:57:18.857,102630,97
7.320,1.001406584,0.054116779,0.065861975,-0.008268308,-0.002164097,0.268968130,-0.170670128,-0.182129782,-0.096991988,-0.098746911,-202,58,2026-05-03T23:57:18.897Z,2026-05-03 19:57:18.897,102630,98
7.360,1.000274258,0.062198391,0.092870698,0.000345787,0.008927500,0.252054134,-0.140767355,-0.039052297,-0.057240601,-0.025307868,-67,91,2026-05-03T23:57:18.937Z,2026-05-03 19:57:18.937,102630,99
7.400,0.991854012,0.099043602,0.095712707,0.021373893,0.023128785,0.126277649,-0.004436398,-0.023996879,0.039797609,0.068720858,-71,162,2026-05-03T23:57:18.977Z,2026-05-03 19:57:18.977,102630,100
7.440,0.997103581,0.083827575,0.084540058,0.051810152,0.048005241,0.204692510,-0.060737217,-0.083183486,0.180251535,0.233431406,-168,301,2026-05-03T23:57:19.017Z,2026-05-03 19:57:19.017,102631,1
7.480,0.999171894,0.070527048,0.084739621,0.073201149,0.060972467,0.235587693,-0.109950493,-0.082126309,0.278964375,0.319289250,-185,368,2026-05-03T23:57:19.057Z,2026-05-03 19:57:19.057,102631,2
7.520,0.999259419,0.063388288,0.098780864,0.085015468,0.064006360,0.236895101,-0.136364619,-0.007743460,0.333483805,0.339377085,-111,371,2026-05-03T23:57:19.097Z,2026-05-03 19:57:19.097,102631,3
7.560,0.995300820,0.090655978,0.106280407,0.093775335,0.062422207,0.177763959,-0.035471442,0.031985029,0.373907882,0.328888184,-67,356,2026-05-03T23:57:19.137Z,2026-05-03 19:57:19.137,102631,4
7.600,0.995118976,0.088535021,0.104020850,0.076865751,0.041953094,0.175047681,-0.043319195,0.020015128,0.295875377,0.193359280,-51,252,2026-05-03T23:57:19.177Z,2026-05-03 19:57:19.177,102631,5
7.640,0.986876223,0.109721017,0.118973224,0.037181260,0.009244571,0.051922478,0.035071102,0.099224653,0.112743722,-0.023208500,78,69,2026-05-03T23:57:19.217Z,2026-05-03 19:57:19.217,102631,6
7.680,0.982150910,0.113845001,0.099725317,0.029911102,0.000474898,-0.018661363,0.050330258,-0.002740260,0.079194187,-0.081273752,-17,41,2026-05-03T23:57:19.257Z,2026-05-03 19:57:19.257,102631,7
7.720,0.984521072,0.126907177,0.108307927,-0.000343094,-0.020414917,0.016742669,0.098661611,0.042725728,-0.060419576,-0.219588179,60,-75,2026-05-03T23:57:19.297Z,2026-05-03 19:57:19.297,102631,8
7.760,0.983931830,0.121944001,0.115511354,-0.058351828,-0.042510953,0.007940932,0.080297363,0.080885552,-0.328111950,-0.365889178,131,-196,2026-05-03T23:57:19.337Z,2026-05-03 19:57:19.337,102631,9
7.800,0.980250025,0.153274849,0.129990458,-0.051407661,-0.026275153,-0.047055624,0.196224629,0.157587949,-0.296066764,-0.258389639,189,-125,2026-05-03T23:57:19.377Z,2026-05-03 19:57:19.377,102631,10
7.840,0.979383335,0.166431371,0.147712784,-0.031526052,-0.004260802,-0.060001705,0.244905074,0.251471173,-0.204319286,-0.112629488,257,-27,2026-05-03T23:57:19.417Z,2026-05-03 19:57:19.417,102631,11
7.880,0.975116670,0.186109660,0.171456069,-0.021574789,0.019578275,-0.123734540,0.317716708,0.377250149,-0.158397283,0.045212425,356,75,2026-05-03T23:57:19.457Z,2026-05-03 19:57:19.457,102631,12
7.920,0.971613011,0.207715876,0.186312367,0.016044287,0.040898539,-0.176070054,0.397661861,0.455950715,0.015203123,0.186376919,409,172,2026-05-03T23:57:19.497Z,2026-05-03 19:57:19.497,102631,13
7.960,0.973435159,0.210137883,0.189172701,0.053318307,0.065912144,-0.148851930,0.406623530,0.471103203,0.187211201,0.351995553,390,299,2026-05-03T23:57:19.537Z,2026-05-03 19:57:19.537,102631,14
8.000,0.971117496,0.221561998,0.207220859,0.065250106,0.070611666,-0.183471753,0.448893897,0.566712502,0.242272768,0.383111756,484,307,2026-05-03T23:57:19.577Z,2026-05-03 19:57:19.577,102631,15
8.040,0.971339331,0.225242178,0.194769470,0.077596457,0.072488207,-0.180158129,0.462510929,0.500751833,0.299247362,0.395536597,412,328,2026-05-03T23:57:19.617Z,2026-05-03 19:57:19.617,102631,16
8.080,0.975061071,0.206601709,0.173602270,0.082901462,0.066085262,-0.124565047,0.393539334,0.388619550,0.323728318,0.353141793,303,314,2026-05-03T23:57:19.657Z,2026-05-03 19:57:19.657,102631,17
8.120,0.980497513,0.180027970,0.157058520,0.070374890,0.049488500,-0.043358799,0.295213847,0.300979785,0.265922060,0.243252270,234,243,2026-05-03T23:57:19.697Z,2026-05-03 19:57:19.697,102631,18
8.160,0.982626443,0.164021781,0.142845341,0.045647737,0.030017852,-0.011558142,0.235989351,0.225686113,0.151813895,0.114334347,182,155,2026-05-03T23:57:19.737Z,2026-05-03 19:57:19.737,102631,19
8.200,0.983290040,0.159382609,0.156179190,0.022899273,0.013047017,-0.001645726,0.218823949,0.296321575,0.046836765,0.001968037,280,55,2026-05-03T23:57:19.777Z,2026-05-03 19:57:19.777,102631,20
8.240,0.976843216,0.193347733,0.152970050,0.005993384,0.001676846,-0.097944446,0.344498300,0.279321302,-0.031178687,-0.073315483,278,-1,2026-05-03T23:57:19.817Z,2026-05-03 19:57:19.817,102631,21
8.280,0.980076313,0.174926996,0.141655940,-0.010664013,-0.005512741,-0.049650424,0.276339733,0.219385312,-0.108047427,-0.120918755,225,-28,2026-05-03T23:57:19.857Z,2026-05-03 19:57:19.857,102631,22
8.320,0.981189864,0.168489637,0.135295479,-0.018736846,-0.007975881,-0.033016885,0.252520865,0.185691058,-0.145301054,-0.137227556,193,-35,2026-05-03T23:57:19.897Z,2026-05-03 19:57:19.897,102631,23
8.360,0.983338203,0.157830213,0.130822032,-0.020646645,-0.002195296,-0.000926298,0.213079930,0.161993179,-0.154114186,-0.098953483,160,-1,2026-05-03T23:57:19.937Z,2026-05-03 19:57:19.937,102631,24
8.400,0.984299242,0.156248030,0.134969648,-0.006645745,0.009338949,0.013429117,0.207225696,0.183964983,-0.089504362,-0.022583608,167,55,2026-05-03T23:57:19.977Z,2026-05-03 19:57:19.977,102631,25
8.440,0.983629360,0.157616695,0.140489991,0.010268755,0.024201507,0.003422824,0.212289893,0.213208752,-0.011449173,0.075823503,177,127,2026-05-03T23:57:20.017Z,2026-05-03 19:57:20.017,102631,26
8.480,0.985322156,0.152029080,0.138778520,0.036210061,0.042432205,0.028708773,0.191615159,0.204142314,0.108261937,0.196531543,142,223,2026-05-03T23:57:20.057Z,2026-05-03 19:57:20.057,102631,27
8.520,0.986975577,0.144776115,0.142346531,0.052439371,0.048074520,0.053406565,0.164778467,0.223043687,0.183155184,0.233890108,154,249,2026-05-03T23:57:20.097Z,2026-05-03 19:57:20.097,102631,28
8.560,0.986000168,0.149239007,0.135914296,0.062728920,0.046756951,0.038836508,0.181291610,0.188969214,0.230638275,0.225166299,120,248,2026-05-03T23:57:20.137Z,2026-05-03 19:57:20.137,102631,29
8.600,0.987845421,0.137794393,0.142041111,0.050082411,0.041844485,0.066399762,0.138945398,0.221425738,0.172278543,0.192640162,161,217,2026-05-03T23:57:20.177Z,2026-05-03 19:57:20.177,102631,30
8.640,0.985052822,0.160164080,0.147284705,0.050652587,0.029828887,0.024685621,0.221715472,0.249203439,0.174909727,0.113083183,207,150,2026-05-03T23:57:20.217Z,2026-05-03 19:57:20.217,102631,31
8.680,0.984444211,0.155197797,0.134488400,0.023636745,0.016010511,0.015594561,0.203339730,0.181415598,0.050239970,0.021589748,155,90,2026-05-03T23:57:20.257Z,2026-05-03 19:57:20.257,102631,32
8.720,0.984034274,0.157323106,0.137551428,0.004467389,0.002455564,0.009471173,0.211203584,0.197641846,-0.038220682,-0.068159477,191,17,2026-05-03T23:57:20.297Z,2026-05-03 19:57:20.297,102631,33
8.760,0.984303606,0.153863270,0.126085509,-0.009572261,-0.005339623,0.013494289,0.198401844,0.136901659,-0.103009327,-0.119772516,138,-13,2026-05-03T23:57:20.337Z,2026-05-03 19:57:20.337,102631,34
8.800,0.985586488,0.148014343,0.136545830,-0.015069165,-0.003703863,0.032657207,0.176760231,0.192314737,-0.128375839,-0.108941918,194,-14,2026-05-03T23:57:20.377Z,2026-05-03 19:57:20.377,102631,35
8.840,0.982905757,0.162567453,0.141343020,-0.008717926,0.007557908,-0.007385912,0.230608193,0.217727635,-0.099066835,-0.034376136,205,40,2026-05-03T23:57:20.417Z,2026-05-03 19:57:20.417,102631,36
8.880,0.982293365,0.163424030,0.148976808,0.003128376,0.017964461,-0.016533456,0.233777612,0.258167280,-0.044399815,0.034527135,233,87,2026-05-03T23:57:20.457Z,2026-05-03 19:57:20.457,102631,37
8.920,0.982653961,0.168124658,0.143176584,0.023810196,0.027759524,-0.011147091,0.251170406,0.227440859,0.051040392,0.099381637,187,143,2026-05-03T23:57:20.497Z,2026-05-03 19:57:20.497,102631,38
8.960,0.984166760,0.155265452,0.150998067,0.031028689,0.038198893,0.011450181,0.203590060,0.268874810,0.084351505,0.168502178,216,190,2026-05-03T23:57:20.537Z,2026-05-03 19:57:20.537,102631,39
9.000,0.982443333,0.171967462,0.156075898,0.050503738,0.047000468,-0.014293331,0.265389162,0.295774388,0.174222839,0.226778661,232,231,2026-05-03T23:57:20.577Z,2026-05-03 19:57:20.577,102631,40
9.040,0.984171767,0.161821366,0.152834479,0.052946807,0.046240751,0.011524969,0.227847595,0.278603119,0.185496844,0.221748462,215,230,2026-05-03T23:57:20.617Z,2026-05-03 19:57:20.617,102631,41
9.080,0.979786389,0.181685253,0.170756652,0.045157524,0.041846309,-0.053981134,0.301345961,0.373545019,0.149551715,0.192652243,321,191,2026-05-03T23:57:20.657Z,2026-05-03 19:57:20.657,102631,42
9.120,0.979317715,0.188372136,0.164668572,0.045279922,0.034026231,-0.060981896,0.326088093,0.341293689,0.150116544,0.140874395,298,156,2026-05-03T23:57:20.697Z,2026-05-03 19:57:20.697,102631,43
9.160,0.972915227,0.208306172,0.223369373,0.013972723,0.031935626,-0.156618346,0.399846017,0.652258527,0.005643495,0.127032200,628,92,2026-05-03T23:57:20.737Z,2026-05-03 19:57:20.737,102631,44
9.200,0.953249133,0.320527631,0.308063996,0.022653244,0.049059041,-0.450378457,0.815076616,1.100924456,0.045701417,0.240408761,1076,104,2026-05-03T23:57:20.777Z,2026-05-03 19:57:20.777,102631,45
9.240,0.926515679,0.442761735,0.388328559,0.004533818,0.052089571,-0.849706451,1.267355000,1.526122344,-0.037914135,0.260474333,1519,47,2026-05-03T23:57:20.817Z,2026-05-03 19:57:20.817,102631,46
9.280,0.930294919,0.476090654,0.336680897,0.052189651,0.075873392,-0.793254478,1.390675329,1.252521192,0.182002805,0.417950389,1198,217,2026-05-03T23:57:20.857Z,2026-05-03 19:57:20.857,102631,47
9.320,0.924042408,0.436745217,0.379285113,-0.001426852,0.056106082,-0.886650661,1.245093284,1.478215097,-0.065420783,0.287068224,1463,76,2026-05-03T23:57:20.897Z,2026-05-03 19:57:20.897,102631,48
9.360,0.919958837,0.444553727,0.352363358,0.060531883,0.106217011,-0.947648556,1.273985550,1.335598317,0.220499625,0.618859802,1243,360,2026-05-03T23:57:20.937Z,2026-05-03 19:57:20.937,102631,49
9.400,0.911241806,0.470689237,0.379007037,0.079489037,0.085782537,-1.077858247,1.370689547,1.476742002,0.307981034,0.483560249,1420,230,2026-05-03T23:57:20.977Z,2026-05-03 19:57:20.977,102631,50
9.440,0.910933728,0.421490085,0.369660735,0.065814126,0.110785274,-1.082460118,1.188647774,1.427230392,0.244875543,0.649106920,1333,368,2026-05-03T23:57:21.017Z,2026-05-03 19:57:21.017,102631,51
9.480,0.894555736,0.485983491,0.381632681,0.107927540,0.120599129,-1.327104567,1.427279812,1.490651232,0.439215933,0.714085848,1386,408,2026-05-03T23:57:21.057Z,2026-05-03 19:57:21.057,102631,52
9.520,0.901924887,0.418522470,0.307554839,0.054992536,0.098576150,-1.217028690,1.177667301,1.098227218,0.194937251,0.568268576,1004,361,2026-05-03T23:57:21.097Z,2026-05-03 19:57:21.097,102631,53
9.560,1.219551516,-0.319026645,-0.333694186,0.588209534,0.479439408,3.527483862,-1.551338041,-2.298760449,2.655568870,3.090018316,-3101,2915,2026-05-03T23:57:21.137Z,2026-05-03 19:57:21.137,102631,54
9.600,0.808080959,0.040864676,0.110642478,0.382427724,-0.192952636,-2.618811950,-0.219704230,0.055092902,1.705949428,-1.361984928,314,-971,2026-05-03T23:57:21.177Z,2026-05-03 19:57:21.177,102631,55
9.640,1.104705515,-0.730491927,-0.324583458,-0.619399613,-0.180833146,1.811984461,-3.073800650,-2.250496781,-2.917174049,-1.281740064,-2128,-514,2026-05-03T23:57:21.217Z,2026-05-03 19:57:21.217,102631,56
9.680,0.859428906,0.270024361,-0.039268435,0.130600960,-0.019192925,-1.851807683,0.628209476,-0.739053368,0.543846756,-0.211497199,-764,65,2026-05-03T23:57:21.257Z,2026-05-03 19:57:21.257,102631,57
9.720,1.204163322,-0.436727093,-0.183617634,0.050428698,-0.338012853,3.297624433,-1.986841446,-1.503736713,0.173876550,-2.322449235,-1123,-1456,2026-05-03T23:57:21.297Z,2026-05-03 19:57:21.297,102631,58
9.760,0.915715916,-0.031823310,-0.227687718,-0.607897155,-0.420030311,-1.011026716,-0.488657033,-1.737195987,-2.864093762,-2.865498478,-1254,-1841,2026-05-03T23:57:21.337Z,2026-05-03 19:57:21.337,102631,59
9.800,1.034351873,-0.228835940,-0.109387418,-0.483908337,-0.394136311,0.761084741,-1.217623430,-1.110505505,-2.291923694,-2.694050626,-631,-1814,2026-05-03T23:57:21.377Z,2026-05-03 19:57:21.377,102631,60
9.840,1.082026215,-0.214233172,-0.196850083,-0.202100469,-0.219688820,1.473214927,-1.163591730,-1.573835014,-0.991467495,-1.539009004,-1362,-831,2026-05-03T23:57:21.417Z,2026-05-03 19:57:21.417,102631,61
9.880,0.919818230,-0.021815018,-0.124726661,-0.359836491,-0.172528900,-0.949748863,-0.451625354,-1.191764452,-1.719370477,-1.226756475,-1026,-652,2026-05-03T23:57:21.457Z,2026-05-03 19:57:21.457,102631,62
9.920,1.099901433,-0.306783797,-0.076492725,-0.009741405,-0.033807692,1.740224020,-1.506038278,-0.936247359,-0.103789874,-0.308263645,-951,23,2026-05-03T23:57:21.497Z,2026-05-03 19:57:21.497,102631,63
9.960,0.969965827,-0.083856620,-0.130899321,0.074575839,0.066315722,-0.200674681,-0.681185476,-1.224463837,0.285308143,0.354667697,-1394,591,2026-05-03T23:57:21.537Z,2026-05-03 19:57:21.537,102631,64
10.000,1.061068535,-0.276074916,-0.022775854,0.136260241,0.075954008,1.160161909,-1.392412355,-0.651684666,0.569962591,0.418484164,-805,543,2026-05-03T23:57:21.577Z,2026-05-03 19:57:21.577,102631,65
10.040,1.009776096,-0.162279923,-0.128837045,0.219553399,0.140409888,0.393986796,-0.971359523,-1.213539025,0.954334767,0.845255698,-1486,973,2026-05-03T23:57:21.617Z,2026-05-03 19:57:21.617,102631,66
10.080,1.024488835,-0.211282939,-0.019461900,0.179333791,0.097765581,0.613756704,-1.152675572,-0.634129148,0.768733709,0.562901686,-817,653,2026-05-03T23:57:21.657Z,2026-05-03 19:57:21.657,102631,67
10.120,1.033160896,-0.200460899,-0.128486435,0.246480052,0.131785288,0.743294653,-1.112632947,-1.211681681,1.078592949,0.788150995,-1472,928,2026-05-03T23:57:21.697Z,2026-05-03 19:57:21.697,102631,68
10.160,1.000251145,-0.162411520,-0.058561532,0.115357001,-0.013107963,0.251708897,-0.971846447,-0.841257675,0.473500598,-0.171207803,-880,114,2026-05-03T23:57:21.737Z,2026-05-03 19:57:21.737,102631,69
10.200,1.032221055,-0.243521881,-0.149995897,-0.001180824,-0.003421796,0.729255878,-1.271962877,-1.325627083,-0.064285441,-0.107074316,-1403,247,2026-05-03T23:57:21.777Z,2026-05-03 19:57:21.777,102631,70
10.240,0.994286680,-0.130487282,-0.091473682,0.028973731,-0.120776530,0.162615360,-0.853723579,-1.015608298,0.074868511,-0.884096678,-913,-414,2026-05-03T23:57:21.817Z,2026-05-03 19:57:21.817,102631,71
10.280,1.022582936,-0.236842445,-0.183343538,-0.239412621,-0.198025474,0.585287548,-1.247248297,-1.502284700,-1.163651542,-1.395572913,-1317,-731,2026-05-03T23:57:21.857Z,2026-05-03 19:57:21.857,102631,72
10.320,0.973408904,-0.102071287,-0.104252617,-0.231076545,-0.246929477,-0.149244106,-0.748581560,-1.083304130,-1.125183125,-1.719373260,-808,-1056,2026-05-03T23:57:21.897Z,2026-05-03 19:57:21.897,102631,73
10.360,1.055332170,-0.130929229,0.079375348,-0.326748639,-0.162324344,1.074475588,-0.855358825,-0.110543301,-1.566680268,-1.159190657,97,-784,2026-05-03T23:57:21.937Z,2026-05-03 19:57:21.937,102631,74
10.400,0.891820657,0.837316453,0.435354752,-0.329589683,-0.237132564,-1.367959497,2.727246840,1.775241471,-1.579790806,-1.654506508,2185,-1494,2026-05-03T23:57:21.977Z,2026-05-03 19:57:21.977,102631,75
10.440,0.941468320,0.219684361,0.224097833,-0.414136951,-0.190682032,-0.626353041,0.441946451,0.656117506,-1.969950313,-1.346950935,943,-1062,2026-05-03T23:57:22.017Z,2026-05-03 19:57:22.017,102631,76
10.480,0.847971177,0.704543979,0.438562955,-0.129454233,0.032691147,-2.022956245,2.235975433,1.792236779,-0.656227569,0.132034613,1826,-99,2026-05-03T23:57:22.057Z,2026-05-03 19:57:22.057,102631,77
10.520,0.969952073,0.238855542,0.410687637,0.206542763,0.261564852,-0.200880136,0.512881735,1.644568546,0.894294704,1.647439924,1351,1112,2026-05-03T23:57:22.097Z,2026-05-03 19:57:22.097,102631,78
10.560,0.931350949,0.598668637,0.363740134,0.403008056,0.227492339,-0.777480150,1.844226101,1.395866274,1.800921298,1.421840980,1137,978,2026-05-03T23:57:22.137Z,2026-05-03 19:57:22.137,102631,79
10.600,0.942548120,0.278369173,0.429983104,0.146947141,0.181746686,-0.610223646,0.659086115,1.746785408,0.619279330,1.118952510,1570,681,2026-05-03T23:57:22.177Z,2026-05-03 19:57:22.177,102631,80
10.640,0.929508202,0.454983466,0.355099139,0.309151660,0.306856989,-0.805005975,1.312576625,1.350090994,1.367803046,1.947325598,978,1397,2026-05-03T23:57:22.217Z,2026-05-03 19:57:22.217,102631,81
10.680,0.931264079,0.443090091,0.456885404,0.401258185,0.278327512,-0.778777764,1.268569950,1.889299122,1.792846186,1.758427882,1585,1157,2026-05-03T23:57:22.257Z,2026-05-03 19:57:22.257,102631,82
10.720,0.943438573,0.324859539,0.339461586,0.338175088,0.301034754,-0.596922605,0.831105109,1.267251764,1.501737194,1.908775752,899,1381,2026-05-03T23:57:22.297Z,2026-05-03 19:57:22.297,102631,83
10.760,0.900834475,0.478436294,0.402750233,0.284947312,0.249947097,-1.233316600,1.399354429,1.602520509,1.256107460,1.570517120,1323,1059,2026-05-03T23:57:22.337Z,2026-05-03 19:57:22.337,102631,84
10.800,0.947581482,0.302924353,0.389396256,0.278105235,0.251086778,-0.535038361,0.749942730,1.531778420,1.224533391,1.578063109,1247,1077,2026-05-03T23:57:22.377Z,2026-05-03 19:57:22.377,102631,85
10.840,0.857173128,0.286939288,0.046507752,0.246318893,0.315830406,-1.885503122,0.690796395,-0.284657903,1.077849250,2.006739866,-754,1723,2026-05-03T23:57:22.417Z,2026-05-03 19:57:22.417,102631,86
10.880,1.048739719,-0.238969612,-0.117295355,0.318134784,0.358996099,0.976001595,-1.255119025,-1.152397443,1.409257383,2.292546057,-1727,2095,2026-05-03T23:57:22.457Z,2026-05-03 19:57:22.457,102631,87
10.920,0.990289323,-0.034251517,-0.060774466,0.643826847,0.136288625,0.102905285,-0.497641643,-0.852980592,2.912225579,0.817968230,-1101,890,2026-05-03T23:57:22.497Z,2026-05-03 19:57:22.497,102631,88
10.960,0.930080578,-0.205558150,-0.239799126,-0.491228347,-0.355941911,-0.796456168,-1.131493284,-1.801355623,-2.325703275,-2.441160071,-1411,-1498,2026-05-03T23:57:22.537Z,2026-05-03 19:57:22.537,102631,89
11.000,1.027340770,-0.211071283,-0.125626225,-0.429791152,-0.466076484,0.656357158,-1.151892423,-1.196529850,-2.042189614,-3.170376731,-621,-2172,2026-05-03T23:57:22.577Z,2026-05-03 19:57:22.577,102631,90
11.040,0.945904346,-0.113990735,-0.281939287,-0.773039274,-0.511162558,-0.560090400,-0.792684707,-2.024591216,-3.626173592,-3.468898031,-1429,-2264,2026-05-03T23:57:22.617Z,2026-05-03 19:57:22.617,102631,91
11.080,1.006007543,-0.145180054,-0.173021936,-0.693631532,-0.481890462,0.337694443,-0.908088302,-1.447606483,-3.259731409,-3.275083325,-863,-2211,2026-05-03T23:57:22.657Z,2026-05-03 19:57:22.657,102631,92
11.120,1.000755363,-0.124709111,-0.188793822,-0.402728590,-0.359377921,0.259240585,-0.832343768,-1.531157337,-1.917304253,-2.463910385,-1122,-1562,2026-05-03T23:57:22.697Z,2026-05-03 19:57:22.697,102631,93
11.160,0.992059591,-0.211693848,-0.126203725,-0.329877534,-0.124725170,0.129348459,-1.154195977,-1.199589131,-1.581119150,-0.910241184,-1101,-403,2026-05-03T23:57:22.737Z,2026-05-03 19:57:22.737,102631,94
11.200,1.016980362,-0.219782910,-0.072405670,0.154420272,0.210884057,0.501599715,-1.184126313,-0.914596371,0.653765517,1.311875182,-1270,1287,2026-05-03T23:57:22.777Z,2026-05-03 19:57:22.777,102631,95
11.240,1.065887599,-0.224115449,-0.060443311,0.473742028,0.274355780,1.232146146,-1.200157142,-0.851226315,2.127336718,1.732130478,-1292,1605,2026-05-03T23:57:22.817Z,2026-05-03 19:57:22.817,102631,96
11.280,1.003192453,-0.142167749,0.009044969,0.388416687,0.200031493,0.295644359,-0.896942473,-0.483115297,1.733586644,1.240018817,-801,1157,2026-05-03T23:57:22.857Z,2026-05-03 19:57:22.857,102631,97
11.320,1.107432442,-0.184552790,0.222459586,0.234574702,0.392723861,1.852717627,-1.053771354,0.647438972,1.023653436,2.515862358,119,1962,2026-05-03T23:57:22.897Z,2026-05-03 19:57:22.897,102631,98
11.360,0.885730615,0.738331599,0.455584927,0.820886631,0.335427073,-1.458928833,2.360993000,1.882409907,3.729301750,2.136492184,1498,1454,2026-05-03T23:57:22.937Z,2026-05-03 19:57:22.937,102631,99
11.400,0.940117347,0.249183500,0.351246774,0.199526632,0.052362254,-0.646533045,0.551096210,1.329683264,0.861917427,0.262279807,1312,82,2026-05-03T23:57:22.977Z,2026-05-03 19:57:22.977,102631,100
11.440,0.897906311,0.590101023,0.356010447,0.055884393,-0.009536394,-1.277055725,1.812525072,1.354918607,0.199052896,-0.147559933,1425,-243,2026-05-03T23:57:23.017Z,2026-05-03 19:57:23.017,102632,1
11.480,0.955072489,0.315152309,0.413956294,-0.067697862,0.056956112,-0.423142276,0.795187388,1.661884108,-0.371241009,0.292696393,1655,49,2026-05-03T23:57:23.057Z,2026-05-03 19:57:23.057,102632,2
11.520,0.931649032,0.528370371,0.330466071,0.135810629,0.036761924,-0.773027570,1.584115499,1.219598434,0.567887770,0.158987805,1218,20,2026-05-03T23:57:23.097Z,2026-05-03 19:57:23.097,102632,3
11.560,0.935185196,0.438892249,0.383354109,-0.189704916,-0.130990939,-0.720206501,1.253037516,1.499770420,-0.934265850,-0.951727732,1747,-897,2026-05-03T23:57:23.137Z,2026-05-03 19:57:23.137,102632,4
11.600,0.927104270,0.413736200,0.304067429,-0.208774006,0.015932970,-0.840914437,1.159957626,1.079752819,-1.022263805,0.021076338,1100,-64,2026-05-03T23:57:23.177Z,2026-05-03 19:57:23.177,102632,5
11.640,1.018069506,0.561783087,0.356915122,-0.053589321,-0.043156719,0.517868679,1.707745884,1.359711084,-0.306134454,-0.370164884,1477,-418,2026-05-03T23:57:23.217Z,2026-05-03 19:57:23.217,102632,6
11.680,1.223451433,-0.222349534,-0.230830478,0.081045786,-0.066002126,3.585738449,-1.193623079,-1.753844618,0.315164949,-0.521427566,-1766,-4,2026-05-03T23:57:23.257Z,2026-05-03 19:57:23.257,102632,7
11.720,1.112527080,-0.248023262,-0.035684948,0.309974006,0.009421468,1.928818216,-1.288618435,-0.720070010,1.371597919,-0.022037236,-784,210,2026-05-03T23:57:23.297Z,2026-05-03 19:57:23.297,102632,8
11.760,0.990409322,-0.254512752,-0.184740656,-0.105929549,-0.008145089,0.104697749,-1.312630197,-1.509685871,-0.547668424,-0.138347907,-1590,254,2026-05-03T23:57:23.337Z,2026-05-03 19:57:23.337,102632,9
11.800,1.020329666,-0.225744814,-0.078749718,-0.108864674,-0.027060544,0.551629575,-1.206185953,-0.948203675,-0.561213120,-0.263589823,-973,60,2026-05-03T23:57:23.377Z,2026-05-03 19:57:23.377,102632,10
11.840,1.075492506,-0.190137913,-0.148135943,0.214985866,-0.070460580,1.375618379,-1.074436867,-1.315774064,0.933257014,-0.550947629,-1299,-102,2026-05-03T23:57:23.417Z,2026-05-03 19:57:23.417,102632,11
11.880,1.003946018,-0.221177638,-0.152088842,-0.333190300,-0.162836139,0.306900651,-1.189286948,-1.336714365,-1.596406543,-1.162579327,-1192,-577,2026-05-03T23:57:23.457Z,2026-05-03 19:57:23.457,102632,12
11.920,0.992580721,-0.131532543,-0.117541081,-0.179260367,-0.143863812,0.137132789,-0.857591147,-1.153699167,-0.886067481,-1.036960854,-1026,-510,2026-05-03T23:57:23.497Z,2026-05-03 19:57:23.497,102632,13
11.960,1.069811187,-0.221409163,-0.144478790,-0.147810473,-0.178298408,1.290754303,-1.190143612,-1.296400461,-0.740935943,-1.264957203,-1128,-664,2026-05-03T23:57:23.537Z,2026-05-03 19:57:23.537,102632,14
12.000,0.955620527,-0.035814460,-0.099768629,-0.225248724,-0.183221039,-0.414956012,-0.503424689,-1.059550408,-1.098289536,-1.297550643,-872,-730,2026-05-03T23:57:23.577Z,2026-05-03 19:57:23.577,102632,15
12.040,1.037836826,-0.020661744,0.087279429,-0.165242863,-0.122917543,0.813140832,-0.447358125,-0.068671788,-0.821381036,-0.898272632,86,-587,2026-05-03T23:57:23.617Z,2026-05-03 19:57:23.617,102632,16
12.080,0.963792651,0.328575102,0.257833297,-0.094065413,-0.061830351,-0.292885825,0.844853062,0.834829603,-0.492919108,-0.493805653,951,-425,2026-05-03T23:57:23.657Z,2026-05-03 19:57:23.657,102632,17
12.120,0.919987574,0.383372420,0.330113657,-0.262562735,0.040367690,-0.947219307,1.047608608,1.217731534,-1.270482161,0.182862095,1211,39,2026-05-03T23:57:23.697Z,2026-05-03 19:57:23.697,102632,18
12.160,0.932567582,0.486727710,0.386516078,0.156860879,0.170865999,-0.759306824,1.430033496,1.516520806,0.665028167,1.046909939,1343,664,2026-05-03T23:57:23.737Z,2026-05-03 19:57:23.737,102632,19
12.200,0.937080467,0.447459257,0.369338230,0.304159725,0.177513790,-0.691896111,1.284736300,1.425521932,1.344766807,1.090925907,1238,714,2026-05-03T23:57:23.777Z,2026-05-03 19:57:23.777,102632,20
12.240,0.951612563,0.254155989,0.242990972,0.234780142,0.277027042,-0.474824532,0.569494915,0.756203057,1.024601478,1.749817283,395,1344,2026-05-03T23:57:23.817Z,2026-05-03 19:57:23.817,102632,21
12.280,0.986643167,0.126493160,0.147230600,0.352013621,0.260864300,0.048441222,0.097129706,0.248916822,1.565597747,1.642801470,-116,1347,2026-05-03T23:57:23.857Z,2026-05-03 19:57:23.857,102632,22
12.320,1.018402596,-0.060886085,0.033768029,0.337969667,0.238518360,0.522844171,-0.596192204,-0.352146010,1.500789238,1.494845828,-717,1334,2026-05-03T23:57:23.897Z,2026-05-03 19:57:23.897,102632,23
12.360,1.027498932,-0.098698979,0.018905558,0.338729264,0.179944168,0.658719687,-0.736103684,-0.430879277,1.504294542,1.107017783,-718,1044,2026-05-03T23:57:23.937Z,2026-05-03 19:57:23.937,102632,24
12.400,1.018436313,-0.012969313,0.073445355,0.229849714,0.108990054,0.523347817,-0.418895362,-0.141957172,1.001849078,0.637220513,-315,627,2026-05-03T23:57:23.977Z,2026-05-03 19:57:23.977,102632,25
12.440,0.977943616,0.127238631,0.110727075,-0.014329233,-0.058016905,-0.081507351,0.099888025,0.055541052,-0.124961282,-0.468556289,126,-272,2026-05-03T23:57:24.017Z,2026-05-03 19:57:24.017,102632,26
12.480,0.970913756,0.199041487,0.132341528,-0.273366486,-0.193019386,-0.186515105,0.365565758,0.170042636,-1.320338131,-1.362426891,435,-991,2026-05-03T23:57:24.057Z,2026-05-03 19:57:24.057,102632,27
12.520,0.958755555,0.258622589,0.119451800,-0.343377142,-0.265918198,-0.368126881,0.586021782,0.101759890,-1.643415668,-1.845100283,465,-1357,2026-05-03T23:57:24.097Z,2026-05-03 19:57:24.097,102632,28
12.560,0.978126061,0.141820923,0.032015329,-0.431534277,-0.279660572,-0.078782098,0.153843960,-0.361430855,-2.050233596,-1.936090490,-3,-1349,2026-05-03T23:57:24.137Z,2026-05-03 19:57:24.137,102632,29
12.600,0.985033488,0.063768780,-0.012883853,-0.273777986,-0.218216144,0.024396832,-0.134956759,-0.599282241,-1.322237075,-1.529258205,-339,-990,2026-05-03T23:57:24.177Z,2026-05-03 19:57:24.177,102632,30
12.640,1.017827668,-0.103264287,-0.082313554,-0.172432438,-0.101417228,0.514256258,-0.752995780,-0.967082936,-0.854558699,-0.755915993,-889,-322,2026-05-03T23:57:24.217Z,2026-05-03 19:57:24.217,102632,31
12.680,1.022876058,-0.133089906,-0.049074052,0.050199890,0.033331361,0.589666015,-0.863353548,-0.790998180,0.172820675,0.136273562,-892,346,2026-05-03T23:57:24.257Z,2026-05-03 19:57:24.257,102632,32
12.720,1.016134205,-0.056161880,0.030044408,0.182889526,0.121283313,0.488960337,-0.578712172,-0.371871725,0.785142329,0.718615929,-574,730,2026-05-03T23:57:24.297Z,2026-05-03 19:57:24.297,102632,33
12.760,1.006858001,0.033166649,0.102474293,0.235929710,0.157494675,0.350398067,-0.248187697,0.011822315,1.029906381,0.958376502,-221,852,2026-05-03T23:57:24.337Z,2026-05-03 19:57:24.337,102632,34
12.800,0.992969406,0.124179165,0.172072516,0.168160999,0.148044311,0.142938717,0.088567695,0.380515749,0.717174726,0.895804296,180,740,2026-05-03T23:57:24.377Z,2026-05-03 19:57:24.377,102632,35
12.840,0.963152175,0.290992491,0.280219242,0.135377005,0.121977974,-0.302452860,0.705793651,0.953418130,0.565886728,0.723215381,819,507,2026-05-03T23:57:24.417Z,2026-05-03 19:57:24.417,102632,36
12.880,0.947152846,0.362454584,0.302994903,0.115607949,0.104727653,-0.541441065,0.970210526,1.074071164,0.474658649,0.608998554,970,397,2026-05-03T23:57:24.457Z,2026-05-03 19:57:24.457,102632,37
12.920,0.961370044,0.280185360,0.206800561,0.071079763,0.046024653,-0.329073247,0.665806186,0.564485994,0.269174832,0.220317647,516,180,2026-05-03T23:57:24.497Z,2026-05-03 19:57:24.497,102632,38
12.960,0.987992263,0.112633381,0.088182973,-0.012260745,0.000966207,0.068593199,0.045847141,-0.063885308,-0.115415850,-0.078020724,-82,54,2026-05-03T23:57:24.537Z,2026-05-03 19:57:24.537,102632,39
13.000,1.001330256,0.032866850,0.041845266,-0.007220836,-0.003467643,0.267827999,-0.249296983,-0.309357210,-0.092158229,-0.107377876,-334,73,2026-05-03T23:57:24.577Z,2026-05-03 19:57:24.577,102632,40
13.040,1.009668036,-0.010232612,0.003195841,0.007182936,-0.026631424,0.392372649,-0.408769295,-0.514100789,-0.025689274,-0.260748558,-517,-12,2026-05-03T23:57:24.617Z,2026-05-03 19:57:24.617,102632,41
13.080,1.014569516,-0.038243911,-0.012423105,-0.048064123,-0.061017358,0.465587974,-0.512413900,-0.596841450,-0.280637374,-0.488422710,-556,-176,2026-05-03T23:57:24.657Z,2026-05-03 19:57:24.657,102632,42
13.120,1.008493257,0.015002880,0.027538664,-0.080079275,-0.082018727,0.374824519,-0.315395456,-0.385145786,-0.428377401,-0.627475756,-304,-321,2026-05-03T23:57:24.697Z,2026-05-03 19:57:24.697,102632,43
13.160,0.988859580,0.116451355,0.097089893,-0.105981213,-0.081633290,0.081548646,0.059974027,-0.016701303,-0.547906841,-0.624923726,83,-382,2026-05-03T23:57:24.737Z,2026-05-03 19:57:24.737,102632,44
13.200,0.972945249,0.176830700,0.131287043,-0.113185564,-0.054036363,-0.156169901,0.283383629,0.164456551,-0.581152690,-0.442200551,235,-270,2026-05-03T23:57:24.777Z,2026-05-03 19:57:24.777,102632,45
13.240,0.976010871,0.168642325,0.130238819,-0.051710276,-0.018124895,-0.110377515,0.253085823,0.158903634,-0.297463240,-0.204425618,179,-83,2026-05-03T23:57:24.817Z,2026-05-03 19:57:24.817,102632,46
13.280,0.990071223,0.104548663,0.092152957,0.028241794,0.020383214,0.099647432,0.015932876,-0.042854497,0.071490850,0.050542041,-87,151,2026-05-03T23:57:24.857Z,2026-05-03 19:57:24.857,102632,47
13.320,1.003970413,0.035744450,0.064236711,0.085807066,0.055071701,0.307265048,-0.238649577,-0.190739543,0.337136782,0.280219437,-291,356,2026-05-03T23:57:24.897Z,2026-05-03 19:57:24.897,102632,48
13.360,1.006343689,0.030459745,0.077103746,0.118494492,0.084923098,0.342715592,-0.258203514,-0.122577010,0.487979148,0.477869782,-261,499,2026-05-03T23:57:24.937Z,2026-05-03 19:57:24.937,102632,49
13.400,0.999236929,0.076462257,0.109602620,0.117352918,0.087130523,0.236559159,-0.087989628,0.049584304,0.482711138,0.492485454,-83,481,2026-05-03T23:57:24.977Z,2026-05-03 19:57:24.977,102632,50
13.440,0.987822917,0.133075156,0.141225773,0.083129041,0.062934133,0.066063606,0.121483750,0.217106522,0.324778525,0.332277718,127,327,2026-05-03T23:57:25.017Z,2026-05-03 19:57:25.017,102632,51
13.480,0.978202965,0.177033678,0.156422900,0.037216322,0.028338200,-0.077633349,0.284134667,0.297612618,0.112905519,0.103213134,260,134,2026-05-03T23:57:25.057Z,2026-05-03 19:57:25.057,102632,52
13.520,0.982142158,0.150911805,0.119852076,-0.018335818,-0.015887392,-0.018792101,0.187481131,0.103880333,-0.143450433,-0.189610795,118,-62,2026-05-03T23:57:25.097Z,2026-05-03 19:57:25.097,102632,53
13.560,0.992788200,0.089538707,0.070862903,-0.055057503,-0.046649471,0.140231984,-0.039605456,-0.155637595,-0.312909659,-0.393290890,-112,-177,2026-05-03T23:57:25.137Z,2026-05-03 19:57:25.137,102632,54
13.600,1.000096142,0.045575839,0.038613434,-0.071778868,-0.057885229,0.249393556,-0.202272459,-0.326477696,-0.390073590,-0.467684442,-276,-206,2026-05-03T23:57:25.177Z,2026-05-03 19:57:25.177,102632,55
13.640,1.002448196,0.036974692,0.036202829,-0.066915487,-0.056762516,0.284527103,-0.234097561,-0.339247765,-0.367630590,-0.460250799,-291,-198,2026-05-03T23:57:25.217Z,2026-05-03 19:57:25.217,102632,56
13.680,0.994075422,0.078216375,0.074050871,-0.054872976,-0.033931861,0.159459718,-0.081499216,-0.138749476,-0.312058125,-0.309085790,-112,-114,2026-05-03T23:57:25.257Z,2026-05-03 19:57:25.257,102632,57
13.720,0.985079710,0.131924363,0.116622525,-0.010818398,-0.003712699,0.025087271,0.117225699,0.086771934,-0.108759864,-0.109000421,83,4,2026-05-03T23:57:25.297Z,2026-05-03 19:57:25.297,102632,58
13.760,0.984620435,0.141500644,0.130088532,0.026343065,0.025664358,0.018226898,0.152658896,0.158107496,0.062728801,0.085509242,117,144,2026-05-03T23:57:25.337Z,2026-05-03 19:57:25.337,102632,59
13.800,0.988820195,0.117987607,0.119609604,0.066068152,0.052592296,0.080960346,0.065658313,0.102595849,0.246047795,0.263802950,21,293,2026-05-03T23:57:25.377Z,2026-05-03 19:57:25.377,102632,60
13.840,0.996389377,0.075859551,0.093344163,0.082291311,0.060932641,0.194024162,-0.090219700,-0.036544138,0.320912660,0.319025556,-137,360,2026-05-03T23:57:25.417Z,2026-05-03 19:57:25.417,102632,61
13.880,0.999232583,0.064647707,0.089453169,0.087080264,0.060445398,0.236494235,-0.131704641,-0.057156501,0.343012199,0.315799450,-158,361,2026-05-03T23:57:25.457Z,2026-05-03 19:57:25.457,102632,62
13.920,0.994281652,0.089543668,0.101466697,0.060109325,0.045366950,0.162540251,-0.039587100,0.006484619,0.218549653,0.215962905,-70,272,2026-05-03T23:57:25.497Z,2026-05-03 19:57:25.497,102632,63
13.960,0.987646101,0.123606251,0.117213998,0.021360976,0.015113643,0.063422437,0.086447855,0.089905235,0.039737998,0.015651463,60,101,2026-05-03T23:57:25.537Z,2026-05-03 19:57:25.537,102632,64
14.000,0.986489415,0.131171435,0.112207181,-0.017723205,-0.017030930,0.046144578,0.114439792,0.063381847,-0.140623412,-0.197182325,77,-61,2026-05-03T23:57:25.577Z,2026-05-03 19:57:25.577,102632,65
14.040,0.989506350,0.104715628,0.085757936,-0.054517466,-0.038061751,0.091209701,0.016550665,-0.076731833,-0.310417556,-0.336430380,-41,-146,2026-05-03T23:57:25.617Z,2026-05-03 19:57:25.617,102632,66
14.080,0.994190438,0.076806130,0.064595387,-0.063239198,-0.051605620,0.161177750,-0.086717263,-0.188839474,-0.350665654,-0.426106260,-140,-197,2026-05-03T23:57:25.657Z,2026-05-03 19:57:25.657,102632,67
14.120,0.996975491,0.061842109,0.053828602,-0.056023781,-0.042292823,0.202779174,-0.142085635,-0.245876029,-0.317368732,-0.364444903,-213,-139,2026-05-03T23:57:25.697Z,2026-05-03 19:57:25.697,102632,68
14.160,0.994334757,0.082587401,0.078301496,-0.027414905,-0.016975049,0.163333507,-0.065325984,-0.116231984,-0.185347614,-0.196812325,-112,-30,2026-05-03T23:57:25.737Z,2026-05-03 19:57:25.737,102632,69
14.200,0.991097879,0.110455315,0.106686555,0.008980177,0.007482530,0.114983002,0.037788079,0.034136579,-0.017395559,-0.034875221,12,71,2026-05-03T23:57:25.777Z,2026-05-03 19:57:25.777,102632,70
14.240,0.987866671,0.129802164,0.126627139,0.044120511,0.035482279,0.066717186,0.109373353,0.139770924,0.144766218,0.150515092,84,198,2026-05-03T23:57:25.817Z,2026-05-03 19:57:25.817,102632,71
14.280,0.989976852,0.118862180,0.121543613,0.067626743,0.051000220,0.098237778,0.068894318,0.112841175,0.253240211,0.253261587,34,283,2026-05-03T23:57:25.857Z,2026-05-03 19:57:25.857,102632,72
14.320,0.995653260,0.087207328,0.099483889,0.079660646,0.051775993,0.183028491,-0.048231791,-0.004019215,0.308772954,0.258398092,-90,307,2026-05-03T23:57:25.897Z,2026-05-03 19:57:25.897,102632,73
14.360,0.998613961,0.070684087,0.088905843,0.066952627,0.043943014,0.227253633,-0.109369433,-0.060055936,0.250129374,0.206534820,-138,276,2026-05-03T23:57:25.937Z,2026-05-03 19:57:25.937,102632,74
14.400,0.994619095,0.082619677,0.091686425,0.028782443,0.027829428,0.167580774,-0.065206558,-0.045325926,0.073985774,0.099844482,-100,190,2026-05-03T23:57:25.977Z,2026-05-03 19:57:25.977,102632,75
14.440,0.991954596,0.106828518,0.102728439,0.008699705,0.000999934,0.127780111,0.024368567,0.013168638,-0.018689854,-0.077797413,-1,41,2026-05-03T23:57:26.017Z,2026-05-03 19:57:26.017,102632,76
14.480,0.991147258,0.109756396,0.097531079,-0.017243448,-0.019017696,0.115720593,0.035202011,-0.014364141,-0.138409482,-0.210336982,-2,-58,2026-05-03T23:57:26.057Z,2026-05-03 19:57:26.057,102632,77
14.520,0.994322252,0.078354173,0.068424671,-0.049188478,-0.042057229,0.163146714,-0.080989349,-0.168554018,-0.285825921,-0.362885003,-132,-151,2026-05-03T23:57:26.097Z,2026-05-03 19:57:26.097,102632,78
14.560,0.999056275,0.054869077,0.052498217,-0.058180842,-0.048316012,0.233860652,-0.167886550,-0.252923685,-0.327322901,-0.404325298,-212,-169,2026-05-03T23:57:26.137Z,2026-05-03 19:57:26.137,102632,79
14.600,0.995440769,0.060119024,0.053242542,-0.045133920,-0.046062663,0.179854436,-0.148461222,-0.248980659,-0.267115391,-0.389405549,-211,-158,2026-05-03T23:57:26.177Z,2026-05-03 19:57:26.177,102632,80
14.640,1.002621303,0.022905732,0.033885931,-0.044737810,-0.035935386,0.287112858,-0.286154115,-0.351521430,-0.265287465,-0.322351413,-333,-88,2026-05-03T23:57:26.217Z,2026-05-03 19:57:26.217,102632,81
14.680,1.005399523,0.028040226,0.039621596,-0.029507383,-0.024509542,0.328612214,-0.267155976,-0.321137001,-0.195003755,-0.246699275,-317,-34,2026-05-03T23:57:26.257Z,2026-05-03 19:57:26.257,102632,82
14.720,0.999678695,0.058659119,0.062538718,-0.002566582,-0.009693821,0.243157986,-0.153863014,-0.199734585,-0.070680284,-0.148602280,-210,22,2026-05-03T23:57:26.297Z,2026-05-03 19:57:26.297,102632,83
14.760,0.998297088,0.071615769,0.075297331,0.008643732,-0.000321492,0.222520384,-0.105922117,-0.132146410,-0.018948149,-0.086546763,-152,59,2026-05-03T23:57:26.337Z,2026-05-03 19:57:26.337,102632,84
14.800,0.995718873,0.092321338,0.093969241,0.028068959,0.012593918,0.184008574,-0.029309446,-0.033232814,0.070693267,-0.001031997,-66,109,2026-05-03T23:57:26.377Z,2026-05-03 19:57:26.377,102632,85
14.840,0.995210233,0.082580571,0.094598405,0.046986749,0.035866308,0.176410824,-0.065351255,-0.029899846,0.157993021,0.153057804,-95,229,2026-05-03T23:57:26.417Z,2026-05-03 19:57:26.417,102632,86
14.880,0.998262103,0.074295985,0.089997930,0.080005082,0.049731522,0.221997791,-0.096005049,-0.054270653,0.310362423,0.244861355,-140,305,2026-05-03T23:57:26.457Z,2026-05-03 19:57:26.457,102632,87
14.920,0.997333565,0.075592026,0.093608284,0.070796829,0.052678960,0.208127860,-0.091209568,-0.035144970,0.267869179,0.264376760,-124,317,2026-05-03T23:57:26.497Z,2026-05-03 19:57:26.497,102632,88
14.960,0.997775962,0.070759815,0.089730201,0.055123548,0.047947535,0.214736125,-0.109089233,-0.055688935,0.195541831,0.233049326,-139,296,2026-05-03T23:57:26.537Z,2026-05-03 19:57:26.537,102632,89
15.000,0.995565772,0.092594452,0.096502983,0.049611881,0.032724927,0.181721653,-0.028298896,-0.019810431,0.170107195,0.132258272,-80,211,2026-05-03T23:57:26.577Z,2026-05-03 19:57:26.577,102632,90
15.040,0.992678185,0.101518987,0.100656294,0.024184159,0.019939655,0.138588634,0.004722776,0.002191544,0.052766117,0.047605170,-39,141,2026-05-03T23:57:26.617Z,2026-05-03 19:57:26.617,102632,91
15.080,0.987407990,0.120533128,0.111138830,-0.007378298,0.003049384,0.059865680,0.075076994,0.057722304,-0.092884866,-0.064227713,43,44,2026-05-03T23:57:26.657Z,2026-05-03 19:57:26.657,102632,92
15.120,0.984868512,0.138053848,0.121608454,-0.020431984,-0.009596706,0.021932519,0.139905405,0.113184666,-0.153123594,-0.147959268,119,-31,2026-05-03T23:57:26.697Z,2026-05-03 19:57:26.697,102632,93
15.160,0.984730403,0.138384066,0.118430550,-0.028734236,-0.014398738,0.019869535,0.141127247,0.096349860,-0.191435918,-0.179754207,108,-53,2026-05-03T23:57:26.737Z,2026-05-03 19:57:26.737,102632,94
15.200,0.979887629,0.161645088,0.133446155,-0.029163557,-0.011773557,-0.052468877,0.227195347,0.175894350,-0.193417102,-0.162372511,188,-53,2026-05-03T23:57:26.777Z,2026-05-03 19:57:26.777,102632,95
15.240,0.979516447,0.166687717,0.140046718,-0.013984791,-0.004056902,-0.058013367,0.245853579,0.210860533,-0.123371790,-0.111279439,214,-19,2026-05-03T23:57:26.817Z,2026-05-03 19:57:26.817,102632,96
15.280,0.983068247,0.148756086,0.135540993,0.005233155,0.012334137,-0.004958744,0.179504756,0.186991658,-0.034686910,-0.002752046,166,70,2026-05-03T23:57:26.857Z,2026-05-03 19:57:26.857,102632,97
15.320,0.981490438,0.161853650,0.143550170,0.025076630,0.022806320,-0.028527089,0.227967048,0.229419914,0.056884595,0.066585767,196,117,2026-05-03T23:57:26.897Z,2026-05-03 19:57:26.897,102632,98
15.360,0.981217339,0.167603886,0.153077429,0.046746257,0.039334508,-0.032606475,0.249243495,0.279890133,0.156883223,0.176021246,226,194,2026-05-03T23:57:26.937Z,2026-05-03 19:57:26.937,102632,99
15.400,0.980262554,0.175750673,0.165896708,0.063887721,0.056824280,-0.046868475,0.279387421,0.347799686,0.235985783,0.291823513,273,273,2026-05-03T23:57:26.977Z,2026-05-03 19:57:26.977,102632,100
15.440,0.976577613,0.196445063,0.180494581,0.073653228,0.062078708,-0.101911863,0.355958731,0.425131254,0.281050578,0.326613825,347,287,2026-05-03T23:57:27.017Z,2026-05-03 19:57:27.017,102633,1
15.480,0.978957160,0.183405854,0.169910079,0.065515819,0.056367818,-0.066367656,0.307712355,0.369060334,0.243498949,0.288801217,296,267,2026-05-03T23:57:27.057Z,2026-05-03 19:57:27.057,102633,2
15.520,0.978609746,0.182706942,0.166751541,0.044160492,0.045199514,-0.071557114,0.305126311,0.352328126,0.144950716,0.214854287,294,212,2026-05-03T23:57:27.097Z,2026-05-03 19:57:27.097,102633,3
15.560,0.980735595,0.177002643,0.159592545,0.031507215,0.030243489,-0.039802469,0.284019837,0.314403668,0.086559756,0.115828324,275,141,2026-05-03T23:57:27.137Z,2026-05-03 19:57:27.137,102633,4
15.600,0.982896388,0.159069154,0.140754112,0.002958616,0.015947826,-0.007525873,0.217664135,0.214607920,-0.045183204,0.021174707,190,84,2026-05-03T23:57:27.177Z,2026-05-03 19:57:27.177,102633,5
15.640,0.982436502,0.163533276,0.140531573,-0.010970938,-0.000690795,-0.014395363,0.234181834,0.213429032,-0.109463789,-0.088991970,212,-2,2026-05-03T23:57:27.217Z,2026-05-03 19:57:27.217,102633,6
15.680,0.984589176,0.147359493,0.128243100,-0.020688470,-0.007471670,0.017759969,0.174337221,0.148331401,-0.154307195,-0.133889104,153,-26,2026-05-03T23:57:27.257Z,2026-05-03 19:57:27.257,102633,7
15.720,0.981936588,0.165218503,0.138718137,-0.011980886,-0.005061258,-0.021862769,0.240417343,0.203822434,-0.114124385,-0.117929421,208,-23,2026-05-03T23:57:27.297Z,2026-05-03 19:57:27.297,102633,8
15.760,0.980351918,0.175360240,0.149009087,0.002673222,0.007354008,-0.045533609,0.277942779,0.258338276,-0.046500208,-0.035726186,248,32,2026-05-03T23:57:27.337Z,2026-05-03 19:57:27.337,102633,9
15.800,0.979256487,0.181445670,0.157922657,0.019393359,0.023581885,-0.061896486,0.300459479,0.305557510,0.030658054,0.071720891,275,108,2026-05-03T23:57:27.377Z,2026-05-03 19:57:27.377,102633,10
15.840,0.979863863,0.181147101,0.159702010,0.038662357,0.033543966,-0.052823873,0.299354743,0.314983555,0.119578523,0.137681250,271,158,2026-05-03T23:57:27.417Z,2026-05-03 19:57:27.417,102633,11
15.880,0.980033860,0.178542610,0.160471114,0.043993193,0.044487546,-0.050284558,0.289717866,0.319057849,0.144178686,0.210140244,260,214,2026-05-03T23:57:27.457Z,2026-05-03 19:57:27.457,102633,12
15.920,0.980327518,0.182006163,0.164218560,0.053636303,0.047265932,-0.045898078,0.302533359,0.338909772,0.188678658,0.228536332,277,225,2026-05-03T23:57:27.497Z,2026-05-03 19:57:27.497,102633,13
15.960,0.980330667,0.176869185,0.161561398,0.047351489,0.045257220,-0.045851032,0.283526027,0.324833575,0.159676185,0.215236366,265,217,2026-05-03T23:57:27.537Z,2026-05-03 19:57:27.537,102633,14
16.000,0.977538049,0.192233562,0.168163004,0.039878353,0.035795283,-0.087565458,0.340375758,0.359805286,0.125189973,0.152587538,315,162,2026-05-03T23:57:27.577Z,2026-05-03 19:57:27.577,102633,15
16.040,0.978453529,0.186904793,0.164905066,0.031001625,0.029242079,-0.073890582,0.320658780,0.342546504,0.084226617,0.109197842,306,131,2026-05-03T23:57:27.617Z,2026-05-03 19:57:27.617,102633,16
16.080,0.977073808,0.192389365,0.166592517,0.015164733,0.024518578,-0.094500014,0.340952242,0.351485702,0.011144255,0.077922871,322,105,2026-05-03T23:57:27.657Z,2026-05-03 19:57:27.657,102633,17
16.120,0.978895943,0.187488878,0.162309613,0.010752202,0.018172219,-0.067282068,0.322819951,0.328797214,-0.009218213,0.035902725,307,76,2026-05-03T23:57:27.697Z,2026-05-03 19:57:27.697,102633,18
16.160,0.979267726,0.183507659,0.159089366,0.007494777,0.016065063,-0.061728604,0.308089043,0.311738099,-0.024250221,0.021950946,292,68,2026-05-03T23:57:27.737Z,2026-05-03 19:57:27.737,102633,19
16.200,0.978384793,0.184949562,0.156288656,0.005548072,0.016347494,-0.074917320,0.313424229,0.296901462,-0.033233665,0.023820963,276,72,2026-05-03T23:57:27.777Z,2026-05-03 19:57:27.777,102633,20
16.240,0.973075199,0.213096788,0.178546139,0.013547092,0.023520112,-0.154228787,0.417571774,0.414809472,0.003679342,0.071311890,390,89,2026-05-03T23:57:27.817Z,2026-05-03 19:57:27.817,102633,21
16.280,0.972282233,0.220835774,0.190604574,0.027764498,0.032963049,-0.166073627,0.446206795,0.478688488,0.069288273,0.133834911,444,127,2026-05-03T23:57:27.857Z,2026-05-03 19:57:27.857,102633,22
16.320,0.976010275,0.202431169,0.178304994,0.032418140,0.035445189,-0.110386418,0.378107918,0.413532016,0.090763394,0.150269518,372,151,2026-05-03T23:57:27.897Z,2026-05-03 19:57:27.897,102633,23
16.360,0.978518493,0.190120680,0.167952334,0.035070945,0.032091073,-0.072920185,0.332557883,0.358689268,0.103005267,0.128061434,319,143,2026-05-03T23:57:27.937Z,2026-05-03 19:57:27.937,102633,24
16.400,0.981924713,0.172215739,0.157320837,0.034336549,0.036215984,-0.022040160,0.266307812,0.302369397,0.099616258,0.155373062,254,174,2026-05-03T23:57:27.977Z,2026-05-03 19:57:27.977,102633,25
16.440,0.979618897,0.182601421,0.159790304,0.037551534,0.038191881,-0.056483019,0.304735874,0.315451287,0.114452419,0.168455756,265,182,2026-05-03T23:57:28.017Z,2026-05-03 19:57:28.017,102633,26
16.480,0.976075251,0.203035744,0.175938536,0.038483985,0.038891860,-0.109415843,0.380344909,0.400995813,0.118755395,0.173090414,354,171,2026-05-03T23:57:28.057Z,2026-05-03 19:57:28.057,102633,27
16.520,0.976423318,0.196881423,0.173785596,0.029969533,0.033882983,-0.104216627,0.357573305,0.389590713,0.079463829,0.139925925,349,147,2026-05-03T23:57:28.097Z,2026-05-03 19:57:28.097,102633,28
16.560,0.976298311,0.197548066,0.168947867,0.020754514,0.030334923,-0.106083914,0.360039952,0.363963063,0.036939365,0.116433715,327,133,2026-05-03T23:57:28.137Z,2026-05-03 19:57:28.137,102633,29
16.600,0.976041508,0.202025226,0.173471916,0.019574805,0.024756205,-0.109919881,0.376605889,0.387929008,0.031495374,0.079496231,360,100,2026-05-03T23:57:28.177Z,2026-05-03 19:57:28.177,102633,30
16.640,0.975454733,0.202894218,0.172402804,0.013946890,0.022639092,-0.118684758,0.379821247,0.382265436,0.005524283,0.065478529,357,90,2026-05-03T23:57:28.217Z,2026-05-03 19:57:28.217,102633,31
16.680,0.976923196,0.196549342,0.169623265,0.013542172,0.021574085,-0.096749755,0.356344574,0.367540954,0.003656635,0.058426966,343,87,2026-05-03T23:57:28.257Z,2026-05-03 19:57:28.257,102633,32
16.720,0.972522173,0.217788717,0.177883652,0.018830566,0.028036768,-0.162489554,0.434932381,0.411299980,0.028060942,0.101217311,380,113,2026-05-03T23:57:28.297Z,2026-05-03 19:57:28.297,102633,33
16.760,0.972777770,0.222151062,0.191867837,0.032679545,0.032990885,-0.158671608,0.451073491,0.485380565,0.091969695,0.134019221,451,126,2026-05-03T23:57:28.337Z,2026-05-03 19:57:28.337,102633,34
16.800,0.973666954,0.210398576,0.179409993,0.026946452,0.036989516,-0.145389513,0.407588119,0.419385698,0.065513242,0.160494725,376,158,2026-05-03T23:57:28.377Z,2026-05-03 19:57:28.377,102633,35
16.840,0.969013505,0.238870443,0.198396626,0.037871373,0.041853112,-0.214899893,0.512936869,0.519966528,0.115928379,0.192697284,475,166,2026-05-03T23:57:28.417Z,2026-05-03 19:57:28.417,102633,36
16.880,0.966831458,0.244390397,0.205782052,0.036889717,0.044109407,-0.247493983,0.533361251,0.559090487,0.111398341,0.207636534,513,171,2026-05-03T23:57:28.457Z,2026-05-03 19:57:28.457,102633,37
16.920,0.957791991,0.295494485,0.235473760,0.043766843,0.048721354,-0.382520010,0.722451477,0.716380965,0.143134151,0.238172887,672,168,2026-05-03T23:57:28.497Z,2026-05-03 19:57:28.497,102633,38
16.960,0.946684809,0.345810287,0.275922949,0.038691880,0.058302351,-0.548432317,0.908624967,0.930658714,0.119714763,0.301610035,884,181,2026-05-03T23:57:28.537Z,2026-05-03 19:57:28.537,102633,39
17.000,0.929000795,0.452403188,0.338471358,0.052333578,0.076572458,-0.812585313,1.303029339,1.262006078,0.182666986,0.422579007,1207,219,2026-05-03T23:57:28.577Z,2026-05-03 19:57:28.577,102633,40
17.040,0.930966654,0.399199854,0.351132657,0.028407249,0.056202702,-0.783220513,1.106171694,1.329078735,0.072254371,0.287707957,1306,102,2026-05-03T23:57:28.617Z,2026-05-03 19:57:28.617,102633,41
17.080,0.921183574,0.473987054,0.343925623,0.072690022,0.068261071,-0.929354181,1.382891797,1.290899797,0.276605681,0.367548132,1249,171,2026-05-03T23:57:28.657Z,2026-05-03 19:57:28.657,102633,42
17.120,0.930551732,0.386539893,0.344068127,0.042171961,0.083148521,-0.789418368,1.059328575,1.291654709,0.135774264,0.466120051,1229,248,2026-05-03T23:57:28.697Z,2026-05-03 19:57:28.697,102633,43
17.160,0.913298285,0.477652335,0.362123784,0.074337186,0.068547360,-1.047139814,1.396453704,1.387303735,0.284206834,0.369443689,1350,156,2026-05-03T23:57:28.737Z,2026-05-03 19:57:28.737,102633,44
17.200,0.920352507,0.397880232,0.340614994,0.051613940,0.095863185,-0.941768160,1.101288962,1.273361893,0.179346078,0.550305649,1192,317,2026-05-03T23:57:28.777Z,2026-05-03 19:57:28.777,102633,45
17.240,0.903472695,0.471772367,0.377054704,0.079008052,0.076562293,-1.193908470,1.374697234,1.466399607,0.305761436,0.422511703,1422,184,2026-05-03T23:57:28.817Z,2026-05-03 19:57:28.817,102633,46
17.280,0.902093618,0.423107646,0.343698149,0.049849297,0.098139393,-1.214508286,1.194632908,1.289694768,0.171202797,0.565376746,1206,326,2026-05-03T23:57:28.857Z,2026-05-03 19:57:28.857,102633,47
17.320,0.888363233,0.460004991,0.383349847,0.071279045,0.078048914,-1.419604394,1.331156771,1.499747840,0.270094458,0.432354830,1455,186,2026-05-03T23:57:28.897Z,2026-05-03 19:57:28.897,102633,48
17.360,0.879040034,0.452402569,0.358779073,0.052553776,0.101741093,-1.558868642,1.303027050,1.369585279,0.183683129,0.589224114,1285,331,2026-05-03T23:57:28.937Z,2026-05-03 19:57:28.937,102633,49
17.400,1.051892209,0.522238994,0.413654677,-0.029434189,0.161713209,1.023091560,1.561428791,1.660286303,-0.194665986,0.986308015,1507,592,2026-05-03T23:57:28.977Z,2026-05-03 19:57:28.977,102633,50
17.440,1.325571160,-0.840464597,-0.490391764,-0.133075788,0.167918588,5.111140550,-3.480710506,-3.128858774,-0.672939927,1.027394711,-3539,1443,2026-05-03T23:57:29.017Z,2026-05-03 19:57:29.017,102633,51
17.480,0.794266798,0.333007581,0.242397394,0.807255991,-0.089042545,-2.825159446,0.861253678,0.753058606,3.666400557,-0.673981457,903,-552,2026-05-03T23:57:29.057Z,2026-05-03 19:57:29.057,102633,52
17.520,1.187048607,-0.577799063,-0.421605359,-0.188702972,0.329921023,3.041975267,-2.508821813,-2.764465911,-0.929642186,2.100035843,-3382,2220,2026-05-03T23:57:29.097Z,2026-05-03 19:57:29.097,102633,53
17.560,0.900781374,-0.105789940,0.147393215,-0.031263416,-0.090017527,-1.234109784,-0.762340947,0.249778267,-0.203107300,-0.680436948,375,-471,2026-05-03T23:57:29.137Z,2026-05-03 19:57:29.137,102633,54
17.600,0.943135500,-0.099834251,-0.260303733,-0.337576395,-0.125586564,-0.601449724,-0.740304305,-1.909977852,-1.616647015,-0.915944596,-1847,-286,2026-05-03T23:57:29.177Z,2026-05-03 19:57:29.177,102633,55
17.640,1.094481840,-0.247436067,-0.096188751,0.047142361,-0.164644313,1.659269452,-1.286445755,-1.040586164,0.158711121,-1.174551505,-878,-637,2026-05-03T23:57:29.217Z,2026-05-03 19:57:29.217,102633,56
17.680,0.869130111,-0.002939296,-0.101881313,-0.570583757,-0.156567608,-1.706897020,-0.381783300,-1.070742255,-2.691903963,-1.121074489,-921,-590,2026-05-03T23:57:29.257Z,2026-05-03 19:57:29.257,102633,57
17.720,1.066620545,-0.306335024,-0.208155934,-0.228126664,-0.223981663,1.243094451,-1.504377774,-1.633727247,-1.111570336,-1.567432528,-1419,-843,2026-05-03T23:57:29.297Z,2026-05-03 19:57:29.297,102633,58
17.760,0.971395559,-0.069877034,-0.040672027,-0.091099534,-0.208790879,-0.179318220,-0.629459611,-0.746488832,-0.479232491,-1.466852189,-507,-916,2026-05-03T23:57:29.337Z,2026-05-03 19:57:29.337,102633,59
17.800,0.995581388,-0.140614748,-0.158066024,-0.007706746,0.017364595,0.181954921,-0.891196213,-1.368378218,-0.094400553,0.030555336,-1477,362,2026-05-03T23:57:29.377Z,2026-05-03 19:57:29.377,102633,60
17.840,1.036138444,-0.232195833,-0.029559937,0.063607246,-0.000509832,0.787771441,-1.230055367,-0.687623042,0.234691475,-0.087793785,-736,153,2026-05-03T23:57:29.417Z,2026-05-03 19:57:29.417,102633,61
17.880,0.975970237,-0.069415848,-0.094613789,0.240598711,0.120142433,-0.110984476,-0.627753178,-1.032242875,1.051452378,0.711062002,-1267,837,2026-05-03T23:57:29.457Z,2026-05-03 19:57:29.457,102633,62
17.920,1.061793399,-0.278449107,-0.041731535,0.142879667,0.117034570,1.170989485,-1.401197100,-0.752101527,0.600509193,0.690484400,-968,773,2026-05-03T23:57:29.497Z,2026-05-03 19:57:29.497,102633,63
17.960,0.955333726,-0.042649073,-0.056645174,0.230958080,0.137010550,-0.419240068,-0.528713436,-0.831105858,1.006963843,0.822748196,-1079,890,2026-05-03T23:57:29.537Z,2026-05-03 19:57:29.537,102633,64
18.000,1.068004608,-0.298420399,-0.065986541,0.068694510,0.115496343,1.263768735,-1.475092874,-0.880591327,0.258167625,0.680299576,-1101,787,2026-05-03T23:57:29.577Z,2026-05-03 19:57:29.577,102633,65
18.040,0.959219222,-0.035951636,-0.047860348,0.106798885,0.015978738,-0.361200908,-0.503932253,-0.784568639,0.434007537,0.021379381,-861,255,2026-05-03T23:57:29.617Z,2026-05-03 19:57:29.617,102633,66
18.080,1.063827276,-0.255639977,-0.114429627,-0.028284003,0.017465776,1.201370303,-1.316801043,-1.137216379,-0.189358231,0.031225270,-1234,323,2026-05-03T23:57:29.657Z,2026-05-03 19:57:29.657,102633,67
18.120,0.963585832,-0.053785812,-0.047056312,-0.087219036,-0.096797358,-0.295975154,-0.569920483,-0.780309295,-0.461325193,-0.725327177,-699,-330,2026-05-03T23:57:29.697Z,2026-05-03 19:57:29.697,102633,68
18.160,1.036646466,-0.201254169,-0.150164419,-0.195670504,-0.110770347,0.795359967,-1.115568124,-1.326519823,-0.961795192,-0.817844323,-1254,-309,2026-05-03T23:57:29.737Z,2026-05-03 19:57:29.737,102633,69
18.200,0.987904775,-0.102999866,-0.066449765,-0.214503410,-0.209244187,0.067286361,-0.752017395,-0.883045236,-1.048703234,-1.469853603,-650,-895,2026-05-03T23:57:29.777Z,2026-05-03 19:57:29.777,102633,70
18.240,0.995216455,-0.125830113,-0.156736028,-0.237136240,-0.178511143,0.176503775,-0.836491589,-1.361332624,-1.153146746,-1.266365755,-1196,-654,2026-05-03T23:57:29.817Z,2026-05-03 19:57:29.817,102633,71
18.280,1.021980023,-0.152948208,-0.080833642,-0.092113170,-0.161380717,0.576281603,-0.936831246,-0.959243172,-0.483910108,-1.152942772,-797,-634,2026-05-03T23:57:29.857Z,2026-05-03 19:57:29.857,102633,72
18.320,0.980077565,-0.114471782,-0.118839754,-0.120014107,-0.081745418,-0.049631727,-0.794464629,-1.160578825,-0.612664308,-0.625666140,-1120,-187,2026-05-03T23:57:29.897Z,2026-05-03 19:57:29.897,102633,73
18.360,1.026940289,-0.202738281,-0.081087505,0.011624375,-0.044261995,0.650375014,-1.121059485,-0.960587996,-0.005193404,-0.377483072,-962,-27,2026-05-03T23:57:29.937Z,2026-05-03 19:57:29.937,102633,74
18.400,0.994025457,-0.134764573,-0.079672717,0.081343482,-0.004252539,0.158713366,-0.869549982,-0.953093221,0.316538725,-0.112574781,-1010,179,2026-05-03T23:57:29.977Z,2026-05-03 19:57:29.977,102633,75
18.440,1.024774456,-0.195355575,-0.086779872,0.147963240,0.064764175,0.618023131,-1.093742737,-0.990743056,0.623968311,0.344394687,-1146,543,2026-05-03T23:57:30.017Z,2026-05-03 19:57:30.017,102633,76
18.480,0.998000960,-0.161541290,-0.059800581,0.132702665,0.074306468,0.218097008,-0.968626506,-0.847821482,0.553545475,0.407575562,-1009,568,2026-05-03T23:57:30.057Z,2026-05-03 19:57:30.057,102633,77
18.520,1.009245033,-0.200277796,-0.095905157,0.081241993,0.062010680,0.386054100,-1.111955445,-1.039083836,0.316070383,0.326163408,-1193,537,2026-05-03T23:57:30.097Z,2026-05-03 19:57:30.097,102633,78
18.560,0.998323314,-0.173511636,-0.075203162,0.080521744,0.019305227,0.222912133,-1.012917981,-0.929415955,0.312746656,0.043404537,-1018,297,2026-05-03T23:57:30.137Z,2026-05-03 19:57:30.137,102633,79
18.600,0.996843672,-0.185529160,-0.113367731,0.004979130,-0.000492447,0.200810138,-1.057384022,-1.131591035,-0.035859156,-0.087678677,-1203,229,2026-05-03T23:57:30.177Z,2026-05-03 19:57:30.177,102633,80
18.640,0.993403707,-0.189240994,-0.102068814,-0.047797800,-0.055650958,0.149426039,-1.071118176,-1.071735530,-0.279408372,-0.452891017,-1063,-67,2026-05-03T23:57:30.217Z,2026-05-03 19:57:30.217,102633,81
18.680,0.978097322,-0.173970958,-0.129024846,-0.136861562,-0.100897874,-0.079211383,-1.014617519,-1.214533893,-0.690410102,-0.752477275,-1150,-277,2026-05-03T23:57:30.257Z,2026-05-03 19:57:30.257,102633,82
18.720,1.157784982,-0.105715462,-0.104662656,-0.111117072,-0.162651449,2.604853111,-0.762065373,-1.085476293,-0.571607238,-1.161356465,-928,-619,2026-05-03T23:57:30.297Z,2026-05-03 19:57:30.297,102633,83
18.760,0.846871424,1.018511598,0.444706183,-0.507548649,-0.207702780,-2.039383689,3.397686961,1.824780254,-2.401016426,-1.459647727,2196,-1350,2026-05-03T23:57:30.337Z,2026-05-03 19:57:30.337,102633,84
18.800,0.887246537,0.159168451,0.117622322,-0.440502667,-0.214508702,-1.436284908,0.218031543,0.092068310,-2.091619945,-1.504710703,383,-1089,2026-05-03T23:57:30.377Z,2026-05-03 19:57:30.377,102633,85
18.840,0.855744660,0.719949932,0.518661366,0.112100812,-0.145360077,-1.906840707,2.292978997,2.216554483,0.458474294,-1.046867838,2521,-1094,2026-05-03T23:57:30.417Z,2026-05-03 19:57:30.417,102633,86
18.880,0.919709504,0.380157158,0.238789906,0.152172184,0.277450689,-0.951372946,1.035711817,0.733948102,0.643391287,1.752622308,371,1350,2026-05-03T23:57:30.457Z,2026-05-03 19:57:30.457,102633,87
18.920,0.907576892,0.428338964,0.541851735,0.267489703,0.127571079,-1.132602482,1.213989309,2.339404415,1.175545990,0.760248124,2269,299,2026-05-03T23:57:30.497Z,2026-05-03 19:57:30.497,102633,88
18.960,0.888176343,0.553289295,0.265220262,0.301986685,0.366421227,-1.422396030,1.676318007,0.873961715,1.334738899,2.341708883,394,1787,2026-05-03T23:57:30.537Z,2026-05-03 19:57:30.537,102633,89
19.000,0.974851131,0.229196712,0.505361617,0.358040094,0.247619569,-0.127700995,0.477143101,2.146099667,1.593408057,1.555106224,1898,954,2026-05-03T23:57:30.577Z,2026-05-03 19:57:30.577,102633,90
19.040,0.891254489,0.634230189,0.355528457,0.361720693,0.356538172,-1.376416566,1.975807393,1.352365287,1.610392883,2.276271769,911,1654,2026-05-03T23:57:30.617Z,2026-05-03 19:57:30.617,102633,91
19.080,0.968228660,0.203934532,0.397260842,0.267345171,0.281028696,-0.226623433,0.383670512,1.573440709,1.174879021,1.776312805,1249,1225,2026-05-03T23:57:30.657Z,2026-05-03 19:57:30.657,102633,92
19.120,0.898534932,0.588766487,0.428269546,0.294242909,0.234334569,-1.267665760,1.807587155,1.737707914,1.299003767,1.467144353,1487,955,2026-05-03T23:57:30.697Z,2026-05-03 19:57:30.697,102633,93
19.160,0.940071719,0.336782728,0.330622920,0.187629896,0.232125528,-0.647214616,0.875222099,1.220429334,0.807017668,1.452517981,946,1032,2026-05-03T23:57:30.737Z,2026-05-03 19:57:30.737,102633,94
19.200,0.930606711,0.464236987,0.444531418,0.252665836,0.169620654,-0.788597121,1.346815576,1.823854440,1.107138426,1.038664333,1668,605,2026-05-03T23:57:30.777Z,2026-05-03 19:57:30.777,102633,95
19.240,0.916893196,0.455296310,0.315753233,-0.025703157,0.153476001,-0.993441228,1.313734181,1.141657839,-0.177448426,0.931768287,973,638,2026-05-03T23:57:30.817Z,2026-05-03 19:57:30.817,102633,96
19.280,0.903440239,0.434450455,0.404235451,-0.093431271,-0.036234837,-1.194393276,1.236602435,1.610388383,-0.489992735,-0.324334123,1731,-425,2026-05-03T23:57:30.857Z,2026-05-03 19:57:30.857,102633,97
19.320,0.884275243,0.558928431,0.298666897,-0.131620516,-0.027089554,-1.480668281,1.697183372,1.051143750,-0.666224298,-0.263781900,1130,-282,2026-05-03T23:57:30.897Z,2026-05-03 19:57:30.897,102633,98
19.360,0.924969101,0.411918768,0.363617739,-0.366019807,-0.153164386,-0.872808294,1.153232944,1.395217894,-1.747904567,-1.098541277,1668,-994,2026-05-03T23:57:30.937Z,2026-05-03 19:57:30.937,102633,99
19.400,1.077680779,-0.423896456,0.246314300,0.195734701,-0.237369148,1.408305457,-1.939366806,0.773808234,0.844418836,-1.656072965,1132,-1324,2026-05-03T23:57:30.977Z,2026-05-03 19:57:30.977,102633,100
19.440,0.767362111,0.263169280,-0.390847865,0.076099372,0.287236395,-3.227045238,0.602844994,-2.601529475,0.292338777,1.817414859,-3151,1971,2026-05-03T23:57:31.017Z,2026-05-03 19:57:31.017,102634,1
19.480,1.215554252,-0.698205185,0.076350773,-0.198552734,-0.122125923,3.467775176,-2.954336483,-0.126565853,-0.975095791,-0.893031202,24,-573,2026-05-03T23:57:31.057Z,2026-05-03 19:57:31.057,102634,2
19.520,0.754445310,0.284972882,-0.250426431,-0.028396560,-0.038930938,-3.419988520,0.683520497,-1.857653289,-0.189877647,-0.342185390,-1913,154,2026-05-03T23:57:31.097Z,2026-05-03 19:57:31.097,102634,3
19.560,1.227098861,-0.615363066,-0.062872823,-0.030628660,-0.038182220,3.640221494,-2.647812375,-0.864096545,-0.200178098,-0.337228018,-869,-12,2026-05-03T23:57:31.137Z,2026-05-03 19:57:31.137,102634,4
19.600,0.863088846,0.184279200,-0.106340893,0.123980326,-0.031884314,-1.797137739,0.310943824,-1.094366676,0.513294578,-0.295528688,-1120,60,2026-05-03T23:57:31.177Z,2026-05-03 19:57:31.177,102634,5
19.640,1.111958456,-0.450283371,-0.164931468,-0.229448451,-0.004295805,1.920324465,-2.037001027,-1.404747597,-1.117669976,-0.112861254,-1485,256,2026-05-03T23:57:31.217Z,2026-05-03 19:57:31.217,102634,6
19.680,0.967651911,-0.051388639,-0.035203613,0.083016481,-0.137575576,-0.235238555,-0.561050705,-0.717520156,0.324259094,-0.995325551,-576,-552,2026-05-03T23:57:31.257Z,2026-05-03 19:57:31.257,102634,7
19.720,1.000712924,-0.196536786,-0.193322505,-0.144803995,0.034942152,0.258606664,-1.098113335,-1.555147830,-0.727061977,0.146938834,-1698,485,2026-05-03T23:57:31.297Z,2026-05-03 19:57:31.297,102634,8
19.760,1.059136391,-0.202645799,-0.023590060,0.156202751,-0.060460419,1.131300720,-1.120717293,-0.655997886,0.661991108,-0.484735140,-619,-163,2026-05-03T23:57:31.337Z,2026-05-03 19:57:31.337,102634,9
19.800,0.952942920,-0.110966647,-0.168675306,-0.165620509,0.002963477,-0.454952478,-0.781495279,-1.424580407,-0.823123754,-0.064796517,-1516,297,2026-05-03T23:57:31.377Z,2026-05-03 19:57:31.377,102634,10
19.840,1.068623281,-0.249647651,-0.068621117,0.041831212,-0.084739902,1.273010085,-1.294628836,-0.894547873,0.134201809,-0.645493043,-836,-248,2026-05-03T23:57:31.417Z,2026-05-03 19:57:31.417,102634,11
19.880,0.989978120,-0.120524307,-0.127674616,-0.035913363,-0.039667511,0.098256725,-0.816859578,-1.207381110,-0.224565371,-0.347062343,-1228,39,2026-05-03T23:57:31.457Z,2026-05-03 19:57:31.457,102634,12
19.920,1.018037601,-0.196176159,-0.100170691,-0.072709472,-0.056670249,0.517392099,-1.096778979,-1.061680314,-0.394368040,-0.459639885,-1051,-74,2026-05-03T23:57:31.497Z,2026-05-03 19:57:31.497,102634,13
19.960,1.034258833,-0.172023793,-0.112603756,0.065126473,-0.043981388,0.759694959,-1.007412814,-1.127543913,0.241702240,-0.375625135,-1138,3,2026-05-03T23:57:31.537Z,2026-05-03 19:57:31.537,102634,14
20.000,0.993050635,-0.170818388,-0.100167083,-0.114120468,-0.046632581,0.144152070,-1.002952697,-1.061661200,-0.585466987,-0.393179060,-1065,-22,2026-05-03T23:57:31.577Z,2026-05-03 19:57:31.577,102634,15
20.040,1.023022313,-0.189207472,-0.124231547,0.013700860,-0.060297753,0.591850691,-1.070994140,-1.189141608,0.004388934,-0.483658102,-1180,-71,2026-05-03T23:57:31.617Z,2026-05-03 19:57:31.617,102634,16
20.080,1.009089408,-0.187964188,-0.091838530,-0.044777177,-0.051353137,0.383729464,-1.066393869,-1.017541067,-0.265469132,-0.424434531,-1012,-54,2026-05-03T23:57:31.657Z,2026-05-03 19:57:31.657,102634,17
20.120,0.999038830,-0.169464618,-0.133839122,-0.007835296,-0.039201093,0.233600068,-0.997943611,-1.240037302,-0.094993771,-0.343974124,-1263,47,2026-05-03T23:57:31.697Z,2026-05-03 19:57:31.697,102634,18
20.160,1.013630338,-0.214675110,-0.092336297,-0.016202130,-0.050475062,0.451559099,-1.165226944,-1.020177965,-0.133604124,-0.418620671,-1016,-49,2026-05-03T23:57:31.737Z,2026-05-03 19:57:31.737,102634,19
20.200,0.990566742,-0.146064559,-0.132915363,-0.003072172,-0.039811672,0.107049202,-0.911361056,-1.235143727,-0.073013428,-0.348016852,-1257,43,2026-05-03T23:57:31.777Z,2026-05-03 19:57:31.777,102634,20
20.240,1.011409550,0.229685200,-0.090199594,-0.114221342,-0.090635690,0.418386325,0.478950556,-1.008858879,-0.585932485,-0.684529894,-948,-259,2026-05-03T23:57:31.817Z,2026-05-03 19:57:31.817,102634,21
20.280,0.909463406,0.481519350,0.487286663,-0.561574194,-0.253338911,-1.104422899,1.410762044,2.050348418,-2.650327616,-1.761811039,2497,-1625,2026-05-03T23:57:31.857Z,2026-05-03 19:57:31.857,102634,22
20.320,0.955479336,0.475467452,0.130399259,-0.210354133,-0.194324053,-0.417065044,1.388369418,0.159753554,-1.029555600,-1.371065276,426,-996,2026-05-03T23:57:31.897Z,2026-05-03 19:57:31.897,102634,23
20.360,0.929916246,0.366924919,0.535477691,0.251417860,-0.033170789,-0.798910865,0.986751212,2.305638203,1.101379406,-0.304046620,2458,-528,2026-05-03T23:57:31.937Z,2026-05-03 19:57:31.937,102634,24
20.400,0.876539314,0.686022067,0.266871349,0.224636978,0.300697067,-1.596222870,2.167442510,0.882708273,0.977793912,1.906539878,495,1445,2026-05-03T23:57:31.977Z,2026-05-03 19:57:31.977,102634,25
20.440,0.954806340,0.188670080,0.493100099,0.044294577,0.074846256,-0.427117848,0.327190518,2.081144830,0.145569479,0.411149575,2071,70,2026-05-03T23:57:32.017Z,2026-05-03 19:57:32.017,102634,26
20.480,0.891568825,0.706820717,0.313756382,0.481039262,0.321633301,-1.371721210,2.244399590,1.131079610,2.161011194,2.045161661,727,1511,2026-05-03T23:57:32.057Z,2026-05-03 19:57:32.057,102634,27
20.520,0.956443481,0.208745637,0.461928391,0.239033365,0.270523281,-0.402663226,0.401472081,1.916014119,1.044228789,1.706754959,1624,1112,2026-05-03T23:57:32.097Z,2026-05-03 19:57:32.097,102634,28
20.560,0.896290374,0.631189983,0.382470340,0.399204454,0.322258397,-1.301193601,1.964558326,1.495088693,1.783368854,2.049300513,1109,1452,2026-05-03T23:57:32.137Z,2026-05-03 19:57:32.137,102634,29
20.600,0.929157031,0.277292237,0.390667018,0.093352777,0.231813931,-0.810251560,0.655101342,1.538510225,0.371957906,1.450454854,1281,976,2026-05-03T23:57:32.177Z,2026-05-03 19:57:32.177,102634,30
20.640,0.906385276,0.564532826,0.406266120,0.328367746,0.210992692,-1.150402114,1.717920192,1.621145759,1.456479341,1.312594469,1397,854,2026-05-03T23:57:32.217Z,2026-05-03 19:57:32.217,102634,31
20.680,0.929833138,0.369828579,0.351723281,0.041776470,0.193157100,-0.800152280,0.997495046,1.332207539,0.133949195,1.194502485,1118,811,2026-05-03T23:57:32.257Z,2026-05-03 19:57:32.257,102634,32
20.720,0.899471631,0.491391683,0.407985656,0.091674857,0.094709273,-1.253673924,1.447290661,1.630254923,0.364214827,0.542665434,1569,250,2026-05-03T23:57:32.297Z,2026-05-03 19:57:32.297,102634,33
20.760,0.860216274,0.359340487,0.327927872,-0.071292343,0.124721304,-1.840046464,0.958688056,1.206152440,-0.387828425,0.741379356,1081,478,2026-05-03T23:57:32.337Z,2026-05-03 19:57:32.337,102634,34
20.800,1.135169482,-0.617150712,-0.141216395,-0.455845666,-0.279835592,2.267036595,-2.654426843,-1.279118068,-2.162423140,-1.937249326,-968,-1193,2026-05-03T23:57:32.377Z,2026-05-03 19:57:32.377,102634,35
20.840,0.831964350,0.134129100,-0.123549499,-0.045221261,0.029768783,-2.262056454,0.125383446,-1.185528488,-0.267518442,0.112685228,-1302,395,2026-05-03T23:57:32.417Z,2026-05-03 19:57:32.417,102634,36
20.880,1.155434198,-0.331883359,-0.168339499,0.040371644,0.133889707,2.569738545,-1.598909164,-1.422801487,0.127466357,0.802084654,-1697,975,2026-05-03T23:57:32.457Z,2026-05-03 19:57:32.457,102634,37
20.920,0.933117497,-0.074604971,-0.094776722,-0.286330996,-0.252800582,-0.751092532,-0.646953451,-1.033106006,-1.380165336,-1.758246683,-747,-1095,2026-05-03T23:57:32.497Z,2026-05-03 19:57:32.497,102634,38
20.960,1.022103748,-0.271203601,-0.206841786,-0.551437161,-0.263127979,0.578129731,-1.374388005,-1.626765605,-2.603548341,-1.826625845,-1357,-1047,2026-05-03T23:57:32.537Z,2026-05-03 19:57:32.537,102634,39
21.000,1.062818170,-0.139984727,-0.118117556,0.121390872,-0.201291520,1.186296884,-0.888865072,-1.156753014,0.501345047,-1.417197868,-949,-807,2026-05-03T23:57:32.577Z,2026-05-03 19:57:32.577,102634,40
21.040,0.985406547,-0.156217471,-0.170540300,-0.263343256,-0.124755743,0.029969349,-0.948927846,-1.434460129,-1.274084023,-0.910443614,-1348,-363,2026-05-03T23:57:32.617Z,2026-05-03 19:57:32.617,102634,41
21.080,1.054821010,-0.273705045,-0.126607981,-0.051097050,-0.205092142,1.066840194,-1.383643596,-1.201730656,-0.294633391,-1.442362325,-991,-819,2026-05-03T23:57:32.657Z,2026-05-03 19:57:32.657,102634,42
21.120,1.037491894,-0.189727622,-0.098310826,0.171516218,0.016616450,0.807988447,-1.072918748,-1.051827763,0.732658027,0.025601760,-1143,304,2026-05-03T23:57:32.697Z,2026-05-03 19:57:32.697,102634,43
21.160,1.049364557,-0.225220305,-0.111580684,0.224087092,0.091118416,0.985335042,-1.204245220,-1.122124232,0.975256357,0.518889859,-1321,702,2026-05-03T23:57:32.737Z,2026-05-03 19:57:32.737,102634,44
21.200,1.031530643,-0.229965621,-0.070834051,0.165894455,0.064656686,0.718942917,-1.221803362,-0.906270791,0.706715326,0.343682990,-1057,528,2026-05-03T23:57:32.777Z,2026-05-03 19:57:32.777,102634,45
21.240,1.018572507,-0.217925131,-0.107190119,0.121735924,0.095746418,0.525382204,-1.177252346,-1.098865414,0.502937359,0.549532518,-1303,722,2026-05-03T23:57:32.817Z,2026-05-03 19:57:32.817,102634,46
21.280,1.036339025,-0.224225318,-0.069101692,0.140843771,0.084454569,0.790767605,-1.200563667,-0.897093698,0.591114165,0.474767585,-1075,629,2026-05-03T23:57:32.857Z,2026-05-03 19:57:32.857,102634,47
21.320,1.018103280,-0.172801549,-0.117958425,0.076429665,0.060664363,0.518373180,-1.010290591,-1.155910027,0.293862976,0.317249249,-1314,550,2026-05-03T23:57:32.897Z,2026-05-03 19:57:32.897,102634,48
21.360,1.014820189,0.186702431,-0.088068870,-0.220142407,-0.067100782,0.469332378,0.319910018,-0.997571461,-1.074725462,-0.528701924,-969,-139,2026-05-03T23:57:32.937Z,2026-05-03 19:57:32.937,102634,49
21.400,0.880616617,0.626493090,0.343977163,-0.643630409,-0.189990602,-1.535318603,1.947179355,1.291172828,-3.028991683,-1.342372882,1610,-1167,2026-05-03T23:57:32.977Z,2026-05-03 19:57:32.977,102634,50
21.440,0.926567519,0.415402182,0.236078604,-0.445458921,-0.256723471,-0.848932106,1.166121926,0.719585101,-2.114491524,-1.784220688,1102,-1415,2026-05-03T23:57:33.017Z,2026-05-03 19:57:33.017,102634,51
21.480,0.895799847,0.555557384,0.408335877,0.014057602,-0.115814256,-1.308520796,1.684710163,1.632110205,0.006035184,-0.851240755,1865,-841,2026-05-03T23:57:33.057Z,2026-05-03 19:57:33.057,102634,52
21.520,0.886247373,0.546488838,0.293981171,0.001191511,0.070917451,-1.451209818,1.651155636,1.026321327,-0.053337847,0.385136399,967,230,2026-05-03T23:57:33.097Z,2026-05-03 19:57:33.097,102634,53
21.560,0.929013908,0.344318731,0.461959520,0.134785310,0.035816473,-0.812389439,0.903106060,1.916179024,0.563156241,0.152727839,1952,-104,2026-05-03T23:57:33.137Z,2026-05-03 19:57:33.137,102634,54
21.600,0.905061781,0.602471721,0.320144470,0.463608110,0.320626912,-1.170171673,1.858297891,1.164920218,2.080571816,2.038498217,764,1500,2026-05-03T23:57:33.177Z,2026-05-03 19:57:33.177,102634,55
21.640,0.950978930,0.251462743,0.465184808,0.306624316,0.232681633,-0.484289357,0.559529636,1.933264843,1.356140134,1.456200028,1695,913,2026-05-03T23:57:33.217Z,2026-05-03 19:57:33.217,102634,56
21.680,0.908774161,0.479622453,0.325895895,0.362539972,0.315648816,-1.114718409,1.403743339,1.195388130,1.614173602,2.005537539,803,1469,2026-05-03T23:57:33.257Z,2026-05-03 19:57:33.257,102634,57
21.720,1.007571597,0.043592679,0.393610994,0.287076068,0.268616376,0.361057333,-0.209610348,1.554105803,1.265931011,1.694129070,1246,1164,2026-05-03T23:57:33.297Z,2026-05-03 19:57:33.297,102634,58
21.760,0.999766209,-0.138725315,0.055585564,0.350931084,0.266846256,0.244465216,-0.884205121,-0.236568604,1.560602173,1.682408853,-635,1461,2026-05-03T23:57:33.337Z,2026-05-03 19:57:33.337,102634,59
21.800,1.030668259,-0.248236161,-0.075152170,0.293848020,0.221406023,0.706061154,-1.289406185,-0.929145828,1.297181476,1.381542612,-1300,1344,2026-05-03T23:57:33.377Z,2026-05-03 19:57:33.377,102634,60
21.840,1.022777271,-0.182153125,-0.067588830,0.338239069,0.176403536,0.588190405,-1.044892355,-0.889079377,1.502032446,1.083574757,-1195,1104,2026-05-03T23:57:33.417Z,2026-05-03 19:57:33.417,102634,61
21.880,1.043628159,-0.275677040,-0.091200912,-0.055560018,0.075765460,0.899648222,-1.390940173,-1.014163312,-0.315228608,0.417235761,-1186,604,2026-05-03T23:57:33.457Z,2026-05-03 19:57:33.457,102634,62
21.920,0.976781976,-0.051867823,-0.155548519,-0.263403540,-0.007673901,-0.098859215,-0.562823734,-1.355041848,-1.274362215,-0.135228107,-1428,230,2026-05-03T23:57:33.497Z,2026-05-03 19:57:33.497,102634,63
21.960,1.009361877,-0.091261663,-0.155446571,-0.614570711,-0.366673171,0.387799447,-0.708584872,-1.354501782,-2.894890157,-2.512213274,-926,-1630,2026-05-03T23:57:33.537Z,2026-05-03 19:57:33.537,102634,64
22.000,0.980818689,0.033037543,-0.122515637,-0.813488901,-0.568219269,-0.038561267,-0.248665403,-1.180051653,-3.812836114,-3.846678621,-461,-2704,2026-05-03T23:57:33.577Z,2026-05-03 19:57:33.577,102634,65
22.040,0.950919573,0.219428638,-0.026364682,-0.631519623,-0.489642800,-0.485175991,0.441000252,-0.670696321,-2.973104147,-3.326412653,-35,-2384,2026-05-03T23:57:33.617Z,2026-05-03 19:57:33.617,102634,66
22.080,0.961345046,0.235374618,0.068283387,-0.314418889,-0.354774237,-0.329446655,0.500001970,-0.169302465,-1.509782283,-2.433428739,304,-1771,2026-05-03T23:57:33.657Z,2026-05-03 19:57:33.657,102634,67
22.120,0.961343760,0.157681248,0.105205776,0.014557042,-0.196026354,-0.329465851,0.212528746,0.026292224,0.008339948,-1.382336456,288,-982,2026-05-03T23:57:33.697Z,2026-05-03 19:57:33.697,102634,68
22.160,1.013280420,-0.011441751,0.131131821,0.307954723,0.036269833,0.446332247,-0.413243230,0.163634271,1.362279549,0.155729601,108,198,2026-05-03T23:57:33.737Z,2026-05-03 19:57:33.737,102634,69
22.200,1.017664576,0.051152898,0.082205985,0.528439832,0.282116406,0.511820080,-0.181636781,-0.095548130,2.379750172,1.783514683,-508,1516,2026-05-03T23:57:33.777Z,2026-05-03 19:57:33.777,102634,70
22.240,0.989388874,0.151523830,0.189074927,0.446744028,0.356197044,0.089454917,0.189745683,0.470585249,2.002749293,2.274013116,-16,1803,2026-05-03T23:57:33.817Z,2026-05-03 19:57:33.817,102634,71
22.280,0.953373470,0.179999422,0.224315932,0.212942603,0.315647409,-0.448521177,0.295108216,0.657272877,0.923827985,2.005528220,237,1561,2026-05-03T23:57:33.857Z,2026-05-03 19:57:33.857,102634,72
22.320,0.944577730,0.259649858,0.231550116,0.278446003,0.238546066,-0.579906577,0.589822779,0.695595639,1.226105930,1.495029274,385,1155,2026-05-03T23:57:33.897Z,2026-05-03 19:57:33.897,102634,73
22.360,1.000713544,0.211849784,0.279080071,0.465621853,0.266350750,0.258615924,0.412957736,0.947383427,2.089864617,1.679128039,611,1256,2026-05-03T23:57:33.937Z,2026-05-03 19:57:33.937,102634,74
22.400,0.987045574,0.165834862,0.266402731,0.361103147,0.342500465,0.054452142,0.242697931,0.880225787,1.607543100,2.183326121,434,1662,2026-05-03T23:57:33.977Z,2026-05-03 19:57:33.977,102634,75
22.440,0.978409166,0.064481356,0.160595207,-0.015765428,0.188888158,-0.074553243,-0.132320156,0.319715223,-0.131588879,1.166237212,59,962,2026-05-03T23:57:34.017Z,2026-05-03 19:57:34.017,102634,76
22.480,1.000411706,0.202272888,0.090202428,0.126123240,0.016181804,0.254107253,0.377522263,-0.053187335,0.523183464,0.022723908,-92,131,2026-05-03T23:57:34.057Z,2026-05-03 19:57:34.057,102634,77
22.520,0.995532646,-0.034388697,0.164516569,-0.552064540,-0.067528833,0.181226839,-0.498149220,0.340488462,-2.606443503,-0.531536115,439,-370,2026-05-03T23:57:34.097Z,2026-05-03 19:57:34.097,102634,78
22.560,0.944645832,0.216635447,-0.055641964,-0.244982113,-0.164697250,-0.578889312,0.430665164,-0.825791398,-1.189353023,-1.174902004,-652,-674,2026-05-03T23:57:34.137Z,2026-05-03 19:57:34.137,102634,79
22.600,0.998955798,-0.039476635,0.047437843,-0.533341718,-0.309777641,0.232359792,-0.516975102,-0.279730785,-2.520043464,-2.135499886,125,-1519,2026-05-03T23:57:34.177Z,2026-05-03 19:57:34.177,102634,80
22.640,0.990124948,-0.000225561,-0.144352151,-0.291150703,-0.388281965,0.100449947,-0.371742209,-1.295729595,-1.402406798,-2.655288167,-834,-1752,2026-05-03T23:57:34.217Z,2026-05-03 19:57:34.217,102634,81
22.680,1.026973939,-0.140139278,-0.053004558,-0.357535502,-0.358221194,0.650877663,-0.889436928,-0.811819861,-1.708752122,-2.456251533,-367,-1679,2026-05-03T23:57:34.257Z,2026-05-03 19:57:34.257,102634,82
22.720,1.005322003,-0.001930646,-0.064297392,0.007007639,-0.125483272,0.327454276,-0.378051194,-0.871643134,-0.026498215,-0.915260684,-755,-463,2026-05-03T23:57:34.297Z,2026-05-03 19:57:34.297,102634,83
22.760,1.000596681,0.050033764,0.056166584,0.239239418,0.075858092,0.256870292,-0.185777691,-0.233490678,1.045179659,0.417849089,-365,471,2026-05-03T23:57:34.337Z,2026-05-03 19:57:34.337,102634,84
22.800,1.020954561,0.004593612,0.075214361,0.256061035,0.150412577,0.560963876,-0.353910787,-0.132585940,1.122806224,0.911484926,-363,840,2026-05-03T23:57:34.377Z,2026-05-03 19:57:34.377,102634,85
22.840,0.969132869,0.227342040,0.103151212,0.292806716,0.193128691,-0.213116902,0.470280628,0.015408263,1.292376181,1.194314380,-267,1036,2026-05-03T23:57:34.417Z,2026-05-03 19:57:34.417,102634,86
22.880,0.960769525,0.294770118,0.266915018,0.284533981,0.241447579,-0.338043436,0.719771247,0.882939610,1.254200067,1.514240603,578,1138,2026-05-03T23:57:34.457Z,2026-05-03 19:57:34.457,102634,87
22.920,0.952655518,0.326156831,0.302880698,0.224550868,0.248893584,-0.459245509,0.835905217,1.073466166,0.977396543,1.563541663,768,1144,2026-05-03T23:57:34.497Z,2026-05-03 19:57:34.497,102634,88
22.960,0.980202541,0.216572138,0.297588871,0.176341466,0.186974111,-0.047764903,0.430430916,1.045432955,0.754925052,1.153564036,825,828,2026-05-03T23:57:34.537Z,2026-05-03 19:57:34.537,102634,89
23.000,0.996565580,0.086759798,0.189280079,0.027853683,0.103569806,0.196656179,-0.049887698,0.471672033,0.069699834,0.601332282,338,494,2026-05-03T23:57:34.577Z,2026-05-03 19:57:34.577,102634,90
23.040,1.001081009,0.079354754,0.089753460,0.019617244,0.012242912,0.264104892,-0.077287101,-0.055565724,0.031691216,-0.003356056,-89,111,2026-05-03T23:57:34.617Z,2026-05-03 19:57:34.617,102634,91
23.080,1.002748833,-0.014425493,0.061135799,-0.173298467,-0.036768865,0.289017825,-0.424283373,-0.207166489,-0.858555156,-0.327869998,-180,-117,2026-05-03T23:57:34.657Z,2026-05-03 19:57:34.657,102634,92
23.120,0.995352671,0.027474761,-0.011294848,-0.142586038,-0.095177654,0.178538482,-0.269248254,-0.590864557,-0.716826792,-0.714602885,-502,-354,2026-05-03T23:57:34.697Z,2026-05-03 19:57:34.697,102634,93
23.160,1.008896918,-0.015085926,-0.001670470,-0.234150690,-0.149856846,0.380854172,-0.426727041,-0.539879852,-1.139369355,-1.076641582,-372,-646,2026-05-03T23:57:34.737Z,2026-05-03 19:57:34.737,102634,94
23.200,0.998637056,0.064346042,-0.028743467,-0.160155588,-0.179103555,0.227598621,-0.132820832,-0.683297830,-0.797904835,-1.270288200,-482,-773,2026-05-03T23:57:34.777Z,2026-05-03 19:57:34.777,102634,95
23.240,0.986310072,0.110109581,0.034168464,-0.162126892,-0.173702230,0.043465659,0.036508828,-0.350024724,-0.807001793,-1.234525258,-139,-802,2026-05-03T23:57:34.817Z,2026-05-03 19:57:34.817,102634,96
23.280,0.979703879,0.140845175,0.086391274,-0.040394166,-0.083503731,-0.055213611,0.150233596,-0.073376753,-0.245242889,-0.637308184,26,-382,2026-05-03T23:57:34.857Z,2026-05-03 19:57:34.857,102634,97
23.320,0.993069370,0.101118009,0.126366910,0.093127044,0.014397609,0.144431921,0.003239115,0.138392369,0.370916221,0.010910498,112,89,2026-05-03T23:57:34.897Z,2026-05-03 19:57:34.897,102634,98
23.360,1.001255941,0.070611462,0.109430684,0.187434295,0.070693768,0.266717926,-0.109638152,0.048673481,0.806115030,0.383655366,-61,396,2026-05-03T23:57:34.937Z,2026-05-03 19:57:34.937,102634,99
23.400,0.997124827,0.077607463,0.105577099,0.209180191,0.114028592,0.205009862,-0.083752250,0.028259286,0.906465619,0.670581392,-143,624,2026-05-03T23:57:34.977Z,2026-05-03 19:57:34.977,102634,100
23.440,0.994327242,0.095876132,0.125276538,0.167393999,0.153953418,0.163221253,-0.016156354,0.132616174,0.713635257,0.934929334,-89,813,2026-05-03T23:57:35.017Z,2026-05-03 19:57:35.017,102635,1
23.480,0.981860335,0.176644496,0.143194059,0.164273124,0.156699901,-0.023001796,0.282694655,0.227533431,0.699233385,0.953114190,7,811,2026-05-03T23:57:35.057Z,2026-05-03 19:57:35.057,102635,2
23.520,0.977630544,0.169043307,0.175261811,0.039293421,0.104207309,-0.086183832,0.254569497,0.397410895,0.122490688,0.605553280,259,510,2026-05-03T23:57:35.097Z,2026-05-03 19:57:35.097,102635,3
23.560,0.987661695,0.126732758,0.153214521,-0.033033594,0.039165455,0.063655385,0.098016243,0.280616373,-0.211276128,0.174901928,227,193,2026-05-03T23:57:35.137Z,2026-05-03 19:57:35.137,102635,4
23.600,0.995053375,0.071561766,0.100305205,-0.117269647,-0.033009191,0.174067775,-0.106121935,0.000331670,-0.599999473,-0.302976656,33,-133,2026-05-03T23:57:35.177Z,2026-05-03 19:57:35.177,102635,5
23.640,0.995883200,0.057814334,0.053308143,-0.132709817,-0.084462162,0.186463200,-0.156988805,-0.248633139,-0.671251086,-0.643654091,-157,-357,2026-05-03T23:57:35.217Z,2026-05-03 19:57:35.217,102635,6
23.680,0.995808830,0.031806059,0.033065746,-0.156668126,-0.108654278,0.185352308,-0.253222018,-0.355866319,-0.781811274,-0.803833524,-236,-464,2026-05-03T23:57:35.257Z,2026-05-03 19:57:35.257,102635,7
23.720,0.999436262,0.040600867,0.017459428,-0.087996490,-0.107908374,0.239536662,-0.220680350,-0.438540082,-0.464912903,-0.798894789,-324,-446,2026-05-03T23:57:35.297Z,2026-05-03 19:57:35.297,102635,8
23.760,0.994534104,0.073487204,0.029630937,-0.044811618,-0.085127293,0.166311224,-0.098997622,-0.374062065,-0.265628066,-0.648058017,-288,-339,2026-05-03T23:57:35.337Z,2026-05-03 19:57:35.337,102635,9
23.800,0.988904583,0.118822451,0.075395972,0.046275111,-0.027134019,0.082220887,0.068747318,-0.131623865,0.154709032,-0.264076311,-114,-80,2026-05-03T23:57:35.377Z,2026-05-03 19:57:35.377,102635,10
23.840,1.001585236,0.057158246,0.114106824,0.060027521,0.026344632,0.271636722,-0.159416397,0.073445121,0.218172153,0.090013435,27,162,2026-05-03T23:57:35.417Z,2026-05-03 19:57:35.417,102635,11
23.880,1.003568578,0.054049120,0.081650010,0.104045818,0.060818350,0.301262676,-0.170920473,-0.098493383,0.421302988,0.318268817,-202,370,2026-05-03T23:57:35.457Z,2026-05-03 19:57:35.457,102635,12
23.920,0.996811779,0.084488628,0.083068689,0.103540228,0.071489455,0.200333737,-0.058291256,-0.090977995,0.418969843,0.388923718,-209,424,2026-05-03T23:57:35.497Z,2026-05-03 19:57:35.497,102635,13
23.960,0.995177078,0.088382328,0.101619265,0.065769840,0.068169977,0.175915582,-0.043884175,0.007292844,0.244671180,0.366944985,-101,390,2026-05-03T23:57:35.537Z,2026-05-03 19:57:35.537,102635,14
24.000,0.994597197,0.093618616,0.099005490,0.025454899,0.046287796,0.167253664,-0.024509386,-0.006553516,0.058630190,0.222059959,-85,279,2026-05-03T23:57:35.577Z,2026-05-03 19:57:35.577,102635,15
24.040,0.992906897,0.104416451,0.090900802,-0.005310423,0.011092362,0.142005002,0.015443678,-0.049487733,-0.083342262,-0.010974009,-81,104,2026-05-03T23:57:35.617Z,2026-05-03 19:57:35.617,102635,16
24.080,0.992397625,0.094436090,0.095088195,-0.019074518,-0.007284529,0.134397814,-0.021484653,-0.027305205,-0.146859305,-0.132650019,-32,5,2026-05-03T23:57:35.657Z,2026-05-03 19:57:35.657,102635,17
24.120,0.996387472,0.077151861,0.085130293,-0.025911667,-0.016939289,0.193995707,-0.085438026,-0.080056743,-0.178410634,-0.196575553,-74,-36,2026-05-03T23:57:35.697Z,2026-05-03 19:57:35.697,102635,18
24.160,1.002537551,0.044615605,0.070380612,-0.032245687,-0.022799317,0.285861827,-0.205825418,-0.158192508,-0.207640179,-0.235375632,-148,-53,2026-05-03T23:57:35.737Z,2026-05-03 19:57:35.737,102635,19
24.200,1.004767108,0.031811646,0.049415823,-0.023520264,-0.028394794,0.319165588,-0.253201344,-0.269252530,-0.167375051,-0.272424081,-257,-63,2026-05-03T23:57:35.777Z,2026-05-03 19:57:35.777,102635,20
24.240,1.001837072,0.048115775,0.042683580,-0.000275437,-0.020885896,0.275398506,-0.192874440,-0.304916282,-0.060107357,-0.222706599,-305,-18,2026-05-03T23:57:35.817Z,2026-05-03 19:57:35.817,102635,21
24.280,1.001353388,0.048121983,0.054258964,0.010579981,-0.009790232,0.268173522,-0.192851472,-0.243596209,-0.010012958,-0.149240633,-256,29,2026-05-03T23:57:35.857Z,2026-05-03 19:57:35.857,102635,22
24.320,1.000411787,0.056310981,0.057828778,0.025654799,0.000870916,0.254108464,-0.162551360,-0.224685278,0.059552665,-0.078651656,-251,81,2026-05-03T23:57:35.897Z,2026-05-03 19:57:35.897,102635,23
24.360,0.997879727,0.072659183,0.068914655,0.041887798,0.015741398,0.216286096,-0.102061382,-0.165958346,0.134462940,0.019807918,-210,148,2026-05-03T23:57:35.937Z,2026-05-03 19:57:35.937,102635,24
24.400,0.993994212,0.088193634,0.083579650,0.041443716,0.026991179,0.158246651,-0.044582362,-0.088271200,0.132413637,0.094294316,-144,193,2026-05-03T23:57:35.977Z,2026-05-03 19:57:35.977,102635,25
24.440,0.990329306,0.104208515,0.095773374,0.036185458,0.031246229,0.103502523,0.014674297,-0.023675501,0.108148404,0.122467607,-82,204,2026-05-03T23:57:36.017Z,2026-05-03 19:57:36.017,102635,26
24.480,0.987154291,0.124559038,0.108051783,0.028501970,0.030111527,0.056076082,0.089973261,0.041368817,0.072691480,0.114954580,-12,187,2026-05-03T23:57:36.057Z,2026-05-03 19:57:36.057,102635,27
24.520,0.981872847,0.147957236,0.120566686,0.017639171,0.024192672,-0.022814896,0.176548931,0.107665949,0.022563022,0.075765000,66,145,2026-05-03T23:57:36.097Z,2026-05-03 19:57:36.097,102635,28
24.560,0.978808453,0.164063987,0.134186588,0.009246504,0.019818144,-0.068588941,0.236145517,0.179816763,-0.016166544,0.046800627,148,110,2026-05-03T23:57:36.137Z,2026-05-03 19:57:36.137,102635,29
24.600,0.976369548,0.179055938,0.146009574,0.005772574,0.016866640,-0.105019818,0.291617232,0.242448492,-0.032197658,0.027258300,218,84,2026-05-03T23:57:36.177Z,2026-05-03 19:57:36.177,102635,30
24.640,0.973814459,0.193561881,0.156396317,0.006591235,0.014629137,-0.143186177,0.345290669,0.297471792,-0.028419788,0.012443477,279,63,2026-05-03T23:57:36.217Z,2026-05-03 19:57:36.217,102635,31
24.680,0.971695478,0.208930609,0.165643978,0.010590438,0.016438927,-0.174838219,0.402156497,0.346460858,-0.009964704,0.024426354,328,64,2026-05-03T23:57:36.257Z,2026-05-03 19:57:36.257,102635,32
24.720,0.969612746,0.219562703,0.177664722,0.017315642,0.021435815,-0.205948793,0.441496304,0.410140206,0.021070035,0.057511458,388,79,2026-05-03T23:57:36.297Z,2026-05-03 19:57:36.297,102635,33
24.760,0.969710875,0.221445930,0.184480607,0.026710879,0.025715756,-0.204483012,0.448464433,0.446247048,0.064426147,0.085849559,420,95,2026-05-03T23:57:36.337Z,2026-05-03 19:57:36.337,102635,34
24.800,0.966977644,0.238010758,0.191521878,0.037282749,0.034474561,-0.245310341,0.509755951,0.483547864,0.113212058,0.143842847,447,134,2026-05-03T23:57:36.377Z,2026-05-03 19:57:36.377,102635,35
24.840,0.968279300,0.235473927,0.202019891,0.041916091,0.040556369,-0.225867002,0.500369423,0.539160609,0.134593500,0.184111362,497,156,2026-05-03T23:57:36.417Z,2026-05-03 19:57:36.417,102635,36
24.880,0.971270559,0.222144229,0.203204924,0.042932806,0.043851867,-0.181185401,0.451048211,0.545438267,0.139285328,0.205931326,499,172,2026-05-03T23:57:36.457Z,2026-05-03 19:57:36.457,102635,37
24.920,0.971960440,0.219147454,0.192839352,0.040698247,0.044741932,-0.170880382,0.439959842,0.490527121,0.128973530,0.211824570,440,186,2026-05-03T23:57:36.497Z,2026-05-03 19:57:36.497,102635,38
24.960,0.970967474,0.223451440,0.192948817,0.039890658,0.048042409,-0.185712697,0.455885021,0.491107008,0.125246753,0.233677496,436,203,2026-05-03T23:57:36.537Z,2026-05-03 19:57:36.537,102635,39
25.000,0.971742332,0.218939513,0.194636269,0.039985992,0.043318908,-0.174138342,0.439190440,0.500046206,0.125686691,0.202402524,452,177,2026-05-03T23:57:36.577Z,2026-05-03 19:57:36.577,102635,40
25.040,0.968591094,0.242024253,0.191618432,0.035965263,0.042019219,-0.221209610,0.524606282,0.484059352,0.107132269,0.193797101,437,173,2026-05-03T23:57:36.617Z,2026-05-03 19:57:36.617,102635,41
25.080,0.973358898,0.212722505,0.202633578,0.023235718,0.040856680,-0.149991064,0.416186891,0.542411592,0.048389353,0.186099764,500,157,2026-05-03T23:57:36.657Z,2026-05-03 19:57:36.657,102635,42
25.120,0.969649003,0.233848297,0.186432940,0.018938204,0.034936000,-0.205407218,0.494354429,0.456589444,0.028557654,0.146898104,418,141,2026-05-03T23:57:36.697Z,2026-05-03 19:57:36.697,102635,43
25.160,0.968846660,0.237213151,0.194985075,0.017669925,0.029675474,-0.217392126,0.506804724,0.501893992,0.022704939,0.112067409,473,106,2026-05-03T23:57:36.737Z,2026-05-03 19:57:36.737,102635,44
25.200,0.966537118,0.247104129,0.199496213,0.015026342,0.028340937,-0.251890649,0.543402331,0.525791539,0.010505622,0.103231254,500,95,2026-05-03T23:57:36.777Z,2026-05-03 19:57:36.777,102635,45
25.240,0.957275834,0.295015930,0.203914405,0.020405768,0.029499410,-0.390230050,0.720680776,0.549196710,0.035330010,0.110901669,523,97,2026-05-03T23:57:36.817Z,2026-05-03 19:57:36.817,102635,46
25.280,0.941523933,0.373988562,0.240466144,0.031367593,0.040715256,-0.625522320,1.012887395,0.742827897,0.085915444,0.185163375,711,122,2026-05-03T23:57:36.857Z,2026-05-03 19:57:36.857,102635,47
25.320,0.933365567,0.425372616,0.295424912,0.053158388,0.050902766,-0.747387018,1.203013526,1.033969482,0.186473229,0.252616330,1003,125,2026-05-03T23:57:36.897Z,2026-05-03 19:57:36.897,102635,48
25.360,0.924956625,0.447762164,0.341227922,0.069594364,0.073966070,-0.872994660,1.285857087,1.276608848,0.262320175,0.405321738,1226,203,2026-05-03T23:57:36.937Z,2026-05-03 19:57:36.937,102635,49
25.400,0.926754344,0.424648255,0.360676435,0.052502722,0.078524376,-0.846141432,1.200333318,1.379636465,0.183447529,0.435502933,1328,209,2026-05-03T23:57:36.977Z,2026-05-03 19:57:36.977,102635,50
25.440,0.923375661,0.439110729,0.346258758,0.080257878,0.092603446,-0.896610121,1.253845913,1.303259476,0.311528995,0.528722457,1228,295,2026-05-03T23:57:37.017Z,2026-05-03 19:57:37.017,102635,51
25.480,0.917967985,0.439396262,0.362421705,0.075673741,0.094078078,-0.977386693,1.254902416,1.388881957,0.290374623,0.538486200,1316,288,2026-05-03T23:57:37.057Z,2026-05-03 19:57:37.057,102635,52
25.520,0.912442205,0.436253006,0.356120107,0.066116741,0.094713547,-1.059927414,1.243272056,1.355499525,0.246272022,0.542693737,1280,297,2026-05-03T23:57:37.097Z,2026-05-03 19:57:37.097,102635,53
25.560,0.902472272,0.454689887,0.361021350,0.070819588,0.094219293,-1.208852184,1.311490353,1.381463639,0.267974205,0.539421208,1308,290,2026-05-03T23:57:37.137Z,2026-05-03 19:57:37.137,102635,54
25.600,0.892951667,0.442090124,0.366469159,0.053271563,0.088029997,-1.351065160,1.264869973,1.410323159,0.186995496,0.498440996,1347,253,2026-05-03T23:57:37.177Z,2026-05-03 19:57:37.177,102635,55
25.640,0.884505823,0.464513195,0.365473625,0.053157158,0.089786147,-1.477224028,1.347837573,1.405049363,0.186467552,0.510068715,1339,263,2026-05-03T23:57:37.217Z,2026-05-03 19:57:37.217,102635,56
25.680,1.156094103,0.526985559,0.374725938,-0.004875566,0.084455012,2.579595795,1.578991558,1.454063071,-0.081335531,0.474770516,1398,227,2026-05-03T23:57:37.257Z,2026-05-03 19:57:37.257,102635,57
25.720,1.331579437,-0.873298142,0.414267321,-0.157890901,0.179192113,5.200888521,-3.602197900,1.663531759,-0.787454003,1.102038319,1486,682,2026-05-03T23:57:37.297Z,2026-05-03 19:57:37.297,102635,58
25.760,0.760930283,0.357298360,-0.467214784,0.752577863,0.383520481,-3.323119949,0.951131985,-3.006079770,3.414077900,2.454925472,-3711,2539,2026-05-03T23:57:37.337Z,2026-05-03 19:57:37.337,102635,59
25.800,1.188965082,-0.594376934,0.216038335,-0.207285529,-0.240732100,3.070602404,-2.570161590,0.613422683,-1.015394944,-1.678339552,968,-1314,2026-05-03T23:57:37.377Z,2026-05-03 19:57:37.377,102635,60
25.840,0.892423027,-0.053387310,-0.410075555,-0.040210260,0.153972393,-1.358961672,-0.568445986,-2.703387293,-0.244394221,0.935054971,-3072,1298,2026-05-03T23:57:37.417Z,2026-05-03 19:57:37.417,102635,61
25.880,0.990699248,-0.188084623,0.087370005,-0.315107787,-0.051677349,0.109028494,-1.066839487,-0.068191969,-1.512961332,-0.426581185,-13,-218,2026-05-03T23:57:37.457Z,2026-05-03 19:57:37.457,102635,62
25.920,1.050276279,-0.187653845,-0.263474333,0.037515859,-0.250638743,0.998953791,-1.065245567,-1.926773961,0.114287792,-1.743932842,-1690,-931,2026-05-03T23:57:37.497Z,2026-05-03 19:57:37.497,102635,63
25.960,0.907072010,-0.062805938,-0.116311052,-0.500681999,-0.256372413,-1.140144106,-0.603295848,-1.147183145,-2.369328956,-1.781896282,-862,-1094,2026-05-03T23:57:37.537Z,2026-05-03 19:57:37.537,102635,64
26.000,1.057584763,-0.264746994,-0.129407647,-0.113151729,-0.221988304,1.108123447,-1.350497912,-1.216561764,-0.580996554,-1.554234210,-983,-904,2026-05-03T23:57:37.577Z,2026-05-03 19:57:37.577,102635,65
26.040,0.982027221,-0.107200193,-0.168945511,-0.126119314,-0.166362253,-0.020508957,-0.767559026,-1.426011806,-0.640837951,-1.185926230,-1281,-580,2026-05-03T23:57:37.617Z,2026-05-03 19:57:37.617,102635,66
26.080,1.004324713,-0.152874963,-0.085724821,0.032015266,-0.152970886,0.312557358,-0.936560233,-0.985153972,0.088904253,-1.097260082,-836,-586,2026-05-03T23:57:37.657Z,2026-05-03 19:57:37.657,102635,67
26.120,1.029299769,-0.210054563,-0.107766310,0.093403830,-0.001057309,0.685619498,-1.148130458,-1.101917762,0.372193502,-0.091418710,-1171,221,2026-05-03T23:57:37.697Z,2026-05-03 19:57:37.697,102635,68
26.160,0.994824705,-0.108508019,-0.079085895,0.234706938,0.021714727,0.170652048,-0.772398111,-0.949984562,1.024263664,0.059358179,-1043,313,2026-05-03T23:57:37.737Z,2026-05-03 19:57:37.737,102635,69
26.200,1.045968366,-0.250427264,-0.059502660,0.130801478,0.099837186,0.934604806,-1.297513483,-0.846243260,0.544772086,0.576618073,-1043,700,2026-05-03T23:57:37.777Z,2026-05-03 19:57:37.777,102635,70
26.240,0.982237799,-0.099416514,-0.076302554,0.175773751,0.133766867,-0.017363465,-0.738758635,-0.935239936,0.752305225,0.801271310,-1184,891,2026-05-03T23:57:37.817Z,2026-05-03 19:57:37.817,102635,71
26.280,1.048157301,-0.245838358,-0.046099884,0.045529027,0.093880538,0.967301784,-1.280534072,-0.775242662,0.151266086,0.537178261,-960,657,2026-05-03T23:57:37.857Z,2026-05-03 19:57:37.857,102635,72
26.320,0.982533331,-0.079098269,-0.098756470,0.051124961,0.062091245,-0.012948992,-0.663579101,-1.054188538,0.177089590,0.326696835,-1209,540,2026-05-03T23:57:37.897Z,2026-05-03 19:57:37.897,102635,73
26.360,1.041597323,-0.218791025,-0.063237106,-0.098941096,-0.047510865,0.869312847,-1.180456242,-0.866026316,-0.515418876,-0.398994301,-858,-60,2026-05-03T23:57:37.937Z,2026-05-03 19:57:37.937,102635,74
26.400,0.981587267,-0.107112053,-0.127784082,-0.191551977,-0.042967988,-0.027080718,-0.767232898,-1.207960997,-0.942789465,-0.368915269,-1224,22,2026-05-03T23:57:37.977Z,2026-05-03 19:57:37.977,102635,75
26.440,1.020285335,-0.169640899,-0.085112938,-0.188933614,-0.157689409,0.550967377,-0.998595870,-0.981912545,-0.930706527,-1.128502092,-826,-611,2026-05-03T23:57:38.017Z,2026-05-03 19:57:38.017,102635,76
26.480,1.006729212,-0.151552861,-0.144075012,-0.207425776,-0.159504881,0.348474296,-0.931668322,-1.294261466,-1.016042137,-1.140522591,-1152,-567,2026-05-03T23:57:38.057Z,2026-05-03 19:57:38.057,102635,77
26.520,0.991247272,-0.137254237,-0.104712215,-0.177599053,-0.180031908,0.117214544,-0.878761987,-1.085738831,-0.878401034,-1.276434955,-904,-709,2026-05-03T23:57:38.097Z,2026-05-03 19:57:38.097,102635,78
26.560,1.025241790,-0.190589169,-0.126991153,-0.029193080,-0.146481070,0.625003878,-1.076106557,-1.203760494,-0.193553341,-1.054290087,-1075,-515,2026-05-03T23:57:38.137Z,2026-05-03 19:57:38.137,102635,79
26.600,0.990797961,-0.143348962,-0.109424525,0.015321576,-0.095733967,0.110503000,-0.901313078,-1.110702080,0.011868036,-0.718286313,-1048,-268,2026-05-03T23:57:38.177Z,2026-05-03 19:57:38.177,102635,80
26.640,1.021033955,-0.219445240,-0.094111282,0.077970424,-0.028202049,0.562149806,-1.182876901,-1.029580867,0.300973102,-0.271147892,-1057,68,2026-05-03T23:57:38.217Z,2026-05-03 19:57:38.217,102635,81
26.680,0.990383019,-0.174555661,-0.099276168,0.104700257,0.042119332,0.104304860,-1.016780979,-1.056941619,0.424323018,0.194459961,-1184,437,2026-05-03T23:57:38.257Z,2026-05-03 19:57:38.257,102635,82
26.720,1.010368471,-0.216272191,-0.079960096,0.128089013,0.039705765,0.402835329,-1.171136305,-0.954615600,0.532254896,0.178479397,-1073,407,2026-05-03T23:57:38.297Z,2026-05-03 19:57:38.297,102635,83
26.760,0.988644612,-0.190340883,-0.103442391,0.100195462,0.059148785,0.078337589,-1.075187874,-1.079011992,0.403534784,0.307214392,-1231,529,2026-05-03T23:57:38.337Z,2026-05-03 19:57:38.337,102635,84
26.800,1.031421208,-0.203334162,-0.085019603,0.047652876,0.041716510,0.717308257,-1.123264304,-0.981418109,0.161066992,0.191792823,-1104,422,2026-05-03T23:57:38.377Z,2026-05-03 19:57:38.377,102635,85
26.840,1.019273624,0.966565251,-0.109062896,-0.126733770,0.026703900,0.535855069,3.205480293,-1.108786363,-0.643673474,0.092392202,-1217,366,2026-05-03T23:57:38.417Z,2026-05-03 19:57:38.417,102635,86
26.880,0.978925343,-0.044358500,0.391997775,-0.428442919,0.058135619,-0.066842918,-0.535038488,1.545559848,-2.035967935,0.300506076,1531,75,2026-05-03T23:57:38.457Z,2026-05-03 19:57:38.457,102635,87
26.920,0.809409444,0.889013348,0.205309913,-0.196336624,-0.064450345,-2.598967852,2.918530509,0.556589356,-0.964869130,-0.511153006,662,-391,2026-05-03T23:57:38.497Z,2026-05-03 19:57:38.497,102635,88
26.960,0.957309566,0.106626789,0.466019974,-0.173812053,-0.114801273,-0.389726190,0.023622150,1.937689093,-0.860925196,-0.844533650,2185,-888,2026-05-03T23:57:38.537Z,2026-05-03 19:57:38.537,102635,89
27.000,0.909879565,0.707653701,0.232273357,0.240837991,0.101821371,-1.098206561,2.247481716,0.699426978,1.052556581,0.589755644,580,446,2026-05-03T23:57:38.577Z,2026-05-03 19:57:38.577,102635,90
27.040,0.960270875,0.235670693,0.512637472,0.009378130,0.005300439,-0.345491966,0.501097476,2.184643178,-0.015559129,-0.049323154,2277,-308,2026-05-03T23:57:38.617Z,2026-05-03 19:57:38.617,102635,91
27.080,0.928532145,0.504235370,0.257030128,0.314956703,0.314418120,-0.819585719,1.494813587,0.830574850,1.394591525,1.997388920,421,1525,2026-05-03T23:57:38.657Z,2026-05-03 19:57:38.657,102635,92
27.120,0.927095544,0.432895579,0.510292380,0.284323016,0.108349136,-0.841044782,1.230849241,2.172220160,1.253226530,0.632976906,2120,228,2026-05-03T23:57:38.697Z,2026-05-03 19:57:38.697,102635,93
27.160,0.944317155,0.375288332,0.294683542,0.337695955,0.277764605,-0.583798884,1.017696674,1.030042104,1.499526143,1.754700793,682,1301,2026-05-03T23:57:38.737Z,2026-05-03 19:57:38.737,102635,94
27.200,0.908223665,0.545860052,0.453111940,0.271121091,0.183088025,-1.122941391,1.648829065,1.869309371,1.192303723,1.127833707,1697,667,2026-05-03T23:57:38.777Z,2026-05-03 19:57:38.777,102635,95
27.240,0.940982161,0.287127979,0.358132735,0.088985149,0.291752737,-0.633614992,0.691494569,1.366161331,0.351802653,1.847318205,1016,1316,2026-05-03T23:57:38.817Z,2026-05-03 19:57:38.817,102635,96
27.280,0.903600800,0.607275968,0.392572923,0.209262615,0.172117939,-1.191994920,1.876074082,1.548606667,0.906845982,1.055199206,1375,665,2026-05-03T23:57:38.857Z,2026-05-03 19:57:38.857,102635,97
27.320,0.935912530,0.285402412,0.372811013,-0.104134152,0.119056835,-0.709342030,0.685109802,1.443918844,-0.539383225,0.703874102,1339,408,2026-05-03T23:57:38.897Z,2026-05-03 19:57:38.897,102635,98
27.360,0.886551700,0.635302777,0.343681630,0.036601247,0.092345906,-1.446663967,1.979776075,1.289607255,0.110067138,0.527017249,1214,296,2026-05-03T23:57:38.937Z,2026-05-03 19:57:38.937,102635,99
27.400,0.914010000,0.333636975,0.388053136,-0.177534476,-0.031343197,-1.036508646,0.863582499,1.524663304,-0.878103029,-0.291945874,1634,-385,2026-05-03T23:57:38.977Z,2026-05-03 19:57:38.977,102635,100
27.440,0.876081891,0.586265004,0.300917151,-0.129516976,0.007661408,-1.603055572,1.798331419,1.063064367,-0.656517112,-0.033690844,1094,-104,2026-05-03T23:57:39.017Z,2026-05-03 19:57:39.017,102636,1
27.480,1.217528801,-0.438900822,0.404236778,0.348441280,-0.092789449,3.497269787,-1.994884460,1.610395410,1.549112497,-0.698790239,1810,-718,2026-05-03T23:57:39.057Z,2026-05-03 19:57:39.057,102636,2
27.520,0.815491350,0.155683804,0.065616550,0.203137112,-0.162799598,-2.508120065,0.205138001,-0.183429913,0.878578675,-1.162337379,21,-774,2026-05-03T23:57:39.097Z,2026-05-03 19:57:39.097,102636,3
27.560,1.217806287,-0.791255507,-0.238318702,-0.488486319,0.408868906,3.501414701,-3.298631964,-1.793513141,-2.313049662,2.622760996,-2471,2463,2026-05-03T23:57:39.137Z,2026-05-03 19:57:39.137,102636,4
27.600,0.786860156,0.349707106,-0.019489722,0.168459308,0.000285646,-2.935795346,0.923043585,-0.634276532,0.718551332,-0.082526814,-681,148,2026-05-03T23:57:39.177Z,2026-05-03 19:57:39.177,102636,5
27.640,1.260115423,-0.660487280,-0.142362021,-0.123829396,-0.133340726,4.133402735,-2.814776470,-1.285186970,-0.630270688,-0.967286004,-1179,-433,2026-05-03T23:57:39.217Z,2026-05-03 19:57:39.217,102636,6
27.680,0.839854696,0.192589228,-0.145566120,-0.149236200,0.050047107,-2.144195284,0.341691757,-1.302160540,-0.747515235,0.246950887,-1453,520,2026-05-03T23:57:39.257Z,2026-05-03 19:57:39.257,102636,7
27.720,1.162452221,-0.489426420,-0.057837530,-0.272294409,-0.127635232,2.674569479,-2.181834214,-0.837422306,-1.315390829,-0.929509119,-716,-480,2026-05-03T23:57:39.297Z,2026-05-03 19:57:39.297,102636,8
27.760,0.967043939,-0.015073513,-0.211671909,0.024184160,-0.044701775,-0.244320072,-0.426681113,-1.652352966,0.052766121,-0.380394919,-1689,89,2026-05-03T23:57:39.337Z,2026-05-03 19:57:39.337,102636,9
27.800,1.011625147,-0.222001940,-0.040361194,-0.242107874,-0.187504343,0.421606783,-1.192336947,-0.744842212,-1.176089301,-1.325911006,-535,-806,2026-05-03T23:57:39.377Z,2026-05-03 19:57:39.377,102636,10
27.840,1.055935755,-0.185237427,-0.181132867,0.131352588,-0.032413911,1.083491576,-1.056304580,-1.490573775,0.547315288,-0.299035227,-1536,125,2026-05-03T23:57:39.417Z,2026-05-03 19:57:39.417,102636,11
27.880,0.976165204,-0.170794175,-0.072572017,-0.177296435,-0.071147162,-0.108072181,-1.002863106,-0.915477586,-0.877004545,-0.555493585,-877,-174,2026-05-03T23:57:39.457Z,2026-05-03 19:57:39.457,102636,12
27.920,1.049674544,-0.218170309,-0.122962112,0.087526807,-0.023015988,0.989965439,-1.178159530,-1.182416831,0.345072855,-0.236810242,-1225,121,2026-05-03T23:57:39.497Z,2026-05-03 19:57:39.497,102636,13
27.960,1.025214958,-0.171812760,-0.111997285,0.073589263,-0.063756413,0.624603083,-1.006631970,-1.124331157,0.280755401,-0.506558383,-1107,-100,2026-05-03T23:57:39.537Z,2026-05-03 19:57:39.537,102636,14
28.000,1.025606751,-0.186491251,-0.094887885,0.059007116,-0.019844946,0.630455451,-1.060943853,-1.033694888,0.213463297,-0.215814321,-1073,112,2026-05-03T23:57:39.577Z,2026-05-03 19:57:39.577,102636,15
28.040,1.030884418,-0.211097351,-0.107120627,0.015650026,0.028008567,0.709290018,-1.151988878,-1.098497281,0.013383729,0.101030587,-1208,371,2026-05-03T23:57:39.617Z,2026-05-03 19:57:39.617,102636,16
28.080,1.004270940,-0.173717705,-0.095391347,-0.030645267,0.005352647,0.311754131,-1.013680458,-1.036361956,-0.200254734,-0.048977483,-1111,243,2026-05-03T23:57:39.657Z,2026-05-03 19:57:39.657,102636,17
28.120,1.024088326,-0.211435632,-0.112769520,-0.037730904,-0.023164215,0.607774132,-1.153240551,-1.128422035,-0.232952760,-0.237791673,-1168,111,2026-05-03T23:57:39.697Z,2026-05-03 19:57:39.697,102636,18
28.160,0.995097728,-0.165939004,-0.119011972,-0.063699273,-0.058806154,0.174730293,-0.984898487,-1.161491147,-0.352788754,-0.473782013,-1153,-68,2026-05-03T23:57:39.737Z,2026-05-03 19:57:39.737,102636,19
28.200,1.008244538,-0.208045325,-0.118158943,-0.095486845,-0.075449753,0.371109318,-1.140696077,-1.156972263,-0.499478575,-0.583981652,-1125,-155,2026-05-03T23:57:39.777Z,2026-05-03 19:57:39.777,102636,20
28.240,1.044406204,-0.124602352,-0.133031001,-0.063022694,-0.080366077,0.911270193,-0.831948749,-1.235756314,-0.349666553,-0.616533329,-1201,-167,2026-05-03T23:57:39.817Z,2026-05-03 19:57:39.817,102636,21
28.280,0.962518556,0.918179760,-0.111659303,-0.194781104,-0.107512850,-0.311917471,3.026449145,-1.122540713,-0.957690885,-0.796275972,-1044,-327,2026-05-03T23:57:39.857Z,2026-05-03 19:57:39.857,102636,22
28.320,0.933319297,0.094658924,0.287977016,-0.279404031,0.035510193,-0.748078169,-0.020660143,0.994514587,-1.348199536,0.150699918,983,52,2026-05-03T23:57:39.897Z,2026-05-03 19:57:39.897,102636,23
28.360,0.860006919,0.844617238,0.307355647,0.015622963,-0.094092578,-1.843173686,2.754260472,1.097172009,0.013258843,-0.707418441,1272,-637,2026-05-03T23:57:39.937Z,2026-05-03 19:57:39.937,102636,24
28.400,0.964103246,0.132298017,0.410417998,-0.062860315,0.013487084,-0.288246346,0.118608255,1.643140144,-0.348917222,0.004881782,1696,-173,2026-05-03T23:57:39.977Z,2026-05-03 19:57:39.977,102636,25
28.440,0.910589445,0.662687159,0.313388579,0.383873755,0.161941505,-1.087602816,2.081101019,1.129131193,1.712622414,0.987819595,948,684,2026-05-03T23:57:40.017Z,2026-05-03 19:57:40.017,102636,26
28.480,0.936070032,0.293866990,0.496587032,0.137024784,0.095915991,-0.706989366,0.716429582,2.099616699,0.573490720,0.550655284,2061,176,2026-05-03T23:57:40.057Z,2026-05-03 19:57:40.057,102636,27
28.520,0.933278692,0.494518223,0.272807621,0.402212163,0.307911544,-0.748684703,1.458859172,0.914155406,1.797248501,1.954307960,518,1477,2026-05-03T23:57:40.097Z,2026-05-03 19:57:40.097,102636,28
28.560,0.933644257,0.421326841,0.513518517,0.289044309,0.187086239,-0.743224119,1.188043754,2.189310476,1.275013834,1.154306450,2028,633,2026-05-03T23:57:40.137Z,2026-05-03 19:57:40.137,102636,29
28.600,0.939236271,0.374805427,0.310267079,0.287395918,0.374296770,-0.659694018,1.015909877,1.112595186,1.267407022,2.393853969,634,1787,2026-05-03T23:57:40.177Z,2026-05-03 19:57:40.177,102636,30
28.640,0.908406100,0.510901806,0.477514103,0.176802158,0.192372778,-1.120216281,1.519480066,1.998578725,0.757051006,1.189309375,1820,693,2026-05-03T23:57:40.217Z,2026-05-03 19:57:40.217,102636,31
28.680,0.933459923,0.337656685,0.324220877,0.085488459,0.254554691,-0.745977578,0.878455826,1.186514800,0.335666510,1.601024654,879,1154,2026-05-03T23:57:40.257Z,2026-05-03 19:57:40.257,102636,32
28.720,0.896942766,0.550316720,0.420714838,0.144094426,0.102532296,-1.291448570,1.665319181,1.697687186,0.606114932,0.594462783,1629,279,2026-05-03T23:57:40.297Z,2026-05-03 19:57:40.297,102636,33
28.760,0.797106881,0.303042917,0.336200127,-0.190800972,0.144118398,-2.782736026,0.750381428,1.249974337,-0.939323807,0.869810274,1100,571,2026-05-03T23:57:40.337Z,2026-05-03 19:57:40.337,102636,34
28.800,1.142733574,-0.613004363,0.393490032,-0.290578681,0.072679986,2.380024376,-2.639084937,1.553465013,-1.399767093,0.396806398,1519,149,2026-05-03T23:57:40.377Z,2026-05-03 19:57:40.377,102636,35
28.840,0.810093670,0.236907135,-0.324092624,0.134319698,-0.241162575,-2.588747309,0.505672433,-2.247896612,0.561007585,-1.681189788,-2041,-827,2026-05-03T23:57:40.417Z,2026-05-03 19:57:40.417,102636,36
28.880,1.129131312,-0.374120052,0.000741461,-0.208340387,-0.207534170,2.176842102,-1.755189144,-0.527102756,-1.020262788,-1.458531341,-278,-947,2026-05-03T23:57:40.457Z,2026-05-03 19:57:40.457,102636,37
28.920,0.960758252,-0.122848235,-0.313986416,-0.236137984,0.000335064,-0.338211817,-0.825458343,-2.194359430,-1.148540105,-0.082199611,-2322,415,2026-05-03T23:57:40.497Z,2026-05-03 19:57:40.497,102636,38
28.960,1.000191107,-0.207995670,-0.031568391,-0.447957959,-0.266263392,0.250812078,-1.140512351,-0.698262736,-2.126023812,-1.847385858,-376,-1222,2026-05-03T23:57:40.537Z,2026-05-03 19:57:40.537,102636,39
29.000,1.061615229,-0.149590179,-0.227008040,0.144440711,-0.256230572,1.168328087,-0.924406205,-1.733595422,0.607712928,-1.780957131,-1479,-993,2026-05-03T23:57:40.577Z,2026-05-03 19:57:40.577,102636,40
29.040,0.997620997,-0.186069791,-0.123892999,-0.199587287,-0.182806228,0.212421354,-1.059384408,-1.187348166,-0.979869935,-1.294804121,-1007,-706,2026-05-03T23:57:40.617Z,2026-05-03 19:57:40.617,102636,41
29.080,1.040055814,-0.279431686,-0.133024828,-0.086955173,-0.043112149,0.846286718,-1.404832741,-1.235723614,-0.460107547,-0.369869778,-1253,26,2026-05-03T23:57:40.657Z,2026-05-03 19:57:40.657,102636,42
29.120,1.032562261,-0.178202944,-0.143096281,0.213408818,-0.127678498,0.734352599,-1.030276289,-1.289076682,0.925979426,-0.929795592,-1191,-403,2026-05-03T23:57:40.697Z,2026-05-03 19:57:40.697,102636,43
29.160,1.042594624,-0.203449606,-0.078583194,0.254993263,-0.025680291,0.884209908,-1.123691458,-0.947321523,1.117878786,-0.254450972,-974,67,2026-05-03T23:57:40.737Z,2026-05-03 19:57:40.737,102636,44
29.200,1.027996898,-0.216285223,-0.121889480,0.180849940,0.129464275,0.666157996,-1.171184522,-1.176734613,0.775730266,0.772783243,-1432,910,2026-05-03T23:57:40.777Z,2026-05-03 19:57:40.777,102636,45
29.240,1.008432684,-0.219798425,-0.058268068,0.058284408,0.120513144,0.373919722,-1.184183723,-0.839703064,0.210128222,0.713516528,-1065,806,2026-05-03T23:57:40.817Z,2026-05-03 19:57:40.817,102636,46
29.280,1.032502942,-0.226058264,-0.118712053,0.094491894,0.072692862,0.733466535,-1.207345752,-1.159902337,0.377214578,0.396891653,-1335,613,2026-05-03T23:57:40.857Z,2026-05-03 19:57:40.857,102636,47
29.320,1.149808459,-0.163554863,-0.084593327,0.168892320,0.002607988,2.485704691,-0.976076927,-0.979159933,0.720549549,-0.067150260,-1047,219,2026-05-03T23:57:40.897Z,2026-05-03 19:57:40.897,102636,48
29.360,0.862279613,0.770486753,-0.121654985,-0.391951900,0.018711825,-1.809225570,2.479970278,-1.175492386,-1.867573159,0.039475535,-1276,336,2026-05-03T23:57:40.937Z,2026-05-03 19:57:40.937,102636,49
29.400,0.897375798,0.311843920,0.356625744,-0.291206068,-0.105166713,-1.284980194,0.782946018,1.358178117,-1.402662288,-0.780741861,1562,-739,2026-05-03T23:57:40.977Z,2026-05-03 19:57:40.977,102636,50
29.440,0.854262440,0.758426983,0.244302821,0.034016097,-0.210311983,-1.928981200,2.435347927,0.763152518,0.098137471,-1.476923633,1083,-1182,2026-05-03T23:57:41.017Z,2026-05-03 19:57:41.017,102636,51
29.480,0.896275377,0.361228050,0.418633000,-0.296408340,-0.066145062,-1.301417610,0.965672229,1.686658746,-1.426669165,-0.522373968,1853,-593,2026-05-03T23:57:41.057Z,2026-05-03 19:57:41.057,102636,52
29.520,0.921987181,0.504977140,0.281006475,0.193987288,0.042784410,-0.917350397,1.497558211,0.957588463,0.836355070,0.198863540,934,96,2026-05-03T23:57:41.097Z,2026-05-03 19:57:41.097,102636,53
29.560,0.935302656,0.511122160,0.458082764,0.351812488,-0.025469563,-0.718451966,1.520295397,1.895642087,1.564669578,-0.253055711,2016,-418,2026-05-03T23:57:41.137Z,2026-05-03 19:57:41.137,102636,54
29.600,0.941032779,0.288014948,0.315715170,0.125268903,0.328731454,-0.632858881,0.694776445,1.141456205,0.519240965,2.092159543,728,1546,2026-05-03T23:57:41.177Z,2026-05-03 19:57:41.177,102636,55
29.640,0.919791970,0.488581145,0.473552379,0.277129726,0.175852514,-0.950141110,1.436891391,1.977591670,1.220031720,1.079926358,1821,611,2026-05-03T23:57:41.217Z,2026-05-03 19:57:41.217,102636,56
29.680,0.991381564,0.257069573,0.309300021,0.269622152,0.254455334,0.119220511,0.580275467,1.107472241,1.185386584,1.600366800,796,1167,2026-05-03T23:57:41.257Z,2026-05-03 19:57:41.257,102636,57
29.720,1.122390795,-0.182067468,0.399584480,0.461225314,0.218703457,2.076156367,-1.044575415,1.585750073,2.069575950,1.363648540,1349,900,2026-05-03T23:57:41.297Z,2026-05-03 19:57:41.297,102636,58
29.760,1.059595652,-0.258141412,0.085764975,0.329549930,0.262664550,1.138160879,-1.326056599,-0.076694542,1.461934756,1.654721186,-461,1412,2026-05-03T23:57:41.337Z,2026-05-03 19:57:41.337,102636,59
29.800,1.017730212,-0.247143716,-0.093999146,0.062685251,0.243589635,0.512800520,-1.285364026,-1.028986831,0.230436756,1.528423461,-1436,1476,2026-05-03T23:57:41.377Z,2026-05-03 19:57:41.377,102636,60
29.840,1.059371996,-0.280922010,-0.070132830,-0.181554587,0.047407486,1.134820047,-1.410347086,-0.902556104,-0.896654601,0.229473585,-1029,438,2026-05-03T23:57:41.417Z,2026-05-03 19:57:41.417,102636,61
29.880,0.958648710,-0.018733205,-0.158372400,-0.207368580,-0.112012330,-0.369722865,-0.440222338,-1.370001227,-1.015778195,-0.826067666,-1298,-308,2026-05-03T23:57:41.457Z,2026-05-03 19:57:41.457,102636,62
29.920,1.078497562,-0.261104673,-0.156389592,-0.520673690,-0.118421373,1.420506076,-1.337020960,-1.359497393,-2.461584431,-0.868502853,-1278,-343,2026-05-03T23:57:41.497Z,2026-05-03 19:57:41.497,102636,63
29.960,0.947487781,-0.054895638,-0.185661391,-0.683290946,-0.300345235,-0.536438007,-0.574026950,-1.514563425,-3.212012802,-2.073046583,-1187,-1259,2026-05-03T23:57:41.537Z,2026-05-03 19:57:41.537,102636,64
