sample_ts_utc,sample_ts_et,batch_id,sample_in_batch,x_raw,y_raw,z_raw
2026-05-04T22:12:00.010Z,2026-05-04 18:12:00.010,122630,9,3815,-1,42
2026-05-04T22:12:00.050Z,2026-05-04 18:12:00.050,122630,10,3817,-8,54
2026-05-04T22:12:00.090Z,2026-05-04 18:12:00.090,122630,11,3802,24,51
2026-05-04T22:12:00.130Z,2026-05-04 18:12:00.130,122630,12,3811,10,59
2026-05-04T22:12:00.170Z,2026-05-04 18:12:00.170,122630,13,3812,7,41
2026-05-04T22:12:00.210Z,2026-05-04 18:12:00.210,122630,14,3817,6,37
2026-05-04T22:12:00.250Z,2026-05-04 18:12:00.250,122630,15,3806,6,47
2026-05-04T22:12:00.290Z,2026-05-04 18:12:00.290,122630,16,3811,-3,44
2026-05-04T22:12:00.330Z,2026-05-04 18:12:00.330,122630,17,3814,4,47
2026-05-04T22:12:00.370Z,2026-05-04 18:12:00.370,122630,18,3795,1,55
2026-05-04T22:12:00.410Z,2026-05-04 18:12:00.410,122630,19,3823,-1,48
2026-05-04T22:12:00.450Z,2026-05-04 18:12:00.450,122630,20,3817,3,47
2026-05-04T22:12:00.490Z,2026-05-04 18:12:00.490,122630,21,3813,-2,47
2026-05-04T22:12:00.530Z,2026-05-04 18:12:00.530,122630,22,3797,12,57
2026-05-04T22:12:00.570Z,2026-05-04 18:12:00.570,122630,23,3808,10,45
2026-05-04T22:12:00.610Z,2026-05-04 18:12:00.610,122630,24,3812,8,50
2026-05-04T22:12:00.650Z,2026-05-04 18:12:00.650,122630,25,3821,8,45
2026-05-04T22:12:00.690Z,2026-05-04 18:12:00.690,122630,26,3810,2,50
2026-05-04T22:12:00.730Z,2026-05-04 18:12:00.730,122630,27,3805,1,37
2026-05-04T22:12:00.770Z,2026-05-04 18:12:00.770,122630,28,3808,11,35
2026-05-04T22:12:00.810Z,2026-05-04 18:12:00.810,122630,29,3816,-2,53
2026-05-04T22:12:00.850Z,2026-05-04 18:12:00.850,122630,30,3814,4,42
2026-05-04T22:12:00.890Z,2026-05-04 18:12:00.890,122630,31,3806,9,47
2026-05-04T22:12:00.930Z,2026-05-04 18:12:00.930,122630,32,3821,10,50
2026-05-04T22:12:00.970Z,2026-05-04 18:12:00.970,122630,33,3812,18,40
2026-05-04T22:12:01.010Z,2026-05-04 18:12:01.010,122630,34,3812,1,38
2026-05-04T22:12:01.050Z,2026-05-04 18:12:01.050,122630,35,3803,8,53
2026-05-04T22:12:01.090Z,2026-05-04 18:12:01.090,122630,36,3821,14,44
2026-05-04T22:12:01.130Z,2026-05-04 18:12:01.130,122630,37,3809,17,48
2026-05-04T22:12:01.170Z,2026-05-04 18:12:01.170,122630,38,3813,5,40
2026-05-04T22:12:01.210Z,2026-05-04 18:12:01.210,122630,39,3807,4,44
2026-05-04T22:12:01.250Z,2026-05-04 18:12:01.250,122630,40,3823,13,45
2026-05-04T22:12:01.290Z,2026-05-04 18:12:01.290,122630,41,3801,13,43
2026-05-04T22:12:01.330Z,2026-05-04 18:12:01.330,122630,42,3823,13,50
2026-05-04T22:12:01.370Z,2026-05-04 18:12:01.370,122630,43,3816,22,45
2026-05-04T22:12:01.410Z,2026-05-04 18:12:01.410,122630,44,3808,4,57
2026-05-04T22:12:01.450Z,2026-05-04 18:12:01.450,122630,45,3818,11,52
2026-05-04T22:12:01.490Z,2026-05-04 18:12:01.490,122630,46,3808,-2,40
2026-05-04T22:12:01.530Z,2026-05-04 18:12:01.530,122630,47,3811,0,22
2026-05-04T22:12:01.570Z,2026-05-04 18:12:01.570,122630,48,3828,12,41
2026-05-04T22:12:01.610Z,2026-05-04 18:12:01.610,122630,49,3827,-6,51
2026-05-04T22:12:01.650Z,2026-05-04 18:12:01.650,122630,50,3813,6,43
2026-05-04T22:12:01.690Z,2026-05-04 18:12:01.690,122630,51,3825,7,35
2026-05-04T22:12:01.730Z,2026-05-04 18:12:01.730,122630,52,3821,22,32
2026-05-04T22:12:01.770Z,2026-05-04 18:12:01.770,122630,53,3824,9,40
2026-05-04T22:12:01.810Z,2026-05-04 18:12:01.810,122630,54,3816,10,45
2026-05-04T22:12:01.850Z,2026-05-04 18:12:01.850,122630,55,3814,7,41
2026-05-04T22:12:01.890Z,2026-05-04 18:12:01.890,122630,56,3817,3,43
2026-05-04T22:12:01.930Z,2026-05-04 18:12:01.930,122630,57,3811,-4,36
2026-05-04T22:12:01.970Z,2026-05-04 18:12:01.970,122630,58,3806,7,44
2026-05-04T22:12:02.010Z,2026-05-04 18:12:02.010,122630,59,3817,9,51
2026-05-04T22:12:02.050Z,2026-05-04 18:12:02.050,122630,60,3808,10,49
2026-05-04T22:12:02.090Z,2026-05-04 18:12:02.090,122630,61,3810,3,54
2026-05-04T22:12:02.130Z,2026-05-04 18:12:02.130,122630,62,3820,6,46
2026-05-04T22:12:02.170Z,2026-05-04 18:12:02.170,122630,63,3816,-3,52
2026-05-04T22:12:02.210Z,2026-05-04 18:12:02.210,122630,64,3800,7,55
2026-05-04T22:12:02.250Z,2026-05-04 18:12:02.250,122630,65,3802,18,50
2026-05-04T22:12:02.290Z,2026-05-04 18:12:02.290,122630,66,3812,10,57
2026-05-04T22:12:02.330Z,2026-05-04 18:12:02.330,122630,67,3819,5,55
2026-05-04T22:12:02.370Z,2026-05-04 18:12:02.370,122630,68,3808,-2,38
2026-05-04T22:12:02.410Z,2026-05-04 18:12:02.410,122630,69,3806,21,41
2026-05-04T22:12:02.450Z,2026-05-04 18:12:02.450,122630,70,3814,13,42
2026-05-04T22:12:02.490Z,2026-05-04 18:12:02.490,122630,71,3807,14,38
2026-05-04T22:12:02.530Z,2026-05-04 18:12:02.530,122630,72,3815,0,39
2026-05-04T22:12:02.570Z,2026-05-04 18:12:02.570,122630,73,3815,4,44
2026-05-04T22:12:02.610Z,2026-05-04 18:12:02.610,122630,74,3808,10,54
2026-05-04T22:12:02.650Z,2026-05-04 18:12:02.650,122630,75,3814,9,40
2026-05-04T22:12:02.690Z,2026-05-04 18:12:02.690,122630,76,3800,3,49
2026-05-04T22:12:02.730Z,2026-05-04 18:12:02.730,122630,77,3817,21,44
2026-05-04T22:12:02.770Z,2026-05-04 18:12:02.770,122630,78,3814,1,57
2026-05-04T22:12:02.810Z,2026-05-04 18:12:02.810,122630,79,3810,7,54
2026-05-04T22:12:02.850Z,2026-05-04 18:12:02.850,122630,80,3811,4,32
2026-05-04T22:12:02.890Z,2026-05-04 18:12:02.890,122630,81,3806,7,45
2026-05-04T22:12:02.930Z,2026-05-04 18:12:02.930,122630,82,3819,11,30
2026-05-04T22:12:02.970Z,2026-05-04 18:12:02.970,122630,83,3819,2,39
2026-05-04T22:12:03.010Z,2026-05-04 18:12:03.010,122630,84,3815,13,46
2026-05-04T22:12:03.050Z,2026-05-04 18:12:03.050,122630,85,3804,5,49
2026-05-04T22:12:03.090Z,2026-05-04 18:12:03.090,122630,86,3808,3,38
2026-05-04T22:12:03.130Z,2026-05-04 18:12:03.130,122630,87,3806,3,44
2026-05-04T22:12:03.170Z,2026-05-04 18:12:03.170,122630,88,3818,12,33
2026-05-04T22:12:03.210Z,2026-05-04 18:12:03.210,122630,89,3812,9,43
2026-05-04T22:12:03.250Z,2026-05-04 18:12:03.250,122630,90,3802,0,47
2026-05-04T22:12:03.290Z,2026-05-04 18:12:03.290,122630,91,3805,21,40
2026-05-04T22:12:03.330Z,2026-05-04 18:12:03.330,122630,92,3815,1,43
2026-05-04T22:12:03.370Z,2026-05-04 18:12:03.370,122630,93,3816,-1,43
2026-05-04T22:12:03.410Z,2026-05-04 18:12:03.410,122630,94,3824,2,43
2026-05-04T22:12:03.450Z,2026-05-04 18:12:03.450,122630,95,3809,-7,46
2026-05-04T22:12:03.490Z,2026-05-04 18:12:03.490,122630,96,3812,2,39
2026-05-04T22:12:03.530Z,2026-05-04 18:12:03.530,122630,97,3820,8,43
2026-05-04T22:12:03.570Z,2026-05-04 18:12:03.570,122630,98,3825,10,56
2026-05-04T22:12:03.610Z,2026-05-04 18:12:03.610,122630,99,3806,3,50
2026-05-04T22:12:03.650Z,2026-05-04 18:12:03.650,122630,100,3812,2,47
2026-05-04T22:12:03.690Z,2026-05-04 18:12:03.690,122631,1,3811,-2,39
2026-05-04T22:12:03.730Z,2026-05-04 18:12:03.730,122631,2,3807,-4,45
2026-05-04T22:12:03.770Z,2026-05-04 18:12:03.770,122631,3,3810,4,45
2026-05-04T22:12:03.810Z,2026-05-04 18:12:03.810,122631,4,3815,5,46
2026-05-04T22:12:03.850Z,2026-05-04 18:12:03.850,122631,5,3819,11,49
2026-05-04T22:12:03.890Z,2026-05-04 18:12:03.890,122631,6,3817,2,55
2026-05-04T22:12:03.930Z,2026-05-04 18:12:03.930,122631,7,3812,3,45
2026-05-04T22:12:03.970Z,2026-05-04 18:12:03.970,122631,8,3816,15,47
2026-05-04T22:12:04.010Z,2026-05-04 18:12:04.010,122631,9,3809,10,43
2026-05-04T22:12:04.050Z,2026-05-04 18:12:04.050,122631,10,3800,-8,57
2026-05-04T22:12:04.090Z,2026-05-04 18:12:04.090,122631,11,3818,2,42
2026-05-04T22:12:04.130Z,2026-05-04 18:12:04.130,122631,12,3826,3,45
2026-05-04T22:12:04.170Z,2026-05-04 18:12:04.170,122631,13,3820,7,48
2026-05-04T22:12:04.210Z,2026-05-04 18:12:04.210,122631,14,3814,-5,38
2026-05-04T22:12:04.250Z,2026-05-04 18:12:04.250,122631,15,3823,-3,33
2026-05-04T22:12:04.290Z,2026-05-04 18:12:04.290,122631,16,3828,16,53
2026-05-04T22:12:04.330Z,2026-05-04 18:12:04.330,122631,17,3821,2,42
2026-05-04T22:12:04.370Z,2026-05-04 18:12:04.370,122631,18,3810,9,34
2026-05-04T22:12:04.410Z,2026-05-04 18:12:04.410,122631,19,3823,-1,43
2026-05-04T22:12:04.450Z,2026-05-04 18:12:04.450,122631,20,3817,1,57
2026-05-04T22:12:04.490Z,2026-05-04 18:12:04.490,122631,21,3812,8,44
2026-05-04T22:12:04.530Z,2026-05-04 18:12:04.530,122631,22,3823,2,41
2026-05-04T22:12:04.570Z,2026-05-04 18:12:04.570,122631,23,3817,-3,34
2026-05-04T22:12:04.610Z,2026-05-04 18:12:04.610,122631,24,3810,5,37
2026-05-04T22:12:04.650Z,2026-05-04 18:12:04.650,122631,25,3817,8,46
2026-05-04T22:12:04.690Z,2026-05-04 18:12:04.690,122631,26,3818,2,48
2026-05-04T22:12:04.730Z,2026-05-04 18:12:04.730,122631,27,3809,10,34
2026-05-04T22:12:04.770Z,2026-05-04 18:12:04.770,122631,28,3821,7,35
2026-05-04T22:12:04.810Z,2026-05-04 18:12:04.810,122631,29,3816,4,45
2026-05-04T22:12:04.850Z,2026-05-04 18:12:04.850,122631,30,3812,-7,50
2026-05-04T22:12:04.890Z,2026-05-04 18:12:04.890,122631,31,3823,-1,42
2026-05-04T22:12:04.930Z,2026-05-04 18:12:04.930,122631,32,3820,16,54
2026-05-04T22:12:04.970Z,2026-05-04 18:12:04.970,122631,33,3825,15,52
2026-05-04T22:12:05.010Z,2026-05-04 18:12:05.010,122631,34,3821,6,46
2026-05-04T22:12:05.050Z,2026-05-04 18:12:05.050,122631,35,3814,4,49
2026-05-04T22:12:05.090Z,2026-05-04 18:12:05.090,122631,36,3822,15,35
2026-05-04T22:12:05.130Z,2026-05-04 18:12:05.130,122631,37,3818,-16,51
2026-05-04T22:12:05.170Z,2026-05-04 18:12:05.170,122631,38,3808,6,44
2026-05-04T22:12:05.210Z,2026-05-04 18:12:05.210,122631,39,3815,18,43
2026-05-04T22:12:05.250Z,2026-05-04 18:12:05.250,122631,40,3815,11,56
2026-05-04T22:12:05.290Z,2026-05-04 18:12:05.290,122631,41,3817,0,43
2026-05-04T22:12:05.330Z,2026-05-04 18:12:05.330,122631,42,3805,1,38
2026-05-04T22:12:05.370Z,2026-05-04 18:12:05.370,122631,43,3811,4,43
2026-05-04T22:12:05.410Z,2026-05-04 18:12:05.410,122631,44,3816,8,58
2026-05-04T22:12:05.450Z,2026-05-04 18:12:05.450,122631,45,3817,3,37
2026-05-04T22:12:05.490Z,2026-05-04 18:12:05.490,122631,46,3815,4,45
2026-05-04T22:12:05.530Z,2026-05-04 18:12:05.530,122631,47,3808,1,41
2026-05-04T22:12:05.570Z,2026-05-04 18:12:05.570,122631,48,3809,6,47
2026-05-04T22:12:05.610Z,2026-05-04 18:12:05.610,122631,49,3817,5,57
2026-05-04T22:12:05.650Z,2026-05-04 18:12:05.650,122631,50,3807,0,40
2026-05-04T22:12:05.690Z,2026-05-04 18:12:05.690,122631,51,3815,2,30
2026-05-04T22:12:05.730Z,2026-05-04 18:12:05.730,122631,52,3816,19,41
2026-05-04T22:12:05.770Z,2026-05-04 18:12:05.770,122631,53,3815,5,40
2026-05-04T22:12:05.810Z,2026-05-04 18:12:05.810,122631,54,3812,5,45
2026-05-04T22:12:05.850Z,2026-05-04 18:12:05.850,122631,55,3813,6,42
2026-05-04T22:12:05.890Z,2026-05-04 18:12:05.890,122631,56,3807,1,46
2026-05-04T22:12:05.930Z,2026-05-04 18:12:05.930,122631,57,3813,13,36
2026-05-04T22:12:05.970Z,2026-05-04 18:12:05.970,122631,58,3820,5,38
2026-05-04T22:12:06.010Z,2026-05-04 18:12:06.010,122631,59,3801,20,29
2026-05-04T22:12:06.050Z,2026-05-04 18:12:06.050,122631,60,3832,-1,42
2026-05-04T22:12:06.090Z,2026-05-04 18:12:06.090,122631,61,3802,9,48
2026-05-04T22:12:06.130Z,2026-05-04 18:12:06.130,122631,62,3812,0,53
2026-05-04T22:12:06.170Z,2026-05-04 18:12:06.170,122631,63,3817,6,49
2026-05-04T22:12:06.210Z,2026-05-04 18:12:06.210,122631,64,3814,15,37
2026-05-04T22:12:06.250Z,2026-05-04 18:12:06.250,122631,65,3796,5,43
2026-05-04T22:12:06.290Z,2026-05-04 18:12:06.290,122631,66,3818,3,51
2026-05-04T22:12:06.330Z,2026-05-04 18:12:06.330,122631,67,3808,9,39
2026-05-04T22:12:06.370Z,2026-05-04 18:12:06.370,122631,68,3801,6,57
2026-05-04T22:12:06.410Z,2026-05-04 18:12:06.410,122631,69,3801,5,47
2026-05-04T22:12:06.450Z,2026-05-04 18:12:06.450,122631,70,3822,9,48
2026-05-04T22:12:06.490Z,2026-05-04 18:12:06.490,122631,71,3813,1,44
2026-05-04T22:12:06.530Z,2026-05-04 18:12:06.530,122631,72,3807,-5,30
2026-05-04T22:12:06.570Z,2026-05-04 18:12:06.570,122631,73,3808,5,40
2026-05-04T22:12:06.610Z,2026-05-04 18:12:06.610,122631,74,3816,5,35
2026-05-04T22:12:06.650Z,2026-05-04 18:12:06.650,122631,75,3820,2,56
2026-05-04T22:12:06.690Z,2026-05-04 18:12:06.690,122631,76,3815,-1,39
2026-05-04T22:12:06.730Z,2026-05-04 18:12:06.730,122631,77,3809,20,53
2026-05-04T22:12:06.770Z,2026-05-04 18:12:06.770,122631,78,3823,6,33
2026-05-04T22:12:06.810Z,2026-05-04 18:12:06.810,122631,79,3833,7,37
2026-05-04T22:12:06.850Z,2026-05-04 18:12:06.850,122631,80,3812,1,40
2026-05-04T22:12:06.890Z,2026-05-04 18:12:06.890,122631,81,3822,-4,56
2026-05-04T22:12:06.930Z,2026-05-04 18:12:06.930,122631,82,3821,-4,56
2026-05-04T22:12:06.970Z,2026-05-04 18:12:06.970,122631,83,3829,-13,47
2026-05-04T22:12:07.010Z,2026-05-04 18:12:07.010,122631,84,3815,-1,51
2026-05-04T22:12:07.050Z,2026-05-04 18:12:07.050,122631,85,3820,12,40
2026-05-04T22:12:07.090Z,2026-05-04 18:12:07.090,122631,86,3812,7,37
2026-05-04T22:12:07.130Z,2026-05-04 18:12:07.130,122631,87,3819,12,46
2026-05-04T22:12:07.170Z,2026-05-04 18:12:07.170,122631,88,3815,19,40
2026-05-04T22:12:07.210Z,2026-05-04 18:12:07.210,122631,89,3822,2,50
2026-05-04T22:12:07.250Z,2026-05-04 18:12:07.250,122631,90,3806,12,44
2026-05-04T22:12:07.290Z,2026-05-04 18:12:07.290,122631,91,3820,10,36
2026-05-04T22:12:07.330Z,2026-05-04 18:12:07.330,122631,92,3815,5,42
2026-05-04T22:12:07.370Z,2026-05-04 18:12:07.370,122631,93,3792,13,48
2026-05-04T22:12:07.410Z,2026-05-04 18:12:07.410,122631,94,3815,-6,41
2026-05-04T22:12:07.450Z,2026-05-04 18:12:07.450,122631,95,3815,4,42
2026-05-04T22:12:07.490Z,2026-05-04 18:12:07.490,122631,96,3820,26,52
2026-05-04T22:12:07.530Z,2026-05-04 18:12:07.530,122631,97,3813,4,32
2026-05-04T22:12:07.570Z,2026-05-04 18:12:07.570,122631,98,3808,8,45
2026-05-04T22:12:07.610Z,2026-05-04 18:12:07.610,122631,99,3810,7,43
2026-05-04T22:12:07.650Z,2026-05-04 18:12:07.650,122631,100,3827,-1,47
2026-05-04T22:12:07.690Z,2026-05-04 18:12:07.690,122632,1,3812,9,52
2026-05-04T22:12:07.730Z,2026-05-04 18:12:07.730,122632,2,3820,-2,34
2026-05-04T22:12:07.770Z,2026-05-04 18:12:07.770,122632,3,3804,7,50
2026-05-04T22:12:07.810Z,2026-05-04 18:12:07.810,122632,4,3811,10,47
2026-05-04T22:12:07.850Z,2026-05-04 18:12:07.850,122632,5,3810,1,36
2026-05-04T22:12:07.890Z,2026-05-04 18:12:07.890,122632,6,3819,0,46
2026-05-04T22:12:07.930Z,2026-05-04 18:12:07.930,122632,7,3820,7,53
2026-05-04T22:12:07.970Z,2026-05-04 18:12:07.970,122632,8,3814,0,50
2026-05-04T22:12:08.010Z,2026-05-04 18:12:08.010,122632,9,3809,9,33
2026-05-04T22:12:08.050Z,2026-05-04 18:12:08.050,122632,10,3806,7,61
2026-05-04T22:12:08.090Z,2026-05-04 18:12:08.090,122632,11,3811,7,35
2026-05-04T22:12:08.130Z,2026-05-04 18:12:08.130,122632,12,3816,-1,34
2026-05-04T22:12:08.170Z,2026-05-04 18:12:08.170,122632,13,3811,3,44
2026-05-04T22:12:08.210Z,2026-05-04 18:12:08.210,122632,14,3820,14,50
2026-05-04T22:12:08.250Z,2026-05-04 18:12:08.250,122632,15,3808,16,40
2026-05-04T22:12:08.290Z,2026-05-04 18:12:08.290,122632,16,3823,5,62
2026-05-04T22:12:08.330Z,2026-05-04 18:12:08.330,122632,17,3821,6,50
2026-05-04T22:12:08.370Z,2026-05-04 18:12:08.370,122632,18,3821,5,39
2026-05-04T22:12:08.410Z,2026-05-04 18:12:08.410,122632,19,3812,12,37
2026-05-04T22:12:08.450Z,2026-05-04 18:12:08.450,122632,20,3819,6,36
2026-05-04T22:12:08.490Z,2026-05-04 18:12:08.490,122632,21,3815,8,30
2026-05-04T22:12:08.530Z,2026-05-04 18:12:08.530,122632,22,3801,4,37
2026-05-04T22:12:08.570Z,2026-05-04 18:12:08.570,122632,23,3824,3,48
2026-05-04T22:12:08.610Z,2026-05-04 18:12:08.610,122632,24,3805,0,40
2026-05-04T22:12:08.650Z,2026-05-04 18:12:08.650,122632,25,3827,0,47
2026-05-04T22:12:08.690Z,2026-05-04 18:12:08.690,122632,26,3812,5,46
2026-05-04T22:12:08.730Z,2026-05-04 18:12:08.730,122632,27,3820,11,48
2026-05-04T22:12:08.770Z,2026-05-04 18:12:08.770,122632,28,3815,7,41
2026-05-04T22:12:08.810Z,2026-05-04 18:12:08.810,122632,29,3803,3,35
2026-05-04T22:12:08.850Z,2026-05-04 18:12:08.850,122632,30,3799,11,44
2026-05-04T22:12:08.890Z,2026-05-04 18:12:08.890,122632,31,3811,5,47
2026-05-04T22:12:08.930Z,2026-05-04 18:12:08.930,122632,32,3812,13,45
2026-05-04T22:12:08.970Z,2026-05-04 18:12:08.970,122632,33,3815,11,41
2026-05-04T22:12:09.010Z,2026-05-04 18:12:09.010,122632,34,3815,12,22
2026-05-04T22:12:09.050Z,2026-05-04 18:12:09.050,122632,35,3787,-544,426
2026-05-04T22:12:09.090Z,2026-05-04 18:12:09.090,122632,36,3835,-16,-19
2026-05-04T22:12:09.130Z,2026-05-04 18:12:09.130,122632,37,3847,592,-38
2026-05-04T22:12:09.170Z,2026-05-04 18:12:09.170,122632,38,3809,447,298
2026-05-04T22:12:09.210Z,2026-05-04 18:12:09.210,122632,39,3838,132,-156
2026-05-04T22:12:09.250Z,2026-05-04 18:12:09.250,122632,40,3775,-461,88
2026-05-04T22:12:09.290Z,2026-05-04 18:12:09.290,122632,41,3768,-507,-12
2026-05-04T22:12:09.330Z,2026-05-04 18:12:09.330,122632,42,3822,63,-329
2026-05-04T22:12:09.370Z,2026-05-04 18:12:09.370,122632,43,3819,427,74
2026-05-04T22:12:09.410Z,2026-05-04 18:12:09.410,122632,44,3855,492,-5
2026-05-04T22:12:09.450Z,2026-05-04 18:12:09.450,122632,45,3830,-24,94
2026-05-04T22:12:09.490Z,2026-05-04 18:12:09.490,122632,46,3788,-536,415
2026-05-04T22:12:09.530Z,2026-05-04 18:12:09.530,122632,47,3821,-313,71
2026-05-04T22:12:09.570Z,2026-05-04 18:12:09.570,122632,48,3835,167,78
2026-05-04T22:12:09.610Z,2026-05-04 18:12:09.610,122632,49,3820,452,89
2026-05-04T22:12:09.650Z,2026-05-04 18:12:09.650,122632,50,3851,341,-203
2026-05-04T22:12:09.690Z,2026-05-04 18:12:09.690,122632,51,3786,-280,50
2026-05-04T22:12:09.730Z,2026-05-04 18:12:09.730,122632,52,3773,-478,-9
2026-05-04T22:12:09.770Z,2026-05-04 18:12:09.770,122632,53,3814,-122,-154
2026-05-04T22:12:09.810Z,2026-05-04 18:12:09.810,122632,54,3804,270,69
2026-05-04T22:12:09.850Z,2026-05-04 18:12:09.850,122632,55,3860,384,-65
2026-05-04T22:12:09.890Z,2026-05-04 18:12:09.890,122632,56,3817,36,50
2026-05-04T22:12:09.930Z,2026-05-04 18:12:09.930,122632,57,3785,-410,282
2026-05-04T22:12:09.970Z,2026-05-04 18:12:09.970,122632,58,3828,-189,79
2026-05-04T22:12:10.010Z,2026-05-04 18:12:10.010,122632,59,3818,98,190
2026-05-04T22:12:10.050Z,2026-05-04 18:12:10.050,122632,60,3820,380,75
2026-05-04T22:12:10.090Z,2026-05-04 18:12:10.090,122632,61,3840,318,-137
2026-05-04T22:12:10.130Z,2026-05-04 18:12:10.130,122632,62,3798,-99,34
2026-05-04T22:12:10.170Z,2026-05-04 18:12:10.170,122632,63,3799,-305,-84
2026-05-04T22:12:10.210Z,2026-05-04 18:12:10.210,122632,64,3807,-145,-64
2026-05-04T22:12:10.250Z,2026-05-04 18:12:10.250,122632,65,3807,124,110
2026-05-04T22:12:10.290Z,2026-05-04 18:12:10.290,122632,66,3828,352,-41
2026-05-04T22:12:10.330Z,2026-05-04 18:12:10.330,122632,67,3811,178,95
2026-05-04T22:12:10.370Z,2026-05-04 18:12:10.370,122632,68,3802,-137,191
2026-05-04T22:12:10.410Z,2026-05-04 18:12:10.410,122632,69,3831,-164,71
2026-05-04T22:12:10.450Z,2026-05-04 18:12:10.450,122632,70,3812,-54,187
2026-05-04T22:12:10.490Z,2026-05-04 18:12:10.490,122632,71,3825,185,76
2026-05-04T22:12:10.530Z,2026-05-04 18:12:10.530,122632,72,3830,116,-35
2026-05-04T22:12:10.570Z,2026-05-04 18:12:10.570,122632,73,3797,-159,21
2026-05-04T22:12:10.610Z,2026-05-04 18:12:10.610,122632,74,3795,-237,-106
2026-05-04T22:12:10.650Z,2026-05-04 18:12:10.650,122632,75,3805,-73,-99
2026-05-04T22:12:10.690Z,2026-05-04 18:12:10.690,122632,76,3817,110,31
2026-05-04T22:12:10.730Z,2026-05-04 18:12:10.730,122632,77,3835,190,-13
2026-05-04T22:12:10.770Z,2026-05-04 18:12:10.770,122632,78,3818,-30,123
2026-05-04T22:12:10.810Z,2026-05-04 18:12:10.810,122632,79,3804,-172,156
2026-05-04T22:12:10.850Z,2026-05-04 18:12:10.850,122632,80,3825,-44,105
2026-05-04T22:12:10.890Z,2026-05-04 18:12:10.890,122632,81,3822,138,172
2026-05-04T22:12:10.930Z,2026-05-04 18:12:10.930,122632,82,3835,243,91
2026-05-04T22:12:10.970Z,2026-05-04 18:12:10.970,122632,83,3820,87,11
2026-05-04T22:12:11.010Z,2026-05-04 18:12:11.010,122632,84,3800,-156,25
2026-05-04T22:12:11.050Z,2026-05-04 18:12:11.050,122632,85,3798,-182,-90
2026-05-04T22:12:11.090Z,2026-05-04 18:12:11.090,122632,86,3796,-41,-77
2026-05-04T22:12:11.130Z,2026-05-04 18:12:11.130,122632,87,3817,166,-32
2026-05-04T22:12:11.170Z,2026-05-04 18:12:11.170,122632,88,3836,236,-30
2026-05-04T22:12:11.210Z,2026-05-04 18:12:11.210,122632,89,3826,9,94
2026-05-04T22:12:11.250Z,2026-05-04 18:12:11.250,122632,90,3801,-184,161
2026-05-04T22:12:11.290Z,2026-05-04 18:12:11.290,122632,91,3831,-70,134
2026-05-04T22:12:11.330Z,2026-05-04 18:12:11.330,122632,92,3835,19,294
2026-05-04T22:12:11.370Z,2026-05-04 18:12:11.370,122632,93,3823,153,122
2026-05-04T22:12:11.410Z,2026-05-04 18:12:11.410,122632,94,3811,80,-106
2026-05-04T22:12:11.450Z,2026-05-04 18:12:11.450,122632,95,3795,-47,-165
2026-05-04T22:12:11.490Z,2026-05-04 18:12:11.490,122632,96,3799,-99,-205
2026-05-04T22:12:11.530Z,2026-05-04 18:12:11.530,122632,97,3787,-115,-82
2026-05-04T22:12:11.570Z,2026-05-04 18:12:11.570,122632,98,3816,86,59
2026-05-04T22:12:11.610Z,2026-05-04 18:12:11.610,122632,99,3826,172,141
2026-05-04T22:12:11.650Z,2026-05-04 18:12:11.650,122632,100,3830,81,214
2026-05-04T22:12:11.690Z,2026-05-04 18:12:11.690,122633,1,3820,-34,180
2026-05-04T22:12:11.730Z,2026-05-04 18:12:11.730,122633,2,3821,-130,130
2026-05-04T22:12:11.770Z,2026-05-04 18:12:11.770,122633,3,3810,-68,21
2026-05-04T22:12:11.810Z,2026-05-04 18:12:11.810,122633,4,3805,90,-35
2026-05-04T22:12:11.850Z,2026-05-04 18:12:11.850,122633,5,3821,188,-47
2026-05-04T22:12:11.890Z,2026-05-04 18:12:11.890,122633,6,3811,87,33
2026-05-04T22:12:11.930Z,2026-05-04 18:12:11.930,122633,7,3805,-78,60
2026-05-04T22:12:11.970Z,2026-05-04 18:12:11.970,122633,8,3806,-115,-14
2026-05-04T22:12:12.010Z,2026-05-04 18:12:12.010,122633,9,3808,2,-27
2026-05-04T22:12:12.050Z,2026-05-04 18:12:12.050,122633,10,3812,89,-63
2026-05-04T22:12:12.090Z,2026-05-04 18:12:12.090,122633,11,3811,103,-53
2026-05-04T22:12:12.130Z,2026-05-04 18:12:12.130,122633,12,3819,-4,14
2026-05-04T22:12:12.170Z,2026-05-04 18:12:12.170,122633,13,3800,-65,32
2026-05-04T22:12:12.210Z,2026-05-04 18:12:12.210,122633,14,3809,-35,67
2026-05-04T22:12:12.250Z,2026-05-04 18:12:12.250,122633,15,3818,76,37
2026-05-04T22:12:12.290Z,2026-05-04 18:12:12.290,122633,16,3822,71,0
2026-05-04T22:12:12.330Z,2026-05-04 18:12:12.330,122633,17,3806,-8,-64
2026-05-04T22:12:12.370Z,2026-05-04 18:12:12.370,122633,18,3804,-73,-180
2026-05-04T22:12:12.410Z,2026-05-04 18:12:12.410,122633,19,3776,7,-435
2026-05-04T22:12:12.450Z,2026-05-04 18:12:12.450,122633,20,3778,114,-606
2026-05-04T22:12:12.490Z,2026-05-04 18:12:12.490,122633,21,3776,164,-417
2026-05-04T22:12:12.530Z,2026-05-04 18:12:12.530,122633,22,3791,-41,-149
2026-05-04T22:12:12.570Z,2026-05-04 18:12:12.570,122633,23,3790,-142,84
2026-05-04T22:12:12.610Z,2026-05-04 18:12:12.610,122633,24,3818,13,107
2026-05-04T22:12:12.650Z,2026-05-04 18:12:12.650,122633,25,3806,53,180
2026-05-04T22:12:12.690Z,2026-05-04 18:12:12.690,122633,26,3789,-150,340
2026-05-04T22:12:12.730Z,2026-05-04 18:12:12.730,122633,27,3823,-106,719
2026-05-04T22:12:12.770Z,2026-05-04 18:12:12.770,122633,28,3851,26,982
2026-05-04T22:12:12.810Z,2026-05-04 18:12:12.810,122633,29,3862,76,856
2026-05-04T22:12:12.850Z,2026-05-04 18:12:12.850,122633,30,3834,181,598
2026-05-04T22:12:12.890Z,2026-05-04 18:12:12.890,122633,31,3824,103,381
2026-05-04T22:12:12.930Z,2026-05-04 18:12:12.930,122633,32,3827,13,316
2026-05-04T22:12:12.970Z,2026-05-04 18:12:12.970,122633,33,3812,-75,343
2026-05-04T22:12:13.010Z,2026-05-04 18:12:13.010,122633,34,3808,-113,276
2026-05-04T22:12:13.050Z,2026-05-04 18:12:13.050,122633,35,3817,-116,246
2026-05-04T22:12:13.090Z,2026-05-04 18:12:13.090,122633,36,3824,-3,211
2026-05-04T22:12:13.130Z,2026-05-04 18:12:13.130,122633,37,3825,-13,184
2026-05-04T22:12:13.170Z,2026-05-04 18:12:13.170,122633,38,3797,2,119
2026-05-04T22:12:13.210Z,2026-05-04 18:12:13.210,122633,39,3791,29,50
2026-05-04T22:12:13.250Z,2026-05-04 18:12:13.250,122633,40,3802,23,111
2026-05-04T22:12:13.290Z,2026-05-04 18:12:13.290,122633,41,3834,-45,428
2026-05-04T22:12:13.330Z,2026-05-04 18:12:13.330,122633,42,3826,-35,576
2026-05-04T22:12:13.370Z,2026-05-04 18:12:13.370,122633,43,3826,-20,611
2026-05-04T22:12:13.410Z,2026-05-04 18:12:13.410,122633,44,3822,27,559
2026-05-04T22:12:13.450Z,2026-05-04 18:12:13.450,122633,45,3826,40,565
2026-05-04T22:12:13.490Z,2026-05-04 18:12:13.490,122633,46,3819,25,390
2026-05-04T22:12:13.530Z,2026-05-04 18:12:13.530,122633,47,3811,-29,273
2026-05-04T22:12:13.570Z,2026-05-04 18:12:13.570,122633,48,3806,31,131
2026-05-04T22:12:13.610Z,2026-05-04 18:12:13.610,122633,49,3810,-10,185
2026-05-04T22:12:13.650Z,2026-05-04 18:12:13.650,122633,50,3799,-35,218
2026-05-04T22:12:13.690Z,2026-05-04 18:12:13.690,122633,51,3804,54,289
2026-05-04T22:12:13.730Z,2026-05-04 18:12:13.730,122633,52,3808,-14,445
2026-05-04T22:12:13.770Z,2026-05-04 18:12:13.770,122633,53,3823,-28,570
2026-05-04T22:12:13.810Z,2026-05-04 18:12:13.810,122633,54,3826,-41,690
2026-05-04T22:12:13.850Z,2026-05-04 18:12:13.850,122633,55,3806,-112,1049
2026-05-04T22:12:13.890Z,2026-05-04 18:12:13.890,122633,56,3787,-284,3283
2026-05-04T22:12:13.930Z,2026-05-04 18:12:13.930,122633,57,3979,80,6201
2026-05-04T22:12:13.970Z,2026-05-04 18:12:13.970,122633,58,3904,688,5163
2026-05-04T22:12:14.010Z,2026-05-04 18:12:14.010,122633,59,3269,-333,3614
2026-05-04T22:12:14.050Z,2026-05-04 18:12:14.050,122633,60,3037,-1257,-2121
2026-05-04T22:12:14.090Z,2026-05-04 18:12:14.090,122633,61,3003,-716,-8192
2026-05-04T22:12:14.130Z,2026-05-04 18:12:14.130,122633,62,2824,-777,-8192
2026-05-04T22:12:14.170Z,2026-05-04 18:12:14.170,122633,63,2982,867,-8192
2026-05-04T22:12:14.210Z,2026-05-04 18:12:14.210,122633,64,3211,954,-3687
2026-05-04T22:12:14.250Z,2026-05-04 18:12:14.250,122633,65,3264,-728,3681
2026-05-04T22:12:14.290Z,2026-05-04 18:12:14.290,122633,66,3916,-1348,6500
2026-05-04T22:12:14.330Z,2026-05-04 18:12:14.330,122633,67,4004,-1381,8191
2026-05-04T22:12:14.370Z,2026-05-04 18:12:14.370,122633,68,4092,313,8130
2026-05-04T22:12:14.410Z,2026-05-04 18:12:14.410,122633,69,4002,1823,5198
2026-05-04T22:12:14.450Z,2026-05-04 18:12:14.450,122633,70,3369,683,3189
2026-05-04T22:12:14.490Z,2026-05-04 18:12:14.490,122633,71,3166,-1172,-2029
2026-05-04T22:12:14.530Z,2026-05-04 18:12:14.530,122633,72,3001,-2346,-6336
2026-05-04T22:12:14.570Z,2026-05-04 18:12:14.570,122633,73,2970,-1379,-8192
2026-05-04T22:12:14.610Z,2026-05-04 18:12:14.610,122633,74,3123,1293,-8192
2026-05-04T22:12:14.650Z,2026-05-04 18:12:14.650,122633,75,3209,1903,-4619
2026-05-04T22:12:14.690Z,2026-05-04 18:12:14.690,122633,76,3346,400,272
2026-05-04T22:12:14.730Z,2026-05-04 18:12:14.730,122633,77,3681,-1890,4877
2026-05-04T22:12:14.770Z,2026-05-04 18:12:14.770,122633,78,3875,-2561,8191
2026-05-04T22:12:14.810Z,2026-05-04 18:12:14.810,122633,79,4182,-269,8179
2026-05-04T22:12:14.850Z,2026-05-04 18:12:14.850,122633,80,4051,2112,6358
2026-05-04T22:12:14.890Z,2026-05-04 18:12:14.890,122633,81,3648,2038,3312
2026-05-04T22:12:14.930Z,2026-05-04 18:12:14.930,122633,82,3291,-386,-1228
2026-05-04T22:12:14.970Z,2026-05-04 18:12:14.970,122633,83,3011,-2885,-4759
2026-05-04T22:12:15.010Z,2026-05-04 18:12:15.010,122633,84,3012,-2386,-7547
2026-05-04T22:12:15.050Z,2026-05-04 18:12:15.050,122633,85,3158,409,-7836
2026-05-04T22:12:15.090Z,2026-05-04 18:12:15.090,122633,86,3281,2291,-5136
2026-05-04T22:12:15.130Z,2026-05-04 18:12:15.130,122633,87,3424,1734,-1570
2026-05-04T22:12:15.170Z,2026-05-04 18:12:15.170,122633,88,3553,-1227,3214
2026-05-04T22:12:15.210Z,2026-05-04 18:12:15.210,122633,89,3813,-3032,7028
2026-05-04T22:12:15.250Z,2026-05-04 18:12:15.250,122633,90,4128,-1524,8023
2026-05-04T22:12:15.290Z,2026-05-04 18:12:15.290,122633,91,4106,1407,7033
2026-05-04T22:12:15.330Z,2026-05-04 18:12:15.330,122633,92,3886,2884,3781
2026-05-04T22:12:15.370Z,2026-05-04 18:12:15.370,122633,93,3448,922,-76
2026-05-04T22:12:15.410Z,2026-05-04 18:12:15.410,122633,94,3111,-2336,-3655
2026-05-04T22:12:15.450Z,2026-05-04 18:12:15.450,122633,95,3061,-3107,-6592
2026-05-04T22:12:15.490Z,2026-05-04 18:12:15.490,122633,96,3153,-878,-7157
2026-05-04T22:12:15.530Z,2026-05-04 18:12:15.530,122633,97,3321,2037,-5616
2026-05-04T22:12:15.570Z,2026-05-04 18:12:15.570,122633,98,3477,2624,-2595
2026-05-04T22:12:15.610Z,2026-05-04 18:12:15.610,122633,99,3542,-40,1730
2026-05-04T22:12:15.650Z,2026-05-04 18:12:15.650,122633,100,3757,-2763,5491
2026-05-04T22:12:15.690Z,2026-05-04 18:12:15.690,122634,1,4005,-2576,7567
2026-05-04T22:12:15.730Z,2026-05-04 18:12:15.730,122634,2,4102,387,7061
2026-05-04T22:12:15.770Z,2026-05-04 18:12:15.770,122634,3,4005,2882,4347
2026-05-04T22:12:15.810Z,2026-05-04 18:12:15.810,122634,4,3637,2043,949
2026-05-04T22:12:15.850Z,2026-05-04 18:12:15.850,122634,5,3271,-1260,-2628
2026-05-04T22:12:15.890Z,2026-05-04 18:12:15.890,122634,6,3097,-3168,-5522
2026-05-04T22:12:15.930Z,2026-05-04 18:12:15.930,122634,7,3148,-1961,-6595
2026-05-04T22:12:15.970Z,2026-05-04 18:12:15.970,122634,8,3343,1207,-5804
2026-05-04T22:12:16.010Z,2026-05-04 18:12:16.010,122634,9,3478,2777,-3193
2026-05-04T22:12:16.050Z,2026-05-04 18:12:16.050,122634,10,3571,1164,416
2026-05-04T22:12:16.090Z,2026-05-04 18:12:16.090,122634,11,3721,-1909,4094
2026-05-04T22:12:16.130Z,2026-05-04 18:12:16.130,122634,12,3913,-2967,6730
2026-05-04T22:12:16.170Z,2026-05-04 18:12:16.170,122634,13,4082,-735,6908
2026-05-04T22:12:16.210Z,2026-05-04 18:12:16.210,122634,14,4049,2194,4935
2026-05-04T22:12:16.250Z,2026-05-04 18:12:16.250,122634,15,3790,2659,1838
2026-05-04T22:12:16.290Z,2026-05-04 18:12:16.290,122634,16,3410,-31,-1620
2026-05-04T22:12:16.330Z,2026-05-04 18:12:16.330,122634,17,3164,-2730,-4533
2026-05-04T22:12:16.370Z,2026-05-04 18:12:16.370,122634,18,3163,-2640,-6099
2026-05-04T22:12:16.410Z,2026-05-04 18:12:16.410,122634,19,3326,165,-5791
2026-05-04T22:12:16.450Z,2026-05-04 18:12:16.450,122634,20,3488,2507,-3701
2026-05-04T22:12:16.490Z,2026-05-04 18:12:16.490,122634,21,3620,1993,-613
2026-05-04T22:12:16.530Z,2026-05-04 18:12:16.530,122634,22,3704,-913,2899
2026-05-04T22:12:16.570Z,2026-05-04 18:12:16.570,122634,23,3861,-2864,5747
2026-05-04T22:12:16.610Z,2026-05-04 18:12:16.610,122634,24,4029,-1645,6603
2026-05-04T22:12:16.650Z,2026-05-04 18:12:16.650,122634,25,4068,1347,5270
2026-05-04T22:12:16.690Z,2026-05-04 18:12:16.690,122634,26,3897,2779,2534
2026-05-04T22:12:16.730Z,2026-05-04 18:12:16.730,122634,27,3551,945,-652
2026-05-04T22:12:16.770Z,2026-05-04 18:12:16.770,122634,28,3258,-1999,-3596
2026-05-04T22:12:16.810Z,2026-05-04 18:12:16.810,122634,29,3200,-2839,-5459
2026-05-04T22:12:16.850Z,2026-05-04 18:12:16.850,122634,30,3308,-754,-5632
2026-05-04T22:12:16.890Z,2026-05-04 18:12:16.890,122634,31,3493,1917,-4103
2026-05-04T22:12:16.930Z,2026-05-04 18:12:16.930,122634,32,3623,2340,-1443
2026-05-04T22:12:16.970Z,2026-05-04 18:12:16.970,122634,33,3703,14,1849
2026-05-04T22:12:17.010Z,2026-05-04 18:12:17.010,122634,34,3843,-2385,4765
2026-05-04T22:12:17.050Z,2026-05-04 18:12:17.050,122634,35,3986,-2175,6158
2026-05-04T22:12:17.090Z,2026-05-04 18:12:17.090,122634,36,4072,444,5412
2026-05-04T22:12:17.130Z,2026-05-04 18:12:17.130,122634,37,3967,2502,3122
2026-05-04T22:12:17.170Z,2026-05-04 18:12:17.170,122634,38,3689,1643,185
2026-05-04T22:12:17.210Z,2026-05-04 18:12:17.210,122634,39,3385,-1155,-2689
2026-05-04T22:12:17.250Z,2026-05-04 18:12:17.250,122634,40,3242,-2722,-4754
2026-05-04T22:12:17.290Z,2026-05-04 18:12:17.290,122634,41,3306,-1419,-5387
2026-05-04T22:12:17.330Z,2026-05-04 18:12:17.330,122634,42,3485,1272,-4364
2026-05-04T22:12:17.370Z,2026-05-04 18:12:17.370,122634,43,3625,2407,-2068
2026-05-04T22:12:17.410Z,2026-05-04 18:12:17.410,122634,44,3704,724,914
2026-05-04T22:12:17.450Z,2026-05-04 18:12:17.450,122634,45,3806,-1840,3830
2026-05-04T22:12:17.490Z,2026-05-04 18:12:17.490,122634,46,3938,-2388,5594
2026-05-04T22:12:17.530Z,2026-05-04 18:12:17.530,122634,47,4065,-273,5388
2026-05-04T22:12:17.570Z,2026-05-04 18:12:17.570,122634,48,4000,2081,3600
2026-05-04T22:12:17.610Z,2026-05-04 18:12:17.610,122634,49,3797,2020,915
2026-05-04T22:12:17.650Z,2026-05-04 18:12:17.650,122634,50,3469,-442,-1856
2026-05-04T22:12:17.690Z,2026-05-04 18:12:17.690,122634,51,3308,-2408,-4052
2026-05-04T22:12:17.730Z,2026-05-04 18:12:17.730,122634,52,3317,-1816,-5062
2026-05-04T22:12:17.770Z,2026-05-04 18:12:17.770,122634,53,3470,654,-4453
2026-05-04T22:12:17.810Z,2026-05-04 18:12:17.810,122634,54,3614,2251,-2557
2026-05-04T22:12:17.850Z,2026-05-04 18:12:17.850,122634,55,3703,1215,135
2026-05-04T22:12:17.890Z,2026-05-04 18:12:17.890,122634,56,3786,-1259,2956
2026-05-04T22:12:17.930Z,2026-05-04 18:12:17.930,122634,57,3910,-2352,4926
2026-05-04T22:12:17.970Z,2026-05-04 18:12:17.970,122634,58,4034,-799,5256
2026-05-04T22:12:18.010Z,2026-05-04 18:12:18.010,122634,59,4033,1592,3899
2026-05-04T22:12:18.050Z,2026-05-04 18:12:18.050,122634,60,3876,2157,1548
2026-05-04T22:12:18.090Z,2026-05-04 18:12:18.090,122634,61,3583,180,-1078
2026-05-04T22:12:18.130Z,2026-05-04 18:12:18.130,122634,62,3366,-1983,-3371
2026-05-04T22:12:18.170Z,2026-05-04 18:12:18.170,122634,63,3320,-2038,-4628
2026-05-04T22:12:18.210Z,2026-05-04 18:12:18.210,122634,64,3449,97,-4449
2026-05-04T22:12:18.250Z,2026-05-04 18:12:18.250,122634,65,3612,1965,-2951
2026-05-04T22:12:18.290Z,2026-05-04 18:12:18.290,122634,66,3703,1539,-563
2026-05-04T22:12:18.330Z,2026-05-04 18:12:18.330,122634,67,3766,-683,2120
2026-05-04T22:12:18.370Z,2026-05-04 18:12:18.370,122634,68,3873,-2151,4276
2026-05-04T22:12:18.410Z,2026-05-04 18:12:18.410,122634,69,3984,-1232,5000
2026-05-04T22:12:18.450Z,2026-05-04 18:12:18.450,122634,70,4042,1058,4084
2026-05-04T22:12:18.490Z,2026-05-04 18:12:18.490,122634,71,3917,2125,2058
2026-05-04T22:12:18.530Z,2026-05-04 18:12:18.530,122634,72,3677,718,-402
2026-05-04T22:12:18.570Z,2026-05-04 18:12:18.570,122634,73,3441,-1501,-2691
2026-05-04T22:12:18.610Z,2026-05-04 18:12:18.610,122634,74,3352,-2116,-4143
2026-05-04T22:12:18.650Z,2026-05-04 18:12:18.650,122634,75,3465,-452,-4352
2026-05-04T22:12:18.690Z,2026-05-04 18:12:18.690,122634,76,3595,1554,-3212
2026-05-04T22:12:18.730Z,2026-05-04 18:12:18.730,122634,77,3701,1748,-1145
2026-05-04T22:12:18.770Z,2026-05-04 18:12:18.770,122634,78,3766,-101,1386
2026-05-04T22:12:18.810Z,2026-05-04 18:12:18.810,122634,79,3853,-1856,3602
2026-05-04T22:12:18.850Z,2026-05-04 18:12:18.850,122634,80,3971,-1528,4669
2026-05-04T22:12:18.890Z,2026-05-04 18:12:18.890,122634,81,4038,515,4150
2026-05-04T22:12:18.930Z,2026-05-04 18:12:18.930,122634,82,3962,1939,2476
2026-05-04T22:12:18.970Z,2026-05-04 18:12:18.970,122634,83,3761,1129,215
2026-05-04T22:12:19.010Z,2026-05-04 18:12:19.010,122634,84,3515,-977,-2013
2026-05-04T22:12:19.050Z,2026-05-04 18:12:19.050,122634,85,3387,-2015,-3628
2026-05-04T22:12:19.090Z,2026-05-04 18:12:19.090,122634,86,3441,-883,-4161
2026-05-04T22:12:19.130Z,2026-05-04 18:12:19.130,122634,87,3576,1115,-3403
2026-05-04T22:12:19.170Z,2026-05-04 18:12:19.170,122634,88,3695,1779,-1625
2026-05-04T22:12:19.210Z,2026-05-04 18:12:19.210,122634,89,3761,362,700
2026-05-04T22:12:19.250Z,2026-05-04 18:12:19.250,122634,90,3823,-1472,2916
2026-05-04T22:12:19.290Z,2026-05-04 18:12:19.290,122634,91,3927,-1670,4227
2026-05-04T22:12:19.330Z,2026-05-04 18:12:19.330,122634,92,4017,22,4132
2026-05-04T22:12:19.370Z,2026-05-04 18:12:19.370,122634,93,4001,1653,2782
2026-05-04T22:12:19.410Z,2026-05-04 18:12:19.410,122634,94,3810,1390,754
2026-05-04T22:12:19.450Z,2026-05-04 18:12:19.450,122634,95,3583,-489,-1388
2026-05-04T22:12:19.490Z,2026-05-04 18:12:19.490,122634,96,3434,-1827,-3120
2026-05-04T22:12:19.530Z,2026-05-04 18:12:19.530,122634,97,3444,-1197,-3881
2026-05-04T22:12:19.570Z,2026-05-04 18:12:19.570,122634,98,3563,693,-3480
2026-05-04T22:12:19.610Z,2026-05-04 18:12:19.610,122634,99,3703,1690,-1989
2026-05-04T22:12:19.650Z,2026-05-04 18:12:19.650,122634,100,3750,744,90
2026-05-04T22:12:19.690Z,2026-05-04 18:12:19.690,122635,1,3820,-1082,2253
2026-05-04T22:12:19.730Z,2026-05-04 18:12:19.730,122635,2,3905,-1685,3775
2026-05-04T22:12:19.770Z,2026-05-04 18:12:19.770,122635,3,3999,-359,4010
2026-05-04T22:12:19.810Z,2026-05-04 18:12:19.810,122635,4,4014,1346,3011
2026-05-04T22:12:19.850Z,2026-05-04 18:12:19.850,122635,5,3875,1527,1219
2026-05-04T22:12:19.890Z,2026-05-04 18:12:19.890,122635,6,3656,-52,-816
2026-05-04T22:12:19.930Z,2026-05-04 18:12:19.930,122635,7,3481,-1576,-2577
2026-05-04T22:12:19.970Z,2026-05-04 18:12:19.970,122635,8,3462,-1402,-3570
2026-05-04T22:12:20.010Z,2026-05-04 18:12:20.010,122635,9,3564,292,-3473
2026-05-04T22:12:20.050Z,2026-05-04 18:12:20.050,122635,10,3684,1538,-2287
2026-05-04T22:12:20.090Z,2026-05-04 18:12:20.090,122635,11,3743,996,-450
2026-05-04T22:12:20.130Z,2026-05-04 18:12:20.130,122635,12,3793,-698,1638
2026-05-04T22:12:20.170Z,2026-05-04 18:12:20.170,122635,13,3872,-1609,3277
2026-05-04T22:12:20.210Z,2026-05-04 18:12:20.210,122635,14,3980,-688,3832
2026-05-04T22:12:20.250Z,2026-05-04 18:12:20.250,122635,15,4026,1010,3147
2026-05-04T22:12:20.290Z,2026-05-04 18:12:20.290,122635,16,3918,1552,1603
2026-05-04T22:12:20.330Z,2026-05-04 18:12:20.330,122635,17,3728,311,-312
2026-05-04T22:12:20.370Z,2026-05-04 18:12:20.370,122635,18,3525,-1289,-2070
2026-05-04T22:12:20.410Z,2026-05-04 18:12:20.410,122635,19,3487,-1473,-3220
2026-05-04T22:12:20.450Z,2026-05-04 18:12:20.450,122635,20,3549,-72,-3388
2026-05-04T22:12:20.490Z,2026-05-04 18:12:20.490,122635,21,3668,1330,-2501
2026-05-04T22:12:20.530Z,2026-05-04 18:12:20.530,122635,22,3749,1172,-871
2026-05-04T22:12:20.570Z,2026-05-04 18:12:20.570,122635,23,3792,-355,1101
2026-05-04T22:12:20.610Z,2026-05-04 18:12:20.610,122635,24,3855,-1484,2791
2026-05-04T22:12:20.650Z,2026-05-04 18:12:20.650,122635,25,3954,-918,3577
2026-05-04T22:12:20.690Z,2026-05-04 18:12:20.690,122635,26,4013,671,3196
2026-05-04T22:12:20.730Z,2026-05-04 18:12:20.730,122635,27,3954,1512,1899
2026-05-04T22:12:20.770Z,2026-05-04 18:12:20.770,122635,28,3785,601,151
2026-05-04T22:12:20.810Z,2026-05-04 18:12:20.810,122635,29,3587,-983,-1592
2026-05-04T22:12:20.850Z,2026-05-04 18:12:20.850,122635,30,3525,-1473,-2861
2026-05-04T22:12:20.890Z,2026-05-04 18:12:20.890,122635,31,3555,-358,-3241
2026-05-04T22:12:20.930Z,2026-05-04 18:12:20.930,122635,32,3657,1082,-2631
2026-05-04T22:12:20.970Z,2026-05-04 18:12:20.970,122635,33,3724,1276,-1221
2026-05-04T22:12:21.010Z,2026-05-04 18:12:21.010,122635,34,3786,-36,604
2026-05-04T22:12:21.050Z,2026-05-04 18:12:21.050,122635,35,3839,-1280,2297
2026-05-04T22:12:21.090Z,2026-05-04 18:12:21.090,122635,36,3918,-1100,3278
2026-05-04T22:12:21.130Z,2026-05-04 18:12:21.130,122635,37,3989,349,3183
2026-05-04T22:12:21.170Z,2026-05-04 18:12:21.170,122635,38,3984,1381,2143
2026-05-04T22:12:21.210Z,2026-05-04 18:12:21.210,122635,39,3820,842,563
2026-05-04T22:12:21.250Z,2026-05-04 18:12:21.250,122635,40,3646,-650,-1136
2026-05-04T22:12:21.290Z,2026-05-04 18:12:21.290,122635,41,3524,-1421,-2459
2026-05-04T22:12:21.330Z,2026-05-04 18:12:21.330,122635,42,3551,-624,-3020
2026-05-04T22:12:21.370Z,2026-05-04 18:12:21.370,122635,43,3638,830,-2684
2026-05-04T22:12:21.410Z,2026-05-04 18:12:21.410,122635,44,3736,1287,-1508
2026-05-04T22:12:21.450Z,2026-05-04 18:12:21.450,122635,45,3773,260,167
2026-05-04T22:12:21.490Z,2026-05-04 18:12:21.490,122635,46,3821,-1052,1818
2026-05-04T22:12:21.530Z,2026-05-04 18:12:21.530,122635,47,3899,-1173,2944
2026-05-04T22:12:21.570Z,2026-05-04 18:12:21.570,122635,48,3993,49,3080
2026-05-04T22:12:21.610Z,2026-05-04 18:12:21.610,122635,49,3983,1206,2310
2026-05-04T22:12:21.650Z,2026-05-04 18:12:21.650,122635,50,3883,1009,911
2026-05-04T22:12:21.690Z,2026-05-04 18:12:21.690,122635,51,3681,-341,-687
2026-05-04T22:12:21.730Z,2026-05-04 18:12:21.730,122635,52,3567,-1301,-2060
2026-05-04T22:12:21.770Z,2026-05-04 18:12:21.770,122635,53,3548,-816,-2795
2026-05-04T22:12:21.810Z,2026-05-04 18:12:21.810,122635,54,3642,566,-2681
2026-05-04T22:12:21.850Z,2026-05-04 18:12:21.850,122635,55,3722,1243,-1728
2026-05-04T22:12:21.890Z,2026-05-04 18:12:21.890,122635,56,3762,498,-250
2026-05-04T22:12:21.930Z,2026-05-04 18:12:21.930,122635,57,3807,-820,1388
2026-05-04T22:12:21.970Z,2026-05-04 18:12:21.970,122635,58,3862,-1216,2589
2026-05-04T22:12:22.010Z,2026-05-04 18:12:22.010,122635,59,3965,-212,2937
2026-05-04T22:12:22.050Z,2026-05-04 18:12:22.050,122635,60,3983,1016,2403
2026-05-04T22:12:22.090Z,2026-05-04 18:12:22.090,122635,61,3893,1103,1199
2026-05-04T22:12:22.130Z,2026-05-04 18:12:22.130,122635,62,3727,-86,-300
2026-05-04T22:12:22.170Z,2026-05-04 18:12:22.170,122635,63,3584,-1161,-1664
2026-05-04T22:12:22.210Z,2026-05-04 18:12:22.210,122635,64,3566,-940,-2557
2026-05-04T22:12:22.250Z,2026-05-04 18:12:22.250,122635,65,3636,309,-2609
2026-05-04T22:12:22.290Z,2026-05-04 18:12:22.290,122635,66,3723,1179,-1893
2026-05-04T22:12:22.330Z,2026-05-04 18:12:22.330,122635,67,3763,664,-568
2026-05-04T22:12:22.370Z,2026-05-04 18:12:22.370,122635,68,3792,-589,980
2026-05-04T22:12:22.410Z,2026-05-04 18:12:22.410,122635,69,3847,-1175,2243
2026-05-04T22:12:22.450Z,2026-05-04 18:12:22.450,122635,70,3944,-434,2775
2026-05-04T22:12:22.490Z,2026-05-04 18:12:22.490,122635,71,3988,831,2450
2026-05-04T22:12:22.530Z,2026-05-04 18:12:22.530,122635,72,3946,1146,1418
2026-05-04T22:12:22.570Z,2026-05-04 18:12:22.570,122635,73,3778,157,58
2026-05-04T22:12:22.610Z,2026-05-04 18:12:22.610,122635,74,3638,-979,-1315
2026-05-04T22:12:22.650Z,2026-05-04 18:12:22.650,122635,75,3582,-1026,-2258
2026-05-04T22:12:22.690Z,2026-05-04 18:12:22.690,122635,76,3630,80,-2511
2026-05-04T22:12:22.730Z,2026-05-04 18:12:22.730,122635,77,3709,1057,-2011
2026-05-04T22:12:22.770Z,2026-05-04 18:12:22.770,122635,78,3756,814,-860
2026-05-04T22:12:22.810Z,2026-05-04 18:12:22.810,122635,79,3782,-367,609
2026-05-04T22:12:22.850Z,2026-05-04 18:12:22.850,122635,80,3838,-1099,1884
2026-05-04T22:12:22.890Z,2026-05-04 18:12:22.890,122635,81,3919,-580,2582
2026-05-04T22:12:22.930Z,2026-05-04 18:12:22.930,122635,82,3979,610,2431
2026-05-04T22:12:22.970Z,2026-05-04 18:12:22.970,122635,83,3945,1120,1586
2026-05-04T22:12:23.010Z,2026-05-04 18:12:23.010,122635,84,3814,366,354
2026-05-04T22:12:23.050Z,2026-05-04 18:12:23.050,122635,85,3656,-797,-970
2026-05-04T22:12:23.090Z,2026-05-04 18:12:23.090,122635,86,3598,-1047,-1973
2026-05-04T22:12:23.130Z,2026-05-04 18:12:23.130,122635,87,3617,-149,-2380
2026-05-04T22:12:23.170Z,2026-05-04 18:12:23.170,122635,88,3692,889,-2053
2026-05-04T22:12:23.210Z,2026-05-04 18:12:23.210,122635,89,3762,889,-1082
2026-05-04T22:12:23.250Z,2026-05-04 18:12:23.250,122635,90,3787,-134,246
2026-05-04T22:12:23.290Z,2026-05-04 18:12:23.290,122635,91,3818,-989,1543
2026-05-04T22:12:23.330Z,2026-05-04 18:12:23.330,122635,92,3913,-721,2346
2026-05-04T22:12:23.370Z,2026-05-04 18:12:23.370,122635,93,3961,384,2373
2026-05-04T22:12:23.410Z,2026-05-04 18:12:23.410,122635,94,3963,1051,1728
2026-05-04T22:12:23.450Z,2026-05-04 18:12:23.450,122635,95,3848,535,623
2026-05-04T22:12:23.490Z,2026-05-04 18:12:23.490,122635,96,3696,-591,-634
2026-05-04T22:12:23.530Z,2026-05-04 18:12:23.530,122635,97,3618,-1023,-1682
2026-05-04T22:12:23.570Z,2026-05-04 18:12:23.570,122635,98,3634,-336,-2237
2026-05-04T22:12:23.610Z,2026-05-04 18:12:23.610,122635,99,3696,705,-2041
2026-05-04T22:12:23.650Z,2026-05-04 18:12:23.650,122635,100,3750,914,-1245
2026-05-04T22:12:23.690Z,2026-05-04 18:12:23.690,122636,1,3769,77,-52
2026-05-04T22:12:23.730Z,2026-05-04 18:12:23.730,122636,2,3827,-833,1209
2026-05-04T22:12:23.770Z,2026-05-04 18:12:23.770,122636,3,3886,-791,2097
2026-05-04T22:12:23.810Z,2026-05-04 18:12:23.810,122636,4,3950,174,2295
2026-05-04T22:12:23.850Z,2026-05-04 18:12:23.850,122636,5,3959,949,1810
2026-05-04T22:12:23.890Z,2026-05-04 18:12:23.890,122636,6,3870,646,829
2026-05-04T22:12:23.930Z,2026-05-04 18:12:23.930,122636,7,3740,-370,-333
2026-05-04T22:12:23.970Z,2026-05-04 18:12:23.970,122636,8,3641,-970,-1404
2026-05-04T22:12:24.010Z,2026-05-04 18:12:24.010,122636,9,3650,-471,-2026
2026-05-04T22:12:24.050Z,2026-05-04 18:12:24.050,122636,10,3688,524,-2025
2026-05-04T22:12:24.090Z,2026-05-04 18:12:24.090,122636,11,3757,914,-1397
2026-05-04T22:12:24.130Z,2026-05-04 18:12:24.130,122636,12,3777,256,-301
2026-05-04T22:12:24.170Z,2026-05-04 18:12:24.170,122636,13,3802,-680,895
2026-05-04T22:12:24.210Z,2026-05-04 18:12:24.210,122636,14,3853,-829,1828
2026-05-04T22:12:24.250Z,2026-05-04 18:12:24.250,122636,15,3933,-25,2179
2026-05-04T22:12:24.290Z,2026-05-04 18:12:24.290,122636,16,3963,814,1853
2026-05-04T22:12:24.330Z,2026-05-04 18:12:24.330,122636,17,3884,729,1015
2026-05-04T22:12:24.370Z,2026-05-04 18:12:24.370,122636,18,3766,-179,-83
2026-05-04T22:12:24.410Z,2026-05-04 18:12:24.410,122636,19,3669,-882,-1135
2026-05-04T22:12:24.450Z,2026-05-04 18:12:24.450,122636,20,3648,-588,-1823
2026-05-04T22:12:24.490Z,2026-05-04 18:12:24.490,122636,21,3686,340,-1958
2026-05-04T22:12:24.530Z,2026-05-04 18:12:24.530,122636,22,3744,883,-1477
2026-05-04T22:12:24.570Z,2026-05-04 18:12:24.570,122636,23,3772,385,-512
2026-05-04T22:12:24.610Z,2026-05-04 18:12:24.610,122636,24,3802,-533,626
2026-05-04T22:12:24.650Z,2026-05-04 18:12:24.650,122636,25,3845,-827,1583
2026-05-04T22:12:24.690Z,2026-05-04 18:12:24.690,122636,26,3918,-172,2033
2026-05-04T22:12:24.730Z,2026-05-04 18:12:24.730,122636,27,3963,692,1850
2026-05-04T22:12:24.770Z,2026-05-04 18:12:24.770,122636,28,3914,787,1150
2026-05-04T22:12:24.810Z,2026-05-04 18:12:24.810,122636,29,3787,-15,155
2026-05-04T22:12:24.850Z,2026-05-04 18:12:24.850,122636,30,3687,-787,-885
2026-05-04T22:12:24.890Z,2026-05-04 18:12:24.890,122636,31,3654,-656,-1622
2026-05-04T22:12:24.930Z,2026-05-04 18:12:24.930,122636,32,3695,192,-1875
2026-05-04T22:12:24.970Z,2026-05-04 18:12:24.970,122636,33,3747,809,-1534
2026-05-04T22:12:25.010Z,2026-05-04 18:12:25.010,122636,34,3776,487,-711
2026-05-04T22:12:25.050Z,2026-05-04 18:12:25.050,122636,35,3789,-392,374
2026-05-04T22:12:25.090Z,2026-05-04 18:12:25.090,122636,36,3836,-794,1338
2026-05-04T22:12:25.130Z,2026-05-04 18:12:25.130,122636,37,3903,-294,1866
2026-05-04T22:12:25.170Z,2026-05-04 18:12:25.170,122636,38,3947,565,1823
2026-05-04T22:12:25.210Z,2026-05-04 18:12:25.210,122636,39,3904,804,1271
2026-05-04T22:12:25.250Z,2026-05-04 18:12:25.250,122636,40,3812,131,364
2026-05-04T22:12:25.290Z,2026-05-04 18:12:25.290,122636,41,3711,-663,-622
2026-05-04T22:12:25.330Z,2026-05-04 18:12:25.330,122636,42,3660,-696,-1430
2026-05-04T22:12:25.370Z,2026-05-04 18:12:25.370,122636,43,3689,59,-1768
2026-05-04T22:12:25.410Z,2026-05-04 18:12:25.410,122636,44,3741,712,-1552
2026-05-04T22:12:25.450Z,2026-05-04 18:12:25.450,122636,45,3770,562,-837
2026-05-04T22:12:25.490Z,2026-05-04 18:12:25.490,122636,46,3784,-243,151
2026-05-04T22:12:25.530Z,2026-05-04 18:12:25.530,122636,47,3824,-736,1107
2026-05-04T22:12:25.570Z,2026-05-04 18:12:25.570,122636,48,3892,-394,1702
2026-05-04T22:12:25.610Z,2026-05-04 18:12:25.610,122636,49,3941,424,1803
2026-05-04T22:12:25.650Z,2026-05-04 18:12:25.650,122636,50,3931,761,1338
2026-05-04T22:12:25.690Z,2026-05-04 18:12:25.690,122636,51,3855,266,511
2026-05-04T22:12:25.730Z,2026-05-04 18:12:25.730,122636,52,3735,-527,-406
2026-05-04T22:12:25.770Z,2026-05-04 18:12:25.770,122636,53,3667,-706,-1219
2026-05-04T22:12:25.810Z,2026-05-04 18:12:25.810,122636,54,3696,-104,-1642
2026-05-04T22:12:25.850Z,2026-05-04 18:12:25.850,122636,55,3743,621,-1553
2026-05-04T22:12:25.890Z,2026-05-04 18:12:25.890,122636,56,3765,598,-973
2026-05-04T22:12:25.930Z,2026-05-04 18:12:25.930,122636,57,3774,-97,-47
2026-05-04T22:12:25.970Z,2026-05-04 18:12:25.970,122636,58,3801,-668,873
2026-05-04T22:12:26.010Z,2026-05-04 18:12:26.010,122636,59,3875,-467,1549
2026-05-04T22:12:26.050Z,2026-05-04 18:12:26.050,122636,60,3929,276,1716
2026-05-04T22:12:26.090Z,2026-05-04 18:12:26.090,122636,61,3937,738,1366
2026-05-04T22:12:26.130Z,2026-05-04 18:12:26.130,122636,62,3854,359,685
2026-05-04T22:12:26.170Z,2026-05-04 18:12:26.170,122636,63,3751,-399,-210
2026-05-04T22:12:26.210Z,2026-05-04 18:12:26.210,122636,64,3688,-689,-1019
2026-05-04T22:12:26.250Z,2026-05-04 18:12:26.250,122636,65,3697,-208,-1504
2026-05-04T22:12:26.290Z,2026-05-04 18:12:26.290,122636,66,3751,505,-1536
2026-05-04T22:12:26.330Z,2026-05-04 18:12:26.330,122636,67,3765,623,-1062
2026-05-04T22:12:26.370Z,2026-05-04 18:12:26.370,122636,68,3764,35,-226
2026-05-04T22:12:26.410Z,2026-05-04 18:12:26.410,122636,69,3801,-582,669
2026-05-04T22:12:26.450Z,2026-05-04 18:12:26.450,122636,70,3866,-509,1358
2026-05-04T22:12:26.490Z,2026-05-04 18:12:26.490,122636,71,3914,147,1626
2026-05-04T22:12:26.530Z,2026-05-04 18:12:26.530,122636,72,3920,656,1405
2026-05-04T22:12:26.570Z,2026-05-04 18:12:26.570,122636,73,3873,440,787
2026-05-04T22:12:26.610Z,2026-05-04 18:12:26.610,122636,74,3774,-257,-47
2026-05-04T22:12:26.650Z,2026-05-04 18:12:26.650,122636,75,3720,-653,-837
2026-05-04T22:12:26.690Z,2026-05-04 18:12:26.690,122636,76,3698,-289,-1353
2026-05-04T22:12:26.730Z,2026-05-04 18:12:26.730,122636,77,3732,393,-1471
2026-05-04T22:12:26.770Z,2026-05-04 18:12:26.770,122636,78,3757,610,-1093
2026-05-04T22:12:26.810Z,2026-05-04 18:12:26.810,122636,79,3779,149,-375
2026-05-04T22:12:26.850Z,2026-05-04 18:12:26.850,122636,80,3800,-473,484
2026-05-04T22:12:26.890Z,2026-05-04 18:12:26.890,122636,81,3857,-535,1206
2026-05-04T22:12:26.930Z,2026-05-04 18:12:26.930,122636,82,3907,29,1512
2026-05-04T22:12:26.970Z,2026-05-04 18:12:26.970,122636,83,3926,591,1396
2026-05-04T22:12:27.010Z,2026-05-04 18:12:27.010,122636,84,3876,489,869
2026-05-04T22:12:27.050Z,2026-05-04 18:12:27.050,122636,85,3794,-130,124
2026-05-04T22:12:27.090Z,2026-05-04 18:12:27.090,122636,86,3709,-587,-651
2026-05-04T22:12:27.130Z,2026-05-04 18:12:27.130,122636,87,3711,-368,-1211
2026-05-04T22:12:27.170Z,2026-05-04 18:12:27.170,122636,88,3727,278,-1389
2026-05-04T22:12:27.210Z,2026-05-04 18:12:27.210,122636,89,3765,585,-1139
2026-05-04T22:12:27.250Z,2026-05-04 18:12:27.250,122636,90,3780,229,-502
2026-05-04T22:12:27.290Z,2026-05-04 18:12:27.290,122636,91,3784,-368,314
2026-05-04T22:12:27.330Z,2026-05-04 18:12:27.330,122636,92,3831,-536,1024
2026-05-04T22:12:27.370Z,2026-05-04 18:12:27.370,122636,93,3893,-73,1421
2026-05-04T22:12:27.410Z,2026-05-04 18:12:27.410,122636,94,3925,495,1373
2026-05-04T22:12:27.450Z,2026-05-04 18:12:27.450,122636,95,3894,496,946
2026-05-04T22:12:27.490Z,2026-05-04 18:12:27.490,122636,96,3808,-37,255
2026-05-04T22:12:27.530Z,2026-05-04 18:12:27.530,122636,97,3741,-526,-498
2026-05-04T22:12:27.570Z,2026-05-04 18:12:27.570,122636,98,3711,-405,-1088
2026-05-04T22:12:27.610Z,2026-05-04 18:12:27.610,122636,99,3738,174,-1338
2026-05-04T22:12:27.650Z,2026-05-04 18:12:27.650,122636,100,3772,532,-1162
2026-05-04T22:12:27.690Z,2026-05-04 18:12:27.690,122637,1,3778,300,-606
2026-05-04T22:12:27.730Z,2026-05-04 18:12:27.730,122637,2,3797,-277,154
2026-05-04T22:12:27.770Z,2026-05-04 18:12:27.770,122637,3,3828,-519,868
2026-05-04T22:12:27.810Z,2026-05-04 18:12:27.810,122637,4,3877,-154,1315
2026-05-04T22:12:27.850Z,2026-05-04 18:12:27.850,122637,5,3917,402,1350
2026-05-04T22:12:27.890Z,2026-05-04 18:12:27.890,122637,6,3902,520,1000
2026-05-04T22:12:27.930Z,2026-05-04 18:12:27.930,122637,7,3825,62,376
2026-05-04T22:12:27.970Z,2026-05-04 18:12:27.970,122637,8,3738,-446,-339
2026-05-04T22:12:28.010Z,2026-05-04 18:12:28.010,122637,9,3718,-423,-943
2026-05-04T22:12:28.050Z,2026-05-04 18:12:28.050,122637,10,3717,81,-1253
2026-05-04T22:12:28.090Z,2026-05-04 18:12:28.090,122637,11,3768,487,-1166
2026-05-04T22:12:28.130Z,2026-05-04 18:12:28.130,122637,12,3776,344,-706
2026-05-04T22:12:28.170Z,2026-05-04 18:12:28.170,122637,13,3792,-183,20
2026-05-04T22:12:28.210Z,2026-05-04 18:12:28.210,122637,14,3817,-488,723
2026-05-04T22:12:28.250Z,2026-05-04 18:12:28.250,122637,15,3854,-217,1188
2026-05-04T22:12:28.290Z,2026-05-04 18:12:28.290,122637,16,3917,302,1306
2026-05-04T22:12:28.330Z,2026-05-04 18:12:28.330,122637,17,3900,509,1045
2026-05-04T22:12:28.370Z,2026-05-04 18:12:28.370,122637,18,3830,126,478
2026-05-04T22:12:28.410Z,2026-05-04 18:12:28.410,122637,19,3761,-371,-211
2026-05-04T22:12:28.450Z,2026-05-04 18:12:28.450,122637,20,3722,-437,-813
2026-05-04T22:12:28.490Z,2026-05-04 18:12:28.490,122637,21,3725,-3,-1163
2026-05-04T22:12:28.530Z,2026-05-04 18:12:28.530,122637,22,3752,425,-1152
2026-05-04T22:12:28.570Z,2026-05-04 18:12:28.570,122637,23,3777,381,-754
2026-05-04T22:12:28.610Z,2026-05-04 18:12:28.610,122637,24,3800,-102,-102
2026-05-04T22:12:28.650Z,2026-05-04 18:12:28.650,122637,25,3814,-432,576
2026-05-04T22:12:28.690Z,2026-05-04 18:12:28.690,122637,26,3859,-277,1080
2026-05-04T22:12:28.730Z,2026-05-04 18:12:28.730,122637,27,3917,218,1244
2026-05-04T22:12:28.770Z,2026-05-04 18:12:28.770,122637,28,3895,485,1049
2026-05-04T22:12:28.810Z,2026-05-04 18:12:28.810,122637,29,3850,202,585
2026-05-04T22:12:28.850Z,2026-05-04 18:12:28.850,122637,30,3787,-292,-72
2026-05-04T22:12:28.890Z,2026-05-04 18:12:28.890,122637,31,3731,-434,-678
2026-05-04T22:12:28.930Z,2026-05-04 18:12:28.930,122637,32,3725,-78,-1073
2026-05-04T22:12:28.970Z,2026-05-04 18:12:28.970,122637,33,3752,361,-1116
2026-05-04T22:12:29.010Z,2026-05-04 18:12:29.010,122637,34,3775,376,-800
2026-05-04T22:12:29.050Z,2026-05-04 18:12:29.050,122637,35,3793,-24,-213
2026-05-04T22:12:29.090Z,2026-05-04 18:12:29.090,122637,36,3812,-389,430
2026-05-04T22:12:29.130Z,2026-05-04 18:12:29.130,122637,37,3866,-289,966
2026-05-04T22:12:29.170Z,2026-05-04 18:12:29.170,122637,38,3891,151,1193
2026-05-04T22:12:29.210Z,2026-05-04 18:12:29.210,122637,39,3907,435,1071
2026-05-04T22:12:29.250Z,2026-05-04 18:12:29.250,122637,40,3843,231,634
2026-05-04T22:12:29.290Z,2026-05-04 18:12:29.290,122637,41,3795,-211,35
2026-05-04T22:12:29.330Z,2026-05-04 18:12:29.330,122637,42,3744,-395,-563
2026-05-04T22:12:29.370Z,2026-05-04 18:12:29.370,122637,43,3745,-129,-967
2026-05-04T22:12:29.410Z,2026-05-04 18:12:29.410,122637,44,3759,298,-1088
2026-05-04T22:12:29.450Z,2026-05-04 18:12:29.450,122637,45,3765,380,-836
2026-05-04T22:12:29.490Z,2026-05-04 18:12:29.490,122637,46,3787,50,-313
2026-05-04T22:12:29.530Z,2026-05-04 18:12:29.530,122637,47,3809,-332,334
2026-05-04T22:12:29.570Z,2026-05-04 18:12:29.570,122637,48,3847,-299,854
2026-05-04T22:12:29.610Z,2026-05-04 18:12:29.610,122637,49,3882,76,1118
2026-05-04T22:12:29.650Z,2026-05-04 18:12:29.650,122637,50,3899,399,1052
2026-05-04T22:12:29.690Z,2026-05-04 18:12:29.690,122637,51,3874,275,696
2026-05-04T22:12:29.730Z,2026-05-04 18:12:29.730,122637,52,3798,-133,137
2026-05-04T22:12:29.770Z,2026-05-04 18:12:29.770,122637,53,3743,-375,-442
2026-05-04T22:12:29.810Z,2026-05-04 18:12:29.810,122637,54,3751,-160,-873
2026-05-04T22:12:29.850Z,2026-05-04 18:12:29.850,122637,55,3742,224,-1040
2026-05-04T22:12:29.890Z,2026-05-04 18:12:29.890,122637,56,3768,378,-861
2026-05-04T22:12:29.930Z,2026-05-04 18:12:29.930,122637,57,3779,101,-395
2026-05-04T22:12:29.970Z,2026-05-04 18:12:29.970,122637,58,3809,-279,212
2026-05-04T22:12:30.010Z,2026-05-04 18:12:30.010,122637,59,3832,-306,763
2026-05-04T22:12:30.050Z,2026-05-04 18:12:30.050,122637,60,3861,35,1055
2026-05-04T22:12:30.090Z,2026-05-04 18:12:30.090,122637,61,3908,338,1044
2026-05-04T22:12:30.130Z,2026-05-04 18:12:30.130,122637,62,3881,292,733
2026-05-04T22:12:30.170Z,2026-05-04 18:12:30.170,122637,63,3812,-78,228
2026-05-04T22:12:30.210Z,2026-05-04 18:12:30.210,122637,64,3756,-348,-329
2026-05-04T22:12:30.250Z,2026-05-04 18:12:30.250,122637,65,3724,-218,-777
2026-05-04T22:12:30.290Z,2026-05-04 18:12:30.290,122637,66,3753,174,-982
2026-05-04T22:12:30.330Z,2026-05-04 18:12:30.330,122637,67,3765,348,-850
2026-05-04T22:12:30.370Z,2026-05-04 18:12:30.370,122637,68,3772,151,-453
2026-05-04T22:12:30.410Z,2026-05-04 18:12:30.410,122637,69,3802,-208,100
2026-05-04T22:12:30.450Z,2026-05-04 18:12:30.450,122637,70,3840,-302,649
2026-05-04T22:12:30.490Z,2026-05-04 18:12:30.490,122637,71,3872,-38,987
2026-05-04T22:12:30.530Z,2026-05-04 18:12:30.530,122637,72,3894,307,1018
2026-05-04T22:12:30.570Z,2026-05-04 18:12:30.570,122637,73,3875,303,756
2026-05-04T22:12:30.610Z,2026-05-04 18:12:30.610,122637,74,3817,-27,302
2026-05-04T22:12:30.650Z,2026-05-04 18:12:30.650,122637,75,3773,-288,-248
2026-05-04T22:12:30.690Z,2026-05-04 18:12:30.690,122637,76,3750,-224,-689
2026-05-04T22:12:30.730Z,2026-05-04 18:12:30.730,122637,77,3755,110,-931
2026-05-04T22:12:30.770Z,2026-05-04 18:12:30.770,122637,78,3772,311,-851
2026-05-04T22:12:30.810Z,2026-05-04 18:12:30.810,122637,79,3781,170,-499
2026-05-04T22:12:30.850Z,2026-05-04 18:12:30.850,122637,80,3798,-168,25
2026-05-04T22:12:30.890Z,2026-05-04 18:12:30.890,122637,81,3835,-281,542
2026-05-04T22:12:30.930Z,2026-05-04 18:12:30.930,122637,82,3850,-70,901
2026-05-04T22:12:30.970Z,2026-05-04 18:12:30.970,122637,83,3889,241,999
2026-05-04T22:12:31.010Z,2026-05-04 18:12:31.010,122637,84,3879,301,792
2026-05-04T22:12:31.050Z,2026-05-04 18:12:31.050,122637,85,3847,37,377
2026-05-04T22:12:31.090Z,2026-05-04 18:12:31.090,122637,86,3785,-250,-137
2026-05-04T22:12:31.130Z,2026-05-04 18:12:31.130,122637,87,3761,-218,-597
2026-05-04T22:12:31.170Z,2026-05-04 18:12:31.170,122637,88,3756,62,-871
2026-05-04T22:12:31.210Z,2026-05-04 18:12:31.210,122637,89,3768,278,-856
2026-05-04T22:12:31.250Z,2026-05-04 18:12:31.250,122637,90,3783,184,-551
2026-05-04T22:12:31.290Z,2026-05-04 18:12:31.290,122637,91,3796,-114,-74
2026-05-04T22:12:31.330Z,2026-05-04 18:12:31.330,122637,92,3815,-255,439
2026-05-04T22:12:31.370Z,2026-05-04 18:12:31.370,122637,93,3848,-107,829
2026-05-04T22:12:31.410Z,2026-05-04 18:12:31.410,122637,94,3876,206,963
2026-05-04T22:12:31.450Z,2026-05-04 18:12:31.450,122637,95,3868,290,802
2026-05-04T22:12:31.490Z,2026-05-04 18:12:31.490,122637,96,3844,71,443
2026-05-04T22:12:31.530Z,2026-05-04 18:12:31.530,122637,97,3781,-212,-66
2026-05-04T22:12:31.570Z,2026-05-04 18:12:31.570,122637,98,3754,-232,-524
2026-05-04T22:12:31.610Z,2026-05-04 18:12:31.610,122637,99,3774,3,-798
2026-05-04T22:12:31.650Z,2026-05-04 18:12:31.650,122637,100,3771,252,-829
2026-05-04T22:12:31.690Z,2026-05-04 18:12:31.690,122638,1,3789,210,-586
2026-05-04T22:12:31.730Z,2026-05-04 18:12:31.730,122638,2,3785,-65,-148
2026-05-04T22:12:31.770Z,2026-05-04 18:12:31.770,122638,3,3823,-255,342
2026-05-04T22:12:31.810Z,2026-05-04 18:12:31.810,122638,4,3847,-124,752
2026-05-04T22:12:31.850Z,2026-05-04 18:12:31.850,122638,5,3869,153,909
2026-05-04T22:12:31.890Z,2026-05-04 18:12:31.890,122638,6,3865,273,809
2026-05-04T22:12:31.930Z,2026-05-04 18:12:31.930,122638,7,3841,107,496
2026-05-04T22:12:31.970Z,2026-05-04 18:12:31.970,122638,8,3800,-158,35
2026-05-04T22:12:32.010Z,2026-05-04 18:12:32.010,122638,9,3758,-216,-435
2026-05-04T22:12:32.050Z,2026-05-04 18:12:32.050,122638,10,3760,-27,-746
2026-05-04T22:12:32.090Z,2026-05-04 18:12:32.090,122638,11,3766,218,-814
2026-05-04T22:12:32.130Z,2026-05-04 18:12:32.130,122638,12,3785,200,-602
2026-05-04T22:12:32.170Z,2026-05-04 18:12:32.170,122638,13,3798,-38,-211
2026-05-04T22:12:32.210Z,2026-05-04 18:12:32.210,122638,14,3801,-218,267
2026-05-04T22:12:32.250Z,2026-05-04 18:12:32.250,122638,15,3839,-146,675
2026-05-04T22:12:32.290Z,2026-05-04 18:12:32.290,122638,16,3869,125,855
2026-05-04T22:12:32.330Z,2026-05-04 18:12:32.330,122638,17,3883,254,808
2026-05-04T22:12:32.370Z,2026-05-04 18:12:32.370,122638,18,3830,115,526
2026-05-04T22:12:32.410Z,2026-05-04 18:12:32.410,122638,19,3810,-146,111
2026-05-04T22:12:32.450Z,2026-05-04 18:12:32.450,122638,20,3776,-215,-349
2026-05-04T22:12:32.490Z,2026-05-04 18:12:32.490,122638,21,3761,-45,-679
2026-05-04T22:12:32.530Z,2026-05-04 18:12:32.530,122638,22,3759,184,-776
2026-05-04T22:12:32.570Z,2026-05-04 18:12:32.570,122638,23,3772,225,-628
2026-05-04T22:12:32.610Z,2026-05-04 18:12:32.610,122638,24,3787,-7,-259
2026-05-04T22:12:32.650Z,2026-05-04 18:12:32.650,122638,25,3806,-192,181
2026-05-04T22:12:32.690Z,2026-05-04 18:12:32.690,122638,26,3842,-151,602
2026-05-04T22:12:32.730Z,2026-05-04 18:12:32.730,122638,27,3864,94,812
2026-05-04T22:12:32.770Z,2026-05-04 18:12:32.770,122638,28,3882,227,812
2026-05-04T22:12:32.810Z,2026-05-04 18:12:32.810,122638,29,3854,135,561
2026-05-04T22:12:32.850Z,2026-05-04 18:12:32.850,122638,30,3822,-96,160
2026-05-04T22:12:32.890Z,2026-05-04 18:12:32.890,122638,31,3772,-212,-271
2026-05-04T22:12:32.930Z,2026-05-04 18:12:32.930,122638,32,3759,-69,-619
2026-05-04T22:12:32.970Z,2026-05-04 18:12:32.970,122638,33,3770,146,-754
2026-05-04T22:12:33.010Z,2026-05-04 18:12:33.010,122638,34,3774,217,-639
2026-05-04T22:12:33.050Z,2026-05-04 18:12:33.050,122638,35,3794,33,-326
2026-05-04T22:12:33.090Z,2026-05-04 18:12:33.090,122638,36,3809,-158,124
2026-05-04T22:12:33.130Z,2026-05-04 18:12:33.130,122638,37,3839,-146,517
2026-05-04T22:12:33.170Z,2026-05-04 18:12:33.170,122638,38,3855,62,772
2026-05-04T22:12:33.210Z,2026-05-04 18:12:33.210,122638,39,3872,208,800
2026-05-04T22:12:33.250Z,2026-05-04 18:12:33.250,122638,40,3854,151,598
2026-05-04T22:12:33.290Z,2026-05-04 18:12:33.290,122638,41,3818,-61,221
2026-05-04T22:12:33.330Z,2026-05-04 18:12:33.330,122638,42,3777,-183,-208
2026-05-04T22:12:33.370Z,2026-05-04 18:12:33.370,122638,43,3768,-89,-557
2026-05-04T22:12:33.410Z,2026-05-04 18:12:33.410,122638,44,3760,129,-706
2026-05-04T22:12:33.450Z,2026-05-04 18:12:33.450,122638,45,3783,190,-640
2026-05-04T22:12:33.490Z,2026-05-04 18:12:33.490,122638,46,3792,59,-367
2026-05-04T22:12:33.530Z,2026-05-04 18:12:33.530,122638,47,3797,-153,60
2026-05-04T22:12:33.570Z,2026-05-04 18:12:33.570,122638,48,3825,-152,455
2026-05-04T22:12:33.610Z,2026-05-04 18:12:33.610,122638,49,3861,19,712
2026-05-04T22:12:33.650Z,2026-05-04 18:12:33.650,122638,50,3878,179,751
2026-05-04T22:12:33.690Z,2026-05-04 18:12:33.690,122638,51,3854,163,616
2026-05-04T22:12:33.730Z,2026-05-04 18:12:33.730,122638,52,3820,-35,278
2026-05-04T22:12:33.770Z,2026-05-04 18:12:33.770,122638,53,3786,-166,-121
2026-05-04T22:12:33.810Z,2026-05-04 18:12:33.810,122638,54,3762,-97,-479
2026-05-04T22:12:33.850Z,2026-05-04 18:12:33.850,122638,55,3772,96,-675
2026-05-04T22:12:33.890Z,2026-05-04 18:12:33.890,122638,56,3779,177,-640
2026-05-04T22:12:33.930Z,2026-05-04 18:12:33.930,122638,57,3777,89,-409
2026-05-04T22:12:33.970Z,2026-05-04 18:12:33.970,122638,58,3794,-97,-23
2026-05-04T22:12:34.010Z,2026-05-04 18:12:34.010,122638,59,3806,-144,373
2026-05-04T22:12:34.050Z,2026-05-04 18:12:34.050,122638,60,3853,-11,672
2026-05-04T22:12:34.090Z,2026-05-04 18:12:34.090,122638,61,3864,140,761
2026-05-04T22:12:34.130Z,2026-05-04 18:12:34.130,122638,62,3850,168,625
2026-05-04T22:12:34.170Z,2026-05-04 18:12:34.170,122638,63,3821,0,314
2026-05-04T22:12:34.210Z,2026-05-04 18:12:34.210,122638,64,3796,-145,-60
2026-05-04T22:12:34.250Z,2026-05-04 18:12:34.250,122638,65,3786,-112,-411
2026-05-04T22:12:34.290Z,2026-05-04 18:12:34.290,122638,66,3769,44,-625
2026-05-04T22:12:34.330Z,2026-05-04 18:12:34.330,122638,67,3777,150,-633
2026-05-04T22:12:34.370Z,2026-05-04 18:12:34.370,122638,68,3790,98,-415
2026-05-04T22:12:34.410Z,2026-05-04 18:12:34.410,122638,69,3795,-77,-76
2026-05-04T22:12:34.450Z,2026-05-04 18:12:34.450,122638,70,3813,-137,313
2026-05-04T22:12:34.490Z,2026-05-04 18:12:34.490,122638,71,3851,-40,613
2026-05-04T22:12:34.530Z,2026-05-04 18:12:34.530,122638,72,3868,119,725
2026-05-04T22:12:34.570Z,2026-05-04 18:12:34.570,122638,73,3852,159,631
2026-05-04T22:12:34.610Z,2026-05-04 18:12:34.610,122638,74,3839,36,359
2026-05-04T22:12:34.650Z,2026-05-04 18:12:34.650,122638,75,3794,-104,7
2026-05-04T22:12:34.690Z,2026-05-04 18:12:34.690,122638,76,3772,-120,-358
2026-05-04T22:12:34.730Z,2026-05-04 18:12:34.730,122638,77,3772,23,-589
2026-05-04T22:12:34.770Z,2026-05-04 18:12:34.770,122638,78,3780,139,-632
2026-05-04T22:12:34.810Z,2026-05-04 18:12:34.810,122638,79,3790,91,-438
2026-05-04T22:12:34.850Z,2026-05-04 18:12:34.850,122638,80,3795,-33,-131
2026-05-04T22:12:34.890Z,2026-05-04 18:12:34.890,122638,81,3822,-126,245
2026-05-04T22:12:34.930Z,2026-05-04 18:12:34.930,122638,82,3837,-52,548
2026-05-04T22:12:34.970Z,2026-05-04 18:12:34.970,122638,83,3838,95,706
2026-05-04T22:12:35.010Z,2026-05-04 18:12:35.010,122638,84,3877,155,637
2026-05-04T22:12:35.050Z,2026-05-04 18:12:35.050,122638,85,3831,55,399
2026-05-04T22:12:35.090Z,2026-05-04 18:12:35.090,122638,86,3802,-80,62
2026-05-04T22:12:35.130Z,2026-05-04 18:12:35.130,122638,87,3795,-118,-295
2026-05-04T22:12:35.170Z,2026-05-04 18:12:35.170,122638,88,3783,5,-548
2026-05-04T22:12:35.210Z,2026-05-04 18:12:35.210,122638,89,3778,119,-607
2026-05-04T22:12:35.250Z,2026-05-04 18:12:35.250,122638,90,3783,104,-470
2026-05-04T22:12:35.290Z,2026-05-04 18:12:35.290,122638,91,3788,-22,-180
2026-05-04T22:12:35.330Z,2026-05-04 18:12:35.330,122638,92,3809,-98,178
2026-05-04T22:12:35.370Z,2026-05-04 18:12:35.370,122638,93,3849,-65,491
2026-05-04T22:12:35.410Z,2026-05-04 18:12:35.410,122638,94,3852,72,653
2026-05-04T22:12:35.450Z,2026-05-04 18:12:35.450,122638,95,3860,133,632
2026-05-04T22:12:35.490Z,2026-05-04 18:12:35.490,122638,96,3837,73,438
2026-05-04T22:12:35.530Z,2026-05-04 18:12:35.530,122638,97,3814,-72,122
2026-05-04T22:12:35.570Z,2026-05-04 18:12:35.570,122638,98,3791,-95,-238
2026-05-04T22:12:35.610Z,2026-05-04 18:12:35.610,122638,99,3773,-14,-504
2026-05-04T22:12:35.650Z,2026-05-04 18:12:35.650,122638,100,3784,106,-567
2026-05-04T22:12:35.690Z,2026-05-04 18:12:35.690,122639,1,3784,107,-469
2026-05-04T22:12:35.730Z,2026-05-04 18:12:35.730,122639,2,3798,-4,-201
2026-05-04T22:12:35.770Z,2026-05-04 18:12:35.770,122639,3,3810,-96,140
2026-05-04T22:12:35.810Z,2026-05-04 18:12:35.810,122639,4,3827,-64,443
2026-05-04T22:12:35.850Z,2026-05-04 18:12:35.850,122639,5,3855,55,626
2026-05-04T22:12:35.890Z,2026-05-04 18:12:35.890,122639,6,3863,134,629
2026-05-04T22:12:35.930Z,2026-05-04 18:12:35.930,122639,7,3839,85,454
2026-05-04T22:12:35.970Z,2026-05-04 18:12:35.970,122639,8,3817,-50,157
2026-05-04T22:12:36.010Z,2026-05-04 18:12:36.010,122639,9,3788,-104,-186
2026-05-04T22:12:36.050Z,2026-05-04 18:12:36.050,122639,10,3769,-11,-447
2026-05-04T22:12:36.090Z,2026-05-04 18:12:36.090,122639,11,3783,92,-563
2026-05-04T22:12:36.130Z,2026-05-04 18:12:36.130,122639,12,3780,111,-481
2026-05-04T22:12:36.170Z,2026-05-04 18:12:36.170,122639,13,3781,6,-245
2026-05-04T22:12:36.210Z,2026-05-04 18:12:36.210,122639,14,3805,-81,89
2026-05-04T22:12:36.250Z,2026-05-04 18:12:36.250,122639,15,3837,-72,394
2026-05-04T22:12:36.290Z,2026-05-04 18:12:36.290,122639,16,3855,44,586
2026-05-04T22:12:36.330Z,2026-05-04 18:12:36.330,122639,17,3846,121,629
2026-05-04T22:12:36.370Z,2026-05-04 18:12:36.370,122639,18,3857,85,474
2026-05-04T22:12:36.410Z,2026-05-04 18:12:36.410,122639,19,3820,-23,199
2026-05-04T22:12:36.450Z,2026-05-04 18:12:36.450,122639,20,3799,-96,-116
2026-05-04T22:12:36.490Z,2026-05-04 18:12:36.490,122639,21,3775,-45,-392
2026-05-04T22:12:36.530Z,2026-05-04 18:12:36.530,122639,22,3765,67,-540
2026-05-04T22:12:36.570Z,2026-05-04 18:12:36.570,122639,23,3790,115,-492
2026-05-04T22:12:36.610Z,2026-05-04 18:12:36.610,122639,24,3799,30,-271
2026-05-04T22:12:36.650Z,2026-05-04 18:12:36.650,122639,25,3812,-61,24
2026-05-04T22:12:36.690Z,2026-05-04 18:12:36.690,122639,26,3826,-71,344
2026-05-04T22:12:36.730Z,2026-05-04 18:12:36.730,122639,27,3836,6,551
2026-05-04T22:12:36.770Z,2026-05-04 18:12:36.770,122639,28,3869,92,621
2026-05-04T22:12:36.810Z,2026-05-04 18:12:36.810,122639,29,3854,87,479
2026-05-04T22:12:36.850Z,2026-05-04 18:12:36.850,122639,30,3816,-15,219
2026-05-04T22:12:36.890Z,2026-05-04 18:12:36.890,122639,31,3794,-61,-73
2026-05-04T22:12:36.930Z,2026-05-04 18:12:36.930,122639,32,3774,-31,-355
2026-05-04T22:12:36.970Z,2026-05-04 18:12:36.970,122639,33,3777,60,-503
2026-05-04T22:12:37.010Z,2026-05-04 18:12:37.010,122639,34,3777,103,-477
2026-05-04T22:12:37.050Z,2026-05-04 18:12:37.050,122639,35,3794,43,-304
2026-05-04T22:12:37.090Z,2026-05-04 18:12:37.090,122639,36,3795,-55,-4
2026-05-04T22:12:37.130Z,2026-05-04 18:12:37.130,122639,37,3835,-67,296
2026-05-04T22:12:37.170Z,2026-05-04 18:12:37.170,122639,38,3830,9,520
2026-05-04T22:12:37.210Z,2026-05-04 18:12:37.210,122639,39,3852,105,585
2026-05-04T22:12:37.250Z,2026-05-04 18:12:37.250,122639,40,3852,100,488
2026-05-04T22:12:37.290Z,2026-05-04 18:12:37.290,122639,41,3823,1,263
2026-05-04T22:12:37.330Z,2026-05-04 18:12:37.330,122639,42,3805,-70,-29
2026-05-04T22:12:37.370Z,2026-05-04 18:12:37.370,122639,43,3783,-36,-309
2026-05-04T22:12:37.410Z,2026-05-04 18:12:37.410,122639,44,3785,39,-477
2026-05-04T22:12:37.450Z,2026-05-04 18:12:37.450,122639,45,3782,87,-476
2026-05-04T22:12:37.490Z,2026-05-04 18:12:37.490,122639,46,3780,44,-332
2026-05-04T22:12:37.530Z,2026-05-04 18:12:37.530,122639,47,3807,-40,-56
2026-05-04T22:12:37.570Z,2026-05-04 18:12:37.570,122639,48,3823,-65,247
2026-05-04T22:12:37.610Z,2026-05-04 18:12:37.610,122639,49,3835,5,477
2026-05-04T22:12:37.650Z,2026-05-04 18:12:37.650,122639,50,3846,88,566
2026-05-04T22:12:37.690Z,2026-05-04 18:12:37.690,122639,51,3852,85,503
2026-05-04T22:12:37.730Z,2026-05-04 18:12:37.730,122639,52,3819,8,294
2026-05-04T22:12:37.770Z,2026-05-04 18:12:37.770,122639,53,3809,-57,8
2026-05-04T22:12:37.810Z,2026-05-04 18:12:37.810,122639,54,3792,-54,-266
2026-05-04T22:12:37.850Z,2026-05-04 18:12:37.850,122639,55,3776,20,-456
2026-05-04T22:12:37.890Z,2026-05-04 18:12:37.890,122639,56,3784,86,-464
2026-05-04T22:12:37.930Z,2026-05-04 18:12:37.930,122639,57,3799,65,-336
2026-05-04T22:12:37.970Z,2026-05-04 18:12:37.970,122639,58,3794,-23,-88
2026-05-04T22:12:38.010Z,2026-05-04 18:12:38.010,122639,59,3809,-68,189
2026-05-04T22:12:38.050Z,2026-05-04 18:12:38.050,122639,60,3839,0,446
2026-05-04T22:12:38.090Z,2026-05-04 18:12:38.090,122639,61,3842,78,528
2026-05-04T22:12:38.130Z,2026-05-04 18:12:38.130,122639,62,3853,78,496
2026-05-04T22:12:38.170Z,2026-05-04 18:12:38.170,122639,63,3836,10,313
2026-05-04T22:12:38.210Z,2026-05-04 18:12:38.210,122639,64,3802,-49,65
2026-05-04T22:12:38.250Z,2026-05-04 18:12:38.250,122639,65,3801,-49,-217
2026-05-04T22:12:38.290Z,2026-05-04 18:12:38.290,122639,66,3776,25,-410
2026-05-04T22:12:38.330Z,2026-05-04 18:12:38.330,122639,67,3796,92,-456
2026-05-04T22:12:38.370Z,2026-05-04 18:12:38.370,122639,68,3792,57,-362
2026-05-04T22:12:38.410Z,2026-05-04 18:12:38.410,122639,69,3801,-16,-125
2026-05-04T22:12:38.450Z,2026-05-04 18:12:38.450,122639,70,3820,-43,158
2026-05-04T22:12:38.490Z,2026-05-04 18:12:38.490,122639,71,3829,-12,394
2026-05-04T22:12:38.530Z,2026-05-04 18:12:38.530,122639,72,3856,49,523
2026-05-04T22:12:38.570Z,2026-05-04 18:12:38.570,122639,73,3840,92,494
2026-05-04T22:12:38.610Z,2026-05-04 18:12:38.610,122639,74,3827,35,339
2026-05-04T22:12:38.650Z,2026-05-04 18:12:38.650,122639,75,3808,-41,81
2026-05-04T22:12:38.690Z,2026-05-04 18:12:38.690,122639,76,3801,-49,-175
2026-05-04T22:12:38.730Z,2026-05-04 18:12:38.730,122639,77,3782,19,-368
2026-05-04T22:12:38.770Z,2026-05-04 18:12:38.770,122639,78,3799,61,-442
2026-05-04T22:12:38.810Z,2026-05-04 18:12:38.810,122639,79,3784,68,-364
2026-05-04T22:12:38.850Z,2026-05-04 18:12:38.850,122639,80,3800,4,-148
2026-05-04T22:12:38.890Z,2026-05-04 18:12:38.890,122639,81,3803,-55,116
2026-05-04T22:12:38.930Z,2026-05-04 18:12:38.930,122639,82,3841,-28,356
2026-05-04T22:12:38.970Z,2026-05-04 18:12:38.970,122639,83,3841,63,505
2026-05-04T22:12:39.010Z,2026-05-04 18:12:39.010,122639,84,3846,76,499
2026-05-04T22:12:39.050Z,2026-05-04 18:12:39.050,122639,85,3843,42,354
2026-05-04T22:12:39.090Z,2026-05-04 18:12:39.090,122639,86,3809,-24,116
2026-05-04T22:12:39.130Z,2026-05-04 18:12:39.130,122639,87,3795,-36,-151
2026-05-04T22:12:39.170Z,2026-05-04 18:12:39.170,122639,88,3784,-3,-352
2026-05-04T22:12:39.210Z,2026-05-04 18:12:39.210,122639,89,3789,52,-432
2026-05-04T22:12:39.250Z,2026-05-04 18:12:39.250,122639,90,3801,56,-365
2026-05-04T22:12:39.290Z,2026-05-04 18:12:39.290,122639,91,3810,9,-176
2026-05-04T22:12:39.330Z,2026-05-04 18:12:39.330,122639,92,3814,-37,88
2026-05-04T22:12:39.370Z,2026-05-04 18:12:39.370,122639,93,3833,-23,321
2026-05-04T22:12:39.410Z,2026-05-04 18:12:39.410,122639,94,3829,31,475
2026-05-04T22:12:39.450Z,2026-05-04 18:12:39.450,122639,95,3837,75,488
2026-05-04T22:12:39.490Z,2026-05-04 18:12:39.490,122639,96,3829,57,361
2026-05-04T22:12:39.530Z,2026-05-04 18:12:39.530,122639,97,3802,-11,151
2026-05-04T22:12:39.570Z,2026-05-04 18:12:39.570,122639,98,3791,-39,-109
2026-05-04T22:12:39.610Z,2026-05-04 18:12:39.610,122639,99,3783,-12,-314
2026-05-04T22:12:39.650Z,2026-05-04 18:12:39.650,122639,100,3795,54,-406
2026-05-04T22:12:39.690Z,2026-05-04 18:12:39.690,122640,1,3785,68,-375
2026-05-04T22:12:39.730Z,2026-05-04 18:12:39.730,122640,2,3803,22,-204
2026-05-04T22:12:39.770Z,2026-05-04 18:12:39.770,122640,3,3801,-29,60
2026-05-04T22:12:39.810Z,2026-05-04 18:12:39.810,122640,4,3824,-30,292
2026-05-04T22:12:39.850Z,2026-05-04 18:12:39.850,122640,5,3857,17,442
2026-05-04T22:12:39.890Z,2026-05-04 18:12:39.890,122640,6,3848,77,472
2026-05-04T22:12:39.930Z,2026-05-04 18:12:39.930,122640,7,3862,49,373
2026-05-04T22:12:39.970Z,2026-05-04 18:12:39.970,122640,8,3817,-5,180
2026-05-04T22:12:40.010Z,2026-05-04 18:12:40.010,122640,9,3795,-36,-67
2026-05-04T22:12:40.050Z,2026-05-04 18:12:40.050,122640,10,3790,-26,-272
2026-05-04T22:12:40.090Z,2026-05-04 18:12:40.090,122640,11,3782,34,-381
2026-05-04T22:12:40.130Z,2026-05-04 18:12:40.130,122640,12,3785,63,-375
2026-05-04T22:12:40.170Z,2026-05-04 18:12:40.170,122640,13,3803,25,-224
2026-05-04T22:12:40.210Z,2026-05-04 18:12:40.210,122640,14,3806,-34,7
2026-05-04T22:12:40.250Z,2026-05-04 18:12:40.250,122640,15,3833,-33,243
2026-05-04T22:12:40.290Z,2026-05-04 18:12:40.290,122640,16,3828,20,420
2026-05-04T22:12:40.330Z,2026-05-04 18:12:40.330,122640,17,3841,60,469
2026-05-04T22:12:40.370Z,2026-05-04 18:12:40.370,122640,18,3832,54,384
2026-05-04T22:12:40.410Z,2026-05-04 18:12:40.410,122640,19,3820,8,211
2026-05-04T22:12:40.450Z,2026-05-04 18:12:40.450,122640,20,3814,-34,-35
2026-05-04T22:12:40.490Z,2026-05-04 18:12:40.490,122640,21,3799,-8,-240
2026-05-04T22:12:40.530Z,2026-05-04 18:12:40.530,122640,22,3781,34,-364
2026-05-04T22:12:40.570Z,2026-05-04 18:12:40.570,122640,23,3776,61,-365
2026-05-04T22:12:40.610Z,2026-05-04 18:12:40.610,122640,24,3788,32,-234
2026-05-04T22:12:40.650Z,2026-05-04 18:12:40.650,122640,25,3822,-18,-17
2026-05-04T22:12:40.690Z,2026-05-04 18:12:40.690,122640,26,3842,-40,203
2026-05-04T22:12:40.730Z,2026-05-04 18:12:40.730,122640,27,3830,-3,386
2026-05-04T22:12:40.770Z,2026-05-04 18:12:40.770,122640,28,3843,63,456
2026-05-04T22:12:40.810Z,2026-05-04 18:12:40.810,122640,29,3837,59,402
2026-05-04T22:12:40.850Z,2026-05-04 18:12:40.850,122640,30,3829,-2,226
2026-05-04T22:12:40.890Z,2026-05-04 18:12:40.890,122640,31,3798,-30,-3
2026-05-04T22:12:40.930Z,2026-05-04 18:12:40.930,122640,32,3793,-16,-213
2026-05-04T22:12:40.970Z,2026-05-04 18:12:40.970,122640,33,3794,33,-345
2026-05-04T22:12:41.010Z,2026-05-04 18:12:41.010,122640,34,3793,48,-359
2026-05-04T22:12:41.050Z,2026-05-04 18:12:41.050,122640,35,3790,36,-245
2026-05-04T22:12:41.090Z,2026-05-04 18:12:41.090,122640,36,3805,9,-54
2026-05-04T22:12:41.130Z,2026-05-04 18:12:41.130,122640,37,3814,-36,173
2026-05-04T22:12:41.170Z,2026-05-04 18:12:41.170,122640,38,3831,7,371
2026-05-04T22:12:41.210Z,2026-05-04 18:12:41.210,122640,39,3833,33,438
2026-05-04T22:12:41.250Z,2026-05-04 18:12:41.250,122640,40,3843,59,399
2026-05-04T22:12:41.290Z,2026-05-04 18:12:41.290,122640,41,3839,24,239
2026-05-04T22:12:41.330Z,2026-05-04 18:12:41.330,122640,42,3801,-22,23
2026-05-04T22:12:41.370Z,2026-05-04 18:12:41.370,122640,43,3792,-14,-187
2026-05-04T22:12:41.410Z,2026-05-04 18:12:41.410,122640,44,3792,8,-324
2026-05-04T22:12:41.450Z,2026-05-04 18:12:41.450,122640,45,3793,40,-345
2026-05-04T22:12:41.490Z,2026-05-04 18:12:41.490,122640,46,3798,42,-266
2026-05-04T22:12:41.530Z,2026-05-04 18:12:41.530,122640,47,3803,-3,-87
2026-05-04T22:12:41.570Z,2026-05-04 18:12:41.570,122640,48,3812,-25,139
2026-05-04T22:12:41.610Z,2026-05-04 18:12:41.610,122640,49,3826,-12,331
2026-05-04T22:12:41.650Z,2026-05-04 18:12:41.650,122640,50,3840,48,418
2026-05-04T22:12:41.690Z,2026-05-04 18:12:41.690,122640,51,3846,69,405
2026-05-04T22:12:41.730Z,2026-05-04 18:12:41.730,122640,52,3831,16,264
2026-05-04T22:12:41.770Z,2026-05-04 18:12:41.770,122640,53,3814,-14,56
2026-05-04T22:12:41.810Z,2026-05-04 18:12:41.810,122640,54,3794,-7,-146
2026-05-04T22:12:41.850Z,2026-05-04 18:12:41.850,122640,55,3791,10,-305
2026-05-04T22:12:41.890Z,2026-05-04 18:12:41.890,122640,56,3791,38,-336
2026-05-04T22:12:41.930Z,2026-05-04 18:12:41.930,122640,57,3797,43,-272
2026-05-04T22:12:41.970Z,2026-05-04 18:12:41.970,122640,58,3803,5,-94
2026-05-04T22:12:42.010Z,2026-05-04 18:12:42.010,122640,59,3803,-18,112
2026-05-04T22:12:42.050Z,2026-05-04 18:12:42.050,122640,60,3831,-11,309
2026-05-04T22:12:42.090Z,2026-05-04 18:12:42.090,122640,61,3847,43,407
2026-05-04T22:12:42.130Z,2026-05-04 18:12:42.130,122640,62,3837,57,394
2026-05-04T22:12:42.170Z,2026-05-04 18:12:42.170,122640,63,3826,38,277
2026-05-04T22:12:42.210Z,2026-05-04 18:12:42.210,122640,64,3812,-14,79
2026-05-04T22:12:42.250Z,2026-05-04 18:12:42.250,122640,65,3804,-21,-116
2026-05-04T22:12:42.290Z,2026-05-04 18:12:42.290,122640,66,3794,10,-282
2026-05-04T22:12:42.330Z,2026-05-04 18:12:42.330,122640,67,3781,44,-336
2026-05-04T22:12:42.370Z,2026-05-04 18:12:42.370,122640,68,3780,46,-291
2026-05-04T22:12:42.410Z,2026-05-04 18:12:42.410,122640,69,3811,12,-119
2026-05-04T22:12:42.450Z,2026-05-04 18:12:42.450,122640,70,3807,-20,79
2026-05-04T22:12:42.490Z,2026-05-04 18:12:42.490,122640,71,3819,-5,273
2026-05-04T22:12:42.530Z,2026-05-04 18:12:42.530,122640,72,3845,22,382
2026-05-04T22:12:42.570Z,2026-05-04 18:12:42.570,122640,73,3840,49,392
2026-05-04T22:12:42.610Z,2026-05-04 18:12:42.610,122640,74,3826,60,305
2026-05-04T22:12:42.650Z,2026-05-04 18:12:42.650,122640,75,3804,1,105
2026-05-04T22:12:42.690Z,2026-05-04 18:12:42.690,122640,76,3807,-15,-85
2026-05-04T22:12:42.730Z,2026-05-04 18:12:42.730,122640,77,3795,-6,-244
2026-05-04T22:12:42.770Z,2026-05-04 18:12:42.770,122640,78,3800,45,-318
2026-05-04T22:12:42.810Z,2026-05-04 18:12:42.810,122640,79,3797,43,-273
2026-05-04T22:12:42.850Z,2026-05-04 18:12:42.850,122640,80,3798,4,-133
2026-05-04T22:12:42.890Z,2026-05-04 18:12:42.890,122640,81,3820,-9,54
2026-05-04T22:12:42.930Z,2026-05-04 18:12:42.930,122640,82,3830,-12,238
2026-05-04T22:12:42.970Z,2026-05-04 18:12:42.970,122640,83,3822,41,374
2026-05-04T22:12:43.010Z,2026-05-04 18:12:43.010,122640,84,3838,53,381
2026-05-04T22:12:43.050Z,2026-05-04 18:12:43.050,122640,85,3834,36,304
2026-05-04T22:12:43.090Z,2026-05-04 18:12:43.090,122640,86,3828,6,141
2026-05-04T22:12:43.130Z,2026-05-04 18:12:43.130,122640,87,3821,-23,-45
2026-05-04T22:12:43.170Z,2026-05-04 18:12:43.170,122640,88,3792,-4,-220
2026-05-04T22:12:43.210Z,2026-05-04 18:12:43.210,122640,89,3790,35,-301
2026-05-04T22:12:43.250Z,2026-05-04 18:12:43.250,122640,90,3792,45,-278
2026-05-04T22:12:43.290Z,2026-05-04 18:12:43.290,122640,91,3805,16,-152
2026-05-04T22:12:43.330Z,2026-05-04 18:12:43.330,122640,92,3809,-10,33
2026-05-04T22:12:43.370Z,2026-05-04 18:12:43.370,122640,93,3829,-2,208
2026-05-04T22:12:43.410Z,2026-05-04 18:12:43.410,122640,94,3822,8,336
2026-05-04T22:12:43.450Z,2026-05-04 18:12:43.450,122640,95,3840,43,396
2026-05-04T22:12:43.490Z,2026-05-04 18:12:43.490,122640,96,3824,43,309
2026-05-04T22:12:43.530Z,2026-05-04 18:12:43.530,122640,97,3815,9,162
2026-05-04T22:12:43.570Z,2026-05-04 18:12:43.570,122640,98,3812,-17,-41
2026-05-04T22:12:43.610Z,2026-05-04 18:12:43.610,122640,99,3792,-7,-196
2026-05-04T22:12:43.650Z,2026-05-04 18:12:43.650,122640,100,3789,32,-288
2026-05-04T22:12:43.690Z,2026-05-04 18:12:43.690,122641,1,3800,47,-289
2026-05-04T22:12:43.730Z,2026-05-04 18:12:43.730,122641,2,3801,31,-170
2026-05-04T22:12:43.770Z,2026-05-04 18:12:43.770,122641,3,3823,6,-5
2026-05-04T22:12:43.810Z,2026-05-04 18:12:43.810,122641,4,3823,-7,194
2026-05-04T22:12:43.850Z,2026-05-04 18:12:43.850,122641,5,3834,19,329
2026-05-04T22:12:43.890Z,2026-05-04 18:12:43.890,122641,6,3844,45,374
2026-05-04T22:12:43.930Z,2026-05-04 18:12:43.930,122641,7,3824,37,316
2026-05-04T22:12:43.970Z,2026-05-04 18:12:43.970,122641,8,3808,8,171
2026-05-04T22:12:44.010Z,2026-05-04 18:12:44.010,122641,9,3804,-19,3
2026-05-04T22:12:44.050Z,2026-05-04 18:12:44.050,122641,10,3802,4,-173
2026-05-04T22:12:44.090Z,2026-05-04 18:12:44.090,122641,11,3793,35,-270
2026-05-04T22:12:44.130Z,2026-05-04 18:12:44.130,122641,12,3799,41,-279
2026-05-04T22:12:44.170Z,2026-05-04 18:12:44.170,122641,13,3794,37,-185
2026-05-04T22:12:44.210Z,2026-05-04 18:12:44.210,122641,14,3810,-4,-15
2026-05-04T22:12:44.250Z,2026-05-04 18:12:44.250,122641,15,3811,-9,164
2026-05-04T22:12:44.290Z,2026-05-04 18:12:44.290,122641,16,3836,12,291
2026-05-04T22:12:44.330Z,2026-05-04 18:12:44.330,122641,17,3838,50,351
2026-05-04T22:12:44.370Z,2026-05-04 18:12:44.370,122641,18,3835,42,322
2026-05-04T22:12:44.410Z,2026-05-04 18:12:44.410,122641,19,3808,13,192
2026-05-04T22:12:44.450Z,2026-05-04 18:12:44.450,122641,20,3824,-14,19
2026-05-04T22:12:44.490Z,2026-05-04 18:12:44.490,122641,21,3799,6,-137
2026-05-04T22:12:44.530Z,2026-05-04 18:12:44.530,122641,22,3785,16,-239
2026-05-04T22:12:44.570Z,2026-05-04 18:12:44.570,122641,23,3792,40,-275
2026-05-04T22:12:44.610Z,2026-05-04 18:12:44.610,122641,24,3793,23,-188
2026-05-04T22:12:44.650Z,2026-05-04 18:12:44.650,122641,25,3805,17,-41
2026-05-04T22:12:44.690Z,2026-05-04 18:12:44.690,122641,26,3827,-10,139
2026-05-04T22:12:44.730Z,2026-05-04 18:12:44.730,122641,27,3826,7,279
2026-05-04T22:12:44.770Z,2026-05-04 18:12:44.770,122641,28,3828,31,349
2026-05-04T22:12:44.810Z,2026-05-04 18:12:44.810,122641,29,3821,38,321
2026-05-04T22:12:44.850Z,2026-05-04 18:12:44.850,122641,30,3822,16,209
2026-05-04T22:12:44.890Z,2026-05-04 18:12:44.890,122641,31,3812,-16,46
2026-05-04T22:12:44.930Z,2026-05-04 18:12:44.930,122641,32,3798,-1,-111
2026-05-04T22:12:44.970Z,2026-05-04 18:12:44.970,122641,33,3800,11,-242
2026-05-04T22:12:45.010Z,2026-05-04 18:12:45.010,122641,34,3782,27,-264
2026-05-04T22:12:45.050Z,2026-05-04 18:12:45.050,122641,35,3793,31,-201
2026-05-04T22:12:45.090Z,2026-05-04 18:12:45.090,122641,36,3818,-4,-53
2026-05-04T22:12:45.130Z,2026-05-04 18:12:45.130,122641,37,3825,0,122
2026-05-04T22:12:45.170Z,2026-05-04 18:12:45.170,122641,38,3832,19,254
2026-05-04T22:12:45.210Z,2026-05-04 18:12:45.210,122641,39,3831,27,331
2026-05-04T22:12:45.250Z,2026-05-04 18:12:45.250,122641,40,3841,35,325
2026-05-04T22:12:45.290Z,2026-05-04 18:12:45.290,122641,41,3814,20,222
2026-05-04T22:12:45.330Z,2026-05-04 18:12:45.330,122641,42,3811,0,59
2026-05-04T22:12:45.370Z,2026-05-04 18:12:45.370,122641,43,3809,-1,-98
2026-05-04T22:12:45.410Z,2026-05-04 18:12:45.410,122641,44,3784,9,-219
2026-05-04T22:12:45.450Z,2026-05-04 18:12:45.450,122641,45,3791,38,-268
2026-05-04T22:12:45.490Z,2026-05-04 18:12:45.490,122641,46,3800,12,-184
2026-05-04T22:12:45.530Z,2026-05-04 18:12:45.530,122641,47,3793,2,-80
2026-05-04T22:12:45.570Z,2026-05-04 18:12:45.570,122641,48,3801,-17,85
2026-05-04T22:12:45.610Z,2026-05-04 18:12:45.610,122641,49,3824,0,235
2026-05-04T22:12:45.650Z,2026-05-04 18:12:45.650,122641,50,3816,33,318
2026-05-04T22:12:45.690Z,2026-05-04 18:12:45.690,122641,51,3823,49,314
2026-05-04T22:12:45.730Z,2026-05-04 18:12:45.730,122641,52,3826,22,226
2026-05-04T22:12:45.770Z,2026-05-04 18:12:45.770,122641,53,3815,19,74
2026-05-04T22:12:45.810Z,2026-05-04 18:12:45.810,122641,54,3801,-4,-72
2026-05-04T22:12:45.850Z,2026-05-04 18:12:45.850,122641,55,3800,10,-197
2026-05-04T22:12:45.890Z,2026-05-04 18:12:45.890,122641,56,3794,39,-259
2026-05-04T22:12:45.930Z,2026-05-04 18:12:45.930,122641,57,3790,36,-201
2026-05-04T22:12:45.970Z,2026-05-04 18:12:45.970,122641,58,3808,20,-92
2026-05-04T22:12:46.010Z,2026-05-04 18:12:46.010,122641,59,3813,6,71
2026-05-04T22:12:46.050Z,2026-05-04 18:12:46.050,122641,60,3825,-1,216
2026-05-04T22:12:46.090Z,2026-05-04 18:12:46.090,122641,61,3833,32,315
2026-05-04T22:12:46.130Z,2026-05-04 18:12:46.130,122641,62,3831,43,310
2026-05-04T22:12:46.170Z,2026-05-04 18:12:46.170,122641,63,3835,20,239
2026-05-04T22:12:46.210Z,2026-05-04 18:12:46.210,122641,64,3810,4,92
2026-05-04T22:12:46.250Z,2026-05-04 18:12:46.250,122641,65,3801,-3,-55
2026-05-04T22:12:46.290Z,2026-05-04 18:12:46.290,122641,66,3797,16,-191
2026-05-04T22:12:46.330Z,2026-05-04 18:12:46.330,122641,67,3788,31,-233
2026-05-04T22:12:46.370Z,2026-05-04 18:12:46.370,122641,68,3797,26,-211
2026-05-04T22:12:46.410Z,2026-05-04 18:12:46.410,122641,69,3799,3,-99
2026-05-04T22:12:46.450Z,2026-05-04 18:12:46.450,122641,70,3809,-6,42
2026-05-04T22:12:46.490Z,2026-05-04 18:12:46.490,122641,71,3809,-16,190
2026-05-04T22:12:46.530Z,2026-05-04 18:12:46.530,122641,72,3832,37,305
2026-05-04T22:12:46.570Z,2026-05-04 18:12:46.570,122641,73,3841,39,316
2026-05-04T22:12:46.610Z,2026-05-04 18:12:46.610,122641,74,3818,21,235
2026-05-04T22:12:46.650Z,2026-05-04 18:12:46.650,122641,75,3823,6,118
2026-05-04T22:12:46.690Z,2026-05-04 18:12:46.690,122641,76,3811,-3,-34
2026-05-04T22:12:46.730Z,2026-05-04 18:12:46.730,122641,77,3805,5,-154
2026-05-04T22:12:46.770Z,2026-05-04 18:12:46.770,122641,78,3796,23,-226
2026-05-04T22:12:46.810Z,2026-05-04 18:12:46.810,122641,79,3795,34,-215
2026-05-04T22:12:46.850Z,2026-05-04 18:12:46.850,122641,80,3806,21,-96
2026-05-04T22:12:46.890Z,2026-05-04 18:12:46.890,122641,81,3804,-11,30
2026-05-04T22:12:46.930Z,2026-05-04 18:12:46.930,122641,82,3822,-6,163
2026-05-04T22:12:46.970Z,2026-05-04 18:12:46.970,122641,83,3829,0,273
2026-05-04T22:12:47.010Z,2026-05-04 18:12:47.010,122641,84,3828,43,299
2026-05-04T22:12:47.050Z,2026-05-04 18:12:47.050,122641,85,3836,23,239
2026-05-04T22:12:47.090Z,2026-05-04 18:12:47.090,122641,86,3820,1,137
2026-05-04T22:12:47.130Z,2026-05-04 18:12:47.130,122641,87,3806,3,-33
2026-05-04T22:12:47.170Z,2026-05-04 18:12:47.170,122641,88,3799,-6,-135
2026-05-04T22:12:47.210Z,2026-05-04 18:12:47.210,122641,89,3785,23,-213
2026-05-04T22:12:47.250Z,2026-05-04 18:12:47.250,122641,90,3806,23,-224
2026-05-04T22:12:47.290Z,2026-05-04 18:12:47.290,122641,91,3813,23,-112
2026-05-04T22:12:47.330Z,2026-05-04 18:12:47.330,122641,92,3821,7,8
2026-05-04T22:12:47.370Z,2026-05-04 18:12:47.370,122641,93,3822,-5,154
2026-05-04T22:12:47.410Z,2026-05-04 18:12:47.410,122641,94,3840,17,267
2026-05-04T22:12:47.450Z,2026-05-04 18:12:47.450,122641,95,3836,24,294
2026-05-04T22:12:47.490Z,2026-05-04 18:12:47.490,122641,96,3819,33,241
2026-05-04T22:12:47.530Z,2026-05-04 18:12:47.530,122641,97,3829,-2,141
2026-05-04T22:12:47.570Z,2026-05-04 18:12:47.570,122641,98,3805,0,17
2026-05-04T22:12:47.610Z,2026-05-04 18:12:47.610,122641,99,3791,7,-113
2026-05-04T22:12:47.650Z,2026-05-04 18:12:47.650,122641,100,3794,17,-212
2026-05-04T22:12:47.690Z,2026-05-04 18:12:47.690,122642,1,3780,32,-200
2026-05-04T22:12:47.730Z,2026-05-04 18:12:47.730,122642,2,3805,18,-138
2026-05-04T22:12:47.770Z,2026-05-04 18:12:47.770,122642,3,3803,5,-11
2026-05-04T22:12:47.810Z,2026-05-04 18:12:47.810,122642,4,3801,3,133
2026-05-04T22:12:47.850Z,2026-05-04 18:12:47.850,122642,5,3826,8,244
2026-05-04T22:12:47.890Z,2026-05-04 18:12:47.890,122642,6,3820,27,269
2026-05-04T22:12:47.930Z,2026-05-04 18:12:47.930,122642,7,3819,46,268
2026-05-04T22:12:47.970Z,2026-05-04 18:12:47.970,122642,8,3823,23,164
2026-05-04T22:12:48.010Z,2026-05-04 18:12:48.010,122642,9,3824,-4,32
2026-05-04T22:12:48.050Z,2026-05-04 18:12:48.050,122642,10,3806,16,-98
2026-05-04T22:12:48.090Z,2026-05-04 18:12:48.090,122642,11,3800,8,-190
2026-05-04T22:12:48.130Z,2026-05-04 18:12:48.130,122642,12,3801,29,-200
2026-05-04T22:12:48.170Z,2026-05-04 18:12:48.170,122642,13,3804,35,-150
2026-05-04T22:12:48.210Z,2026-05-04 18:12:48.210,122642,14,3807,2,-13
2026-05-04T22:12:48.250Z,2026-05-04 18:12:48.250,122642,15,3815,6,114
2026-05-04T22:12:48.290Z,2026-05-04 18:12:48.290,122642,16,3832,18,234
2026-05-04T22:12:48.330Z,2026-05-04 18:12:48.330,122642,17,3835,36,280
2026-05-04T22:12:48.370Z,2026-05-04 18:12:48.370,122642,18,3830,38,253
2026-05-04T22:12:48.410Z,2026-05-04 18:12:48.410,122642,19,3812,17,163
2026-05-04T22:12:48.450Z,2026-05-04 18:12:48.450,122642,20,3801,3,43
2026-05-04T22:12:48.490Z,2026-05-04 18:12:48.490,122642,21,3798,7,-84
2026-05-04T22:12:48.530Z,2026-05-04 18:12:48.530,122642,22,3794,22,-166
2026-05-04T22:12:48.570Z,2026-05-04 18:12:48.570,122642,23,3804,35,-182
2026-05-04T22:12:48.610Z,2026-05-04 18:12:48.610,122642,24,3789,14,-145
2026-05-04T22:12:48.650Z,2026-05-04 18:12:48.650,122642,25,3808,5,-40
2026-05-04T22:12:48.690Z,2026-05-04 18:12:48.690,122642,26,3813,6,88
2026-05-04T22:12:48.730Z,2026-05-04 18:12:48.730,122642,27,3824,11,207
2026-05-04T22:12:48.770Z,2026-05-04 18:12:48.770,122642,28,3812,20,276
2026-05-04T22:12:48.810Z,2026-05-04 18:12:48.810,122642,29,3823,33,253
2026-05-04T22:12:48.850Z,2026-05-04 18:12:48.850,122642,30,3812,19,179
2026-05-04T22:12:48.890Z,2026-05-04 18:12:48.890,122642,31,3819,13,59
2026-05-04T22:12:48.930Z,2026-05-04 18:12:48.930,122642,32,3816,1,-66
2026-05-04T22:12:48.970Z,2026-05-04 18:12:48.970,122642,33,3795,-3,-162
2026-05-04T22:12:49.010Z,2026-05-04 18:12:49.010,122642,34,3800,40,-184
2026-05-04T22:12:49.050Z,2026-05-04 18:12:49.050,122642,35,3794,22,-158
2026-05-04T22:12:49.090Z,2026-05-04 18:12:49.090,122642,36,3817,1,-52
2026-05-04T22:12:49.130Z,2026-05-04 18:12:49.130,122642,37,3815,6,86
2026-05-04T22:12:49.170Z,2026-05-04 18:12:49.170,122642,38,3823,13,191
2026-05-04T22:12:49.210Z,2026-05-04 18:12:49.210,122642,39,3814,22,247
2026-05-04T22:12:49.250Z,2026-05-04 18:12:49.250,122642,40,3835,26,250
2026-05-04T22:12:49.290Z,2026-05-04 18:12:49.290,122642,41,3819,22,196
2026-05-04T22:12:49.330Z,2026-05-04 18:12:49.330,122642,42,3809,0,85
2026-05-04T22:12:49.370Z,2026-05-04 18:12:49.370,122642,43,3810,-1,-52
2026-05-04T22:12:49.410Z,2026-05-04 18:12:49.410,122642,44,3807,20,-130
2026-05-04T22:12:49.450Z,2026-05-04 18:12:49.450,122642,45,3807,34,-181
2026-05-04T22:12:49.490Z,2026-05-04 18:12:49.490,122642,46,3808,23,-154
2026-05-04T22:12:49.530Z,2026-05-04 18:12:49.530,122642,47,3810,3,-58
2026-05-04T22:12:49.570Z,2026-05-04 18:12:49.570,122642,48,3817,11,67
2026-05-04T22:12:49.610Z,2026-05-04 18:12:49.610,122642,49,3835,7,177
2026-05-04T22:12:49.650Z,2026-05-04 18:12:49.650,122642,50,3819,19,250
2026-05-04T22:12:49.690Z,2026-05-04 18:12:49.690,122642,51,3821,25,253
2026-05-04T22:12:49.730Z,2026-05-04 18:12:49.730,122642,52,3832,21,189
2026-05-04T22:12:49.770Z,2026-05-04 18:12:49.770,122642,53,3793,3,93
2026-05-04T22:12:49.810Z,2026-05-04 18:12:49.810,122642,54,3811,2,-36
2026-05-04T22:12:49.850Z,2026-05-04 18:12:49.850,122642,55,3811,4,-136
2026-05-04T22:12:49.890Z,2026-05-04 18:12:49.890,122642,56,3801,26,-173
2026-05-04T22:12:49.930Z,2026-05-04 18:12:49.930,122642,57,3795,18,-156
2026-05-04T22:12:49.970Z,2026-05-04 18:12:49.970,122642,58,3809,9,-70
2026-05-04T22:12:50.010Z,2026-05-04 18:12:50.010,122642,59,3794,16,42
2026-05-04T22:12:50.050Z,2026-05-04 18:12:50.050,122642,60,3823,11,156
2026-05-04T22:12:50.090Z,2026-05-04 18:12:50.090,122642,61,3826,25,234
2026-05-04T22:12:50.130Z,2026-05-04 18:12:50.130,122642,62,3832,25,241
2026-05-04T22:12:50.170Z,2026-05-04 18:12:50.170,122642,63,3823,27,206
2026-05-04T22:12:50.210Z,2026-05-04 18:12:50.210,122642,64,3823,4,99
2026-05-04T22:12:50.250Z,2026-05-04 18:12:50.250,122642,65,3802,0,-10
2026-05-04T22:12:50.290Z,2026-05-04 18:12:50.290,122642,66,3798,0,-119
2026-05-04T22:12:50.330Z,2026-05-04 18:12:50.330,122642,67,3793,15,-167
2026-05-04T22:12:50.370Z,2026-05-04 18:12:50.370,122642,68,3801,35,-152
2026-05-04T22:12:50.410Z,2026-05-04 18:12:50.410,122642,69,3796,16,-83
2026-05-04T22:12:50.450Z,2026-05-04 18:12:50.450,122642,70,3817,9,41
2026-05-04T22:12:50.490Z,2026-05-04 18:12:50.490,122642,71,3822,14,142
2026-05-04T22:12:50.530Z,2026-05-04 18:12:50.530,122642,72,3809,28,215
2026-05-04T22:12:50.570Z,2026-05-04 18:12:50.570,122642,73,3832,20,244
2026-05-04T22:12:50.610Z,2026-05-04 18:12:50.610,122642,74,3830,20,191
2026-05-04T22:12:50.650Z,2026-05-04 18:12:50.650,122642,75,3834,20,127
2026-05-04T22:12:50.690Z,2026-05-04 18:12:50.690,122642,76,3803,6,-4
2026-05-04T22:12:50.730Z,2026-05-04 18:12:50.730,122642,77,3809,6,-98
2026-05-04T22:12:50.770Z,2026-05-04 18:12:50.770,122642,78,3796,25,-161
2026-05-04T22:12:50.810Z,2026-05-04 18:12:50.810,122642,79,3812,10,-146
2026-05-04T22:12:50.850Z,2026-05-04 18:12:50.850,122642,80,3800,20,-71
2026-05-04T22:12:50.890Z,2026-05-04 18:12:50.890,122642,81,3804,8,25
2026-05-04T22:12:50.930Z,2026-05-04 18:12:50.930,122642,82,3816,13,136
2026-05-04T22:12:50.970Z,2026-05-04 18:12:50.970,122642,83,3829,27,220
2026-05-04T22:12:51.010Z,2026-05-04 18:12:51.010,122642,84,3839,23,240
2026-05-04T22:12:51.050Z,2026-05-04 18:12:51.050,122642,85,3833,28,200
2026-05-04T22:12:51.090Z,2026-05-04 18:12:51.090,122642,86,3820,22,127
2026-05-04T22:12:51.130Z,2026-05-04 18:12:51.130,122642,87,3803,4,9
2026-05-04T22:12:51.170Z,2026-05-04 18:12:51.170,122642,88,3798,1,-89
2026-05-04T22:12:51.210Z,2026-05-04 18:12:51.210,122642,89,3793,8,-155
2026-05-04T22:12:51.250Z,2026-05-04 18:12:51.250,122642,90,3800,14,-149
2026-05-04T22:12:51.290Z,2026-05-04 18:12:51.290,122642,91,3813,9,-106
2026-05-04T22:12:51.330Z,2026-05-04 18:12:51.330,122642,92,3806,16,7
2026-05-04T22:12:51.370Z,2026-05-04 18:12:51.370,122642,93,3817,7,105
2026-05-04T22:12:51.410Z,2026-05-04 18:12:51.410,122642,94,3833,21,186
2026-05-04T22:12:51.450Z,2026-05-04 18:12:51.450,122642,95,3827,25,237
2026-05-04T22:12:51.490Z,2026-05-04 18:12:51.490,122642,96,3817,20,209
2026-05-04T22:12:51.530Z,2026-05-04 18:12:51.530,122642,97,3817,18,139
2026-05-04T22:12:51.570Z,2026-05-04 18:12:51.570,122642,98,3806,2,31
2026-05-04T22:12:51.610Z,2026-05-04 18:12:51.610,122642,99,3810,12,-70
2026-05-04T22:12:51.650Z,2026-05-04 18:12:51.650,122642,100,3817,18,-127
2026-05-04T22:12:51.690Z,2026-05-04 18:12:51.690,122643,1,3812,10,-140
2026-05-04T22:12:51.730Z,2026-05-04 18:12:51.730,122643,2,3807,17,-97
2026-05-04T22:12:51.770Z,2026-05-04 18:12:51.770,122643,3,3810,-3,-11
2026-05-04T22:12:51.810Z,2026-05-04 18:12:51.810,122643,4,3820,2,91
2026-05-04T22:12:51.850Z,2026-05-04 18:12:51.850,122643,5,3818,22,188
2026-05-04T22:12:51.890Z,2026-05-04 18:12:51.890,122643,6,3824,31,221
2026-05-04T22:12:51.930Z,2026-05-04 18:12:51.930,122643,7,3827,26,208
2026-05-04T22:12:51.970Z,2026-05-04 18:12:51.970,122643,8,3806,6,142
2026-05-04T22:12:52.010Z,2026-05-04 18:12:52.010,122643,9,3804,15,42
2026-05-04T22:12:52.050Z,2026-05-04 18:12:52.050,122643,10,3799,12,-53
2026-05-04T22:12:52.090Z,2026-05-04 18:12:52.090,122643,11,3797,10,-122
2026-05-04T22:12:52.130Z,2026-05-04 18:12:52.130,122643,12,3805,15,-144
2026-05-04T22:12:52.170Z,2026-05-04 18:12:52.170,122643,13,3819,19,-114
2026-05-04T22:12:52.210Z,2026-05-04 18:12:52.210,122643,14,3815,14,-18
2026-05-04T22:12:52.250Z,2026-05-04 18:12:52.250,122643,15,3815,15,79
2026-05-04T22:12:52.290Z,2026-05-04 18:12:52.290,122643,16,3819,7,171
2026-05-04T22:12:52.330Z,2026-05-04 18:12:52.330,122643,17,3821,15,216
2026-05-04T22:12:52.370Z,2026-05-04 18:12:52.370,122643,18,3826,12,211
2026-05-04T22:12:52.410Z,2026-05-04 18:12:52.410,122643,19,3826,20,143
2026-05-04T22:12:52.450Z,2026-05-04 18:12:52.450,122643,20,3826,5,48
2026-05-04T22:12:52.490Z,2026-05-04 18:12:52.490,122643,21,3806,10,-36
2026-05-04T22:12:52.530Z,2026-05-04 18:12:52.530,122643,22,3801,12,-120
2026-05-04T22:12:52.570Z,2026-05-04 18:12:52.570,122643,23,3790,22,-133
2026-05-04T22:12:52.610Z,2026-05-04 18:12:52.610,122643,24,3801,10,-117
2026-05-04T22:12:52.650Z,2026-05-04 18:12:52.650,122643,25,3811,20,-27
2026-05-04T22:12:52.690Z,2026-05-04 18:12:52.690,122643,26,3825,5,81
2026-05-04T22:12:52.730Z,2026-05-04 18:12:52.730,122643,27,3827,16,158
2026-05-04T22:12:52.770Z,2026-05-04 18:12:52.770,122643,28,3828,5,206
2026-05-04T22:12:52.810Z,2026-05-04 18:12:52.810,122643,29,3826,22,209
2026-05-04T22:12:52.850Z,2026-05-04 18:12:52.850,122643,30,3816,11,155
2026-05-04T22:12:52.890Z,2026-05-04 18:12:52.890,122643,31,3813,21,61
2026-05-04T22:12:52.930Z,2026-05-04 18:12:52.930,122643,32,3807,-4,-42
2026-05-04T22:12:52.970Z,2026-05-04 18:12:52.970,122643,33,3806,19,-106
2026-05-04T22:12:53.010Z,2026-05-04 18:12:53.010,122643,34,3791,11,-139
2026-05-04T22:12:53.050Z,2026-05-04 18:12:53.050,122643,35,3806,8,-109
2026-05-04T22:12:53.090Z,2026-05-04 18:12:53.090,122643,36,3796,31,-40
2026-05-04T22:12:53.130Z,2026-05-04 18:12:53.130,122643,37,3816,4,52
2026-05-04T22:12:53.170Z,2026-05-04 18:12:53.170,122643,38,3806,13,146
2026-05-04T22:12:53.210Z,2026-05-04 18:12:53.210,122643,39,3818,21,213
2026-05-04T22:12:53.250Z,2026-05-04 18:12:53.250,122643,40,3810,16,210
2026-05-04T22:12:53.290Z,2026-05-04 18:12:53.290,122643,41,3816,26,159
2026-05-04T22:12:53.330Z,2026-05-04 18:12:53.330,122643,42,3811,19,75
2026-05-04T22:12:53.370Z,2026-05-04 18:12:53.370,122643,43,3808,10,-28
2026-05-04T22:12:53.410Z,2026-05-04 18:12:53.410,122643,44,3800,13,-99
2026-05-04T22:12:53.450Z,2026-05-04 18:12:53.450,122643,45,3806,21,-132
2026-05-04T22:12:53.490Z,2026-05-04 18:12:53.490,122643,46,3795,18,-124
2026-05-04T22:12:53.530Z,2026-05-04 18:12:53.530,122643,47,3801,12,-39
2026-05-04T22:12:53.570Z,2026-05-04 18:12:53.570,122643,48,3811,8,44
2026-05-04T22:12:53.610Z,2026-05-04 18:12:53.610,122643,49,3832,24,132
2026-05-04T22:12:53.650Z,2026-05-04 18:12:53.650,122643,50,3810,29,196
2026-05-04T22:12:53.690Z,2026-05-04 18:12:53.690,122643,51,3826,17,197
2026-05-04T22:12:53.730Z,2026-05-04 18:12:53.730,122643,52,3823,23,172
2026-05-04T22:12:53.770Z,2026-05-04 18:12:53.770,122643,53,3818,21,87
2026-05-04T22:12:53.810Z,2026-05-04 18:12:53.810,122643,54,3814,3,-6
2026-05-04T22:12:53.850Z,2026-05-04 18:12:53.850,122643,55,3813,18,-80
2026-05-04T22:12:53.890Z,2026-05-04 18:12:53.890,122643,56,3804,31,-119
2026-05-04T22:12:53.930Z,2026-05-04 18:12:53.930,122643,57,3805,21,-108
2026-05-04T22:12:53.970Z,2026-05-04 18:12:53.970,122643,58,3815,6,-47
2026-05-04T22:12:54.010Z,2026-05-04 18:12:54.010,122643,59,3809,5,34
2026-05-04T22:12:54.050Z,2026-05-04 18:12:54.050,122643,60,3810,23,133
2026-05-04T22:12:54.090Z,2026-05-04 18:12:54.090,122643,61,3840,13,186
2026-05-04T22:12:54.130Z,2026-05-04 18:12:54.130,122643,62,3824,13,200
2026-05-04T22:12:54.170Z,2026-05-04 18:12:54.170,122643,63,3820,18,171
2026-05-04T22:12:54.210Z,2026-05-04 18:12:54.210,122643,64,3810,21,99
2026-05-04T22:12:54.250Z,2026-05-04 18:12:54.250,122643,65,3812,12,1
2026-05-04T22:12:54.290Z,2026-05-04 18:12:54.290,122643,66,3807,7,-78
2026-05-04T22:12:54.330Z,2026-05-04 18:12:54.330,122643,67,3815,25,-107
2026-05-04T22:12:54.370Z,2026-05-04 18:12:54.370,122643,68,3810,23,-111
2026-05-04T22:12:54.410Z,2026-05-04 18:12:54.410,122643,69,3802,8,-59
2026-05-04T22:12:54.450Z,2026-05-04 18:12:54.450,122643,70,3823,9,8
2026-05-04T22:12:54.490Z,2026-05-04 18:12:54.490,122643,71,3814,8,115
2026-05-04T22:12:54.530Z,2026-05-04 18:12:54.530,122643,72,3822,30,167
2026-05-04T22:12:54.570Z,2026-05-04 18:12:54.570,122643,73,3811,34,198
2026-05-04T22:12:54.610Z,2026-05-04 18:12:54.610,122643,74,3812,11,170
2026-05-04T22:12:54.650Z,2026-05-04 18:12:54.650,122643,75,3818,4,105
2026-05-04T22:12:54.690Z,2026-05-04 18:12:54.690,122643,76,3803,18,27
2026-05-04T22:12:54.730Z,2026-05-04 18:12:54.730,122643,77,3809,18,-63
2026-05-04T22:12:54.770Z,2026-05-04 18:12:54.770,122643,78,3808,28,-101
2026-05-04T22:12:54.810Z,2026-05-04 18:12:54.810,122643,79,3805,27,-104
2026-05-04T22:12:54.850Z,2026-05-04 18:12:54.850,122643,80,3799,21,-71
2026-05-04T22:12:54.890Z,2026-05-04 18:12:54.890,122643,81,3811,4,3
2026-05-04T22:12:54.930Z,2026-05-04 18:12:54.930,122643,82,3824,3,101
2026-05-04T22:12:54.970Z,2026-05-04 18:12:54.970,122643,83,3832,11,167
2026-05-04T22:12:55.010Z,2026-05-04 18:12:55.010,122643,84,3819,36,197
2026-05-04T22:12:55.050Z,2026-05-04 18:12:55.050,122643,85,3816,26,163
2026-05-04T22:12:55.090Z,2026-05-04 18:12:55.090,122643,86,3814,22,104
2026-05-04T22:12:55.130Z,2026-05-04 18:12:55.130,122643,87,3808,-5,23
2026-05-04T22:12:55.170Z,2026-05-04 18:12:55.170,122643,88,3802,9,-50
2026-05-04T22:12:55.210Z,2026-05-04 18:12:55.210,122643,89,3794,19,-94
2026-05-04T22:12:55.250Z,2026-05-04 18:12:55.250,122643,90,3809,23,-103
2026-05-04T22:12:55.290Z,2026-05-04 18:12:55.290,122643,91,3804,20,-75
2026-05-04T22:12:55.330Z,2026-05-04 18:12:55.330,122643,92,3811,6,18
2026-05-04T22:12:55.370Z,2026-05-04 18:12:55.370,122643,93,3816,17,82
2026-05-04T22:12:55.410Z,2026-05-04 18:12:55.410,122643,94,3825,17,159
2026-05-04T22:12:55.450Z,2026-05-04 18:12:55.450,122643,95,3821,21,185
2026-05-04T22:12:55.490Z,2026-05-04 18:12:55.490,122643,96,3810,24,178
2026-05-04T22:12:55.530Z,2026-05-04 18:12:55.530,122643,97,3809,6,111
2026-05-04T22:12:55.570Z,2026-05-04 18:12:55.570,122643,98,3813,13,38
2026-05-04T22:12:55.610Z,2026-05-04 18:12:55.610,122643,99,3808,21,-37
2026-05-04T22:12:55.650Z,2026-05-04 18:12:55.650,122643,100,3803,6,-88
2026-05-04T22:12:55.690Z,2026-05-04 18:12:55.690,122644,1,3800,20,-104
2026-05-04T22:12:55.730Z,2026-05-04 18:12:55.730,122644,2,3817,10,-62
2026-05-04T22:12:55.770Z,2026-05-04 18:12:55.770,122644,3,3811,9,-23
2026-05-04T22:12:55.810Z,2026-05-04 18:12:55.810,122644,4,3820,28,73
2026-05-04T22:12:55.850Z,2026-05-04 18:12:55.850,122644,5,3824,21,142
2026-05-04T22:12:55.890Z,2026-05-04 18:12:55.890,122644,6,3823,21,178
2026-05-04T22:12:55.930Z,2026-05-04 18:12:55.930,122644,7,3812,26,172
2026-05-04T22:12:55.970Z,2026-05-04 18:12:55.970,122644,8,3821,1,134
2026-05-04T22:12:56.010Z,2026-05-04 18:12:56.010,122644,9,3819,8,46
2026-05-04T22:12:56.050Z,2026-05-04 18:12:56.050,122644,10,3810,10,-31
2026-05-04T22:12:56.090Z,2026-05-04 18:12:56.090,122644,11,3808,9,-79
2026-05-04T22:12:56.130Z,2026-05-04 18:12:56.130,122644,12,3812,16,-107
2026-05-04T22:12:56.170Z,2026-05-04 18:12:56.170,122644,13,3808,22,-52
2026-05-04T22:12:56.210Z,2026-05-04 18:12:56.210,122644,14,3819,22,-3
2026-05-04T22:12:56.250Z,2026-05-04 18:12:56.250,122644,15,3821,17,74
2026-05-04T22:12:56.290Z,2026-05-04 18:12:56.290,122644,16,3821,22,137
2026-05-04T22:12:56.330Z,2026-05-04 18:12:56.330,122644,17,3817,21,172
2026-05-04T22:12:56.370Z,2026-05-04 18:12:56.370,122644,18,3833,18,173
2026-05-04T22:12:56.410Z,2026-05-04 18:12:56.410,122644,19,3816,18,120
2026-05-04T22:12:56.450Z,2026-05-04 18:12:56.450,122644,20,3811,15,47
2026-05-04T22:12:56.490Z,2026-05-04 18:12:56.490,122644,21,3811,10,-23
2026-05-04T22:12:56.530Z,2026-05-04 18:12:56.530,122644,22,3810,9,-77
2026-05-04T22:12:56.570Z,2026-05-04 18:12:56.570,122644,23,3801,20,-99
2026-05-04T22:12:56.610Z,2026-05-04 18:12:56.610,122644,24,3821,17,-63
2026-05-04T22:12:56.650Z,2026-05-04 18:12:56.650,122644,25,3799,12,-12
2026-05-04T22:12:56.690Z,2026-05-04 18:12:56.690,122644,26,3817,18,66
2026-05-04T22:12:56.730Z,2026-05-04 18:12:56.730,122644,27,3830,21,135
2026-05-04T22:12:56.770Z,2026-05-04 18:12:56.770,122644,28,3831,21,168
2026-05-04T22:12:56.810Z,2026-05-04 18:12:56.810,122644,29,3824,11,173
2026-05-04T22:12:56.850Z,2026-05-04 18:12:56.850,122644,30,3825,22,130
2026-05-04T22:12:56.890Z,2026-05-04 18:12:56.890,122644,31,3807,3,68
2026-05-04T22:12:56.930Z,2026-05-04 18:12:56.930,122644,32,3803,3,-12
2026-05-04T22:12:56.970Z,2026-05-04 18:12:56.970,122644,33,3806,7,-62
2026-05-04T22:12:57.010Z,2026-05-04 18:12:57.010,122644,34,3805,24,-79
2026-05-04T22:12:57.050Z,2026-05-04 18:12:57.050,122644,35,3806,17,-74
2026-05-04T22:12:57.090Z,2026-05-04 18:12:57.090,122644,36,3808,17,-34
2026-05-04T22:12:57.130Z,2026-05-04 18:12:57.130,122644,37,3822,0,41
2026-05-04T22:12:57.170Z,2026-05-04 18:12:57.170,122644,38,3829,8,121
2026-05-04T22:12:57.210Z,2026-05-04 18:12:57.210,122644,39,3812,13,153
2026-05-04T22:12:57.250Z,2026-05-04 18:12:57.250,122644,40,3822,27,175
2026-05-04T22:12:57.290Z,2026-05-04 18:12:57.290,122644,41,3822,21,133
2026-05-04T22:12:57.330Z,2026-05-04 18:12:57.330,122644,42,3812,5,63
2026-05-04T22:12:57.370Z,2026-05-04 18:12:57.370,122644,43,3811,4,5
2026-05-04T22:12:57.410Z,2026-05-04 18:12:57.410,122644,44,3801,15,-49
2026-05-04T22:12:57.450Z,2026-05-04 18:12:57.450,122644,45,3800,5,-82
2026-05-04T22:12:57.490Z,2026-05-04 18:12:57.490,122644,46,3801,13,-66
2026-05-04T22:12:57.530Z,2026-05-04 18:12:57.530,122644,47,3805,7,-18
2026-05-04T22:12:57.570Z,2026-05-04 18:12:57.570,122644,48,3806,7,40
2026-05-04T22:12:57.610Z,2026-05-04 18:12:57.610,122644,49,3822,-13,117
2026-05-04T22:12:57.650Z,2026-05-04 18:12:57.650,122644,50,3806,22,144
2026-05-04T22:12:57.690Z,2026-05-04 18:12:57.690,122644,51,3815,19,171
2026-05-04T22:12:57.730Z,2026-05-04 18:12:57.730,122644,52,3823,26,125
2026-05-04T22:12:57.770Z,2026-05-04 18:12:57.770,122644,53,3825,2,71
2026-05-04T22:12:57.810Z,2026-05-04 18:12:57.810,122644,54,3807,17,13
2026-05-04T22:12:57.850Z,2026-05-04 18:12:57.850,122644,55,3802,9,-46
2026-05-04T22:12:57.890Z,2026-05-04 18:12:57.890,122644,56,3794,22,-74
2026-05-04T22:12:57.930Z,2026-05-04 18:12:57.930,122644,57,3797,36,-76
2026-05-04T22:12:57.970Z,2026-05-04 18:12:57.970,122644,58,3803,13,-21
2026-05-04T22:12:58.010Z,2026-05-04 18:12:58.010,122644,59,3805,7,35
2026-05-04T22:12:58.050Z,2026-05-04 18:12:58.050,122644,60,3816,6,100
2026-05-04T22:12:58.090Z,2026-05-04 18:12:58.090,122644,61,3810,13,151
2026-05-04T22:12:58.130Z,2026-05-04 18:12:58.130,122644,62,3813,18,166
2026-05-04T22:12:58.170Z,2026-05-04 18:12:58.170,122644,63,3819,23,132
2026-05-04T22:12:58.210Z,2026-05-04 18:12:58.210,122644,64,3810,8,78
2026-05-04T22:12:58.250Z,2026-05-04 18:12:58.250,122644,65,3810,10,28
2026-05-04T22:12:58.290Z,2026-05-04 18:12:58.290,122644,66,3818,2,-42
2026-05-04T22:12:58.330Z,2026-05-04 18:12:58.330,122644,67,3809,19,-74
2026-05-04T22:12:58.370Z,2026-05-04 18:12:58.370,122644,68,3812,23,-68
2026-05-04T22:12:58.410Z,2026-05-04 18:12:58.410,122644,69,3805,10,-39
2026-05-04T22:12:58.450Z,2026-05-04 18:12:58.450,122644,70,3809,26,32
2026-05-04T22:12:58.490Z,2026-05-04 18:12:58.490,122644,71,3816,12,90
2026-05-04T22:12:58.530Z,2026-05-04 18:12:58.530,122644,72,3827,26,130
2026-05-04T22:12:58.570Z,2026-05-04 18:12:58.570,122644,73,3826,22,165
2026-05-04T22:12:58.610Z,2026-05-04 18:12:58.610,122644,74,3826,11,147
2026-05-04T22:12:58.650Z,2026-05-04 18:12:58.650,122644,75,3813,25,85
2026-05-04T22:12:58.690Z,2026-05-04 18:12:58.690,122644,76,3806,5,28
2026-05-04T22:12:58.730Z,2026-05-04 18:12:58.730,122644,77,3802,18,-36
2026-05-04T22:12:58.770Z,2026-05-04 18:12:58.770,122644,78,3806,25,-66
2026-05-04T22:12:58.810Z,2026-05-04 18:12:58.810,122644,79,3795,28,-65
2026-05-04T22:12:58.850Z,2026-05-04 18:12:58.850,122644,80,3808,37,-32
2026-05-04T22:12:58.890Z,2026-05-04 18:12:58.890,122644,81,3805,24,12
2026-05-04T22:12:58.930Z,2026-05-04 18:12:58.930,122644,82,3814,17,95
2026-05-04T22:12:58.970Z,2026-05-04 18:12:58.970,122644,83,3836,28,134
2026-05-04T22:12:59.010Z,2026-05-04 18:12:59.010,122644,84,3817,9,167
2026-05-04T22:12:59.050Z,2026-05-04 18:12:59.050,122644,85,3822,25,149
2026-05-04T22:12:59.090Z,2026-05-04 18:12:59.090,122644,86,3803,55,129
2026-05-04T22:12:59.130Z,2026-05-04 18:12:59.130,122644,87,3818,-17,70
2026-05-04T22:12:59.170Z,2026-05-04 18:12:59.170,122644,88,3795,-93,-34
2026-05-04T22:12:59.210Z,2026-05-04 18:12:59.210,122644,89,3806,-76,-60
2026-05-04T22:12:59.250Z,2026-05-04 18:12:59.250,122644,90,3806,46,-144
2026-05-04T22:12:59.290Z,2026-05-04 18:12:59.290,122644,91,3807,95,-92
2026-05-04T22:12:59.330Z,2026-05-04 18:12:59.330,122644,92,3811,76,20
2026-05-04T22:12:59.370Z,2026-05-04 18:12:59.370,122644,93,3807,-27,71
2026-05-04T22:12:59.410Z,2026-05-04 18:12:59.410,122644,94,3812,-96,169
2026-05-04T22:12:59.450Z,2026-05-04 18:12:59.450,122644,95,3815,-30,164
2026-05-04T22:12:59.490Z,2026-05-04 18:12:59.490,122644,96,3821,82,120
2026-05-04T22:12:59.530Z,2026-05-04 18:12:59.530,122644,97,3817,100,121
2026-05-04T22:12:59.570Z,2026-05-04 18:12:59.570,122644,98,3812,69,42
2026-05-04T22:12:59.610Z,2026-05-04 18:12:59.610,122644,99,3797,-38,20
2026-05-04T22:12:59.650Z,2026-05-04 18:12:59.650,122644,100,3799,-76,-39
2026-05-04T22:12:59.690Z,2026-05-04 18:12:59.690,122645,1,3804,-47,-86
2026-05-04T22:12:59.730Z,2026-05-04 18:12:59.730,122645,2,3798,21,-76
2026-05-04T22:12:59.770Z,2026-05-04 18:12:59.770,122645,3,3793,79,-39
2026-05-04T22:12:59.810Z,2026-05-04 18:12:59.810,122645,4,3823,57,39
2026-05-04T22:12:59.850Z,2026-05-04 18:12:59.850,122645,5,3809,-7,126
2026-05-04T22:12:59.890Z,2026-05-04 18:12:59.890,122645,6,3817,-47,151
2026-05-04T22:12:59.930Z,2026-05-04 18:12:59.930,122645,7,3808,-37,165
2026-05-04T22:12:59.970Z,2026-05-04 18:12:59.970,122645,8,3817,7,129
2026-05-04T22:13:00.010Z,2026-05-04 18:13:00.010,122645,9,3809,62,52
2026-05-04T22:13:00.050Z,2026-05-04 18:13:00.050,122645,10,3813,60,-36
2026-05-04T22:13:00.090Z,2026-05-04 18:13:00.090,122645,11,3813,16,-109
2026-05-04T22:13:00.130Z,2026-05-04 18:13:00.130,122645,12,3817,-14,-58
2026-05-04T22:13:00.170Z,2026-05-04 18:13:00.170,122645,13,3793,-37,26
2026-05-04T22:13:00.210Z,2026-05-04 18:13:00.210,122645,14,3820,30,-28
2026-05-04T22:13:00.250Z,2026-05-04 18:13:00.250,122645,15,3813,45,64
2026-05-04T22:13:00.290Z,2026-05-04 18:13:00.290,122645,16,3816,47,156
2026-05-04T22:13:00.330Z,2026-05-04 18:13:00.330,122645,17,3826,15,221
2026-05-04T22:13:00.370Z,2026-05-04 18:13:00.370,122645,18,3827,-17,220
2026-05-04T22:13:00.410Z,2026-05-04 18:13:00.410,122645,19,3819,8,109
2026-05-04T22:13:00.450Z,2026-05-04 18:13:00.450,122645,20,3806,10,4
2026-05-04T22:13:00.490Z,2026-05-04 18:13:00.490,122645,21,3788,26,-61
2026-05-04T22:13:00.530Z,2026-05-04 18:13:00.530,122645,22,3805,39,-111
2026-05-04T22:13:00.570Z,2026-05-04 18:13:00.570,122645,23,3807,-5,-74
2026-05-04T22:13:00.610Z,2026-05-04 18:13:00.610,122645,24,3810,-8,-53
2026-05-04T22:13:00.650Z,2026-05-04 18:13:00.650,122645,25,3831,-9,1
2026-05-04T22:13:00.690Z,2026-05-04 18:13:00.690,122645,26,3808,4,82
2026-05-04T22:13:00.730Z,2026-05-04 18:13:00.730,122645,27,3829,48,125
2026-05-04T22:13:00.770Z,2026-05-04 18:13:00.770,122645,28,3826,24,176
2026-05-04T22:13:00.810Z,2026-05-04 18:13:00.810,122645,29,3826,2,185
2026-05-04T22:13:00.850Z,2026-05-04 18:13:00.850,122645,30,3818,0,133
2026-05-04T22:13:00.890Z,2026-05-04 18:13:00.890,122645,31,3817,-10,56
2026-05-04T22:13:00.930Z,2026-05-04 18:13:00.930,122645,32,3805,22,-32
2026-05-04T22:13:00.970Z,2026-05-04 18:13:00.970,122645,33,3808,11,-75
2026-05-04T22:13:01.010Z,2026-05-04 18:13:01.010,122645,34,3790,16,-90
2026-05-04T22:13:01.050Z,2026-05-04 18:13:01.050,122645,35,3804,-4,-59
2026-05-04T22:13:01.090Z,2026-05-04 18:13:01.090,122645,36,3808,0,-7
2026-05-04T22:13:01.130Z,2026-05-04 18:13:01.130,122645,37,3814,17,62
2026-05-04T22:13:01.170Z,2026-05-04 18:13:01.170,122645,38,3807,13,124
2026-05-04T22:13:01.210Z,2026-05-04 18:13:01.210,122645,39,3817,23,172
2026-05-04T22:13:01.250Z,2026-05-04 18:13:01.250,122645,40,3817,30,170
2026-05-04T22:13:01.290Z,2026-05-04 18:13:01.290,122645,41,3820,-2,147
2026-05-04T22:13:01.330Z,2026-05-04 18:13:01.330,122645,42,3819,6,79
2026-05-04T22:13:01.370Z,2026-05-04 18:13:01.370,122645,43,3800,1,1
2026-05-04T22:13:01.410Z,2026-05-04 18:13:01.410,122645,44,3801,2,-73
2026-05-04T22:13:01.450Z,2026-05-04 18:13:01.450,122645,45,3802,30,-79
2026-05-04T22:13:01.490Z,2026-05-04 18:13:01.490,122645,46,3807,23,-76
2026-05-04T22:13:01.530Z,2026-05-04 18:13:01.530,122645,47,3804,0,-17
2026-05-04T22:13:01.570Z,2026-05-04 18:13:01.570,122645,48,3811,9,51
2026-05-04T22:13:01.610Z,2026-05-04 18:13:01.610,122645,49,3819,23,108
2026-05-04T22:13:01.650Z,2026-05-04 18:13:01.650,122645,50,3813,37,153
2026-05-04T22:13:01.690Z,2026-05-04 18:13:01.690,122645,51,3833,12,177
2026-05-04T22:13:01.730Z,2026-05-04 18:13:01.730,122645,52,3807,18,139
2026-05-04T22:13:01.770Z,2026-05-04 18:13:01.770,122645,53,3816,6,95
2026-05-04T22:13:01.810Z,2026-05-04 18:13:01.810,122645,54,3814,8,16
2026-05-04T22:13:01.850Z,2026-05-04 18:13:01.850,122645,55,3807,16,-45
2026-05-04T22:13:01.890Z,2026-05-04 18:13:01.890,122645,56,3810,14,-80
2026-05-04T22:13:01.930Z,2026-05-04 18:13:01.930,122645,57,3797,21,-67
2026-05-04T22:13:01.970Z,2026-05-04 18:13:01.970,122645,58,3816,11,-35
2026-05-04T22:13:02.010Z,2026-05-04 18:13:02.010,122645,59,3830,2,37
2026-05-04T22:13:02.050Z,2026-05-04 18:13:02.050,122645,60,3820,4,110
2026-05-04T22:13:02.090Z,2026-05-04 18:13:02.090,122645,61,3820,13,145
2026-05-04T22:13:02.130Z,2026-05-04 18:13:02.130,122645,62,3817,6,170
2026-05-04T22:13:02.170Z,2026-05-04 18:13:02.170,122645,63,3822,20,144
2026-05-04T22:13:02.210Z,2026-05-04 18:13:02.210,122645,64,3822,-3,90
2026-05-04T22:13:02.250Z,2026-05-04 18:13:02.250,122645,65,3815,8,9
2026-05-04T22:13:02.290Z,2026-05-04 18:13:02.290,122645,66,3811,8,-42
2026-05-04T22:13:02.330Z,2026-05-04 18:13:02.330,122645,67,3809,21,-60
2026-05-04T22:13:02.370Z,2026-05-04 18:13:02.370,122645,68,3781,9,-54
2026-05-04T22:13:02.410Z,2026-05-04 18:13:02.410,122645,69,3793,2,-48
2026-05-04T22:13:02.450Z,2026-05-04 18:13:02.450,122645,70,3811,9,23
2026-05-04T22:13:02.490Z,2026-05-04 18:13:02.490,122645,71,3809,7,95
2026-05-04T22:13:02.530Z,2026-05-04 18:13:02.530,122645,72,3821,35,144
2026-05-04T22:13:02.570Z,2026-05-04 18:13:02.570,122645,73,3814,28,159
2026-05-04T22:13:02.610Z,2026-05-04 18:13:02.610,122645,74,3818,18,149
2026-05-04T22:13:02.650Z,2026-05-04 18:13:02.650,122645,75,3824,13,84
2026-05-04T22:13:02.690Z,2026-05-04 18:13:02.690,122645,76,3812,16,40
2026-05-04T22:13:02.730Z,2026-05-04 18:13:02.730,122645,77,3803,6,-24
2026-05-04T22:13:02.770Z,2026-05-04 18:13:02.770,122645,78,3792,8,-65
2026-05-04T22:13:02.810Z,2026-05-04 18:13:02.810,122645,79,3807,22,-65
2026-05-04T22:13:02.850Z,2026-05-04 18:13:02.850,122645,80,3813,12,-45
2026-05-04T22:13:02.890Z,2026-05-04 18:13:02.890,122645,81,3819,9,13
2026-05-04T22:13:02.930Z,2026-05-04 18:13:02.930,122645,82,3819,10,82
2026-05-04T22:13:02.970Z,2026-05-04 18:13:02.970,122645,83,3816,7,130
2026-05-04T22:13:03.010Z,2026-05-04 18:13:03.010,122645,84,3830,24,153
2026-05-04T22:13:03.050Z,2026-05-04 18:13:03.050,122645,85,3816,19,135
2026-05-04T22:13:03.090Z,2026-05-04 18:13:03.090,122645,86,3817,11,103
2026-05-04T22:13:03.130Z,2026-05-04 18:13:03.130,122645,87,3815,-8,46
2026-05-04T22:13:03.170Z,2026-05-04 18:13:03.170,122645,88,3802,21,-22
2026-05-04T22:13:03.210Z,2026-05-04 18:13:03.210,122645,89,3805,3,-51
2026-05-04T22:13:03.250Z,2026-05-04 18:13:03.250,122645,90,3812,8,-45
2026-05-04T22:13:03.290Z,2026-05-04 18:13:03.290,122645,91,3802,1,-42
2026-05-04T22:13:03.330Z,2026-05-04 18:13:03.330,122645,92,3816,-6,6
2026-05-04T22:13:03.370Z,2026-05-04 18:13:03.370,122645,93,3816,7,66
2026-05-04T22:13:03.410Z,2026-05-04 18:13:03.410,122645,94,3812,3,123
2026-05-04T22:13:03.450Z,2026-05-04 18:13:03.450,122645,95,3814,10,136
2026-05-04T22:13:03.490Z,2026-05-04 18:13:03.490,122645,96,3816,12,143
2026-05-04T22:13:03.530Z,2026-05-04 18:13:03.530,122645,97,3831,11,107
2026-05-04T22:13:03.570Z,2026-05-04 18:13:03.570,122645,98,3812,18,54
2026-05-04T22:13:03.610Z,2026-05-04 18:13:03.610,122645,99,3816,11,-9
2026-05-04T22:13:03.650Z,2026-05-04 18:13:03.650,122645,100,3800,29,-34
2026-05-04T22:13:03.690Z,2026-05-04 18:13:03.690,122646,1,3809,10,-43
2026-05-04T22:13:03.730Z,2026-05-04 18:13:03.730,122646,2,3813,18,10
2026-05-04T22:13:03.770Z,2026-05-04 18:13:03.770,122646,3,3806,12,56
2026-05-04T22:13:03.810Z,2026-05-04 18:13:03.810,122646,4,3816,17,116
2026-05-04T22:13:03.850Z,2026-05-04 18:13:03.850,122646,5,3814,21,149
2026-05-04T22:13:03.890Z,2026-05-04 18:13:03.890,122646,6,3815,21,138
2026-05-04T22:13:03.930Z,2026-05-04 18:13:03.930,122646,7,3808,15,121
2026-05-04T22:13:03.970Z,2026-05-04 18:13:03.970,122646,8,3820,3,68
2026-05-04T22:13:04.010Z,2026-05-04 18:13:04.010,122646,9,3809,-10,6
2026-05-04T22:13:04.050Z,2026-05-04 18:13:04.050,122646,10,3802,15,-17
2026-05-04T22:13:04.090Z,2026-05-04 18:13:04.090,122646,11,3801,5,-58
2026-05-04T22:13:04.130Z,2026-05-04 18:13:04.130,122646,12,3809,4,-33
2026-05-04T22:13:04.170Z,2026-05-04 18:13:04.170,122646,13,3823,3,-8
2026-05-04T22:13:04.210Z,2026-05-04 18:13:04.210,122646,14,3810,9,55
2026-05-04T22:13:04.250Z,2026-05-04 18:13:04.250,122646,15,3814,15,108
2026-05-04T22:13:04.290Z,2026-05-04 18:13:04.290,122646,16,3812,9,122
2026-05-04T22:13:04.330Z,2026-05-04 18:13:04.330,122646,17,3814,18,137
2026-05-04T22:13:04.370Z,2026-05-04 18:13:04.370,122646,18,3806,17,119
2026-05-04T22:13:04.410Z,2026-05-04 18:13:04.410,122646,19,3810,6,65
2026-05-04T22:13:04.450Z,2026-05-04 18:13:04.450,122646,20,3827,-3,16
2026-05-04T22:13:04.490Z,2026-05-04 18:13:04.490,122646,21,3817,13,-27
2026-05-04T22:13:04.530Z,2026-05-04 18:13:04.530,122646,22,3802,7,-39
2026-05-04T22:13:04.570Z,2026-05-04 18:13:04.570,122646,23,3816,4,-35
2026-05-04T22:13:04.610Z,2026-05-04 18:13:04.610,122646,24,3815,9,-10
2026-05-04T22:13:04.650Z,2026-05-04 18:13:04.650,122646,25,3804,12,33
2026-05-04T22:13:04.690Z,2026-05-04 18:13:04.690,122646,26,3810,24,83
2026-05-04T22:13:04.730Z,2026-05-04 18:13:04.730,122646,27,3825,12,128
2026-05-04T22:13:04.770Z,2026-05-04 18:13:04.770,122646,28,3824,25,128
2026-05-04T22:13:04.810Z,2026-05-04 18:13:04.810,122646,29,3810,8,117
2026-05-04T22:13:04.850Z,2026-05-04 18:13:04.850,122646,30,3801,2,79
2026-05-04T22:13:04.890Z,2026-05-04 18:13:04.890,122646,31,3815,0,19
2026-05-04T22:13:04.930Z,2026-05-04 18:13:04.930,122646,32,3808,18,-31
2026-05-04T22:13:04.970Z,2026-05-04 18:13:04.970,122646,33,3817,21,-38
2026-05-04T22:13:05.010Z,2026-05-04 18:13:05.010,122646,34,3811,21,-37
2026-05-04T22:13:05.050Z,2026-05-04 18:13:05.050,122646,35,3805,0,-7
2026-05-04T22:13:05.090Z,2026-05-04 18:13:05.090,122646,36,3806,5,39
2026-05-04T22:13:05.130Z,2026-05-04 18:13:05.130,122646,37,3816,5,73
2026-05-04T22:13:05.170Z,2026-05-04 18:13:05.170,122646,38,3815,10,123
2026-05-04T22:13:05.210Z,2026-05-04 18:13:05.210,122646,39,3824,22,125
2026-05-04T22:13:05.250Z,2026-05-04 18:13:05.250,122646,40,3824,0,118
2026-05-04T22:13:05.290Z,2026-05-04 18:13:05.290,122646,41,3818,17,79
2026-05-04T22:13:05.330Z,2026-05-04 18:13:05.330,122646,42,3818,11,34
2026-05-04T22:13:05.370Z,2026-05-04 18:13:05.370,122646,43,3808,9,-12
2026-05-04T22:13:05.410Z,2026-05-04 18:13:05.410,122646,44,3813,17,-31
2026-05-04T22:13:05.450Z,2026-05-04 18:13:05.450,122646,45,3806,10,-31
2026-05-04T22:13:05.490Z,2026-05-04 18:13:05.490,122646,46,3799,8,-16
2026-05-04T22:13:05.530Z,2026-05-04 18:13:05.530,122646,47,3804,5,24
2026-05-04T22:13:05.570Z,2026-05-04 18:13:05.570,122646,48,3831,17,79
2026-05-04T22:13:05.610Z,2026-05-04 18:13:05.610,122646,49,3811,3,99
2026-05-04T22:13:05.650Z,2026-05-04 18:13:05.650,122646,50,3814,24,118
2026-05-04T22:13:05.690Z,2026-05-04 18:13:05.690,122646,51,3827,14,123
2026-05-04T22:13:05.730Z,2026-05-04 18:13:05.730,122646,52,3813,9,86
2026-05-04T22:13:05.770Z,2026-05-04 18:13:05.770,122646,53,3812,9,45
2026-05-04T22:13:05.810Z,2026-05-04 18:13:05.810,122646,54,3799,16,-6
2026-05-04T22:13:05.850Z,2026-05-04 18:13:05.850,122646,55,3810,16,-16
2026-05-04T22:13:05.890Z,2026-05-04 18:13:05.890,122646,56,3803,4,-32
2026-05-04T22:13:05.930Z,2026-05-04 18:13:05.930,122646,57,3829,23,-13
2026-05-04T22:13:05.970Z,2026-05-04 18:13:05.970,122646,58,3796,-4,23
2026-05-04T22:13:06.010Z,2026-05-04 18:13:06.010,122646,59,3818,7,66
2026-05-04T22:13:06.050Z,2026-05-04 18:13:06.050,122646,60,3823,9,104
2026-05-04T22:13:06.090Z,2026-05-04 18:13:06.090,122646,61,3814,6,116
2026-05-04T22:13:06.130Z,2026-05-04 18:13:06.130,122646,62,3819,3,116
2026-05-04T22:13:06.170Z,2026-05-04 18:13:06.170,122646,63,3819,22,102
2026-05-04T22:13:06.210Z,2026-05-04 18:13:06.210,122646,64,3810,12,55
2026-05-04T22:13:06.250Z,2026-05-04 18:13:06.250,122646,65,3812,5,9
2026-05-04T22:13:06.290Z,2026-05-04 18:13:06.290,122646,66,3806,4,-17
2026-05-04T22:13:06.330Z,2026-05-04 18:13:06.330,122646,67,3822,0,-24
2026-05-04T22:13:06.370Z,2026-05-04 18:13:06.370,122646,68,3807,22,-19
2026-05-04T22:13:06.410Z,2026-05-04 18:13:06.410,122646,69,3821,15,10
2026-05-04T22:13:06.450Z,2026-05-04 18:13:06.450,122646,70,3817,-4,49
2026-05-04T22:13:06.490Z,2026-05-04 18:13:06.490,122646,71,3817,9,96
2026-05-04T22:13:06.530Z,2026-05-04 18:13:06.530,122646,72,3813,18,123
2026-05-04T22:13:06.570Z,2026-05-04 18:13:06.570,122646,73,3814,8,118
2026-05-04T22:13:06.610Z,2026-05-04 18:13:06.610,122646,74,3821,9,107
2026-05-04T22:13:06.650Z,2026-05-04 18:13:06.650,122646,75,3817,14,63
2026-05-04T22:13:06.690Z,2026-05-04 18:13:06.690,122646,76,3812,9,33
2026-05-04T22:13:06.730Z,2026-05-04 18:13:06.730,122646,77,3819,6,-19
2026-05-04T22:13:06.770Z,2026-05-04 18:13:06.770,122646,78,3819,9,-29
2026-05-04T22:13:06.810Z,2026-05-04 18:13:06.810,122646,79,3825,4,-22
2026-05-04T22:13:06.850Z,2026-05-04 18:13:06.850,122646,80,3811,12,10
2026-05-04T22:13:06.890Z,2026-05-04 18:13:06.890,122646,81,3810,23,53
2026-05-04T22:13:06.930Z,2026-05-04 18:13:06.930,122646,82,3811,23,94
2026-05-04T22:13:06.970Z,2026-05-04 18:13:06.970,122646,83,3834,7,117
2026-05-04T22:13:07.010Z,2026-05-04 18:13:07.010,122646,84,3813,10,116
2026-05-04T22:13:07.050Z,2026-05-04 18:13:07.050,122646,85,3813,11,90
2026-05-04T22:13:07.090Z,2026-05-04 18:13:07.090,122646,86,3805,9,64
2026-05-04T22:13:07.130Z,2026-05-04 18:13:07.130,122646,87,3804,13,18
2026-05-04T22:13:07.170Z,2026-05-04 18:13:07.170,122646,88,3817,20,-5
2026-05-04T22:13:07.210Z,2026-05-04 18:13:07.210,122646,89,3810,11,-24
2026-05-04T22:13:07.250Z,2026-05-04 18:13:07.250,122646,90,3810,13,-20
2026-05-04T22:13:07.290Z,2026-05-04 18:13:07.290,122646,91,3822,16,7
2026-05-04T22:13:07.330Z,2026-05-04 18:13:07.330,122646,92,3817,10,43
2026-05-04T22:13:07.370Z,2026-05-04 18:13:07.370,122646,93,3816,13,85
2026-05-04T22:13:07.410Z,2026-05-04 18:13:07.410,122646,94,3810,23,109
2026-05-04T22:13:07.450Z,2026-05-04 18:13:07.450,122646,95,3808,11,133
2026-05-04T22:13:07.490Z,2026-05-04 18:13:07.490,122646,96,3810,5,85
2026-05-04T22:13:07.530Z,2026-05-04 18:13:07.530,122646,97,3807,10,69
2026-05-04T22:13:07.570Z,2026-05-04 18:13:07.570,122646,98,3809,9,35
2026-05-04T22:13:07.610Z,2026-05-04 18:13:07.610,122646,99,3804,5,-4
2026-05-04T22:13:07.650Z,2026-05-04 18:13:07.650,122646,100,3835,19,-20
2026-05-04T22:13:07.690Z,2026-05-04 18:13:07.690,122647,1,3809,7,-18
2026-05-04T22:13:07.730Z,2026-05-04 18:13:07.730,122647,2,3802,11,-8
2026-05-04T22:13:07.770Z,2026-05-04 18:13:07.770,122647,3,3822,15,27
2026-05-04T22:13:07.810Z,2026-05-04 18:13:07.810,122647,4,3802,16,78
2026-05-04T22:13:07.850Z,2026-05-04 18:13:07.850,122647,5,3821,11,99
2026-05-04T22:13:07.890Z,2026-05-04 18:13:07.890,122647,6,3805,16,123
2026-05-04T22:13:07.930Z,2026-05-04 18:13:07.930,122647,7,3815,6,107
2026-05-04T22:13:07.970Z,2026-05-04 18:13:07.970,122647,8,3809,13,69
2026-05-04T22:13:08.010Z,2026-05-04 18:13:08.010,122647,9,3812,17,42
2026-05-04T22:13:08.050Z,2026-05-04 18:13:08.050,122647,10,3806,10,-8
2026-05-04T22:13:08.090Z,2026-05-04 18:13:08.090,122647,11,3805,0,-20
2026-05-04T22:13:08.130Z,2026-05-04 18:13:08.130,122647,12,3807,7,-13
2026-05-04T22:13:08.170Z,2026-05-04 18:13:08.170,122647,13,3813,13,5
2026-05-04T22:13:08.210Z,2026-05-04 18:13:08.210,122647,14,3810,8,36
2026-05-04T22:13:08.250Z,2026-05-04 18:13:08.250,122647,15,3820,11,59
2026-05-04T22:13:08.290Z,2026-05-04 18:13:08.290,122647,16,3815,20,90
2026-05-04T22:13:08.330Z,2026-05-04 18:13:08.330,122647,17,3813,17,108
2026-05-04T22:13:08.370Z,2026-05-04 18:13:08.370,122647,18,3820,22,96
2026-05-04T22:13:08.410Z,2026-05-04 18:13:08.410,122647,19,3808,10,70
2026-05-04T22:13:08.450Z,2026-05-04 18:13:08.450,122647,20,3806,14,48
2026-05-04T22:13:08.490Z,2026-05-04 18:13:08.490,122647,21,3815,11,2
2026-05-04T22:13:08.530Z,2026-05-04 18:13:08.530,122647,22,3806,19,-24
2026-05-04T22:13:08.570Z,2026-05-04 18:13:08.570,122647,23,3807,22,-7
2026-05-04T22:13:08.610Z,2026-05-04 18:13:08.610,122647,24,3809,0,-8
2026-05-04T22:13:08.650Z,2026-05-04 18:13:08.650,122647,25,3822,12,38
2026-05-04T22:13:08.690Z,2026-05-04 18:13:08.690,122647,26,3807,20,58
2026-05-04T22:13:08.730Z,2026-05-04 18:13:08.730,122647,27,3820,16,93
2026-05-04T22:13:08.770Z,2026-05-04 18:13:08.770,122647,28,3812,5,107
2026-05-04T22:13:08.810Z,2026-05-04 18:13:08.810,122647,29,3825,9,111
2026-05-04T22:13:08.850Z,2026-05-04 18:13:08.850,122647,30,3808,11,70
2026-05-04T22:13:08.890Z,2026-05-04 18:13:08.890,122647,31,3818,14,46
2026-05-04T22:13:08.930Z,2026-05-04 18:13:08.930,122647,32,3810,-1,8
2026-05-04T22:13:08.970Z,2026-05-04 18:13:08.970,122647,33,3807,14,-11
2026-05-04T22:13:09.010Z,2026-05-04 18:13:09.010,122647,34,3814,27,-16
2026-05-04T22:13:09.050Z,2026-05-04 18:13:09.050,122647,35,3807,-2,-4
2026-05-04T22:13:09.090Z,2026-05-04 18:13:09.090,122647,36,3810,25,29
2026-05-04T22:13:09.130Z,2026-05-04 18:13:09.130,122647,37,3820,6,54
2026-05-04T22:13:09.170Z,2026-05-04 18:13:09.170,122647,38,3813,13,87
2026-05-04T22:13:09.210Z,2026-05-04 18:13:09.210,122647,39,3814,9,105
2026-05-04T22:13:09.250Z,2026-05-04 18:13:09.250,122647,40,3813,9,115
2026-05-04T22:13:09.290Z,2026-05-04 18:13:09.290,122647,41,3822,19,92
2026-05-04T22:13:09.330Z,2026-05-04 18:13:09.330,122647,42,3817,17,46
2026-05-04T22:13:09.370Z,2026-05-04 18:13:09.370,122647,43,3806,10,14
2026-05-04T22:13:09.410Z,2026-05-04 18:13:09.410,122647,44,3806,8,-2
2026-05-04T22:13:09.450Z,2026-05-04 18:13:09.450,122647,45,3815,9,-12
2026-05-04T22:13:09.490Z,2026-05-04 18:13:09.490,122647,46,3811,22,10
2026-05-04T22:13:09.530Z,2026-05-04 18:13:09.530,122647,47,3821,15,13
2026-05-04T22:13:09.570Z,2026-05-04 18:13:09.570,122647,48,3824,10,55
2026-05-04T22:13:09.610Z,2026-05-04 18:13:09.610,122647,49,3809,4,80
2026-05-04T22:13:09.650Z,2026-05-04 18:13:09.650,122647,50,3817,-4,90
2026-05-04T22:13:09.690Z,2026-05-04 18:13:09.690,122647,51,3811,8,93
2026-05-04T22:13:09.730Z,2026-05-04 18:13:09.730,122647,52,3800,9,90
2026-05-04T22:13:09.770Z,2026-05-04 18:13:09.770,122647,53,3813,0,56
2026-05-04T22:13:09.810Z,2026-05-04 18:13:09.810,122647,54,3809,4,25
2026-05-04T22:13:09.850Z,2026-05-04 18:13:09.850,122647,55,3812,13,-14
2026-05-04T22:13:09.890Z,2026-05-04 18:13:09.890,122647,56,3822,21,-28
2026-05-04T22:13:09.930Z,2026-05-04 18:13:09.930,122647,57,3811,-3,7
2026-05-04T22:13:09.970Z,2026-05-04 18:13:09.970,122647,58,3805,19,23
2026-05-04T22:13:10.010Z,2026-05-04 18:13:10.010,122647,59,3809,11,42
2026-05-04T22:13:10.050Z,2026-05-04 18:13:10.050,122647,60,3815,9,83
2026-05-04T22:13:10.090Z,2026-05-04 18:13:10.090,122647,61,3814,13,87
2026-05-04T22:13:10.130Z,2026-05-04 18:13:10.130,122647,62,3815,11,91
2026-05-04T22:13:10.170Z,2026-05-04 18:13:10.170,122647,63,3817,8,90
2026-05-04T22:13:10.210Z,2026-05-04 18:13:10.210,122647,64,3817,18,50
2026-05-04T22:13:10.250Z,2026-05-04 18:13:10.250,122647,65,3815,4,25
2026-05-04T22:13:10.290Z,2026-05-04 18:13:10.290,122647,66,3805,-2,-4
2026-05-04T22:13:10.330Z,2026-05-04 18:13:10.330,122647,67,3807,7,-2
2026-05-04T22:13:10.370Z,2026-05-04 18:13:10.370,122647,68,3822,24,-8
2026-05-04T22:13:10.410Z,2026-05-04 18:13:10.410,122647,69,3811,7,12
2026-05-04T22:13:10.450Z,2026-05-04 18:13:10.450,122647,70,3812,-3,36
2026-05-04T22:13:10.490Z,2026-05-04 18:13:10.490,122647,71,3800,11,69
2026-05-04T22:13:10.530Z,2026-05-04 18:13:10.530,122647,72,3823,21,100
2026-05-04T22:13:10.570Z,2026-05-04 18:13:10.570,122647,73,3819,-4,93
2026-05-04T22:13:10.610Z,2026-05-04 18:13:10.610,122647,74,3804,10,74
2026-05-04T22:13:10.650Z,2026-05-04 18:13:10.650,122647,75,3812,16,71
2026-05-04T22:13:10.690Z,2026-05-04 18:13:10.690,122647,76,3799,9,43
2026-05-04T22:13:10.730Z,2026-05-04 18:13:10.730,122647,77,3803,29,-2
2026-05-04T22:13:10.770Z,2026-05-04 18:13:10.770,122647,78,3806,18,-1
2026-05-04T22:13:10.810Z,2026-05-04 18:13:10.810,122647,79,3815,3,1
2026-05-04T22:13:10.850Z,2026-05-04 18:13:10.850,122647,80,3814,6,18
2026-05-04T22:13:10.890Z,2026-05-04 18:13:10.890,122647,81,3809,20,33
2026-05-04T22:13:10.930Z,2026-05-04 18:13:10.930,122647,82,3820,6,56
2026-05-04T22:13:10.970Z,2026-05-04 18:13:10.970,122647,83,3814,10,89
2026-05-04T22:13:11.010Z,2026-05-04 18:13:11.010,122647,84,3806,12,103
2026-05-04T22:13:11.050Z,2026-05-04 18:13:11.050,122647,85,3821,8,78
2026-05-04T22:13:11.090Z,2026-05-04 18:13:11.090,122647,86,3821,16,74
2026-05-04T22:13:11.130Z,2026-05-04 18:13:11.130,122647,87,3824,23,37
2026-05-04T22:13:11.170Z,2026-05-04 18:13:11.170,122647,88,3806,12,2
2026-05-04T22:13:11.210Z,2026-05-04 18:13:11.210,122647,89,3814,2,9
2026-05-04T22:13:11.250Z,2026-05-04 18:13:11.250,122647,90,3810,0,-9
2026-05-04T22:13:11.290Z,2026-05-04 18:13:11.290,122647,91,3806,25,12
2026-05-04T22:13:11.330Z,2026-05-04 18:13:11.330,122647,92,3801,-1,32
2026-05-04T22:13:11.370Z,2026-05-04 18:13:11.370,122647,93,3821,9,58
2026-05-04T22:13:11.410Z,2026-05-04 18:13:11.410,122647,94,3817,22,86
2026-05-04T22:13:11.450Z,2026-05-04 18:13:11.450,122647,95,3812,2,105
2026-05-04T22:13:11.490Z,2026-05-04 18:13:11.490,122647,96,3815,22,89
2026-05-04T22:13:11.530Z,2026-05-04 18:13:11.530,122647,97,3816,9,77
2026-05-04T22:13:11.570Z,2026-05-04 18:13:11.570,122647,98,3831,8,51
2026-05-04T22:13:11.610Z,2026-05-04 18:13:11.610,122647,99,3814,20,21
2026-05-04T22:13:11.650Z,2026-05-04 18:13:11.650,122647,100,3813,25,-4
2026-05-04T22:13:11.690Z,2026-05-04 18:13:11.690,122648,1,3810,10,3
2026-05-04T22:13:11.730Z,2026-05-04 18:13:11.730,122648,2,3793,11,13
2026-05-04T22:13:11.770Z,2026-05-04 18:13:11.770,122648,3,3813,17,22
2026-05-04T22:13:11.810Z,2026-05-04 18:13:11.810,122648,4,3807,11,59
2026-05-04T22:13:11.850Z,2026-05-04 18:13:11.850,122648,5,3803,24,73
2026-05-04T22:13:11.890Z,2026-05-04 18:13:11.890,122648,6,3813,14,97
2026-05-04T22:13:11.930Z,2026-05-04 18:13:11.930,122648,7,3802,12,83
2026-05-04T22:13:11.970Z,2026-05-04 18:13:11.970,122648,8,3810,6,74
2026-05-04T22:13:12.010Z,2026-05-04 18:13:12.010,122648,9,3815,8,45
2026-05-04T22:13:12.050Z,2026-05-04 18:13:12.050,122648,10,3814,10,18
2026-05-04T22:13:12.090Z,2026-05-04 18:13:12.090,122648,11,3807,7,13
2026-05-04T22:13:12.130Z,2026-05-04 18:13:12.130,122648,12,3804,11,1
2026-05-04T22:13:12.170Z,2026-05-04 18:13:12.170,122648,13,3806,8,7
2026-05-04T22:13:12.210Z,2026-05-04 18:13:12.210,122648,14,3804,18,30
2026-05-04T22:13:12.250Z,2026-05-04 18:13:12.250,122648,15,3820,1,59
2026-05-04T22:13:12.290Z,2026-05-04 18:13:12.290,122648,16,3813,2,86
2026-05-04T22:13:12.330Z,2026-05-04 18:13:12.330,122648,17,3818,14,96
2026-05-04T22:13:12.370Z,2026-05-04 18:13:12.370,122648,18,3806,17,86
2026-05-04T22:13:12.410Z,2026-05-04 18:13:12.410,122648,19,3823,18,71
2026-05-04T22:13:12.450Z,2026-05-04 18:13:12.450,122648,20,3809,8,46
2026-05-04T22:13:12.490Z,2026-05-04 18:13:12.490,122648,21,3821,13,30
2026-05-04T22:13:12.530Z,2026-05-04 18:13:12.530,122648,22,3809,3,0
2026-05-04T22:13:12.570Z,2026-05-04 18:13:12.570,122648,23,3811,8,4
2026-05-04T22:13:12.610Z,2026-05-04 18:13:12.610,122648,24,3811,19,9
2026-05-04T22:13:12.650Z,2026-05-04 18:13:12.650,122648,25,3827,9,35
2026-05-04T22:13:12.690Z,2026-05-04 18:13:12.690,122648,26,3811,9,56
2026-05-04T22:13:12.730Z,2026-05-04 18:13:12.730,122648,27,3818,10,83
2026-05-04T22:13:12.770Z,2026-05-04 18:13:12.770,122648,28,3836,4,87
2026-05-04T22:13:12.810Z,2026-05-04 18:13:12.810,122648,29,3820,3,78
2026-05-04T22:13:12.850Z,2026-05-04 18:13:12.850,122648,30,3820,24,76
2026-05-04T22:13:12.890Z,2026-05-04 18:13:12.890,122648,31,3805,0,44
2026-05-04T22:13:12.930Z,2026-05-04 18:13:12.930,122648,32,3810,22,29
2026-05-04T22:13:12.970Z,2026-05-04 18:13:12.970,122648,33,3803,2,7
2026-05-04T22:13:13.010Z,2026-05-04 18:13:13.010,122648,34,3809,18,-5
2026-05-04T22:13:13.050Z,2026-05-04 18:13:13.050,122648,35,3807,19,13
2026-05-04T22:13:13.090Z,2026-05-04 18:13:13.090,122648,36,3817,8,24
2026-05-04T22:13:13.130Z,2026-05-04 18:13:13.130,122648,37,3808,11,56
2026-05-04T22:13:13.170Z,2026-05-04 18:13:13.170,122648,38,3812,10,69
2026-05-04T22:13:13.210Z,2026-05-04 18:13:13.210,122648,39,3816,57,187
2026-05-04T22:13:13.250Z,2026-05-04 18:13:13.250,122648,40,3801,95,63
2026-05-04T22:13:13.290Z,2026-05-04 18:13:13.290,122648,41,3823,-32,2
2026-05-04T22:13:13.330Z,2026-05-04 18:13:13.330,122648,42,3798,-253,104
2026-05-04T22:13:13.370Z,2026-05-04 18:13:13.370,122648,43,3845,-1,85
2026-05-04T22:13:13.410Z,2026-05-04 18:13:13.410,122648,44,3816,182,237
2026-05-04T22:13:13.450Z,2026-05-04 18:13:13.450,122648,45,3830,275,-44
2026-05-04T22:13:13.490Z,2026-05-04 18:13:13.490,122648,46,3812,64,-268
2026-05-04T22:13:13.530Z,2026-05-04 18:13:13.530,122648,47,3768,-239,-170
2026-05-04T22:13:13.570Z,2026-05-04 18:13:13.570,122648,48,3790,-175,-205
2026-05-04T22:13:13.610Z,2026-05-04 18:13:13.610,122648,49,3822,44,76
2026-05-04T22:13:13.650Z,2026-05-04 18:13:13.650,122648,50,3822,226,317
2026-05-04T22:13:13.690Z,2026-05-04 18:13:13.690,122648,51,3849,221,213
2026-05-04T22:13:13.730Z,2026-05-04 18:13:13.730,122648,52,3816,-78,226
2026-05-04T22:13:13.770Z,2026-05-04 18:13:13.770,122648,53,3792,-209,113
2026-05-04T22:13:13.810Z,2026-05-04 18:13:13.810,122648,54,3800,-57,-6
2026-05-04T22:13:13.850Z,2026-05-04 18:13:13.850,122648,55,3819,136,112
2026-05-04T22:13:13.890Z,2026-05-04 18:13:13.890,122648,56,3833,272,-51
2026-05-04T22:13:13.930Z,2026-05-04 18:13:13.930,122648,57,3801,-88,-74
2026-05-04T22:13:13.970Z,2026-05-04 18:13:13.970,122648,58,3780,-394,-60
2026-05-04T22:13:14.010Z,2026-05-04 18:13:14.010,122648,59,3798,-93,-152
2026-05-04T22:13:14.050Z,2026-05-04 18:13:14.050,122648,60,3818,295,-27
2026-05-04T22:13:14.090Z,2026-05-04 18:13:14.090,122648,61,3835,355,138
2026-05-04T22:13:14.130Z,2026-05-04 18:13:14.130,122648,62,3856,47,219
2026-05-04T22:13:14.170Z,2026-05-04 18:13:14.170,122648,63,3784,-501,288
2026-05-04T22:13:14.210Z,2026-05-04 18:13:14.210,122648,64,3805,-162,22
2026-05-04T22:13:14.250Z,2026-05-04 18:13:14.250,122648,65,3832,381,-23
2026-05-04T22:13:14.290Z,2026-05-04 18:13:14.290,122648,66,3831,481,-22
2026-05-04T22:13:14.330Z,2026-05-04 18:13:14.330,122648,67,3825,-24,9
2026-05-04T22:13:14.370Z,2026-05-04 18:13:14.370,122648,68,3793,-459,96
2026-05-04T22:13:14.410Z,2026-05-04 18:13:14.410,122648,69,3776,-371,-109
2026-05-04T22:13:14.450Z,2026-05-04 18:13:14.450,122648,70,3792,229,-442
2026-05-04T22:13:14.490Z,2026-05-04 18:13:14.490,122648,71,3782,489,-738
2026-05-04T22:13:14.530Z,2026-05-04 18:13:14.530,122648,72,3738,130,-979
2026-05-04T22:13:14.570Z,2026-05-04 18:13:14.570,122648,73,3744,-233,-685
2026-05-04T22:13:14.610Z,2026-05-04 18:13:14.610,122648,74,3754,-52,-219
2026-05-04T22:13:14.650Z,2026-05-04 18:13:14.650,122648,75,3799,81,14
2026-05-04T22:13:14.690Z,2026-05-04 18:13:14.690,122648,76,3767,-175,297
2026-05-04T22:13:14.730Z,2026-05-04 18:13:14.730,122648,77,3780,-167,673
2026-05-04T22:13:14.770Z,2026-05-04 18:13:14.770,122648,78,3836,-88,1167
2026-05-04T22:13:14.810Z,2026-05-04 18:13:14.810,122648,79,3899,-161,2262
2026-05-04T22:13:14.850Z,2026-05-04 18:13:14.850,122648,80,3950,128,2925
2026-05-04T22:13:14.890Z,2026-05-04 18:13:14.890,122648,81,3950,-14,3111
2026-05-04T22:13:14.930Z,2026-05-04 18:13:14.930,122648,82,3855,-94,2212
2026-05-04T22:13:14.970Z,2026-05-04 18:13:14.970,122648,83,3708,43,294
2026-05-04T22:13:15.010Z,2026-05-04 18:13:15.010,122648,84,3636,118,-1367
2026-05-04T22:13:15.050Z,2026-05-04 18:13:15.050,122648,85,3601,-12,-2325
2026-05-04T22:13:15.090Z,2026-05-04 18:13:15.090,122648,86,3599,-166,-2777
2026-05-04T22:13:15.130Z,2026-05-04 18:13:15.130,122648,87,3598,0,-3039
2026-05-04T22:13:15.170Z,2026-05-04 18:13:15.170,122648,88,3597,93,-2550
2026-05-04T22:13:15.210Z,2026-05-04 18:13:15.210,122648,89,3637,173,-1357
2026-05-04T22:13:15.250Z,2026-05-04 18:13:15.250,122648,90,3739,-114,587
2026-05-04T22:13:15.290Z,2026-05-04 18:13:15.290,122648,91,3864,-377,2865
2026-05-04T22:13:15.330Z,2026-05-04 18:13:15.330,122648,92,4040,-349,5027
2026-05-04T22:13:15.370Z,2026-05-04 18:13:15.370,122648,93,4059,36,5231
2026-05-04T22:13:15.410Z,2026-05-04 18:13:15.410,122648,94,3878,88,3495
2026-05-04T22:13:15.450Z,2026-05-04 18:13:15.450,122648,95,3670,158,620
2026-05-04T22:13:15.490Z,2026-05-04 18:13:15.490,122648,96,3486,1,-2409
2026-05-04T22:13:15.530Z,2026-05-04 18:13:15.530,122648,97,3378,-367,-4730
2026-05-04T22:13:15.570Z,2026-05-04 18:13:15.570,122648,98,3388,107,-5624
2026-05-04T22:13:15.610Z,2026-05-04 18:13:15.610,122648,99,3437,225,-4303
2026-05-04T22:13:15.650Z,2026-05-04 18:13:15.650,122648,100,3530,-502,-843
2026-05-04T22:13:15.690Z,2026-05-04 18:13:15.690,122649,1,3893,-466,2810
2026-05-04T22:13:15.730Z,2026-05-04 18:13:15.730,122649,2,3984,-303,5286
2026-05-04T22:13:15.770Z,2026-05-04 18:13:15.770,122649,3,4119,475,4939
2026-05-04T22:13:15.810Z,2026-05-04 18:13:15.810,122649,4,4013,651,3647
2026-05-04T22:13:15.850Z,2026-05-04 18:13:15.850,122649,5,3744,30,1964
2026-05-04T22:13:15.890Z,2026-05-04 18:13:15.890,122649,6,3609,-466,-795
2026-05-04T22:13:15.930Z,2026-05-04 18:13:15.930,122649,7,3461,-789,-2676
2026-05-04T22:13:15.970Z,2026-05-04 18:13:15.970,122649,8,3438,-283,-4309
2026-05-04T22:13:16.010Z,2026-05-04 18:13:16.010,122649,9,3483,458,-4810
2026-05-04T22:13:16.050Z,2026-05-04 18:13:16.050,122649,10,3480,454,-3260
2026-05-04T22:13:16.090Z,2026-05-04 18:13:16.090,122649,11,3605,28,-1120
2026-05-04T22:13:16.130Z,2026-05-04 18:13:16.130,122649,12,3759,-657,1829
2026-05-04T22:13:16.170Z,2026-05-04 18:13:16.170,122649,13,3918,-746,4317
2026-05-04T22:13:16.210Z,2026-05-04 18:13:16.210,122649,14,4106,83,4818
2026-05-04T22:13:16.250Z,2026-05-04 18:13:16.250,122649,15,4045,717,4310
2026-05-04T22:13:16.290Z,2026-05-04 18:13:16.290,122649,16,3878,662,2330
2026-05-04T22:13:16.330Z,2026-05-04 18:13:16.330,122649,17,3667,-161,-178
2026-05-04T22:13:16.370Z,2026-05-04 18:13:16.370,122649,18,3475,-956,-2172
2026-05-04T22:13:16.410Z,2026-05-04 18:13:16.410,122649,19,3456,-704,-3957
2026-05-04T22:13:16.450Z,2026-05-04 18:13:16.450,122649,20,3486,71,-4363
2026-05-04T22:13:16.490Z,2026-05-04 18:13:16.490,122649,21,3530,682,-3479
2026-05-04T22:13:16.530Z,2026-05-04 18:13:16.530,122649,22,3624,586,-1712
2026-05-04T22:13:16.570Z,2026-05-04 18:13:16.570,122649,23,3713,-338,1039
2026-05-04T22:13:16.610Z,2026-05-04 18:13:16.610,122649,24,3881,-881,3290
2026-05-04T22:13:16.650Z,2026-05-04 18:13:16.650,122649,25,4023,-552,4487
2026-05-04T22:13:16.690Z,2026-05-04 18:13:16.690,122649,26,4039,383,4414
2026-05-04T22:13:16.730Z,2026-05-04 18:13:16.730,122649,27,3967,996,2711
2026-05-04T22:13:16.770Z,2026-05-04 18:13:16.770,122649,28,3750,402,640
2026-05-04T22:13:16.810Z,2026-05-04 18:13:16.810,122649,29,3547,-631,-1595
2026-05-04T22:13:16.850Z,2026-05-04 18:13:16.850,122649,30,3477,-982,-3417
2026-05-04T22:13:16.890Z,2026-05-04 18:13:16.890,122649,31,3474,-461,-4019
2026-05-04T22:13:16.930Z,2026-05-04 18:13:16.930,122649,32,3547,546,-3643
2026-05-04T22:13:16.970Z,2026-05-04 18:13:16.970,122649,33,3641,849,-2053
2026-05-04T22:13:17.010Z,2026-05-04 18:13:17.010,122649,34,3713,116,280
2026-05-04T22:13:17.050Z,2026-05-04 18:13:17.050,122649,35,3853,-740,2446
2026-05-04T22:13:17.090Z,2026-05-04 18:13:17.090,122649,36,3962,-889,4059
2026-05-04T22:13:17.130Z,2026-05-04 18:13:17.130,122649,37,4025,-61,4260
2026-05-04T22:13:17.170Z,2026-05-04 18:13:17.170,122649,38,4006,907,3085
2026-05-04T22:13:17.210Z,2026-05-04 18:13:17.210,122649,39,3817,786,1244
2026-05-04T22:13:17.250Z,2026-05-04 18:13:17.250,122649,40,3633,-195,-1008
2026-05-04T22:13:17.290Z,2026-05-04 18:13:17.290,122649,41,3501,-989,-2808
2026-05-04T22:13:17.330Z,2026-05-04 18:13:17.330,122649,42,3478,-823,-3752
2026-05-04T22:13:17.370Z,2026-05-04 18:13:17.370,122649,43,3551,198,-3657
2026-05-04T22:13:17.410Z,2026-05-04 18:13:17.410,122649,44,3626,841,-2338
2026-05-04T22:13:17.450Z,2026-05-04 18:13:17.450,122649,45,3708,557,-392
2026-05-04T22:13:17.490Z,2026-05-04 18:13:17.490,122649,46,3822,-416,1765
2026-05-04T22:13:17.530Z,2026-05-04 18:13:17.530,122649,47,3919,-968,3523
2026-05-04T22:13:17.570Z,2026-05-04 18:13:17.570,122649,48,4018,-417,4017
2026-05-04T22:13:17.610Z,2026-05-04 18:13:17.610,122649,49,4006,603,3329
2026-05-04T22:13:17.650Z,2026-05-04 18:13:17.650,122649,50,3882,959,1673
2026-05-04T22:13:17.690Z,2026-05-04 18:13:17.690,122649,51,3710,237,-423
2026-05-04T22:13:17.730Z,2026-05-04 18:13:17.730,122649,52,3553,-766,-2225
2026-05-04T22:13:17.770Z,2026-05-04 18:13:17.770,122649,53,3497,-963,-3427
2026-05-04T22:13:17.810Z,2026-05-04 18:13:17.810,122649,54,3526,-191,-3578
2026-05-04T22:13:17.850Z,2026-05-04 18:13:17.850,122649,55,3607,683,-2598
2026-05-04T22:13:17.890Z,2026-05-04 18:13:17.890,122649,56,3717,781,-906
2026-05-04T22:13:17.930Z,2026-05-04 18:13:17.930,122649,57,3796,-53,1190
2026-05-04T22:13:17.970Z,2026-05-04 18:13:17.970,122649,58,3888,-855,2939
2026-05-04T22:13:18.010Z,2026-05-04 18:13:18.010,122649,59,3988,-696,3742
2026-05-04T22:13:18.050Z,2026-05-04 18:13:18.050,122649,60,4007,203,3439
2026-05-04T22:13:18.090Z,2026-05-04 18:13:18.090,122649,61,3925,930,2011
2026-05-04T22:13:18.130Z,2026-05-04 18:13:18.130,122649,62,3763,570,127
2026-05-04T22:13:18.170Z,2026-05-04 18:13:18.170,122649,63,3611,-435,-1685
2026-05-04T22:13:18.210Z,2026-05-04 18:13:18.210,122649,64,3528,-947,-3046
2026-05-04T22:13:18.250Z,2026-05-04 18:13:18.250,122649,65,3528,-534,-3384
2026-05-04T22:13:18.290Z,2026-05-04 18:13:18.290,122649,66,3601,408,-2768
2026-05-04T22:13:18.330Z,2026-05-04 18:13:18.330,122649,67,3693,815,-1303
2026-05-04T22:13:18.370Z,2026-05-04 18:13:18.370,122649,68,3783,281,615
2026-05-04T22:13:18.410Z,2026-05-04 18:13:18.410,122649,69,3874,-584,2350
2026-05-04T22:13:18.450Z,2026-05-04 18:13:18.450,122649,70,3960,-811,3451
2026-05-04T22:13:18.490Z,2026-05-04 18:13:18.490,122649,71,3981,-134,3430
2026-05-04T22:13:18.530Z,2026-05-04 18:13:18.530,122649,72,3947,727,2294
2026-05-04T22:13:18.570Z,2026-05-04 18:13:18.570,122649,73,3812,740,622
2026-05-04T22:13:18.610Z,2026-05-04 18:13:18.610,122649,74,3654,-92,-1190
2026-05-04T22:13:18.650Z,2026-05-04 18:13:18.650,122649,75,3562,-808,-2604
2026-05-04T22:13:18.690Z,2026-05-04 18:13:18.690,122649,76,3543,-711,-3198
2026-05-04T22:13:18.730Z,2026-05-04 18:13:18.730,122649,77,3594,133,-2856
2026-05-04T22:13:18.770Z,2026-05-04 18:13:18.770,122649,78,3693,726,-1607
2026-05-04T22:13:18.810Z,2026-05-04 18:13:18.810,122649,79,3771,502,120
2026-05-04T22:13:18.850Z,2026-05-04 18:13:18.850,122649,80,3844,-326,1836
2026-05-04T22:13:18.890Z,2026-05-04 18:13:18.890,122649,81,3921,-778,3090
2026-05-04T22:13:18.930Z,2026-05-04 18:13:18.930,122649,82,3978,-360,3297
2026-05-04T22:13:18.970Z,2026-05-04 18:13:18.970,122649,83,3968,501,2519
2026-05-04T22:13:19.010Z,2026-05-04 18:13:19.010,122649,84,3851,771,1023
2026-05-04T22:13:19.050Z,2026-05-04 18:13:19.050,122649,85,3720,179,-722
2026-05-04T22:13:19.090Z,2026-05-04 18:13:19.090,122649,86,3584,-632,-2156
2026-05-04T22:13:19.130Z,2026-05-04 18:13:19.130,122649,87,3560,-759,-2956
2026-05-04T22:13:19.170Z,2026-05-04 18:13:19.170,122649,88,3597,-114,-2857
2026-05-04T22:13:19.210Z,2026-05-04 18:13:19.210,122649,89,3668,581,-1844
2026-05-04T22:13:19.250Z,2026-05-04 18:13:19.250,122649,90,3759,596,-306
2026-05-04T22:13:19.290Z,2026-05-04 18:13:19.290,122649,91,3840,-89,1395
2026-05-04T22:13:19.330Z,2026-05-04 18:13:19.330,122649,92,3904,-680,2706
2026-05-04T22:13:19.370Z,2026-05-04 18:13:19.370,122649,93,3965,-491,3147
2026-05-04T22:13:19.410Z,2026-05-04 18:13:19.410,122649,94,3962,257,2647
2026-05-04T22:13:19.450Z,2026-05-04 18:13:19.450,122649,95,3881,733,1345
2026-05-04T22:13:19.490Z,2026-05-04 18:13:19.490,122649,96,3760,361,-294
2026-05-04T22:13:19.530Z,2026-05-04 18:13:19.530,122649,97,3629,-427,-1740
2026-05-04T22:13:19.570Z,2026-05-04 18:13:19.570,122649,98,3578,-730,-2706
2026-05-04T22:13:19.610Z,2026-05-04 18:13:19.610,122649,99,3578,-300,-2786
2026-05-04T22:13:19.650Z,2026-05-04 18:13:19.650,122649,100,3653,433,-2044
2026-05-04T22:13:19.690Z,2026-05-04 18:13:19.690,122650,1,3749,616,-680
2026-05-04T22:13:19.730Z,2026-05-04 18:13:19.730,122650,2,3819,79,971
2026-05-04T22:13:19.770Z,2026-05-04 18:13:19.770,122650,3,3882,-544,2291
2026-05-04T22:13:19.810Z,2026-05-04 18:13:19.810,122650,4,3943,-550,2960
2026-05-04T22:13:19.850Z,2026-05-04 18:13:19.850,122650,5,3953,58,2696
2026-05-04T22:13:19.890Z,2026-05-04 18:13:19.890,122650,6,3905,650,1579
2026-05-04T22:13:19.930Z,2026-05-04 18:13:19.930,122650,7,3782,471,126
2026-05-04T22:13:19.970Z,2026-05-04 18:13:19.970,122650,8,3661,-222,-1354
2026-05-04T22:13:20.010Z,2026-05-04 18:13:20.010,122650,9,3589,-676,-2397
2026-05-04T22:13:20.050Z,2026-05-04 18:13:20.050,122650,10,3606,-425,-2672
2026-05-04T22:13:20.090Z,2026-05-04 18:13:20.090,122650,11,3670,287,-2170
2026-05-04T22:13:20.130Z,2026-05-04 18:13:20.130,122650,12,3733,591,-969
2026-05-04T22:13:20.170Z,2026-05-04 18:13:20.170,122650,13,3815,227,541
2026-05-04T22:13:20.210Z,2026-05-04 18:13:20.210,122650,14,3875,-409,1896
2026-05-04T22:13:20.250Z,2026-05-04 18:13:20.250,122650,15,3937,-569,2729
2026-05-04T22:13:20.290Z,2026-05-04 18:13:20.290,122650,16,3962,-79,2671
2026-05-04T22:13:20.330Z,2026-05-04 18:13:20.330,122650,17,3919,523,1789
2026-05-04T22:13:20.370Z,2026-05-04 18:13:20.370,122650,18,3813,514,466
2026-05-04T22:13:20.410Z,2026-05-04 18:13:20.410,122650,19,3703,-68,-970
2026-05-04T22:13:20.450Z,2026-05-04 18:13:20.450,122650,20,3619,-602,-2059
2026-05-04T22:13:20.490Z,2026-05-04 18:13:20.490,122650,21,3597,-492,-2516
2026-05-04T22:13:20.530Z,2026-05-04 18:13:20.530,122650,22,3671,145,-2244
2026-05-04T22:13:20.570Z,2026-05-04 18:13:20.570,122650,23,3720,558,-1218
2026-05-04T22:13:20.610Z,2026-05-04 18:13:20.610,122650,24,3793,307,170
2026-05-04T22:13:20.650Z,2026-05-04 18:13:20.650,122650,25,3858,-297,1538
2026-05-04T22:13:20.690Z,2026-05-04 18:13:20.690,122650,26,3918,-563,2473
2026-05-04T22:13:20.730Z,2026-05-04 18:13:20.730,122650,27,3943,-165,2578
2026-05-04T22:13:20.770Z,2026-05-04 18:13:20.770,122650,28,3933,416,1951
2026-05-04T22:13:20.810Z,2026-05-04 18:13:20.810,122650,29,3848,546,742
2026-05-04T22:13:20.850Z,2026-05-04 18:13:20.850,122650,30,3726,26,-623
2026-05-04T22:13:20.890Z,2026-05-04 18:13:20.890,122650,31,3649,-519,-1747
2026-05-04T22:13:20.930Z,2026-05-04 18:13:20.930,122650,32,3615,-489,-2360
2026-05-04T22:13:20.970Z,2026-05-04 18:13:20.970,122650,33,3648,42,-2229
2026-05-04T22:13:21.010Z,2026-05-04 18:13:21.010,122650,34,3719,489,-1415
2026-05-04T22:13:21.050Z,2026-05-04 18:13:21.050,122650,35,3778,378,-160
2026-05-04T22:13:21.090Z,2026-05-04 18:13:21.090,122650,36,3833,-198,1189
2026-05-04T22:13:21.130Z,2026-05-04 18:13:21.130,122650,37,3900,-522,2176
2026-05-04T22:13:21.170Z,2026-05-04 18:13:21.170,122650,38,3934,-242,2483
2026-05-04T22:13:21.210Z,2026-05-04 18:13:21.210,122650,39,3934,324,2047
2026-05-04T22:13:21.250Z,2026-05-04 18:13:21.250,122650,40,3869,556,982
2026-05-04T22:13:21.290Z,2026-05-04 18:13:21.290,122650,41,3761,136,-308
2026-05-04T22:13:21.330Z,2026-05-04 18:13:21.330,122650,42,3688,-423,-1465
2026-05-04T22:13:21.370Z,2026-05-04 18:13:21.370,122650,43,3626,-518,-2152
2026-05-04T22:13:21.410Z,2026-05-04 18:13:21.410,122650,44,3642,-60,-2163
2026-05-04T22:13:21.450Z,2026-05-04 18:13:21.450,122650,45,3720,442,-1555
2026-05-04T22:13:21.490Z,2026-05-04 18:13:21.490,122650,46,3778,425,-430
2026-05-04T22:13:21.530Z,2026-05-04 18:13:21.530,122650,47,3825,-91,850
2026-05-04T22:13:21.570Z,2026-05-04 18:13:21.570,122650,48,3877,-485,1878
2026-05-04T22:13:21.610Z,2026-05-04 18:13:21.610,122650,49,3929,-326,2346
2026-05-04T22:13:21.650Z,2026-05-04 18:13:21.650,122650,50,3942,224,2071
2026-05-04T22:13:21.690Z,2026-05-04 18:13:21.690,122650,51,3911,554,1175
2026-05-04T22:13:21.730Z,2026-05-04 18:13:21.730,122650,52,3796,233,-9
2026-05-04T22:13:21.770Z,2026-05-04 18:13:21.770,122650,53,3693,-326,-1147
2026-05-04T22:13:21.810Z,2026-05-04 18:13:21.810,122650,54,3644,-526,-1917
2026-05-04T22:13:21.850Z,2026-05-04 18:13:21.850,122650,55,3655,-163,-2110
2026-05-04T22:13:21.890Z,2026-05-04 18:13:21.890,122650,56,3706,374,-1649
2026-05-04T22:13:21.930Z,2026-05-04 18:13:21.930,122650,57,3769,451,-663
2026-05-04T22:13:21.970Z,2026-05-04 18:13:21.970,122650,58,3817,11,544
2026-05-04T22:13:22.010Z,2026-05-04 18:13:22.010,122650,59,3873,-423,1611
2026-05-04T22:13:22.050Z,2026-05-04 18:13:22.050,122650,60,3923,-376,2191
2026-05-04T22:13:22.090Z,2026-05-04 18:13:22.090,122650,61,3945,128,2071
2026-05-04T22:13:22.130Z,2026-05-04 18:13:22.130,122650,62,3896,502,1339
2026-05-04T22:13:22.170Z,2026-05-04 18:13:22.170,122650,63,3796,314,266
2026-05-04T22:13:22.210Z,2026-05-04 18:13:22.210,122650,64,3711,-226,-863
2026-05-04T22:13:22.250Z,2026-05-04 18:13:22.250,122650,65,3650,-524,-1706
2026-05-04T22:13:22.290Z,2026-05-04 18:13:22.290,122650,66,3655,-241,-2013
2026-05-04T22:13:22.330Z,2026-05-04 18:13:22.330,122650,67,3690,281,-1713
2026-05-04T22:13:22.370Z,2026-05-04 18:13:22.370,122650,68,3754,464,-847
2026-05-04T22:13:22.410Z,2026-05-04 18:13:22.410,122650,69,3814,114,266
2026-05-04T22:13:22.450Z,2026-05-04 18:13:22.450,122650,70,3858,-367,1323
2026-05-04T22:13:22.490Z,2026-05-04 18:13:22.490,122650,71,3903,-414,1986
2026-05-04T22:13:22.530Z,2026-05-04 18:13:22.530,122650,72,3926,12,2026
2026-05-04T22:13:22.570Z,2026-05-04 18:13:22.570,122650,73,3916,447,1476
2026-05-04T22:13:22.610Z,2026-05-04 18:13:22.610,122650,74,3839,374,493
2026-05-04T22:13:22.650Z,2026-05-04 18:13:22.650,122650,75,3733,-116,-604
2026-05-04T22:13:22.690Z,2026-05-04 18:13:22.690,122650,76,3661,-485,-1468
2026-05-04T22:13:22.730Z,2026-05-04 18:13:22.730,122650,77,3661,-315,-1892
2026-05-04T22:13:22.770Z,2026-05-04 18:13:22.770,122650,78,3691,196,-1716
2026-05-04T22:13:22.810Z,2026-05-04 18:13:22.810,122650,79,3749,461,-1007
2026-05-04T22:13:22.850Z,2026-05-04 18:13:22.850,122650,80,3795,199,15
2026-05-04T22:13:22.890Z,2026-05-04 18:13:22.890,122650,81,3841,-295,1064
2026-05-04T22:13:22.930Z,2026-05-04 18:13:22.930,122650,82,3890,-424,1797
2026-05-04T22:13:22.970Z,2026-05-04 18:13:22.970,122650,83,3920,-84,1963
2026-05-04T22:13:23.010Z,2026-05-04 18:13:23.010,122650,84,3924,395,1536
2026-05-04T22:13:23.050Z,2026-05-04 18:13:23.050,122650,85,3852,420,676
2026-05-04T22:13:23.090Z,2026-05-04 18:13:23.090,122650,86,3767,-12,-354
2026-05-04T22:13:23.130Z,2026-05-04 18:13:23.130,122650,87,3686,-442,-1235
2026-05-04T22:13:23.170Z,2026-05-04 18:13:23.170,122650,88,3667,-372,-1729
2026-05-04T22:13:23.210Z,2026-05-04 18:13:23.210,122650,89,3699,92,-1699
2026-05-04T22:13:23.250Z,2026-05-04 18:13:23.250,122650,90,3739,429,-1135
2026-05-04T22:13:23.290Z,2026-05-04 18:13:23.290,122650,91,3785,268,-200
2026-05-04T22:13:23.330Z,2026-05-04 18:13:23.330,122650,92,3844,-207,816
2026-05-04T22:13:23.370Z,2026-05-04 18:13:23.370,122650,93,3880,-430,1589
2026-05-04T22:13:23.410Z,2026-05-04 18:13:23.410,122650,94,3900,-163,1877
2026-05-04T22:13:23.450Z,2026-05-04 18:13:23.450,122650,95,3921,319,1579
2026-05-04T22:13:23.490Z,2026-05-04 18:13:23.490,122650,96,3875,436,832
2026-05-04T22:13:23.530Z,2026-05-04 18:13:23.530,122650,97,3792,85,-130
2026-05-04T22:13:23.570Z,2026-05-04 18:13:23.570,122650,98,3715,-377,-1017
2026-05-04T22:13:23.610Z,2026-05-04 18:13:23.610,122650,99,3688,-398,-1591
2026-05-04T22:13:23.650Z,2026-05-04 18:13:23.650,122650,100,3688,-3,-1668
2026-05-04T22:13:23.690Z,2026-05-04 18:13:23.690,122651,1,3730,384,-1222
2026-05-04T22:13:23.730Z,2026-05-04 18:13:23.730,122651,2,3772,319,-394
2026-05-04T22:13:23.770Z,2026-05-04 18:13:23.770,122651,3,3824,-109,585
2026-05-04T22:13:23.810Z,2026-05-04 18:13:23.810,122651,4,3854,-402,1390
2026-05-04T22:13:23.850Z,2026-05-04 18:13:23.850,122651,5,3894,-226,1753
2026-05-04T22:13:23.890Z,2026-05-04 18:13:23.890,122651,6,3921,209,1595
2026-05-04T22:13:23.930Z,2026-05-04 18:13:23.930,122651,7,3884,438,960
2026-05-04T22:13:23.970Z,2026-05-04 18:13:23.970,122651,8,3798,157,81
2026-05-04T22:13:24.010Z,2026-05-04 18:13:24.010,122651,9,3724,-285,-810
2026-05-04T22:13:24.050Z,2026-05-04 18:13:24.050,122651,10,3683,-412,-1432
2026-05-04T22:13:24.090Z,2026-05-04 18:13:24.090,122651,11,3697,-96,-1591
2026-05-04T22:13:24.130Z,2026-05-04 18:13:24.130,122651,12,3745,318,-1280
2026-05-04T22:13:24.170Z,2026-05-04 18:13:24.170,122651,13,3792,360,-552
2026-05-04T22:13:24.210Z,2026-05-04 18:13:24.210,122651,14,3822,-31,376
2026-05-04T22:13:24.250Z,2026-05-04 18:13:24.250,122651,15,3852,-367,1197
2026-05-04T22:13:24.290Z,2026-05-04 18:13:24.290,122651,16,3891,-279,1628
2026-05-04T22:13:24.330Z,2026-05-04 18:13:24.330,122651,17,3914,147,1587
2026-05-04T22:13:24.370Z,2026-05-04 18:13:24.370,122651,18,3884,413,1060
2026-05-04T22:13:24.410Z,2026-05-04 18:13:24.410,122651,19,3813,230,238
2026-05-04T22:13:24.450Z,2026-05-04 18:13:24.450,122651,20,3756,-197,-603
2026-05-04T22:13:24.490Z,2026-05-04 18:13:24.490,122651,21,3697,-401,-1264
2026-05-04T22:13:24.530Z,2026-05-04 18:13:24.530,122651,22,3701,-146,-1519
2026-05-04T22:13:24.570Z,2026-05-04 18:13:24.570,122651,23,3727,261,-1290
2026-05-04T22:13:24.610Z,2026-05-04 18:13:24.610,122651,24,3770,351,-671
2026-05-04T22:13:24.650Z,2026-05-04 18:13:24.650,122651,25,3800,59,168
2026-05-04T22:13:24.690Z,2026-05-04 18:13:24.690,122651,26,3846,-287,996
2026-05-04T22:13:24.730Z,2026-05-04 18:13:24.730,122651,27,3868,-306,1513
2026-05-04T22:13:24.770Z,2026-05-04 18:13:24.770,122651,28,3914,51,1549
2026-05-04T22:13:24.810Z,2026-05-04 18:13:24.810,122651,29,3896,384,1121
2026-05-04T22:13:24.850Z,2026-05-04 18:13:24.850,122651,30,3837,281,394
2026-05-04T22:13:24.890Z,2026-05-04 18:13:24.890,122651,31,3755,-119,-429
2026-05-04T22:13:24.930Z,2026-05-04 18:13:24.930,122651,32,3704,-381,-1105
2026-05-04T22:13:24.970Z,2026-05-04 18:13:24.970,122651,33,3696,-206,-1413
2026-05-04T22:13:25.010Z,2026-05-04 18:13:25.010,122651,34,3727,183,-1310
2026-05-04T22:13:25.050Z,2026-05-04 18:13:25.050,122651,35,3766,368,-763
2026-05-04T22:13:25.090Z,2026-05-04 18:13:25.090,122651,36,3802,126,9
2026-05-04T22:13:25.130Z,2026-05-04 18:13:25.130,122651,37,3843,-256,800
2026-05-04T22:13:25.170Z,2026-05-04 18:13:25.170,122651,38,3860,-327,1372
2026-05-04T22:13:25.210Z,2026-05-04 18:13:25.210,122651,39,3890,-18,1497
2026-05-04T22:13:25.250Z,2026-05-04 18:13:25.250,122651,40,3889,342,1179
2026-05-04T22:13:25.290Z,2026-05-04 18:13:25.290,122651,41,3853,316,539
2026-05-04T22:13:25.330Z,2026-05-04 18:13:25.330,122651,42,3778,-52,-251
2026-05-04T22:13:25.370Z,2026-05-04 18:13:25.370,122651,43,3717,-347,-928
2026-05-04T22:13:25.410Z,2026-05-04 18:13:25.410,122651,44,3709,-247,-1321
2026-05-04T22:13:25.450Z,2026-05-04 18:13:25.450,122651,45,3719,108,-1303
2026-05-04T22:13:25.490Z,2026-05-04 18:13:25.490,122651,46,3768,335,-859
2026-05-04T22:13:25.530Z,2026-05-04 18:13:25.530,122651,47,3796,179,-141
2026-05-04T22:13:25.570Z,2026-05-04 18:13:25.570,122651,48,3835,-178,631
2026-05-04T22:13:25.610Z,2026-05-04 18:13:25.610,122651,49,3858,-326,1235
2026-05-04T22:13:25.650Z,2026-05-04 18:13:25.650,122651,50,3892,-80,1426
2026-05-04T22:13:25.690Z,2026-05-04 18:13:25.690,122651,51,3884,261,1211
2026-05-04T22:13:25.730Z,2026-05-04 18:13:25.730,122651,52,3860,343,638
2026-05-04T22:13:25.770Z,2026-05-04 18:13:25.770,122651,53,3782,19,-98
2026-05-04T22:13:25.810Z,2026-05-04 18:13:25.810,122651,54,3721,-297,-769
2026-05-04T22:13:25.850Z,2026-05-04 18:13:25.850,122651,55,3706,-280,-1207
2026-05-04T22:13:25.890Z,2026-05-04 18:13:25.890,122651,56,3729,54,-1264
2026-05-04T22:13:25.930Z,2026-05-04 18:13:25.930,122651,57,3762,319,-912
2026-05-04T22:13:25.970Z,2026-05-04 18:13:25.970,122651,58,3799,217,-275
2026-05-04T22:13:26.010Z,2026-05-04 18:13:26.010,122651,59,3825,-107,483
2026-05-04T22:13:26.050Z,2026-05-04 18:13:26.050,122651,60,3852,-306,1082
2026-05-04T22:13:26.090Z,2026-05-04 18:13:26.090,122651,61,3891,-130,1363
2026-05-04T22:13:26.130Z,2026-05-04 18:13:26.130,122651,62,3895,217,1208
2026-05-04T22:13:26.170Z,2026-05-04 18:13:26.170,122651,63,3856,325,717
2026-05-04T22:13:26.210Z,2026-05-04 18:13:26.210,122651,64,3799,92,42
2026-05-04T22:13:26.250Z,2026-05-04 18:13:26.250,122651,65,3732,-238,-638
2026-05-04T22:13:26.290Z,2026-05-04 18:13:26.290,122651,66,3727,-288,-1096
2026-05-04T22:13:26.330Z,2026-05-04 18:13:26.330,122651,67,3737,-15,-1219
2026-05-04T22:13:26.370Z,2026-05-04 18:13:26.370,122651,68,3762,274,-961
2026-05-04T22:13:26.410Z,2026-05-04 18:13:26.410,122651,69,3778,271,-386
2026-05-04T22:13:26.450Z,2026-05-04 18:13:26.450,122651,70,3817,-53,310
2026-05-04T22:13:26.490Z,2026-05-04 18:13:26.490,122651,71,3842,-278,940
2026-05-04T22:13:26.530Z,2026-05-04 18:13:26.530,122651,72,3881,-175,1264
2026-05-04T22:13:26.570Z,2026-05-04 18:13:26.570,122651,73,3899,144,1200
2026-05-04T22:13:26.610Z,2026-05-04 18:13:26.610,122651,74,3880,314,791
2026-05-04T22:13:26.650Z,2026-05-04 18:13:26.650,122651,75,3810,151,183
2026-05-04T22:13:26.690Z,2026-05-04 18:13:26.690,122651,76,3766,-190,-481
2026-05-04T22:13:26.730Z,2026-05-04 18:13:26.730,122651,77,3730,-304,-982
2026-05-04T22:13:26.770Z,2026-05-04 18:13:26.770,122651,78,3731,-68,-1157
2026-05-04T22:13:26.810Z,2026-05-04 18:13:26.810,122651,79,3749,227,-976
2026-05-04T22:13:26.850Z,2026-05-04 18:13:26.850,122651,80,3775,262,-467
2026-05-04T22:13:26.890Z,2026-05-04 18:13:26.890,122651,81,3803,-1,188
2026-05-04T22:13:26.930Z,2026-05-04 18:13:26.930,122651,82,3833,-244,795
2026-05-04T22:13:26.970Z,2026-05-04 18:13:26.970,122651,83,3860,-186,1178
2026-05-04T22:13:27.010Z,2026-05-04 18:13:27.010,122651,84,3885,85,1193
2026-05-04T22:13:27.050Z,2026-05-04 18:13:27.050,122651,85,3875,288,845
2026-05-04T22:13:27.090Z,2026-05-04 18:13:27.090,122651,86,3820,183,279
2026-05-04T22:13:27.130Z,2026-05-04 18:13:27.130,122651,87,3779,-124,-355
2026-05-04T22:13:27.170Z,2026-05-04 18:13:27.170,122651,88,3729,-265,-869
2026-05-04T22:13:27.210Z,2026-05-04 18:13:27.210,122651,89,3721,-132,-1110
2026-05-04T22:13:27.250Z,2026-05-04 18:13:27.250,122651,90,3743,170,-990
2026-05-04T22:13:27.290Z,2026-05-04 18:13:27.290,122651,91,3786,255,-549
2026-05-04T22:13:27.330Z,2026-05-04 18:13:27.330,122651,92,3809,65,84
2026-05-04T22:13:27.370Z,2026-05-04 18:13:27.370,122651,93,3836,-163,687
2026-05-04T22:13:27.410Z,2026-05-04 18:13:27.410,122651,94,3865,-196,1096
2026-05-04T22:13:27.450Z,2026-05-04 18:13:27.450,122651,95,3877,21,1170
2026-05-04T22:13:27.490Z,2026-05-04 18:13:27.490,122651,96,3883,209,888
2026-05-04T22:13:27.530Z,2026-05-04 18:13:27.530,122651,97,3832,197,370
2026-05-04T22:13:27.570Z,2026-05-04 18:13:27.570,122651,98,3789,-24,-235
2026-05-04T22:13:27.610Z,2026-05-04 18:13:27.610,122651,99,3752,-171,-766
2026-05-04T22:13:27.650Z,2026-05-04 18:13:27.650,122651,100,3728,-151,-1024
2026-05-04T22:13:27.690Z,2026-05-04 18:13:27.690,122652,1,3748,40,-991
2026-05-04T22:13:27.730Z,2026-05-04 18:13:27.730,122652,2,3773,194,-633
2026-05-04T22:13:27.770Z,2026-05-04 18:13:27.770,122652,3,3804,123,-59
2026-05-04T22:13:27.810Z,2026-05-04 18:13:27.810,122652,4,3832,-57,523
2026-05-04T22:13:27.850Z,2026-05-04 18:13:27.850,122652,5,3852,-197,973
2026-05-04T22:13:27.890Z,2026-05-04 18:13:27.890,122652,6,3870,-105,1119
2026-05-04T22:13:27.930Z,2026-05-04 18:13:27.930,122652,7,3877,120,931
2026-05-04T22:13:27.970Z,2026-05-04 18:13:27.970,122652,8,3841,207,467
2026-05-04T22:13:28.010Z,2026-05-04 18:13:28.010,122652,9,3800,83,-100
2026-05-04T22:13:28.050Z,2026-05-04 18:13:28.050,122652,10,3757,-93,-602
2026-05-04T22:13:28.090Z,2026-05-04 18:13:28.090,122652,11,3739,-151,-918
2026-05-04T22:13:28.130Z,2026-05-04 18:13:28.130,122652,12,3730,-99,-932
2026-05-04T22:13:28.170Z,2026-05-04 18:13:28.170,122652,13,3768,61,-673
2026-05-04T22:13:28.210Z,2026-05-04 18:13:28.210,122652,14,3796,158,-204
2026-05-04T22:13:28.250Z,2026-05-04 18:13:28.250,122652,15,3821,99,343
2026-05-04T22:13:28.290Z,2026-05-04 18:13:28.290,122652,16,3857,-40,801
2026-05-04T22:13:28.330Z,2026-05-04 18:13:28.330,122652,17,3865,-120,991
2026-05-04T22:13:28.370Z,2026-05-04 18:13:28.370,122652,18,3857,-55,931
2026-05-04T22:13:28.410Z,2026-05-04 18:13:28.410,122652,19,3850,75,608
2026-05-04T22:13:28.450Z,2026-05-04 18:13:28.450,122652,20,3822,130,92
2026-05-04T22:13:28.490Z,2026-05-04 18:13:28.490,122652,21,3779,44,-372
2026-05-04T22:13:28.530Z,2026-05-04 18:13:28.530,122652,22,3745,-53,-759
2026-05-04T22:13:28.570Z,2026-05-04 18:13:28.570,122652,23,3751,-83,-885
2026-05-04T22:13:28.610Z,2026-05-04 18:13:28.610,122652,24,3764,-24,-710
2026-05-04T22:13:28.650Z,2026-05-04 18:13:28.650,122652,25,3786,65,-341
2026-05-04T22:13:28.690Z,2026-05-04 18:13:28.690,122652,26,3825,94,162
2026-05-04T22:13:28.730Z,2026-05-04 18:13:28.730,122652,27,3837,25,628
2026-05-04T22:13:28.770Z,2026-05-04 18:13:28.770,122652,28,3868,-44,888
2026-05-04T22:13:28.810Z,2026-05-04 18:13:28.810,122652,29,3858,-62,940
2026-05-04T22:13:28.850Z,2026-05-04 18:13:28.850,122652,30,3844,30,658
2026-05-04T22:13:28.890Z,2026-05-04 18:13:28.890,122652,31,3821,79,220
2026-05-04T22:13:28.930Z,2026-05-04 18:13:28.930,122652,32,3796,57,-230
2026-05-04T22:13:28.970Z,2026-05-04 18:13:28.970,122652,33,3779,-8,-629
2026-05-04T22:13:29.010Z,2026-05-04 18:13:29.010,122652,34,3749,-72,-808
2026-05-04T22:13:29.050Z,2026-05-04 18:13:29.050,122652,35,3766,-32,-738
2026-05-04T22:13:29.090Z,2026-05-04 18:13:29.090,122652,36,3783,26,-438
2026-05-04T22:13:29.130Z,2026-05-04 18:13:29.130,122652,37,3804,68,57
2026-05-04T22:13:29.170Z,2026-05-04 18:13:29.170,122652,38,3842,39,491
2026-05-04T22:13:29.210Z,2026-05-04 18:13:29.210,122652,39,3867,-13,807
2026-05-04T22:13:29.250Z,2026-05-04 18:13:29.250,122652,40,3854,-35,892
2026-05-04T22:13:29.290Z,2026-05-04 18:13:29.290,122652,41,3844,-4,702
2026-05-04T22:13:29.330Z,2026-05-04 18:13:29.330,122652,42,3820,39,334
2026-05-04T22:13:29.370Z,2026-05-04 18:13:29.370,122652,43,3805,46,-127
2026-05-04T22:13:29.410Z,2026-05-04 18:13:29.410,122652,44,3776,21,-522
2026-05-04T22:13:29.450Z,2026-05-04 18:13:29.450,122652,45,3759,-22,-734
2026-05-04T22:13:29.490Z,2026-05-04 18:13:29.490,122652,46,3744,-33,-721
2026-05-04T22:13:29.530Z,2026-05-04 18:13:29.530,122652,47,3762,4,-482
2026-05-04T22:13:29.570Z,2026-05-04 18:13:29.570,122652,48,3809,43,-71
2026-05-04T22:13:29.610Z,2026-05-04 18:13:29.610,122652,49,3832,27,357
2026-05-04T22:13:29.650Z,2026-05-04 18:13:29.650,122652,50,3859,3,727
2026-05-04T22:13:29.690Z,2026-05-04 18:13:29.690,122652,51,3854,-27,838
2026-05-04T22:13:29.730Z,2026-05-04 18:13:29.730,122652,52,3857,-1,720
2026-05-04T22:13:29.770Z,2026-05-04 18:13:29.770,122652,53,3838,32,416
2026-05-04T22:13:29.810Z,2026-05-04 18:13:29.810,122652,54,3794,36,-22
2026-05-04T22:13:29.850Z,2026-05-04 18:13:29.850,122652,55,3781,1,-406
2026-05-04T22:13:29.890Z,2026-05-04 18:13:29.890,122652,56,3763,-8,-656
2026-05-04T22:13:29.930Z,2026-05-04 18:13:29.930,122652,57,3773,-11,-701
2026-05-04T22:13:29.970Z,2026-05-04 18:13:29.970,122652,58,3784,10,-501
2026-05-04T22:13:30.010Z,2026-05-04 18:13:30.010,122652,59,3799,38,-152
2026-05-04T22:13:30.050Z,2026-05-04 18:13:30.050,122652,60,3827,36,262
2026-05-04T22:13:30.090Z,2026-05-04 18:13:30.090,122652,61,3845,12,613
2026-05-04T22:13:30.130Z,2026-05-04 18:13:30.130,122652,62,3854,-3,776
2026-05-04T22:13:30.170Z,2026-05-04 18:13:30.170,122652,63,3865,-8,728
2026-05-04T22:13:30.210Z,2026-05-04 18:13:30.210,122652,64,3835,24,483
2026-05-04T22:13:30.250Z,2026-05-04 18:13:30.250,122652,65,3820,37,74
2026-05-04T22:13:30.290Z,2026-05-04 18:13:30.290,122652,66,3794,19,-306
2026-05-04T22:13:30.330Z,2026-05-04 18:13:30.330,122652,67,3765,-3,-581
2026-05-04T22:13:30.370Z,2026-05-04 18:13:30.370,122652,68,3761,-7,-673
2026-05-04T22:13:30.410Z,2026-05-04 18:13:30.410,122652,69,3769,9,-538
2026-05-04T22:13:30.450Z,2026-05-04 18:13:30.450,122652,70,3797,19,-233
2026-05-04T22:13:30.490Z,2026-05-04 18:13:30.490,122652,71,3820,25,147
2026-05-04T22:13:30.530Z,2026-05-04 18:13:30.530,122652,72,3847,17,519
2026-05-04T22:13:30.570Z,2026-05-04 18:13:30.570,122652,73,3861,-2,724
2026-05-04T22:13:30.610Z,2026-05-04 18:13:30.610,122652,74,3863,14,716
2026-05-04T22:13:30.650Z,2026-05-04 18:13:30.650,122652,75,3839,28,519
2026-05-04T22:13:30.690Z,2026-05-04 18:13:30.690,122652,76,3825,30,154
2026-05-04T22:13:30.730Z,2026-05-04 18:13:30.730,122652,77,3797,-5,-204
2026-05-04T22:13:30.770Z,2026-05-04 18:13:30.770,122652,78,3754,-12,-504
2026-05-04T22:13:30.810Z,2026-05-04 18:13:30.810,122652,79,3769,-9,-636
2026-05-04T22:13:30.850Z,2026-05-04 18:13:30.850,122652,80,3760,13,-548
2026-05-04T22:13:30.890Z,2026-05-04 18:13:30.890,122652,81,3786,41,-295
2026-05-04T22:13:30.930Z,2026-05-04 18:13:30.930,122652,82,3805,27,78
2026-05-04T22:13:30.970Z,2026-05-04 18:13:30.970,122652,83,3837,12,437
2026-05-04T22:13:31.010Z,2026-05-04 18:13:31.010,122652,84,3844,8,658
2026-05-04T22:13:31.050Z,2026-05-04 18:13:31.050,122652,85,3840,0,691
2026-05-04T22:13:31.090Z,2026-05-04 18:13:31.090,122652,86,3847,25,535
2026-05-04T22:13:31.130Z,2026-05-04 18:13:31.130,122652,87,3813,27,220
2026-05-04T22:13:31.170Z,2026-05-04 18:13:31.170,122652,88,3794,10,-137
2026-05-04T22:13:31.210Z,2026-05-04 18:13:31.210,122652,89,3783,-13,-427
2026-05-04T22:13:31.250Z,2026-05-04 18:13:31.250,122652,90,3774,-12,-584
2026-05-04T22:13:31.290Z,2026-05-04 18:13:31.290,122652,91,3769,4,-557
2026-05-04T22:13:31.330Z,2026-05-04 18:13:31.330,122652,92,3794,28,-332
2026-05-04T22:13:31.370Z,2026-05-04 18:13:31.370,122652,93,3822,2,5
2026-05-04T22:13:31.410Z,2026-05-04 18:13:31.410,122652,94,3834,-4,353
2026-05-04T22:13:31.450Z,2026-05-04 18:13:31.450,122652,95,3843,0,590
2026-05-04T22:13:31.490Z,2026-05-04 18:13:31.490,122652,96,3839,4,672
2026-05-04T22:13:31.530Z,2026-05-04 18:13:31.530,122652,97,3840,21,545
2026-05-04T22:13:31.570Z,2026-05-04 18:13:31.570,122652,98,3828,40,292
2026-05-04T22:13:31.610Z,2026-05-04 18:13:31.610,122652,99,3796,24,-43
2026-05-04T22:13:31.650Z,2026-05-04 18:13:31.650,122652,100,3790,-18,-361
2026-05-04T22:13:31.690Z,2026-05-04 18:13:31.690,122653,1,3764,-17,-534
2026-05-04T22:13:31.730Z,2026-05-04 18:13:31.730,122653,2,3769,19,-540
2026-05-04T22:13:31.770Z,2026-05-04 18:13:31.770,122653,3,3781,27,-368
2026-05-04T22:13:31.810Z,2026-05-04 18:13:31.810,122653,4,3809,18,-68
2026-05-04T22:13:31.850Z,2026-05-04 18:13:31.850,122653,5,3824,0,267
2026-05-04T22:13:31.890Z,2026-05-04 18:13:31.890,122653,6,3851,-20,523
2026-05-04T22:13:31.930Z,2026-05-04 18:13:31.930,122653,7,3848,13,651
2026-05-04T22:13:31.970Z,2026-05-04 18:13:31.970,122653,8,3831,36,567
2026-05-04T22:13:32.010Z,2026-05-04 18:13:32.010,122653,9,3814,22,331
2026-05-04T22:13:32.050Z,2026-05-04 18:13:32.050,122653,10,3799,13,12
2026-05-04T22:13:32.090Z,2026-05-04 18:13:32.090,122653,11,3796,-8,-289
2026-05-04T22:13:32.130Z,2026-05-04 18:13:32.130,122653,12,3779,-5,-489
2026-05-04T22:13:32.170Z,2026-05-04 18:13:32.170,122653,13,3783,11,-536
2026-05-04T22:13:32.210Z,2026-05-04 18:13:32.210,122653,14,3785,31,-395
2026-05-04T22:13:32.250Z,2026-05-04 18:13:32.250,122653,15,3805,36,-109
2026-05-04T22:13:32.290Z,2026-05-04 18:13:32.290,122653,16,3825,12,195
2026-05-04T22:13:32.330Z,2026-05-04 18:13:32.330,122653,17,3844,-6,477
2026-05-04T22:13:32.370Z,2026-05-04 18:13:32.370,122653,18,3844,2,608
2026-05-04T22:13:32.410Z,2026-05-04 18:13:32.410,122653,19,3837,20,567
2026-05-04T22:13:32.450Z,2026-05-04 18:13:32.450,122653,20,3836,34,378
2026-05-04T22:13:32.490Z,2026-05-04 18:13:32.490,122653,21,3809,21,69
2026-05-04T22:13:32.530Z,2026-05-04 18:13:32.530,122653,22,3796,-5,-231
2026-05-04T22:13:32.570Z,2026-05-04 18:13:32.570,122653,23,3782,-24,-437
2026-05-04T22:13:32.610Z,2026-05-04 18:13:32.610,122653,24,3780,-4,-516
2026-05-04T22:13:32.650Z,2026-05-04 18:13:32.650,122653,25,3798,9,-411
2026-05-04T22:13:32.690Z,2026-05-04 18:13:32.690,122653,26,3787,24,-162
2026-05-04T22:13:32.730Z,2026-05-04 18:13:32.730,122653,27,3820,8,128
2026-05-04T22:13:32.770Z,2026-05-04 18:13:32.770,122653,28,3822,-11,398
2026-05-04T22:13:32.810Z,2026-05-04 18:13:32.810,122653,29,3843,-12,557
2026-05-04T22:13:32.850Z,2026-05-04 18:13:32.850,122653,30,3843,18,566
2026-05-04T22:13:32.890Z,2026-05-04 18:13:32.890,122653,31,3837,31,400
2026-05-04T22:13:32.930Z,2026-05-04 18:13:32.930,122653,32,3835,29,144
2026-05-04T22:13:32.970Z,2026-05-04 18:13:32.970,122653,33,3793,8,-150
2026-05-04T22:13:33.010Z,2026-05-04 18:13:33.010,122653,34,3781,-11,-387
2026-05-04T22:13:33.050Z,2026-05-04 18:13:33.050,122653,35,3761,-11,-489
2026-05-04T22:13:33.090Z,2026-05-04 18:13:33.090,122653,36,3781,29,-408
2026-05-04T22:13:33.130Z,2026-05-04 18:13:33.130,122653,37,3798,36,-215
2026-05-04T22:13:33.170Z,2026-05-04 18:13:33.170,122653,38,3818,16,83
2026-05-04T22:13:33.210Z,2026-05-04 18:13:33.210,122653,39,3830,-11,348
2026-05-04T22:13:33.250Z,2026-05-04 18:13:33.250,122653,40,3864,-8,538
2026-05-04T22:13:33.290Z,2026-05-04 18:13:33.290,122653,41,3841,26,556
2026-05-04T22:13:33.330Z,2026-05-04 18:13:33.330,122653,42,3826,26,423
2026-05-04T22:13:33.370Z,2026-05-04 18:13:33.370,122653,43,3819,28,187
2026-05-04T22:13:33.410Z,2026-05-04 18:13:33.410,122653,44,3793,6,-101
2026-05-04T22:13:33.450Z,2026-05-04 18:13:33.450,122653,45,3789,-7,-327
2026-05-04T22:13:33.490Z,2026-05-04 18:13:33.490,122653,46,3775,-16,-452
2026-05-04T22:13:33.530Z,2026-05-04 18:13:33.530,122653,47,3778,5,-428
2026-05-04T22:13:33.570Z,2026-05-04 18:13:33.570,122653,48,3780,44,-249
2026-05-04T22:13:33.610Z,2026-05-04 18:13:33.610,122653,49,3810,27,21
2026-05-04T22:13:33.650Z,2026-05-04 18:13:33.650,122653,50,3835,-7,297
2026-05-04T22:13:33.690Z,2026-05-04 18:13:33.690,122653,51,3847,-2,480
2026-05-04T22:13:33.730Z,2026-05-04 18:13:33.730,122653,52,3832,1,540
2026-05-04T22:13:33.770Z,2026-05-04 18:13:33.770,122653,53,3855,39,439
2026-05-04T22:13:33.810Z,2026-05-04 18:13:33.810,122653,54,3828,30,229
2026-05-04T22:13:33.850Z,2026-05-04 18:13:33.850,122653,55,3810,9,-46
2026-05-04T22:13:33.890Z,2026-05-04 18:13:33.890,122653,56,3798,-14,-282
2026-05-04T22:13:33.930Z,2026-05-04 18:13:33.930,122653,57,3786,-13,-420
2026-05-04T22:13:33.970Z,2026-05-04 18:13:33.970,122653,58,3776,9,-405
2026-05-04T22:13:34.010Z,2026-05-04 18:13:34.010,122653,59,3798,24,-268
2026-05-04T22:13:34.050Z,2026-05-04 18:13:34.050,122653,60,3816,30,-29
2026-05-04T22:13:34.090Z,2026-05-04 18:13:34.090,122653,61,3817,11,241
2026-05-04T22:13:34.130Z,2026-05-04 18:13:34.130,122653,62,3842,-14,452
2026-05-04T22:13:34.170Z,2026-05-04 18:13:34.170,122653,63,3844,-7,525
2026-05-04T22:13:34.210Z,2026-05-04 18:13:34.210,122653,64,3836,27,446
2026-05-04T22:13:34.250Z,2026-05-04 18:13:34.250,122653,65,3825,42,264
2026-05-04T22:13:34.290Z,2026-05-04 18:13:34.290,122653,66,3815,8,11
2026-05-04T22:13:34.330Z,2026-05-04 18:13:34.330,122653,67,3799,-6,-240
2026-05-04T22:13:34.370Z,2026-05-04 18:13:34.370,122653,68,3786,-22,-374
2026-05-04T22:13:34.410Z,2026-05-04 18:13:34.410,122653,69,3784,3,-408
2026-05-04T22:13:34.450Z,2026-05-04 18:13:34.450,122653,70,3796,33,-285
2026-05-04T22:13:34.490Z,2026-05-04 18:13:34.490,122653,71,3807,33,-60
2026-05-04T22:13:34.530Z,2026-05-04 18:13:34.530,122653,72,3820,5,183
2026-05-04T22:13:34.570Z,2026-05-04 18:13:34.570,122653,73,3834,-5,396
2026-05-04T22:13:34.610Z,2026-05-04 18:13:34.610,122653,74,3829,-4,496
2026-05-04T22:13:34.650Z,2026-05-04 18:13:34.650,122653,75,3832,19,449
2026-05-04T22:13:34.690Z,2026-05-04 18:13:34.690,122653,76,3833,25,282
2026-05-04T22:13:34.730Z,2026-05-04 18:13:34.730,122653,77,3803,22,37
2026-05-04T22:13:34.770Z,2026-05-04 18:13:34.770,122653,78,3793,-3,-200
2026-05-04T22:13:34.810Z,2026-05-04 18:13:34.810,122653,79,3788,-7,-345
2026-05-04T22:13:34.850Z,2026-05-04 18:13:34.850,122653,80,3768,-7,-386
2026-05-04T22:13:34.890Z,2026-05-04 18:13:34.890,122653,81,3790,27,-296
2026-05-04T22:13:34.930Z,2026-05-04 18:13:34.930,122653,82,3806,34,-105
2026-05-04T22:13:34.970Z,2026-05-04 18:13:34.970,122653,83,3816,25,141
2026-05-04T22:13:35.010Z,2026-05-04 18:13:35.010,122653,84,3830,-10,353
2026-05-04T22:13:35.050Z,2026-05-04 18:13:35.050,122653,85,3835,-13,484
2026-05-04T22:13:35.090Z,2026-05-04 18:13:35.090,122653,86,3847,21,453
2026-05-04T22:13:35.130Z,2026-05-04 18:13:35.130,122653,87,3822,33,319
2026-05-04T22:13:35.170Z,2026-05-04 18:13:35.170,122653,88,3818,12,95
2026-05-04T22:13:35.210Z,2026-05-04 18:13:35.210,122653,89,3801,5,-144
2026-05-04T22:13:35.250Z,2026-05-04 18:13:35.250,122653,90,3796,-28,-315
2026-05-04T22:13:35.290Z,2026-05-04 18:13:35.290,122653,91,3778,0,-397
2026-05-04T22:13:35.330Z,2026-05-04 18:13:35.330,122653,92,3805,22,-308
2026-05-04T22:13:35.370Z,2026-05-04 18:13:35.370,122653,93,3808,25,-138
2026-05-04T22:13:35.410Z,2026-05-04 18:13:35.410,122653,94,3814,24,111
2026-05-04T22:13:35.450Z,2026-05-04 18:13:35.450,122653,95,3825,6,311
2026-05-04T22:13:35.490Z,2026-05-04 18:13:35.490,122653,96,3833,4,443
2026-05-04T22:13:35.530Z,2026-05-04 18:13:35.530,122653,97,3834,8,459
2026-05-04T22:13:35.570Z,2026-05-04 18:13:35.570,122653,98,3827,29,338
2026-05-04T22:13:35.610Z,2026-05-04 18:13:35.610,122653,99,3837,23,127
2026-05-04T22:13:35.650Z,2026-05-04 18:13:35.650,122653,100,3815,4,-107
2026-05-04T22:13:35.690Z,2026-05-04 18:13:35.690,122654,1,3776,3,-287
2026-05-04T22:13:35.730Z,2026-05-04 18:13:35.730,122654,2,3782,-9,-371
2026-05-04T22:13:35.770Z,2026-05-04 18:13:35.770,122654,3,3781,12,-317
2026-05-04T22:13:35.810Z,2026-05-04 18:13:35.810,122654,4,3804,40,-171
2026-05-04T22:13:35.850Z,2026-05-04 18:13:35.850,122654,5,3808,20,70
2026-05-04T22:13:35.890Z,2026-05-04 18:13:35.890,122654,6,3824,1,261
2026-05-04T22:13:35.930Z,2026-05-04 18:13:35.930,122654,7,3836,7,398
2026-05-04T22:13:35.970Z,2026-05-04 18:13:35.970,122654,8,3836,5,442
2026-05-04T22:13:36.010Z,2026-05-04 18:13:36.010,122654,9,3837,35,337
2026-05-04T22:13:36.050Z,2026-05-04 18:13:36.050,122654,10,3814,28,163
2026-05-04T22:13:36.090Z,2026-05-04 18:13:36.090,122654,11,3815,10,-58
2026-05-04T22:13:36.130Z,2026-05-04 18:13:36.130,122654,12,3798,3,-248
2026-05-04T22:13:36.170Z,2026-05-04 18:13:36.170,122654,13,3785,-3,-345
2026-05-04T22:13:36.210Z,2026-05-04 18:13:36.210,122654,14,3797,21,-329
2026-05-04T22:13:36.250Z,2026-05-04 18:13:36.250,122654,15,3796,34,-184
2026-05-04T22:13:36.290Z,2026-05-04 18:13:36.290,122654,16,3809,32,29
2026-05-04T22:13:36.330Z,2026-05-04 18:13:36.330,122654,17,3821,3,236
2026-05-04T22:13:36.370Z,2026-05-04 18:13:36.370,122654,18,3836,9,383
2026-05-04T22:13:36.410Z,2026-05-04 18:13:36.410,122654,19,3849,8,424
2026-05-04T22:13:36.450Z,2026-05-04 18:13:36.450,122654,20,3832,26,346
2026-05-04T22:13:36.490Z,2026-05-04 18:13:36.490,122654,21,3833,16,190
2026-05-04T22:13:36.530Z,2026-05-04 18:13:36.530,122654,22,3809,13,-27
2026-05-04T22:13:36.570Z,2026-05-04 18:13:36.570,122654,23,3794,-2,-209
2026-05-04T22:13:36.610Z,2026-05-04 18:13:36.610,122654,24,3790,-17,-312
2026-05-04T22:13:36.650Z,2026-05-04 18:13:36.650,122654,25,3789,19,-324
2026-05-04T22:13:36.690Z,2026-05-04 18:13:36.690,122654,26,3800,10,-214
2026-05-04T22:13:36.730Z,2026-05-04 18:13:36.730,122654,27,3813,25,-22
2026-05-04T22:13:36.770Z,2026-05-04 18:13:36.770,122654,28,3827,10,208
2026-05-04T22:13:36.810Z,2026-05-04 18:13:36.810,122654,29,3824,0,361
2026-05-04T22:13:36.850Z,2026-05-04 18:13:36.850,122654,30,3830,-1,411
2026-05-04T22:13:36.890Z,2026-05-04 18:13:36.890,122654,31,3836,22,349
2026-05-04T22:13:36.930Z,2026-05-04 18:13:36.930,122654,32,3816,30,206
2026-05-04T22:13:36.970Z,2026-05-04 18:13:36.970,122654,33,3797,14,13
2026-05-04T22:13:37.010Z,2026-05-04 18:13:37.010,122654,34,3801,15,-172
2026-05-04T22:13:37.050Z,2026-05-04 18:13:37.050,122654,35,3807,-14,-305
2026-05-04T22:13:37.090Z,2026-05-04 18:13:37.090,122654,36,3793,5,-308
2026-05-04T22:13:37.130Z,2026-05-04 18:13:37.130,122654,37,3807,24,-229
2026-05-04T22:13:37.170Z,2026-05-04 18:13:37.170,122654,38,3802,28,-48
2026-05-04T22:13:37.210Z,2026-05-04 18:13:37.210,122654,39,3815,1,151
2026-05-04T22:13:37.250Z,2026-05-04 18:13:37.250,122654,40,3839,4,317
2026-05-04T22:13:37.290Z,2026-05-04 18:13:37.290,122654,41,3838,3,393
2026-05-04T22:13:37.330Z,2026-05-04 18:13:37.330,122654,42,3835,16,363
2026-05-04T22:13:37.370Z,2026-05-04 18:13:37.370,122654,43,3823,21,247
2026-05-04T22:13:37.410Z,2026-05-04 18:13:37.410,122654,44,3815,26,54
2026-05-04T22:13:37.450Z,2026-05-04 18:13:37.450,122654,45,3807,2,-144
2026-05-04T22:13:37.490Z,2026-05-04 18:13:37.490,122654,46,3786,15,-273
2026-05-04T22:13:37.530Z,2026-05-04 18:13:37.530,122654,47,3799,5,-310
2026-05-04T22:13:37.570Z,2026-05-04 18:13:37.570,122654,48,3796,13,-225
2026-05-04T22:13:37.610Z,2026-05-04 18:13:37.610,122654,49,3799,32,-76
2026-05-04T22:13:37.650Z,2026-05-04 18:13:37.650,122654,50,3801,13,118
2026-05-04T22:13:37.690Z,2026-05-04 18:13:37.690,122654,51,3839,5,306
2026-05-04T22:13:37.730Z,2026-05-04 18:13:37.730,122654,52,3840,-9,390
2026-05-04T22:13:37.770Z,2026-05-04 18:13:37.770,122654,53,3831,24,365
2026-05-04T22:13:37.810Z,2026-05-04 18:13:37.810,122654,54,3826,29,254
2026-05-04T22:13:37.850Z,2026-05-04 18:13:37.850,122654,55,3816,21,72
2026-05-04T22:13:37.890Z,2026-05-04 18:13:37.890,122654,56,3808,12,-101
2026-05-04T22:13:37.930Z,2026-05-04 18:13:37.930,122654,57,3791,-14,-255
2026-05-04T22:13:37.970Z,2026-05-04 18:13:37.970,122654,58,3800,13,-295
2026-05-04T22:13:38.010Z,2026-05-04 18:13:38.010,122654,59,3780,21,-237
2026-05-04T22:13:38.050Z,2026-05-04 18:13:38.050,122654,60,3798,17,-87
2026-05-04T22:13:38.090Z,2026-05-04 18:13:38.090,122654,61,3820,13,91
2026-05-04T22:13:38.130Z,2026-05-04 18:13:38.130,122654,62,3831,12,259
2026-05-04T22:13:38.170Z,2026-05-04 18:13:38.170,122654,63,3831,1,357
2026-05-04T22:13:38.210Z,2026-05-04 18:13:38.210,122654,64,3826,1,358
2026-05-04T22:13:38.250Z,2026-05-04 18:13:38.250,122654,65,3815,21,274
2026-05-04T22:13:38.290Z,2026-05-04 18:13:38.290,122654,66,3821,31,108
2026-05-04T22:13:38.330Z,2026-05-04 18:13:38.330,122654,67,3812,7,-76
2026-05-04T22:13:38.370Z,2026-05-04 18:13:38.370,122654,68,3794,-1,-219
2026-05-04T22:13:38.410Z,2026-05-04 18:13:38.410,122654,69,3786,4,-280
2026-05-04T22:13:38.450Z,2026-05-04 18:13:38.450,122654,70,3805,27,-235
2026-05-04T22:13:38.490Z,2026-05-04 18:13:38.490,122654,71,3797,36,-127
2026-05-04T22:13:38.530Z,2026-05-04 18:13:38.530,122654,72,3809,24,63
2026-05-04T22:13:38.570Z,2026-05-04 18:13:38.570,122654,73,3831,25,235
2026-05-04T22:13:38.610Z,2026-05-04 18:13:38.610,122654,74,3828,3,326
2026-05-04T22:13:38.650Z,2026-05-04 18:13:38.650,122654,75,3838,16,366
2026-05-04T22:13:38.690Z,2026-05-04 18:13:38.690,122654,76,3825,26,282
2026-05-04T22:13:38.730Z,2026-05-04 18:13:38.730,122654,77,3819,15,131
2026-05-04T22:13:38.770Z,2026-05-04 18:13:38.770,122654,78,3809,11,-43
2026-05-04T22:13:38.810Z,2026-05-04 18:13:38.810,122654,79,3788,-4,-196
2026-05-04T22:13:38.850Z,2026-05-04 18:13:38.850,122654,80,3786,-3,-283
2026-05-04T22:13:38.890Z,2026-05-04 18:13:38.890,122654,81,3793,10,-248
2026-05-04T22:13:38.930Z,2026-05-04 18:13:38.930,122654,82,3799,27,-124
2026-05-04T22:13:38.970Z,2026-05-04 18:13:38.970,122654,83,3828,24,22
2026-05-04T22:13:39.010Z,2026-05-04 18:13:39.010,122654,84,3806,0,178
2026-05-04T22:13:39.050Z,2026-05-04 18:13:39.050,122654,85,3818,6,308
2026-05-04T22:13:39.090Z,2026-05-04 18:13:39.090,122654,86,3833,-1,356
2026-05-04T22:13:39.130Z,2026-05-04 18:13:39.130,122654,87,3836,19,296
2026-05-04T22:13:39.170Z,2026-05-04 18:13:39.170,122654,88,3823,34,163
2026-05-04T22:13:39.210Z,2026-05-04 18:13:39.210,122654,89,3801,22,-10
2026-05-04T22:13:39.250Z,2026-05-04 18:13:39.250,122654,90,3802,2,-172
2026-05-04T22:13:39.290Z,2026-05-04 18:13:39.290,122654,91,3793,-2,-266
2026-05-04T22:13:39.330Z,2026-05-04 18:13:39.330,122654,92,3784,0,-233
2026-05-04T22:13:39.370Z,2026-05-04 18:13:39.370,122654,93,3796,7,-149
2026-05-04T22:13:39.410Z,2026-05-04 18:13:39.410,122654,94,3813,7,15
2026-05-04T22:13:39.450Z,2026-05-04 18:13:39.450,122654,95,3814,15,168
2026-05-04T22:13:39.490Z,2026-05-04 18:13:39.490,122654,96,3840,0,290
2026-05-04T22:13:39.530Z,2026-05-04 18:13:39.530,122654,97,3830,17,332
2026-05-04T22:13:39.570Z,2026-05-04 18:13:39.570,122654,98,3831,16,299
2026-05-04T22:13:39.610Z,2026-05-04 18:13:39.610,122654,99,3822,19,178
2026-05-04T22:13:39.650Z,2026-05-04 18:13:39.650,122654,100,3801,16,18
2026-05-04T22:13:39.690Z,2026-05-04 18:13:39.690,122655,1,3810,1,-135
2026-05-04T22:13:39.730Z,2026-05-04 18:13:39.730,122655,2,3784,-8,-236
2026-05-04T22:13:39.770Z,2026-05-04 18:13:39.770,122655,3,3805,-11,-239
2026-05-04T22:13:39.810Z,2026-05-04 18:13:39.810,122655,4,3780,23,-149
2026-05-04T22:13:39.850Z,2026-05-04 18:13:39.850,122655,5,3815,35,-19
2026-05-04T22:13:39.890Z,2026-05-04 18:13:39.890,122655,6,3822,19,154
2026-05-04T22:13:39.930Z,2026-05-04 18:13:39.930,122655,7,3825,3,284
2026-05-04T22:13:39.970Z,2026-05-04 18:13:39.970,122655,8,3822,18,328
2026-05-04T22:13:40.010Z,2026-05-04 18:13:40.010,122655,9,3816,20,300
2026-05-04T22:13:40.050Z,2026-05-04 18:13:40.050,122655,10,3825,27,196
2026-05-04T22:13:40.090Z,2026-05-04 18:13:40.090,122655,11,3811,24,42
2026-05-04T22:13:40.130Z,2026-05-04 18:13:40.130,122655,12,3799,1,-93
2026-05-04T22:13:40.170Z,2026-05-04 18:13:40.170,122655,13,3794,10,-205
2026-05-04T22:13:40.210Z,2026-05-04 18:13:40.210,122655,14,3787,-4,-252
2026-05-04T22:13:40.250Z,2026-05-04 18:13:40.250,122655,15,3807,30,-170
2026-05-04T22:13:40.290Z,2026-05-04 18:13:40.290,122655,16,3807,26,-43
2026-05-04T22:13:40.330Z,2026-05-04 18:13:40.330,122655,17,3830,11,122
2026-05-04T22:13:40.370Z,2026-05-04 18:13:40.370,122655,18,3827,6,246
2026-05-04T22:13:40.410Z,2026-05-04 18:13:40.410,122655,19,3831,20,321
2026-05-04T22:13:40.450Z,2026-05-04 18:13:40.450,122655,20,3826,5,296
2026-05-04T22:13:40.490Z,2026-05-04 18:13:40.490,122655,21,3822,41,206
2026-05-04T22:13:40.530Z,2026-05-04 18:13:40.530,122655,22,3813,23,71
2026-05-04T22:13:40.570Z,2026-05-04 18:13:40.570,122655,23,3807,19,-69
2026-05-04T22:13:40.610Z,2026-05-04 18:13:40.610,122655,24,3795,-1,-186
2026-05-04T22:13:40.650Z,2026-05-04 18:13:40.650,122655,25,3795,1,-227
2026-05-04T22:13:40.690Z,2026-05-04 18:13:40.690,122655,26,3790,9,-169
2026-05-04T22:13:40.730Z,2026-05-04 18:13:40.730,122655,27,3809,25,-59
2026-05-04T22:13:40.770Z,2026-05-04 18:13:40.770,122655,28,3817,20,92
2026-05-04T22:13:40.810Z,2026-05-04 18:13:40.810,122655,29,3821,8,220
2026-05-04T22:13:40.850Z,2026-05-04 18:13:40.850,122655,30,3829,0,311
2026-05-04T22:13:40.890Z,2026-05-04 18:13:40.890,122655,31,3815,0,304
2026-05-04T22:13:40.930Z,2026-05-04 18:13:40.930,122655,32,3837,23,228
2026-05-04T22:13:40.970Z,2026-05-04 18:13:40.970,122655,33,3824,26,84
2026-05-04T22:13:41.010Z,2026-05-04 18:13:41.010,122655,34,3809,19,-66
2026-05-04T22:13:41.050Z,2026-05-04 18:13:41.050,122655,35,3802,1,-174
2026-05-04T22:13:41.090Z,2026-05-04 18:13:41.090,122655,36,3808,-11,-209
2026-05-04T22:13:41.130Z,2026-05-04 18:13:41.130,122655,37,3795,19,-188
2026-05-04T22:13:41.170Z,2026-05-04 18:13:41.170,122655,38,3797,12,-79
2026-05-04T22:13:41.210Z,2026-05-04 18:13:41.210,122655,39,3802,14,52
2026-05-04T22:13:41.250Z,2026-05-04 18:13:41.250,122655,40,3822,20,197
2026-05-04T22:13:41.290Z,2026-05-04 18:13:41.290,122655,41,3827,-5,285
2026-05-04T22:13:41.330Z,2026-05-04 18:13:41.330,122655,42,3847,21,300
2026-05-04T22:13:41.370Z,2026-05-04 18:13:41.370,122655,43,3824,22,245
2026-05-04T22:13:41.410Z,2026-05-04 18:13:41.410,122655,44,3823,13,101
2026-05-04T22:13:41.450Z,2026-05-04 18:13:41.450,122655,45,3808,20,-36
2026-05-04T22:13:41.490Z,2026-05-04 18:13:41.490,122655,46,3797,8,-143
2026-05-04T22:13:41.530Z,2026-05-04 18:13:41.530,122655,47,3796,-6,-206
2026-05-04T22:13:41.570Z,2026-05-04 18:13:41.570,122655,48,3796,8,-171
2026-05-04T22:13:41.610Z,2026-05-04 18:13:41.610,122655,49,3802,20,-87
2026-05-04T22:13:41.650Z,2026-05-04 18:13:41.650,122655,50,3813,14,38
2026-05-04T22:13:41.690Z,2026-05-04 18:13:41.690,122655,51,3831,10,176
2026-05-04T22:13:41.730Z,2026-05-04 18:13:41.730,122655,52,3816,15,279
2026-05-04T22:13:41.770Z,2026-05-04 18:13:41.770,122655,53,3808,14,302
2026-05-04T22:13:41.810Z,2026-05-04 18:13:41.810,122655,54,3818,28,241
2026-05-04T22:13:41.850Z,2026-05-04 18:13:41.850,122655,55,3808,28,121
2026-05-04T22:13:41.890Z,2026-05-04 18:13:41.890,122655,56,3818,23,-16
2026-05-04T22:13:41.930Z,2026-05-04 18:13:41.930,122655,57,3787,11,-128
2026-05-04T22:13:41.970Z,2026-05-04 18:13:41.970,122655,58,3803,3,-194
2026-05-04T22:13:42.010Z,2026-05-04 18:13:42.010,122655,59,3793,-6,-182
2026-05-04T22:13:42.050Z,2026-05-04 18:13:42.050,122655,60,3802,18,-91
2026-05-04T22:13:42.090Z,2026-05-04 18:13:42.090,122655,61,3805,18,27
2026-05-04T22:13:42.130Z,2026-05-04 18:13:42.130,122655,62,3828,19,157
2026-05-04T22:13:42.170Z,2026-05-04 18:13:42.170,122655,63,3833,12,249
2026-05-04T22:13:42.210Z,2026-05-04 18:13:42.210,122655,64,3834,4,291
2026-05-04T22:13:42.250Z,2026-05-04 18:13:42.250,122655,65,3825,13,254
2026-05-04T22:13:42.290Z,2026-05-04 18:13:42.290,122655,66,3808,20,155
2026-05-04T22:13:42.330Z,2026-05-04 18:13:42.330,122655,67,3813,11,13
2026-05-04T22:13:42.370Z,2026-05-04 18:13:42.370,122655,68,3803,9,-102
2026-05-04T22:13:42.410Z,2026-05-04 18:13:42.410,122655,69,3791,-3,-175
2026-05-04T22:13:42.450Z,2026-05-04 18:13:42.450,122655,70,3799,12,-169
2026-05-04T22:13:42.490Z,2026-05-04 18:13:42.490,122655,71,3801,22,-115
2026-05-04T22:13:42.530Z,2026-05-04 18:13:42.530,122655,72,3814,20,3
2026-05-04T22:13:42.570Z,2026-05-04 18:13:42.570,122655,73,3824,-2,138
2026-05-04T22:13:42.610Z,2026-05-04 18:13:42.610,122655,74,3815,2,229
2026-05-04T22:13:42.650Z,2026-05-04 18:13:42.650,122655,75,3826,2,278
2026-05-04T22:13:42.690Z,2026-05-04 18:13:42.690,122655,76,3833,23,247
2026-05-04T22:13:42.730Z,2026-05-04 18:13:42.730,122655,77,3818,19,155
2026-05-04T22:13:42.770Z,2026-05-04 18:13:42.770,122655,78,3820,2,39
2026-05-04T22:13:42.810Z,2026-05-04 18:13:42.810,122655,79,3808,14,-88
2026-05-04T22:13:42.850Z,2026-05-04 18:13:42.850,122655,80,3812,1,-161
2026-05-04T22:13:42.890Z,2026-05-04 18:13:42.890,122655,81,3801,12,-178
2026-05-04T22:13:42.930Z,2026-05-04 18:13:42.930,122655,82,3798,16,-110
2026-05-04T22:13:42.970Z,2026-05-04 18:13:42.970,122655,83,3816,19,-20
2026-05-04T22:13:43.010Z,2026-05-04 18:13:43.010,122655,84,3813,16,121
2026-05-04T22:13:43.050Z,2026-05-04 18:13:43.050,122655,85,3835,4,220
2026-05-04T22:13:43.090Z,2026-05-04 18:13:43.090,122655,86,3837,15,266
2026-05-04T22:13:43.130Z,2026-05-04 18:13:43.130,122655,87,3835,11,248
2026-05-04T22:13:43.170Z,2026-05-04 18:13:43.170,122655,88,3813,22,156
2026-05-04T22:13:43.210Z,2026-05-04 18:13:43.210,122655,89,3821,19,47
2026-05-04T22:13:43.250Z,2026-05-04 18:13:43.250,122655,90,3797,21,-67
2026-05-04T22:13:43.290Z,2026-05-04 18:13:43.290,122655,91,3799,1,-148
2026-05-04T22:13:43.330Z,2026-05-04 18:13:43.330,122655,92,3810,2,-173
2026-05-04T22:13:43.370Z,2026-05-04 18:13:43.370,122655,93,3806,10,-129
2026-05-04T22:13:43.410Z,2026-05-04 18:13:43.410,122655,94,3814,23,-32
2026-05-04T22:13:43.450Z,2026-05-04 18:13:43.450,122655,95,3826,20,92
2026-05-04T22:13:43.490Z,2026-05-04 18:13:43.490,122655,96,3825,-4,186
2026-05-04T22:13:43.530Z,2026-05-04 18:13:43.530,122655,97,3830,16,261
2026-05-04T22:13:43.570Z,2026-05-04 18:13:43.570,122655,98,3829,20,251
2026-05-04T22:13:43.610Z,2026-05-04 18:13:43.610,122655,99,3817,26,161
2026-05-04T22:13:43.650Z,2026-05-04 18:13:43.650,122655,100,3817,27,65
2026-05-04T22:13:43.690Z,2026-05-04 18:13:43.690,122656,1,3807,10,-48
2026-05-04T22:13:43.730Z,2026-05-04 18:13:43.730,122656,2,3812,-1,-136
2026-05-04T22:13:43.770Z,2026-05-04 18:13:43.770,122656,3,3806,12,-161
2026-05-04T22:13:43.810Z,2026-05-04 18:13:43.810,122656,4,3810,19,-125
2026-05-04T22:13:43.850Z,2026-05-04 18:13:43.850,122656,5,3799,17,-49
2026-05-04T22:13:43.890Z,2026-05-04 18:13:43.890,122656,6,3801,12,72
2026-05-04T22:13:43.930Z,2026-05-04 18:13:43.930,122656,7,3816,3,182
2026-05-04T22:13:43.970Z,2026-05-04 18:13:43.970,122656,8,3829,-5,243
2026-05-04T22:13:44.010Z,2026-05-04 18:13:44.010,122656,9,3816,18,235
2026-05-04T22:13:44.050Z,2026-05-04 18:13:44.050,122656,10,3822,13,198
2026-05-04T22:13:44.090Z,2026-05-04 18:13:44.090,122656,11,3818,0,84
2026-05-04T22:13:44.130Z,2026-05-04 18:13:44.130,122656,12,3804,21,-30
2026-05-04T22:13:44.170Z,2026-05-04 18:13:44.170,122656,13,3800,-5,-115
2026-05-04T22:13:44.210Z,2026-05-04 18:13:44.210,122656,14,3804,-10,-164
2026-05-04T22:13:44.250Z,2026-05-04 18:13:44.250,122656,15,3800,22,-127
2026-05-04T22:13:44.290Z,2026-05-04 18:13:44.290,122656,16,3799,17,-57
2026-05-04T22:13:44.330Z,2026-05-04 18:13:44.330,122656,17,3810,10,66
2026-05-04T22:13:44.370Z,2026-05-04 18:13:44.370,122656,18,3822,21,159
2026-05-04T22:13:44.410Z,2026-05-04 18:13:44.410,122656,19,3834,-3,244
2026-05-04T22:13:44.450Z,2026-05-04 18:13:44.450,122656,20,3825,16,248
2026-05-04T22:13:44.490Z,2026-05-04 18:13:44.490,122656,21,3835,22,191
2026-05-04T22:13:44.530Z,2026-05-04 18:13:44.530,122656,22,3825,22,106
2026-05-04T22:13:44.570Z,2026-05-04 18:13:44.570,122656,23,3816,14,-12
2026-05-04T22:13:44.610Z,2026-05-04 18:13:44.610,122656,24,3810,13,-108
2026-05-04T22:13:44.650Z,2026-05-04 18:13:44.650,122656,25,3802,3,-151
2026-05-04T22:13:44.690Z,2026-05-04 18:13:44.690,122656,26,3817,13,-136
2026-05-04T22:13:44.730Z,2026-05-04 18:13:44.730,122656,27,3798,23,-59
2026-05-04T22:13:44.770Z,2026-05-04 18:13:44.770,122656,28,3804,17,40
2026-05-04T22:13:44.810Z,2026-05-04 18:13:44.810,122656,29,3807,26,138
2026-05-04T22:13:44.850Z,2026-05-04 18:13:44.850,122656,30,3824,1,207
2026-05-04T22:13:44.890Z,2026-05-04 18:13:44.890,122656,31,3821,17,242
2026-05-04T22:13:44.930Z,2026-05-04 18:13:44.930,122656,32,3815,18,193
2026-05-04T22:13:44.970Z,2026-05-04 18:13:44.970,122656,33,3821,11,112
2026-05-04T22:13:45.010Z,2026-05-04 18:13:45.010,122656,34,3808,7,3
2026-05-04T22:13:45.050Z,2026-05-04 18:13:45.050,122656,35,3814,7,-80
2026-05-04T22:13:45.090Z,2026-05-04 18:13:45.090,122656,36,3798,-1,-142
2026-05-04T22:13:45.130Z,2026-05-04 18:13:45.130,122656,37,3798,10,-131
2026-05-04T22:13:45.170Z,2026-05-04 18:13:45.170,122656,38,3802,5,-65
2026-05-04T22:13:45.210Z,2026-05-04 18:13:45.210,122656,39,3812,18,19
2026-05-04T22:13:45.250Z,2026-05-04 18:13:45.250,122656,40,3829,9,134
2026-05-04T22:13:45.290Z,2026-05-04 18:13:45.290,122656,41,3835,11,209
2026-05-04T22:13:45.330Z,2026-05-04 18:13:45.330,122656,42,3824,17,225
2026-05-04T22:13:45.370Z,2026-05-04 18:13:45.370,122656,43,3826,20,199
2026-05-04T22:13:45.410Z,2026-05-04 18:13:45.410,122656,44,3801,35,112
2026-05-04T22:13:45.450Z,2026-05-04 18:13:45.450,122656,45,3826,24,35
2026-05-04T22:13:45.490Z,2026-05-04 18:13:45.490,122656,46,3784,18,-77
2026-05-04T22:13:45.530Z,2026-05-04 18:13:45.530,122656,47,3803,2,-128
2026-05-04T22:13:45.570Z,2026-05-04 18:13:45.570,122656,48,3814,17,-126
2026-05-04T22:13:45.610Z,2026-05-04 18:13:45.610,122656,49,3806,10,-81
2026-05-04T22:13:45.650Z,2026-05-04 18:13:45.650,122656,50,3809,10,-7
2026-05-04T22:13:45.690Z,2026-05-04 18:13:45.690,122656,51,3827,10,107
2026-05-04T22:13:45.730Z,2026-05-04 18:13:45.730,122656,52,3826,28,195
2026-05-04T22:13:45.770Z,2026-05-04 18:13:45.770,122656,53,3829,11,228
2026-05-04T22:13:45.810Z,2026-05-04 18:13:45.810,122656,54,3831,19,197
2026-05-04T22:13:45.850Z,2026-05-04 18:13:45.850,122656,55,3811,8,127
2026-05-04T22:13:45.890Z,2026-05-04 18:13:45.890,122656,56,3808,15,35
2026-05-04T22:13:45.930Z,2026-05-04 18:13:45.930,122656,57,3804,7,-63
2026-05-04T22:13:45.970Z,2026-05-04 18:13:45.970,122656,58,3799,10,-115
2026-05-04T22:13:46.010Z,2026-05-04 18:13:46.010,122656,59,3798,4,-119
2026-05-04T22:13:46.050Z,2026-05-04 18:13:46.050,122656,60,3808,14,-94
2026-05-04T22:13:46.090Z,2026-05-04 18:13:46.090,122656,61,3808,11,-7
2026-05-04T22:13:46.130Z,2026-05-04 18:13:46.130,122656,62,3812,23,96
2026-05-04T22:13:46.170Z,2026-05-04 18:13:46.170,122656,63,3826,5,174
2026-05-04T22:13:46.210Z,2026-05-04 18:13:46.210,122656,64,3829,1,215
2026-05-04T22:13:46.250Z,2026-05-04 18:13:46.250,122656,65,3828,22,207
2026-05-04T22:13:46.290Z,2026-05-04 18:13:46.290,122656,66,3823,8,138
2026-05-04T22:13:46.330Z,2026-05-04 18:13:46.330,122656,67,3818,-1,52
2026-05-04T22:13:46.370Z,2026-05-04 18:13:46.370,122656,68,3807,21,-51
2026-05-04T22:13:46.410Z,2026-05-04 18:13:46.410,122656,69,3805,3,-107
2026-05-04T22:13:46.450Z,2026-05-04 18:13:46.450,122656,70,3804,-6,-130
2026-05-04T22:13:46.490Z,2026-05-04 18:13:46.490,122656,71,3799,10,-79
2026-05-04T22:13:46.530Z,2026-05-04 18:13:46.530,122656,72,3797,27,-10
2026-05-04T22:13:46.570Z,2026-05-04 18:13:46.570,122656,73,3814,13,63
2026-05-04T22:13:46.610Z,2026-05-04 18:13:46.610,122656,74,3827,4,168
2026-05-04T22:13:46.650Z,2026-05-04 18:13:46.650,122656,75,3828,18,198
2026-05-04T22:13:46.690Z,2026-05-04 18:13:46.690,122656,76,3827,0,194
2026-05-04T22:13:46.730Z,2026-05-04 18:13:46.730,122656,77,3817,21,157
2026-05-04T22:13:46.770Z,2026-05-04 18:13:46.770,122656,78,3806,10,75
2026-05-04T22:13:46.810Z,2026-05-04 18:13:46.810,122656,79,3800,9,-42
2026-05-04T22:13:46.850Z,2026-05-04 18:13:46.850,122656,80,3801,-9,-88
2026-05-04T22:13:46.890Z,2026-05-04 18:13:46.890,122656,81,3808,4,-120
2026-05-04T22:13:46.930Z,2026-05-04 18:13:46.930,122656,82,3789,17,-96
2026-05-04T22:13:46.970Z,2026-05-04 18:13:46.970,122656,83,3823,8,-32
2026-05-04T22:13:47.010Z,2026-05-04 18:13:47.010,122656,84,3810,8,67
2026-05-04T22:13:47.050Z,2026-05-04 18:13:47.050,122656,85,3820,9,149
2026-05-04T22:13:47.090Z,2026-05-04 18:13:47.090,122656,86,3820,-4,213
2026-05-04T22:13:47.130Z,2026-05-04 18:13:47.130,122656,87,3836,6,204
2026-05-04T22:13:47.170Z,2026-05-04 18:13:47.170,122656,88,3817,16,161
2026-05-04T22:13:47.210Z,2026-05-04 18:13:47.210,122656,89,3811,5,86
2026-05-04T22:13:47.250Z,2026-05-04 18:13:47.250,122656,90,3815,12,-9
2026-05-04T22:13:47.290Z,2026-05-04 18:13:47.290,122656,91,3817,19,-94
2026-05-04T22:13:47.330Z,2026-05-04 18:13:47.330,122656,92,3807,4,-115
2026-05-04T22:13:47.370Z,2026-05-04 18:13:47.370,122656,93,3792,6,-96
2026-05-04T22:13:47.410Z,2026-05-04 18:13:47.410,122656,94,3793,5,-27
2026-05-04T22:13:47.450Z,2026-05-04 18:13:47.450,122656,95,3817,22,39
2026-05-04T22:13:47.490Z,2026-05-04 18:13:47.490,122656,96,3810,23,137
2026-05-04T22:13:47.530Z,2026-05-04 18:13:47.530,122656,97,3821,4,183
2026-05-04T22:13:47.570Z,2026-05-04 18:13:47.570,122656,98,3809,9,203
2026-05-04T22:13:47.610Z,2026-05-04 18:13:47.610,122656,99,3835,24,160
2026-05-04T22:13:47.650Z,2026-05-04 18:13:47.650,122656,100,3809,10,102
2026-05-04T22:13:47.690Z,2026-05-04 18:13:47.690,122657,1,3804,13,1
2026-05-04T22:13:47.730Z,2026-05-04 18:13:47.730,122657,2,3809,23,-68
2026-05-04T22:13:47.770Z,2026-05-04 18:13:47.770,122657,3,3810,5,-105
2026-05-04T22:13:47.810Z,2026-05-04 18:13:47.810,122657,4,3805,18,-96
2026-05-04T22:13:47.850Z,2026-05-04 18:13:47.850,122657,5,3809,11,-50
2026-05-04T22:13:47.890Z,2026-05-04 18:13:47.890,122657,6,3807,9,34
2026-05-04T22:13:47.930Z,2026-05-04 18:13:47.930,122657,7,3816,15,120
2026-05-04T22:13:47.970Z,2026-05-04 18:13:47.970,122657,8,3817,6,185
2026-05-04T22:13:48.010Z,2026-05-04 18:13:48.010,122657,9,3820,21,196
2026-05-04T22:13:48.050Z,2026-05-04 18:13:48.050,122657,10,3828,25,166
2026-05-04T22:13:48.090Z,2026-05-04 18:13:48.090,122657,11,3826,26,99
2026-05-04T22:13:48.130Z,2026-05-04 18:13:48.130,122657,12,3819,12,27
2026-05-04T22:13:48.170Z,2026-05-04 18:13:48.170,122657,13,3802,9,-63
2026-05-04T22:13:48.210Z,2026-05-04 18:13:48.210,122657,14,3794,-3,-95
2026-05-04T22:13:48.250Z,2026-05-04 18:13:48.250,122657,15,3790,5,-103
2026-05-04T22:13:48.290Z,2026-05-04 18:13:48.290,122657,16,3814,15,-51
2026-05-04T22:13:48.330Z,2026-05-04 18:13:48.330,122657,17,3807,18,5
2026-05-04T22:13:48.370Z,2026-05-04 18:13:48.370,122657,18,3819,17,105
2026-05-04T22:13:48.410Z,2026-05-04 18:13:48.410,122657,19,3826,21,170
2026-05-04T22:13:48.450Z,2026-05-04 18:13:48.450,122657,20,3821,13,186
2026-05-04T22:13:48.490Z,2026-05-04 18:13:48.490,122657,21,3815,23,164
2026-05-04T22:13:48.530Z,2026-05-04 18:13:48.530,122657,22,3826,17,98
2026-05-04T22:13:48.570Z,2026-05-04 18:13:48.570,122657,23,3804,9,25
2026-05-04T22:13:48.610Z,2026-05-04 18:13:48.610,122657,24,3812,-2,-44
2026-05-04T22:13:48.650Z,2026-05-04 18:13:48.650,122657,25,3805,-3,-91
2026-05-04T22:13:48.690Z,2026-05-04 18:13:48.690,122657,26,3797,2,-99
2026-05-04T22:13:48.730Z,2026-05-04 18:13:48.730,122657,27,3803,26,-59
2026-05-04T22:13:48.770Z,2026-05-04 18:13:48.770,122657,28,3817,23,3
2026-05-04T22:13:48.810Z,2026-05-04 18:13:48.810,122657,29,3816,-5,86
2026-05-04T22:13:48.850Z,2026-05-04 18:13:48.850,122657,30,3808,12,160
2026-05-04T22:13:48.890Z,2026-05-04 18:13:48.890,122657,31,3825,4,190
2026-05-04T22:13:48.930Z,2026-05-04 18:13:48.930,122657,32,3831,11,173
2026-05-04T22:13:48.970Z,2026-05-04 18:13:48.970,122657,33,3811,15,107
2026-05-04T22:13:49.010Z,2026-05-04 18:13:49.010,122657,34,3802,16,46
2026-05-04T22:13:49.050Z,2026-05-04 18:13:49.050,122657,35,3820,21,-25
2026-05-04T22:13:49.090Z,2026-05-04 18:13:49.090,122657,36,3803,18,-78
2026-05-04T22:13:49.130Z,2026-05-04 18:13:49.130,122657,37,3801,11,-102
2026-05-04T22:13:49.170Z,2026-05-04 18:13:49.170,122657,38,3814,18,-60
2026-05-04T22:13:49.210Z,2026-05-04 18:13:49.210,122657,39,3816,24,-8
2026-05-04T22:13:49.250Z,2026-05-04 18:13:49.250,122657,40,3814,6,94
2026-05-04T22:13:49.290Z,2026-05-04 18:13:49.290,122657,41,3827,13,152
2026-05-04T22:13:49.330Z,2026-05-04 18:13:49.330,122657,42,3822,9,174
2026-05-04T22:13:49.370Z,2026-05-04 18:13:49.370,122657,43,3813,8,167
2026-05-04T22:13:49.410Z,2026-05-04 18:13:49.410,122657,44,3827,22,122
2026-05-04T22:13:49.450Z,2026-05-04 18:13:49.450,122657,45,3820,22,56
2026-05-04T22:13:49.490Z,2026-05-04 18:13:49.490,122657,46,3805,26,-24
2026-05-04T22:13:49.530Z,2026-05-04 18:13:49.530,122657,47,3808,0,-83
2026-05-04T22:13:49.570Z,2026-05-04 18:13:49.570,122657,48,3800,19,-87
2026-05-04T22:13:49.610Z,2026-05-04 18:13:49.610,122657,49,3805,15,-67
2026-05-04T22:13:49.650Z,2026-05-04 18:13:49.650,122657,50,3802,19,-10
2026-05-04T22:13:49.690Z,2026-05-04 18:13:49.690,122657,51,3816,12,70
2026-05-04T22:13:49.730Z,2026-05-04 18:13:49.730,122657,52,3820,13,134
2026-05-04T22:13:49.770Z,2026-05-04 18:13:49.770,122657,53,3819,6,169
2026-05-04T22:13:49.810Z,2026-05-04 18:13:49.810,122657,54,3824,11,166
2026-05-04T22:13:49.850Z,2026-05-04 18:13:49.850,122657,55,3811,24,126
2026-05-04T22:13:49.890Z,2026-05-04 18:13:49.890,122657,56,3802,17,71
2026-05-04T22:13:49.930Z,2026-05-04 18:13:49.930,122657,57,3802,10,-4
2026-05-04T22:13:49.970Z,2026-05-04 18:13:49.970,122657,58,3801,5,-57
2026-05-04T22:13:50.010Z,2026-05-04 18:13:50.010,122657,59,3802,7,-85
2026-05-04T22:13:50.050Z,2026-05-04 18:13:50.050,122657,60,3811,21,-65
2026-05-04T22:13:50.090Z,2026-05-04 18:13:50.090,122657,61,3812,3,-16
2026-05-04T22:13:50.130Z,2026-05-04 18:13:50.130,122657,62,3817,11,54
2026-05-04T22:13:50.170Z,2026-05-04 18:13:50.170,122657,63,3814,4,130
2026-05-04T22:13:50.210Z,2026-05-04 18:13:50.210,122657,64,3820,6,158
2026-05-04T22:13:50.250Z,2026-05-04 18:13:50.250,122657,65,3833,17,178
2026-05-04T22:13:50.290Z,2026-05-04 18:13:50.290,122657,66,3817,22,140
2026-05-04T22:13:50.330Z,2026-05-04 18:13:50.330,122657,67,3831,9,75
2026-05-04T22:13:50.370Z,2026-05-04 18:13:50.370,122657,68,3818,8,7
2026-05-04T22:13:50.410Z,2026-05-04 18:13:50.410,122657,69,3799,10,-64
2026-05-04T22:13:50.450Z,2026-05-04 18:13:50.450,122657,70,3807,14,-84
2026-05-04T22:13:50.490Z,2026-05-04 18:13:50.490,122657,71,3805,10,-71
2026-05-04T22:13:50.530Z,2026-05-04 18:13:50.530,122657,72,3806,21,-26
2026-05-04T22:13:50.570Z,2026-05-04 18:13:50.570,122657,73,3817,8,58
2026-05-04T22:13:50.610Z,2026-05-04 18:13:50.610,122657,74,3823,6,109
2026-05-04T22:13:50.650Z,2026-05-04 18:13:50.650,122657,75,3822,3,162
2026-05-04T22:13:50.690Z,2026-05-04 18:13:50.690,122657,76,3836,-3,168
2026-05-04T22:13:50.730Z,2026-05-04 18:13:50.730,122657,77,3821,9,137
2026-05-04T22:13:50.770Z,2026-05-04 18:13:50.770,122657,78,3821,11,91
2026-05-04T22:13:50.810Z,2026-05-04 18:13:50.810,122657,79,3823,13,8
2026-05-04T22:13:50.850Z,2026-05-04 18:13:50.850,122657,80,3809,13,-43
2026-05-04T22:13:50.890Z,2026-05-04 18:13:50.890,122657,81,3808,3,-63
2026-05-04T22:13:50.930Z,2026-05-04 18:13:50.930,122657,82,3801,5,-67
2026-05-04T22:13:50.970Z,2026-05-04 18:13:50.970,122657,83,3807,18,-32
2026-05-04T22:13:51.010Z,2026-05-04 18:13:51.010,122657,84,3809,12,44
2026-05-04T22:13:51.050Z,2026-05-04 18:13:51.050,122657,85,3825,6,105
2026-05-04T22:13:51.090Z,2026-05-04 18:13:51.090,122657,86,3821,10,150
2026-05-04T22:13:51.130Z,2026-05-04 18:13:51.130,122657,87,3823,17,156
2026-05-04T22:13:51.170Z,2026-05-04 18:13:51.170,122657,88,3826,18,150
2026-05-04T22:13:51.210Z,2026-05-04 18:13:51.210,122657,89,3815,29,98
2026-05-04T22:13:51.250Z,2026-05-04 18:13:51.250,122657,90,3810,5,22
2026-05-04T22:13:51.290Z,2026-05-04 18:13:51.290,122657,91,3804,19,-35
2026-05-04T22:13:51.330Z,2026-05-04 18:13:51.330,122657,92,3817,9,-62
2026-05-04T22:13:51.370Z,2026-05-04 18:13:51.370,122657,93,3805,6,-67
2026-05-04T22:13:51.410Z,2026-05-04 18:13:51.410,122657,94,3800,18,-32
2026-05-04T22:13:51.450Z,2026-05-04 18:13:51.450,122657,95,3816,20,35
2026-05-04T22:13:51.490Z,2026-05-04 18:13:51.490,122657,96,3825,1,91
2026-05-04T22:13:51.530Z,2026-05-04 18:13:51.530,122657,97,3817,7,134
2026-05-04T22:13:51.570Z,2026-05-04 18:13:51.570,122657,98,3818,10,163
2026-05-04T22:13:51.610Z,2026-05-04 18:13:51.610,122657,99,3809,21,151
2026-05-04T22:13:51.650Z,2026-05-04 18:13:51.650,122657,100,3814,18,102
2026-05-04T22:13:51.690Z,2026-05-04 18:13:51.690,122658,1,3817,20,35
2026-05-04T22:13:51.730Z,2026-05-04 18:13:51.730,122658,2,3810,6,-20
2026-05-04T22:13:51.770Z,2026-05-04 18:13:51.770,122658,3,3802,0,-59
2026-05-04T22:13:51.810Z,2026-05-04 18:13:51.810,122658,4,3798,10,-59
2026-05-04T22:13:51.850Z,2026-05-04 18:13:51.850,122658,5,3815,12,-30
2026-05-04T22:13:51.890Z,2026-05-04 18:13:51.890,122658,6,3809,14,28
2026-05-04T22:13:51.930Z,2026-05-04 18:13:51.930,122658,7,3816,9,87
2026-05-04T22:13:51.970Z,2026-05-04 18:13:51.970,122658,8,3822,28,138
2026-05-04T22:13:52.010Z,2026-05-04 18:13:52.010,122658,9,3820,20,151
2026-05-04T22:13:52.050Z,2026-05-04 18:13:52.050,122658,10,3820,2,145
2026-05-04T22:13:52.090Z,2026-05-04 18:13:52.090,122658,11,3818,13,112
2026-05-04T22:13:52.130Z,2026-05-04 18:13:52.130,122658,12,3829,13,44
2026-05-04T22:13:52.170Z,2026-05-04 18:13:52.170,122658,13,3805,9,-12
2026-05-04T22:13:52.210Z,2026-05-04 18:13:52.210,122658,14,3823,16,-52
2026-05-04T22:13:52.250Z,2026-05-04 18:13:52.250,122658,15,3818,-6,-69
2026-05-04T22:13:52.290Z,2026-05-04 18:13:52.290,122658,16,3815,10,-41
2026-05-04T22:13:52.330Z,2026-05-04 18:13:52.330,122658,17,3828,23,5
2026-05-04T22:13:52.370Z,2026-05-04 18:13:52.370,122658,18,3823,14,79
2026-05-04T22:13:52.410Z,2026-05-04 18:13:52.410,122658,19,3806,6,121
2026-05-04T22:13:52.450Z,2026-05-04 18:13:52.450,122658,20,3825,15,162
2026-05-04T22:13:52.490Z,2026-05-04 18:13:52.490,122658,21,3822,18,149
2026-05-04T22:13:52.530Z,2026-05-04 18:13:52.530,122658,22,3827,23,107
2026-05-04T22:13:52.570Z,2026-05-04 18:13:52.570,122658,23,3829,11,48
2026-05-04T22:13:52.610Z,2026-05-04 18:13:52.610,122658,24,3809,21,11
2026-05-04T22:13:52.650Z,2026-05-04 18:13:52.650,122658,25,3809,16,-51
2026-05-04T22:13:52.690Z,2026-05-04 18:13:52.690,122658,26,3801,12,-61
2026-05-04T22:13:52.730Z,2026-05-04 18:13:52.730,122658,27,3804,6,-55
2026-05-04T22:13:52.770Z,2026-05-04 18:13:52.770,122658,28,3814,16,14
2026-05-04T22:13:52.810Z,2026-05-04 18:13:52.810,122658,29,3811,22,75
2026-05-04T22:13:52.850Z,2026-05-04 18:13:52.850,122658,30,3828,18,108
2026-05-04T22:13:52.890Z,2026-05-04 18:13:52.890,122658,31,3831,7,149
2026-05-04T22:13:52.930Z,2026-05-04 18:13:52.930,122658,32,3816,13,157
2026-05-04T22:13:52.970Z,2026-05-04 18:13:52.970,122658,33,3808,22,113
2026-05-04T22:13:53.010Z,2026-05-04 18:13:53.010,122658,34,3816,26,64
2026-05-04T22:13:53.050Z,2026-05-04 18:13:53.050,122658,35,3816,11,7
2026-05-04T22:13:53.090Z,2026-05-04 18:13:53.090,122658,36,3807,20,-52
2026-05-04T22:13:53.130Z,2026-05-04 18:13:53.130,122658,37,3816,10,-48
2026-05-04T22:13:53.170Z,2026-05-04 18:13:53.170,122658,38,3810,7,-38
2026-05-04T22:13:53.210Z,2026-05-04 18:13:53.210,122658,39,3813,8,7
2026-05-04T22:13:53.250Z,2026-05-04 18:13:53.250,122658,40,3831,4,56
2026-05-04T22:13:53.290Z,2026-05-04 18:13:53.290,122658,41,3819,19,104
2026-05-04T22:13:53.330Z,2026-05-04 18:13:53.330,122658,42,3825,19,142
2026-05-04T22:13:53.370Z,2026-05-04 18:13:53.370,122658,43,3825,14,146
2026-05-04T22:13:53.410Z,2026-05-04 18:13:53.410,122658,44,3809,13,119
2026-05-04T22:13:53.450Z,2026-05-04 18:13:53.450,122658,45,3809,23,67
2026-05-04T22:13:53.490Z,2026-05-04 18:13:53.490,122658,46,3799,5,12
2026-05-04T22:13:53.530Z,2026-05-04 18:13:53.530,122658,47,3806,10,-35
2026-05-04T22:13:53.570Z,2026-05-04 18:13:53.570,122658,48,3806,8,-57
2026-05-04T22:13:53.610Z,2026-05-04 18:13:53.610,122658,49,3806,9,-48
2026-05-04T22:13:53.650Z,2026-05-04 18:13:53.650,122658,50,3818,8,4
2026-05-04T22:13:53.690Z,2026-05-04 18:13:53.690,122658,51,3817,8,46
2026-05-04T22:13:53.730Z,2026-05-04 18:13:53.730,122658,52,3826,14,107
2026-05-04T22:13:53.770Z,2026-05-04 18:13:53.770,122658,53,3809,12,147
2026-05-04T22:13:53.810Z,2026-05-04 18:13:53.810,122658,54,3817,18,145
2026-05-04T22:13:53.850Z,2026-05-04 18:13:53.850,122658,55,3821,23,127
2026-05-04T22:13:53.890Z,2026-05-04 18:13:53.890,122658,56,3817,16,70
2026-05-04T22:13:53.930Z,2026-05-04 18:13:53.930,122658,57,3816,7,10
2026-05-04T22:13:53.970Z,2026-05-04 18:13:53.970,122658,58,3796,20,-41
2026-05-04T22:13:54.010Z,2026-05-04 18:13:54.010,122658,59,3816,1,-61
2026-05-04T22:13:54.050Z,2026-05-04 18:13:54.050,122658,60,3803,7,-41
2026-05-04T22:13:54.090Z,2026-05-04 18:13:54.090,122658,61,3801,12,-18
2026-05-04T22:13:54.130Z,2026-05-04 18:13:54.130,122658,62,3816,17,40
2026-05-04T22:13:54.170Z,2026-05-04 18:13:54.170,122658,63,3811,15,89
2026-05-04T22:13:54.210Z,2026-05-04 18:13:54.210,122658,64,3824,0,121
2026-05-04T22:13:54.250Z,2026-05-04 18:13:54.250,122658,65,3824,5,144
2026-05-04T22:13:54.290Z,2026-05-04 18:13:54.290,122658,66,3816,14,122
2026-05-04T22:13:54.330Z,2026-05-04 18:13:54.330,122658,67,3818,15,90
2026-05-04T22:13:54.370Z,2026-05-04 18:13:54.370,122658,68,3802,27,39
2026-05-04T22:13:54.410Z,2026-05-04 18:13:54.410,122658,69,3808,6,-18
2026-05-04T22:13:54.450Z,2026-05-04 18:13:54.450,122658,70,3810,0,-43
2026-05-04T22:13:54.490Z,2026-05-04 18:13:54.490,122658,71,3801,3,-37
2026-05-04T22:13:54.530Z,2026-05-04 18:13:54.530,122658,72,3804,2,-20
2026-05-04T22:13:54.570Z,2026-05-04 18:13:54.570,122658,73,3808,17,33
2026-05-04T22:13:54.610Z,2026-05-04 18:13:54.610,122658,74,3822,7,80
2026-05-04T22:13:54.650Z,2026-05-04 18:13:54.650,122658,75,3823,10,126
2026-05-04T22:13:54.690Z,2026-05-04 18:13:54.690,122658,76,3821,8,141
2026-05-04T22:13:54.730Z,2026-05-04 18:13:54.730,122658,77,3827,24,126
2026-05-04T22:13:54.770Z,2026-05-04 18:13:54.770,122658,78,3802,18,84
2026-05-04T22:13:54.810Z,2026-05-04 18:13:54.810,122658,79,3828,25,28
2026-05-04T22:13:54.850Z,2026-05-04 18:13:54.850,122658,80,3798,7,-21
2026-05-04T22:13:54.890Z,2026-05-04 18:13:54.890,122658,81,3813,7,-44
2026-05-04T22:13:54.930Z,2026-05-04 18:13:54.930,122658,82,3828,9,-35
2026-05-04T22:13:54.970Z,2026-05-04 18:13:54.970,122658,83,3812,5,-30
2026-05-04T22:13:55.010Z,2026-05-04 18:13:55.010,122658,84,3811,10,32
2026-05-04T22:13:55.050Z,2026-05-04 18:13:55.050,122658,85,3820,15,81
2026-05-04T22:13:55.090Z,2026-05-04 18:13:55.090,122658,86,3803,1,122
2026-05-04T22:13:55.130Z,2026-05-04 18:13:55.130,122658,87,3817,0,135
2026-05-04T22:13:55.170Z,2026-05-04 18:13:55.170,122658,88,3819,11,132
2026-05-04T22:13:55.210Z,2026-05-04 18:13:55.210,122658,89,3810,11,99
2026-05-04T22:13:55.250Z,2026-05-04 18:13:55.250,122658,90,3800,21,28
2026-05-04T22:13:55.290Z,2026-05-04 18:13:55.290,122658,91,3814,11,-4
2026-05-04T22:13:55.330Z,2026-05-04 18:13:55.330,122658,92,3804,16,-47
2026-05-04T22:13:55.370Z,2026-05-04 18:13:55.370,122658,93,3804,21,-37
2026-05-04T22:13:55.410Z,2026-05-04 18:13:55.410,122658,94,3808,14,-25
2026-05-04T22:13:55.450Z,2026-05-04 18:13:55.450,122658,95,3805,11,18
2026-05-04T22:13:55.490Z,2026-05-04 18:13:55.490,122658,96,3815,3,67
2026-05-04T22:13:55.530Z,2026-05-04 18:13:55.530,122658,97,3818,13,107
2026-05-04T22:13:55.570Z,2026-05-04 18:13:55.570,122658,98,3814,22,131
2026-05-04T22:13:55.610Z,2026-05-04 18:13:55.610,122658,99,3811,11,130
2026-05-04T22:13:55.650Z,2026-05-04 18:13:55.650,122658,100,3810,14,95
2026-05-04T22:13:55.690Z,2026-05-04 18:13:55.690,122659,1,3816,4,49
2026-05-04T22:13:55.730Z,2026-05-04 18:13:55.730,122659,2,3813,8,6
2026-05-04T22:13:55.770Z,2026-05-04 18:13:55.770,122659,3,3806,19,-36
2026-05-04T22:13:55.810Z,2026-05-04 18:13:55.810,122659,4,3806,20,-41
2026-05-04T22:13:55.850Z,2026-05-04 18:13:55.850,122659,5,3813,4,-35
2026-05-04T22:13:55.890Z,2026-05-04 18:13:55.890,122659,6,3821,-6,11
2026-05-04T22:13:55.930Z,2026-05-04 18:13:55.930,122659,7,3824,8,55
2026-05-04T22:13:55.970Z,2026-05-04 18:13:55.970,122659,8,3817,21,104
2026-05-04T22:13:56.010Z,2026-05-04 18:13:56.010,122659,9,3823,21,131
2026-05-04T22:13:56.050Z,2026-05-04 18:13:56.050,122659,10,3833,26,133
2026-05-04T22:13:56.090Z,2026-05-04 18:13:56.090,122659,11,3812,17,95
2026-05-04T22:13:56.130Z,2026-05-04 18:13:56.130,122659,12,3812,15,61
2026-05-04T22:13:56.170Z,2026-05-04 18:13:56.170,122659,13,3813,14,19
2026-05-04T22:13:56.210Z,2026-05-04 18:13:56.210,122659,14,3802,14,-25
2026-05-04T22:13:56.250Z,2026-05-04 18:13:56.250,122659,15,3802,-8,-40
2026-05-04T22:13:56.290Z,2026-05-04 18:13:56.290,122659,16,3806,21,-35
2026-05-04T22:13:56.330Z,2026-05-04 18:13:56.330,122659,17,3816,5,16
2026-05-04T22:13:56.370Z,2026-05-04 18:13:56.370,122659,18,3812,11,50
2026-05-04T22:13:56.410Z,2026-05-04 18:13:56.410,122659,19,3821,13,99
2026-05-04T22:13:56.450Z,2026-05-04 18:13:56.450,122659,20,3822,4,113
2026-05-04T22:13:56.490Z,2026-05-04 18:13:56.490,122659,21,3815,20,132
2026-05-04T22:13:56.530Z,2026-05-04 18:13:56.530,122659,22,3808,15,104
2026-05-04T22:13:56.570Z,2026-05-04 18:13:56.570,122659,23,3813,7,69
2026-05-04T22:13:56.610Z,2026-05-04 18:13:56.610,122659,24,3813,13,21
2026-05-04T22:13:56.650Z,2026-05-04 18:13:56.650,122659,25,3808,6,-30
2026-05-04T22:13:56.690Z,2026-05-04 18:13:56.690,122659,26,3791,28,-39
2026-05-04T22:13:56.730Z,2026-05-04 18:13:56.730,122659,27,3805,25,-20
2026-05-04T22:13:56.770Z,2026-05-04 18:13:56.770,122659,28,3812,23,9
2026-05-04T22:13:56.810Z,2026-05-04 18:13:56.810,122659,29,3819,18,44
2026-05-04T22:13:56.850Z,2026-05-04 18:13:56.850,122659,30,3812,12,102
2026-05-04T22:13:56.890Z,2026-05-04 18:13:56.890,122659,31,3821,2,124
2026-05-04T22:13:56.930Z,2026-05-04 18:13:56.930,122659,32,3823,3,119
2026-05-04T22:13:56.970Z,2026-05-04 18:13:56.970,122659,33,3806,18,109
2026-05-04T22:13:57.010Z,2026-05-04 18:13:57.010,122659,34,3810,23,70
2026-05-04T22:13:57.050Z,2026-05-04 18:13:57.050,122659,35,3817,7,34
2026-05-04T22:13:57.090Z,2026-05-04 18:13:57.090,122659,36,3800,6,-16
2026-05-04T22:13:57.130Z,2026-05-04 18:13:57.130,122659,37,3811,5,-32
2026-05-04T22:13:57.170Z,2026-05-04 18:13:57.170,122659,38,3819,12,-16
2026-05-04T22:13:57.210Z,2026-05-04 18:13:57.210,122659,39,3804,12,5
2026-05-04T22:13:57.250Z,2026-05-04 18:13:57.250,122659,40,3806,9,45
2026-05-04T22:13:57.290Z,2026-05-04 18:13:57.290,122659,41,3808,8,87
2026-05-04T22:13:57.330Z,2026-05-04 18:13:57.330,122659,42,3818,16,120
2026-05-04T22:13:57.370Z,2026-05-04 18:13:57.370,122659,43,3821,12,123
2026-05-04T22:13:57.410Z,2026-05-04 18:13:57.410,122659,44,3817,17,118
2026-05-04T22:13:57.450Z,2026-05-04 18:13:57.450,122659,45,3809,20,73
2026-05-04T22:13:57.490Z,2026-05-04 18:13:57.490,122659,46,3815,7,24
2026-05-04T22:13:57.530Z,2026-05-04 18:13:57.530,122659,47,3813,6,-11
2026-05-04T22:13:57.570Z,2026-05-04 18:13:57.570,122659,48,3810,10,-40
2026-05-04T22:13:57.610Z,2026-05-04 18:13:57.610,122659,49,3803,7,-23
2026-05-04T22:13:57.650Z,2026-05-04 18:13:57.650,122659,50,3821,8,-3
2026-05-04T22:13:57.690Z,2026-05-04 18:13:57.690,122659,51,3818,15,37
2026-05-04T22:13:57.730Z,2026-05-04 18:13:57.730,122659,52,3819,24,71
2026-05-04T22:13:57.770Z,2026-05-04 18:13:57.770,122659,53,3815,9,115
2026-05-04T22:13:57.810Z,2026-05-04 18:13:57.810,122659,54,3819,22,118
2026-05-04T22:13:57.850Z,2026-05-04 18:13:57.850,122659,55,3817,-2,106
2026-05-04T22:13:57.890Z,2026-05-04 18:13:57.890,122659,56,3806,19,79
2026-05-04T22:13:57.930Z,2026-05-04 18:13:57.930,122659,57,3805,-1,16
2026-05-04T22:13:57.970Z,2026-05-04 18:13:57.970,122659,58,3810,7,-5
2026-05-04T22:13:58.010Z,2026-05-04 18:13:58.010,122659,59,3797,-2,-26
2026-05-04T22:13:58.050Z,2026-05-04 18:13:58.050,122659,60,3807,-9,-36
2026-05-04T22:13:58.090Z,2026-05-04 18:13:58.090,122659,61,3817,15,-14
2026-05-04T22:13:58.130Z,2026-05-04 18:13:58.130,122659,62,3810,31,36
2026-05-04T22:13:58.170Z,2026-05-04 18:13:58.170,122659,63,3813,18,57
2026-05-04T22:13:58.210Z,2026-05-04 18:13:58.210,122659,64,3812,13,108
2026-05-04T22:13:58.250Z,2026-05-04 18:13:58.250,122659,65,3816,21,110
2026-05-04T22:13:58.290Z,2026-05-04 18:13:58.290,122659,66,3826,6,115
2026-05-04T22:13:58.330Z,2026-05-04 18:13:58.330,122659,67,3807,18,83
2026-05-04T22:13:58.370Z,2026-05-04 18:13:58.370,122659,68,3808,25,45
2026-05-04T22:13:58.410Z,2026-05-04 18:13:58.410,122659,69,3804,5,1
2026-05-04T22:13:58.450Z,2026-05-04 18:13:58.450,122659,70,3794,13,-19
2026-05-04T22:13:58.490Z,2026-05-04 18:13:58.490,122659,71,3802,17,-19
2026-05-04T22:13:58.530Z,2026-05-04 18:13:58.530,122659,72,3803,-2,11
2026-05-04T22:13:58.570Z,2026-05-04 18:13:58.570,122659,73,3825,25,23
2026-05-04T22:13:58.610Z,2026-05-04 18:13:58.610,122659,74,3814,23,66
2026-05-04T22:13:58.650Z,2026-05-04 18:13:58.650,122659,75,3813,13,100
2026-05-04T22:13:58.690Z,2026-05-04 18:13:58.690,122659,76,3823,3,104
2026-05-04T22:13:58.730Z,2026-05-04 18:13:58.730,122659,77,3820,19,102
2026-05-04T22:13:58.770Z,2026-05-04 18:13:58.770,122659,78,3802,17,83
2026-05-04T22:13:58.810Z,2026-05-04 18:13:58.810,122659,79,3820,10,36
2026-05-04T22:13:58.850Z,2026-05-04 18:13:58.850,122659,80,3807,9,23
2026-05-04T22:13:58.890Z,2026-05-04 18:13:58.890,122659,81,3809,16,-27
2026-05-04T22:13:58.930Z,2026-05-04 18:13:58.930,122659,82,3811,6,-23
2026-05-04T22:13:58.970Z,2026-05-04 18:13:58.970,122659,83,3811,7,1
2026-05-04T22:13:59.010Z,2026-05-04 18:13:59.010,122659,84,3824,23,22
2026-05-04T22:13:59.050Z,2026-05-04 18:13:59.050,122659,85,3822,12,66
2026-05-04T22:13:59.090Z,2026-05-04 18:13:59.090,122659,86,3809,6,86
2026-05-04T22:13:59.130Z,2026-05-04 18:13:59.130,122659,87,3813,17,105
2026-05-04T22:13:59.170Z,2026-05-04 18:13:59.170,122659,88,3813,9,111
2026-05-04T22:13:59.210Z,2026-05-04 18:13:59.210,122659,89,3808,34,90
2026-05-04T22:13:59.250Z,2026-05-04 18:13:59.250,122659,90,3800,7,49
2026-05-04T22:13:59.290Z,2026-05-04 18:13:59.290,122659,91,3813,10,20
2026-05-04T22:13:59.330Z,2026-05-04 18:13:59.330,122659,92,3807,11,-4
2026-05-04T22:13:59.370Z,2026-05-04 18:13:59.370,122659,93,3790,2,-22
2026-05-04T22:13:59.410Z,2026-05-04 18:13:59.410,122659,94,3798,4,-28
2026-05-04T22:13:59.450Z,2026-05-04 18:13:59.450,122659,95,3812,18,18
2026-05-04T22:13:59.490Z,2026-05-04 18:13:59.490,122659,96,3821,9,56
2026-05-04T22:13:59.530Z,2026-05-04 18:13:59.530,122659,97,3824,23,90
2026-05-04T22:13:59.570Z,2026-05-04 18:13:59.570,122659,98,3821,4,105
2026-05-04T22:13:59.610Z,2026-05-04 18:13:59.610,122659,99,3819,18,106
2026-05-04T22:13:59.650Z,2026-05-04 18:13:59.650,122659,100,3832,4,88
2026-05-04T22:13:59.690Z,2026-05-04 18:13:59.690,122660,1,3815,22,46
2026-05-04T22:13:59.730Z,2026-05-04 18:13:59.730,122660,2,3812,16,19
2026-05-04T22:13:59.770Z,2026-05-04 18:13:59.770,122660,3,3802,1,-13
2026-05-04T22:13:59.810Z,2026-05-04 18:13:59.810,122660,4,3823,11,-13
2026-05-04T22:13:59.850Z,2026-05-04 18:13:59.850,122660,5,3820,19,-14
2026-05-04T22:13:59.890Z,2026-05-04 18:13:59.890,122660,6,3820,10,20
2026-05-04T22:13:59.930Z,2026-05-04 18:13:59.930,122660,7,3814,9,44
2026-05-04T22:13:59.970Z,2026-05-04 18:13:59.970,122660,8,3813,16,87
