sample_ts_utc,sample_ts_et,batch_id,sample_in_batch,x_raw,y_raw,z_raw
2026-05-03T11:56:00.036Z,2026-05-03 07:56:00.036,91759,51,-2521,-2876,295
2026-05-03T11:56:00.076Z,2026-05-03 07:56:00.076,91759,52,-2522,-2885,301
2026-05-03T11:56:00.116Z,2026-05-03 07:56:00.116,91759,53,-2528,-2863,279
2026-05-03T11:56:00.156Z,2026-05-03 07:56:00.156,91759,54,-2537,-2878,291
2026-05-03T11:56:00.196Z,2026-05-03 07:56:00.196,91759,55,-2518,-2884,295
2026-05-03T11:56:00.236Z,2026-05-03 07:56:00.236,91759,56,-2526,-2898,294
2026-05-03T11:56:00.276Z,2026-05-03 07:56:00.276,91759,57,-2526,-2865,289
2026-05-03T11:56:00.316Z,2026-05-03 07:56:00.316,91759,58,-2516,-2879,292
2026-05-03T11:56:00.356Z,2026-05-03 07:56:00.356,91759,59,-2528,-2871,288
2026-05-03T11:56:00.396Z,2026-05-03 07:56:00.396,91759,60,-2531,-2879,295
2026-05-03T11:56:00.436Z,2026-05-03 07:56:00.436,91759,61,-2530,-2880,279
2026-05-03T11:56:00.476Z,2026-05-03 07:56:00.476,91759,62,-2521,-2876,292
2026-05-03T11:56:00.516Z,2026-05-03 07:56:00.516,91759,63,-2532,-2873,302
2026-05-03T11:56:00.556Z,2026-05-03 07:56:00.556,91759,64,-2537,-2877,281
2026-05-03T11:56:00.596Z,2026-05-03 07:56:00.596,91759,65,-2519,-2863,279
2026-05-03T11:56:00.636Z,2026-05-03 07:56:00.636,91759,66,-2546,-2874,294
2026-05-03T11:56:00.676Z,2026-05-03 07:56:00.676,91759,67,-2529,-2884,291
2026-05-03T11:56:00.716Z,2026-05-03 07:56:00.716,91759,68,-2535,-2881,296
2026-05-03T11:56:00.756Z,2026-05-03 07:56:00.756,91759,69,-2524,-2873,285
2026-05-03T11:56:00.796Z,2026-05-03 07:56:00.796,91759,70,-2529,-2864,286
2026-05-03T11:56:00.836Z,2026-05-03 07:56:00.836,91759,71,-2536,-2880,280
2026-05-03T11:56:00.876Z,2026-05-03 07:56:00.876,91759,72,-2521,-2894,298
2026-05-03T11:56:00.916Z,2026-05-03 07:56:00.916,91759,73,-2543,-2865,299
2026-05-03T11:56:00.956Z,2026-05-03 07:56:00.956,91759,74,-2524,-2880,279
2026-05-03T11:56:00.996Z,2026-05-03 07:56:00.996,91759,75,-2532,-2881,290
2026-05-03T11:56:01.036Z,2026-05-03 07:56:01.036,91759,76,-2531,-2869,294
2026-05-03T11:56:01.076Z,2026-05-03 07:56:01.076,91759,77,-2536,-2880,290
2026-05-03T11:56:01.116Z,2026-05-03 07:56:01.116,91759,78,-2519,-2873,282
2026-05-03T11:56:01.156Z,2026-05-03 07:56:01.156,91759,79,-2535,-2872,292
2026-05-03T11:56:01.196Z,2026-05-03 07:56:01.196,91759,80,-2524,-2892,301
2026-05-03T11:56:01.236Z,2026-05-03 07:56:01.236,91759,81,-2530,-2881,295
2026-05-03T11:56:01.276Z,2026-05-03 07:56:01.276,91759,82,-2536,-2874,297
2026-05-03T11:56:01.316Z,2026-05-03 07:56:01.316,91759,83,-2538,-2874,294
2026-05-03T11:56:01.356Z,2026-05-03 07:56:01.356,91759,84,-2515,-2884,281
2026-05-03T11:56:01.396Z,2026-05-03 07:56:01.396,91759,85,-2513,-2863,288
2026-05-03T11:56:01.436Z,2026-05-03 07:56:01.436,91759,86,-2533,-2876,285
2026-05-03T11:56:01.476Z,2026-05-03 07:56:01.476,91759,87,-2517,-2871,292
2026-05-03T11:56:01.516Z,2026-05-03 07:56:01.516,91759,88,-2529,-2880,301
2026-05-03T11:56:01.556Z,2026-05-03 07:56:01.556,91759,89,-2530,-2876,284
2026-05-03T11:56:01.596Z,2026-05-03 07:56:01.596,91759,90,-2517,-2871,283
2026-05-03T11:56:01.636Z,2026-05-03 07:56:01.636,91759,91,-2533,-2874,297
2026-05-03T11:56:01.676Z,2026-05-03 07:56:01.676,91759,92,-2536,-2883,297
2026-05-03T11:56:01.716Z,2026-05-03 07:56:01.716,91759,93,-2521,-2884,285
2026-05-03T11:56:01.756Z,2026-05-03 07:56:01.756,91759,94,-2533,-2875,289
2026-05-03T11:56:01.796Z,2026-05-03 07:56:01.796,91759,95,-2521,-2876,290
2026-05-03T11:56:01.836Z,2026-05-03 07:56:01.836,91759,96,-2523,-2874,298
2026-05-03T11:56:01.876Z,2026-05-03 07:56:01.876,91759,97,-2532,-2875,297
2026-05-03T11:56:01.916Z,2026-05-03 07:56:01.916,91759,98,-2529,-2883,282
2026-05-03T11:56:01.956Z,2026-05-03 07:56:01.956,91759,99,-2524,-2863,293
2026-05-03T11:56:01.996Z,2026-05-03 07:56:01.996,91759,100,-2521,-2878,282
2026-05-03T11:56:02.036Z,2026-05-03 07:56:02.036,91760,1,-2539,-2871,288
2026-05-03T11:56:02.076Z,2026-05-03 07:56:02.076,91760,2,-2535,-2865,282
2026-05-03T11:56:02.116Z,2026-05-03 07:56:02.116,91760,3,-2534,-2875,286
2026-05-03T11:56:02.156Z,2026-05-03 07:56:02.156,91760,4,-2525,-2876,287
2026-05-03T11:56:02.196Z,2026-05-03 07:56:02.196,91760,5,-2532,-2859,288
2026-05-03T11:56:02.236Z,2026-05-03 07:56:02.236,91760,6,-2512,-2879,294
2026-05-03T11:56:02.276Z,2026-05-03 07:56:02.276,91760,7,-2538,-2890,285
2026-05-03T11:56:02.316Z,2026-05-03 07:56:02.316,91760,8,-2523,-2868,285
2026-05-03T11:56:02.356Z,2026-05-03 07:56:02.356,91760,9,-2524,-2879,285
2026-05-03T11:56:02.396Z,2026-05-03 07:56:02.396,91760,10,-2536,-2883,285
2026-05-03T11:56:02.436Z,2026-05-03 07:56:02.436,91760,11,-2528,-2883,285
2026-05-03T11:56:02.476Z,2026-05-03 07:56:02.476,91760,12,-2524,-2883,285
2026-05-03T11:56:02.516Z,2026-05-03 07:56:02.516,91760,13,-2529,-2874,295
2026-05-03T11:56:02.556Z,2026-05-03 07:56:02.556,91760,14,-2539,-2883,287
2026-05-03T11:56:02.596Z,2026-05-03 07:56:02.596,91760,15,-2524,-2881,272
2026-05-03T11:56:02.636Z,2026-05-03 07:56:02.636,91760,16,-2527,-2879,288
2026-05-03T11:56:02.676Z,2026-05-03 07:56:02.676,91760,17,-2519,-2879,288
2026-05-03T11:56:02.716Z,2026-05-03 07:56:02.716,91760,18,-2540,-2867,290
2026-05-03T11:56:02.756Z,2026-05-03 07:56:02.756,91760,19,-2526,-2873,293
2026-05-03T11:56:02.796Z,2026-05-03 07:56:02.796,91760,20,-2530,-2888,288
2026-05-03T11:56:02.836Z,2026-05-03 07:56:02.836,91760,21,-2543,-2867,295
2026-05-03T11:56:02.876Z,2026-05-03 07:56:02.876,91760,22,-2529,-2872,291
2026-05-03T11:56:02.916Z,2026-05-03 07:56:02.916,91760,23,-2539,-2872,291
2026-05-03T11:56:02.956Z,2026-05-03 07:56:02.956,91760,24,-2525,-2879,283
2026-05-03T11:56:02.996Z,2026-05-03 07:56:02.996,91760,25,-2530,-2867,286
2026-05-03T11:56:03.036Z,2026-05-03 07:56:03.036,91760,26,-2524,-2874,284
2026-05-03T11:56:03.076Z,2026-05-03 07:56:03.076,91760,27,-2519,-2874,296
2026-05-03T11:56:03.116Z,2026-05-03 07:56:03.116,91760,28,-2533,-2871,293
2026-05-03T11:56:03.156Z,2026-05-03 07:56:03.156,91760,29,-2521,-2875,299
2026-05-03T11:56:03.196Z,2026-05-03 07:56:03.196,91760,30,-2518,-2868,276
2026-05-03T11:56:03.236Z,2026-05-03 07:56:03.236,91760,31,-2522,-2887,291
2026-05-03T11:56:03.276Z,2026-05-03 07:56:03.276,91760,32,-2531,-2884,280
2026-05-03T11:56:03.316Z,2026-05-03 07:56:03.316,91760,33,-2531,-2879,294
2026-05-03T11:56:03.356Z,2026-05-03 07:56:03.356,91760,34,-2524,-2880,294
2026-05-03T11:56:03.396Z,2026-05-03 07:56:03.396,91760,35,-2528,-2870,288
2026-05-03T11:56:03.436Z,2026-05-03 07:56:03.436,91760,36,-2536,-2884,294
2026-05-03T11:56:03.476Z,2026-05-03 07:56:03.476,91760,37,-2519,-2871,292
2026-05-03T11:56:03.516Z,2026-05-03 07:56:03.516,91760,38,-2528,-2873,294
2026-05-03T11:56:03.556Z,2026-05-03 07:56:03.556,91760,39,-2521,-2880,287
2026-05-03T11:56:03.596Z,2026-05-03 07:56:03.596,91760,40,-2521,-2880,290
2026-05-03T11:56:03.636Z,2026-05-03 07:56:03.636,91760,41,-2520,-2872,280
2026-05-03T11:56:03.676Z,2026-05-03 07:56:03.676,91760,42,-2527,-2876,294
2026-05-03T11:56:03.716Z,2026-05-03 07:56:03.716,91760,43,-2532,-2874,281
2026-05-03T11:56:03.756Z,2026-05-03 07:56:03.756,91760,44,-2520,-2867,295
2026-05-03T11:56:03.796Z,2026-05-03 07:56:03.796,91760,45,-2527,-2873,277
2026-05-03T11:56:03.836Z,2026-05-03 07:56:03.836,91760,46,-2524,-2877,288
2026-05-03T11:56:03.876Z,2026-05-03 07:56:03.876,91760,47,-2526,-2884,292
2026-05-03T11:56:03.916Z,2026-05-03 07:56:03.916,91760,48,-2528,-2877,300
2026-05-03T11:56:03.956Z,2026-05-03 07:56:03.956,91760,49,-2529,-2870,293
2026-05-03T11:56:03.996Z,2026-05-03 07:56:03.996,91760,50,-2532,-2867,300
2026-05-03T11:56:04.036Z,2026-05-03 07:56:04.036,91760,51,-2523,-2868,290
2026-05-03T11:56:04.076Z,2026-05-03 07:56:04.076,91760,52,-2528,-2867,299
2026-05-03T11:56:04.116Z,2026-05-03 07:56:04.116,91760,53,-2522,-2868,278
2026-05-03T11:56:04.156Z,2026-05-03 07:56:04.156,91760,54,-2519,-2885,277
2026-05-03T11:56:04.196Z,2026-05-03 07:56:04.196,91760,55,-2542,-2881,289
2026-05-03T11:56:04.236Z,2026-05-03 07:56:04.236,91760,56,-2531,-2871,281
2026-05-03T11:56:04.276Z,2026-05-03 07:56:04.276,91760,57,-2534,-2875,292
2026-05-03T11:56:04.316Z,2026-05-03 07:56:04.316,91760,58,-2533,-2883,280
2026-05-03T11:56:04.356Z,2026-05-03 07:56:04.356,91760,59,-2524,-2876,292
2026-05-03T11:56:04.396Z,2026-05-03 07:56:04.396,91760,60,-2528,-2882,288
2026-05-03T11:56:04.436Z,2026-05-03 07:56:04.436,91760,61,-2525,-2875,290
2026-05-03T11:56:04.476Z,2026-05-03 07:56:04.476,91760,62,-2515,-2876,288
2026-05-03T11:56:04.516Z,2026-05-03 07:56:04.516,91760,63,-2533,-2871,281
2026-05-03T11:56:04.556Z,2026-05-03 07:56:04.556,91760,64,-2514,-2876,285
2026-05-03T11:56:04.596Z,2026-05-03 07:56:04.596,91760,65,-2527,-2884,290
2026-05-03T11:56:04.636Z,2026-05-03 07:56:04.636,91760,66,-2525,-2882,284
2026-05-03T11:56:04.676Z,2026-05-03 07:56:04.676,91760,67,-2533,-2874,295
2026-05-03T11:56:04.716Z,2026-05-03 07:56:04.716,91760,68,-2544,-2875,292
2026-05-03T11:56:04.756Z,2026-05-03 07:56:04.756,91760,69,-2537,-2868,280
2026-05-03T11:56:04.796Z,2026-05-03 07:56:04.796,91760,70,-2525,-2880,295
2026-05-03T11:56:04.836Z,2026-05-03 07:56:04.836,91760,71,-2522,-2877,288
2026-05-03T11:56:04.876Z,2026-05-03 07:56:04.876,91760,72,-2534,-2867,296
2026-05-03T11:56:04.916Z,2026-05-03 07:56:04.916,91760,73,-2527,-2885,291
2026-05-03T11:56:04.956Z,2026-05-03 07:56:04.956,91760,74,-2521,-2875,289
2026-05-03T11:56:04.996Z,2026-05-03 07:56:04.996,91760,75,-2521,-2875,302
2026-05-03T11:56:05.036Z,2026-05-03 07:56:05.036,91760,76,-2529,-2877,283
2026-05-03T11:56:05.076Z,2026-05-03 07:56:05.076,91760,77,-2534,-2873,299
2026-05-03T11:56:05.116Z,2026-05-03 07:56:05.116,91760,78,-2525,-2873,291
2026-05-03T11:56:05.156Z,2026-05-03 07:56:05.156,91760,79,-2525,-2880,294
2026-05-03T11:56:05.196Z,2026-05-03 07:56:05.196,91760,80,-2525,-2872,292
2026-05-03T11:56:05.236Z,2026-05-03 07:56:05.236,91760,81,-2531,-2868,297
2026-05-03T11:56:05.276Z,2026-05-03 07:56:05.276,91760,82,-2527,-2884,290
2026-05-03T11:56:05.316Z,2026-05-03 07:56:05.316,91760,83,-2535,-2883,280
2026-05-03T11:56:05.356Z,2026-05-03 07:56:05.356,91760,84,-2520,-2872,278
2026-05-03T11:56:05.396Z,2026-05-03 07:56:05.396,91760,85,-2533,-2891,292
2026-05-03T11:56:05.436Z,2026-05-03 07:56:05.436,91760,86,-2526,-2871,288
2026-05-03T11:56:05.476Z,2026-05-03 07:56:05.476,91760,87,-2518,-2871,287
2026-05-03T11:56:05.516Z,2026-05-03 07:56:05.516,91760,88,-2529,-2869,284
2026-05-03T11:56:05.556Z,2026-05-03 07:56:05.556,91760,89,-2527,-2872,293
2026-05-03T11:56:05.596Z,2026-05-03 07:56:05.596,91760,90,-2520,-2880,288
2026-05-03T11:56:05.636Z,2026-05-03 07:56:05.636,91760,91,-2532,-2868,283
2026-05-03T11:56:05.676Z,2026-05-03 07:56:05.676,91760,92,-2525,-2869,285
2026-05-03T11:56:05.716Z,2026-05-03 07:56:05.716,91760,93,-2531,-2863,282
2026-05-03T11:56:05.756Z,2026-05-03 07:56:05.756,91760,94,-2520,-2876,299
2026-05-03T11:56:05.796Z,2026-05-03 07:56:05.796,91760,95,-2523,-2883,287
2026-05-03T11:56:05.836Z,2026-05-03 07:56:05.836,91760,96,-2518,-2866,296
2026-05-03T11:56:05.876Z,2026-05-03 07:56:05.876,91760,97,-2531,-2890,279
2026-05-03T11:56:05.916Z,2026-05-03 07:56:05.916,91760,98,-2530,-2876,296
2026-05-03T11:56:05.956Z,2026-05-03 07:56:05.956,91760,99,-2518,-2888,299
2026-05-03T11:56:05.996Z,2026-05-03 07:56:05.996,91760,100,-2536,-2878,295
2026-05-03T11:56:06.036Z,2026-05-03 07:56:06.036,91761,1,-2535,-2874,292
2026-05-03T11:56:06.076Z,2026-05-03 07:56:06.076,91761,2,-2521,-2868,292
2026-05-03T11:56:06.116Z,2026-05-03 07:56:06.116,91761,3,-2530,-2865,293
2026-05-03T11:56:06.156Z,2026-05-03 07:56:06.156,91761,4,-2528,-2868,290
2026-05-03T11:56:06.196Z,2026-05-03 07:56:06.196,91761,5,-2532,-2884,289
2026-05-03T11:56:06.236Z,2026-05-03 07:56:06.236,91761,6,-2528,-2880,285
2026-05-03T11:56:06.276Z,2026-05-03 07:56:06.276,91761,7,-2524,-2879,294
2026-05-03T11:56:06.316Z,2026-05-03 07:56:06.316,91761,8,-2537,-2867,292
2026-05-03T11:56:06.356Z,2026-05-03 07:56:06.356,91761,9,-2525,-2875,292
2026-05-03T11:56:06.396Z,2026-05-03 07:56:06.396,91761,10,-2529,-2880,290
2026-05-03T11:56:06.436Z,2026-05-03 07:56:06.436,91761,11,-2538,-2874,295
2026-05-03T11:56:06.476Z,2026-05-03 07:56:06.476,91761,12,-2535,-2884,289
2026-05-03T11:56:06.516Z,2026-05-03 07:56:06.516,91761,13,-2528,-2871,295
2026-05-03T11:56:06.556Z,2026-05-03 07:56:06.556,91761,14,-2529,-2884,285
2026-05-03T11:56:06.596Z,2026-05-03 07:56:06.596,91761,15,-2534,-2892,291
2026-05-03T11:56:06.636Z,2026-05-03 07:56:06.636,91761,16,-2541,-2877,296
2026-05-03T11:56:06.676Z,2026-05-03 07:56:06.676,91761,17,-2522,-2876,285
2026-05-03T11:56:06.716Z,2026-05-03 07:56:06.716,91761,18,-2537,-2881,287
2026-05-03T11:56:06.756Z,2026-05-03 07:56:06.756,91761,19,-2531,-2879,286
2026-05-03T11:56:06.796Z,2026-05-03 07:56:06.796,91761,20,-2521,-2881,301
2026-05-03T11:56:06.836Z,2026-05-03 07:56:06.836,91761,21,-2539,-2880,295
2026-05-03T11:56:06.876Z,2026-05-03 07:56:06.876,91761,22,-2531,-2884,291
2026-05-03T11:56:06.916Z,2026-05-03 07:56:06.916,91761,23,-2534,-2880,289
2026-05-03T11:56:06.956Z,2026-05-03 07:56:06.956,91761,24,-2528,-2882,290
2026-05-03T11:56:06.996Z,2026-05-03 07:56:06.996,91761,25,-2525,-2890,283
2026-05-03T11:56:07.036Z,2026-05-03 07:56:07.036,91761,26,-2532,-2880,298
2026-05-03T11:56:07.076Z,2026-05-03 07:56:07.076,91761,27,-2533,-2887,299
2026-05-03T11:56:07.116Z,2026-05-03 07:56:07.116,91761,28,-2534,-2881,285
2026-05-03T11:56:07.156Z,2026-05-03 07:56:07.156,91761,29,-2516,-2880,301
2026-05-03T11:56:07.196Z,2026-05-03 07:56:07.196,91761,30,-2522,-2880,290
2026-05-03T11:56:07.236Z,2026-05-03 07:56:07.236,91761,31,-2516,-2871,293
2026-05-03T11:56:07.276Z,2026-05-03 07:56:07.276,91761,32,-2523,-2870,278
2026-05-03T11:56:07.316Z,2026-05-03 07:56:07.316,91761,33,-2526,-2876,288
2026-05-03T11:56:07.356Z,2026-05-03 07:56:07.356,91761,34,-2520,-2879,290
2026-05-03T11:56:07.396Z,2026-05-03 07:56:07.396,91761,35,-2521,-2868,293
2026-05-03T11:56:07.436Z,2026-05-03 07:56:07.436,91761,36,-2529,-2884,292
2026-05-03T11:56:07.476Z,2026-05-03 07:56:07.476,91761,37,-2525,-2873,284
2026-05-03T11:56:07.516Z,2026-05-03 07:56:07.516,91761,38,-2523,-2883,284
2026-05-03T11:56:07.556Z,2026-05-03 07:56:07.556,91761,39,-2537,-2876,286
2026-05-03T11:56:07.596Z,2026-05-03 07:56:07.596,91761,40,-2533,-2881,295
2026-05-03T11:56:07.636Z,2026-05-03 07:56:07.636,91761,41,-2527,-2877,281
2026-05-03T11:56:07.676Z,2026-05-03 07:56:07.676,91761,42,-2527,-2867,278
2026-05-03T11:56:07.716Z,2026-05-03 07:56:07.716,91761,43,-2532,-2876,291
2026-05-03T11:56:07.756Z,2026-05-03 07:56:07.756,91761,44,-2520,-2876,297
2026-05-03T11:56:07.796Z,2026-05-03 07:56:07.796,91761,45,-2520,-2865,306
2026-05-03T11:56:07.836Z,2026-05-03 07:56:07.836,91761,46,-2524,-2876,290
2026-05-03T11:56:07.876Z,2026-05-03 07:56:07.876,91761,47,-2525,-2882,288
2026-05-03T11:56:07.916Z,2026-05-03 07:56:07.916,91761,48,-2534,-2874,289
2026-05-03T11:56:07.956Z,2026-05-03 07:56:07.956,91761,49,-2523,-2896,289
2026-05-03T11:56:07.996Z,2026-05-03 07:56:07.996,91761,50,-2537,-2880,307
2026-05-03T11:56:08.036Z,2026-05-03 07:56:08.036,91761,51,-2521,-2879,283
2026-05-03T11:56:08.076Z,2026-05-03 07:56:08.076,91761,52,-2527,-2868,288
2026-05-03T11:56:08.116Z,2026-05-03 07:56:08.116,91761,53,-2532,-2881,278
2026-05-03T11:56:08.156Z,2026-05-03 07:56:08.156,91761,54,-2538,-2880,295
2026-05-03T11:56:08.196Z,2026-05-03 07:56:08.196,91761,55,-2524,-2879,289
2026-05-03T11:56:08.236Z,2026-05-03 07:56:08.236,91761,56,-2531,-2873,281
2026-05-03T11:56:08.276Z,2026-05-03 07:56:08.276,91761,57,-2531,-2876,282
2026-05-03T11:56:08.316Z,2026-05-03 07:56:08.316,91761,58,-2526,-2881,288
2026-05-03T11:56:08.356Z,2026-05-03 07:56:08.356,91761,59,-2529,-2871,287
2026-05-03T11:56:08.396Z,2026-05-03 07:56:08.396,91761,60,-2520,-2880,301
2026-05-03T11:56:08.436Z,2026-05-03 07:56:08.436,91761,61,-2532,-2869,278
2026-05-03T11:56:08.476Z,2026-05-03 07:56:08.476,91761,62,-2526,-2880,296
2026-05-03T11:56:08.516Z,2026-05-03 07:56:08.516,91761,63,-2532,-2875,276
2026-05-03T11:56:08.556Z,2026-05-03 07:56:08.556,91761,64,-2526,-2875,295
2026-05-03T11:56:08.596Z,2026-05-03 07:56:08.596,91761,65,-2528,-2876,286
2026-05-03T11:56:08.636Z,2026-05-03 07:56:08.636,91761,66,-2526,-2874,281
2026-05-03T11:56:08.676Z,2026-05-03 07:56:08.676,91761,67,-2533,-2871,275
2026-05-03T11:56:08.716Z,2026-05-03 07:56:08.716,91761,68,-2522,-2874,286
2026-05-03T11:56:08.756Z,2026-05-03 07:56:08.756,91761,69,-2534,-2871,279
2026-05-03T11:56:08.796Z,2026-05-03 07:56:08.796,91761,70,-2516,-2863,286
2026-05-03T11:56:08.836Z,2026-05-03 07:56:08.836,91761,71,-2521,-2880,288
2026-05-03T11:56:08.876Z,2026-05-03 07:56:08.876,91761,72,-2527,-2876,287
2026-05-03T11:56:08.916Z,2026-05-03 07:56:08.916,91761,73,-2523,-2878,292
2026-05-03T11:56:08.956Z,2026-05-03 07:56:08.956,91761,74,-2532,-2882,296
2026-05-03T11:56:08.996Z,2026-05-03 07:56:08.996,91761,75,-2534,-2879,274
2026-05-03T11:56:09.036Z,2026-05-03 07:56:09.036,91761,76,-2532,-2877,277
2026-05-03T11:56:09.076Z,2026-05-03 07:56:09.076,91761,77,-2531,-2865,288
2026-05-03T11:56:09.116Z,2026-05-03 07:56:09.116,91761,78,-2526,-2873,287
2026-05-03T11:56:09.156Z,2026-05-03 07:56:09.156,91761,79,-2534,-2879,290
2026-05-03T11:56:09.196Z,2026-05-03 07:56:09.196,91761,80,-2529,-2872,276
2026-05-03T11:56:09.236Z,2026-05-03 07:56:09.236,91761,81,-2528,-2865,287
2026-05-03T11:56:09.276Z,2026-05-03 07:56:09.276,91761,82,-2523,-2889,302
2026-05-03T11:56:09.316Z,2026-05-03 07:56:09.316,91761,83,-2533,-2888,301
2026-05-03T11:56:09.356Z,2026-05-03 07:56:09.356,91761,84,-2529,-2873,296
2026-05-03T11:56:09.396Z,2026-05-03 07:56:09.396,91761,85,-2526,-2871,301
2026-05-03T11:56:09.436Z,2026-05-03 07:56:09.436,91761,86,-2538,-2879,292
2026-05-03T11:56:09.476Z,2026-05-03 07:56:09.476,91761,87,-2522,-2879,274
2026-05-03T11:56:09.516Z,2026-05-03 07:56:09.516,91761,88,-2526,-2874,289
2026-05-03T11:56:09.556Z,2026-05-03 07:56:09.556,91761,89,-2518,-2887,295
2026-05-03T11:56:09.596Z,2026-05-03 07:56:09.596,91761,90,-2516,-2876,289
2026-05-03T11:56:09.636Z,2026-05-03 07:56:09.636,91761,91,-2529,-2881,276
2026-05-03T11:56:09.676Z,2026-05-03 07:56:09.676,91761,92,-2531,-2871,289
2026-05-03T11:56:09.716Z,2026-05-03 07:56:09.716,91761,93,-2528,-2883,291
2026-05-03T11:56:09.756Z,2026-05-03 07:56:09.756,91761,94,-2536,-2872,291
2026-05-03T11:56:09.796Z,2026-05-03 07:56:09.796,91761,95,-2529,-2875,294
2026-05-03T11:56:09.836Z,2026-05-03 07:56:09.836,91761,96,-2518,-2880,283
2026-05-03T11:56:09.876Z,2026-05-03 07:56:09.876,91761,97,-2526,-2880,291
2026-05-03T11:56:09.916Z,2026-05-03 07:56:09.916,91761,98,-2527,-2876,280
2026-05-03T11:56:09.956Z,2026-05-03 07:56:09.956,91761,99,-2526,-2879,294
2026-05-03T11:56:09.996Z,2026-05-03 07:56:09.996,91761,100,-2530,-2888,301
2026-05-03T11:56:10.036Z,2026-05-03 07:56:10.036,91762,1,-2523,-2880,297
2026-05-03T11:56:10.076Z,2026-05-03 07:56:10.076,91762,2,-2519,-2870,291
2026-05-03T11:56:10.116Z,2026-05-03 07:56:10.116,91762,3,-2532,-2882,289
2026-05-03T11:56:10.156Z,2026-05-03 07:56:10.156,91762,4,-2527,-2873,292
2026-05-03T11:56:10.196Z,2026-05-03 07:56:10.196,91762,5,-2525,-2885,293
2026-05-03T11:56:10.236Z,2026-05-03 07:56:10.236,91762,6,-2523,-2882,285
2026-05-03T11:56:10.276Z,2026-05-03 07:56:10.276,91762,7,-2534,-2879,293
2026-05-03T11:56:10.316Z,2026-05-03 07:56:10.316,91762,8,-2522,-2867,279
2026-05-03T11:56:10.356Z,2026-05-03 07:56:10.356,91762,9,-2537,-2862,285
2026-05-03T11:56:10.396Z,2026-05-03 07:56:10.396,91762,10,-2530,-2890,293
2026-05-03T11:56:10.436Z,2026-05-03 07:56:10.436,91762,11,-2526,-2870,294
2026-05-03T11:56:10.476Z,2026-05-03 07:56:10.476,91762,12,-2512,-2879,287
2026-05-03T11:56:10.516Z,2026-05-03 07:56:10.516,91762,13,-2528,-2871,292
2026-05-03T11:56:10.556Z,2026-05-03 07:56:10.556,91762,14,-2522,-2875,284
2026-05-03T11:56:10.596Z,2026-05-03 07:56:10.596,91762,15,-2525,-2883,293
2026-05-03T11:56:10.636Z,2026-05-03 07:56:10.636,91762,16,-2540,-2886,295
2026-05-03T11:56:10.676Z,2026-05-03 07:56:10.676,91762,17,-2527,-2876,286
2026-05-03T11:56:10.716Z,2026-05-03 07:56:10.716,91762,18,-2530,-2871,290
2026-05-03T11:56:10.756Z,2026-05-03 07:56:10.756,91762,19,-2529,-2887,283
2026-05-03T11:56:10.796Z,2026-05-03 07:56:10.796,91762,20,-2523,-2871,283
2026-05-03T11:56:10.836Z,2026-05-03 07:56:10.836,91762,21,-2520,-2890,288
2026-05-03T11:56:10.876Z,2026-05-03 07:56:10.876,91762,22,-2529,-2880,291
2026-05-03T11:56:10.916Z,2026-05-03 07:56:10.916,91762,23,-2519,-2867,282
2026-05-03T11:56:10.956Z,2026-05-03 07:56:10.956,91762,24,-2518,-2867,299
2026-05-03T11:56:10.996Z,2026-05-03 07:56:10.996,91762,25,-2539,-2868,272
2026-05-03T11:56:11.036Z,2026-05-03 07:56:11.036,91762,26,-2528,-2876,278
2026-05-03T11:56:11.076Z,2026-05-03 07:56:11.076,91762,27,-2537,-2874,292
2026-05-03T11:56:11.116Z,2026-05-03 07:56:11.116,91762,28,-2533,-2875,283
2026-05-03T11:56:11.156Z,2026-05-03 07:56:11.156,91762,29,-2524,-2876,291
2026-05-03T11:56:11.196Z,2026-05-03 07:56:11.196,91762,30,-2542,-2881,282
2026-05-03T11:56:11.236Z,2026-05-03 07:56:11.236,91762,31,-2525,-2871,286
2026-05-03T11:56:11.276Z,2026-05-03 07:56:11.276,91762,32,-2524,-2876,286
2026-05-03T11:56:11.316Z,2026-05-03 07:56:11.316,91762,33,-2531,-2889,278
2026-05-03T11:56:11.356Z,2026-05-03 07:56:11.356,91762,34,-2523,-2880,290
2026-05-03T11:56:11.396Z,2026-05-03 07:56:11.396,91762,35,-2528,-2872,297
2026-05-03T11:56:11.436Z,2026-05-03 07:56:11.436,91762,36,-2526,-2879,283
2026-05-03T11:56:11.476Z,2026-05-03 07:56:11.476,91762,37,-2532,-2882,295
2026-05-03T11:56:11.516Z,2026-05-03 07:56:11.516,91762,38,-2524,-2880,280
2026-05-03T11:56:11.556Z,2026-05-03 07:56:11.556,91762,39,-2533,-2888,301
2026-05-03T11:56:11.596Z,2026-05-03 07:56:11.596,91762,40,-2513,-2879,282
2026-05-03T11:56:11.636Z,2026-05-03 07:56:11.636,91762,41,-2525,-2868,287
2026-05-03T11:56:11.676Z,2026-05-03 07:56:11.676,91762,42,-2529,-2863,292
2026-05-03T11:56:11.716Z,2026-05-03 07:56:11.716,91762,43,-2537,-2872,285
2026-05-03T11:56:11.756Z,2026-05-03 07:56:11.756,91762,44,-2534,-2874,290
2026-05-03T11:56:11.796Z,2026-05-03 07:56:11.796,91762,45,-2523,-2879,287
2026-05-03T11:56:11.836Z,2026-05-03 07:56:11.836,91762,46,-2537,-2868,279
2026-05-03T11:56:11.876Z,2026-05-03 07:56:11.876,91762,47,-2518,-2879,297
2026-05-03T11:56:11.916Z,2026-05-03 07:56:11.916,91762,48,-2531,-2874,289
2026-05-03T11:56:11.956Z,2026-05-03 07:56:11.956,91762,49,-2525,-2873,287
2026-05-03T11:56:11.996Z,2026-05-03 07:56:11.996,91762,50,-2535,-2874,294
2026-05-03T11:56:12.036Z,2026-05-03 07:56:12.036,91762,51,-2521,-2884,276
2026-05-03T11:56:12.076Z,2026-05-03 07:56:12.076,91762,52,-2520,-2879,279
2026-05-03T11:56:12.116Z,2026-05-03 07:56:12.116,91762,53,-2527,-2873,282
2026-05-03T11:56:12.156Z,2026-05-03 07:56:12.156,91762,54,-2536,-2871,287
2026-05-03T11:56:12.196Z,2026-05-03 07:56:12.196,91762,55,-2535,-2880,300
2026-05-03T11:56:12.236Z,2026-05-03 07:56:12.236,91762,56,-2515,-2883,292
2026-05-03T11:56:12.276Z,2026-05-03 07:56:12.276,91762,57,-2535,-2883,282
2026-05-03T11:56:12.316Z,2026-05-03 07:56:12.316,91762,58,-2528,-2879,286
2026-05-03T11:56:12.356Z,2026-05-03 07:56:12.356,91762,59,-2531,-2884,287
2026-05-03T11:56:12.396Z,2026-05-03 07:56:12.396,91762,60,-2532,-2887,292
2026-05-03T11:56:12.436Z,2026-05-03 07:56:12.436,91762,61,-2524,-2869,292
2026-05-03T11:56:12.476Z,2026-05-03 07:56:12.476,91762,62,-2524,-2888,297
2026-05-03T11:56:12.516Z,2026-05-03 07:56:12.516,91762,63,-2513,-2874,297
2026-05-03T11:56:12.556Z,2026-05-03 07:56:12.556,91762,64,-2522,-2875,307
2026-05-03T11:56:12.596Z,2026-05-03 07:56:12.596,91762,65,-2526,-2875,293
2026-05-03T11:56:12.636Z,2026-05-03 07:56:12.636,91762,66,-2524,-2879,291
2026-05-03T11:56:12.676Z,2026-05-03 07:56:12.676,91762,67,-2526,-2867,285
2026-05-03T11:56:12.716Z,2026-05-03 07:56:12.716,91762,68,-2517,-2880,285
2026-05-03T11:56:12.756Z,2026-05-03 07:56:12.756,91762,69,-2523,-2863,297
2026-05-03T11:56:12.796Z,2026-05-03 07:56:12.796,91762,70,-2532,-2877,282
2026-05-03T11:56:12.836Z,2026-05-03 07:56:12.836,91762,71,-2523,-2875,300
2026-05-03T11:56:12.876Z,2026-05-03 07:56:12.876,91762,72,-2521,-2877,302
2026-05-03T11:56:12.916Z,2026-05-03 07:56:12.916,91762,73,-2532,-2863,282
2026-05-03T11:56:12.956Z,2026-05-03 07:56:12.956,91762,74,-2530,-2871,297
2026-05-03T11:56:12.996Z,2026-05-03 07:56:12.996,91762,75,-2526,-2882,294
2026-05-03T11:56:13.036Z,2026-05-03 07:56:13.036,91762,76,-2523,-2867,301
2026-05-03T11:56:13.076Z,2026-05-03 07:56:13.076,91762,77,-2515,-2864,289
2026-05-03T11:56:13.116Z,2026-05-03 07:56:13.116,91762,78,-2527,-2882,301
2026-05-03T11:56:13.156Z,2026-05-03 07:56:13.156,91762,79,-2517,-2875,293
2026-05-03T11:56:13.196Z,2026-05-03 07:56:13.196,91762,80,-2536,-2875,298
2026-05-03T11:56:13.236Z,2026-05-03 07:56:13.236,91762,81,-2526,-2880,300
2026-05-03T11:56:13.276Z,2026-05-03 07:56:13.276,91762,82,-2523,-2884,294
2026-05-03T11:56:13.316Z,2026-05-03 07:56:13.316,91762,83,-2523,-2883,295
2026-05-03T11:56:13.356Z,2026-05-03 07:56:13.356,91762,84,-2529,-2887,277
2026-05-03T11:56:13.396Z,2026-05-03 07:56:13.396,91762,85,-2530,-2880,282
2026-05-03T11:56:13.436Z,2026-05-03 07:56:13.436,91762,86,-2518,-2873,291
2026-05-03T11:56:13.476Z,2026-05-03 07:56:13.476,91762,87,-2537,-2860,286
2026-05-03T11:56:13.516Z,2026-05-03 07:56:13.516,91762,88,-2523,-2883,292
2026-05-03T11:56:13.556Z,2026-05-03 07:56:13.556,91762,89,-2528,-2874,296
2026-05-03T11:56:13.596Z,2026-05-03 07:56:13.596,91762,90,-2534,-2888,296
2026-05-03T11:56:13.636Z,2026-05-03 07:56:13.636,91762,91,-2526,-2864,294
2026-05-03T11:56:13.676Z,2026-05-03 07:56:13.676,91762,92,-2531,-2869,284
2026-05-03T11:56:13.716Z,2026-05-03 07:56:13.716,91762,93,-2524,-2887,282
2026-05-03T11:56:13.756Z,2026-05-03 07:56:13.756,91762,94,-2525,-2866,285
2026-05-03T11:56:13.796Z,2026-05-03 07:56:13.796,91762,95,-2533,-2874,284
2026-05-03T11:56:13.836Z,2026-05-03 07:56:13.836,91762,96,-2534,-2878,280
2026-05-03T11:56:13.876Z,2026-05-03 07:56:13.876,91762,97,-2533,-2876,282
2026-05-03T11:56:13.916Z,2026-05-03 07:56:13.916,91762,98,-2530,-2882,293
2026-05-03T11:56:13.956Z,2026-05-03 07:56:13.956,91762,99,-2520,-2875,303
2026-05-03T11:56:13.996Z,2026-05-03 07:56:13.996,91762,100,-2519,-2867,299
2026-05-03T11:56:14.036Z,2026-05-03 07:56:14.036,91763,1,-2528,-2871,278
2026-05-03T11:56:14.076Z,2026-05-03 07:56:14.076,91763,2,-2522,-2872,300
2026-05-03T11:56:14.116Z,2026-05-03 07:56:14.116,91763,3,-2530,-2873,296
2026-05-03T11:56:14.156Z,2026-05-03 07:56:14.156,91763,4,-2521,-2884,275
2026-05-03T11:56:14.196Z,2026-05-03 07:56:14.196,91763,5,-2526,-2873,278
2026-05-03T11:56:14.236Z,2026-05-03 07:56:14.236,91763,6,-2523,-2880,288
2026-05-03T11:56:14.276Z,2026-05-03 07:56:14.276,91763,7,-2518,-2873,291
2026-05-03T11:56:14.316Z,2026-05-03 07:56:14.316,91763,8,-2532,-2872,300
2026-05-03T11:56:14.356Z,2026-05-03 07:56:14.356,91763,9,-2527,-2867,277
2026-05-03T11:56:14.396Z,2026-05-03 07:56:14.396,91763,10,-2530,-2879,299
2026-05-03T11:56:14.436Z,2026-05-03 07:56:14.436,91763,11,-2531,-2873,291
2026-05-03T11:56:14.476Z,2026-05-03 07:56:14.476,91763,12,-2522,-2871,292
2026-05-03T11:56:14.516Z,2026-05-03 07:56:14.516,91763,13,-2529,-2881,274
2026-05-03T11:56:14.556Z,2026-05-03 07:56:14.556,91763,14,-2526,-2888,296
2026-05-03T11:56:14.596Z,2026-05-03 07:56:14.596,91763,15,-2524,-2872,290
2026-05-03T11:56:14.636Z,2026-05-03 07:56:14.636,91763,16,-2515,-2873,280
2026-05-03T11:56:14.676Z,2026-05-03 07:56:14.676,91763,17,-2531,-2886,282
2026-05-03T11:56:14.716Z,2026-05-03 07:56:14.716,91763,18,-2517,-2869,283
2026-05-03T11:56:14.756Z,2026-05-03 07:56:14.756,91763,19,-2528,-2868,277
2026-05-03T11:56:14.796Z,2026-05-03 07:56:14.796,91763,20,-2527,-2882,290
2026-05-03T11:56:14.836Z,2026-05-03 07:56:14.836,91763,21,-2539,-2868,286
2026-05-03T11:56:14.876Z,2026-05-03 07:56:14.876,91763,22,-2527,-2882,295
2026-05-03T11:56:14.916Z,2026-05-03 07:56:14.916,91763,23,-2526,-2883,294
2026-05-03T11:56:14.956Z,2026-05-03 07:56:14.956,91763,24,-2537,-2866,280
2026-05-03T11:56:14.996Z,2026-05-03 07:56:14.996,91763,25,-2521,-2880,291
2026-05-03T11:56:15.036Z,2026-05-03 07:56:15.036,91763,26,-2522,-2869,284
2026-05-03T11:56:15.076Z,2026-05-03 07:56:15.076,91763,27,-2534,-2863,298
2026-05-03T11:56:15.116Z,2026-05-03 07:56:15.116,91763,28,-2523,-2881,291
2026-05-03T11:56:15.156Z,2026-05-03 07:56:15.156,91763,29,-2531,-2879,291
2026-05-03T11:56:15.196Z,2026-05-03 07:56:15.196,91763,30,-2527,-2885,282
2026-05-03T11:56:15.236Z,2026-05-03 07:56:15.236,91763,31,-2537,-2875,285
2026-05-03T11:56:15.276Z,2026-05-03 07:56:15.276,91763,32,-2522,-2879,291
2026-05-03T11:56:15.316Z,2026-05-03 07:56:15.316,91763,33,-2525,-2883,291
2026-05-03T11:56:15.356Z,2026-05-03 07:56:15.356,91763,34,-2523,-2876,286
2026-05-03T11:56:15.396Z,2026-05-03 07:56:15.396,91763,35,-2527,-2878,290
2026-05-03T11:56:15.436Z,2026-05-03 07:56:15.436,91763,36,-2533,-2868,289
2026-05-03T11:56:15.476Z,2026-05-03 07:56:15.476,91763,37,-2533,-2874,286
2026-05-03T11:56:15.516Z,2026-05-03 07:56:15.516,91763,38,-2521,-2883,280
2026-05-03T11:56:15.556Z,2026-05-03 07:56:15.556,91763,39,-2522,-2880,286
2026-05-03T11:56:15.596Z,2026-05-03 07:56:15.596,91763,40,-2521,-2887,276
2026-05-03T11:56:15.636Z,2026-05-03 07:56:15.636,91763,41,-2518,-2869,308
2026-05-03T11:56:15.676Z,2026-05-03 07:56:15.676,91763,42,-2526,-2875,283
2026-05-03T11:56:15.716Z,2026-05-03 07:56:15.716,91763,43,-2525,-2879,282
2026-05-03T11:56:15.756Z,2026-05-03 07:56:15.756,91763,44,-2523,-2880,281
2026-05-03T11:56:15.796Z,2026-05-03 07:56:15.796,91763,45,-2524,-2874,298
2026-05-03T11:56:15.836Z,2026-05-03 07:56:15.836,91763,46,-2524,-2880,291
2026-05-03T11:56:15.876Z,2026-05-03 07:56:15.876,91763,47,-2543,-2863,291
2026-05-03T11:56:15.916Z,2026-05-03 07:56:15.916,91763,48,-2535,-2883,296
2026-05-03T11:56:15.956Z,2026-05-03 07:56:15.956,91763,49,-2524,-2872,289
2026-05-03T11:56:15.996Z,2026-05-03 07:56:15.996,91763,50,-2533,-2875,289
2026-05-03T11:56:16.036Z,2026-05-03 07:56:16.036,91763,51,-2530,-2876,292
2026-05-03T11:56:16.076Z,2026-05-03 07:56:16.076,91763,52,-2521,-2882,287
2026-05-03T11:56:16.116Z,2026-05-03 07:56:16.116,91763,53,-2524,-2876,294
2026-05-03T11:56:16.156Z,2026-05-03 07:56:16.156,91763,54,-2528,-2888,291
2026-05-03T11:56:16.196Z,2026-05-03 07:56:16.196,91763,55,-2528,-2874,287
2026-05-03T11:56:16.236Z,2026-05-03 07:56:16.236,91763,56,-2535,-2880,292
2026-05-03T11:56:16.276Z,2026-05-03 07:56:16.276,91763,57,-2529,-2884,282
2026-05-03T11:56:16.316Z,2026-05-03 07:56:16.316,91763,58,-2520,-2883,299
2026-05-03T11:56:16.356Z,2026-05-03 07:56:16.356,91763,59,-2524,-2876,296
2026-05-03T11:56:16.396Z,2026-05-03 07:56:16.396,91763,60,-2520,-2874,283
2026-05-03T11:56:16.436Z,2026-05-03 07:56:16.436,91763,61,-2540,-2888,299
2026-05-03T11:56:16.476Z,2026-05-03 07:56:16.476,91763,62,-2526,-2871,300
2026-05-03T11:56:16.516Z,2026-05-03 07:56:16.516,91763,63,-2537,-2883,284
2026-05-03T11:56:16.556Z,2026-05-03 07:56:16.556,91763,64,-2525,-2875,278
2026-05-03T11:56:16.596Z,2026-05-03 07:56:16.596,91763,65,-2527,-2876,286
2026-05-03T11:56:16.636Z,2026-05-03 07:56:16.636,91763,66,-2528,-2880,295
2026-05-03T11:56:16.676Z,2026-05-03 07:56:16.676,91763,67,-2541,-2882,279
2026-05-03T11:56:16.716Z,2026-05-03 07:56:16.716,91763,68,-2550,-2887,295
2026-05-03T11:56:16.756Z,2026-05-03 07:56:16.756,91763,69,-2531,-2884,289
2026-05-03T11:56:16.796Z,2026-05-03 07:56:16.796,91763,70,-2534,-2880,275
2026-05-03T11:56:16.836Z,2026-05-03 07:56:16.836,91763,71,-2527,-2875,288
2026-05-03T11:56:16.876Z,2026-05-03 07:56:16.876,91763,72,-2534,-2874,289
2026-05-03T11:56:16.916Z,2026-05-03 07:56:16.916,91763,73,-2529,-2885,287
2026-05-03T11:56:16.956Z,2026-05-03 07:56:16.956,91763,74,-2529,-2887,300
2026-05-03T11:56:16.996Z,2026-05-03 07:56:16.996,91763,75,-2529,-2883,283
2026-05-03T11:56:17.036Z,2026-05-03 07:56:17.036,91763,76,-2521,-2880,289
2026-05-03T11:56:17.076Z,2026-05-03 07:56:17.076,91763,77,-2521,-2874,293
2026-05-03T11:56:17.116Z,2026-05-03 07:56:17.116,91763,78,-2530,-2876,293
2026-05-03T11:56:17.156Z,2026-05-03 07:56:17.156,91763,79,-2526,-2868,288
2026-05-03T11:56:17.196Z,2026-05-03 07:56:17.196,91763,80,-2533,-2886,291
2026-05-03T11:56:17.236Z,2026-05-03 07:56:17.236,91763,81,-2526,-2876,286
2026-05-03T11:56:17.276Z,2026-05-03 07:56:17.276,91763,82,-2525,-2887,295
2026-05-03T11:56:17.316Z,2026-05-03 07:56:17.316,91763,83,-2538,-2879,293
2026-05-03T11:56:17.356Z,2026-05-03 07:56:17.356,91763,84,-2512,-2884,293
2026-05-03T11:56:17.396Z,2026-05-03 07:56:17.396,91763,85,-2528,-2872,298
2026-05-03T11:56:17.436Z,2026-05-03 07:56:17.436,91763,86,-2524,-2865,291
2026-05-03T11:56:17.476Z,2026-05-03 07:56:17.476,91763,87,-2531,-2864,294
2026-05-03T11:56:17.516Z,2026-05-03 07:56:17.516,91763,88,-2530,-2872,290
2026-05-03T11:56:17.556Z,2026-05-03 07:56:17.556,91763,89,-2524,-2877,294
2026-05-03T11:56:17.596Z,2026-05-03 07:56:17.596,91763,90,-2527,-2878,287
2026-05-03T11:56:17.636Z,2026-05-03 07:56:17.636,91763,91,-2539,-2872,300
2026-05-03T11:56:17.676Z,2026-05-03 07:56:17.676,91763,92,-2537,-2873,296
2026-05-03T11:56:17.716Z,2026-05-03 07:56:17.716,91763,93,-2517,-2877,300
2026-05-03T11:56:17.756Z,2026-05-03 07:56:17.756,91763,94,-2535,-2872,300
2026-05-03T11:56:17.796Z,2026-05-03 07:56:17.796,91763,95,-2529,-2881,295
2026-05-03T11:56:17.836Z,2026-05-03 07:56:17.836,91763,96,-2533,-2879,283
2026-05-03T11:56:17.876Z,2026-05-03 07:56:17.876,91763,97,-2527,-2877,292
2026-05-03T11:56:17.916Z,2026-05-03 07:56:17.916,91763,98,-2548,-2876,277
2026-05-03T11:56:17.956Z,2026-05-03 07:56:17.956,91763,99,-2530,-2880,287
2026-05-03T11:56:17.996Z,2026-05-03 07:56:17.996,91763,100,-2508,-2873,290
2026-05-03T11:56:18.036Z,2026-05-03 07:56:18.036,91764,1,-2524,-2880,280
2026-05-03T11:56:18.076Z,2026-05-03 07:56:18.076,91764,2,-2513,-2886,282
2026-05-03T11:56:18.116Z,2026-05-03 07:56:18.116,91764,3,-2526,-2880,293
2026-05-03T11:56:18.156Z,2026-05-03 07:56:18.156,91764,4,-2511,-2868,293
2026-05-03T11:56:18.196Z,2026-05-03 07:56:18.196,91764,5,-2535,-2884,285
2026-05-03T11:56:18.236Z,2026-05-03 07:56:18.236,91764,6,-2537,-2883,291
2026-05-03T11:56:18.276Z,2026-05-03 07:56:18.276,91764,7,-2523,-2876,282
2026-05-03T11:56:18.316Z,2026-05-03 07:56:18.316,91764,8,-2528,-2873,290
2026-05-03T11:56:18.356Z,2026-05-03 07:56:18.356,91764,9,-2524,-2874,289
2026-05-03T11:56:18.396Z,2026-05-03 07:56:18.396,91764,10,-2530,-2881,279
2026-05-03T11:56:18.436Z,2026-05-03 07:56:18.436,91764,11,-2525,-2871,275
2026-05-03T11:56:18.476Z,2026-05-03 07:56:18.476,91764,12,-2533,-2888,276
2026-05-03T11:56:18.516Z,2026-05-03 07:56:18.516,91764,13,-2540,-2875,292
2026-05-03T11:56:18.556Z,2026-05-03 07:56:18.556,91764,14,-2531,-2873,279
2026-05-03T11:56:18.596Z,2026-05-03 07:56:18.596,91764,15,-2536,-2874,283
2026-05-03T11:56:18.636Z,2026-05-03 07:56:18.636,91764,16,-2518,-2875,294
2026-05-03T11:56:18.676Z,2026-05-03 07:56:18.676,91764,17,-2520,-2876,284
2026-05-03T11:56:18.716Z,2026-05-03 07:56:18.716,91764,18,-2524,-2883,296
2026-05-03T11:56:18.756Z,2026-05-03 07:56:18.756,91764,19,-2530,-2871,279
2026-05-03T11:56:18.796Z,2026-05-03 07:56:18.796,91764,20,-2524,-2876,286
2026-05-03T11:56:18.836Z,2026-05-03 07:56:18.836,91764,21,-2538,-2880,287
2026-05-03T11:56:18.876Z,2026-05-03 07:56:18.876,91764,22,-2517,-2879,275
2026-05-03T11:56:18.916Z,2026-05-03 07:56:18.916,91764,23,-2520,-2858,286
2026-05-03T11:56:18.956Z,2026-05-03 07:56:18.956,91764,24,-2530,-2871,291
2026-05-03T11:56:18.996Z,2026-05-03 07:56:18.996,91764,25,-2530,-2865,294
2026-05-03T11:56:19.036Z,2026-05-03 07:56:19.036,91764,26,-2533,-2880,292
2026-05-03T11:56:19.076Z,2026-05-03 07:56:19.076,91764,27,-2539,-2888,281
2026-05-03T11:56:19.116Z,2026-05-03 07:56:19.116,91764,28,-2511,-2868,290
2026-05-03T11:56:19.156Z,2026-05-03 07:56:19.156,91764,29,-2524,-2888,292
2026-05-03T11:56:19.196Z,2026-05-03 07:56:19.196,91764,30,-2528,-2863,292
2026-05-03T11:56:19.236Z,2026-05-03 07:56:19.236,91764,31,-2544,-2881,293
2026-05-03T11:56:19.276Z,2026-05-03 07:56:19.276,91764,32,-2527,-2883,274
2026-05-03T11:56:19.316Z,2026-05-03 07:56:19.316,91764,33,-2526,-2877,293
2026-05-03T11:56:19.356Z,2026-05-03 07:56:19.356,91764,34,-2532,-2881,274
2026-05-03T11:56:19.396Z,2026-05-03 07:56:19.396,91764,35,-2527,-2884,292
2026-05-03T11:56:19.436Z,2026-05-03 07:56:19.436,91764,36,-2532,-2879,289
2026-05-03T11:56:19.476Z,2026-05-03 07:56:19.476,91764,37,-2517,-2863,296
2026-05-03T11:56:19.516Z,2026-05-03 07:56:19.516,91764,38,-2527,-2874,283
2026-05-03T11:56:19.556Z,2026-05-03 07:56:19.556,91764,39,-2533,-2865,278
2026-05-03T11:56:19.596Z,2026-05-03 07:56:19.596,91764,40,-2518,-2879,299
2026-05-03T11:56:19.636Z,2026-05-03 07:56:19.636,91764,41,-2524,-2871,286
2026-05-03T11:56:19.676Z,2026-05-03 07:56:19.676,91764,42,-2524,-2875,286
2026-05-03T11:56:19.716Z,2026-05-03 07:56:19.716,91764,43,-2534,-2888,275
2026-05-03T11:56:19.756Z,2026-05-03 07:56:19.756,91764,44,-2528,-2873,291
2026-05-03T11:56:19.796Z,2026-05-03 07:56:19.796,91764,45,-2518,-2872,285
2026-05-03T11:56:19.836Z,2026-05-03 07:56:19.836,91764,46,-2527,-2877,286
2026-05-03T11:56:19.876Z,2026-05-03 07:56:19.876,91764,47,-2535,-2883,297
2026-05-03T11:56:19.916Z,2026-05-03 07:56:19.916,91764,48,-2528,-2891,301
2026-05-03T11:56:19.956Z,2026-05-03 07:56:19.956,91764,49,-2534,-2884,287
2026-05-03T11:56:19.996Z,2026-05-03 07:56:19.996,91764,50,-2517,-2877,288
2026-05-03T11:56:20.036Z,2026-05-03 07:56:20.036,91764,51,-2524,-2870,293
2026-05-03T11:56:20.076Z,2026-05-03 07:56:20.076,91764,52,-2532,-2882,293
2026-05-03T11:56:20.116Z,2026-05-03 07:56:20.116,91764,53,-2547,-2880,284
2026-05-03T11:56:20.156Z,2026-05-03 07:56:20.156,91764,54,-2528,-2873,296
2026-05-03T11:56:20.196Z,2026-05-03 07:56:20.196,91764,55,-2526,-2880,289
2026-05-03T11:56:20.236Z,2026-05-03 07:56:20.236,91764,56,-2511,-2884,291
2026-05-03T11:56:20.276Z,2026-05-03 07:56:20.276,91764,57,-2527,-2868,297
2026-05-03T11:56:20.316Z,2026-05-03 07:56:20.316,91764,58,-2538,-2876,295
2026-05-03T11:56:20.356Z,2026-05-03 07:56:20.356,91764,59,-2539,-2867,290
2026-05-03T11:56:20.396Z,2026-05-03 07:56:20.396,91764,60,-2527,-2879,283
2026-05-03T11:56:20.436Z,2026-05-03 07:56:20.436,91764,61,-2523,-2868,295
2026-05-03T11:56:20.476Z,2026-05-03 07:56:20.476,91764,62,-2516,-2873,291
2026-05-03T11:56:20.516Z,2026-05-03 07:56:20.516,91764,63,-2530,-2869,275
2026-05-03T11:56:20.556Z,2026-05-03 07:56:20.556,91764,64,-2529,-2882,291
2026-05-03T11:56:20.596Z,2026-05-03 07:56:20.596,91764,65,-2516,-2880,291
2026-05-03T11:56:20.636Z,2026-05-03 07:56:20.636,91764,66,-2516,-2872,282
2026-05-03T11:56:20.676Z,2026-05-03 07:56:20.676,91764,67,-2530,-2875,289
2026-05-03T11:56:20.716Z,2026-05-03 07:56:20.716,91764,68,-2532,-2891,290
2026-05-03T11:56:20.756Z,2026-05-03 07:56:20.756,91764,69,-2528,-2873,304
2026-05-03T11:56:20.796Z,2026-05-03 07:56:20.796,91764,70,-2527,-2881,291
2026-05-03T11:56:20.836Z,2026-05-03 07:56:20.836,91764,71,-2524,-2880,301
2026-05-03T11:56:20.876Z,2026-05-03 07:56:20.876,91764,72,-2535,-2880,288
2026-05-03T11:56:20.916Z,2026-05-03 07:56:20.916,91764,73,-2540,-2883,288
2026-05-03T11:56:20.956Z,2026-05-03 07:56:20.956,91764,74,-2521,-2875,279
2026-05-03T11:56:20.996Z,2026-05-03 07:56:20.996,91764,75,-2533,-2885,287
2026-05-03T11:56:21.036Z,2026-05-03 07:56:21.036,91764,76,-2534,-2884,290
2026-05-03T11:56:21.076Z,2026-05-03 07:56:21.076,91764,77,-2527,-2880,291
2026-05-03T11:56:21.116Z,2026-05-03 07:56:21.116,91764,78,-2527,-2881,294
2026-05-03T11:56:21.156Z,2026-05-03 07:56:21.156,91764,79,-2532,-2879,295
2026-05-03T11:56:21.196Z,2026-05-03 07:56:21.196,91764,80,-2523,-2872,290
2026-05-03T11:56:21.236Z,2026-05-03 07:56:21.236,91764,81,-2530,-2884,290
2026-05-03T11:56:21.276Z,2026-05-03 07:56:21.276,91764,82,-2517,-2860,300
2026-05-03T11:56:21.316Z,2026-05-03 07:56:21.316,91764,83,-2525,-2879,285
2026-05-03T11:56:21.356Z,2026-05-03 07:56:21.356,91764,84,-2522,-2878,293
2026-05-03T11:56:21.396Z,2026-05-03 07:56:21.396,91764,85,-2528,-2867,290
2026-05-03T11:56:21.436Z,2026-05-03 07:56:21.436,91764,86,-2529,-2881,278
2026-05-03T11:56:21.476Z,2026-05-03 07:56:21.476,91764,87,-2526,-2872,282
2026-05-03T11:56:21.516Z,2026-05-03 07:56:21.516,91764,88,-2531,-2875,288
2026-05-03T11:56:21.556Z,2026-05-03 07:56:21.556,91764,89,-2529,-2874,292
2026-05-03T11:56:21.596Z,2026-05-03 07:56:21.596,91764,90,-2530,-2876,289
2026-05-03T11:56:21.636Z,2026-05-03 07:56:21.636,91764,91,-2524,-2869,297
2026-05-03T11:56:21.676Z,2026-05-03 07:56:21.676,91764,92,-2534,-2880,295
2026-05-03T11:56:21.716Z,2026-05-03 07:56:21.716,91764,93,-2520,-2884,288
2026-05-03T11:56:21.756Z,2026-05-03 07:56:21.756,91764,94,-2537,-2886,289
2026-05-03T11:56:21.796Z,2026-05-03 07:56:21.796,91764,95,-2533,-2869,294
2026-05-03T11:56:21.836Z,2026-05-03 07:56:21.836,91764,96,-2527,-2880,281
2026-05-03T11:56:21.876Z,2026-05-03 07:56:21.876,91764,97,-2527,-2859,300
2026-05-03T11:56:21.916Z,2026-05-03 07:56:21.916,91764,98,-2533,-2876,291
2026-05-03T11:56:21.956Z,2026-05-03 07:56:21.956,91764,99,-2530,-2882,296
2026-05-03T11:56:21.996Z,2026-05-03 07:56:21.996,91764,100,-2519,-2871,299
2026-05-03T11:56:22.036Z,2026-05-03 07:56:22.036,91765,1,-2529,-2876,291
2026-05-03T11:56:22.076Z,2026-05-03 07:56:22.076,91765,2,-2526,-2877,291
2026-05-03T11:56:22.116Z,2026-05-03 07:56:22.116,91765,3,-2527,-2880,289
2026-05-03T11:56:22.156Z,2026-05-03 07:56:22.156,91765,4,-2527,-2873,293
2026-05-03T11:56:22.196Z,2026-05-03 07:56:22.196,91765,5,-2527,-2876,294
2026-05-03T11:56:22.236Z,2026-05-03 07:56:22.236,91765,6,-2545,-2888,284
2026-05-03T11:56:22.276Z,2026-05-03 07:56:22.276,91765,7,-2534,-2879,283
2026-05-03T11:56:22.316Z,2026-05-03 07:56:22.316,91765,8,-2523,-2871,294
2026-05-03T11:56:22.356Z,2026-05-03 07:56:22.356,91765,9,-2528,-2873,289
2026-05-03T11:56:22.396Z,2026-05-03 07:56:22.396,91765,10,-2519,-2876,278
2026-05-03T11:56:22.436Z,2026-05-03 07:56:22.436,91765,11,-2531,-2875,286
2026-05-03T11:56:22.476Z,2026-05-03 07:56:22.476,91765,12,-2515,-2879,292
2026-05-03T11:56:22.516Z,2026-05-03 07:56:22.516,91765,13,-2530,-2879,282
2026-05-03T11:56:22.556Z,2026-05-03 07:56:22.556,91765,14,-2537,-2876,299
2026-05-03T11:56:22.596Z,2026-05-03 07:56:22.596,91765,15,-2524,-2873,296
2026-05-03T11:56:22.636Z,2026-05-03 07:56:22.636,91765,16,-2522,-2873,290
2026-05-03T11:56:22.676Z,2026-05-03 07:56:22.676,91765,17,-2524,-2868,289
2026-05-03T11:56:22.716Z,2026-05-03 07:56:22.716,91765,18,-2527,-2872,291
2026-05-03T11:56:22.756Z,2026-05-03 07:56:22.756,91765,19,-2542,-2883,299
2026-05-03T11:56:22.796Z,2026-05-03 07:56:22.796,91765,20,-2534,-2871,295
2026-05-03T11:56:22.836Z,2026-05-03 07:56:22.836,91765,21,-2546,-2875,291
2026-05-03T11:56:22.876Z,2026-05-03 07:56:22.876,91765,22,-2542,-2869,293
2026-05-03T11:56:22.916Z,2026-05-03 07:56:22.916,91765,23,-2515,-2870,281
2026-05-03T11:56:22.956Z,2026-05-03 07:56:22.956,91765,24,-2529,-2873,281
2026-05-03T11:56:22.996Z,2026-05-03 07:56:22.996,91765,25,-2536,-2861,284
2026-05-03T11:56:23.036Z,2026-05-03 07:56:23.036,91765,26,-2535,-2879,282
2026-05-03T11:56:23.076Z,2026-05-03 07:56:23.076,91765,27,-2537,-2879,294
2026-05-03T11:56:23.116Z,2026-05-03 07:56:23.116,91765,28,-2522,-2873,278
2026-05-03T11:56:23.156Z,2026-05-03 07:56:23.156,91765,29,-2524,-2879,287
2026-05-03T11:56:23.196Z,2026-05-03 07:56:23.196,91765,30,-2522,-2868,300
2026-05-03T11:56:23.236Z,2026-05-03 07:56:23.236,91765,31,-2517,-2885,289
2026-05-03T11:56:23.276Z,2026-05-03 07:56:23.276,91765,32,-2525,-2884,285
2026-05-03T11:56:23.316Z,2026-05-03 07:56:23.316,91765,33,-2531,-2876,289
2026-05-03T11:56:23.356Z,2026-05-03 07:56:23.356,91765,34,-2525,-2873,287
2026-05-03T11:56:23.396Z,2026-05-03 07:56:23.396,91765,35,-2526,-2873,278
2026-05-03T11:56:23.436Z,2026-05-03 07:56:23.436,91765,36,-2528,-2880,296
2026-05-03T11:56:23.476Z,2026-05-03 07:56:23.476,91765,37,-2527,-2898,292
2026-05-03T11:56:23.516Z,2026-05-03 07:56:23.516,91765,38,-2523,-2881,277
2026-05-03T11:56:23.556Z,2026-05-03 07:56:23.556,91765,39,-2529,-2871,293
2026-05-03T11:56:23.596Z,2026-05-03 07:56:23.596,91765,40,-2540,-2872,290
2026-05-03T11:56:23.636Z,2026-05-03 07:56:23.636,91765,41,-2542,-2875,287
2026-05-03T11:56:23.676Z,2026-05-03 07:56:23.676,91765,42,-2531,-2866,292
2026-05-03T11:56:23.716Z,2026-05-03 07:56:23.716,91765,43,-2535,-2889,294
2026-05-03T11:56:23.756Z,2026-05-03 07:56:23.756,91765,44,-2528,-2880,280
2026-05-03T11:56:23.796Z,2026-05-03 07:56:23.796,91765,45,-2520,-2880,288
2026-05-03T11:56:23.836Z,2026-05-03 07:56:23.836,91765,46,-2530,-2882,298
2026-05-03T11:56:23.876Z,2026-05-03 07:56:23.876,91765,47,-2523,-2881,280
2026-05-03T11:56:23.916Z,2026-05-03 07:56:23.916,91765,48,-2528,-2871,290
2026-05-03T11:56:23.956Z,2026-05-03 07:56:23.956,91765,49,-2537,-2882,303
2026-05-03T11:56:23.996Z,2026-05-03 07:56:23.996,91765,50,-2523,-2872,292
2026-05-03T11:56:24.036Z,2026-05-03 07:56:24.036,91765,51,-2514,-2880,284
2026-05-03T11:56:24.076Z,2026-05-03 07:56:24.076,91765,52,-2533,-2866,286
2026-05-03T11:56:24.116Z,2026-05-03 07:56:24.116,91765,53,-2534,-2868,285
2026-05-03T11:56:24.156Z,2026-05-03 07:56:24.156,91765,54,-2522,-2883,297
2026-05-03T11:56:24.196Z,2026-05-03 07:56:24.196,91765,55,-2521,-2867,277
2026-05-03T11:56:24.236Z,2026-05-03 07:56:24.236,91765,56,-2524,-2875,288
2026-05-03T11:56:24.276Z,2026-05-03 07:56:24.276,91765,57,-2524,-2886,292
2026-05-03T11:56:24.316Z,2026-05-03 07:56:24.316,91765,58,-2520,-2871,300
2026-05-03T11:56:24.356Z,2026-05-03 07:56:24.356,91765,59,-2531,-2884,295
2026-05-03T11:56:24.396Z,2026-05-03 07:56:24.396,91765,60,-2526,-2873,292
2026-05-03T11:56:24.436Z,2026-05-03 07:56:24.436,91765,61,-2523,-2882,284
2026-05-03T11:56:24.476Z,2026-05-03 07:56:24.476,91765,62,-2520,-2869,283
2026-05-03T11:56:24.516Z,2026-05-03 07:56:24.516,91765,63,-2516,-2872,286
2026-05-03T11:56:24.556Z,2026-05-03 07:56:24.556,91765,64,-2531,-2863,297
2026-05-03T11:56:24.596Z,2026-05-03 07:56:24.596,91765,65,-2542,-2867,287
2026-05-03T11:56:24.636Z,2026-05-03 07:56:24.636,91765,66,-2519,-2887,297
2026-05-03T11:56:24.676Z,2026-05-03 07:56:24.676,91765,67,-2516,-2887,288
2026-05-03T11:56:24.716Z,2026-05-03 07:56:24.716,91765,68,-2541,-2861,286
2026-05-03T11:56:24.756Z,2026-05-03 07:56:24.756,91765,69,-2530,-2880,282
2026-05-03T11:56:24.796Z,2026-05-03 07:56:24.796,91765,70,-2532,-2882,292
2026-05-03T11:56:24.836Z,2026-05-03 07:56:24.836,91765,71,-2531,-2873,280
2026-05-03T11:56:24.876Z,2026-05-03 07:56:24.876,91765,72,-2537,-2876,276
2026-05-03T11:56:24.916Z,2026-05-03 07:56:24.916,91765,73,-2523,-2879,291
2026-05-03T11:56:24.956Z,2026-05-03 07:56:24.956,91765,74,-2542,-2870,271
2026-05-03T11:56:24.996Z,2026-05-03 07:56:24.996,91765,75,-2523,-2858,280
2026-05-03T11:56:25.036Z,2026-05-03 07:56:25.036,91765,76,-2535,-2870,276
2026-05-03T11:56:25.076Z,2026-05-03 07:56:25.076,91765,77,-2523,-2876,285
2026-05-03T11:56:25.116Z,2026-05-03 07:56:25.116,91765,78,-2522,-2867,292
2026-05-03T11:56:25.156Z,2026-05-03 07:56:25.156,91765,79,-2523,-2866,288
2026-05-03T11:56:25.196Z,2026-05-03 07:56:25.196,91765,80,-2525,-2874,283
2026-05-03T11:56:25.236Z,2026-05-03 07:56:25.236,91765,81,-2538,-2879,288
2026-05-03T11:56:25.276Z,2026-05-03 07:56:25.276,91765,82,-2534,-2873,278
2026-05-03T11:56:25.316Z,2026-05-03 07:56:25.316,91765,83,-2537,-2883,295
2026-05-03T11:56:25.356Z,2026-05-03 07:56:25.356,91765,84,-2517,-2873,299
2026-05-03T11:56:25.396Z,2026-05-03 07:56:25.396,91765,85,-2523,-2877,290
2026-05-03T11:56:25.436Z,2026-05-03 07:56:25.436,91765,86,-2517,-2879,281
2026-05-03T11:56:25.476Z,2026-05-03 07:56:25.476,91765,87,-2518,-2867,297
2026-05-03T11:56:25.516Z,2026-05-03 07:56:25.516,91765,88,-2531,-2883,291
2026-05-03T11:56:25.556Z,2026-05-03 07:56:25.556,91765,89,-2531,-2860,284
2026-05-03T11:56:25.596Z,2026-05-03 07:56:25.596,91765,90,-2527,-2870,288
2026-05-03T11:56:25.636Z,2026-05-03 07:56:25.636,91765,91,-2527,-2880,295
2026-05-03T11:56:25.676Z,2026-05-03 07:56:25.676,91765,92,-2535,-2884,300
2026-05-03T11:56:25.716Z,2026-05-03 07:56:25.716,91765,93,-2515,-2879,296
2026-05-03T11:56:25.756Z,2026-05-03 07:56:25.756,91765,94,-2518,-2880,288
2026-05-03T11:56:25.796Z,2026-05-03 07:56:25.796,91765,95,-2519,-2873,294
2026-05-03T11:56:25.836Z,2026-05-03 07:56:25.836,91765,96,-2524,-2873,288
2026-05-03T11:56:25.876Z,2026-05-03 07:56:25.876,91765,97,-2534,-2881,289
2026-05-03T11:56:25.916Z,2026-05-03 07:56:25.916,91765,98,-2531,-2867,292
2026-05-03T11:56:25.956Z,2026-05-03 07:56:25.956,91765,99,-2537,-2884,287
2026-05-03T11:56:25.996Z,2026-05-03 07:56:25.996,91765,100,-2526,-2896,292
2026-05-03T11:56:26.036Z,2026-05-03 07:56:26.036,91766,1,-2534,-2878,299
2026-05-03T11:56:26.076Z,2026-05-03 07:56:26.076,91766,2,-2525,-2887,295
2026-05-03T11:56:26.116Z,2026-05-03 07:56:26.116,91766,3,-2527,-2879,296
2026-05-03T11:56:26.156Z,2026-05-03 07:56:26.156,91766,4,-2518,-2884,291
2026-05-03T11:56:26.196Z,2026-05-03 07:56:26.196,91766,5,-2515,-2869,287
2026-05-03T11:56:26.236Z,2026-05-03 07:56:26.236,91766,6,-2532,-2900,290
2026-05-03T11:56:26.276Z,2026-05-03 07:56:26.276,91766,7,-2525,-2894,289
2026-05-03T11:56:26.316Z,2026-05-03 07:56:26.316,91766,8,-2520,-2882,282
2026-05-03T11:56:26.356Z,2026-05-03 07:56:26.356,91766,9,-2530,-2880,277
2026-05-03T11:56:26.396Z,2026-05-03 07:56:26.396,91766,10,-2530,-2876,295
2026-05-03T11:56:26.436Z,2026-05-03 07:56:26.436,91766,11,-2541,-2880,298
2026-05-03T11:56:26.476Z,2026-05-03 07:56:26.476,91766,12,-2527,-2884,276
2026-05-03T11:56:26.516Z,2026-05-03 07:56:26.516,91766,13,-2528,-2879,277
2026-05-03T11:56:26.556Z,2026-05-03 07:56:26.556,91766,14,-2522,-2878,272
2026-05-03T11:56:26.596Z,2026-05-03 07:56:26.596,91766,15,-2520,-2892,291
2026-05-03T11:56:26.636Z,2026-05-03 07:56:26.636,91766,16,-2530,-2886,293
2026-05-03T11:56:26.676Z,2026-05-03 07:56:26.676,91766,17,-2528,-2871,292
2026-05-03T11:56:26.716Z,2026-05-03 07:56:26.716,91766,18,-2523,-2883,280
2026-05-03T11:56:26.756Z,2026-05-03 07:56:26.756,91766,19,-2529,-2863,290
2026-05-03T11:56:26.796Z,2026-05-03 07:56:26.796,91766,20,-2529,-2884,288
2026-05-03T11:56:26.836Z,2026-05-03 07:56:26.836,91766,21,-2522,-2880,283
2026-05-03T11:56:26.876Z,2026-05-03 07:56:26.876,91766,22,-2537,-2876,295
2026-05-03T11:56:26.916Z,2026-05-03 07:56:26.916,91766,23,-2538,-2879,283
2026-05-03T11:56:26.956Z,2026-05-03 07:56:26.956,91766,24,-2529,-2882,289
2026-05-03T11:56:26.996Z,2026-05-03 07:56:26.996,91766,25,-2526,-2884,295
2026-05-03T11:56:27.036Z,2026-05-03 07:56:27.036,91766,26,-2535,-2871,276
2026-05-03T11:56:27.076Z,2026-05-03 07:56:27.076,91766,27,-2544,-2882,289
2026-05-03T11:56:27.116Z,2026-05-03 07:56:27.116,91766,28,-2523,-2877,293
2026-05-03T11:56:27.156Z,2026-05-03 07:56:27.156,91766,29,-2529,-2871,288
2026-05-03T11:56:27.196Z,2026-05-03 07:56:27.196,91766,30,-2523,-2875,301
2026-05-03T11:56:27.236Z,2026-05-03 07:56:27.236,91766,31,-2533,-2874,295
2026-05-03T11:56:27.276Z,2026-05-03 07:56:27.276,91766,32,-2525,-2884,259
2026-05-03T11:56:27.316Z,2026-05-03 07:56:27.316,91766,33,-2540,-2880,285
2026-05-03T11:56:27.356Z,2026-05-03 07:56:27.356,91766,34,-2524,-2880,282
2026-05-03T11:56:27.396Z,2026-05-03 07:56:27.396,91766,35,-2531,-2876,291
2026-05-03T11:56:27.436Z,2026-05-03 07:56:27.436,91766,36,-2536,-2872,286
2026-05-03T11:56:27.476Z,2026-05-03 07:56:27.476,91766,37,-2519,-2879,289
2026-05-03T11:56:27.516Z,2026-05-03 07:56:27.516,91766,38,-2514,-2887,289
2026-05-03T11:56:27.556Z,2026-05-03 07:56:27.556,91766,39,-2534,-2874,299
2026-05-03T11:56:27.596Z,2026-05-03 07:56:27.596,91766,40,-2520,-2874,278
2026-05-03T11:56:27.636Z,2026-05-03 07:56:27.636,91766,41,-2526,-2887,283
2026-05-03T11:56:27.676Z,2026-05-03 07:56:27.676,91766,42,-2525,-2884,292
2026-05-03T11:56:27.716Z,2026-05-03 07:56:27.716,91766,43,-2526,-2880,280
2026-05-03T11:56:27.756Z,2026-05-03 07:56:27.756,91766,44,-2520,-2863,282
2026-05-03T11:56:27.796Z,2026-05-03 07:56:27.796,91766,45,-2525,-2870,283
2026-05-03T11:56:27.836Z,2026-05-03 07:56:27.836,91766,46,-2529,-2874,284
2026-05-03T11:56:27.876Z,2026-05-03 07:56:27.876,91766,47,-2527,-2879,292
2026-05-03T11:56:27.916Z,2026-05-03 07:56:27.916,91766,48,-2523,-2873,294
2026-05-03T11:56:27.956Z,2026-05-03 07:56:27.956,91766,49,-2525,-2876,294
2026-05-03T11:56:27.996Z,2026-05-03 07:56:27.996,91766,50,-2525,-2881,287
2026-05-03T11:56:28.036Z,2026-05-03 07:56:28.036,91766,51,-2535,-2881,277
2026-05-03T11:56:28.076Z,2026-05-03 07:56:28.076,91766,52,-2523,-2873,292
2026-05-03T11:56:28.116Z,2026-05-03 07:56:28.116,91766,53,-2522,-2880,289
2026-05-03T11:56:28.156Z,2026-05-03 07:56:28.156,91766,54,-2526,-2868,287
2026-05-03T11:56:28.196Z,2026-05-03 07:56:28.196,91766,55,-2528,-2885,282
2026-05-03T11:56:28.236Z,2026-05-03 07:56:28.236,91766,56,-2532,-2880,294
2026-05-03T11:56:28.276Z,2026-05-03 07:56:28.276,91766,57,-2529,-2884,290
2026-05-03T11:56:28.316Z,2026-05-03 07:56:28.316,91766,58,-2530,-2886,291
2026-05-03T11:56:28.356Z,2026-05-03 07:56:28.356,91766,59,-2519,-2876,297
2026-05-03T11:56:28.396Z,2026-05-03 07:56:28.396,91766,60,-2531,-2880,295
2026-05-03T11:56:28.436Z,2026-05-03 07:56:28.436,91766,61,-2523,-2875,297
2026-05-03T11:56:28.476Z,2026-05-03 07:56:28.476,91766,62,-2523,-2884,296
2026-05-03T11:56:28.516Z,2026-05-03 07:56:28.516,91766,63,-2532,-2879,290
2026-05-03T11:56:28.556Z,2026-05-03 07:56:28.556,91766,64,-2526,-2866,281
2026-05-03T11:56:28.596Z,2026-05-03 07:56:28.596,91766,65,-2526,-2875,293
2026-05-03T11:56:28.636Z,2026-05-03 07:56:28.636,91766,66,-2525,-2867,287
2026-05-03T11:56:28.676Z,2026-05-03 07:56:28.676,91766,67,-2523,-2874,290
2026-05-03T11:56:28.716Z,2026-05-03 07:56:28.716,91766,68,-2516,-2873,292
2026-05-03T11:56:28.756Z,2026-05-03 07:56:28.756,91766,69,-2539,-2875,293
2026-05-03T11:56:28.796Z,2026-05-03 07:56:28.796,91766,70,-2534,-2890,281
2026-05-03T11:56:28.836Z,2026-05-03 07:56:28.836,91766,71,-2528,-2873,288
2026-05-03T11:56:28.876Z,2026-05-03 07:56:28.876,91766,72,-2524,-2864,292
2026-05-03T11:56:28.916Z,2026-05-03 07:56:28.916,91766,73,-2530,-2881,292
2026-05-03T11:56:28.956Z,2026-05-03 07:56:28.956,91766,74,-2526,-2883,289
2026-05-03T11:56:28.996Z,2026-05-03 07:56:28.996,91766,75,-2528,-2882,280
2026-05-03T11:56:29.036Z,2026-05-03 07:56:29.036,91766,76,-2528,-2876,297
2026-05-03T11:56:29.076Z,2026-05-03 07:56:29.076,91766,77,-2523,-2873,289
2026-05-03T11:56:29.116Z,2026-05-03 07:56:29.116,91766,78,-2528,-2888,298
2026-05-03T11:56:29.156Z,2026-05-03 07:56:29.156,91766,79,-2524,-2865,285
2026-05-03T11:56:29.196Z,2026-05-03 07:56:29.196,91766,80,-2520,-2875,272
2026-05-03T11:56:29.236Z,2026-05-03 07:56:29.236,91766,81,-2517,-2878,282
2026-05-03T11:56:29.276Z,2026-05-03 07:56:29.276,91766,82,-2525,-2878,275
2026-05-03T11:56:29.316Z,2026-05-03 07:56:29.316,91766,83,-2535,-2882,276
2026-05-03T11:56:29.356Z,2026-05-03 07:56:29.356,91766,84,-2522,-2878,286
2026-05-03T11:56:29.396Z,2026-05-03 07:56:29.396,91766,85,-2516,-2873,286
2026-05-03T11:56:29.436Z,2026-05-03 07:56:29.436,91766,86,-2532,-2873,289
2026-05-03T11:56:29.476Z,2026-05-03 07:56:29.476,91766,87,-2513,-2861,288
2026-05-03T11:56:29.516Z,2026-05-03 07:56:29.516,91766,88,-2542,-2871,291
2026-05-03T11:56:29.556Z,2026-05-03 07:56:29.556,91766,89,-2534,-2871,294
2026-05-03T11:56:29.596Z,2026-05-03 07:56:29.596,91766,90,-2527,-2880,290
2026-05-03T11:56:29.636Z,2026-05-03 07:56:29.636,91766,91,-2518,-2887,291
2026-05-03T11:56:29.676Z,2026-05-03 07:56:29.676,91766,92,-2541,-2861,280
2026-05-03T11:56:29.716Z,2026-05-03 07:56:29.716,91766,93,-2519,-2872,287
2026-05-03T11:56:29.756Z,2026-05-03 07:56:29.756,91766,94,-2525,-2869,278
2026-05-03T11:56:29.796Z,2026-05-03 07:56:29.796,91766,95,-2528,-2871,295
2026-05-03T11:56:29.836Z,2026-05-03 07:56:29.836,91766,96,-2540,-2859,290
2026-05-03T11:56:29.876Z,2026-05-03 07:56:29.876,91766,97,-2532,-2881,286
2026-05-03T11:56:29.916Z,2026-05-03 07:56:29.916,91766,98,-2532,-2874,295
2026-05-03T11:56:29.956Z,2026-05-03 07:56:29.956,91766,99,-2526,-2873,283
2026-05-03T11:56:29.996Z,2026-05-03 07:56:29.996,91766,100,-2520,-2872,291
2026-05-03T11:56:30.036Z,2026-05-03 07:56:30.036,91767,1,-2523,-2869,286
2026-05-03T11:56:30.076Z,2026-05-03 07:56:30.076,91767,2,-2515,-2879,285
2026-05-03T11:56:30.116Z,2026-05-03 07:56:30.116,91767,3,-2528,-2871,287
2026-05-03T11:56:30.156Z,2026-05-03 07:56:30.156,91767,4,-2536,-2868,299
2026-05-03T11:56:30.196Z,2026-05-03 07:56:30.196,91767,5,-2537,-2871,270
2026-05-03T11:56:30.236Z,2026-05-03 07:56:30.236,91767,6,-2536,-2880,297
2026-05-03T11:56:30.276Z,2026-05-03 07:56:30.276,91767,7,-2532,-2878,281
2026-05-03T11:56:30.316Z,2026-05-03 07:56:30.316,91767,8,-2523,-2876,276
2026-05-03T11:56:30.356Z,2026-05-03 07:56:30.356,91767,9,-2524,-2883,282
2026-05-03T11:56:30.396Z,2026-05-03 07:56:30.396,91767,10,-2522,-2882,293
2026-05-03T11:56:30.436Z,2026-05-03 07:56:30.436,91767,11,-2537,-2872,281
2026-05-03T11:56:30.476Z,2026-05-03 07:56:30.476,91767,12,-2527,-2880,285
2026-05-03T11:56:30.516Z,2026-05-03 07:56:30.516,91767,13,-2530,-2878,283
2026-05-03T11:56:30.556Z,2026-05-03 07:56:30.556,91767,14,-2531,-2879,282
2026-05-03T11:56:30.596Z,2026-05-03 07:56:30.596,91767,15,-2535,-2879,297
2026-05-03T11:56:30.636Z,2026-05-03 07:56:30.636,91767,16,-2529,-2886,281
2026-05-03T11:56:30.676Z,2026-05-03 07:56:30.676,91767,17,-2528,-2891,281
2026-05-03T11:56:30.716Z,2026-05-03 07:56:30.716,91767,18,-2530,-2887,283
2026-05-03T11:56:30.756Z,2026-05-03 07:56:30.756,91767,19,-2519,-2880,289
2026-05-03T11:56:30.796Z,2026-05-03 07:56:30.796,91767,20,-2536,-2880,289
2026-05-03T11:56:30.836Z,2026-05-03 07:56:30.836,91767,21,-2524,-2880,286
2026-05-03T11:56:30.876Z,2026-05-03 07:56:30.876,91767,22,-2534,-2879,299
2026-05-03T11:56:30.916Z,2026-05-03 07:56:30.916,91767,23,-2522,-2885,286
2026-05-03T11:56:30.956Z,2026-05-03 07:56:30.956,91767,24,-2526,-2883,290
2026-05-03T11:56:30.996Z,2026-05-03 07:56:30.996,91767,25,-2531,-2885,293
2026-05-03T11:56:31.036Z,2026-05-03 07:56:31.036,91767,26,-2518,-2878,285
2026-05-03T11:56:31.076Z,2026-05-03 07:56:31.076,91767,27,-2521,-2884,274
2026-05-03T11:56:31.116Z,2026-05-03 07:56:31.116,91767,28,-2532,-2883,280
2026-05-03T11:56:31.156Z,2026-05-03 07:56:31.156,91767,29,-2531,-2883,273
2026-05-03T11:56:31.196Z,2026-05-03 07:56:31.196,91767,30,-2525,-2881,273
2026-05-03T11:56:31.236Z,2026-05-03 07:56:31.236,91767,31,-2530,-2880,270
2026-05-03T11:56:31.276Z,2026-05-03 07:56:31.276,91767,32,-2519,-2880,277
2026-05-03T11:56:31.316Z,2026-05-03 07:56:31.316,91767,33,-2529,-2869,288
2026-05-03T11:56:31.356Z,2026-05-03 07:56:31.356,91767,34,-2534,-2881,299
2026-05-03T11:56:31.396Z,2026-05-03 07:56:31.396,91767,35,-2521,-2876,282
2026-05-03T11:56:31.436Z,2026-05-03 07:56:31.436,91767,36,-2528,-2884,284
2026-05-03T11:56:31.476Z,2026-05-03 07:56:31.476,91767,37,-2521,-2872,290
2026-05-03T11:56:31.516Z,2026-05-03 07:56:31.516,91767,38,-2535,-2871,287
2026-05-03T11:56:31.556Z,2026-05-03 07:56:31.556,91767,39,-2528,-2880,299
2026-05-03T11:56:31.596Z,2026-05-03 07:56:31.596,91767,40,-2526,-2873,274
2026-05-03T11:56:31.636Z,2026-05-03 07:56:31.636,91767,41,-2521,-2871,296
2026-05-03T11:56:31.676Z,2026-05-03 07:56:31.676,91767,42,-2522,-2880,292
2026-05-03T11:56:31.716Z,2026-05-03 07:56:31.716,91767,43,-2527,-2879,292
2026-05-03T11:56:31.756Z,2026-05-03 07:56:31.756,91767,44,-2523,-2876,288
2026-05-03T11:56:31.796Z,2026-05-03 07:56:31.796,91767,45,-2530,-2872,287
2026-05-03T11:56:31.836Z,2026-05-03 07:56:31.836,91767,46,-2530,-2879,299
2026-05-03T11:56:31.876Z,2026-05-03 07:56:31.876,91767,47,-2536,-2870,279
2026-05-03T11:56:31.916Z,2026-05-03 07:56:31.916,91767,48,-2528,-2868,288
2026-05-03T11:56:31.956Z,2026-05-03 07:56:31.956,91767,49,-2527,-2878,299
2026-05-03T11:56:31.996Z,2026-05-03 07:56:31.996,91767,50,-2539,-2855,290
2026-05-03T11:56:32.036Z,2026-05-03 07:56:32.036,91767,51,-2533,-2880,299
2026-05-03T11:56:32.076Z,2026-05-03 07:56:32.076,91767,52,-2527,-2879,288
2026-05-03T11:56:32.116Z,2026-05-03 07:56:32.116,91767,53,-2525,-2872,287
2026-05-03T11:56:32.156Z,2026-05-03 07:56:32.156,91767,54,-2534,-2886,300
2026-05-03T11:56:32.196Z,2026-05-03 07:56:32.196,91767,55,-2537,-2887,295
2026-05-03T11:56:32.236Z,2026-05-03 07:56:32.236,91767,56,-2541,-2886,291
2026-05-03T11:56:32.276Z,2026-05-03 07:56:32.276,91767,57,-2532,-2869,293
2026-05-03T11:56:32.316Z,2026-05-03 07:56:32.316,91767,58,-2521,-2872,281
2026-05-03T11:56:32.356Z,2026-05-03 07:56:32.356,91767,59,-2535,-2875,297
2026-05-03T11:56:32.396Z,2026-05-03 07:56:32.396,91767,60,-2515,-2878,300
2026-05-03T11:56:32.436Z,2026-05-03 07:56:32.436,91767,61,-2533,-2882,276
2026-05-03T11:56:32.476Z,2026-05-03 07:56:32.476,91767,62,-2518,-2873,291
2026-05-03T11:56:32.516Z,2026-05-03 07:56:32.516,91767,63,-2527,-2871,288
2026-05-03T11:56:32.556Z,2026-05-03 07:56:32.556,91767,64,-2536,-2875,271
2026-05-03T11:56:32.596Z,2026-05-03 07:56:32.596,91767,65,-2525,-2880,286
2026-05-03T11:56:32.636Z,2026-05-03 07:56:32.636,91767,66,-2523,-2887,298
2026-05-03T11:56:32.676Z,2026-05-03 07:56:32.676,91767,67,-2527,-2873,286
2026-05-03T11:56:32.716Z,2026-05-03 07:56:32.716,91767,68,-2530,-2883,288
2026-05-03T11:56:32.756Z,2026-05-03 07:56:32.756,91767,69,-2529,-2878,283
2026-05-03T11:56:32.796Z,2026-05-03 07:56:32.796,91767,70,-2530,-2889,292
2026-05-03T11:56:32.836Z,2026-05-03 07:56:32.836,91767,71,-2528,-2865,292
2026-05-03T11:56:32.876Z,2026-05-03 07:56:32.876,91767,72,-2528,-2868,287
2026-05-03T11:56:32.916Z,2026-05-03 07:56:32.916,91767,73,-2527,-2876,289
2026-05-03T11:56:32.956Z,2026-05-03 07:56:32.956,91767,74,-2536,-2885,285
2026-05-03T11:56:32.996Z,2026-05-03 07:56:32.996,91767,75,-2534,-2869,281
2026-05-03T11:56:33.036Z,2026-05-03 07:56:33.036,91767,76,-2526,-2883,301
2026-05-03T11:56:33.076Z,2026-05-03 07:56:33.076,91767,77,-2530,-2875,287
2026-05-03T11:56:33.116Z,2026-05-03 07:56:33.116,91767,78,-2537,-2874,295
2026-05-03T11:56:33.156Z,2026-05-03 07:56:33.156,91767,79,-2525,-2887,295
2026-05-03T11:56:33.196Z,2026-05-03 07:56:33.196,91767,80,-2536,-2887,280
2026-05-03T11:56:33.236Z,2026-05-03 07:56:33.236,91767,81,-2515,-2875,288
2026-05-03T11:56:33.276Z,2026-05-03 07:56:33.276,91767,82,-2535,-2869,292
2026-05-03T11:56:33.316Z,2026-05-03 07:56:33.316,91767,83,-2534,-2879,286
2026-05-03T11:56:33.356Z,2026-05-03 07:56:33.356,91767,84,-2516,-2875,287
2026-05-03T11:56:33.396Z,2026-05-03 07:56:33.396,91767,85,-2530,-2874,290
2026-05-03T11:56:33.436Z,2026-05-03 07:56:33.436,91767,86,-2535,-2875,295
2026-05-03T11:56:33.476Z,2026-05-03 07:56:33.476,91767,87,-2547,-2884,287
2026-05-03T11:56:33.516Z,2026-05-03 07:56:33.516,91767,88,-2525,-2882,297
2026-05-03T11:56:33.556Z,2026-05-03 07:56:33.556,91767,89,-2527,-2873,285
2026-05-03T11:56:33.596Z,2026-05-03 07:56:33.596,91767,90,-2528,-2873,284
2026-05-03T11:56:33.636Z,2026-05-03 07:56:33.636,91767,91,-2526,-2882,296
2026-05-03T11:56:33.676Z,2026-05-03 07:56:33.676,91767,92,-2527,-2872,286
2026-05-03T11:56:33.716Z,2026-05-03 07:56:33.716,91767,93,-2519,-2891,281
2026-05-03T11:56:33.756Z,2026-05-03 07:56:33.756,91767,94,-2531,-2883,285
2026-05-03T11:56:33.796Z,2026-05-03 07:56:33.796,91767,95,-2530,-2868,286
2026-05-03T11:56:33.836Z,2026-05-03 07:56:33.836,91767,96,-2536,-2885,277
2026-05-03T11:56:33.876Z,2026-05-03 07:56:33.876,91767,97,-2535,-2876,280
2026-05-03T11:56:33.916Z,2026-05-03 07:56:33.916,91767,98,-2525,-2879,290
2026-05-03T11:56:33.956Z,2026-05-03 07:56:33.956,91767,99,-2518,-2866,288
2026-05-03T11:56:33.996Z,2026-05-03 07:56:33.996,91767,100,-2520,-2880,286
2026-05-03T11:56:34.036Z,2026-05-03 07:56:34.036,91768,1,-2530,-2884,294
2026-05-03T11:56:34.076Z,2026-05-03 07:56:34.076,91768,2,-2515,-2871,282
2026-05-03T11:56:34.116Z,2026-05-03 07:56:34.116,91768,3,-2524,-2869,282
2026-05-03T11:56:34.156Z,2026-05-03 07:56:34.156,91768,4,-2523,-2884,281
2026-05-03T11:56:34.196Z,2026-05-03 07:56:34.196,91768,5,-2521,-2882,294
2026-05-03T11:56:34.236Z,2026-05-03 07:56:34.236,91768,6,-2520,-2874,280
2026-05-03T11:56:34.276Z,2026-05-03 07:56:34.276,91768,7,-2527,-2876,286
2026-05-03T11:56:34.316Z,2026-05-03 07:56:34.316,91768,8,-2524,-2866,289
2026-05-03T11:56:34.356Z,2026-05-03 07:56:34.356,91768,9,-2518,-2877,297
2026-05-03T11:56:34.396Z,2026-05-03 07:56:34.396,91768,10,-2521,-2887,287
2026-05-03T11:56:34.436Z,2026-05-03 07:56:34.436,91768,11,-2528,-2883,286
2026-05-03T11:56:34.476Z,2026-05-03 07:56:34.476,91768,12,-2532,-2872,286
2026-05-03T11:56:34.516Z,2026-05-03 07:56:34.516,91768,13,-2538,-2895,288
2026-05-03T11:56:34.556Z,2026-05-03 07:56:34.556,91768,14,-2531,-2874,287
2026-05-03T11:56:34.596Z,2026-05-03 07:56:34.596,91768,15,-2520,-2883,288
2026-05-03T11:56:34.636Z,2026-05-03 07:56:34.636,91768,16,-2535,-2866,290
2026-05-03T11:56:34.676Z,2026-05-03 07:56:34.676,91768,17,-2534,-2879,295
2026-05-03T11:56:34.716Z,2026-05-03 07:56:34.716,91768,18,-2526,-2888,286
2026-05-03T11:56:34.756Z,2026-05-03 07:56:34.756,91768,19,-2529,-2863,291
2026-05-03T11:56:34.796Z,2026-05-03 07:56:34.796,91768,20,-2524,-2871,293
2026-05-03T11:56:34.836Z,2026-05-03 07:56:34.836,91768,21,-2529,-2879,291
2026-05-03T11:56:34.876Z,2026-05-03 07:56:34.876,91768,22,-2530,-2881,276
2026-05-03T11:56:34.916Z,2026-05-03 07:56:34.916,91768,23,-2537,-2875,300
2026-05-03T11:56:34.956Z,2026-05-03 07:56:34.956,91768,24,-2526,-2868,290
2026-05-03T11:56:34.996Z,2026-05-03 07:56:34.996,91768,25,-2528,-2874,292
2026-05-03T11:56:35.036Z,2026-05-03 07:56:35.036,91768,26,-2521,-2871,274
2026-05-03T11:56:35.076Z,2026-05-03 07:56:35.076,91768,27,-2533,-2876,280
2026-05-03T11:56:35.116Z,2026-05-03 07:56:35.116,91768,28,-2521,-2871,283
2026-05-03T11:56:35.156Z,2026-05-03 07:56:35.156,91768,29,-2526,-2868,275
2026-05-03T11:56:35.196Z,2026-05-03 07:56:35.196,91768,30,-2531,-2880,288
2026-05-03T11:56:35.236Z,2026-05-03 07:56:35.236,91768,31,-2533,-2876,286
2026-05-03T11:56:35.276Z,2026-05-03 07:56:35.276,91768,32,-2519,-2880,285
2026-05-03T11:56:35.316Z,2026-05-03 07:56:35.316,91768,33,-2530,-2879,290
2026-05-03T11:56:35.356Z,2026-05-03 07:56:35.356,91768,34,-2517,-2884,286
2026-05-03T11:56:35.396Z,2026-05-03 07:56:35.396,91768,35,-2525,-2878,289
2026-05-03T11:56:35.436Z,2026-05-03 07:56:35.436,91768,36,-2526,-2869,292
2026-05-03T11:56:35.476Z,2026-05-03 07:56:35.476,91768,37,-2526,-2863,274
2026-05-03T11:56:35.516Z,2026-05-03 07:56:35.516,91768,38,-2531,-2871,293
2026-05-03T11:56:35.556Z,2026-05-03 07:56:35.556,91768,39,-2539,-2875,287
2026-05-03T11:56:35.596Z,2026-05-03 07:56:35.596,91768,40,-2525,-2875,282
2026-05-03T11:56:35.636Z,2026-05-03 07:56:35.636,91768,41,-2523,-2877,293
2026-05-03T11:56:35.676Z,2026-05-03 07:56:35.676,91768,42,-2512,-2887,301
2026-05-03T11:56:35.716Z,2026-05-03 07:56:35.716,91768,43,-2519,-2867,285
2026-05-03T11:56:35.756Z,2026-05-03 07:56:35.756,91768,44,-2521,-2874,288
2026-05-03T11:56:35.796Z,2026-05-03 07:56:35.796,91768,45,-2519,-2866,290
2026-05-03T11:56:35.836Z,2026-05-03 07:56:35.836,91768,46,-2535,-2890,295
2026-05-03T11:56:35.876Z,2026-05-03 07:56:35.876,91768,47,-2523,-2872,290
2026-05-03T11:56:35.916Z,2026-05-03 07:56:35.916,91768,48,-2527,-2871,282
2026-05-03T11:56:35.956Z,2026-05-03 07:56:35.956,91768,49,-2514,-2876,284
2026-05-03T11:56:35.996Z,2026-05-03 07:56:35.996,91768,50,-2531,-2873,294
2026-05-03T11:56:36.036Z,2026-05-03 07:56:36.036,91768,51,-2520,-2875,278
2026-05-03T11:56:36.076Z,2026-05-03 07:56:36.076,91768,52,-2532,-2879,301
2026-05-03T11:56:36.116Z,2026-05-03 07:56:36.116,91768,53,-2529,-2873,290
2026-05-03T11:56:36.156Z,2026-05-03 07:56:36.156,91768,54,-2509,-2876,273
2026-05-03T11:56:36.196Z,2026-05-03 07:56:36.196,91768,55,-2516,-2884,292
2026-05-03T11:56:36.236Z,2026-05-03 07:56:36.236,91768,56,-2524,-2866,281
2026-05-03T11:56:36.276Z,2026-05-03 07:56:36.276,91768,57,-2527,-2869,287
2026-05-03T11:56:36.316Z,2026-05-03 07:56:36.316,91768,58,-2533,-2863,292
2026-05-03T11:56:36.356Z,2026-05-03 07:56:36.356,91768,59,-2522,-2874,291
2026-05-03T11:56:36.396Z,2026-05-03 07:56:36.396,91768,60,-2529,-2883,275
2026-05-03T11:56:36.436Z,2026-05-03 07:56:36.436,91768,61,-2514,-2882,300
2026-05-03T11:56:36.476Z,2026-05-03 07:56:36.476,91768,62,-2545,-2890,297
2026-05-03T11:56:36.516Z,2026-05-03 07:56:36.516,91768,63,-2520,-2880,284
2026-05-03T11:56:36.556Z,2026-05-03 07:56:36.556,91768,64,-2526,-2866,291
2026-05-03T11:56:36.596Z,2026-05-03 07:56:36.596,91768,65,-2518,-2872,295
2026-05-03T11:56:36.636Z,2026-05-03 07:56:36.636,91768,66,-2539,-2892,290
2026-05-03T11:56:36.676Z,2026-05-03 07:56:36.676,91768,67,-2515,-2866,292
2026-05-03T11:56:36.716Z,2026-05-03 07:56:36.716,91768,68,-2520,-2873,299
2026-05-03T11:56:36.756Z,2026-05-03 07:56:36.756,91768,69,-2524,-2880,286
2026-05-03T11:56:36.796Z,2026-05-03 07:56:36.796,91768,70,-2538,-2868,293
2026-05-03T11:56:36.836Z,2026-05-03 07:56:36.836,91768,71,-2538,-2882,289
2026-05-03T11:56:36.876Z,2026-05-03 07:56:36.876,91768,72,-2542,-2875,280
2026-05-03T11:56:36.916Z,2026-05-03 07:56:36.916,91768,73,-2527,-2873,286
2026-05-03T11:56:36.956Z,2026-05-03 07:56:36.956,91768,74,-2523,-2867,286
2026-05-03T11:56:36.996Z,2026-05-03 07:56:36.996,91768,75,-2529,-2880,294
2026-05-03T11:56:37.036Z,2026-05-03 07:56:37.036,91768,76,-2520,-2880,295
2026-05-03T11:56:37.076Z,2026-05-03 07:56:37.076,91768,77,-2529,-2874,277
2026-05-03T11:56:37.116Z,2026-05-03 07:56:37.116,91768,78,-2526,-2869,287
2026-05-03T11:56:37.156Z,2026-05-03 07:56:37.156,91768,79,-2531,-2864,293
2026-05-03T11:56:37.196Z,2026-05-03 07:56:37.196,91768,80,-2540,-2880,283
2026-05-03T11:56:37.236Z,2026-05-03 07:56:37.236,91768,81,-2533,-2869,282
2026-05-03T11:56:37.276Z,2026-05-03 07:56:37.276,91768,82,-2528,-2872,291
2026-05-03T11:56:37.316Z,2026-05-03 07:56:37.316,91768,83,-2519,-2879,283
2026-05-03T11:56:37.356Z,2026-05-03 07:56:37.356,91768,84,-2517,-2875,298
2026-05-03T11:56:37.396Z,2026-05-03 07:56:37.396,91768,85,-2529,-2863,289
2026-05-03T11:56:37.436Z,2026-05-03 07:56:37.436,91768,86,-2523,-2870,291
2026-05-03T11:56:37.476Z,2026-05-03 07:56:37.476,91768,87,-2527,-2880,295
2026-05-03T11:56:37.516Z,2026-05-03 07:56:37.516,91768,88,-2536,-2876,275
2026-05-03T11:56:37.556Z,2026-05-03 07:56:37.556,91768,89,-2528,-2878,296
2026-05-03T11:56:37.596Z,2026-05-03 07:56:37.596,91768,90,-2535,-2878,293
2026-05-03T11:56:37.636Z,2026-05-03 07:56:37.636,91768,91,-2526,-2880,300
2026-05-03T11:56:37.676Z,2026-05-03 07:56:37.676,91768,92,-2525,-2877,297
2026-05-03T11:56:37.716Z,2026-05-03 07:56:37.716,91768,93,-2524,-2883,287
2026-05-03T11:56:37.756Z,2026-05-03 07:56:37.756,91768,94,-2528,-2874,289
2026-05-03T11:56:37.796Z,2026-05-03 07:56:37.796,91768,95,-2524,-2880,286
2026-05-03T11:56:37.836Z,2026-05-03 07:56:37.836,91768,96,-2528,-2889,283
2026-05-03T11:56:37.876Z,2026-05-03 07:56:37.876,91768,97,-2533,-2890,300
2026-05-03T11:56:37.916Z,2026-05-03 07:56:37.916,91768,98,-2526,-2874,290
2026-05-03T11:56:37.956Z,2026-05-03 07:56:37.956,91768,99,-2532,-2883,292
2026-05-03T11:56:37.996Z,2026-05-03 07:56:37.996,91768,100,-2531,-2868,291
2026-05-03T11:56:38.036Z,2026-05-03 07:56:38.036,91769,1,-2533,-2888,292
2026-05-03T11:56:38.076Z,2026-05-03 07:56:38.076,91769,2,-2525,-2867,292
2026-05-03T11:56:38.116Z,2026-05-03 07:56:38.116,91769,3,-2527,-2871,282
2026-05-03T11:56:38.156Z,2026-05-03 07:56:38.156,91769,4,-2529,-2872,280
2026-05-03T11:56:38.196Z,2026-05-03 07:56:38.196,91769,5,-2523,-2873,291
2026-05-03T11:56:38.236Z,2026-05-03 07:56:38.236,91769,6,-2521,-2881,291
2026-05-03T11:56:38.276Z,2026-05-03 07:56:38.276,91769,7,-2533,-2875,300
2026-05-03T11:56:38.316Z,2026-05-03 07:56:38.316,91769,8,-2532,-2876,295
2026-05-03T11:56:38.356Z,2026-05-03 07:56:38.356,91769,9,-2526,-2872,277
2026-05-03T11:56:38.396Z,2026-05-03 07:56:38.396,91769,10,-2536,-2859,290
2026-05-03T11:56:38.436Z,2026-05-03 07:56:38.436,91769,11,-2524,-2864,288
2026-05-03T11:56:38.476Z,2026-05-03 07:56:38.476,91769,12,-2517,-2872,288
2026-05-03T11:56:38.516Z,2026-05-03 07:56:38.516,91769,13,-2524,-2876,289
2026-05-03T11:56:38.556Z,2026-05-03 07:56:38.556,91769,14,-2513,-2880,289
2026-05-03T11:56:38.596Z,2026-05-03 07:56:38.596,91769,15,-2523,-2872,289
2026-05-03T11:56:38.636Z,2026-05-03 07:56:38.636,91769,16,-2513,-2875,281
2026-05-03T11:56:38.676Z,2026-05-03 07:56:38.676,91769,17,-2537,-2872,294
2026-05-03T11:56:38.716Z,2026-05-03 07:56:38.716,91769,18,-2528,-2887,292
2026-05-03T11:56:38.756Z,2026-05-03 07:56:38.756,91769,19,-2534,-2886,287
2026-05-03T11:56:38.796Z,2026-05-03 07:56:38.796,91769,20,-2520,-2867,279
2026-05-03T11:56:38.836Z,2026-05-03 07:56:38.836,91769,21,-2521,-2871,281
2026-05-03T11:56:38.876Z,2026-05-03 07:56:38.876,91769,22,-2519,-2880,280
2026-05-03T11:56:38.916Z,2026-05-03 07:56:38.916,91769,23,-2522,-2873,300
2026-05-03T11:56:38.956Z,2026-05-03 07:56:38.956,91769,24,-2531,-2871,283
2026-05-03T11:56:38.996Z,2026-05-03 07:56:38.996,91769,25,-2528,-2876,289
2026-05-03T11:56:39.036Z,2026-05-03 07:56:39.036,91769,26,-2536,-2875,288
2026-05-03T11:56:39.076Z,2026-05-03 07:56:39.076,91769,27,-2518,-2874,282
2026-05-03T11:56:39.116Z,2026-05-03 07:56:39.116,91769,28,-2522,-2885,304
2026-05-03T11:56:39.156Z,2026-05-03 07:56:39.156,91769,29,-2532,-2879,281
2026-05-03T11:56:39.196Z,2026-05-03 07:56:39.196,91769,30,-2520,-2870,282
2026-05-03T11:56:39.236Z,2026-05-03 07:56:39.236,91769,31,-2524,-2874,293
2026-05-03T11:56:39.276Z,2026-05-03 07:56:39.276,91769,32,-2525,-2875,303
2026-05-03T11:56:39.316Z,2026-05-03 07:56:39.316,91769,33,-2528,-2880,300
2026-05-03T11:56:39.356Z,2026-05-03 07:56:39.356,91769,34,-2532,-2881,285
2026-05-03T11:56:39.396Z,2026-05-03 07:56:39.396,91769,35,-2524,-2879,282
2026-05-03T11:56:39.436Z,2026-05-03 07:56:39.436,91769,36,-2531,-2878,294
2026-05-03T11:56:39.476Z,2026-05-03 07:56:39.476,91769,37,-2525,-2872,293
2026-05-03T11:56:39.516Z,2026-05-03 07:56:39.516,91769,38,-2531,-2886,296
2026-05-03T11:56:39.556Z,2026-05-03 07:56:39.556,91769,39,-2522,-2886,292
2026-05-03T11:56:39.596Z,2026-05-03 07:56:39.596,91769,40,-2528,-2873,282
2026-05-03T11:56:39.636Z,2026-05-03 07:56:39.636,91769,41,-2516,-2885,279
2026-05-03T11:56:39.676Z,2026-05-03 07:56:39.676,91769,42,-2529,-2883,290
2026-05-03T11:56:39.716Z,2026-05-03 07:56:39.716,91769,43,-2534,-2875,307
2026-05-03T11:56:39.756Z,2026-05-03 07:56:39.756,91769,44,-2530,-2877,298
2026-05-03T11:56:39.796Z,2026-05-03 07:56:39.796,91769,45,-2529,-2880,282
2026-05-03T11:56:39.836Z,2026-05-03 07:56:39.836,91769,46,-2536,-2871,281
2026-05-03T11:56:39.876Z,2026-05-03 07:56:39.876,91769,47,-2535,-2877,276
2026-05-03T11:56:39.916Z,2026-05-03 07:56:39.916,91769,48,-2529,-2880,291
2026-05-03T11:56:39.956Z,2026-05-03 07:56:39.956,91769,49,-2517,-2873,282
2026-05-03T11:56:39.996Z,2026-05-03 07:56:39.996,91769,50,-2528,-2863,293
2026-05-03T11:56:40.036Z,2026-05-03 07:56:40.036,91769,51,-2528,-2879,286
2026-05-03T11:56:40.076Z,2026-05-03 07:56:40.076,91769,52,-2522,-2875,286
2026-05-03T11:56:40.116Z,2026-05-03 07:56:40.116,91769,53,-2518,-2874,285
2026-05-03T11:56:40.156Z,2026-05-03 07:56:40.156,91769,54,-2510,-2879,289
2026-05-03T11:56:40.196Z,2026-05-03 07:56:40.196,91769,55,-2528,-2886,293
2026-05-03T11:56:40.236Z,2026-05-03 07:56:40.236,91769,56,-2527,-2897,296
2026-05-03T11:56:40.276Z,2026-05-03 07:56:40.276,91769,57,-2535,-2871,291
2026-05-03T11:56:40.316Z,2026-05-03 07:56:40.316,91769,58,-2526,-2883,303
2026-05-03T11:56:40.356Z,2026-05-03 07:56:40.356,91769,59,-2524,-2872,273
2026-05-03T11:56:40.396Z,2026-05-03 07:56:40.396,91769,60,-2525,-2879,298
2026-05-03T11:56:40.436Z,2026-05-03 07:56:40.436,91769,61,-2530,-2874,301
2026-05-03T11:56:40.476Z,2026-05-03 07:56:40.476,91769,62,-2528,-2872,283
2026-05-03T11:56:40.516Z,2026-05-03 07:56:40.516,91769,63,-2539,-2872,282
2026-05-03T11:56:40.556Z,2026-05-03 07:56:40.556,91769,64,-2538,-2875,286
2026-05-03T11:56:40.596Z,2026-05-03 07:56:40.596,91769,65,-2530,-2882,293
2026-05-03T11:56:40.636Z,2026-05-03 07:56:40.636,91769,66,-2519,-2880,295
2026-05-03T11:56:40.676Z,2026-05-03 07:56:40.676,91769,67,-2529,-2884,289
2026-05-03T11:56:40.716Z,2026-05-03 07:56:40.716,91769,68,-2524,-2876,301
2026-05-03T11:56:40.756Z,2026-05-03 07:56:40.756,91769,69,-2529,-2869,290
2026-05-03T11:56:40.796Z,2026-05-03 07:56:40.796,91769,70,-2533,-2867,287
2026-05-03T11:56:40.836Z,2026-05-03 07:56:40.836,91769,71,-2529,-2874,283
2026-05-03T11:56:40.876Z,2026-05-03 07:56:40.876,91769,72,-2528,-2879,289
2026-05-03T11:56:40.916Z,2026-05-03 07:56:40.916,91769,73,-2528,-2871,287
2026-05-03T11:56:40.956Z,2026-05-03 07:56:40.956,91769,74,-2529,-2872,293
2026-05-03T11:56:40.996Z,2026-05-03 07:56:40.996,91769,75,-2526,-2882,301
2026-05-03T11:56:41.036Z,2026-05-03 07:56:41.036,91769,76,-2510,-2880,292
2026-05-03T11:56:41.076Z,2026-05-03 07:56:41.076,91769,77,-2516,-2871,283
2026-05-03T11:56:41.116Z,2026-05-03 07:56:41.116,91769,78,-2528,-2879,292
2026-05-03T11:56:41.156Z,2026-05-03 07:56:41.156,91769,79,-2522,-2879,280
2026-05-03T11:56:41.196Z,2026-05-03 07:56:41.196,91769,80,-2527,-2863,283
2026-05-03T11:56:41.236Z,2026-05-03 07:56:41.236,91769,81,-2536,-2876,291
2026-05-03T11:56:41.276Z,2026-05-03 07:56:41.276,91769,82,-2533,-2878,290
2026-05-03T11:56:41.316Z,2026-05-03 07:56:41.316,91769,83,-2514,-2879,296
2026-05-03T11:56:41.356Z,2026-05-03 07:56:41.356,91769,84,-2525,-2881,285
2026-05-03T11:56:41.396Z,2026-05-03 07:56:41.396,91769,85,-2529,-2883,287
2026-05-03T11:56:41.436Z,2026-05-03 07:56:41.436,91769,86,-2528,-2884,292
2026-05-03T11:56:41.476Z,2026-05-03 07:56:41.476,91769,87,-2521,-2864,299
2026-05-03T11:56:41.516Z,2026-05-03 07:56:41.516,91769,88,-2523,-2883,286
2026-05-03T11:56:41.556Z,2026-05-03 07:56:41.556,91769,89,-2540,-2873,299
2026-05-03T11:56:41.596Z,2026-05-03 07:56:41.596,91769,90,-2539,-2880,288
2026-05-03T11:56:41.636Z,2026-05-03 07:56:41.636,91769,91,-2528,-2876,286
2026-05-03T11:56:41.676Z,2026-05-03 07:56:41.676,91769,92,-2531,-2876,274
2026-05-03T11:56:41.716Z,2026-05-03 07:56:41.716,91769,93,-2527,-2885,289
2026-05-03T11:56:41.756Z,2026-05-03 07:56:41.756,91769,94,-2524,-2866,287
2026-05-03T11:56:41.796Z,2026-05-03 07:56:41.796,91769,95,-2522,-2881,286
2026-05-03T11:56:41.836Z,2026-05-03 07:56:41.836,91769,96,-2521,-2881,288
2026-05-03T11:56:41.876Z,2026-05-03 07:56:41.876,91769,97,-2530,-2880,294
2026-05-03T11:56:41.916Z,2026-05-03 07:56:41.916,91769,98,-2527,-2873,290
2026-05-03T11:56:41.956Z,2026-05-03 07:56:41.956,91769,99,-2523,-2872,286
2026-05-03T11:56:41.996Z,2026-05-03 07:56:41.996,91769,100,-2528,-2872,299
2026-05-03T11:56:42.036Z,2026-05-03 07:56:42.036,91770,1,-2534,-2877,283
2026-05-03T11:56:42.076Z,2026-05-03 07:56:42.076,91770,2,-2534,-2884,295
2026-05-03T11:56:42.116Z,2026-05-03 07:56:42.116,91770,3,-2520,-2876,284
2026-05-03T11:56:42.156Z,2026-05-03 07:56:42.156,91770,4,-2529,-2874,299
2026-05-03T11:56:42.196Z,2026-05-03 07:56:42.196,91770,5,-2537,-2865,284
2026-05-03T11:56:42.236Z,2026-05-03 07:56:42.236,91770,6,-2529,-2868,285
2026-05-03T11:56:42.276Z,2026-05-03 07:56:42.276,91770,7,-2527,-2885,284
2026-05-03T11:56:42.316Z,2026-05-03 07:56:42.316,91770,8,-2529,-2868,291
2026-05-03T11:56:42.356Z,2026-05-03 07:56:42.356,91770,9,-2536,-2888,284
2026-05-03T11:56:42.396Z,2026-05-03 07:56:42.396,91770,10,-2525,-2887,289
2026-05-03T11:56:42.436Z,2026-05-03 07:56:42.436,91770,11,-2527,-2880,285
2026-05-03T11:56:42.476Z,2026-05-03 07:56:42.476,91770,12,-2538,-2875,283
2026-05-03T11:56:42.516Z,2026-05-03 07:56:42.516,91770,13,-2549,-2884,283
2026-05-03T11:56:42.556Z,2026-05-03 07:56:42.556,91770,14,-2521,-2871,279
2026-05-03T11:56:42.596Z,2026-05-03 07:56:42.596,91770,15,-2529,-2878,288
2026-05-03T11:56:42.636Z,2026-05-03 07:56:42.636,91770,16,-2523,-2878,292
2026-05-03T11:56:42.676Z,2026-05-03 07:56:42.676,91770,17,-2528,-2871,289
2026-05-03T11:56:42.716Z,2026-05-03 07:56:42.716,91770,18,-2529,-2875,288
2026-05-03T11:56:42.756Z,2026-05-03 07:56:42.756,91770,19,-2524,-2867,285
2026-05-03T11:56:42.796Z,2026-05-03 07:56:42.796,91770,20,-2521,-2880,288
2026-05-03T11:56:42.836Z,2026-05-03 07:56:42.836,91770,21,-2513,-2885,284
2026-05-03T11:56:42.876Z,2026-05-03 07:56:42.876,91770,22,-2533,-2879,280
2026-05-03T11:56:42.916Z,2026-05-03 07:56:42.916,91770,23,-2518,-2883,294
2026-05-03T11:56:42.956Z,2026-05-03 07:56:42.956,91770,24,-2531,-2874,281
2026-05-03T11:56:42.996Z,2026-05-03 07:56:42.996,91770,25,-2538,-2879,282
2026-05-03T11:56:43.036Z,2026-05-03 07:56:43.036,91770,26,-2534,-2881,274
2026-05-03T11:56:43.076Z,2026-05-03 07:56:43.076,91770,27,-2528,-2870,283
2026-05-03T11:56:43.116Z,2026-05-03 07:56:43.116,91770,28,-2535,-2874,279
2026-05-03T11:56:43.156Z,2026-05-03 07:56:43.156,91770,29,-2522,-2881,289
2026-05-03T11:56:43.196Z,2026-05-03 07:56:43.196,91770,30,-2546,-2879,291
2026-05-03T11:56:43.236Z,2026-05-03 07:56:43.236,91770,31,-2524,-2887,289
2026-05-03T11:56:43.276Z,2026-05-03 07:56:43.276,91770,32,-2520,-2875,283
2026-05-03T11:56:43.316Z,2026-05-03 07:56:43.316,91770,33,-2537,-2872,287
2026-05-03T11:56:43.356Z,2026-05-03 07:56:43.356,91770,34,-2521,-2867,281
2026-05-03T11:56:43.396Z,2026-05-03 07:56:43.396,91770,35,-2536,-2887,290
2026-05-03T11:56:43.436Z,2026-05-03 07:56:43.436,91770,36,-2515,-2871,280
2026-05-03T11:56:43.476Z,2026-05-03 07:56:43.476,91770,37,-2525,-2885,290
2026-05-03T11:56:43.516Z,2026-05-03 07:56:43.516,91770,38,-2530,-2877,286
2026-05-03T11:56:43.556Z,2026-05-03 07:56:43.556,91770,39,-2522,-2883,291
2026-05-03T11:56:43.596Z,2026-05-03 07:56:43.596,91770,40,-2530,-2886,278
2026-05-03T11:56:43.636Z,2026-05-03 07:56:43.636,91770,41,-2521,-2875,275
2026-05-03T11:56:43.676Z,2026-05-03 07:56:43.676,91770,42,-2531,-2892,293
2026-05-03T11:56:43.716Z,2026-05-03 07:56:43.716,91770,43,-2525,-2882,289
2026-05-03T11:56:43.756Z,2026-05-03 07:56:43.756,91770,44,-2521,-2885,287
2026-05-03T11:56:43.796Z,2026-05-03 07:56:43.796,91770,45,-2526,-2873,290
2026-05-03T11:56:43.836Z,2026-05-03 07:56:43.836,91770,46,-2534,-2884,292
2026-05-03T11:56:43.876Z,2026-05-03 07:56:43.876,91770,47,-2523,-2888,282
2026-05-03T11:56:43.916Z,2026-05-03 07:56:43.916,91770,48,-2525,-2875,289
2026-05-03T11:56:43.956Z,2026-05-03 07:56:43.956,91770,49,-2527,-2883,289
2026-05-03T11:56:43.996Z,2026-05-03 07:56:43.996,91770,50,-2532,-2882,296
2026-05-03T11:56:44.036Z,2026-05-03 07:56:44.036,91770,51,-2538,-2871,299
2026-05-03T11:56:44.076Z,2026-05-03 07:56:44.076,91770,52,-2521,-2870,284
2026-05-03T11:56:44.116Z,2026-05-03 07:56:44.116,91770,53,-2527,-2867,278
2026-05-03T11:56:44.156Z,2026-05-03 07:56:44.156,91770,54,-2534,-2874,288
2026-05-03T11:56:44.196Z,2026-05-03 07:56:44.196,91770,55,-2528,-2884,278
2026-05-03T11:56:44.236Z,2026-05-03 07:56:44.236,91770,56,-2514,-2876,286
2026-05-03T11:56:44.276Z,2026-05-03 07:56:44.276,91770,57,-2533,-2873,290
2026-05-03T11:56:44.316Z,2026-05-03 07:56:44.316,91770,58,-2544,-2871,290
2026-05-03T11:56:44.356Z,2026-05-03 07:56:44.356,91770,59,-2523,-2876,293
2026-05-03T11:56:44.396Z,2026-05-03 07:56:44.396,91770,60,-2531,-2880,294
2026-05-03T11:56:44.436Z,2026-05-03 07:56:44.436,91770,61,-2530,-2876,292
2026-05-03T11:56:44.476Z,2026-05-03 07:56:44.476,91770,62,-2525,-2880,288
2026-05-03T11:56:44.516Z,2026-05-03 07:56:44.516,91770,63,-2506,-2874,289
2026-05-03T11:56:44.556Z,2026-05-03 07:56:44.556,91770,64,-2534,-2879,285
2026-05-03T11:56:44.596Z,2026-05-03 07:56:44.596,91770,65,-2525,-2877,281
2026-05-03T11:56:44.636Z,2026-05-03 07:56:44.636,91770,66,-2516,-2875,288
2026-05-03T11:56:44.676Z,2026-05-03 07:56:44.676,91770,67,-2524,-2888,292
2026-05-03T11:56:44.716Z,2026-05-03 07:56:44.716,91770,68,-2524,-2883,288
2026-05-03T11:56:44.756Z,2026-05-03 07:56:44.756,91770,69,-2527,-2872,293
2026-05-03T11:56:44.796Z,2026-05-03 07:56:44.796,91770,70,-2512,-2867,284
2026-05-03T11:56:44.836Z,2026-05-03 07:56:44.836,91770,71,-2527,-2882,284
2026-05-03T11:56:44.876Z,2026-05-03 07:56:44.876,91770,72,-2516,-2873,289
2026-05-03T11:56:44.916Z,2026-05-03 07:56:44.916,91770,73,-2522,-2870,294
2026-05-03T11:56:44.956Z,2026-05-03 07:56:44.956,91770,74,-2527,-2879,293
2026-05-03T11:56:44.996Z,2026-05-03 07:56:44.996,91770,75,-2530,-2871,301
2026-05-03T11:56:45.036Z,2026-05-03 07:56:45.036,91770,76,-2531,-2885,283
2026-05-03T11:56:45.076Z,2026-05-03 07:56:45.076,91770,77,-2530,-2881,300
2026-05-03T11:56:45.116Z,2026-05-03 07:56:45.116,91770,78,-2529,-2871,290
2026-05-03T11:56:45.156Z,2026-05-03 07:56:45.156,91770,79,-2528,-2884,286
2026-05-03T11:56:45.196Z,2026-05-03 07:56:45.196,91770,80,-2532,-2884,294
2026-05-03T11:56:45.236Z,2026-05-03 07:56:45.236,91770,81,-2537,-2895,280
2026-05-03T11:56:45.276Z,2026-05-03 07:56:45.276,91770,82,-2515,-2874,292
2026-05-03T11:56:45.316Z,2026-05-03 07:56:45.316,91770,83,-2549,-2879,287
2026-05-03T11:56:45.356Z,2026-05-03 07:56:45.356,91770,84,-2528,-2880,297
2026-05-03T11:56:45.396Z,2026-05-03 07:56:45.396,91770,85,-2525,-2876,292
2026-05-03T11:56:45.436Z,2026-05-03 07:56:45.436,91770,86,-2535,-2880,300
2026-05-03T11:56:45.476Z,2026-05-03 07:56:45.476,91770,87,-2535,-2872,293
2026-05-03T11:56:45.516Z,2026-05-03 07:56:45.516,91770,88,-2522,-2879,288
2026-05-03T11:56:45.556Z,2026-05-03 07:56:45.556,91770,89,-2533,-2878,292
2026-05-03T11:56:45.596Z,2026-05-03 07:56:45.596,91770,90,-2529,-2872,277
2026-05-03T11:56:45.636Z,2026-05-03 07:56:45.636,91770,91,-2526,-2861,296
2026-05-03T11:56:45.676Z,2026-05-03 07:56:45.676,91770,92,-2526,-2867,288
2026-05-03T11:56:45.716Z,2026-05-03 07:56:45.716,91770,93,-2519,-2879,291
2026-05-03T11:56:45.756Z,2026-05-03 07:56:45.756,91770,94,-2527,-2879,285
2026-05-03T11:56:45.796Z,2026-05-03 07:56:45.796,91770,95,-2521,-2883,292
2026-05-03T11:56:45.836Z,2026-05-03 07:56:45.836,91770,96,-2521,-2867,291
2026-05-03T11:56:45.876Z,2026-05-03 07:56:45.876,91770,97,-2528,-2873,283
2026-05-03T11:56:45.916Z,2026-05-03 07:56:45.916,91770,98,-2523,-2889,291
2026-05-03T11:56:45.956Z,2026-05-03 07:56:45.956,91770,99,-2527,-2876,284
2026-05-03T11:56:45.996Z,2026-05-03 07:56:45.996,91770,100,-2515,-2874,280
2026-05-03T11:56:46.036Z,2026-05-03 07:56:46.036,91771,1,-2525,-2872,285
2026-05-03T11:56:46.076Z,2026-05-03 07:56:46.076,91771,2,-2527,-2860,280
2026-05-03T11:56:46.116Z,2026-05-03 07:56:46.116,91771,3,-2519,-2881,290
2026-05-03T11:56:46.156Z,2026-05-03 07:56:46.156,91771,4,-2528,-2868,294
2026-05-03T11:56:46.196Z,2026-05-03 07:56:46.196,91771,5,-2525,-2875,282
2026-05-03T11:56:46.236Z,2026-05-03 07:56:46.236,91771,6,-2526,-2871,282
2026-05-03T11:56:46.276Z,2026-05-03 07:56:46.276,91771,7,-2522,-2865,293
2026-05-03T11:56:46.316Z,2026-05-03 07:56:46.316,91771,8,-2525,-2871,298
2026-05-03T11:56:46.356Z,2026-05-03 07:56:46.356,91771,9,-2525,-2876,285
2026-05-03T11:56:46.396Z,2026-05-03 07:56:46.396,91771,10,-2534,-2874,282
2026-05-03T11:56:46.436Z,2026-05-03 07:56:46.436,91771,11,-2538,-2872,295
2026-05-03T11:56:46.476Z,2026-05-03 07:56:46.476,91771,12,-2521,-2873,289
2026-05-03T11:56:46.516Z,2026-05-03 07:56:46.516,91771,13,-2535,-2879,274
2026-05-03T11:56:46.556Z,2026-05-03 07:56:46.556,91771,14,-2522,-2868,287
2026-05-03T11:56:46.596Z,2026-05-03 07:56:46.596,91771,15,-2523,-2871,291
2026-05-03T11:56:46.636Z,2026-05-03 07:56:46.636,91771,16,-2536,-2870,290
2026-05-03T11:56:46.676Z,2026-05-03 07:56:46.676,91771,17,-2527,-2870,283
2026-05-03T11:56:46.716Z,2026-05-03 07:56:46.716,91771,18,-2524,-2882,296
2026-05-03T11:56:46.756Z,2026-05-03 07:56:46.756,91771,19,-2534,-2888,297
2026-05-03T11:56:46.796Z,2026-05-03 07:56:46.796,91771,20,-2536,-2872,283
2026-05-03T11:56:46.836Z,2026-05-03 07:56:46.836,91771,21,-2529,-2884,284
2026-05-03T11:56:46.876Z,2026-05-03 07:56:46.876,91771,22,-2529,-2880,282
2026-05-03T11:56:46.916Z,2026-05-03 07:56:46.916,91771,23,-2536,-2873,291
2026-05-03T11:56:46.956Z,2026-05-03 07:56:46.956,91771,24,-2524,-2882,278
2026-05-03T11:56:46.996Z,2026-05-03 07:56:46.996,91771,25,-2528,-2874,281
2026-05-03T11:56:47.036Z,2026-05-03 07:56:47.036,91771,26,-2520,-2868,285
2026-05-03T11:56:47.076Z,2026-05-03 07:56:47.076,91771,27,-2520,-2875,298
2026-05-03T11:56:47.116Z,2026-05-03 07:56:47.116,91771,28,-2523,-2879,286
2026-05-03T11:56:47.156Z,2026-05-03 07:56:47.156,91771,29,-2529,-2863,294
2026-05-03T11:56:47.196Z,2026-05-03 07:56:47.196,91771,30,-2519,-2874,286
2026-05-03T11:56:47.236Z,2026-05-03 07:56:47.236,91771,31,-2522,-2880,295
2026-05-03T11:56:47.276Z,2026-05-03 07:56:47.276,91771,32,-2527,-2882,279
2026-05-03T11:56:47.316Z,2026-05-03 07:56:47.316,91771,33,-2526,-2883,301
2026-05-03T11:56:47.356Z,2026-05-03 07:56:47.356,91771,34,-2537,-2878,281
2026-05-03T11:56:47.396Z,2026-05-03 07:56:47.396,91771,35,-2524,-2872,273
2026-05-03T11:56:47.436Z,2026-05-03 07:56:47.436,91771,36,-2535,-2881,290
2026-05-03T11:56:47.476Z,2026-05-03 07:56:47.476,91771,37,-2524,-2882,291
2026-05-03T11:56:47.516Z,2026-05-03 07:56:47.516,91771,38,-2527,-2885,291
2026-05-03T11:56:47.556Z,2026-05-03 07:56:47.556,91771,39,-2533,-2889,292
2026-05-03T11:56:47.596Z,2026-05-03 07:56:47.596,91771,40,-2525,-2873,285
2026-05-03T11:56:47.636Z,2026-05-03 07:56:47.636,91771,41,-2539,-2880,303
2026-05-03T11:56:47.676Z,2026-05-03 07:56:47.676,91771,42,-2523,-2876,277
2026-05-03T11:56:47.716Z,2026-05-03 07:56:47.716,91771,43,-2514,-2866,301
2026-05-03T11:56:47.756Z,2026-05-03 07:56:47.756,91771,44,-2522,-2880,288
2026-05-03T11:56:47.796Z,2026-05-03 07:56:47.796,91771,45,-2529,-2888,285
2026-05-03T11:56:47.836Z,2026-05-03 07:56:47.836,91771,46,-2534,-2872,300
2026-05-03T11:56:47.876Z,2026-05-03 07:56:47.876,91771,47,-2529,-2887,299
2026-05-03T11:56:47.916Z,2026-05-03 07:56:47.916,91771,48,-2536,-2875,285
2026-05-03T11:56:47.956Z,2026-05-03 07:56:47.956,91771,49,-2530,-2880,283
2026-05-03T11:56:47.996Z,2026-05-03 07:56:47.996,91771,50,-2524,-2868,282
2026-05-03T11:56:48.036Z,2026-05-03 07:56:48.036,91771,51,-2526,-2871,289
2026-05-03T11:56:48.076Z,2026-05-03 07:56:48.076,91771,52,-2527,-2872,274
2026-05-03T11:56:48.116Z,2026-05-03 07:56:48.116,91771,53,-2522,-2872,286
2026-05-03T11:56:48.156Z,2026-05-03 07:56:48.156,91771,54,-2530,-2883,288
2026-05-03T11:56:48.196Z,2026-05-03 07:56:48.196,91771,55,-2523,-2872,285
2026-05-03T11:56:48.236Z,2026-05-03 07:56:48.236,91771,56,-2527,-2874,288
2026-05-03T11:56:48.276Z,2026-05-03 07:56:48.276,91771,57,-2535,-2867,280
2026-05-03T11:56:48.316Z,2026-05-03 07:56:48.316,91771,58,-2539,-2871,278
2026-05-03T11:56:48.356Z,2026-05-03 07:56:48.356,91771,59,-2537,-2880,292
2026-05-03T11:56:48.396Z,2026-05-03 07:56:48.396,91771,60,-2523,-2871,283
2026-05-03T11:56:48.436Z,2026-05-03 07:56:48.436,91771,61,-2525,-2879,289
2026-05-03T11:56:48.476Z,2026-05-03 07:56:48.476,91771,62,-2531,-2881,292
2026-05-03T11:56:48.516Z,2026-05-03 07:56:48.516,91771,63,-2528,-2892,295
2026-05-03T11:56:48.556Z,2026-05-03 07:56:48.556,91771,64,-2530,-2878,285
2026-05-03T11:56:48.596Z,2026-05-03 07:56:48.596,91771,65,-2520,-2881,302
2026-05-03T11:56:48.636Z,2026-05-03 07:56:48.636,91771,66,-2530,-2880,294
2026-05-03T11:56:48.676Z,2026-05-03 07:56:48.676,91771,67,-2539,-2880,272
2026-05-03T11:56:48.716Z,2026-05-03 07:56:48.716,91771,68,-2532,-2876,285
2026-05-03T11:56:48.756Z,2026-05-03 07:56:48.756,91771,69,-2521,-2876,295
2026-05-03T11:56:48.796Z,2026-05-03 07:56:48.796,91771,70,-2533,-2884,291
2026-05-03T11:56:48.836Z,2026-05-03 07:56:48.836,91771,71,-2523,-2887,289
2026-05-03T11:56:48.876Z,2026-05-03 07:56:48.876,91771,72,-2531,-2880,288
2026-05-03T11:56:48.916Z,2026-05-03 07:56:48.916,91771,73,-2528,-2881,296
2026-05-03T11:56:48.956Z,2026-05-03 07:56:48.956,91771,74,-2526,-2876,293
2026-05-03T11:56:48.996Z,2026-05-03 07:56:48.996,91771,75,-2538,-2873,287
2026-05-03T11:56:49.036Z,2026-05-03 07:56:49.036,91771,76,-2525,-2887,291
2026-05-03T11:56:49.076Z,2026-05-03 07:56:49.076,91771,77,-2535,-2878,284
2026-05-03T11:56:49.116Z,2026-05-03 07:56:49.116,91771,78,-2534,-2875,276
2026-05-03T11:56:49.156Z,2026-05-03 07:56:49.156,91771,79,-2535,-2871,293
2026-05-03T11:56:49.196Z,2026-05-03 07:56:49.196,91771,80,-2528,-2880,289
2026-05-03T11:56:49.236Z,2026-05-03 07:56:49.236,91771,81,-2526,-2879,288
2026-05-03T11:56:49.276Z,2026-05-03 07:56:49.276,91771,82,-2530,-2874,298
2026-05-03T11:56:49.316Z,2026-05-03 07:56:49.316,91771,83,-2528,-2879,290
2026-05-03T11:56:49.356Z,2026-05-03 07:56:49.356,91771,84,-2532,-2873,281
2026-05-03T11:56:49.396Z,2026-05-03 07:56:49.396,91771,85,-2530,-2880,284
2026-05-03T11:56:49.436Z,2026-05-03 07:56:49.436,91771,86,-2520,-2888,283
2026-05-03T11:56:49.476Z,2026-05-03 07:56:49.476,91771,87,-2535,-2881,295
2026-05-03T11:56:49.516Z,2026-05-03 07:56:49.516,91771,88,-2516,-2880,288
2026-05-03T11:56:49.556Z,2026-05-03 07:56:49.556,91771,89,-2528,-2897,293
2026-05-03T11:56:49.596Z,2026-05-03 07:56:49.596,91771,90,-2528,-2879,292
2026-05-03T11:56:49.636Z,2026-05-03 07:56:49.636,91771,91,-2533,-2882,288
2026-05-03T11:56:49.676Z,2026-05-03 07:56:49.676,91771,92,-2521,-2872,281
2026-05-03T11:56:49.716Z,2026-05-03 07:56:49.716,91771,93,-2531,-2880,282
2026-05-03T11:56:49.756Z,2026-05-03 07:56:49.756,91771,94,-2534,-2884,274
2026-05-03T11:56:49.796Z,2026-05-03 07:56:49.796,91771,95,-2534,-2883,274
2026-05-03T11:56:49.836Z,2026-05-03 07:56:49.836,91771,96,-2522,-2879,299
2026-05-03T11:56:49.876Z,2026-05-03 07:56:49.876,91771,97,-2533,-2867,280
2026-05-03T11:56:49.916Z,2026-05-03 07:56:49.916,91771,98,-2530,-2887,295
2026-05-03T11:56:49.956Z,2026-05-03 07:56:49.956,91771,99,-2526,-2877,278
2026-05-03T11:56:49.996Z,2026-05-03 07:56:49.996,91771,100,-2529,-2880,282
2026-05-03T11:56:50.036Z,2026-05-03 07:56:50.036,91772,1,-2526,-2867,277
2026-05-03T11:56:50.076Z,2026-05-03 07:56:50.076,91772,2,-2531,-2881,290
2026-05-03T11:56:50.116Z,2026-05-03 07:56:50.116,91772,3,-2535,-2890,293
2026-05-03T11:56:50.156Z,2026-05-03 07:56:50.156,91772,4,-2523,-2873,290
2026-05-03T11:56:50.196Z,2026-05-03 07:56:50.196,91772,5,-2536,-2855,287
2026-05-03T11:56:50.236Z,2026-05-03 07:56:50.236,91772,6,-2536,-2887,306
2026-05-03T11:56:50.276Z,2026-05-03 07:56:50.276,91772,7,-2532,-2863,282
2026-05-03T11:56:50.316Z,2026-05-03 07:56:50.316,91772,8,-2546,-2886,299
2026-05-03T11:56:50.356Z,2026-05-03 07:56:50.356,91772,9,-2530,-2875,291
2026-05-03T11:56:50.396Z,2026-05-03 07:56:50.396,91772,10,-2534,-2870,291
2026-05-03T11:56:50.436Z,2026-05-03 07:56:50.436,91772,11,-2537,-2875,286
2026-05-03T11:56:50.476Z,2026-05-03 07:56:50.476,91772,12,-2533,-2881,287
2026-05-03T11:56:50.516Z,2026-05-03 07:56:50.516,91772,13,-2520,-2883,287
2026-05-03T11:56:50.556Z,2026-05-03 07:56:50.556,91772,14,-2530,-2886,289
2026-05-03T11:56:50.596Z,2026-05-03 07:56:50.596,91772,15,-2533,-2873,284
2026-05-03T11:56:50.636Z,2026-05-03 07:56:50.636,91772,16,-2528,-2870,289
2026-05-03T11:56:50.676Z,2026-05-03 07:56:50.676,91772,17,-2522,-2868,301
2026-05-03T11:56:50.716Z,2026-05-03 07:56:50.716,91772,18,-2523,-2880,282
2026-05-03T11:56:50.756Z,2026-05-03 07:56:50.756,91772,19,-2526,-2877,278
2026-05-03T11:56:50.796Z,2026-05-03 07:56:50.796,91772,20,-2530,-2876,289
2026-05-03T11:56:50.836Z,2026-05-03 07:56:50.836,91772,21,-2529,-2886,287
2026-05-03T11:56:50.876Z,2026-05-03 07:56:50.876,91772,22,-2529,-2874,293
2026-05-03T11:56:50.916Z,2026-05-03 07:56:50.916,91772,23,-2526,-2872,277
2026-05-03T11:56:50.956Z,2026-05-03 07:56:50.956,91772,24,-2523,-2861,286
2026-05-03T11:56:50.996Z,2026-05-03 07:56:50.996,91772,25,-2535,-2875,281
2026-05-03T11:56:51.036Z,2026-05-03 07:56:51.036,91772,26,-2533,-2876,293
2026-05-03T11:56:51.076Z,2026-05-03 07:56:51.076,91772,27,-2550,-2883,287
2026-05-03T11:56:51.116Z,2026-05-03 07:56:51.116,91772,28,-2536,-2865,295
2026-05-03T11:56:51.156Z,2026-05-03 07:56:51.156,91772,29,-2519,-2866,287
2026-05-03T11:56:51.196Z,2026-05-03 07:56:51.196,91772,30,-2532,-2876,287
2026-05-03T11:56:51.236Z,2026-05-03 07:56:51.236,91772,31,-2540,-2876,282
2026-05-03T11:56:51.276Z,2026-05-03 07:56:51.276,91772,32,-2536,-2873,295
2026-05-03T11:56:51.316Z,2026-05-03 07:56:51.316,91772,33,-2534,-2881,290
2026-05-03T11:56:51.356Z,2026-05-03 07:56:51.356,91772,34,-2534,-2869,276
2026-05-03T11:56:51.396Z,2026-05-03 07:56:51.396,91772,35,-2539,-2867,287
2026-05-03T11:56:51.436Z,2026-05-03 07:56:51.436,91772,36,-2522,-2872,289
2026-05-03T11:56:51.476Z,2026-05-03 07:56:51.476,91772,37,-2535,-2878,296
2026-05-03T11:56:51.516Z,2026-05-03 07:56:51.516,91772,38,-2522,-2875,286
2026-05-03T11:56:51.556Z,2026-05-03 07:56:51.556,91772,39,-2525,-2873,291
2026-05-03T11:56:51.596Z,2026-05-03 07:56:51.596,91772,40,-2535,-2871,287
2026-05-03T11:56:51.636Z,2026-05-03 07:56:51.636,91772,41,-2532,-2872,294
2026-05-03T11:56:51.676Z,2026-05-03 07:56:51.676,91772,42,-2521,-2884,299
2026-05-03T11:56:51.716Z,2026-05-03 07:56:51.716,91772,43,-2527,-2873,300
2026-05-03T11:56:51.756Z,2026-05-03 07:56:51.756,91772,44,-2526,-2881,285
2026-05-03T11:56:51.796Z,2026-05-03 07:56:51.796,91772,45,-2527,-2872,288
2026-05-03T11:56:51.836Z,2026-05-03 07:56:51.836,91772,46,-2540,-2882,294
2026-05-03T11:56:51.876Z,2026-05-03 07:56:51.876,91772,47,-2537,-2880,292
2026-05-03T11:56:51.916Z,2026-05-03 07:56:51.916,91772,48,-2537,-2889,283
2026-05-03T11:56:51.956Z,2026-05-03 07:56:51.956,91772,49,-2524,-2886,283
2026-05-03T11:56:51.996Z,2026-05-03 07:56:51.996,91772,50,-2524,-2869,288
2026-05-03T11:56:52.036Z,2026-05-03 07:56:52.036,91772,51,-2529,-2873,282
2026-05-03T11:56:52.076Z,2026-05-03 07:56:52.076,91772,52,-2522,-2876,302
2026-05-03T11:56:52.116Z,2026-05-03 07:56:52.116,91772,53,-2531,-2887,284
2026-05-03T11:56:52.156Z,2026-05-03 07:56:52.156,91772,54,-2533,-2880,288
2026-05-03T11:56:52.196Z,2026-05-03 07:56:52.196,91772,55,-2520,-2880,279
2026-05-03T11:56:52.236Z,2026-05-03 07:56:52.236,91772,56,-2530,-2879,295
2026-05-03T11:56:52.276Z,2026-05-03 07:56:52.276,91772,57,-2528,-2880,289
2026-05-03T11:56:52.316Z,2026-05-03 07:56:52.316,91772,58,-2526,-2870,304
2026-05-03T11:56:52.356Z,2026-05-03 07:56:52.356,91772,59,-2533,-2872,281
2026-05-03T11:56:52.396Z,2026-05-03 07:56:52.396,91772,60,-2527,-2883,296
2026-05-03T11:56:52.436Z,2026-05-03 07:56:52.436,91772,61,-2523,-2872,295
2026-05-03T11:56:52.476Z,2026-05-03 07:56:52.476,91772,62,-2529,-2881,292
2026-05-03T11:56:52.516Z,2026-05-03 07:56:52.516,91772,63,-2517,-2882,289
2026-05-03T11:56:52.556Z,2026-05-03 07:56:52.556,91772,64,-2530,-2872,298
2026-05-03T11:56:52.596Z,2026-05-03 07:56:52.596,91772,65,-2527,-2867,281
2026-05-03T11:56:52.636Z,2026-05-03 07:56:52.636,91772,66,-2523,-2880,277
2026-05-03T11:56:52.676Z,2026-05-03 07:56:52.676,91772,67,-2532,-2875,283
2026-05-03T11:56:52.716Z,2026-05-03 07:56:52.716,91772,68,-2545,-2886,287
2026-05-03T11:56:52.756Z,2026-05-03 07:56:52.756,91772,69,-2515,-2877,293
2026-05-03T11:56:52.796Z,2026-05-03 07:56:52.796,91772,70,-2531,-2882,278
2026-05-03T11:56:52.836Z,2026-05-03 07:56:52.836,91772,71,-2527,-2872,284
2026-05-03T11:56:52.876Z,2026-05-03 07:56:52.876,91772,72,-2526,-2877,299
2026-05-03T11:56:52.916Z,2026-05-03 07:56:52.916,91772,73,-2539,-2873,282
2026-05-03T11:56:52.956Z,2026-05-03 07:56:52.956,91772,74,-2528,-2867,305
2026-05-03T11:56:52.996Z,2026-05-03 07:56:52.996,91772,75,-2521,-2872,290
2026-05-03T11:56:53.036Z,2026-05-03 07:56:53.036,91772,76,-2527,-2883,290
2026-05-03T11:56:53.076Z,2026-05-03 07:56:53.076,91772,77,-2525,-2867,300
2026-05-03T11:56:53.116Z,2026-05-03 07:56:53.116,91772,78,-2534,-2875,292
2026-05-03T11:56:53.156Z,2026-05-03 07:56:53.156,91772,79,-2541,-2880,295
2026-05-03T11:56:53.196Z,2026-05-03 07:56:53.196,91772,80,-2522,-2879,292
2026-05-03T11:56:53.236Z,2026-05-03 07:56:53.236,91772,81,-2538,-2875,290
2026-05-03T11:56:53.276Z,2026-05-03 07:56:53.276,91772,82,-2530,-2884,291
2026-05-03T11:56:53.316Z,2026-05-03 07:56:53.316,91772,83,-2527,-2868,283
2026-05-03T11:56:53.356Z,2026-05-03 07:56:53.356,91772,84,-2518,-2871,293
2026-05-03T11:56:53.396Z,2026-05-03 07:56:53.396,91772,85,-2532,-2871,283
2026-05-03T11:56:53.436Z,2026-05-03 07:56:53.436,91772,86,-2544,-2879,293
2026-05-03T11:56:53.476Z,2026-05-03 07:56:53.476,91772,87,-2528,-2879,293
2026-05-03T11:56:53.516Z,2026-05-03 07:56:53.516,91772,88,-2523,-2884,293
2026-05-03T11:56:53.556Z,2026-05-03 07:56:53.556,91772,89,-2525,-2877,277
2026-05-03T11:56:53.596Z,2026-05-03 07:56:53.596,91772,90,-2528,-2873,292
2026-05-03T11:56:53.636Z,2026-05-03 07:56:53.636,91772,91,-2521,-2877,284
2026-05-03T11:56:53.676Z,2026-05-03 07:56:53.676,91772,92,-2527,-2879,288
2026-05-03T11:56:53.716Z,2026-05-03 07:56:53.716,91772,93,-2532,-2871,292
2026-05-03T11:56:53.756Z,2026-05-03 07:56:53.756,91772,94,-2516,-2871,285
2026-05-03T11:56:53.796Z,2026-05-03 07:56:53.796,91772,95,-2538,-2892,284
2026-05-03T11:56:53.836Z,2026-05-03 07:56:53.836,91772,96,-2525,-2879,281
2026-05-03T11:56:53.876Z,2026-05-03 07:56:53.876,91772,97,-2525,-2880,293
2026-05-03T11:56:53.916Z,2026-05-03 07:56:53.916,91772,98,-2535,-2884,297
2026-05-03T11:56:53.956Z,2026-05-03 07:56:53.956,91772,99,-2527,-2875,287
2026-05-03T11:56:53.996Z,2026-05-03 07:56:53.996,91772,100,-2532,-2877,302
2026-05-03T11:56:54.036Z,2026-05-03 07:56:54.036,91773,1,-2516,-2884,292
2026-05-03T11:56:54.076Z,2026-05-03 07:56:54.076,91773,2,-2537,-2876,284
2026-05-03T11:56:54.116Z,2026-05-03 07:56:54.116,91773,3,-2525,-2879,291
2026-05-03T11:56:54.156Z,2026-05-03 07:56:54.156,91773,4,-2531,-2879,289
2026-05-03T11:56:54.196Z,2026-05-03 07:56:54.196,91773,5,-2534,-2880,286
2026-05-03T11:56:54.236Z,2026-05-03 07:56:54.236,91773,6,-2528,-2871,283
2026-05-03T11:56:54.276Z,2026-05-03 07:56:54.276,91773,7,-2519,-2872,286
2026-05-03T11:56:54.316Z,2026-05-03 07:56:54.316,91773,8,-2529,-2873,290
2026-05-03T11:56:54.356Z,2026-05-03 07:56:54.356,91773,9,-2530,-2880,282
2026-05-03T11:56:54.396Z,2026-05-03 07:56:54.396,91773,10,-2522,-2886,282
2026-05-03T11:56:54.436Z,2026-05-03 07:56:54.436,91773,11,-2526,-2874,290
2026-05-03T11:56:54.476Z,2026-05-03 07:56:54.476,91773,12,-2537,-2881,292
2026-05-03T11:56:54.516Z,2026-05-03 07:56:54.516,91773,13,-2524,-2883,288
2026-05-03T11:56:54.556Z,2026-05-03 07:56:54.556,91773,14,-2533,-2888,301
2026-05-03T11:56:54.596Z,2026-05-03 07:56:54.596,91773,15,-2521,-2882,290
2026-05-03T11:56:54.636Z,2026-05-03 07:56:54.636,91773,16,-2534,-2886,294
2026-05-03T11:56:54.676Z,2026-05-03 07:56:54.676,91773,17,-2527,-2872,294
2026-05-03T11:56:54.716Z,2026-05-03 07:56:54.716,91773,18,-2528,-2876,287
2026-05-03T11:56:54.756Z,2026-05-03 07:56:54.756,91773,19,-2544,-2869,291
2026-05-03T11:56:54.796Z,2026-05-03 07:56:54.796,91773,20,-2527,-2863,289
2026-05-03T11:56:54.836Z,2026-05-03 07:56:54.836,91773,21,-2520,-2879,290
2026-05-03T11:56:54.876Z,2026-05-03 07:56:54.876,91773,22,-2524,-2888,286
2026-05-03T11:56:54.916Z,2026-05-03 07:56:54.916,91773,23,-2538,-2871,286
2026-05-03T11:56:54.956Z,2026-05-03 07:56:54.956,91773,24,-2529,-2876,289
2026-05-03T11:56:54.996Z,2026-05-03 07:56:54.996,91773,25,-2524,-2883,284
2026-05-03T11:56:55.036Z,2026-05-03 07:56:55.036,91773,26,-2527,-2884,292
2026-05-03T11:56:55.076Z,2026-05-03 07:56:55.076,91773,27,-2516,-2871,291
2026-05-03T11:56:55.116Z,2026-05-03 07:56:55.116,91773,28,-2534,-2888,278
2026-05-03T11:56:55.156Z,2026-05-03 07:56:55.156,91773,29,-2531,-2867,291
2026-05-03T11:56:55.196Z,2026-05-03 07:56:55.196,91773,30,-2520,-2883,289
2026-05-03T11:56:55.236Z,2026-05-03 07:56:55.236,91773,31,-2535,-2879,287
2026-05-03T11:56:55.276Z,2026-05-03 07:56:55.276,91773,32,-2518,-2875,298
2026-05-03T11:56:55.316Z,2026-05-03 07:56:55.316,91773,33,-2533,-2871,278
2026-05-03T11:56:55.356Z,2026-05-03 07:56:55.356,91773,34,-2524,-2870,288
2026-05-03T11:56:55.396Z,2026-05-03 07:56:55.396,91773,35,-2522,-2878,288
2026-05-03T11:56:55.436Z,2026-05-03 07:56:55.436,91773,36,-2523,-2863,290
2026-05-03T11:56:55.476Z,2026-05-03 07:56:55.476,91773,37,-2529,-2866,300
2026-05-03T11:56:55.516Z,2026-05-03 07:56:55.516,91773,38,-2537,-2881,289
2026-05-03T11:56:55.556Z,2026-05-03 07:56:55.556,91773,39,-2538,-2874,295
2026-05-03T11:56:55.596Z,2026-05-03 07:56:55.596,91773,40,-2535,-2880,280
2026-05-03T11:56:55.636Z,2026-05-03 07:56:55.636,91773,41,-2509,-2880,286
2026-05-03T11:56:55.676Z,2026-05-03 07:56:55.676,91773,42,-2533,-2882,295
2026-05-03T11:56:55.716Z,2026-05-03 07:56:55.716,91773,43,-2534,-2869,288
2026-05-03T11:56:55.756Z,2026-05-03 07:56:55.756,91773,44,-2537,-2884,290
2026-05-03T11:56:55.796Z,2026-05-03 07:56:55.796,91773,45,-2525,-2884,297
2026-05-03T11:56:55.836Z,2026-05-03 07:56:55.836,91773,46,-2532,-2881,286
2026-05-03T11:56:55.876Z,2026-05-03 07:56:55.876,91773,47,-2534,-2867,286
2026-05-03T11:56:55.916Z,2026-05-03 07:56:55.916,91773,48,-2529,-2869,281
2026-05-03T11:56:55.956Z,2026-05-03 07:56:55.956,91773,49,-2527,-2883,285
2026-05-03T11:56:55.996Z,2026-05-03 07:56:55.996,91773,50,-2535,-2889,286
2026-05-03T11:56:56.036Z,2026-05-03 07:56:56.036,91773,51,-2527,-2887,291
2026-05-03T11:56:56.076Z,2026-05-03 07:56:56.076,91773,52,-2528,-2873,291
2026-05-03T11:56:56.116Z,2026-05-03 07:56:56.116,91773,53,-2523,-2881,289
2026-05-03T11:56:56.156Z,2026-05-03 07:56:56.156,91773,54,-2527,-2874,278
2026-05-03T11:56:56.196Z,2026-05-03 07:56:56.196,91773,55,-2533,-2880,280
2026-05-03T11:56:56.236Z,2026-05-03 07:56:56.236,91773,56,-2537,-2872,291
2026-05-03T11:56:56.276Z,2026-05-03 07:56:56.276,91773,57,-2523,-2874,286
2026-05-03T11:56:56.316Z,2026-05-03 07:56:56.316,91773,58,-2529,-2875,280
2026-05-03T11:56:56.356Z,2026-05-03 07:56:56.356,91773,59,-2518,-2876,290
2026-05-03T11:56:56.396Z,2026-05-03 07:56:56.396,91773,60,-2535,-2863,282
2026-05-03T11:56:56.436Z,2026-05-03 07:56:56.436,91773,61,-2528,-2867,290
2026-05-03T11:56:56.476Z,2026-05-03 07:56:56.476,91773,62,-2528,-2859,277
2026-05-03T11:56:56.516Z,2026-05-03 07:56:56.516,91773,63,-2527,-2873,288
2026-05-03T11:56:56.556Z,2026-05-03 07:56:56.556,91773,64,-2531,-2876,291
2026-05-03T11:56:56.596Z,2026-05-03 07:56:56.596,91773,65,-2538,-2874,296
2026-05-03T11:56:56.636Z,2026-05-03 07:56:56.636,91773,66,-2526,-2876,283
2026-05-03T11:56:56.676Z,2026-05-03 07:56:56.676,91773,67,-2521,-2873,295
2026-05-03T11:56:56.716Z,2026-05-03 07:56:56.716,91773,68,-2533,-2867,276
2026-05-03T11:56:56.756Z,2026-05-03 07:56:56.756,91773,69,-2522,-2872,289
2026-05-03T11:56:56.796Z,2026-05-03 07:56:56.796,91773,70,-2535,-2875,291
2026-05-03T11:56:56.836Z,2026-05-03 07:56:56.836,91773,71,-2528,-2872,290
2026-05-03T11:56:56.876Z,2026-05-03 07:56:56.876,91773,72,-2529,-2880,291
2026-05-03T11:56:56.916Z,2026-05-03 07:56:56.916,91773,73,-2538,-2888,290
2026-05-03T11:56:56.956Z,2026-05-03 07:56:56.956,91773,74,-2526,-2880,295
2026-05-03T11:56:56.996Z,2026-05-03 07:56:56.996,91773,75,-2524,-2874,287
2026-05-03T11:56:57.036Z,2026-05-03 07:56:57.036,91773,76,-2535,-2874,290
2026-05-03T11:56:57.076Z,2026-05-03 07:56:57.076,91773,77,-2539,-2882,294
2026-05-03T11:56:57.116Z,2026-05-03 07:56:57.116,91773,78,-2526,-2873,289
2026-05-03T11:56:57.156Z,2026-05-03 07:56:57.156,91773,79,-2516,-2878,276
2026-05-03T11:56:57.196Z,2026-05-03 07:56:57.196,91773,80,-2538,-2876,293
2026-05-03T11:56:57.236Z,2026-05-03 07:56:57.236,91773,81,-2528,-2872,287
2026-05-03T11:56:57.276Z,2026-05-03 07:56:57.276,91773,82,-2530,-2875,280
2026-05-03T11:56:57.316Z,2026-05-03 07:56:57.316,91773,83,-2523,-2881,294
2026-05-03T11:56:57.356Z,2026-05-03 07:56:57.356,91773,84,-2531,-2879,298
2026-05-03T11:56:57.396Z,2026-05-03 07:56:57.396,91773,85,-2535,-2876,288
2026-05-03T11:56:57.436Z,2026-05-03 07:56:57.436,91773,86,-2524,-2866,289
2026-05-03T11:56:57.476Z,2026-05-03 07:56:57.476,91773,87,-2535,-2884,289
2026-05-03T11:56:57.516Z,2026-05-03 07:56:57.516,91773,88,-2520,-2883,289
2026-05-03T11:56:57.556Z,2026-05-03 07:56:57.556,91773,89,-2525,-2886,281
2026-05-03T11:56:57.596Z,2026-05-03 07:56:57.596,91773,90,-2530,-2880,287
2026-05-03T11:56:57.636Z,2026-05-03 07:56:57.636,91773,91,-2525,-2879,290
2026-05-03T11:56:57.676Z,2026-05-03 07:56:57.676,91773,92,-2528,-2876,297
2026-05-03T11:56:57.716Z,2026-05-03 07:56:57.716,91773,93,-2525,-2873,295
2026-05-03T11:56:57.756Z,2026-05-03 07:56:57.756,91773,94,-2527,-2875,274
2026-05-03T11:56:57.796Z,2026-05-03 07:56:57.796,91773,95,-2549,-2867,289
2026-05-03T11:56:57.836Z,2026-05-03 07:56:57.836,91773,96,-2525,-2874,289
2026-05-03T11:56:57.876Z,2026-05-03 07:56:57.876,91773,97,-2531,-2880,287
2026-05-03T11:56:57.916Z,2026-05-03 07:56:57.916,91773,98,-2522,-2884,287
2026-05-03T11:56:57.956Z,2026-05-03 07:56:57.956,91773,99,-2524,-2872,294
2026-05-03T11:56:57.996Z,2026-05-03 07:56:57.996,91773,100,-2527,-2874,291
2026-05-03T11:56:58.036Z,2026-05-03 07:56:58.036,91774,1,-2524,-2876,296
2026-05-03T11:56:58.076Z,2026-05-03 07:56:58.076,91774,2,-2527,-2891,287
2026-05-03T11:56:58.116Z,2026-05-03 07:56:58.116,91774,3,-2520,-2875,293
2026-05-03T11:56:58.156Z,2026-05-03 07:56:58.156,91774,4,-2530,-2888,283
2026-05-03T11:56:58.196Z,2026-05-03 07:56:58.196,91774,5,-2542,-2884,292
2026-05-03T11:56:58.236Z,2026-05-03 07:56:58.236,91774,6,-2526,-2881,297
2026-05-03T11:56:58.276Z,2026-05-03 07:56:58.276,91774,7,-2527,-2876,290
2026-05-03T11:56:58.316Z,2026-05-03 07:56:58.316,91774,8,-2548,-2880,292
2026-05-03T11:56:58.356Z,2026-05-03 07:56:58.356,91774,9,-2526,-2869,282
2026-05-03T11:56:58.396Z,2026-05-03 07:56:58.396,91774,10,-2531,-2864,293
2026-05-03T11:56:58.436Z,2026-05-03 07:56:58.436,91774,11,-2529,-2868,278
2026-05-03T11:56:58.476Z,2026-05-03 07:56:58.476,91774,12,-2519,-2875,290
2026-05-03T11:56:58.516Z,2026-05-03 07:56:58.516,91774,13,-2533,-2875,282
2026-05-03T11:56:58.556Z,2026-05-03 07:56:58.556,91774,14,-2527,-2876,288
2026-05-03T11:56:58.596Z,2026-05-03 07:56:58.596,91774,15,-2543,-2885,279
2026-05-03T11:56:58.636Z,2026-05-03 07:56:58.636,91774,16,-2527,-2883,289
2026-05-03T11:56:58.676Z,2026-05-03 07:56:58.676,91774,17,-2529,-2881,292
2026-05-03T11:56:58.716Z,2026-05-03 07:56:58.716,91774,18,-2530,-2880,285
2026-05-03T11:56:58.756Z,2026-05-03 07:56:58.756,91774,19,-2522,-2878,291
2026-05-03T11:56:58.796Z,2026-05-03 07:56:58.796,91774,20,-2522,-2867,292
2026-05-03T11:56:58.836Z,2026-05-03 07:56:58.836,91774,21,-2538,-2880,286
2026-05-03T11:56:58.876Z,2026-05-03 07:56:58.876,91774,22,-2515,-2872,296
2026-05-03T11:56:58.916Z,2026-05-03 07:56:58.916,91774,23,-2528,-2876,293
2026-05-03T11:56:58.956Z,2026-05-03 07:56:58.956,91774,24,-2525,-2888,281
2026-05-03T11:56:58.996Z,2026-05-03 07:56:58.996,91774,25,-2527,-2866,293
2026-05-03T11:56:59.036Z,2026-05-03 07:56:59.036,91774,26,-2529,-2881,293
2026-05-03T11:56:59.076Z,2026-05-03 07:56:59.076,91774,27,-2525,-2892,290
2026-05-03T11:56:59.116Z,2026-05-03 07:56:59.116,91774,28,-2522,-2877,282
2026-05-03T11:56:59.156Z,2026-05-03 07:56:59.156,91774,29,-2538,-2876,295
2026-05-03T11:56:59.196Z,2026-05-03 07:56:59.196,91774,30,-2522,-2867,273
2026-05-03T11:56:59.236Z,2026-05-03 07:56:59.236,91774,31,-2525,-2883,293
2026-05-03T11:56:59.276Z,2026-05-03 07:56:59.276,91774,32,-2521,-2872,288
2026-05-03T11:56:59.316Z,2026-05-03 07:56:59.316,91774,33,-2530,-2879,278
2026-05-03T11:56:59.356Z,2026-05-03 07:56:59.356,91774,34,-2519,-2889,281
2026-05-03T11:56:59.396Z,2026-05-03 07:56:59.396,91774,35,-2518,-2864,279
2026-05-03T11:56:59.436Z,2026-05-03 07:56:59.436,91774,36,-2536,-2883,298
2026-05-03T11:56:59.476Z,2026-05-03 07:56:59.476,91774,37,-2524,-2880,296
2026-05-03T11:56:59.516Z,2026-05-03 07:56:59.516,91774,38,-2524,-2875,280
2026-05-03T11:56:59.556Z,2026-05-03 07:56:59.556,91774,39,-2518,-2883,295
2026-05-03T11:56:59.596Z,2026-05-03 07:56:59.596,91774,40,-2530,-2876,286
2026-05-03T11:56:59.636Z,2026-05-03 07:56:59.636,91774,41,-2530,-2872,293
2026-05-03T11:56:59.676Z,2026-05-03 07:56:59.676,91774,42,-2523,-2869,299
2026-05-03T11:56:59.716Z,2026-05-03 07:56:59.716,91774,43,-2536,-2880,278
2026-05-03T11:56:59.756Z,2026-05-03 07:56:59.756,91774,44,-2520,-2873,289
2026-05-03T11:56:59.796Z,2026-05-03 07:56:59.796,91774,45,-2536,-2883,290
2026-05-03T11:56:59.836Z,2026-05-03 07:56:59.836,91774,46,-2537,-2888,284
2026-05-03T11:56:59.876Z,2026-05-03 07:56:59.876,91774,47,-2525,-2880,289
2026-05-03T11:56:59.916Z,2026-05-03 07:56:59.916,91774,48,-2535,-2884,284
2026-05-03T11:56:59.956Z,2026-05-03 07:56:59.956,91774,49,-2536,-2880,286
2026-05-03T11:56:59.996Z,2026-05-03 07:56:59.996,91774,50,-2530,-2861,280
2026-05-03T11:57:00.036Z,2026-05-03 07:57:00.036,91774,51,-2532,-2875,283
2026-05-03T11:57:00.076Z,2026-05-03 07:57:00.076,91774,52,-2525,-2867,292
2026-05-03T11:57:00.116Z,2026-05-03 07:57:00.116,91774,53,-2552,-2881,299
2026-05-03T11:57:00.156Z,2026-05-03 07:57:00.156,91774,54,-2538,-2887,288
2026-05-03T11:57:00.196Z,2026-05-03 07:57:00.196,91774,55,-2517,-2876,290
2026-05-03T11:57:00.236Z,2026-05-03 07:57:00.236,91774,56,-2522,-2869,291
2026-05-03T11:57:00.276Z,2026-05-03 07:57:00.276,91774,57,-2533,-2879,280
2026-05-03T11:57:00.316Z,2026-05-03 07:57:00.316,91774,58,-2527,-2880,293
2026-05-03T11:57:00.356Z,2026-05-03 07:57:00.356,91774,59,-2535,-2871,296
2026-05-03T11:57:00.396Z,2026-05-03 07:57:00.396,91774,60,-2530,-2873,289
2026-05-03T11:57:00.436Z,2026-05-03 07:57:00.436,91774,61,-2518,-2875,284
2026-05-03T11:57:00.476Z,2026-05-03 07:57:00.476,91774,62,-2530,-2879,282
2026-05-03T11:57:00.516Z,2026-05-03 07:57:00.516,91774,63,-2526,-2872,295
2026-05-03T11:57:00.556Z,2026-05-03 07:57:00.556,91774,64,-2530,-2871,293
2026-05-03T11:57:00.596Z,2026-05-03 07:57:00.596,91774,65,-2534,-2876,277
2026-05-03T11:57:00.636Z,2026-05-03 07:57:00.636,91774,66,-2531,-2883,284
2026-05-03T11:57:00.676Z,2026-05-03 07:57:00.676,91774,67,-2527,-2869,293
2026-05-03T11:57:00.716Z,2026-05-03 07:57:00.716,91774,68,-2526,-2879,297
2026-05-03T11:57:00.756Z,2026-05-03 07:57:00.756,91774,69,-2544,-2888,289
2026-05-03T11:57:00.796Z,2026-05-03 07:57:00.796,91774,70,-2531,-2879,292
2026-05-03T11:57:00.836Z,2026-05-03 07:57:00.836,91774,71,-2550,-2888,275
2026-05-03T11:57:00.876Z,2026-05-03 07:57:00.876,91774,72,-2544,-2882,281
2026-05-03T11:57:00.916Z,2026-05-03 07:57:00.916,91774,73,-2529,-2880,286
2026-05-03T11:57:00.956Z,2026-05-03 07:57:00.956,91774,74,-2528,-2891,282
2026-05-03T11:57:00.996Z,2026-05-03 07:57:00.996,91774,75,-2520,-2872,281
2026-05-03T11:57:01.036Z,2026-05-03 07:57:01.036,91774,76,-2519,-2884,281
2026-05-03T11:57:01.076Z,2026-05-03 07:57:01.076,91774,77,-2523,-2864,293
2026-05-03T11:57:01.116Z,2026-05-03 07:57:01.116,91774,78,-2532,-2880,273
2026-05-03T11:57:01.156Z,2026-05-03 07:57:01.156,91774,79,-2537,-2873,290
2026-05-03T11:57:01.196Z,2026-05-03 07:57:01.196,91774,80,-2521,-2879,291
2026-05-03T11:57:01.236Z,2026-05-03 07:57:01.236,91774,81,-2537,-2872,291
2026-05-03T11:57:01.276Z,2026-05-03 07:57:01.276,91774,82,-2540,-2879,295
2026-05-03T11:57:01.316Z,2026-05-03 07:57:01.316,91774,83,-2522,-2875,285
2026-05-03T11:57:01.356Z,2026-05-03 07:57:01.356,91774,84,-2535,-2872,297
2026-05-03T11:57:01.396Z,2026-05-03 07:57:01.396,91774,85,-2520,-2876,297
2026-05-03T11:57:01.436Z,2026-05-03 07:57:01.436,91774,86,-2522,-2866,292
2026-05-03T11:57:01.476Z,2026-05-03 07:57:01.476,91774,87,-2526,-2871,283
2026-05-03T11:57:01.516Z,2026-05-03 07:57:01.516,91774,88,-2520,-2881,284
2026-05-03T11:57:01.556Z,2026-05-03 07:57:01.556,91774,89,-2516,-2877,282
2026-05-03T11:57:01.596Z,2026-05-03 07:57:01.596,91774,90,-2521,-2887,287
2026-05-03T11:57:01.636Z,2026-05-03 07:57:01.636,91774,91,-2532,-2894,285
2026-05-03T11:57:01.676Z,2026-05-03 07:57:01.676,91774,92,-2529,-2872,282
2026-05-03T11:57:01.716Z,2026-05-03 07:57:01.716,91774,93,-2516,-2891,292
2026-05-03T11:57:01.756Z,2026-05-03 07:57:01.756,91774,94,-2523,-2885,281
2026-05-03T11:57:01.796Z,2026-05-03 07:57:01.796,91774,95,-2531,-2883,281
2026-05-03T11:57:01.836Z,2026-05-03 07:57:01.836,91774,96,-2524,-2868,290
2026-05-03T11:57:01.876Z,2026-05-03 07:57:01.876,91774,97,-2523,-2876,281
2026-05-03T11:57:01.916Z,2026-05-03 07:57:01.916,91774,98,-2519,-2879,280
2026-05-03T11:57:01.956Z,2026-05-03 07:57:01.956,91774,99,-2530,-2873,293
2026-05-03T11:57:01.996Z,2026-05-03 07:57:01.996,91774,100,-2523,-2874,278
2026-05-03T11:57:02.036Z,2026-05-03 07:57:02.036,91775,1,-2538,-2880,286
2026-05-03T11:57:02.076Z,2026-05-03 07:57:02.076,91775,2,-2539,-2880,290
2026-05-03T11:57:02.116Z,2026-05-03 07:57:02.116,91775,3,-2517,-2877,291
2026-05-03T11:57:02.156Z,2026-05-03 07:57:02.156,91775,4,-2520,-2884,285
2026-05-03T11:57:02.196Z,2026-05-03 07:57:02.196,91775,5,-2540,-2877,282
2026-05-03T11:57:02.236Z,2026-05-03 07:57:02.236,91775,6,-2529,-2879,282
2026-05-03T11:57:02.276Z,2026-05-03 07:57:02.276,91775,7,-2534,-2872,300
2026-05-03T11:57:02.316Z,2026-05-03 07:57:02.316,91775,8,-2529,-2877,296
2026-05-03T11:57:02.356Z,2026-05-03 07:57:02.356,91775,9,-2523,-2888,292
2026-05-03T11:57:02.396Z,2026-05-03 07:57:02.396,91775,10,-2524,-2876,287
2026-05-03T11:57:02.436Z,2026-05-03 07:57:02.436,91775,11,-2530,-2887,289
2026-05-03T11:57:02.476Z,2026-05-03 07:57:02.476,91775,12,-2534,-2870,295
2026-05-03T11:57:02.516Z,2026-05-03 07:57:02.516,91775,13,-2528,-2886,284
2026-05-03T11:57:02.556Z,2026-05-03 07:57:02.556,91775,14,-2535,-2876,293
2026-05-03T11:57:02.596Z,2026-05-03 07:57:02.596,91775,15,-2525,-2887,292
2026-05-03T11:57:02.636Z,2026-05-03 07:57:02.636,91775,16,-2533,-2884,275
2026-05-03T11:57:02.676Z,2026-05-03 07:57:02.676,91775,17,-2527,-2887,292
2026-05-03T11:57:02.716Z,2026-05-03 07:57:02.716,91775,18,-2535,-2882,283
2026-05-03T11:57:02.756Z,2026-05-03 07:57:02.756,91775,19,-2534,-2872,284
2026-05-03T11:57:02.796Z,2026-05-03 07:57:02.796,91775,20,-2513,-2875,283
2026-05-03T11:57:02.836Z,2026-05-03 07:57:02.836,91775,21,-2521,-2884,285
2026-05-03T11:57:02.876Z,2026-05-03 07:57:02.876,91775,22,-2520,-2871,275
2026-05-03T11:57:02.916Z,2026-05-03 07:57:02.916,91775,23,-2541,-2878,281
2026-05-03T11:57:02.956Z,2026-05-03 07:57:02.956,91775,24,-2517,-2875,281
2026-05-03T11:57:02.996Z,2026-05-03 07:57:02.996,91775,25,-2531,-2876,286
2026-05-03T11:57:03.036Z,2026-05-03 07:57:03.036,91775,26,-2535,-2884,298
2026-05-03T11:57:03.076Z,2026-05-03 07:57:03.076,91775,27,-2520,-2883,295
2026-05-03T11:57:03.116Z,2026-05-03 07:57:03.116,91775,28,-2525,-2871,286
2026-05-03T11:57:03.156Z,2026-05-03 07:57:03.156,91775,29,-2530,-2871,291
2026-05-03T11:57:03.196Z,2026-05-03 07:57:03.196,91775,30,-2523,-2890,290
2026-05-03T11:57:03.236Z,2026-05-03 07:57:03.236,91775,31,-2527,-2863,276
2026-05-03T11:57:03.276Z,2026-05-03 07:57:03.276,91775,32,-2527,-2881,282
2026-05-03T11:57:03.316Z,2026-05-03 07:57:03.316,91775,33,-2516,-2873,282
2026-05-03T11:57:03.356Z,2026-05-03 07:57:03.356,91775,34,-2521,-2880,291
2026-05-03T11:57:03.396Z,2026-05-03 07:57:03.396,91775,35,-2524,-2875,284
2026-05-03T11:57:03.436Z,2026-05-03 07:57:03.436,91775,36,-2526,-2867,288
2026-05-03T11:57:03.476Z,2026-05-03 07:57:03.476,91775,37,-2524,-2884,287
2026-05-03T11:57:03.516Z,2026-05-03 07:57:03.516,91775,38,-2521,-2872,289
2026-05-03T11:57:03.556Z,2026-05-03 07:57:03.556,91775,39,-2526,-2879,287
2026-05-03T11:57:03.596Z,2026-05-03 07:57:03.596,91775,40,-2526,-2879,283
2026-05-03T11:57:03.636Z,2026-05-03 07:57:03.636,91775,41,-2532,-2879,279
2026-05-03T11:57:03.676Z,2026-05-03 07:57:03.676,91775,42,-2528,-2879,293
2026-05-03T11:57:03.716Z,2026-05-03 07:57:03.716,91775,43,-2521,-2872,287
2026-05-03T11:57:03.756Z,2026-05-03 07:57:03.756,91775,44,-2517,-2867,293
2026-05-03T11:57:03.796Z,2026-05-03 07:57:03.796,91775,45,-2528,-2875,288
2026-05-03T11:57:03.836Z,2026-05-03 07:57:03.836,91775,46,-2519,-2879,286
2026-05-03T11:57:03.876Z,2026-05-03 07:57:03.876,91775,47,-2531,-2879,294
2026-05-03T11:57:03.916Z,2026-05-03 07:57:03.916,91775,48,-2524,-2885,284
2026-05-03T11:57:03.956Z,2026-05-03 07:57:03.956,91775,49,-2530,-2879,293
2026-05-03T11:57:03.996Z,2026-05-03 07:57:03.996,91775,50,-2526,-2872,286
2026-05-03T11:57:04.036Z,2026-05-03 07:57:04.036,91775,51,-2525,-2871,283
2026-05-03T11:57:04.076Z,2026-05-03 07:57:04.076,91775,52,-2535,-2884,295
2026-05-03T11:57:04.116Z,2026-05-03 07:57:04.116,91775,53,-2515,-2870,287
2026-05-03T11:57:04.156Z,2026-05-03 07:57:04.156,91775,54,-2529,-2883,299
2026-05-03T11:57:04.196Z,2026-05-03 07:57:04.196,91775,55,-2524,-2881,284
2026-05-03T11:57:04.236Z,2026-05-03 07:57:04.236,91775,56,-2528,-2882,292
2026-05-03T11:57:04.276Z,2026-05-03 07:57:04.276,91775,57,-2537,-2892,282
2026-05-03T11:57:04.316Z,2026-05-03 07:57:04.316,91775,58,-2531,-2895,287
2026-05-03T11:57:04.356Z,2026-05-03 07:57:04.356,91775,59,-2527,-2883,285
2026-05-03T11:57:04.396Z,2026-05-03 07:57:04.396,91775,60,-2522,-2880,286
2026-05-03T11:57:04.436Z,2026-05-03 07:57:04.436,91775,61,-2516,-2877,285
2026-05-03T11:57:04.476Z,2026-05-03 07:57:04.476,91775,62,-2525,-2876,288
2026-05-03T11:57:04.516Z,2026-05-03 07:57:04.516,91775,63,-2525,-2881,290
2026-05-03T11:57:04.556Z,2026-05-03 07:57:04.556,91775,64,-2522,-2870,300
2026-05-03T11:57:04.596Z,2026-05-03 07:57:04.596,91775,65,-2538,-2886,284
2026-05-03T11:57:04.636Z,2026-05-03 07:57:04.636,91775,66,-2524,-2868,298
2026-05-03T11:57:04.676Z,2026-05-03 07:57:04.676,91775,67,-2523,-2879,294
2026-05-03T11:57:04.716Z,2026-05-03 07:57:04.716,91775,68,-2524,-2885,290
2026-05-03T11:57:04.756Z,2026-05-03 07:57:04.756,91775,69,-2517,-2878,289
2026-05-03T11:57:04.796Z,2026-05-03 07:57:04.796,91775,70,-2531,-2878,298
2026-05-03T11:57:04.836Z,2026-05-03 07:57:04.836,91775,71,-2530,-2882,290
2026-05-03T11:57:04.876Z,2026-05-03 07:57:04.876,91775,72,-2525,-2876,290
2026-05-03T11:57:04.916Z,2026-05-03 07:57:04.916,91775,73,-2522,-2872,305
2026-05-03T11:57:04.956Z,2026-05-03 07:57:04.956,91775,74,-2530,-2877,297
2026-05-03T11:57:04.996Z,2026-05-03 07:57:04.996,91775,75,-2535,-2869,279
2026-05-03T11:57:05.036Z,2026-05-03 07:57:05.036,91775,76,-2520,-2871,278
2026-05-03T11:57:05.076Z,2026-05-03 07:57:05.076,91775,77,-2538,-2884,276
2026-05-03T11:57:05.116Z,2026-05-03 07:57:05.116,91775,78,-2516,-2873,284
2026-05-03T11:57:05.156Z,2026-05-03 07:57:05.156,91775,79,-2525,-2864,295
2026-05-03T11:57:05.196Z,2026-05-03 07:57:05.196,91775,80,-2530,-2871,284
2026-05-03T11:57:05.236Z,2026-05-03 07:57:05.236,91775,81,-2525,-2868,296
2026-05-03T11:57:05.276Z,2026-05-03 07:57:05.276,91775,82,-2532,-2867,283
2026-05-03T11:57:05.316Z,2026-05-03 07:57:05.316,91775,83,-2538,-2880,282
2026-05-03T11:57:05.356Z,2026-05-03 07:57:05.356,91775,84,-2523,-2873,297
2026-05-03T11:57:05.396Z,2026-05-03 07:57:05.396,91775,85,-2524,-2879,285
2026-05-03T11:57:05.436Z,2026-05-03 07:57:05.436,91775,86,-2547,-2873,287
2026-05-03T11:57:05.476Z,2026-05-03 07:57:05.476,91775,87,-2522,-2865,276
2026-05-03T11:57:05.516Z,2026-05-03 07:57:05.516,91775,88,-2539,-2879,286
2026-05-03T11:57:05.556Z,2026-05-03 07:57:05.556,91775,89,-2526,-2874,284
2026-05-03T11:57:05.596Z,2026-05-03 07:57:05.596,91775,90,-2510,-2876,290
2026-05-03T11:57:05.636Z,2026-05-03 07:57:05.636,91775,91,-2535,-2881,282
2026-05-03T11:57:05.676Z,2026-05-03 07:57:05.676,91775,92,-2527,-2880,288
2026-05-03T11:57:05.716Z,2026-05-03 07:57:05.716,91775,93,-2527,-2879,283
2026-05-03T11:57:05.756Z,2026-05-03 07:57:05.756,91775,94,-2530,-2880,299
2026-05-03T11:57:05.796Z,2026-05-03 07:57:05.796,91775,95,-2529,-2864,288
2026-05-03T11:57:05.836Z,2026-05-03 07:57:05.836,91775,96,-2525,-2884,286
2026-05-03T11:57:05.876Z,2026-05-03 07:57:05.876,91775,97,-2531,-2880,297
2026-05-03T11:57:05.916Z,2026-05-03 07:57:05.916,91775,98,-2534,-2865,276
2026-05-03T11:57:05.956Z,2026-05-03 07:57:05.956,91775,99,-2529,-2880,288
2026-05-03T11:57:05.996Z,2026-05-03 07:57:05.996,91775,100,-2517,-2876,295
2026-05-03T11:57:06.036Z,2026-05-03 07:57:06.036,91776,1,-2516,-2875,288
2026-05-03T11:57:06.076Z,2026-05-03 07:57:06.076,91776,2,-2518,-2875,288
2026-05-03T11:57:06.116Z,2026-05-03 07:57:06.116,91776,3,-2529,-2875,299
2026-05-03T11:57:06.156Z,2026-05-03 07:57:06.156,91776,4,-2521,-2867,293
2026-05-03T11:57:06.196Z,2026-05-03 07:57:06.196,91776,5,-2523,-2875,288
2026-05-03T11:57:06.236Z,2026-05-03 07:57:06.236,91776,6,-2521,-2873,283
2026-05-03T11:57:06.276Z,2026-05-03 07:57:06.276,91776,7,-2524,-2871,273
2026-05-03T11:57:06.316Z,2026-05-03 07:57:06.316,91776,8,-2529,-2873,283
2026-05-03T11:57:06.356Z,2026-05-03 07:57:06.356,91776,9,-2533,-2886,280
2026-05-03T11:57:06.396Z,2026-05-03 07:57:06.396,91776,10,-2515,-2868,298
2026-05-03T11:57:06.436Z,2026-05-03 07:57:06.436,91776,11,-2525,-2874,291
2026-05-03T11:57:06.476Z,2026-05-03 07:57:06.476,91776,12,-2527,-2888,294
2026-05-03T11:57:06.516Z,2026-05-03 07:57:06.516,91776,13,-2521,-2871,286
2026-05-03T11:57:06.556Z,2026-05-03 07:57:06.556,91776,14,-2524,-2868,274
2026-05-03T11:57:06.596Z,2026-05-03 07:57:06.596,91776,15,-2523,-2873,286
2026-05-03T11:57:06.636Z,2026-05-03 07:57:06.636,91776,16,-2534,-2871,294
2026-05-03T11:57:06.676Z,2026-05-03 07:57:06.676,91776,17,-2524,-2879,283
2026-05-03T11:57:06.716Z,2026-05-03 07:57:06.716,91776,18,-2523,-2875,294
2026-05-03T11:57:06.756Z,2026-05-03 07:57:06.756,91776,19,-2519,-2870,279
2026-05-03T11:57:06.796Z,2026-05-03 07:57:06.796,91776,20,-2528,-2884,290
2026-05-03T11:57:06.836Z,2026-05-03 07:57:06.836,91776,21,-2520,-2870,289
2026-05-03T11:57:06.876Z,2026-05-03 07:57:06.876,91776,22,-2537,-2885,279
2026-05-03T11:57:06.916Z,2026-05-03 07:57:06.916,91776,23,-2521,-2871,286
2026-05-03T11:57:06.956Z,2026-05-03 07:57:06.956,91776,24,-2538,-2876,281
2026-05-03T11:57:06.996Z,2026-05-03 07:57:06.996,91776,25,-2523,-2873,289
2026-05-03T11:57:07.036Z,2026-05-03 07:57:07.036,91776,26,-2516,-2884,292
2026-05-03T11:57:07.076Z,2026-05-03 07:57:07.076,91776,27,-2515,-2874,277
2026-05-03T11:57:07.116Z,2026-05-03 07:57:07.116,91776,28,-2528,-2880,286
2026-05-03T11:57:07.156Z,2026-05-03 07:57:07.156,91776,29,-2534,-2880,277
2026-05-03T11:57:07.196Z,2026-05-03 07:57:07.196,91776,30,-2528,-2884,293
2026-05-03T11:57:07.236Z,2026-05-03 07:57:07.236,91776,31,-2515,-2882,282
2026-05-03T11:57:07.276Z,2026-05-03 07:57:07.276,91776,32,-2527,-2880,292
2026-05-03T11:57:07.316Z,2026-05-03 07:57:07.316,91776,33,-2530,-2873,295
2026-05-03T11:57:07.356Z,2026-05-03 07:57:07.356,91776,34,-2522,-2872,290
2026-05-03T11:57:07.396Z,2026-05-03 07:57:07.396,91776,35,-2524,-2886,305
2026-05-03T11:57:07.436Z,2026-05-03 07:57:07.436,91776,36,-2530,-2870,291
2026-05-03T11:57:07.476Z,2026-05-03 07:57:07.476,91776,37,-2522,-2879,284
2026-05-03T11:57:07.516Z,2026-05-03 07:57:07.516,91776,38,-2523,-2861,286
2026-05-03T11:57:07.556Z,2026-05-03 07:57:07.556,91776,39,-2527,-2883,282
2026-05-03T11:57:07.596Z,2026-05-03 07:57:07.596,91776,40,-2511,-2876,300
2026-05-03T11:57:07.636Z,2026-05-03 07:57:07.636,91776,41,-2524,-2876,283
2026-05-03T11:57:07.676Z,2026-05-03 07:57:07.676,91776,42,-2535,-2874,295
2026-05-03T11:57:07.716Z,2026-05-03 07:57:07.716,91776,43,-2520,-2871,279
2026-05-03T11:57:07.756Z,2026-05-03 07:57:07.756,91776,44,-2529,-2876,287
2026-05-03T11:57:07.796Z,2026-05-03 07:57:07.796,91776,45,-2528,-2866,289
2026-05-03T11:57:07.836Z,2026-05-03 07:57:07.836,91776,46,-2529,-2881,288
2026-05-03T11:57:07.876Z,2026-05-03 07:57:07.876,91776,47,-2520,-2872,295
2026-05-03T11:57:07.916Z,2026-05-03 07:57:07.916,91776,48,-2513,-2885,279
2026-05-03T11:57:07.956Z,2026-05-03 07:57:07.956,91776,49,-2521,-2877,276
2026-05-03T11:57:07.996Z,2026-05-03 07:57:07.996,91776,50,-2529,-2867,295
2026-05-03T11:57:08.036Z,2026-05-03 07:57:08.036,91776,51,-2527,-2892,297
2026-05-03T11:57:08.076Z,2026-05-03 07:57:08.076,91776,52,-2515,-2870,275
2026-05-03T11:57:08.116Z,2026-05-03 07:57:08.116,91776,53,-2528,-2864,275
2026-05-03T11:57:08.156Z,2026-05-03 07:57:08.156,91776,54,-2526,-2882,278
2026-05-03T11:57:08.196Z,2026-05-03 07:57:08.196,91776,55,-2533,-2880,297
2026-05-03T11:57:08.236Z,2026-05-03 07:57:08.236,91776,56,-2528,-2886,286
2026-05-03T11:57:08.276Z,2026-05-03 07:57:08.276,91776,57,-2517,-2879,277
2026-05-03T11:57:08.316Z,2026-05-03 07:57:08.316,91776,58,-2530,-2895,283
2026-05-03T11:57:08.356Z,2026-05-03 07:57:08.356,91776,59,-2532,-2870,293
2026-05-03T11:57:08.396Z,2026-05-03 07:57:08.396,91776,60,-2542,-2880,282
2026-05-03T11:57:08.436Z,2026-05-03 07:57:08.436,91776,61,-2530,-2877,291
2026-05-03T11:57:08.476Z,2026-05-03 07:57:08.476,91776,62,-2533,-2876,288
2026-05-03T11:57:08.516Z,2026-05-03 07:57:08.516,91776,63,-2528,-2876,296
2026-05-03T11:57:08.556Z,2026-05-03 07:57:08.556,91776,64,-2518,-2883,294
2026-05-03T11:57:08.596Z,2026-05-03 07:57:08.596,91776,65,-2533,-2874,283
2026-05-03T11:57:08.636Z,2026-05-03 07:57:08.636,91776,66,-2517,-2874,300
2026-05-03T11:57:08.676Z,2026-05-03 07:57:08.676,91776,67,-2525,-2879,288
2026-05-03T11:57:08.716Z,2026-05-03 07:57:08.716,91776,68,-2513,-2875,290
2026-05-03T11:57:08.756Z,2026-05-03 07:57:08.756,91776,69,-2517,-2880,290
2026-05-03T11:57:08.796Z,2026-05-03 07:57:08.796,91776,70,-2527,-2867,301
2026-05-03T11:57:08.836Z,2026-05-03 07:57:08.836,91776,71,-2533,-2881,275
2026-05-03T11:57:08.876Z,2026-05-03 07:57:08.876,91776,72,-2531,-2867,298
2026-05-03T11:57:08.916Z,2026-05-03 07:57:08.916,91776,73,-2522,-2880,277
2026-05-03T11:57:08.956Z,2026-05-03 07:57:08.956,91776,74,-2534,-2864,295
2026-05-03T11:57:08.996Z,2026-05-03 07:57:08.996,91776,75,-2522,-2883,282
2026-05-03T11:57:09.036Z,2026-05-03 07:57:09.036,91776,76,-2524,-2872,296
2026-05-03T11:57:09.076Z,2026-05-03 07:57:09.076,91776,77,-2523,-2868,288
2026-05-03T11:57:09.116Z,2026-05-03 07:57:09.116,91776,78,-2524,-2876,281
2026-05-03T11:57:09.156Z,2026-05-03 07:57:09.156,91776,79,-2535,-2876,297
2026-05-03T11:57:09.196Z,2026-05-03 07:57:09.196,91776,80,-2537,-2880,283
2026-05-03T11:57:09.236Z,2026-05-03 07:57:09.236,91776,81,-2535,-2875,283
2026-05-03T11:57:09.276Z,2026-05-03 07:57:09.276,91776,82,-2527,-2868,286
2026-05-03T11:57:09.316Z,2026-05-03 07:57:09.316,91776,83,-2524,-2881,290
2026-05-03T11:57:09.356Z,2026-05-03 07:57:09.356,91776,84,-2528,-2876,285
2026-05-03T11:57:09.396Z,2026-05-03 07:57:09.396,91776,85,-2524,-2873,303
2026-05-03T11:57:09.436Z,2026-05-03 07:57:09.436,91776,86,-2519,-2883,289
2026-05-03T11:57:09.476Z,2026-05-03 07:57:09.476,91776,87,-2523,-2872,288
2026-05-03T11:57:09.516Z,2026-05-03 07:57:09.516,91776,88,-2514,-2873,290
2026-05-03T11:57:09.556Z,2026-05-03 07:57:09.556,91776,89,-2535,-2879,289
2026-05-03T11:57:09.596Z,2026-05-03 07:57:09.596,91776,90,-2538,-2880,283
2026-05-03T11:57:09.636Z,2026-05-03 07:57:09.636,91776,91,-2520,-2865,288
2026-05-03T11:57:09.676Z,2026-05-03 07:57:09.676,91776,92,-2526,-2880,296
2026-05-03T11:57:09.716Z,2026-05-03 07:57:09.716,91776,93,-2530,-2883,300
2026-05-03T11:57:09.756Z,2026-05-03 07:57:09.756,91776,94,-2538,-2867,303
2026-05-03T11:57:09.796Z,2026-05-03 07:57:09.796,91776,95,-2516,-2880,288
2026-05-03T11:57:09.836Z,2026-05-03 07:57:09.836,91776,96,-2540,-2872,295
2026-05-03T11:57:09.876Z,2026-05-03 07:57:09.876,91776,97,-2523,-2871,299
2026-05-03T11:57:09.916Z,2026-05-03 07:57:09.916,91776,98,-2526,-2880,294
2026-05-03T11:57:09.956Z,2026-05-03 07:57:09.956,91776,99,-2520,-2883,301
2026-05-03T11:57:09.996Z,2026-05-03 07:57:09.996,91776,100,-2516,-2867,294
2026-05-03T11:57:10.036Z,2026-05-03 07:57:10.036,91777,1,-2529,-2876,292
2026-05-03T11:57:10.076Z,2026-05-03 07:57:10.076,91777,2,-2521,-2874,291
2026-05-03T11:57:10.116Z,2026-05-03 07:57:10.116,91777,3,-2537,-2872,294
2026-05-03T11:57:10.156Z,2026-05-03 07:57:10.156,91777,4,-2538,-2876,288
2026-05-03T11:57:10.196Z,2026-05-03 07:57:10.196,91777,5,-2524,-2863,282
2026-05-03T11:57:10.236Z,2026-05-03 07:57:10.236,91777,6,-2532,-2865,287
2026-05-03T11:57:10.276Z,2026-05-03 07:57:10.276,91777,7,-2531,-2879,278
2026-05-03T11:57:10.316Z,2026-05-03 07:57:10.316,91777,8,-2540,-2873,289
2026-05-03T11:57:10.356Z,2026-05-03 07:57:10.356,91777,9,-2526,-2867,288
2026-05-03T11:57:10.396Z,2026-05-03 07:57:10.396,91777,10,-2523,-2876,282
2026-05-03T11:57:10.436Z,2026-05-03 07:57:10.436,91777,11,-2526,-2879,287
2026-05-03T11:57:10.476Z,2026-05-03 07:57:10.476,91777,12,-2533,-2889,282
2026-05-03T11:57:10.516Z,2026-05-03 07:57:10.516,91777,13,-2533,-2880,279
2026-05-03T11:57:10.556Z,2026-05-03 07:57:10.556,91777,14,-2509,-2885,278
2026-05-03T11:57:10.596Z,2026-05-03 07:57:10.596,91777,15,-2520,-2883,291
2026-05-03T11:57:10.636Z,2026-05-03 07:57:10.636,91777,16,-2530,-2871,282
2026-05-03T11:57:10.676Z,2026-05-03 07:57:10.676,91777,17,-2530,-2887,294
2026-05-03T11:57:10.716Z,2026-05-03 07:57:10.716,91777,18,-2516,-2876,287
2026-05-03T11:57:10.756Z,2026-05-03 07:57:10.756,91777,19,-2526,-2895,285
2026-05-03T11:57:10.796Z,2026-05-03 07:57:10.796,91777,20,-2528,-2874,291
2026-05-03T11:57:10.836Z,2026-05-03 07:57:10.836,91777,21,-2529,-2871,278
2026-05-03T11:57:10.876Z,2026-05-03 07:57:10.876,91777,22,-2535,-2881,287
2026-05-03T11:57:10.916Z,2026-05-03 07:57:10.916,91777,23,-2532,-2873,305
2026-05-03T11:57:10.956Z,2026-05-03 07:57:10.956,91777,24,-2528,-2882,293
2026-05-03T11:57:10.996Z,2026-05-03 07:57:10.996,91777,25,-2523,-2879,292
2026-05-03T11:57:11.036Z,2026-05-03 07:57:11.036,91777,26,-2512,-2880,293
2026-05-03T11:57:11.076Z,2026-05-03 07:57:11.076,91777,27,-2538,-2878,289
2026-05-03T11:57:11.116Z,2026-05-03 07:57:11.116,91777,28,-2519,-2876,286
2026-05-03T11:57:11.156Z,2026-05-03 07:57:11.156,91777,29,-2532,-2875,274
2026-05-03T11:57:11.196Z,2026-05-03 07:57:11.196,91777,30,-2526,-2864,289
2026-05-03T11:57:11.236Z,2026-05-03 07:57:11.236,91777,31,-2535,-2876,287
2026-05-03T11:57:11.276Z,2026-05-03 07:57:11.276,91777,32,-2527,-2888,285
2026-05-03T11:57:11.316Z,2026-05-03 07:57:11.316,91777,33,-2526,-2882,299
2026-05-03T11:57:11.356Z,2026-05-03 07:57:11.356,91777,34,-2541,-2875,278
2026-05-03T11:57:11.396Z,2026-05-03 07:57:11.396,91777,35,-2539,-2879,295
2026-05-03T11:57:11.436Z,2026-05-03 07:57:11.436,91777,36,-2531,-2890,281
2026-05-03T11:57:11.476Z,2026-05-03 07:57:11.476,91777,37,-2520,-2865,281
2026-05-03T11:57:11.516Z,2026-05-03 07:57:11.516,91777,38,-2518,-2875,289
2026-05-03T11:57:11.556Z,2026-05-03 07:57:11.556,91777,39,-2525,-2880,287
2026-05-03T11:57:11.596Z,2026-05-03 07:57:11.596,91777,40,-2528,-2874,287
2026-05-03T11:57:11.636Z,2026-05-03 07:57:11.636,91777,41,-2530,-2880,286
2026-05-03T11:57:11.676Z,2026-05-03 07:57:11.676,91777,42,-2528,-2879,287
2026-05-03T11:57:11.716Z,2026-05-03 07:57:11.716,91777,43,-2530,-2877,290
2026-05-03T11:57:11.756Z,2026-05-03 07:57:11.756,91777,44,-2518,-2873,286
2026-05-03T11:57:11.796Z,2026-05-03 07:57:11.796,91777,45,-2535,-2875,293
2026-05-03T11:57:11.836Z,2026-05-03 07:57:11.836,91777,46,-2542,-2874,283
2026-05-03T11:57:11.876Z,2026-05-03 07:57:11.876,91777,47,-2525,-2882,294
2026-05-03T11:57:11.916Z,2026-05-03 07:57:11.916,91777,48,-2522,-2883,288
2026-05-03T11:57:11.956Z,2026-05-03 07:57:11.956,91777,49,-2533,-2875,283
2026-05-03T11:57:11.996Z,2026-05-03 07:57:11.996,91777,50,-2527,-2867,287
2026-05-03T11:57:12.036Z,2026-05-03 07:57:12.036,91777,51,-2532,-2872,302
2026-05-03T11:57:12.076Z,2026-05-03 07:57:12.076,91777,52,-2533,-2876,285
2026-05-03T11:57:12.116Z,2026-05-03 07:57:12.116,91777,53,-2529,-2883,294
2026-05-03T11:57:12.156Z,2026-05-03 07:57:12.156,91777,54,-2538,-2873,301
2026-05-03T11:57:12.196Z,2026-05-03 07:57:12.196,91777,55,-2527,-2876,280
2026-05-03T11:57:12.236Z,2026-05-03 07:57:12.236,91777,56,-2516,-2860,280
2026-05-03T11:57:12.276Z,2026-05-03 07:57:12.276,91777,57,-2523,-2876,294
2026-05-03T11:57:12.316Z,2026-05-03 07:57:12.316,91777,58,-2517,-2873,281
2026-05-03T11:57:12.356Z,2026-05-03 07:57:12.356,91777,59,-2520,-2880,285
2026-05-03T11:57:12.396Z,2026-05-03 07:57:12.396,91777,60,-2522,-2879,296
2026-05-03T11:57:12.436Z,2026-05-03 07:57:12.436,91777,61,-2531,-2867,288
2026-05-03T11:57:12.476Z,2026-05-03 07:57:12.476,91777,62,-2538,-2882,290
2026-05-03T11:57:12.516Z,2026-05-03 07:57:12.516,91777,63,-2521,-2889,292
2026-05-03T11:57:12.556Z,2026-05-03 07:57:12.556,91777,64,-2523,-2888,282
2026-05-03T11:57:12.596Z,2026-05-03 07:57:12.596,91777,65,-2536,-2890,283
2026-05-03T11:57:12.636Z,2026-05-03 07:57:12.636,91777,66,-2526,-2877,279
2026-05-03T11:57:12.676Z,2026-05-03 07:57:12.676,91777,67,-2524,-2882,283
2026-05-03T11:57:12.716Z,2026-05-03 07:57:12.716,91777,68,-2536,-2872,296
2026-05-03T11:57:12.756Z,2026-05-03 07:57:12.756,91777,69,-2521,-2884,291
2026-05-03T11:57:12.796Z,2026-05-03 07:57:12.796,91777,70,-2527,-2883,288
2026-05-03T11:57:12.836Z,2026-05-03 07:57:12.836,91777,71,-2537,-2876,287
2026-05-03T11:57:12.876Z,2026-05-03 07:57:12.876,91777,72,-2525,-2883,272
2026-05-03T11:57:12.916Z,2026-05-03 07:57:12.916,91777,73,-2531,-2872,289
2026-05-03T11:57:12.956Z,2026-05-03 07:57:12.956,91777,74,-2528,-2874,294
2026-05-03T11:57:12.996Z,2026-05-03 07:57:12.996,91777,75,-2525,-2881,295
2026-05-03T11:57:13.036Z,2026-05-03 07:57:13.036,91777,76,-2533,-2876,301
2026-05-03T11:57:13.076Z,2026-05-03 07:57:13.076,91777,77,-2534,-2879,293
2026-05-03T11:57:13.116Z,2026-05-03 07:57:13.116,91777,78,-2521,-2878,283
2026-05-03T11:57:13.156Z,2026-05-03 07:57:13.156,91777,79,-2527,-2873,289
2026-05-03T11:57:13.196Z,2026-05-03 07:57:13.196,91777,80,-2535,-2880,288
2026-05-03T11:57:13.236Z,2026-05-03 07:57:13.236,91777,81,-2531,-2878,298
2026-05-03T11:57:13.276Z,2026-05-03 07:57:13.276,91777,82,-2530,-2889,285
2026-05-03T11:57:13.316Z,2026-05-03 07:57:13.316,91777,83,-2545,-2883,292
2026-05-03T11:57:13.356Z,2026-05-03 07:57:13.356,91777,84,-2526,-2855,295
2026-05-03T11:57:13.396Z,2026-05-03 07:57:13.396,91777,85,-2529,-2880,302
2026-05-03T11:57:13.436Z,2026-05-03 07:57:13.436,91777,86,-2521,-2883,284
2026-05-03T11:57:13.476Z,2026-05-03 07:57:13.476,91777,87,-2539,-2885,286
2026-05-03T11:57:13.516Z,2026-05-03 07:57:13.516,91777,88,-2532,-2873,288
2026-05-03T11:57:13.556Z,2026-05-03 07:57:13.556,91777,89,-2527,-2888,283
2026-05-03T11:57:13.596Z,2026-05-03 07:57:13.596,91777,90,-2520,-2879,290
2026-05-03T11:57:13.636Z,2026-05-03 07:57:13.636,91777,91,-2546,-2889,274
2026-05-03T11:57:13.676Z,2026-05-03 07:57:13.676,91777,92,-2538,-2872,291
2026-05-03T11:57:13.716Z,2026-05-03 07:57:13.716,91777,93,-2539,-2884,281
2026-05-03T11:57:13.756Z,2026-05-03 07:57:13.756,91777,94,-2534,-2879,295
2026-05-03T11:57:13.796Z,2026-05-03 07:57:13.796,91777,95,-2536,-2879,301
2026-05-03T11:57:13.836Z,2026-05-03 07:57:13.836,91777,96,-2536,-2893,291
2026-05-03T11:57:13.876Z,2026-05-03 07:57:13.876,91777,97,-2524,-2883,289
2026-05-03T11:57:13.916Z,2026-05-03 07:57:13.916,91777,98,-2523,-2876,291
2026-05-03T11:57:13.956Z,2026-05-03 07:57:13.956,91777,99,-2527,-2871,303
2026-05-03T11:57:13.996Z,2026-05-03 07:57:13.996,91777,100,-2540,-2883,282
2026-05-03T11:57:14.036Z,2026-05-03 07:57:14.036,91778,1,-2523,-2877,288
2026-05-03T11:57:14.076Z,2026-05-03 07:57:14.076,91778,2,-2523,-2881,290
2026-05-03T11:57:14.116Z,2026-05-03 07:57:14.116,91778,3,-2522,-2867,272
2026-05-03T11:57:14.156Z,2026-05-03 07:57:14.156,91778,4,-2538,-2879,289
2026-05-03T11:57:14.196Z,2026-05-03 07:57:14.196,91778,5,-2536,-2876,298
2026-05-03T11:57:14.236Z,2026-05-03 07:57:14.236,91778,6,-2523,-2887,281
2026-05-03T11:57:14.276Z,2026-05-03 07:57:14.276,91778,7,-2521,-2872,299
2026-05-03T11:57:14.316Z,2026-05-03 07:57:14.316,91778,8,-2525,-2878,297
2026-05-03T11:57:14.356Z,2026-05-03 07:57:14.356,91778,9,-2523,-2879,285
2026-05-03T11:57:14.396Z,2026-05-03 07:57:14.396,91778,10,-2530,-2867,284
2026-05-03T11:57:14.436Z,2026-05-03 07:57:14.436,91778,11,-2526,-2878,288
2026-05-03T11:57:14.476Z,2026-05-03 07:57:14.476,91778,12,-2525,-2878,286
2026-05-03T11:57:14.516Z,2026-05-03 07:57:14.516,91778,13,-2525,-2875,289
2026-05-03T11:57:14.556Z,2026-05-03 07:57:14.556,91778,14,-2525,-2877,281
2026-05-03T11:57:14.596Z,2026-05-03 07:57:14.596,91778,15,-2520,-2888,288
2026-05-03T11:57:14.636Z,2026-05-03 07:57:14.636,91778,16,-2526,-2875,289
2026-05-03T11:57:14.676Z,2026-05-03 07:57:14.676,91778,17,-2521,-2888,292
2026-05-03T11:57:14.716Z,2026-05-03 07:57:14.716,91778,18,-2521,-2885,280
2026-05-03T11:57:14.756Z,2026-05-03 07:57:14.756,91778,19,-2522,-2874,294
2026-05-03T11:57:14.796Z,2026-05-03 07:57:14.796,91778,20,-2532,-2876,292
2026-05-03T11:57:14.836Z,2026-05-03 07:57:14.836,91778,21,-2530,-2880,290
2026-05-03T11:57:14.876Z,2026-05-03 07:57:14.876,91778,22,-2527,-2869,292
2026-05-03T11:57:14.916Z,2026-05-03 07:57:14.916,91778,23,-2532,-2887,286
2026-05-03T11:57:14.956Z,2026-05-03 07:57:14.956,91778,24,-2525,-2876,291
2026-05-03T11:57:14.996Z,2026-05-03 07:57:14.996,91778,25,-2523,-2880,292
2026-05-03T11:57:15.036Z,2026-05-03 07:57:15.036,91778,26,-2536,-2882,286
2026-05-03T11:57:15.076Z,2026-05-03 07:57:15.076,91778,27,-2527,-2876,278
2026-05-03T11:57:15.116Z,2026-05-03 07:57:15.116,91778,28,-2522,-2872,289
2026-05-03T11:57:15.156Z,2026-05-03 07:57:15.156,91778,29,-2532,-2873,283
2026-05-03T11:57:15.196Z,2026-05-03 07:57:15.196,91778,30,-2521,-2875,305
2026-05-03T11:57:15.236Z,2026-05-03 07:57:15.236,91778,31,-2530,-2889,290
2026-05-03T11:57:15.276Z,2026-05-03 07:57:15.276,91778,32,-2524,-2884,280
2026-05-03T11:57:15.316Z,2026-05-03 07:57:15.316,91778,33,-2522,-2861,286
2026-05-03T11:57:15.356Z,2026-05-03 07:57:15.356,91778,34,-2523,-2866,283
2026-05-03T11:57:15.396Z,2026-05-03 07:57:15.396,91778,35,-2526,-2881,294
2026-05-03T11:57:15.436Z,2026-05-03 07:57:15.436,91778,36,-2513,-2864,286
2026-05-03T11:57:15.476Z,2026-05-03 07:57:15.476,91778,37,-2542,-2875,295
2026-05-03T11:57:15.516Z,2026-05-03 07:57:15.516,91778,38,-2526,-2880,282
2026-05-03T11:57:15.556Z,2026-05-03 07:57:15.556,91778,39,-2525,-2887,283
2026-05-03T11:57:15.596Z,2026-05-03 07:57:15.596,91778,40,-2536,-2871,291
2026-05-03T11:57:15.636Z,2026-05-03 07:57:15.636,91778,41,-2537,-2879,283
2026-05-03T11:57:15.676Z,2026-05-03 07:57:15.676,91778,42,-2520,-2883,294
2026-05-03T11:57:15.716Z,2026-05-03 07:57:15.716,91778,43,-2519,-2879,292
2026-05-03T11:57:15.756Z,2026-05-03 07:57:15.756,91778,44,-2524,-2884,288
2026-05-03T11:57:15.796Z,2026-05-03 07:57:15.796,91778,45,-2522,-2886,300
2026-05-03T11:57:15.836Z,2026-05-03 07:57:15.836,91778,46,-2527,-2877,286
2026-05-03T11:57:15.876Z,2026-05-03 07:57:15.876,91778,47,-2527,-2898,284
2026-05-03T11:57:15.916Z,2026-05-03 07:57:15.916,91778,48,-2527,-2877,281
2026-05-03T11:57:15.956Z,2026-05-03 07:57:15.956,91778,49,-2526,-2880,285
2026-05-03T11:57:15.996Z,2026-05-03 07:57:15.996,91778,50,-2525,-2878,288
2026-05-03T11:57:16.036Z,2026-05-03 07:57:16.036,91778,51,-2513,-2872,296
2026-05-03T11:57:16.076Z,2026-05-03 07:57:16.076,91778,52,-2531,-2872,295
2026-05-03T11:57:16.116Z,2026-05-03 07:57:16.116,91778,53,-2518,-2879,288
2026-05-03T11:57:16.156Z,2026-05-03 07:57:16.156,91778,54,-2517,-2884,282
2026-05-03T11:57:16.196Z,2026-05-03 07:57:16.196,91778,55,-2525,-2872,285
2026-05-03T11:57:16.236Z,2026-05-03 07:57:16.236,91778,56,-2528,-2879,288
2026-05-03T11:57:16.276Z,2026-05-03 07:57:16.276,91778,57,-2524,-2877,278
2026-05-03T11:57:16.316Z,2026-05-03 07:57:16.316,91778,58,-2521,-2881,285
2026-05-03T11:57:16.356Z,2026-05-03 07:57:16.356,91778,59,-2527,-2871,287
2026-05-03T11:57:16.396Z,2026-05-03 07:57:16.396,91778,60,-2519,-2877,302
2026-05-03T11:57:16.436Z,2026-05-03 07:57:16.436,91778,61,-2521,-2889,283
2026-05-03T11:57:16.476Z,2026-05-03 07:57:16.476,91778,62,-2522,-2865,289
2026-05-03T11:57:16.516Z,2026-05-03 07:57:16.516,91778,63,-2527,-2893,297
2026-05-03T11:57:16.556Z,2026-05-03 07:57:16.556,91778,64,-2509,-2872,280
2026-05-03T11:57:16.596Z,2026-05-03 07:57:16.596,91778,65,-2527,-2880,286
2026-05-03T11:57:16.636Z,2026-05-03 07:57:16.636,91778,66,-2521,-2878,287
2026-05-03T11:57:16.676Z,2026-05-03 07:57:16.676,91778,67,-2517,-2880,284
2026-05-03T11:57:16.716Z,2026-05-03 07:57:16.716,91778,68,-2527,-2875,286
2026-05-03T11:57:16.756Z,2026-05-03 07:57:16.756,91778,69,-2524,-2880,278
2026-05-03T11:57:16.796Z,2026-05-03 07:57:16.796,91778,70,-2519,-2869,296
2026-05-03T11:57:16.836Z,2026-05-03 07:57:16.836,91778,71,-2534,-2875,280
2026-05-03T11:57:16.876Z,2026-05-03 07:57:16.876,91778,72,-2528,-2871,297
2026-05-03T11:57:16.916Z,2026-05-03 07:57:16.916,91778,73,-2539,-2875,288
2026-05-03T11:57:16.956Z,2026-05-03 07:57:16.956,91778,74,-2515,-2880,281
2026-05-03T11:57:16.996Z,2026-05-03 07:57:16.996,91778,75,-2542,-2870,284
2026-05-03T11:57:17.036Z,2026-05-03 07:57:17.036,91778,76,-2542,-2880,289
2026-05-03T11:57:17.076Z,2026-05-03 07:57:17.076,91778,77,-2535,-2871,291
2026-05-03T11:57:17.116Z,2026-05-03 07:57:17.116,91778,78,-2523,-2871,286
2026-05-03T11:57:17.156Z,2026-05-03 07:57:17.156,91778,79,-2528,-2872,283
2026-05-03T11:57:17.196Z,2026-05-03 07:57:17.196,91778,80,-2521,-2871,285
2026-05-03T11:57:17.236Z,2026-05-03 07:57:17.236,91778,81,-2524,-2876,276
2026-05-03T11:57:17.276Z,2026-05-03 07:57:17.276,91778,82,-2539,-2876,291
2026-05-03T11:57:17.316Z,2026-05-03 07:57:17.316,91778,83,-2534,-2872,278
2026-05-03T11:57:17.356Z,2026-05-03 07:57:17.356,91778,84,-2516,-2876,285
2026-05-03T11:57:17.396Z,2026-05-03 07:57:17.396,91778,85,-2534,-2874,295
2026-05-03T11:57:17.436Z,2026-05-03 07:57:17.436,91778,86,-2523,-2878,280
2026-05-03T11:57:17.476Z,2026-05-03 07:57:17.476,91778,87,-2517,-2888,290
2026-05-03T11:57:17.516Z,2026-05-03 07:57:17.516,91778,88,-2524,-2875,299
2026-05-03T11:57:17.556Z,2026-05-03 07:57:17.556,91778,89,-2526,-2872,286
2026-05-03T11:57:17.596Z,2026-05-03 07:57:17.596,91778,90,-2534,-2888,277
2026-05-03T11:57:17.636Z,2026-05-03 07:57:17.636,91778,91,-2542,-2856,285
2026-05-03T11:57:17.676Z,2026-05-03 07:57:17.676,91778,92,-2510,-2871,284
2026-05-03T11:57:17.716Z,2026-05-03 07:57:17.716,91778,93,-2529,-2871,296
2026-05-03T11:57:17.756Z,2026-05-03 07:57:17.756,91778,94,-2523,-2883,288
2026-05-03T11:57:17.796Z,2026-05-03 07:57:17.796,91778,95,-2517,-2886,286
2026-05-03T11:57:17.836Z,2026-05-03 07:57:17.836,91778,96,-2528,-2898,289
2026-05-03T11:57:17.876Z,2026-05-03 07:57:17.876,91778,97,-2527,-2860,285
2026-05-03T11:57:17.916Z,2026-05-03 07:57:17.916,91778,98,-2524,-2873,295
2026-05-03T11:57:17.956Z,2026-05-03 07:57:17.956,91778,99,-2519,-2884,289
2026-05-03T11:57:17.996Z,2026-05-03 07:57:17.996,91778,100,-2534,-2880,281
2026-05-03T11:57:18.036Z,2026-05-03 07:57:18.036,91779,1,-2517,-2863,296
2026-05-03T11:57:18.076Z,2026-05-03 07:57:18.076,91779,2,-2528,-2872,291
2026-05-03T11:57:18.116Z,2026-05-03 07:57:18.116,91779,3,-2541,-2867,291
2026-05-03T11:57:18.156Z,2026-05-03 07:57:18.156,91779,4,-2535,-2875,302
2026-05-03T11:57:18.196Z,2026-05-03 07:57:18.196,91779,5,-2519,-2877,293
2026-05-03T11:57:18.236Z,2026-05-03 07:57:18.236,91779,6,-2521,-2878,291
2026-05-03T11:57:18.276Z,2026-05-03 07:57:18.276,91779,7,-2517,-2884,295
2026-05-03T11:57:18.316Z,2026-05-03 07:57:18.316,91779,8,-2526,-2880,297
2026-05-03T11:57:18.356Z,2026-05-03 07:57:18.356,91779,9,-2526,-2880,286
2026-05-03T11:57:18.396Z,2026-05-03 07:57:18.396,91779,10,-2523,-2874,285
2026-05-03T11:57:18.436Z,2026-05-03 07:57:18.436,91779,11,-2528,-2876,288
2026-05-03T11:57:18.476Z,2026-05-03 07:57:18.476,91779,12,-2525,-2883,293
2026-05-03T11:57:18.516Z,2026-05-03 07:57:18.516,91779,13,-2526,-2875,291
2026-05-03T11:57:18.556Z,2026-05-03 07:57:18.556,91779,14,-2522,-2876,293
2026-05-03T11:57:18.596Z,2026-05-03 07:57:18.596,91779,15,-2520,-2880,288
2026-05-03T11:57:18.636Z,2026-05-03 07:57:18.636,91779,16,-2528,-2867,297
2026-05-03T11:57:18.676Z,2026-05-03 07:57:18.676,91779,17,-2523,-2872,286
2026-05-03T11:57:18.716Z,2026-05-03 07:57:18.716,91779,18,-2534,-2884,292
2026-05-03T11:57:18.756Z,2026-05-03 07:57:18.756,91779,19,-2534,-2875,290
2026-05-03T11:57:18.796Z,2026-05-03 07:57:18.796,91779,20,-2525,-2868,283
2026-05-03T11:57:18.836Z,2026-05-03 07:57:18.836,91779,21,-2525,-2882,292
2026-05-03T11:57:18.876Z,2026-05-03 07:57:18.876,91779,22,-2527,-2879,290
2026-05-03T11:57:18.916Z,2026-05-03 07:57:18.916,91779,23,-2531,-2891,288
2026-05-03T11:57:18.956Z,2026-05-03 07:57:18.956,91779,24,-2523,-2876,294
2026-05-03T11:57:18.996Z,2026-05-03 07:57:18.996,91779,25,-2531,-2879,285
2026-05-03T11:57:19.036Z,2026-05-03 07:57:19.036,91779,26,-2521,-2885,295
2026-05-03T11:57:19.076Z,2026-05-03 07:57:19.076,91779,27,-2527,-2877,282
2026-05-03T11:57:19.116Z,2026-05-03 07:57:19.116,91779,28,-2512,-2890,285
2026-05-03T11:57:19.156Z,2026-05-03 07:57:19.156,91779,29,-2528,-2878,299
2026-05-03T11:57:19.196Z,2026-05-03 07:57:19.196,91779,30,-2536,-2867,288
2026-05-03T11:57:19.236Z,2026-05-03 07:57:19.236,91779,31,-2534,-2876,280
2026-05-03T11:57:19.276Z,2026-05-03 07:57:19.276,91779,32,-2537,-2876,288
2026-05-03T11:57:19.316Z,2026-05-03 07:57:19.316,91779,33,-2530,-2878,289
2026-05-03T11:57:19.356Z,2026-05-03 07:57:19.356,91779,34,-2533,-2868,279
2026-05-03T11:57:19.396Z,2026-05-03 07:57:19.396,91779,35,-2521,-2876,283
2026-05-03T11:57:19.436Z,2026-05-03 07:57:19.436,91779,36,-2525,-2881,295
2026-05-03T11:57:19.476Z,2026-05-03 07:57:19.476,91779,37,-2521,-2888,292
2026-05-03T11:57:19.516Z,2026-05-03 07:57:19.516,91779,38,-2528,-2871,286
2026-05-03T11:57:19.556Z,2026-05-03 07:57:19.556,91779,39,-2526,-2876,295
2026-05-03T11:57:19.596Z,2026-05-03 07:57:19.596,91779,40,-2516,-2887,281
2026-05-03T11:57:19.636Z,2026-05-03 07:57:19.636,91779,41,-2529,-2867,291
2026-05-03T11:57:19.676Z,2026-05-03 07:57:19.676,91779,42,-2529,-2878,280
2026-05-03T11:57:19.716Z,2026-05-03 07:57:19.716,91779,43,-2516,-2891,278
2026-05-03T11:57:19.756Z,2026-05-03 07:57:19.756,91779,44,-2521,-2869,279
2026-05-03T11:57:19.796Z,2026-05-03 07:57:19.796,91779,45,-2530,-2884,289
2026-05-03T11:57:19.836Z,2026-05-03 07:57:19.836,91779,46,-2516,-2879,294
2026-05-03T11:57:19.876Z,2026-05-03 07:57:19.876,91779,47,-2520,-2878,278
2026-05-03T11:57:19.916Z,2026-05-03 07:57:19.916,91779,48,-2528,-2867,294
2026-05-03T11:57:19.956Z,2026-05-03 07:57:19.956,91779,49,-2532,-2879,293
2026-05-03T11:57:19.996Z,2026-05-03 07:57:19.996,91779,50,-2532,-2876,292
2026-05-03T11:57:20.036Z,2026-05-03 07:57:20.036,91779,51,-2512,-2876,293
2026-05-03T11:57:20.076Z,2026-05-03 07:57:20.076,91779,52,-2529,-2879,291
2026-05-03T11:57:20.116Z,2026-05-03 07:57:20.116,91779,53,-2520,-2874,286
2026-05-03T11:57:20.156Z,2026-05-03 07:57:20.156,91779,54,-2538,-2871,291
2026-05-03T11:57:20.196Z,2026-05-03 07:57:20.196,91779,55,-2518,-2881,286
2026-05-03T11:57:20.236Z,2026-05-03 07:57:20.236,91779,56,-2533,-2882,288
2026-05-03T11:57:20.276Z,2026-05-03 07:57:20.276,91779,57,-2525,-2872,283
2026-05-03T11:57:20.316Z,2026-05-03 07:57:20.316,91779,58,-2531,-2880,290
2026-05-03T11:57:20.356Z,2026-05-03 07:57:20.356,91779,59,-2524,-2872,290
2026-05-03T11:57:20.396Z,2026-05-03 07:57:20.396,91779,60,-2518,-2887,286
2026-05-03T11:57:20.436Z,2026-05-03 07:57:20.436,91779,61,-2528,-2873,293
2026-05-03T11:57:20.476Z,2026-05-03 07:57:20.476,91779,62,-2537,-2873,288
2026-05-03T11:57:20.516Z,2026-05-03 07:57:20.516,91779,63,-2532,-2881,291
2026-05-03T11:57:20.556Z,2026-05-03 07:57:20.556,91779,64,-2526,-2875,282
2026-05-03T11:57:20.596Z,2026-05-03 07:57:20.596,91779,65,-2527,-2876,272
2026-05-03T11:57:20.636Z,2026-05-03 07:57:20.636,91779,66,-2526,-2879,283
2026-05-03T11:57:20.676Z,2026-05-03 07:57:20.676,91779,67,-2527,-2875,286
2026-05-03T11:57:20.716Z,2026-05-03 07:57:20.716,91779,68,-2521,-2886,289
2026-05-03T11:57:20.756Z,2026-05-03 07:57:20.756,91779,69,-2511,-2873,280
2026-05-03T11:57:20.796Z,2026-05-03 07:57:20.796,91779,70,-2520,-2887,291
2026-05-03T11:57:20.836Z,2026-05-03 07:57:20.836,91779,71,-2530,-2891,292
2026-05-03T11:57:20.876Z,2026-05-03 07:57:20.876,91779,72,-2522,-2887,290
2026-05-03T11:57:20.916Z,2026-05-03 07:57:20.916,91779,73,-2528,-2876,293
2026-05-03T11:57:20.956Z,2026-05-03 07:57:20.956,91779,74,-2536,-2865,287
2026-05-03T11:57:20.996Z,2026-05-03 07:57:20.996,91779,75,-2524,-2874,291
2026-05-03T11:57:21.036Z,2026-05-03 07:57:21.036,91779,76,-2533,-2883,284
2026-05-03T11:57:21.076Z,2026-05-03 07:57:21.076,91779,77,-2515,-2875,289
2026-05-03T11:57:21.116Z,2026-05-03 07:57:21.116,91779,78,-2532,-2873,295
2026-05-03T11:57:21.156Z,2026-05-03 07:57:21.156,91779,79,-2532,-2872,293
2026-05-03T11:57:21.196Z,2026-05-03 07:57:21.196,91779,80,-2531,-2867,292
2026-05-03T11:57:21.236Z,2026-05-03 07:57:21.236,91779,81,-2536,-2870,289
2026-05-03T11:57:21.276Z,2026-05-03 07:57:21.276,91779,82,-2530,-2866,287
2026-05-03T11:57:21.316Z,2026-05-03 07:57:21.316,91779,83,-2523,-2868,298
2026-05-03T11:57:21.356Z,2026-05-03 07:57:21.356,91779,84,-2526,-2877,290
2026-05-03T11:57:21.396Z,2026-05-03 07:57:21.396,91779,85,-2520,-2884,283
2026-05-03T11:57:21.436Z,2026-05-03 07:57:21.436,91779,86,-2521,-2884,293
2026-05-03T11:57:21.476Z,2026-05-03 07:57:21.476,91779,87,-2537,-2864,289
2026-05-03T11:57:21.516Z,2026-05-03 07:57:21.516,91779,88,-2530,-2874,285
2026-05-03T11:57:21.556Z,2026-05-03 07:57:21.556,91779,89,-2523,-2885,288
2026-05-03T11:57:21.596Z,2026-05-03 07:57:21.596,91779,90,-2523,-2859,291
2026-05-03T11:57:21.636Z,2026-05-03 07:57:21.636,91779,91,-2523,-2880,285
2026-05-03T11:57:21.676Z,2026-05-03 07:57:21.676,91779,92,-2518,-2883,287
2026-05-03T11:57:21.716Z,2026-05-03 07:57:21.716,91779,93,-2526,-2879,283
2026-05-03T11:57:21.756Z,2026-05-03 07:57:21.756,91779,94,-2539,-2880,301
2026-05-03T11:57:21.796Z,2026-05-03 07:57:21.796,91779,95,-2526,-2872,289
2026-05-03T11:57:21.836Z,2026-05-03 07:57:21.836,91779,96,-2528,-2880,288
2026-05-03T11:57:21.876Z,2026-05-03 07:57:21.876,91779,97,-2528,-2873,283
2026-05-03T11:57:21.916Z,2026-05-03 07:57:21.916,91779,98,-2528,-2871,296
2026-05-03T11:57:21.956Z,2026-05-03 07:57:21.956,91779,99,-2538,-2871,292
2026-05-03T11:57:21.996Z,2026-05-03 07:57:21.996,91779,100,-2525,-2867,283
2026-05-03T11:57:22.036Z,2026-05-03 07:57:22.036,91780,1,-2530,-2886,295
2026-05-03T11:57:22.076Z,2026-05-03 07:57:22.076,91780,2,-2521,-2876,300
2026-05-03T11:57:22.116Z,2026-05-03 07:57:22.116,91780,3,-2530,-2887,284
2026-05-03T11:57:22.156Z,2026-05-03 07:57:22.156,91780,4,-2525,-2871,289
2026-05-03T11:57:22.196Z,2026-05-03 07:57:22.196,91780,5,-2525,-2863,297
2026-05-03T11:57:22.236Z,2026-05-03 07:57:22.236,91780,6,-2538,-2872,288
2026-05-03T11:57:22.276Z,2026-05-03 07:57:22.276,91780,7,-2537,-2882,287
2026-05-03T11:57:22.316Z,2026-05-03 07:57:22.316,91780,8,-2535,-2877,288
2026-05-03T11:57:22.356Z,2026-05-03 07:57:22.356,91780,9,-2534,-2875,289
2026-05-03T11:57:22.396Z,2026-05-03 07:57:22.396,91780,10,-2525,-2876,284
2026-05-03T11:57:22.436Z,2026-05-03 07:57:22.436,91780,11,-2526,-2880,270
2026-05-03T11:57:22.476Z,2026-05-03 07:57:22.476,91780,12,-2539,-2876,280
2026-05-03T11:57:22.516Z,2026-05-03 07:57:22.516,91780,13,-2529,-2873,283
2026-05-03T11:57:22.556Z,2026-05-03 07:57:22.556,91780,14,-2530,-2878,279
2026-05-03T11:57:22.596Z,2026-05-03 07:57:22.596,91780,15,-2524,-2867,288
2026-05-03T11:57:22.636Z,2026-05-03 07:57:22.636,91780,16,-2523,-2883,280
2026-05-03T11:57:22.676Z,2026-05-03 07:57:22.676,91780,17,-2522,-2880,284
2026-05-03T11:57:22.716Z,2026-05-03 07:57:22.716,91780,18,-2531,-2871,292
2026-05-03T11:57:22.756Z,2026-05-03 07:57:22.756,91780,19,-2517,-2874,286
2026-05-03T11:57:22.796Z,2026-05-03 07:57:22.796,91780,20,-2524,-2872,291
2026-05-03T11:57:22.836Z,2026-05-03 07:57:22.836,91780,21,-2524,-2875,289
2026-05-03T11:57:22.876Z,2026-05-03 07:57:22.876,91780,22,-2528,-2876,279
2026-05-03T11:57:22.916Z,2026-05-03 07:57:22.916,91780,23,-2520,-2880,288
2026-05-03T11:57:22.956Z,2026-05-03 07:57:22.956,91780,24,-2527,-2880,291
2026-05-03T11:57:22.996Z,2026-05-03 07:57:22.996,91780,25,-2533,-2883,284
2026-05-03T11:57:23.036Z,2026-05-03 07:57:23.036,91780,26,-2535,-2884,295
2026-05-03T11:57:23.076Z,2026-05-03 07:57:23.076,91780,27,-2537,-2883,278
2026-05-03T11:57:23.116Z,2026-05-03 07:57:23.116,91780,28,-2525,-2872,295
2026-05-03T11:57:23.156Z,2026-05-03 07:57:23.156,91780,29,-2526,-2874,284
2026-05-03T11:57:23.196Z,2026-05-03 07:57:23.196,91780,30,-2537,-2877,287
2026-05-03T11:57:23.236Z,2026-05-03 07:57:23.236,91780,31,-2533,-2886,281
2026-05-03T11:57:23.276Z,2026-05-03 07:57:23.276,91780,32,-2518,-2875,281
2026-05-03T11:57:23.316Z,2026-05-03 07:57:23.316,91780,33,-2531,-2876,279
2026-05-03T11:57:23.356Z,2026-05-03 07:57:23.356,91780,34,-2533,-2871,287
2026-05-03T11:57:23.396Z,2026-05-03 07:57:23.396,91780,35,-2529,-2884,296
2026-05-03T11:57:23.436Z,2026-05-03 07:57:23.436,91780,36,-2535,-2868,286
2026-05-03T11:57:23.476Z,2026-05-03 07:57:23.476,91780,37,-2530,-2877,289
2026-05-03T11:57:23.516Z,2026-05-03 07:57:23.516,91780,38,-2527,-2879,288
2026-05-03T11:57:23.556Z,2026-05-03 07:57:23.556,91780,39,-2524,-2879,297
2026-05-03T11:57:23.596Z,2026-05-03 07:57:23.596,91780,40,-2535,-2876,286
2026-05-03T11:57:23.636Z,2026-05-03 07:57:23.636,91780,41,-2527,-2863,288
2026-05-03T11:57:23.676Z,2026-05-03 07:57:23.676,91780,42,-2521,-2877,284
2026-05-03T11:57:23.716Z,2026-05-03 07:57:23.716,91780,43,-2530,-2879,288
2026-05-03T11:57:23.756Z,2026-05-03 07:57:23.756,91780,44,-2525,-2872,295
2026-05-03T11:57:23.796Z,2026-05-03 07:57:23.796,91780,45,-2530,-2871,304
2026-05-03T11:57:23.836Z,2026-05-03 07:57:23.836,91780,46,-2532,-2873,290
2026-05-03T11:57:23.876Z,2026-05-03 07:57:23.876,91780,47,-2530,-2876,295
2026-05-03T11:57:23.916Z,2026-05-03 07:57:23.916,91780,48,-2519,-2862,301
2026-05-03T11:57:23.956Z,2026-05-03 07:57:23.956,91780,49,-2524,-2871,287
2026-05-03T11:57:23.996Z,2026-05-03 07:57:23.996,91780,50,-2540,-2867,281
2026-05-03T11:57:24.036Z,2026-05-03 07:57:24.036,91780,51,-2528,-2891,287
2026-05-03T11:57:24.076Z,2026-05-03 07:57:24.076,91780,52,-2540,-2875,295
2026-05-03T11:57:24.116Z,2026-05-03 07:57:24.116,91780,53,-2531,-2876,291
2026-05-03T11:57:24.156Z,2026-05-03 07:57:24.156,91780,54,-2535,-2875,297
2026-05-03T11:57:24.196Z,2026-05-03 07:57:24.196,91780,55,-2534,-2879,292
2026-05-03T11:57:24.236Z,2026-05-03 07:57:24.236,91780,56,-2519,-2883,284
2026-05-03T11:57:24.276Z,2026-05-03 07:57:24.276,91780,57,-2527,-2877,288
2026-05-03T11:57:24.316Z,2026-05-03 07:57:24.316,91780,58,-2528,-2875,296
2026-05-03T11:57:24.356Z,2026-05-03 07:57:24.356,91780,59,-2524,-2879,285
2026-05-03T11:57:24.396Z,2026-05-03 07:57:24.396,91780,60,-2532,-2882,296
2026-05-03T11:57:24.436Z,2026-05-03 07:57:24.436,91780,61,-2525,-2875,291
2026-05-03T11:57:24.476Z,2026-05-03 07:57:24.476,91780,62,-2525,-2876,281
2026-05-03T11:57:24.516Z,2026-05-03 07:57:24.516,91780,63,-2531,-2876,295
2026-05-03T11:57:24.556Z,2026-05-03 07:57:24.556,91780,64,-2525,-2867,299
2026-05-03T11:57:24.596Z,2026-05-03 07:57:24.596,91780,65,-2530,-2883,292
2026-05-03T11:57:24.636Z,2026-05-03 07:57:24.636,91780,66,-2532,-2870,284
2026-05-03T11:57:24.676Z,2026-05-03 07:57:24.676,91780,67,-2523,-2882,280
2026-05-03T11:57:24.716Z,2026-05-03 07:57:24.716,91780,68,-2533,-2875,283
2026-05-03T11:57:24.756Z,2026-05-03 07:57:24.756,91780,69,-2527,-2875,295
2026-05-03T11:57:24.796Z,2026-05-03 07:57:24.796,91780,70,-2528,-2872,280
2026-05-03T11:57:24.836Z,2026-05-03 07:57:24.836,91780,71,-2530,-2875,283
2026-05-03T11:57:24.876Z,2026-05-03 07:57:24.876,91780,72,-2527,-2872,290
2026-05-03T11:57:24.916Z,2026-05-03 07:57:24.916,91780,73,-2527,-2875,294
2026-05-03T11:57:24.956Z,2026-05-03 07:57:24.956,91780,74,-2528,-2876,280
2026-05-03T11:57:24.996Z,2026-05-03 07:57:24.996,91780,75,-2518,-2884,286
2026-05-03T11:57:25.036Z,2026-05-03 07:57:25.036,91780,76,-2538,-2884,296
2026-05-03T11:57:25.076Z,2026-05-03 07:57:25.076,91780,77,-2511,-2885,290
2026-05-03T11:57:25.116Z,2026-05-03 07:57:25.116,91780,78,-2526,-2867,300
2026-05-03T11:57:25.156Z,2026-05-03 07:57:25.156,91780,79,-2527,-2884,307
2026-05-03T11:57:25.196Z,2026-05-03 07:57:25.196,91780,80,-2527,-2884,278
2026-05-03T11:57:25.236Z,2026-05-03 07:57:25.236,91780,81,-2520,-2870,282
2026-05-03T11:57:25.276Z,2026-05-03 07:57:25.276,91780,82,-2527,-2876,276
2026-05-03T11:57:25.316Z,2026-05-03 07:57:25.316,91780,83,-2534,-2874,295
2026-05-03T11:57:25.356Z,2026-05-03 07:57:25.356,91780,84,-2526,-2883,307
2026-05-03T11:57:25.396Z,2026-05-03 07:57:25.396,91780,85,-2523,-2875,289
2026-05-03T11:57:25.436Z,2026-05-03 07:57:25.436,91780,86,-2530,-2873,294
2026-05-03T11:57:25.476Z,2026-05-03 07:57:25.476,91780,87,-2534,-2880,278
2026-05-03T11:57:25.516Z,2026-05-03 07:57:25.516,91780,88,-2530,-2863,282
2026-05-03T11:57:25.556Z,2026-05-03 07:57:25.556,91780,89,-2515,-2882,281
2026-05-03T11:57:25.596Z,2026-05-03 07:57:25.596,91780,90,-2532,-2879,292
2026-05-03T11:57:25.636Z,2026-05-03 07:57:25.636,91780,91,-2527,-2876,296
2026-05-03T11:57:25.676Z,2026-05-03 07:57:25.676,91780,92,-2530,-2865,281
2026-05-03T11:57:25.716Z,2026-05-03 07:57:25.716,91780,93,-2524,-2880,292
2026-05-03T11:57:25.756Z,2026-05-03 07:57:25.756,91780,94,-2529,-2867,289
2026-05-03T11:57:25.796Z,2026-05-03 07:57:25.796,91780,95,-2522,-2881,291
2026-05-03T11:57:25.836Z,2026-05-03 07:57:25.836,91780,96,-2533,-2883,283
2026-05-03T11:57:25.876Z,2026-05-03 07:57:25.876,91780,97,-2530,-2877,292
2026-05-03T11:57:25.916Z,2026-05-03 07:57:25.916,91780,98,-2537,-2871,290
2026-05-03T11:57:25.956Z,2026-05-03 07:57:25.956,91780,99,-2530,-2880,272
2026-05-03T11:57:25.996Z,2026-05-03 07:57:25.996,91780,100,-2530,-2884,282
2026-05-03T11:57:26.036Z,2026-05-03 07:57:26.036,91781,1,-2533,-2881,282
2026-05-03T11:57:26.076Z,2026-05-03 07:57:26.076,91781,2,-2521,-2864,284
2026-05-03T11:57:26.116Z,2026-05-03 07:57:26.116,91781,3,-2525,-2879,295
2026-05-03T11:57:26.156Z,2026-05-03 07:57:26.156,91781,4,-2528,-2880,275
2026-05-03T11:57:26.196Z,2026-05-03 07:57:26.196,91781,5,-2525,-2880,282
2026-05-03T11:57:26.236Z,2026-05-03 07:57:26.236,91781,6,-2525,-2892,300
2026-05-03T11:57:26.276Z,2026-05-03 07:57:26.276,91781,7,-2537,-2888,289
2026-05-03T11:57:26.316Z,2026-05-03 07:57:26.316,91781,8,-2530,-2879,290
2026-05-03T11:57:26.356Z,2026-05-03 07:57:26.356,91781,9,-2531,-2868,290
2026-05-03T11:57:26.396Z,2026-05-03 07:57:26.396,91781,10,-2519,-2872,301
2026-05-03T11:57:26.436Z,2026-05-03 07:57:26.436,91781,11,-2532,-2879,280
2026-05-03T11:57:26.476Z,2026-05-03 07:57:26.476,91781,12,-2524,-2875,278
2026-05-03T11:57:26.516Z,2026-05-03 07:57:26.516,91781,13,-2537,-2859,289
2026-05-03T11:57:26.556Z,2026-05-03 07:57:26.556,91781,14,-2525,-2885,289
2026-05-03T11:57:26.596Z,2026-05-03 07:57:26.596,91781,15,-2527,-2879,286
2026-05-03T11:57:26.636Z,2026-05-03 07:57:26.636,91781,16,-2523,-2875,275
2026-05-03T11:57:26.676Z,2026-05-03 07:57:26.676,91781,17,-2522,-2879,295
2026-05-03T11:57:26.716Z,2026-05-03 07:57:26.716,91781,18,-2521,-2867,299
2026-05-03T11:57:26.756Z,2026-05-03 07:57:26.756,91781,19,-2537,-2872,292
2026-05-03T11:57:26.796Z,2026-05-03 07:57:26.796,91781,20,-2535,-2872,290
2026-05-03T11:57:26.836Z,2026-05-03 07:57:26.836,91781,21,-2539,-2890,287
2026-05-03T11:57:26.876Z,2026-05-03 07:57:26.876,91781,22,-2521,-2866,294
2026-05-03T11:57:26.916Z,2026-05-03 07:57:26.916,91781,23,-2529,-2879,288
2026-05-03T11:57:26.956Z,2026-05-03 07:57:26.956,91781,24,-2518,-2866,292
2026-05-03T11:57:26.996Z,2026-05-03 07:57:26.996,91781,25,-2523,-2865,292
2026-05-03T11:57:27.036Z,2026-05-03 07:57:27.036,91781,26,-2522,-2871,288
2026-05-03T11:57:27.076Z,2026-05-03 07:57:27.076,91781,27,-2528,-2871,273
2026-05-03T11:57:27.116Z,2026-05-03 07:57:27.116,91781,28,-2527,-2879,276
2026-05-03T11:57:27.156Z,2026-05-03 07:57:27.156,91781,29,-2527,-2880,303
2026-05-03T11:57:27.196Z,2026-05-03 07:57:27.196,91781,30,-2518,-2880,284
2026-05-03T11:57:27.236Z,2026-05-03 07:57:27.236,91781,31,-2518,-2884,279
2026-05-03T11:57:27.276Z,2026-05-03 07:57:27.276,91781,32,-2535,-2867,283
2026-05-03T11:57:27.316Z,2026-05-03 07:57:27.316,91781,33,-2539,-2879,294
2026-05-03T11:57:27.356Z,2026-05-03 07:57:27.356,91781,34,-2522,-2872,295
2026-05-03T11:57:27.396Z,2026-05-03 07:57:27.396,91781,35,-2525,-2863,289
2026-05-03T11:57:27.436Z,2026-05-03 07:57:27.436,91781,36,-2528,-2868,286
2026-05-03T11:57:27.476Z,2026-05-03 07:57:27.476,91781,37,-2527,-2872,289
2026-05-03T11:57:27.516Z,2026-05-03 07:57:27.516,91781,38,-2526,-2872,294
2026-05-03T11:57:27.556Z,2026-05-03 07:57:27.556,91781,39,-2526,-2882,285
2026-05-03T11:57:27.596Z,2026-05-03 07:57:27.596,91781,40,-2526,-2880,275
2026-05-03T11:57:27.636Z,2026-05-03 07:57:27.636,91781,41,-2529,-2876,278
2026-05-03T11:57:27.676Z,2026-05-03 07:57:27.676,91781,42,-2521,-2864,278
2026-05-03T11:57:27.716Z,2026-05-03 07:57:27.716,91781,43,-2514,-2871,291
2026-05-03T11:57:27.756Z,2026-05-03 07:57:27.756,91781,44,-2528,-2880,272
2026-05-03T11:57:27.796Z,2026-05-03 07:57:27.796,91781,45,-2526,-2872,297
2026-05-03T11:57:27.836Z,2026-05-03 07:57:27.836,91781,46,-2534,-2888,291
2026-05-03T11:57:27.876Z,2026-05-03 07:57:27.876,91781,47,-2536,-2873,284
2026-05-03T11:57:27.916Z,2026-05-03 07:57:27.916,91781,48,-2531,-2879,294
2026-05-03T11:57:27.956Z,2026-05-03 07:57:27.956,91781,49,-2533,-2867,286
2026-05-03T11:57:27.996Z,2026-05-03 07:57:27.996,91781,50,-2525,-2874,294
2026-05-03T11:57:28.036Z,2026-05-03 07:57:28.036,91781,51,-2516,-2880,291
2026-05-03T11:57:28.076Z,2026-05-03 07:57:28.076,91781,52,-2517,-2876,295
2026-05-03T11:57:28.116Z,2026-05-03 07:57:28.116,91781,53,-2524,-2887,275
2026-05-03T11:57:28.156Z,2026-05-03 07:57:28.156,91781,54,-2529,-2874,273
2026-05-03T11:57:28.196Z,2026-05-03 07:57:28.196,91781,55,-2528,-2872,297
2026-05-03T11:57:28.236Z,2026-05-03 07:57:28.236,91781,56,-2521,-2887,290
2026-05-03T11:57:28.276Z,2026-05-03 07:57:28.276,91781,57,-2518,-2870,281
2026-05-03T11:57:28.316Z,2026-05-03 07:57:28.316,91781,58,-2527,-2875,295
2026-05-03T11:57:28.356Z,2026-05-03 07:57:28.356,91781,59,-2523,-2883,284
2026-05-03T11:57:28.396Z,2026-05-03 07:57:28.396,91781,60,-2529,-2863,295
2026-05-03T11:57:28.436Z,2026-05-03 07:57:28.436,91781,61,-2527,-2878,297
2026-05-03T11:57:28.476Z,2026-05-03 07:57:28.476,91781,62,-2521,-2880,289
2026-05-03T11:57:28.516Z,2026-05-03 07:57:28.516,91781,63,-2520,-2884,287
2026-05-03T11:57:28.556Z,2026-05-03 07:57:28.556,91781,64,-2534,-2882,288
2026-05-03T11:57:28.596Z,2026-05-03 07:57:28.596,91781,65,-2519,-2872,281
2026-05-03T11:57:28.636Z,2026-05-03 07:57:28.636,91781,66,-2532,-2876,284
2026-05-03T11:57:28.676Z,2026-05-03 07:57:28.676,91781,67,-2523,-2869,283
2026-05-03T11:57:28.716Z,2026-05-03 07:57:28.716,91781,68,-2522,-2871,283
2026-05-03T11:57:28.756Z,2026-05-03 07:57:28.756,91781,69,-2530,-2884,289
2026-05-03T11:57:28.796Z,2026-05-03 07:57:28.796,91781,70,-2540,-2880,290
2026-05-03T11:57:28.836Z,2026-05-03 07:57:28.836,91781,71,-2516,-2887,295
2026-05-03T11:57:28.876Z,2026-05-03 07:57:28.876,91781,72,-2537,-2882,282
2026-05-03T11:57:28.916Z,2026-05-03 07:57:28.916,91781,73,-2528,-2890,290
2026-05-03T11:57:28.956Z,2026-05-03 07:57:28.956,91781,74,-2534,-2875,280
2026-05-03T11:57:28.996Z,2026-05-03 07:57:28.996,91781,75,-2521,-2888,291
2026-05-03T11:57:29.036Z,2026-05-03 07:57:29.036,91781,76,-2521,-2874,288
2026-05-03T11:57:29.076Z,2026-05-03 07:57:29.076,91781,77,-2527,-2887,296
2026-05-03T11:57:29.116Z,2026-05-03 07:57:29.116,91781,78,-2525,-2873,280
2026-05-03T11:57:29.156Z,2026-05-03 07:57:29.156,91781,79,-2523,-2872,282
2026-05-03T11:57:29.196Z,2026-05-03 07:57:29.196,91781,80,-2511,-2869,293
2026-05-03T11:57:29.236Z,2026-05-03 07:57:29.236,91781,81,-2511,-2879,291
2026-05-03T11:57:29.276Z,2026-05-03 07:57:29.276,91781,82,-2535,-2881,284
2026-05-03T11:57:29.316Z,2026-05-03 07:57:29.316,91781,83,-2530,-2872,281
2026-05-03T11:57:29.356Z,2026-05-03 07:57:29.356,91781,84,-2520,-2876,295
2026-05-03T11:57:29.396Z,2026-05-03 07:57:29.396,91781,85,-2532,-2877,294
2026-05-03T11:57:29.436Z,2026-05-03 07:57:29.436,91781,86,-2534,-2888,288
2026-05-03T11:57:29.476Z,2026-05-03 07:57:29.476,91781,87,-2537,-2876,274
2026-05-03T11:57:29.516Z,2026-05-03 07:57:29.516,91781,88,-2528,-2864,277
2026-05-03T11:57:29.556Z,2026-05-03 07:57:29.556,91781,89,-2527,-2876,283
2026-05-03T11:57:29.596Z,2026-05-03 07:57:29.596,91781,90,-2523,-2864,289
2026-05-03T11:57:29.636Z,2026-05-03 07:57:29.636,91781,91,-2535,-2873,287
2026-05-03T11:57:29.676Z,2026-05-03 07:57:29.676,91781,92,-2533,-2878,290
2026-05-03T11:57:29.716Z,2026-05-03 07:57:29.716,91781,93,-2530,-2877,294
2026-05-03T11:57:29.756Z,2026-05-03 07:57:29.756,91781,94,-2528,-2884,293
2026-05-03T11:57:29.796Z,2026-05-03 07:57:29.796,91781,95,-2536,-2875,279
2026-05-03T11:57:29.836Z,2026-05-03 07:57:29.836,91781,96,-2531,-2881,291
2026-05-03T11:57:29.876Z,2026-05-03 07:57:29.876,91781,97,-2515,-2876,274
2026-05-03T11:57:29.916Z,2026-05-03 07:57:29.916,91781,98,-2530,-2879,278
2026-05-03T11:57:29.956Z,2026-05-03 07:57:29.956,91781,99,-2533,-2875,279
2026-05-03T11:57:29.996Z,2026-05-03 07:57:29.996,91781,100,-2532,-2894,293
2026-05-03T11:57:30.036Z,2026-05-03 07:57:30.036,91782,1,-2524,-2875,292
2026-05-03T11:57:30.076Z,2026-05-03 07:57:30.076,91782,2,-2532,-2882,306
2026-05-03T11:57:30.116Z,2026-05-03 07:57:30.116,91782,3,-2522,-2879,282
2026-05-03T11:57:30.156Z,2026-05-03 07:57:30.156,91782,4,-2528,-2891,287
2026-05-03T11:57:30.196Z,2026-05-03 07:57:30.196,91782,5,-2528,-2892,274
2026-05-03T11:57:30.236Z,2026-05-03 07:57:30.236,91782,6,-2522,-2872,289
2026-05-03T11:57:30.276Z,2026-05-03 07:57:30.276,91782,7,-2533,-2875,283
2026-05-03T11:57:30.316Z,2026-05-03 07:57:30.316,91782,8,-2520,-2874,276
2026-05-03T11:57:30.356Z,2026-05-03 07:57:30.356,91782,9,-2536,-2879,283
2026-05-03T11:57:30.396Z,2026-05-03 07:57:30.396,91782,10,-2530,-2879,294
2026-05-03T11:57:30.436Z,2026-05-03 07:57:30.436,91782,11,-2527,-2870,280
2026-05-03T11:57:30.476Z,2026-05-03 07:57:30.476,91782,12,-2531,-2878,279
2026-05-03T11:57:30.516Z,2026-05-03 07:57:30.516,91782,13,-2521,-2880,290
2026-05-03T11:57:30.556Z,2026-05-03 07:57:30.556,91782,14,-2520,-2872,288
2026-05-03T11:57:30.596Z,2026-05-03 07:57:30.596,91782,15,-2530,-2879,294
2026-05-03T11:57:30.636Z,2026-05-03 07:57:30.636,91782,16,-2520,-2881,289
2026-05-03T11:57:30.676Z,2026-05-03 07:57:30.676,91782,17,-2509,-2875,274
2026-05-03T11:57:30.716Z,2026-05-03 07:57:30.716,91782,18,-2532,-2863,295
2026-05-03T11:57:30.756Z,2026-05-03 07:57:30.756,91782,19,-2536,-2887,284
2026-05-03T11:57:30.796Z,2026-05-03 07:57:30.796,91782,20,-2541,-2868,296
2026-05-03T11:57:30.836Z,2026-05-03 07:57:30.836,91782,21,-2520,-2879,287
2026-05-03T11:57:30.876Z,2026-05-03 07:57:30.876,91782,22,-2533,-2871,276
2026-05-03T11:57:30.916Z,2026-05-03 07:57:30.916,91782,23,-2529,-2872,287
2026-05-03T11:57:30.956Z,2026-05-03 07:57:30.956,91782,24,-2523,-2871,282
2026-05-03T11:57:30.996Z,2026-05-03 07:57:30.996,91782,25,-2520,-2875,293
2026-05-03T11:57:31.036Z,2026-05-03 07:57:31.036,91782,26,-2530,-2875,292
2026-05-03T11:57:31.076Z,2026-05-03 07:57:31.076,91782,27,-2524,-2867,298
2026-05-03T11:57:31.116Z,2026-05-03 07:57:31.116,91782,28,-2546,-2876,279
2026-05-03T11:57:31.156Z,2026-05-03 07:57:31.156,91782,29,-2544,-2881,287
2026-05-03T11:57:31.196Z,2026-05-03 07:57:31.196,91782,30,-2526,-2876,283
2026-05-03T11:57:31.236Z,2026-05-03 07:57:31.236,91782,31,-2525,-2871,284
2026-05-03T11:57:31.276Z,2026-05-03 07:57:31.276,91782,32,-2535,-2879,287
2026-05-03T11:57:31.316Z,2026-05-03 07:57:31.316,91782,33,-2534,-2883,285
2026-05-03T11:57:31.356Z,2026-05-03 07:57:31.356,91782,34,-2514,-2876,297
2026-05-03T11:57:31.396Z,2026-05-03 07:57:31.396,91782,35,-2529,-2871,292
2026-05-03T11:57:31.436Z,2026-05-03 07:57:31.436,91782,36,-2532,-2876,293
2026-05-03T11:57:31.476Z,2026-05-03 07:57:31.476,91782,37,-2534,-2892,289
2026-05-03T11:57:31.516Z,2026-05-03 07:57:31.516,91782,38,-2517,-2868,296
2026-05-03T11:57:31.556Z,2026-05-03 07:57:31.556,91782,39,-2526,-2873,280
2026-05-03T11:57:31.596Z,2026-05-03 07:57:31.596,91782,40,-2520,-2882,295
2026-05-03T11:57:31.636Z,2026-05-03 07:57:31.636,91782,41,-2525,-2872,295
2026-05-03T11:57:31.676Z,2026-05-03 07:57:31.676,91782,42,-2519,-2876,287
2026-05-03T11:57:31.716Z,2026-05-03 07:57:31.716,91782,43,-2526,-2874,279
2026-05-03T11:57:31.756Z,2026-05-03 07:57:31.756,91782,44,-2529,-2869,278
2026-05-03T11:57:31.796Z,2026-05-03 07:57:31.796,91782,45,-2521,-2879,289
2026-05-03T11:57:31.836Z,2026-05-03 07:57:31.836,91782,46,-2529,-2884,275
2026-05-03T11:57:31.876Z,2026-05-03 07:57:31.876,91782,47,-2522,-2879,285
2026-05-03T11:57:31.916Z,2026-05-03 07:57:31.916,91782,48,-2528,-2883,297
2026-05-03T11:57:31.956Z,2026-05-03 07:57:31.956,91782,49,-2531,-2876,293
2026-05-03T11:57:31.996Z,2026-05-03 07:57:31.996,91782,50,-2538,-2874,281
2026-05-03T11:57:32.036Z,2026-05-03 07:57:32.036,91782,51,-2524,-2884,290
2026-05-03T11:57:32.076Z,2026-05-03 07:57:32.076,91782,52,-2518,-2881,295
2026-05-03T11:57:32.116Z,2026-05-03 07:57:32.116,91782,53,-2536,-2881,284
2026-05-03T11:57:32.156Z,2026-05-03 07:57:32.156,91782,54,-2522,-2873,290
2026-05-03T11:57:32.196Z,2026-05-03 07:57:32.196,91782,55,-2527,-2881,293
2026-05-03T11:57:32.236Z,2026-05-03 07:57:32.236,91782,56,-2524,-2872,289
2026-05-03T11:57:32.276Z,2026-05-03 07:57:32.276,91782,57,-2535,-2872,278
2026-05-03T11:57:32.316Z,2026-05-03 07:57:32.316,91782,58,-2534,-2873,284
2026-05-03T11:57:32.356Z,2026-05-03 07:57:32.356,91782,59,-2523,-2875,289
2026-05-03T11:57:32.396Z,2026-05-03 07:57:32.396,91782,60,-2517,-2871,283
2026-05-03T11:57:32.436Z,2026-05-03 07:57:32.436,91782,61,-2530,-2890,290
2026-05-03T11:57:32.476Z,2026-05-03 07:57:32.476,91782,62,-2537,-2874,295
2026-05-03T11:57:32.516Z,2026-05-03 07:57:32.516,91782,63,-2519,-2885,282
2026-05-03T11:57:32.556Z,2026-05-03 07:57:32.556,91782,64,-2526,-2871,283
2026-05-03T11:57:32.596Z,2026-05-03 07:57:32.596,91782,65,-2523,-2884,288
2026-05-03T11:57:32.636Z,2026-05-03 07:57:32.636,91782,66,-2524,-2876,294
2026-05-03T11:57:32.676Z,2026-05-03 07:57:32.676,91782,67,-2537,-2870,286
2026-05-03T11:57:32.716Z,2026-05-03 07:57:32.716,91782,68,-2511,-2875,295
2026-05-03T11:57:32.756Z,2026-05-03 07:57:32.756,91782,69,-2530,-2866,289
2026-05-03T11:57:32.796Z,2026-05-03 07:57:32.796,91782,70,-2532,-2875,290
2026-05-03T11:57:32.836Z,2026-05-03 07:57:32.836,91782,71,-2529,-2881,290
2026-05-03T11:57:32.876Z,2026-05-03 07:57:32.876,91782,72,-2538,-2880,296
2026-05-03T11:57:32.916Z,2026-05-03 07:57:32.916,91782,73,-2527,-2867,280
2026-05-03T11:57:32.956Z,2026-05-03 07:57:32.956,91782,74,-2535,-2884,300
2026-05-03T11:57:32.996Z,2026-05-03 07:57:32.996,91782,75,-2538,-2884,285
2026-05-03T11:57:33.036Z,2026-05-03 07:57:33.036,91782,76,-2536,-2875,289
2026-05-03T11:57:33.076Z,2026-05-03 07:57:33.076,91782,77,-2530,-2880,281
2026-05-03T11:57:33.116Z,2026-05-03 07:57:33.116,91782,78,-2538,-2874,288
2026-05-03T11:57:33.156Z,2026-05-03 07:57:33.156,91782,79,-2525,-2880,287
2026-05-03T11:57:33.196Z,2026-05-03 07:57:33.196,91782,80,-2519,-2875,290
2026-05-03T11:57:33.236Z,2026-05-03 07:57:33.236,91782,81,-2529,-2882,283
2026-05-03T11:57:33.276Z,2026-05-03 07:57:33.276,91782,82,-2517,-2887,284
2026-05-03T11:57:33.316Z,2026-05-03 07:57:33.316,91782,83,-2529,-2880,293
2026-05-03T11:57:33.356Z,2026-05-03 07:57:33.356,91782,84,-2518,-2880,288
2026-05-03T11:57:33.396Z,2026-05-03 07:57:33.396,91782,85,-2521,-2865,289
2026-05-03T11:57:33.436Z,2026-05-03 07:57:33.436,91782,86,-2527,-2880,299
2026-05-03T11:57:33.476Z,2026-05-03 07:57:33.476,91782,87,-2524,-2877,293
2026-05-03T11:57:33.516Z,2026-05-03 07:57:33.516,91782,88,-2535,-2882,281
2026-05-03T11:57:33.556Z,2026-05-03 07:57:33.556,91782,89,-2533,-2877,297
2026-05-03T11:57:33.596Z,2026-05-03 07:57:33.596,91782,90,-2525,-2884,276
2026-05-03T11:57:33.636Z,2026-05-03 07:57:33.636,91782,91,-2519,-2872,290
2026-05-03T11:57:33.676Z,2026-05-03 07:57:33.676,91782,92,-2528,-2865,295
2026-05-03T11:57:33.716Z,2026-05-03 07:57:33.716,91782,93,-2527,-2879,272
2026-05-03T11:57:33.756Z,2026-05-03 07:57:33.756,91782,94,-2526,-2879,275
2026-05-03T11:57:33.796Z,2026-05-03 07:57:33.796,91782,95,-2531,-2888,290
2026-05-03T11:57:33.836Z,2026-05-03 07:57:33.836,91782,96,-2515,-2877,288
2026-05-03T11:57:33.876Z,2026-05-03 07:57:33.876,91782,97,-2531,-2889,290
2026-05-03T11:57:33.916Z,2026-05-03 07:57:33.916,91782,98,-2522,-2867,286
2026-05-03T11:57:33.956Z,2026-05-03 07:57:33.956,91782,99,-2527,-2874,273
2026-05-03T11:57:33.996Z,2026-05-03 07:57:33.996,91782,100,-2534,-2883,292
2026-05-03T11:57:34.036Z,2026-05-03 07:57:34.036,91783,1,-2538,-2875,268
2026-05-03T11:57:34.076Z,2026-05-03 07:57:34.076,91783,2,-2516,-2874,277
2026-05-03T11:57:34.116Z,2026-05-03 07:57:34.116,91783,3,-2531,-2880,301
2026-05-03T11:57:34.156Z,2026-05-03 07:57:34.156,91783,4,-2526,-2865,297
2026-05-03T11:57:34.196Z,2026-05-03 07:57:34.196,91783,5,-2530,-2885,289
2026-05-03T11:57:34.236Z,2026-05-03 07:57:34.236,91783,6,-2522,-2889,293
2026-05-03T11:57:34.276Z,2026-05-03 07:57:34.276,91783,7,-2534,-2857,289
2026-05-03T11:57:34.316Z,2026-05-03 07:57:34.316,91783,8,-2537,-2880,279
2026-05-03T11:57:34.356Z,2026-05-03 07:57:34.356,91783,9,-2537,-2875,293
2026-05-03T11:57:34.396Z,2026-05-03 07:57:34.396,91783,10,-2524,-2891,286
2026-05-03T11:57:34.436Z,2026-05-03 07:57:34.436,91783,11,-2531,-2881,282
2026-05-03T11:57:34.476Z,2026-05-03 07:57:34.476,91783,12,-2529,-2879,284
2026-05-03T11:57:34.516Z,2026-05-03 07:57:34.516,91783,13,-2534,-2893,290
2026-05-03T11:57:34.556Z,2026-05-03 07:57:34.556,91783,14,-2518,-2869,283
2026-05-03T11:57:34.596Z,2026-05-03 07:57:34.596,91783,15,-2526,-2882,296
2026-05-03T11:57:34.636Z,2026-05-03 07:57:34.636,91783,16,-2517,-2873,283
2026-05-03T11:57:34.676Z,2026-05-03 07:57:34.676,91783,17,-2525,-2876,275
2026-05-03T11:57:34.716Z,2026-05-03 07:57:34.716,91783,18,-2533,-2868,281
2026-05-03T11:57:34.756Z,2026-05-03 07:57:34.756,91783,19,-2523,-2885,283
2026-05-03T11:57:34.796Z,2026-05-03 07:57:34.796,91783,20,-2534,-2895,292
2026-05-03T11:57:34.836Z,2026-05-03 07:57:34.836,91783,21,-2532,-2880,286
2026-05-03T11:57:34.876Z,2026-05-03 07:57:34.876,91783,22,-2527,-2872,282
2026-05-03T11:57:34.916Z,2026-05-03 07:57:34.916,91783,23,-2521,-2883,279
2026-05-03T11:57:34.956Z,2026-05-03 07:57:34.956,91783,24,-2527,-2867,293
2026-05-03T11:57:34.996Z,2026-05-03 07:57:34.996,91783,25,-2520,-2886,290
2026-05-03T11:57:35.036Z,2026-05-03 07:57:35.036,91783,26,-2526,-2873,291
2026-05-03T11:57:35.076Z,2026-05-03 07:57:35.076,91783,27,-2521,-2870,286
2026-05-03T11:57:35.116Z,2026-05-03 07:57:35.116,91783,28,-2521,-2879,282
2026-05-03T11:57:35.156Z,2026-05-03 07:57:35.156,91783,29,-2534,-2868,296
2026-05-03T11:57:35.196Z,2026-05-03 07:57:35.196,91783,30,-2526,-2882,280
2026-05-03T11:57:35.236Z,2026-05-03 07:57:35.236,91783,31,-2524,-2878,280
2026-05-03T11:57:35.276Z,2026-05-03 07:57:35.276,91783,32,-2527,-2867,288
2026-05-03T11:57:35.316Z,2026-05-03 07:57:35.316,91783,33,-2546,-2875,294
2026-05-03T11:57:35.356Z,2026-05-03 07:57:35.356,91783,34,-2535,-2872,301
2026-05-03T11:57:35.396Z,2026-05-03 07:57:35.396,91783,35,-2525,-2864,276
2026-05-03T11:57:35.436Z,2026-05-03 07:57:35.436,91783,36,-2526,-2864,300
2026-05-03T11:57:35.476Z,2026-05-03 07:57:35.476,91783,37,-2525,-2882,292
2026-05-03T11:57:35.516Z,2026-05-03 07:57:35.516,91783,38,-2530,-2872,297
2026-05-03T11:57:35.556Z,2026-05-03 07:57:35.556,91783,39,-2524,-2879,293
2026-05-03T11:57:35.596Z,2026-05-03 07:57:35.596,91783,40,-2519,-2879,279
2026-05-03T11:57:35.636Z,2026-05-03 07:57:35.636,91783,41,-2536,-2883,272
2026-05-03T11:57:35.676Z,2026-05-03 07:57:35.676,91783,42,-2538,-2888,294
2026-05-03T11:57:35.716Z,2026-05-03 07:57:35.716,91783,43,-2524,-2863,288
2026-05-03T11:57:35.756Z,2026-05-03 07:57:35.756,91783,44,-2519,-2876,295
2026-05-03T11:57:35.796Z,2026-05-03 07:57:35.796,91783,45,-2530,-2891,292
2026-05-03T11:57:35.836Z,2026-05-03 07:57:35.836,91783,46,-2519,-2880,274
2026-05-03T11:57:35.876Z,2026-05-03 07:57:35.876,91783,47,-2528,-2873,293
2026-05-03T11:57:35.916Z,2026-05-03 07:57:35.916,91783,48,-2518,-2884,292
2026-05-03T11:57:35.956Z,2026-05-03 07:57:35.956,91783,49,-2533,-2873,291
2026-05-03T11:57:35.996Z,2026-05-03 07:57:35.996,91783,50,-2528,-2873,287
2026-05-03T11:57:36.036Z,2026-05-03 07:57:36.036,91783,51,-2523,-2879,287
2026-05-03T11:57:36.076Z,2026-05-03 07:57:36.076,91783,52,-2534,-2875,294
2026-05-03T11:57:36.116Z,2026-05-03 07:57:36.116,91783,53,-2533,-2881,292
2026-05-03T11:57:36.156Z,2026-05-03 07:57:36.156,91783,54,-2522,-2880,292
2026-05-03T11:57:36.196Z,2026-05-03 07:57:36.196,91783,55,-2526,-2860,288
2026-05-03T11:57:36.236Z,2026-05-03 07:57:36.236,91783,56,-2527,-2865,276
2026-05-03T11:57:36.276Z,2026-05-03 07:57:36.276,91783,57,-2533,-2868,294
2026-05-03T11:57:36.316Z,2026-05-03 07:57:36.316,91783,58,-2525,-2863,281
2026-05-03T11:57:36.356Z,2026-05-03 07:57:36.356,91783,59,-2534,-2884,289
2026-05-03T11:57:36.396Z,2026-05-03 07:57:36.396,91783,60,-2527,-2868,300
2026-05-03T11:57:36.436Z,2026-05-03 07:57:36.436,91783,61,-2525,-2884,294
2026-05-03T11:57:36.476Z,2026-05-03 07:57:36.476,91783,62,-2527,-2874,283
2026-05-03T11:57:36.516Z,2026-05-03 07:57:36.516,91783,63,-2530,-2877,294
2026-05-03T11:57:36.556Z,2026-05-03 07:57:36.556,91783,64,-2507,-2876,290
2026-05-03T11:57:36.596Z,2026-05-03 07:57:36.596,91783,65,-2535,-2876,293
2026-05-03T11:57:36.636Z,2026-05-03 07:57:36.636,91783,66,-2530,-2883,286
2026-05-03T11:57:36.676Z,2026-05-03 07:57:36.676,91783,67,-2528,-2897,298
2026-05-03T11:57:36.716Z,2026-05-03 07:57:36.716,91783,68,-2521,-2879,283
2026-05-03T11:57:36.756Z,2026-05-03 07:57:36.756,91783,69,-2535,-2879,289
2026-05-03T11:57:36.796Z,2026-05-03 07:57:36.796,91783,70,-2527,-2871,284
2026-05-03T11:57:36.836Z,2026-05-03 07:57:36.836,91783,71,-2539,-2885,289
2026-05-03T11:57:36.876Z,2026-05-03 07:57:36.876,91783,72,-2518,-2859,279
2026-05-03T11:57:36.916Z,2026-05-03 07:57:36.916,91783,73,-2529,-2865,291
2026-05-03T11:57:36.956Z,2026-05-03 07:57:36.956,91783,74,-2527,-2862,288
2026-05-03T11:57:36.996Z,2026-05-03 07:57:36.996,91783,75,-2519,-2872,292
2026-05-03T11:57:37.036Z,2026-05-03 07:57:37.036,91783,76,-2515,-2866,291
2026-05-03T11:57:37.076Z,2026-05-03 07:57:37.076,91783,77,-2525,-2892,286
2026-05-03T11:57:37.116Z,2026-05-03 07:57:37.116,91783,78,-2519,-2875,294
2026-05-03T11:57:37.156Z,2026-05-03 07:57:37.156,91783,79,-2520,-2878,280
2026-05-03T11:57:37.196Z,2026-05-03 07:57:37.196,91783,80,-2511,-2871,276
2026-05-03T11:57:37.236Z,2026-05-03 07:57:37.236,91783,81,-2530,-2891,282
2026-05-03T11:57:37.276Z,2026-05-03 07:57:37.276,91783,82,-2524,-2875,275
2026-05-03T11:57:37.316Z,2026-05-03 07:57:37.316,91783,83,-2527,-2875,288
2026-05-03T11:57:37.356Z,2026-05-03 07:57:37.356,91783,84,-2523,-2876,291
2026-05-03T11:57:37.396Z,2026-05-03 07:57:37.396,91783,85,-2532,-2864,280
2026-05-03T11:57:37.436Z,2026-05-03 07:57:37.436,91783,86,-2522,-2876,297
2026-05-03T11:57:37.476Z,2026-05-03 07:57:37.476,91783,87,-2523,-2875,287
2026-05-03T11:57:37.516Z,2026-05-03 07:57:37.516,91783,88,-2517,-2889,278
2026-05-03T11:57:37.556Z,2026-05-03 07:57:37.556,91783,89,-2526,-2884,295
2026-05-03T11:57:37.596Z,2026-05-03 07:57:37.596,91783,90,-2517,-2865,283
2026-05-03T11:57:37.636Z,2026-05-03 07:57:37.636,91783,91,-2536,-2874,292
2026-05-03T11:57:37.676Z,2026-05-03 07:57:37.676,91783,92,-2513,-2880,281
2026-05-03T11:57:37.716Z,2026-05-03 07:57:37.716,91783,93,-2528,-2884,294
2026-05-03T11:57:37.756Z,2026-05-03 07:57:37.756,91783,94,-2534,-2874,283
2026-05-03T11:57:37.796Z,2026-05-03 07:57:37.796,91783,95,-2530,-2874,287
2026-05-03T11:57:37.836Z,2026-05-03 07:57:37.836,91783,96,-2529,-2876,300
2026-05-03T11:57:37.876Z,2026-05-03 07:57:37.876,91783,97,-2521,-2880,288
2026-05-03T11:57:37.916Z,2026-05-03 07:57:37.916,91783,98,-2524,-2873,295
2026-05-03T11:57:37.956Z,2026-05-03 07:57:37.956,91783,99,-2522,-2880,288
2026-05-03T11:57:37.996Z,2026-05-03 07:57:37.996,91783,100,-2538,-2878,283
2026-05-03T11:57:38.036Z,2026-05-03 07:57:38.036,91784,1,-2526,-2876,277
2026-05-03T11:57:38.076Z,2026-05-03 07:57:38.076,91784,2,-2520,-2879,286
2026-05-03T11:57:38.116Z,2026-05-03 07:57:38.116,91784,3,-2517,-2879,272
2026-05-03T11:57:38.156Z,2026-05-03 07:57:38.156,91784,4,-2535,-2879,282
2026-05-03T11:57:38.196Z,2026-05-03 07:57:38.196,91784,5,-2529,-2874,282
2026-05-03T11:57:38.236Z,2026-05-03 07:57:38.236,91784,6,-2550,-2876,279
2026-05-03T11:57:38.276Z,2026-05-03 07:57:38.276,91784,7,-2521,-2880,283
2026-05-03T11:57:38.316Z,2026-05-03 07:57:38.316,91784,8,-2534,-2881,283
2026-05-03T11:57:38.356Z,2026-05-03 07:57:38.356,91784,9,-2533,-2876,293
2026-05-03T11:57:38.396Z,2026-05-03 07:57:38.396,91784,10,-2518,-2886,297
2026-05-03T11:57:38.436Z,2026-05-03 07:57:38.436,91784,11,-2517,-2863,282
2026-05-03T11:57:38.476Z,2026-05-03 07:57:38.476,91784,12,-2534,-2892,287
2026-05-03T11:57:38.516Z,2026-05-03 07:57:38.516,91784,13,-2533,-2881,275
2026-05-03T11:57:38.556Z,2026-05-03 07:57:38.556,91784,14,-2519,-2879,304
2026-05-03T11:57:38.596Z,2026-05-03 07:57:38.596,91784,15,-2539,-2869,283
2026-05-03T11:57:38.636Z,2026-05-03 07:57:38.636,91784,16,-2543,-2870,295
2026-05-03T11:57:38.676Z,2026-05-03 07:57:38.676,91784,17,-2529,-2884,289
2026-05-03T11:57:38.716Z,2026-05-03 07:57:38.716,91784,18,-2512,-2874,295
2026-05-03T11:57:38.756Z,2026-05-03 07:57:38.756,91784,19,-2540,-2888,282
2026-05-03T11:57:38.796Z,2026-05-03 07:57:38.796,91784,20,-2527,-2872,277
2026-05-03T11:57:38.836Z,2026-05-03 07:57:38.836,91784,21,-2528,-2870,294
2026-05-03T11:57:38.876Z,2026-05-03 07:57:38.876,91784,22,-2525,-2857,279
2026-05-03T11:57:38.916Z,2026-05-03 07:57:38.916,91784,23,-2522,-2875,281
2026-05-03T11:57:38.956Z,2026-05-03 07:57:38.956,91784,24,-2522,-2882,289
2026-05-03T11:57:38.996Z,2026-05-03 07:57:38.996,91784,25,-2528,-2876,292
2026-05-03T11:57:39.036Z,2026-05-03 07:57:39.036,91784,26,-2526,-2873,271
2026-05-03T11:57:39.076Z,2026-05-03 07:57:39.076,91784,27,-2517,-2880,302
2026-05-03T11:57:39.116Z,2026-05-03 07:57:39.116,91784,28,-2522,-2878,278
2026-05-03T11:57:39.156Z,2026-05-03 07:57:39.156,91784,29,-2534,-2871,286
2026-05-03T11:57:39.196Z,2026-05-03 07:57:39.196,91784,30,-2521,-2882,283
2026-05-03T11:57:39.236Z,2026-05-03 07:57:39.236,91784,31,-2523,-2856,292
2026-05-03T11:57:39.276Z,2026-05-03 07:57:39.276,91784,32,-2531,-2879,282
2026-05-03T11:57:39.316Z,2026-05-03 07:57:39.316,91784,33,-2531,-2873,290
2026-05-03T11:57:39.356Z,2026-05-03 07:57:39.356,91784,34,-2529,-2882,290
2026-05-03T11:57:39.396Z,2026-05-03 07:57:39.396,91784,35,-2533,-2881,291
2026-05-03T11:57:39.436Z,2026-05-03 07:57:39.436,91784,36,-2533,-2883,299
2026-05-03T11:57:39.476Z,2026-05-03 07:57:39.476,91784,37,-2523,-2875,292
2026-05-03T11:57:39.516Z,2026-05-03 07:57:39.516,91784,38,-2528,-2880,293
2026-05-03T11:57:39.556Z,2026-05-03 07:57:39.556,91784,39,-2518,-2882,287
2026-05-03T11:57:39.596Z,2026-05-03 07:57:39.596,91784,40,-2532,-2887,282
2026-05-03T11:57:39.636Z,2026-05-03 07:57:39.636,91784,41,-2526,-2872,294
2026-05-03T11:57:39.676Z,2026-05-03 07:57:39.676,91784,42,-2539,-2880,300
2026-05-03T11:57:39.716Z,2026-05-03 07:57:39.716,91784,43,-2536,-2884,287
2026-05-03T11:57:39.756Z,2026-05-03 07:57:39.756,91784,44,-2517,-2886,289
2026-05-03T11:57:39.796Z,2026-05-03 07:57:39.796,91784,45,-2531,-2876,287
2026-05-03T11:57:39.836Z,2026-05-03 07:57:39.836,91784,46,-2511,-2867,285
2026-05-03T11:57:39.876Z,2026-05-03 07:57:39.876,91784,47,-2535,-2858,288
2026-05-03T11:57:39.916Z,2026-05-03 07:57:39.916,91784,48,-2516,-2879,290
2026-05-03T11:57:39.956Z,2026-05-03 07:57:39.956,91784,49,-2528,-2868,293
2026-05-03T11:57:39.996Z,2026-05-03 07:57:39.996,91784,50,-2532,-2879,289
2026-05-03T11:57:40.036Z,2026-05-03 07:57:40.036,91784,51,-2533,-2881,299
2026-05-03T11:57:40.076Z,2026-05-03 07:57:40.076,91784,52,-2517,-2868,278
2026-05-03T11:57:40.116Z,2026-05-03 07:57:40.116,91784,53,-2526,-2879,290
2026-05-03T11:57:40.156Z,2026-05-03 07:57:40.156,91784,54,-2523,-2875,281
2026-05-03T11:57:40.196Z,2026-05-03 07:57:40.196,91784,55,-2528,-2876,281
2026-05-03T11:57:40.236Z,2026-05-03 07:57:40.236,91784,56,-2526,-2877,282
2026-05-03T11:57:40.276Z,2026-05-03 07:57:40.276,91784,57,-2526,-2866,298
2026-05-03T11:57:40.316Z,2026-05-03 07:57:40.316,91784,58,-2526,-2873,300
2026-05-03T11:57:40.356Z,2026-05-03 07:57:40.356,91784,59,-2524,-2873,279
2026-05-03T11:57:40.396Z,2026-05-03 07:57:40.396,91784,60,-2526,-2876,286
2026-05-03T11:57:40.436Z,2026-05-03 07:57:40.436,91784,61,-2530,-2868,299
2026-05-03T11:57:40.476Z,2026-05-03 07:57:40.476,91784,62,-2525,-2863,277
2026-05-03T11:57:40.516Z,2026-05-03 07:57:40.516,91784,63,-2522,-2874,282
2026-05-03T11:57:40.556Z,2026-05-03 07:57:40.556,91784,64,-2528,-2879,293
2026-05-03T11:57:40.596Z,2026-05-03 07:57:40.596,91784,65,-2526,-2863,286
2026-05-03T11:57:40.636Z,2026-05-03 07:57:40.636,91784,66,-2521,-2860,302
2026-05-03T11:57:40.676Z,2026-05-03 07:57:40.676,91784,67,-2521,-2868,293
2026-05-03T11:57:40.716Z,2026-05-03 07:57:40.716,91784,68,-2523,-2878,296
2026-05-03T11:57:40.756Z,2026-05-03 07:57:40.756,91784,69,-2528,-2882,292
2026-05-03T11:57:40.796Z,2026-05-03 07:57:40.796,91784,70,-2522,-2873,288
2026-05-03T11:57:40.836Z,2026-05-03 07:57:40.836,91784,71,-2528,-2869,291
2026-05-03T11:57:40.876Z,2026-05-03 07:57:40.876,91784,72,-2525,-2873,276
2026-05-03T11:57:40.916Z,2026-05-03 07:57:40.916,91784,73,-2526,-2865,273
2026-05-03T11:57:40.956Z,2026-05-03 07:57:40.956,91784,74,-2522,-2879,280
2026-05-03T11:57:40.996Z,2026-05-03 07:57:40.996,91784,75,-2535,-2892,292
2026-05-03T11:57:41.036Z,2026-05-03 07:57:41.036,91784,76,-2516,-2873,293
2026-05-03T11:57:41.076Z,2026-05-03 07:57:41.076,91784,77,-2527,-2867,282
2026-05-03T11:57:41.116Z,2026-05-03 07:57:41.116,91784,78,-2529,-2880,295
2026-05-03T11:57:41.156Z,2026-05-03 07:57:41.156,91784,79,-2529,-2863,288
2026-05-03T11:57:41.196Z,2026-05-03 07:57:41.196,91784,80,-2518,-2881,299
2026-05-03T11:57:41.236Z,2026-05-03 07:57:41.236,91784,81,-2530,-2867,288
2026-05-03T11:57:41.276Z,2026-05-03 07:57:41.276,91784,82,-2534,-2875,280
2026-05-03T11:57:41.316Z,2026-05-03 07:57:41.316,91784,83,-2532,-2878,303
2026-05-03T11:57:41.356Z,2026-05-03 07:57:41.356,91784,84,-2518,-2875,299
2026-05-03T11:57:41.396Z,2026-05-03 07:57:41.396,91784,85,-2518,-2876,299
2026-05-03T11:57:41.436Z,2026-05-03 07:57:41.436,91784,86,-2533,-2879,282
2026-05-03T11:57:41.476Z,2026-05-03 07:57:41.476,91784,87,-2529,-2859,289
2026-05-03T11:57:41.516Z,2026-05-03 07:57:41.516,91784,88,-2530,-2875,301
2026-05-03T11:57:41.556Z,2026-05-03 07:57:41.556,91784,89,-2518,-2880,285
2026-05-03T11:57:41.596Z,2026-05-03 07:57:41.596,91784,90,-2517,-2863,300
2026-05-03T11:57:41.636Z,2026-05-03 07:57:41.636,91784,91,-2520,-2868,287
2026-05-03T11:57:41.676Z,2026-05-03 07:57:41.676,91784,92,-2522,-2880,287
2026-05-03T11:57:41.716Z,2026-05-03 07:57:41.716,91784,93,-2521,-2876,294
2026-05-03T11:57:41.756Z,2026-05-03 07:57:41.756,91784,94,-2524,-2891,284
2026-05-03T11:57:41.796Z,2026-05-03 07:57:41.796,91784,95,-2534,-2868,283
2026-05-03T11:57:41.836Z,2026-05-03 07:57:41.836,91784,96,-2533,-2872,271
2026-05-03T11:57:41.876Z,2026-05-03 07:57:41.876,91784,97,-2525,-2884,289
2026-05-03T11:57:41.916Z,2026-05-03 07:57:41.916,91784,98,-2532,-2886,293
2026-05-03T11:57:41.956Z,2026-05-03 07:57:41.956,91784,99,-2533,-2863,294
2026-05-03T11:57:41.996Z,2026-05-03 07:57:41.996,91784,100,-2529,-2881,279
2026-05-03T11:57:42.036Z,2026-05-03 07:57:42.036,91785,1,-2527,-2880,291
2026-05-03T11:57:42.076Z,2026-05-03 07:57:42.076,91785,2,-2534,-2877,295
2026-05-03T11:57:42.116Z,2026-05-03 07:57:42.116,91785,3,-2540,-2887,289
2026-05-03T11:57:42.156Z,2026-05-03 07:57:42.156,91785,4,-2517,-2876,295
2026-05-03T11:57:42.196Z,2026-05-03 07:57:42.196,91785,5,-2540,-2880,283
2026-05-03T11:57:42.236Z,2026-05-03 07:57:42.236,91785,6,-2532,-2874,290
2026-05-03T11:57:42.276Z,2026-05-03 07:57:42.276,91785,7,-2518,-2873,285
2026-05-03T11:57:42.316Z,2026-05-03 07:57:42.316,91785,8,-2524,-2877,294
2026-05-03T11:57:42.356Z,2026-05-03 07:57:42.356,91785,9,-2522,-2871,300
2026-05-03T11:57:42.396Z,2026-05-03 07:57:42.396,91785,10,-2523,-2879,285
2026-05-03T11:57:42.436Z,2026-05-03 07:57:42.436,91785,11,-2516,-2872,287
2026-05-03T11:57:42.476Z,2026-05-03 07:57:42.476,91785,12,-2525,-2896,300
2026-05-03T11:57:42.516Z,2026-05-03 07:57:42.516,91785,13,-2514,-2873,286
2026-05-03T11:57:42.556Z,2026-05-03 07:57:42.556,91785,14,-2521,-2875,283
2026-05-03T11:57:42.596Z,2026-05-03 07:57:42.596,91785,15,-2521,-2881,295
2026-05-03T11:57:42.636Z,2026-05-03 07:57:42.636,91785,16,-2526,-2876,286
2026-05-03T11:57:42.676Z,2026-05-03 07:57:42.676,91785,17,-2535,-2880,275
2026-05-03T11:57:42.716Z,2026-05-03 07:57:42.716,91785,18,-2543,-2863,282
2026-05-03T11:57:42.756Z,2026-05-03 07:57:42.756,91785,19,-2544,-2887,281
2026-05-03T11:57:42.796Z,2026-05-03 07:57:42.796,91785,20,-2527,-2868,282
2026-05-03T11:57:42.836Z,2026-05-03 07:57:42.836,91785,21,-2528,-2880,282
2026-05-03T11:57:42.876Z,2026-05-03 07:57:42.876,91785,22,-2533,-2900,284
2026-05-03T11:57:42.916Z,2026-05-03 07:57:42.916,91785,23,-2519,-2875,275
2026-05-03T11:57:42.956Z,2026-05-03 07:57:42.956,91785,24,-2522,-2894,283
2026-05-03T11:57:42.996Z,2026-05-03 07:57:42.996,91785,25,-2532,-2867,286
2026-05-03T11:57:43.036Z,2026-05-03 07:57:43.036,91785,26,-2527,-2873,278
2026-05-03T11:57:43.076Z,2026-05-03 07:57:43.076,91785,27,-2526,-2884,282
2026-05-03T11:57:43.116Z,2026-05-03 07:57:43.116,91785,28,-2529,-2877,288
2026-05-03T11:57:43.156Z,2026-05-03 07:57:43.156,91785,29,-2523,-2876,278
2026-05-03T11:57:43.196Z,2026-05-03 07:57:43.196,91785,30,-2526,-2874,283
2026-05-03T11:57:43.236Z,2026-05-03 07:57:43.236,91785,31,-2538,-2883,283
2026-05-03T11:57:43.276Z,2026-05-03 07:57:43.276,91785,32,-2530,-2874,293
2026-05-03T11:57:43.316Z,2026-05-03 07:57:43.316,91785,33,-2530,-2872,280
2026-05-03T11:57:43.356Z,2026-05-03 07:57:43.356,91785,34,-2525,-2880,285
2026-05-03T11:57:43.396Z,2026-05-03 07:57:43.396,91785,35,-2523,-2879,290
2026-05-03T11:57:43.436Z,2026-05-03 07:57:43.436,91785,36,-2511,-2880,283
2026-05-03T11:57:43.476Z,2026-05-03 07:57:43.476,91785,37,-2521,-2867,284
2026-05-03T11:57:43.516Z,2026-05-03 07:57:43.516,91785,38,-2527,-2880,285
2026-05-03T11:57:43.556Z,2026-05-03 07:57:43.556,91785,39,-2518,-2880,284
2026-05-03T11:57:43.596Z,2026-05-03 07:57:43.596,91785,40,-2523,-2875,289
2026-05-03T11:57:43.636Z,2026-05-03 07:57:43.636,91785,41,-2513,-2878,297
2026-05-03T11:57:43.676Z,2026-05-03 07:57:43.676,91785,42,-2528,-2875,295
2026-05-03T11:57:43.716Z,2026-05-03 07:57:43.716,91785,43,-2519,-2880,285
2026-05-03T11:57:43.756Z,2026-05-03 07:57:43.756,91785,44,-2539,-2875,297
2026-05-03T11:57:43.796Z,2026-05-03 07:57:43.796,91785,45,-2525,-2870,296
2026-05-03T11:57:43.836Z,2026-05-03 07:57:43.836,91785,46,-2537,-2886,276
2026-05-03T11:57:43.876Z,2026-05-03 07:57:43.876,91785,47,-2532,-2871,291
2026-05-03T11:57:43.916Z,2026-05-03 07:57:43.916,91785,48,-2527,-2879,288
2026-05-03T11:57:43.956Z,2026-05-03 07:57:43.956,91785,49,-2516,-2881,295
2026-05-03T11:57:43.996Z,2026-05-03 07:57:43.996,91785,50,-2533,-2884,292
2026-05-03T11:57:44.036Z,2026-05-03 07:57:44.036,91785,51,-2531,-2877,282
2026-05-03T11:57:44.076Z,2026-05-03 07:57:44.076,91785,52,-2521,-2873,286
2026-05-03T11:57:44.116Z,2026-05-03 07:57:44.116,91785,53,-2524,-2871,284
2026-05-03T11:57:44.156Z,2026-05-03 07:57:44.156,91785,54,-2541,-2880,291
2026-05-03T11:57:44.196Z,2026-05-03 07:57:44.196,91785,55,-2518,-2879,280
2026-05-03T11:57:44.236Z,2026-05-03 07:57:44.236,91785,56,-2524,-2879,286
2026-05-03T11:57:44.276Z,2026-05-03 07:57:44.276,91785,57,-2538,-2872,291
2026-05-03T11:57:44.316Z,2026-05-03 07:57:44.316,91785,58,-2511,-2886,283
2026-05-03T11:57:44.356Z,2026-05-03 07:57:44.356,91785,59,-2534,-2889,287
2026-05-03T11:57:44.396Z,2026-05-03 07:57:44.396,91785,60,-2534,-2873,301
2026-05-03T11:57:44.436Z,2026-05-03 07:57:44.436,91785,61,-2530,-2865,281
2026-05-03T11:57:44.476Z,2026-05-03 07:57:44.476,91785,62,-2528,-2875,287
2026-05-03T11:57:44.516Z,2026-05-03 07:57:44.516,91785,63,-2519,-2882,295
2026-05-03T11:57:44.556Z,2026-05-03 07:57:44.556,91785,64,-2527,-2883,287
2026-05-03T11:57:44.596Z,2026-05-03 07:57:44.596,91785,65,-2524,-2871,276
2026-05-03T11:57:44.636Z,2026-05-03 07:57:44.636,91785,66,-2519,-2871,304
2026-05-03T11:57:44.676Z,2026-05-03 07:57:44.676,91785,67,-2521,-2877,294
2026-05-03T11:57:44.716Z,2026-05-03 07:57:44.716,91785,68,-2522,-2879,292
2026-05-03T11:57:44.756Z,2026-05-03 07:57:44.756,91785,69,-2518,-2875,291
2026-05-03T11:57:44.796Z,2026-05-03 07:57:44.796,91785,70,-2528,-2878,300
2026-05-03T11:57:44.836Z,2026-05-03 07:57:44.836,91785,71,-2529,-2881,291
2026-05-03T11:57:44.876Z,2026-05-03 07:57:44.876,91785,72,-2535,-2880,301
2026-05-03T11:57:44.916Z,2026-05-03 07:57:44.916,91785,73,-2527,-2874,301
2026-05-03T11:57:44.956Z,2026-05-03 07:57:44.956,91785,74,-2525,-2875,289
2026-05-03T11:57:44.996Z,2026-05-03 07:57:44.996,91785,75,-2534,-2873,288
2026-05-03T11:57:45.036Z,2026-05-03 07:57:45.036,91785,76,-2518,-2876,292
2026-05-03T11:57:45.076Z,2026-05-03 07:57:45.076,91785,77,-2525,-2884,280
2026-05-03T11:57:45.116Z,2026-05-03 07:57:45.116,91785,78,-2521,-2871,293
2026-05-03T11:57:45.156Z,2026-05-03 07:57:45.156,91785,79,-2529,-2869,299
2026-05-03T11:57:45.196Z,2026-05-03 07:57:45.196,91785,80,-2528,-2872,294
2026-05-03T11:57:45.236Z,2026-05-03 07:57:45.236,91785,81,-2530,-2871,283
2026-05-03T11:57:45.276Z,2026-05-03 07:57:45.276,91785,82,-2533,-2882,288
2026-05-03T11:57:45.316Z,2026-05-03 07:57:45.316,91785,83,-2519,-2879,288
2026-05-03T11:57:45.356Z,2026-05-03 07:57:45.356,91785,84,-2534,-2870,294
2026-05-03T11:57:45.396Z,2026-05-03 07:57:45.396,91785,85,-2546,-2868,280
2026-05-03T11:57:45.436Z,2026-05-03 07:57:45.436,91785,86,-2536,-2866,288
2026-05-03T11:57:45.476Z,2026-05-03 07:57:45.476,91785,87,-2527,-2871,292
2026-05-03T11:57:45.516Z,2026-05-03 07:57:45.516,91785,88,-2512,-2879,298
2026-05-03T11:57:45.556Z,2026-05-03 07:57:45.556,91785,89,-2525,-2890,287
2026-05-03T11:57:45.596Z,2026-05-03 07:57:45.596,91785,90,-2523,-2876,286
2026-05-03T11:57:45.636Z,2026-05-03 07:57:45.636,91785,91,-2530,-2876,286
2026-05-03T11:57:45.676Z,2026-05-03 07:57:45.676,91785,92,-2527,-2874,286
2026-05-03T11:57:45.716Z,2026-05-03 07:57:45.716,91785,93,-2530,-2884,283
2026-05-03T11:57:45.756Z,2026-05-03 07:57:45.756,91785,94,-2532,-2871,297
2026-05-03T11:57:45.796Z,2026-05-03 07:57:45.796,91785,95,-2533,-2879,281
2026-05-03T11:57:45.836Z,2026-05-03 07:57:45.836,91785,96,-2524,-2875,286
2026-05-03T11:57:45.876Z,2026-05-03 07:57:45.876,91785,97,-2528,-2872,294
2026-05-03T11:57:45.916Z,2026-05-03 07:57:45.916,91785,98,-2528,-2881,298
2026-05-03T11:57:45.956Z,2026-05-03 07:57:45.956,91785,99,-2543,-2874,275
2026-05-03T11:57:45.996Z,2026-05-03 07:57:45.996,91785,100,-2524,-2883,288
2026-05-03T11:57:46.036Z,2026-05-03 07:57:46.036,91786,1,-2533,-2874,292
2026-05-03T11:57:46.076Z,2026-05-03 07:57:46.076,91786,2,-2522,-2885,277
2026-05-03T11:57:46.116Z,2026-05-03 07:57:46.116,91786,3,-2530,-2880,288
2026-05-03T11:57:46.156Z,2026-05-03 07:57:46.156,91786,4,-2533,-2885,289
2026-05-03T11:57:46.196Z,2026-05-03 07:57:46.196,91786,5,-2526,-2879,291
2026-05-03T11:57:46.236Z,2026-05-03 07:57:46.236,91786,6,-2515,-2885,281
2026-05-03T11:57:46.276Z,2026-05-03 07:57:46.276,91786,7,-2530,-2867,282
2026-05-03T11:57:46.316Z,2026-05-03 07:57:46.316,91786,8,-2525,-2867,288
2026-05-03T11:57:46.356Z,2026-05-03 07:57:46.356,91786,9,-2526,-2880,282
2026-05-03T11:57:46.396Z,2026-05-03 07:57:46.396,91786,10,-2524,-2878,296
2026-05-03T11:57:46.436Z,2026-05-03 07:57:46.436,91786,11,-2517,-2871,292
2026-05-03T11:57:46.476Z,2026-05-03 07:57:46.476,91786,12,-2527,-2876,300
2026-05-03T11:57:46.516Z,2026-05-03 07:57:46.516,91786,13,-2535,-2881,277
2026-05-03T11:57:46.556Z,2026-05-03 07:57:46.556,91786,14,-2524,-2884,299
2026-05-03T11:57:46.596Z,2026-05-03 07:57:46.596,91786,15,-2523,-2868,286
2026-05-03T11:57:46.636Z,2026-05-03 07:57:46.636,91786,16,-2529,-2880,288
2026-05-03T11:57:46.676Z,2026-05-03 07:57:46.676,91786,17,-2525,-2884,283
2026-05-03T11:57:46.716Z,2026-05-03 07:57:46.716,91786,18,-2536,-2881,282
2026-05-03T11:57:46.756Z,2026-05-03 07:57:46.756,91786,19,-2517,-2878,290
2026-05-03T11:57:46.796Z,2026-05-03 07:57:46.796,91786,20,-2525,-2868,287
2026-05-03T11:57:46.836Z,2026-05-03 07:57:46.836,91786,21,-2534,-2871,282
2026-05-03T11:57:46.876Z,2026-05-03 07:57:46.876,91786,22,-2530,-2889,300
2026-05-03T11:57:46.916Z,2026-05-03 07:57:46.916,91786,23,-2535,-2877,279
2026-05-03T11:57:46.956Z,2026-05-03 07:57:46.956,91786,24,-2529,-2877,289
2026-05-03T11:57:46.996Z,2026-05-03 07:57:46.996,91786,25,-2523,-2873,274
2026-05-03T11:57:47.036Z,2026-05-03 07:57:47.036,91786,26,-2519,-2859,295
2026-05-03T11:57:47.076Z,2026-05-03 07:57:47.076,91786,27,-2526,-2873,287
2026-05-03T11:57:47.116Z,2026-05-03 07:57:47.116,91786,28,-2517,-2879,293
2026-05-03T11:57:47.156Z,2026-05-03 07:57:47.156,91786,29,-2523,-2880,286
2026-05-03T11:57:47.196Z,2026-05-03 07:57:47.196,91786,30,-2523,-2868,288
2026-05-03T11:57:47.236Z,2026-05-03 07:57:47.236,91786,31,-2515,-2876,283
2026-05-03T11:57:47.276Z,2026-05-03 07:57:47.276,91786,32,-2525,-2866,288
2026-05-03T11:57:47.316Z,2026-05-03 07:57:47.316,91786,33,-2535,-2875,272
2026-05-03T11:57:47.356Z,2026-05-03 07:57:47.356,91786,34,-2528,-2872,272
2026-05-03T11:57:47.396Z,2026-05-03 07:57:47.396,91786,35,-2537,-2881,290
2026-05-03T11:57:47.436Z,2026-05-03 07:57:47.436,91786,36,-2520,-2867,292
2026-05-03T11:57:47.476Z,2026-05-03 07:57:47.476,91786,37,-2528,-2875,297
2026-05-03T11:57:47.516Z,2026-05-03 07:57:47.516,91786,38,-2515,-2867,280
2026-05-03T11:57:47.556Z,2026-05-03 07:57:47.556,91786,39,-2511,-2874,295
2026-05-03T11:57:47.596Z,2026-05-03 07:57:47.596,91786,40,-2530,-2880,288
2026-05-03T11:57:47.636Z,2026-05-03 07:57:47.636,91786,41,-2520,-2876,275
2026-05-03T11:57:47.676Z,2026-05-03 07:57:47.676,91786,42,-2523,-2875,281
2026-05-03T11:57:47.716Z,2026-05-03 07:57:47.716,91786,43,-2519,-2871,290
2026-05-03T11:57:47.756Z,2026-05-03 07:57:47.756,91786,44,-2524,-2866,285
2026-05-03T11:57:47.796Z,2026-05-03 07:57:47.796,91786,45,-2533,-2885,291
2026-05-03T11:57:47.836Z,2026-05-03 07:57:47.836,91786,46,-2528,-2880,286
2026-05-03T11:57:47.876Z,2026-05-03 07:57:47.876,91786,47,-2513,-2882,289
2026-05-03T11:57:47.916Z,2026-05-03 07:57:47.916,91786,48,-2520,-2876,278
2026-05-03T11:57:47.956Z,2026-05-03 07:57:47.956,91786,49,-2528,-2888,305
2026-05-03T11:57:47.996Z,2026-05-03 07:57:47.996,91786,50,-2524,-2892,285
2026-05-03T11:57:48.036Z,2026-05-03 07:57:48.036,91786,51,-2527,-2876,294
2026-05-03T11:57:48.076Z,2026-05-03 07:57:48.076,91786,52,-2531,-2874,288
2026-05-03T11:57:48.116Z,2026-05-03 07:57:48.116,91786,53,-2540,-2881,287
2026-05-03T11:57:48.156Z,2026-05-03 07:57:48.156,91786,54,-2540,-2884,280
2026-05-03T11:57:48.196Z,2026-05-03 07:57:48.196,91786,55,-2522,-2868,287
2026-05-03T11:57:48.236Z,2026-05-03 07:57:48.236,91786,56,-2526,-2882,297
2026-05-03T11:57:48.276Z,2026-05-03 07:57:48.276,91786,57,-2528,-2863,292
2026-05-03T11:57:48.316Z,2026-05-03 07:57:48.316,91786,58,-2537,-2867,282
2026-05-03T11:57:48.356Z,2026-05-03 07:57:48.356,91786,59,-2539,-2863,294
2026-05-03T11:57:48.396Z,2026-05-03 07:57:48.396,91786,60,-2529,-2880,274
2026-05-03T11:57:48.436Z,2026-05-03 07:57:48.436,91786,61,-2530,-2874,293
2026-05-03T11:57:48.476Z,2026-05-03 07:57:48.476,91786,62,-2525,-2888,301
2026-05-03T11:57:48.516Z,2026-05-03 07:57:48.516,91786,63,-2536,-2893,285
2026-05-03T11:57:48.556Z,2026-05-03 07:57:48.556,91786,64,-2537,-2876,285
2026-05-03T11:57:48.596Z,2026-05-03 07:57:48.596,91786,65,-2514,-2870,279
2026-05-03T11:57:48.636Z,2026-05-03 07:57:48.636,91786,66,-2519,-2879,282
2026-05-03T11:57:48.676Z,2026-05-03 07:57:48.676,91786,67,-2528,-2896,293
2026-05-03T11:57:48.716Z,2026-05-03 07:57:48.716,91786,68,-2533,-2863,285
2026-05-03T11:57:48.756Z,2026-05-03 07:57:48.756,91786,69,-2531,-2883,278
2026-05-03T11:57:48.796Z,2026-05-03 07:57:48.796,91786,70,-2533,-2875,295
2026-05-03T11:57:48.836Z,2026-05-03 07:57:48.836,91786,71,-2515,-2884,287
2026-05-03T11:57:48.876Z,2026-05-03 07:57:48.876,91786,72,-2535,-2860,293
2026-05-03T11:57:48.916Z,2026-05-03 07:57:48.916,91786,73,-2516,-2874,281
2026-05-03T11:57:48.956Z,2026-05-03 07:57:48.956,91786,74,-2516,-2880,292
2026-05-03T11:57:48.996Z,2026-05-03 07:57:48.996,91786,75,-2527,-2882,297
2026-05-03T11:57:49.036Z,2026-05-03 07:57:49.036,91786,76,-2528,-2864,292
2026-05-03T11:57:49.076Z,2026-05-03 07:57:49.076,91786,77,-2523,-2885,287
2026-05-03T11:57:49.116Z,2026-05-03 07:57:49.116,91786,78,-2528,-2873,285
2026-05-03T11:57:49.156Z,2026-05-03 07:57:49.156,91786,79,-2530,-2868,279
2026-05-03T11:57:49.196Z,2026-05-03 07:57:49.196,91786,80,-2538,-2874,284
2026-05-03T11:57:49.236Z,2026-05-03 07:57:49.236,91786,81,-2530,-2879,289
2026-05-03T11:57:49.276Z,2026-05-03 07:57:49.276,91786,82,-2523,-2872,282
2026-05-03T11:57:49.316Z,2026-05-03 07:57:49.316,91786,83,-2520,-2874,294
2026-05-03T11:57:49.356Z,2026-05-03 07:57:49.356,91786,84,-2534,-2879,282
2026-05-03T11:57:49.396Z,2026-05-03 07:57:49.396,91786,85,-2527,-2876,287
2026-05-03T11:57:49.436Z,2026-05-03 07:57:49.436,91786,86,-2519,-2872,290
2026-05-03T11:57:49.476Z,2026-05-03 07:57:49.476,91786,87,-2537,-2877,288
2026-05-03T11:57:49.516Z,2026-05-03 07:57:49.516,91786,88,-2531,-2875,282
2026-05-03T11:57:49.556Z,2026-05-03 07:57:49.556,91786,89,-2523,-2874,280
2026-05-03T11:57:49.596Z,2026-05-03 07:57:49.596,91786,90,-2527,-2875,281
2026-05-03T11:57:49.636Z,2026-05-03 07:57:49.636,91786,91,-2529,-2875,293
2026-05-03T11:57:49.676Z,2026-05-03 07:57:49.676,91786,92,-2521,-2875,288
2026-05-03T11:57:49.716Z,2026-05-03 07:57:49.716,91786,93,-2524,-2884,291
2026-05-03T11:57:49.756Z,2026-05-03 07:57:49.756,91786,94,-2522,-2872,281
2026-05-03T11:57:49.796Z,2026-05-03 07:57:49.796,91786,95,-2520,-2883,284
2026-05-03T11:57:49.836Z,2026-05-03 07:57:49.836,91786,96,-2512,-2880,290
2026-05-03T11:57:49.876Z,2026-05-03 07:57:49.876,91786,97,-2525,-2880,284
2026-05-03T11:57:49.916Z,2026-05-03 07:57:49.916,91786,98,-2528,-2878,291
2026-05-03T11:57:49.956Z,2026-05-03 07:57:49.956,91786,99,-2533,-2868,287
2026-05-03T11:57:49.996Z,2026-05-03 07:57:49.996,91786,100,-2535,-2884,295
2026-05-03T11:57:50.036Z,2026-05-03 07:57:50.036,91787,1,-2531,-2873,307
2026-05-03T11:57:50.076Z,2026-05-03 07:57:50.076,91787,2,-2541,-2872,282
2026-05-03T11:57:50.116Z,2026-05-03 07:57:50.116,91787,3,-2534,-2871,282
2026-05-03T11:57:50.156Z,2026-05-03 07:57:50.156,91787,4,-2530,-2872,287
2026-05-03T11:57:50.196Z,2026-05-03 07:57:50.196,91787,5,-2530,-2883,287
2026-05-03T11:57:50.236Z,2026-05-03 07:57:50.236,91787,6,-2531,-2861,303
2026-05-03T11:57:50.276Z,2026-05-03 07:57:50.276,91787,7,-2533,-2876,276
2026-05-03T11:57:50.316Z,2026-05-03 07:57:50.316,91787,8,-2536,-2875,278
2026-05-03T11:57:50.356Z,2026-05-03 07:57:50.356,91787,9,-2519,-2871,283
2026-05-03T11:57:50.396Z,2026-05-03 07:57:50.396,91787,10,-2524,-2884,279
2026-05-03T11:57:50.436Z,2026-05-03 07:57:50.436,91787,11,-2534,-2879,284
2026-05-03T11:57:50.476Z,2026-05-03 07:57:50.476,91787,12,-2520,-2884,284
2026-05-03T11:57:50.516Z,2026-05-03 07:57:50.516,91787,13,-2536,-2879,290
2026-05-03T11:57:50.556Z,2026-05-03 07:57:50.556,91787,14,-2530,-2875,281
2026-05-03T11:57:50.596Z,2026-05-03 07:57:50.596,91787,15,-2524,-2884,276
2026-05-03T11:57:50.636Z,2026-05-03 07:57:50.636,91787,16,-2532,-2868,291
2026-05-03T11:57:50.676Z,2026-05-03 07:57:50.676,91787,17,-2537,-2875,285
2026-05-03T11:57:50.716Z,2026-05-03 07:57:50.716,91787,18,-2528,-2874,288
2026-05-03T11:57:50.756Z,2026-05-03 07:57:50.756,91787,19,-2526,-2883,291
2026-05-03T11:57:50.796Z,2026-05-03 07:57:50.796,91787,20,-2524,-2885,296
2026-05-03T11:57:50.836Z,2026-05-03 07:57:50.836,91787,21,-2525,-2888,296
2026-05-03T11:57:50.876Z,2026-05-03 07:57:50.876,91787,22,-2505,-2888,293
2026-05-03T11:57:50.916Z,2026-05-03 07:57:50.916,91787,23,-2527,-2880,288
2026-05-03T11:57:50.956Z,2026-05-03 07:57:50.956,91787,24,-2520,-2874,284
2026-05-03T11:57:50.996Z,2026-05-03 07:57:50.996,91787,25,-2522,-2871,284
2026-05-03T11:57:51.036Z,2026-05-03 07:57:51.036,91787,26,-2516,-2883,291
2026-05-03T11:57:51.076Z,2026-05-03 07:57:51.076,91787,27,-2517,-2873,286
2026-05-03T11:57:51.116Z,2026-05-03 07:57:51.116,91787,28,-2524,-2879,291
2026-05-03T11:57:51.156Z,2026-05-03 07:57:51.156,91787,29,-2534,-2875,296
2026-05-03T11:57:51.196Z,2026-05-03 07:57:51.196,91787,30,-2525,-2880,292
2026-05-03T11:57:51.236Z,2026-05-03 07:57:51.236,91787,31,-2528,-2875,297
2026-05-03T11:57:51.276Z,2026-05-03 07:57:51.276,91787,32,-2539,-2873,278
2026-05-03T11:57:51.316Z,2026-05-03 07:57:51.316,91787,33,-2517,-2868,291
2026-05-03T11:57:51.356Z,2026-05-03 07:57:51.356,91787,34,-2545,-2883,292
2026-05-03T11:57:51.396Z,2026-05-03 07:57:51.396,91787,35,-2534,-2879,289
2026-05-03T11:57:51.436Z,2026-05-03 07:57:51.436,91787,36,-2522,-2883,302
2026-05-03T11:57:51.476Z,2026-05-03 07:57:51.476,91787,37,-2528,-2891,302
2026-05-03T11:57:51.516Z,2026-05-03 07:57:51.516,91787,38,-2524,-2880,283
2026-05-03T11:57:51.556Z,2026-05-03 07:57:51.556,91787,39,-2530,-2879,291
2026-05-03T11:57:51.596Z,2026-05-03 07:57:51.596,91787,40,-2514,-2882,283
2026-05-03T11:57:51.636Z,2026-05-03 07:57:51.636,91787,41,-2521,-2887,276
2026-05-03T11:57:51.676Z,2026-05-03 07:57:51.676,91787,42,-2533,-2881,297
2026-05-03T11:57:51.716Z,2026-05-03 07:57:51.716,91787,43,-2522,-2879,297
2026-05-03T11:57:51.756Z,2026-05-03 07:57:51.756,91787,44,-2534,-2882,277
2026-05-03T11:57:51.796Z,2026-05-03 07:57:51.796,91787,45,-2535,-2875,294
2026-05-03T11:57:51.836Z,2026-05-03 07:57:51.836,91787,46,-2516,-2892,289
2026-05-03T11:57:51.876Z,2026-05-03 07:57:51.876,91787,47,-2528,-2880,279
2026-05-03T11:57:51.916Z,2026-05-03 07:57:51.916,91787,48,-2537,-2884,304
2026-05-03T11:57:51.956Z,2026-05-03 07:57:51.956,91787,49,-2528,-2879,280
2026-05-03T11:57:51.996Z,2026-05-03 07:57:51.996,91787,50,-2524,-2892,295
2026-05-03T11:57:52.036Z,2026-05-03 07:57:52.036,91787,51,-2517,-2870,299
2026-05-03T11:57:52.076Z,2026-05-03 07:57:52.076,91787,52,-2535,-2888,283
2026-05-03T11:57:52.116Z,2026-05-03 07:57:52.116,91787,53,-2528,-2866,273
2026-05-03T11:57:52.156Z,2026-05-03 07:57:52.156,91787,54,-2529,-2871,282
2026-05-03T11:57:52.196Z,2026-05-03 07:57:52.196,91787,55,-2531,-2883,293
2026-05-03T11:57:52.236Z,2026-05-03 07:57:52.236,91787,56,-2529,-2882,295
2026-05-03T11:57:52.276Z,2026-05-03 07:57:52.276,91787,57,-2524,-2867,283
2026-05-03T11:57:52.316Z,2026-05-03 07:57:52.316,91787,58,-2522,-2867,293
2026-05-03T11:57:52.356Z,2026-05-03 07:57:52.356,91787,59,-2525,-2880,289
2026-05-03T11:57:52.396Z,2026-05-03 07:57:52.396,91787,60,-2530,-2874,293
2026-05-03T11:57:52.436Z,2026-05-03 07:57:52.436,91787,61,-2524,-2882,288
2026-05-03T11:57:52.476Z,2026-05-03 07:57:52.476,91787,62,-2506,-2875,295
2026-05-03T11:57:52.516Z,2026-05-03 07:57:52.516,91787,63,-2528,-2871,290
2026-05-03T11:57:52.556Z,2026-05-03 07:57:52.556,91787,64,-2524,-2879,298
2026-05-03T11:57:52.596Z,2026-05-03 07:57:52.596,91787,65,-2523,-2871,281
2026-05-03T11:57:52.636Z,2026-05-03 07:57:52.636,91787,66,-2532,-2876,293
2026-05-03T11:57:52.676Z,2026-05-03 07:57:52.676,91787,67,-2527,-2880,298
2026-05-03T11:57:52.716Z,2026-05-03 07:57:52.716,91787,68,-2520,-2883,296
2026-05-03T11:57:52.756Z,2026-05-03 07:57:52.756,91787,69,-2545,-2879,285
2026-05-03T11:57:52.796Z,2026-05-03 07:57:52.796,91787,70,-2519,-2871,291
2026-05-03T11:57:52.836Z,2026-05-03 07:57:52.836,91787,71,-2522,-2874,284
2026-05-03T11:57:52.876Z,2026-05-03 07:57:52.876,91787,72,-2531,-2876,289
2026-05-03T11:57:52.916Z,2026-05-03 07:57:52.916,91787,73,-2523,-2873,298
2026-05-03T11:57:52.956Z,2026-05-03 07:57:52.956,91787,74,-2532,-2887,281
2026-05-03T11:57:52.996Z,2026-05-03 07:57:52.996,91787,75,-2529,-2884,290
2026-05-03T11:57:53.036Z,2026-05-03 07:57:53.036,91787,76,-2534,-2876,288
2026-05-03T11:57:53.076Z,2026-05-03 07:57:53.076,91787,77,-2535,-2880,284
2026-05-03T11:57:53.116Z,2026-05-03 07:57:53.116,91787,78,-2519,-2873,283
2026-05-03T11:57:53.156Z,2026-05-03 07:57:53.156,91787,79,-2534,-2880,281
2026-05-03T11:57:53.196Z,2026-05-03 07:57:53.196,91787,80,-2530,-2871,294
2026-05-03T11:57:53.236Z,2026-05-03 07:57:53.236,91787,81,-2527,-2887,288
2026-05-03T11:57:53.276Z,2026-05-03 07:57:53.276,91787,82,-2520,-2892,292
2026-05-03T11:57:53.316Z,2026-05-03 07:57:53.316,91787,83,-2533,-2871,294
2026-05-03T11:57:53.356Z,2026-05-03 07:57:53.356,91787,84,-2527,-2872,284
2026-05-03T11:57:53.396Z,2026-05-03 07:57:53.396,91787,85,-2538,-2880,291
2026-05-03T11:57:53.436Z,2026-05-03 07:57:53.436,91787,86,-2540,-2873,291
2026-05-03T11:57:53.476Z,2026-05-03 07:57:53.476,91787,87,-2526,-2884,281
2026-05-03T11:57:53.516Z,2026-05-03 07:57:53.516,91787,88,-2528,-2878,290
2026-05-03T11:57:53.556Z,2026-05-03 07:57:53.556,91787,89,-2529,-2872,287
2026-05-03T11:57:53.596Z,2026-05-03 07:57:53.596,91787,90,-2533,-2879,292
2026-05-03T11:57:53.636Z,2026-05-03 07:57:53.636,91787,91,-2527,-2866,285
2026-05-03T11:57:53.676Z,2026-05-03 07:57:53.676,91787,92,-2521,-2881,292
2026-05-03T11:57:53.716Z,2026-05-03 07:57:53.716,91787,93,-2521,-2880,279
2026-05-03T11:57:53.756Z,2026-05-03 07:57:53.756,91787,94,-2524,-2874,290
2026-05-03T11:57:53.796Z,2026-05-03 07:57:53.796,91787,95,-2527,-2881,283
2026-05-03T11:57:53.836Z,2026-05-03 07:57:53.836,91787,96,-2529,-2872,295
2026-05-03T11:57:53.876Z,2026-05-03 07:57:53.876,91787,97,-2526,-2867,299
2026-05-03T11:57:53.916Z,2026-05-03 07:57:53.916,91787,98,-2533,-2886,285
2026-05-03T11:57:53.956Z,2026-05-03 07:57:53.956,91787,99,-2525,-2875,297
2026-05-03T11:57:53.996Z,2026-05-03 07:57:53.996,91787,100,-2525,-2866,282
2026-05-03T11:57:54.036Z,2026-05-03 07:57:54.036,91788,1,-2527,-2874,288
2026-05-03T11:57:54.076Z,2026-05-03 07:57:54.076,91788,2,-2528,-2873,299
2026-05-03T11:57:54.116Z,2026-05-03 07:57:54.116,91788,3,-2529,-2881,278
2026-05-03T11:57:54.156Z,2026-05-03 07:57:54.156,91788,4,-2524,-2867,293
2026-05-03T11:57:54.196Z,2026-05-03 07:57:54.196,91788,5,-2525,-2876,284
2026-05-03T11:57:54.236Z,2026-05-03 07:57:54.236,91788,6,-2523,-2881,286
2026-05-03T11:57:54.276Z,2026-05-03 07:57:54.276,91788,7,-2523,-2887,292
2026-05-03T11:57:54.316Z,2026-05-03 07:57:54.316,91788,8,-2522,-2879,296
2026-05-03T11:57:54.356Z,2026-05-03 07:57:54.356,91788,9,-2523,-2876,287
2026-05-03T11:57:54.396Z,2026-05-03 07:57:54.396,91788,10,-2516,-2877,288
2026-05-03T11:57:54.436Z,2026-05-03 07:57:54.436,91788,11,-2528,-2889,294
2026-05-03T11:57:54.476Z,2026-05-03 07:57:54.476,91788,12,-2528,-2880,283
2026-05-03T11:57:54.516Z,2026-05-03 07:57:54.516,91788,13,-2537,-2874,297
2026-05-03T11:57:54.556Z,2026-05-03 07:57:54.556,91788,14,-2530,-2867,297
2026-05-03T11:57:54.596Z,2026-05-03 07:57:54.596,91788,15,-2530,-2881,291
2026-05-03T11:57:54.636Z,2026-05-03 07:57:54.636,91788,16,-2528,-2871,289
2026-05-03T11:57:54.676Z,2026-05-03 07:57:54.676,91788,17,-2526,-2871,291
2026-05-03T11:57:54.716Z,2026-05-03 07:57:54.716,91788,18,-2521,-2872,291
2026-05-03T11:57:54.756Z,2026-05-03 07:57:54.756,91788,19,-2529,-2879,295
2026-05-03T11:57:54.796Z,2026-05-03 07:57:54.796,91788,20,-2534,-2871,280
2026-05-03T11:57:54.836Z,2026-05-03 07:57:54.836,91788,21,-2527,-2881,290
2026-05-03T11:57:54.876Z,2026-05-03 07:57:54.876,91788,22,-2527,-2879,284
2026-05-03T11:57:54.916Z,2026-05-03 07:57:54.916,91788,23,-2536,-2871,290
2026-05-03T11:57:54.956Z,2026-05-03 07:57:54.956,91788,24,-2524,-2875,279
2026-05-03T11:57:54.996Z,2026-05-03 07:57:54.996,91788,25,-2526,-2874,288
2026-05-03T11:57:55.036Z,2026-05-03 07:57:55.036,91788,26,-2517,-2863,287
2026-05-03T11:57:55.076Z,2026-05-03 07:57:55.076,91788,27,-2527,-2886,299
2026-05-03T11:57:55.116Z,2026-05-03 07:57:55.116,91788,28,-2537,-2874,279
2026-05-03T11:57:55.156Z,2026-05-03 07:57:55.156,91788,29,-2533,-2887,273
2026-05-03T11:57:55.196Z,2026-05-03 07:57:55.196,91788,30,-2522,-2877,288
2026-05-03T11:57:55.236Z,2026-05-03 07:57:55.236,91788,31,-2524,-2886,292
2026-05-03T11:57:55.276Z,2026-05-03 07:57:55.276,91788,32,-2529,-2868,282
2026-05-03T11:57:55.316Z,2026-05-03 07:57:55.316,91788,33,-2529,-2881,291
2026-05-03T11:57:55.356Z,2026-05-03 07:57:55.356,91788,34,-2533,-2889,279
2026-05-03T11:57:55.396Z,2026-05-03 07:57:55.396,91788,35,-2520,-2884,290
2026-05-03T11:57:55.436Z,2026-05-03 07:57:55.436,91788,36,-2522,-2879,285
2026-05-03T11:57:55.476Z,2026-05-03 07:57:55.476,91788,37,-2525,-2876,278
2026-05-03T11:57:55.516Z,2026-05-03 07:57:55.516,91788,38,-2527,-2875,290
2026-05-03T11:57:55.556Z,2026-05-03 07:57:55.556,91788,39,-2520,-2876,284
2026-05-03T11:57:55.596Z,2026-05-03 07:57:55.596,91788,40,-2520,-2880,286
2026-05-03T11:57:55.636Z,2026-05-03 07:57:55.636,91788,41,-2526,-2872,286
2026-05-03T11:57:55.676Z,2026-05-03 07:57:55.676,91788,42,-2523,-2875,292
2026-05-03T11:57:55.716Z,2026-05-03 07:57:55.716,91788,43,-2518,-2867,288
2026-05-03T11:57:55.756Z,2026-05-03 07:57:55.756,91788,44,-2529,-2870,281
2026-05-03T11:57:55.796Z,2026-05-03 07:57:55.796,91788,45,-2531,-2880,294
2026-05-03T11:57:55.836Z,2026-05-03 07:57:55.836,91788,46,-2528,-2870,290
2026-05-03T11:57:55.876Z,2026-05-03 07:57:55.876,91788,47,-2519,-2872,276
2026-05-03T11:57:55.916Z,2026-05-03 07:57:55.916,91788,48,-2534,-2884,287
2026-05-03T11:57:55.956Z,2026-05-03 07:57:55.956,91788,49,-2520,-2875,287
2026-05-03T11:57:55.996Z,2026-05-03 07:57:55.996,91788,50,-2539,-2867,299
2026-05-03T11:57:56.036Z,2026-05-03 07:57:56.036,91788,51,-2528,-2871,284
2026-05-03T11:57:56.076Z,2026-05-03 07:57:56.076,91788,52,-2518,-2882,282
2026-05-03T11:57:56.116Z,2026-05-03 07:57:56.116,91788,53,-2518,-2871,286
2026-05-03T11:57:56.156Z,2026-05-03 07:57:56.156,91788,54,-2537,-2880,293
2026-05-03T11:57:56.196Z,2026-05-03 07:57:56.196,91788,55,-2530,-2871,272
2026-05-03T11:57:56.236Z,2026-05-03 07:57:56.236,91788,56,-2525,-2870,268
2026-05-03T11:57:56.276Z,2026-05-03 07:57:56.276,91788,57,-2532,-2869,291
2026-05-03T11:57:56.316Z,2026-05-03 07:57:56.316,91788,58,-2530,-2858,288
2026-05-03T11:57:56.356Z,2026-05-03 07:57:56.356,91788,59,-2521,-2869,291
2026-05-03T11:57:56.396Z,2026-05-03 07:57:56.396,91788,60,-2538,-2883,287
2026-05-03T11:57:56.436Z,2026-05-03 07:57:56.436,91788,61,-2537,-2867,299
2026-05-03T11:57:56.476Z,2026-05-03 07:57:56.476,91788,62,-2542,-2865,290
2026-05-03T11:57:56.516Z,2026-05-03 07:57:56.516,91788,63,-2517,-2881,290
2026-05-03T11:57:56.556Z,2026-05-03 07:57:56.556,91788,64,-2526,-2874,296
2026-05-03T11:57:56.596Z,2026-05-03 07:57:56.596,91788,65,-2534,-2872,284
2026-05-03T11:57:56.636Z,2026-05-03 07:57:56.636,91788,66,-2521,-2875,296
2026-05-03T11:57:56.676Z,2026-05-03 07:57:56.676,91788,67,-2521,-2884,292
2026-05-03T11:57:56.716Z,2026-05-03 07:57:56.716,91788,68,-2531,-2875,281
2026-05-03T11:57:56.756Z,2026-05-03 07:57:56.756,91788,69,-2524,-2868,287
2026-05-03T11:57:56.796Z,2026-05-03 07:57:56.796,91788,70,-2539,-2880,278
2026-05-03T11:57:56.836Z,2026-05-03 07:57:56.836,91788,71,-2541,-2876,278
2026-05-03T11:57:56.876Z,2026-05-03 07:57:56.876,91788,72,-2529,-2876,287
2026-05-03T11:57:56.916Z,2026-05-03 07:57:56.916,91788,73,-2534,-2881,280
2026-05-03T11:57:56.956Z,2026-05-03 07:57:56.956,91788,74,-2525,-2878,296
2026-05-03T11:57:56.996Z,2026-05-03 07:57:56.996,91788,75,-2527,-2880,283
2026-05-03T11:57:57.036Z,2026-05-03 07:57:57.036,91788,76,-2528,-2879,284
2026-05-03T11:57:57.076Z,2026-05-03 07:57:57.076,91788,77,-2524,-2883,272
2026-05-03T11:57:57.116Z,2026-05-03 07:57:57.116,91788,78,-2541,-2863,283
2026-05-03T11:57:57.156Z,2026-05-03 07:57:57.156,91788,79,-2525,-2875,273
2026-05-03T11:57:57.196Z,2026-05-03 07:57:57.196,91788,80,-2529,-2877,284
2026-05-03T11:57:57.236Z,2026-05-03 07:57:57.236,91788,81,-2519,-2879,275
2026-05-03T11:57:57.276Z,2026-05-03 07:57:57.276,91788,82,-2530,-2873,299
2026-05-03T11:57:57.316Z,2026-05-03 07:57:57.316,91788,83,-2523,-2883,291
2026-05-03T11:57:57.356Z,2026-05-03 07:57:57.356,91788,84,-2531,-2870,292
2026-05-03T11:57:57.396Z,2026-05-03 07:57:57.396,91788,85,-2529,-2876,290
2026-05-03T11:57:57.436Z,2026-05-03 07:57:57.436,91788,86,-2525,-2872,293
2026-05-03T11:57:57.476Z,2026-05-03 07:57:57.476,91788,87,-2535,-2888,292
2026-05-03T11:57:57.516Z,2026-05-03 07:57:57.516,91788,88,-2527,-2875,284
2026-05-03T11:57:57.556Z,2026-05-03 07:57:57.556,91788,89,-2530,-2870,288
2026-05-03T11:57:57.596Z,2026-05-03 07:57:57.596,91788,90,-2519,-2885,274
2026-05-03T11:57:57.636Z,2026-05-03 07:57:57.636,91788,91,-2518,-2875,296
2026-05-03T11:57:57.676Z,2026-05-03 07:57:57.676,91788,92,-2530,-2867,303
2026-05-03T11:57:57.716Z,2026-05-03 07:57:57.716,91788,93,-2533,-2875,288
2026-05-03T11:57:57.756Z,2026-05-03 07:57:57.756,91788,94,-2541,-2872,285
2026-05-03T11:57:57.796Z,2026-05-03 07:57:57.796,91788,95,-2528,-2876,296
2026-05-03T11:57:57.836Z,2026-05-03 07:57:57.836,91788,96,-2532,-2878,283
2026-05-03T11:57:57.876Z,2026-05-03 07:57:57.876,91788,97,-2533,-2871,271
2026-05-03T11:57:57.916Z,2026-05-03 07:57:57.916,91788,98,-2525,-2875,288
2026-05-03T11:57:57.956Z,2026-05-03 07:57:57.956,91788,99,-2530,-2874,279
2026-05-03T11:57:57.996Z,2026-05-03 07:57:57.996,91788,100,-2533,-2871,285
2026-05-03T11:57:58.036Z,2026-05-03 07:57:58.036,91789,1,-2532,-2872,296
2026-05-03T11:57:58.076Z,2026-05-03 07:57:58.076,91789,2,-2519,-2880,281
2026-05-03T11:57:58.116Z,2026-05-03 07:57:58.116,91789,3,-2534,-2876,298
2026-05-03T11:57:58.156Z,2026-05-03 07:57:58.156,91789,4,-2512,-2870,295
2026-05-03T11:57:58.196Z,2026-05-03 07:57:58.196,91789,5,-2540,-2872,275
2026-05-03T11:57:58.236Z,2026-05-03 07:57:58.236,91789,6,-2519,-2874,284
2026-05-03T11:57:58.276Z,2026-05-03 07:57:58.276,91789,7,-2517,-2876,290
2026-05-03T11:57:58.316Z,2026-05-03 07:57:58.316,91789,8,-2532,-2871,273
2026-05-03T11:57:58.356Z,2026-05-03 07:57:58.356,91789,9,-2530,-2872,280
2026-05-03T11:57:58.396Z,2026-05-03 07:57:58.396,91789,10,-2516,-2872,281
2026-05-03T11:57:58.436Z,2026-05-03 07:57:58.436,91789,11,-2516,-2864,285
2026-05-03T11:57:58.476Z,2026-05-03 07:57:58.476,91789,12,-2534,-2869,294
2026-05-03T11:57:58.516Z,2026-05-03 07:57:58.516,91789,13,-2519,-2875,282
2026-05-03T11:57:58.556Z,2026-05-03 07:57:58.556,91789,14,-2523,-2871,280
2026-05-03T11:57:58.596Z,2026-05-03 07:57:58.596,91789,15,-2533,-2880,282
2026-05-03T11:57:58.636Z,2026-05-03 07:57:58.636,91789,16,-2532,-2880,289
2026-05-03T11:57:58.676Z,2026-05-03 07:57:58.676,91789,17,-2531,-2872,269
2026-05-03T11:57:58.716Z,2026-05-03 07:57:58.716,91789,18,-2526,-2895,283
2026-05-03T11:57:58.756Z,2026-05-03 07:57:58.756,91789,19,-2515,-2878,281
2026-05-03T11:57:58.796Z,2026-05-03 07:57:58.796,91789,20,-2530,-2882,283
2026-05-03T11:57:58.836Z,2026-05-03 07:57:58.836,91789,21,-2529,-2867,288
2026-05-03T11:57:58.876Z,2026-05-03 07:57:58.876,91789,22,-2526,-2882,291
2026-05-03T11:57:58.916Z,2026-05-03 07:57:58.916,91789,23,-2517,-2875,289
2026-05-03T11:57:58.956Z,2026-05-03 07:57:58.956,91789,24,-2521,-2871,290
2026-05-03T11:57:58.996Z,2026-05-03 07:57:58.996,91789,25,-2525,-2875,287
2026-05-03T11:57:59.036Z,2026-05-03 07:57:59.036,91789,26,-2519,-2884,287
2026-05-03T11:57:59.076Z,2026-05-03 07:57:59.076,91789,27,-2529,-2876,293
2026-05-03T11:57:59.116Z,2026-05-03 07:57:59.116,91789,28,-2522,-2880,283
2026-05-03T11:57:59.156Z,2026-05-03 07:57:59.156,91789,29,-2520,-2868,298
2026-05-03T11:57:59.196Z,2026-05-03 07:57:59.196,91789,30,-2529,-2872,301
2026-05-03T11:57:59.236Z,2026-05-03 07:57:59.236,91789,31,-2520,-2882,282
2026-05-03T11:57:59.276Z,2026-05-03 07:57:59.276,91789,32,-2521,-2873,289
2026-05-03T11:57:59.316Z,2026-05-03 07:57:59.316,91789,33,-2536,-2871,289
2026-05-03T11:57:59.356Z,2026-05-03 07:57:59.356,91789,34,-2538,-2876,287
2026-05-03T11:57:59.396Z,2026-05-03 07:57:59.396,91789,35,-2528,-2876,280
2026-05-03T11:57:59.436Z,2026-05-03 07:57:59.436,91789,36,-2532,-2873,289
2026-05-03T11:57:59.476Z,2026-05-03 07:57:59.476,91789,37,-2531,-2888,290
2026-05-03T11:57:59.516Z,2026-05-03 07:57:59.516,91789,38,-2518,-2862,274
2026-05-03T11:57:59.556Z,2026-05-03 07:57:59.556,91789,39,-2540,-2879,292
2026-05-03T11:57:59.596Z,2026-05-03 07:57:59.596,91789,40,-2533,-2884,291
2026-05-03T11:57:59.636Z,2026-05-03 07:57:59.636,91789,41,-2521,-2880,302
2026-05-03T11:57:59.676Z,2026-05-03 07:57:59.676,91789,42,-2521,-2879,282
2026-05-03T11:57:59.716Z,2026-05-03 07:57:59.716,91789,43,-2521,-2879,286
2026-05-03T11:57:59.756Z,2026-05-03 07:57:59.756,91789,44,-2521,-2876,294
2026-05-03T11:57:59.796Z,2026-05-03 07:57:59.796,91789,45,-2523,-2871,291
2026-05-03T11:57:59.836Z,2026-05-03 07:57:59.836,91789,46,-2533,-2889,283
2026-05-03T11:57:59.876Z,2026-05-03 07:57:59.876,91789,47,-2537,-2879,300
2026-05-03T11:57:59.916Z,2026-05-03 07:57:59.916,91789,48,-2528,-2878,293
2026-05-03T11:57:59.956Z,2026-05-03 07:57:59.956,91789,49,-2522,-2888,289
2026-05-03T11:57:59.996Z,2026-05-03 07:57:59.996,91789,50,-2538,-2859,290
2026-05-03T11:58:00.036Z,2026-05-03 07:58:00.036,91789,51,-2524,-2882,286
2026-05-03T11:58:00.076Z,2026-05-03 07:58:00.076,91789,52,-2537,-2882,286
2026-05-03T11:58:00.116Z,2026-05-03 07:58:00.116,91789,53,-2534,-2872,297
2026-05-03T11:58:00.156Z,2026-05-03 07:58:00.156,91789,54,-2521,-2890,297
2026-05-03T11:58:00.196Z,2026-05-03 07:58:00.196,91789,55,-2519,-2874,273
2026-05-03T11:58:00.236Z,2026-05-03 07:58:00.236,91789,56,-2521,-2869,293
2026-05-03T11:58:00.276Z,2026-05-03 07:58:00.276,91789,57,-2529,-2878,280
2026-05-03T11:58:00.316Z,2026-05-03 07:58:00.316,91789,58,-2520,-2883,280
2026-05-03T11:58:00.356Z,2026-05-03 07:58:00.356,91789,59,-2536,-2874,297
2026-05-03T11:58:00.396Z,2026-05-03 07:58:00.396,91789,60,-2518,-2875,287
2026-05-03T11:58:00.436Z,2026-05-03 07:58:00.436,91789,61,-2529,-2857,287
2026-05-03T11:58:00.476Z,2026-05-03 07:58:00.476,91789,62,-2519,-2884,290
2026-05-03T11:58:00.516Z,2026-05-03 07:58:00.516,91789,63,-2530,-2873,282
2026-05-03T11:58:00.556Z,2026-05-03 07:58:00.556,91789,64,-2521,-2879,289
2026-05-03T11:58:00.596Z,2026-05-03 07:58:00.596,91789,65,-2530,-2876,279
2026-05-03T11:58:00.636Z,2026-05-03 07:58:00.636,91789,66,-2528,-2869,292
2026-05-03T11:58:00.676Z,2026-05-03 07:58:00.676,91789,67,-2528,-2882,284
2026-05-03T11:58:00.716Z,2026-05-03 07:58:00.716,91789,68,-2546,-2879,286
2026-05-03T11:58:00.756Z,2026-05-03 07:58:00.756,91789,69,-2530,-2879,291
2026-05-03T11:58:00.796Z,2026-05-03 07:58:00.796,91789,70,-2524,-2880,294
2026-05-03T11:58:00.836Z,2026-05-03 07:58:00.836,91789,71,-2536,-2886,289
2026-05-03T11:58:00.876Z,2026-05-03 07:58:00.876,91789,72,-2525,-2879,279
2026-05-03T11:58:00.916Z,2026-05-03 07:58:00.916,91789,73,-2522,-2876,296
2026-05-03T11:58:00.956Z,2026-05-03 07:58:00.956,91789,74,-2516,-2875,285
2026-05-03T11:58:00.996Z,2026-05-03 07:58:00.996,91789,75,-2534,-2879,280
2026-05-03T11:58:01.036Z,2026-05-03 07:58:01.036,91789,76,-2527,-2876,290
2026-05-03T11:58:01.076Z,2026-05-03 07:58:01.076,91789,77,-2537,-2884,285
2026-05-03T11:58:01.116Z,2026-05-03 07:58:01.116,91789,78,-2525,-2868,288
2026-05-03T11:58:01.156Z,2026-05-03 07:58:01.156,91789,79,-2534,-2876,294
2026-05-03T11:58:01.196Z,2026-05-03 07:58:01.196,91789,80,-2530,-2879,286
2026-05-03T11:58:01.236Z,2026-05-03 07:58:01.236,91789,81,-2526,-2873,293
2026-05-03T11:58:01.276Z,2026-05-03 07:58:01.276,91789,82,-2523,-2875,282
2026-05-03T11:58:01.316Z,2026-05-03 07:58:01.316,91789,83,-2538,-2883,291
2026-05-03T11:58:01.356Z,2026-05-03 07:58:01.356,91789,84,-2530,-2879,276
2026-05-03T11:58:01.396Z,2026-05-03 07:58:01.396,91789,85,-2521,-2884,294
2026-05-03T11:58:01.436Z,2026-05-03 07:58:01.436,91789,86,-2532,-2855,297
2026-05-03T11:58:01.476Z,2026-05-03 07:58:01.476,91789,87,-2517,-2875,290
2026-05-03T11:58:01.516Z,2026-05-03 07:58:01.516,91789,88,-2537,-2868,299
2026-05-03T11:58:01.556Z,2026-05-03 07:58:01.556,91789,89,-2529,-2871,300
2026-05-03T11:58:01.596Z,2026-05-03 07:58:01.596,91789,90,-2522,-2875,289
2026-05-03T11:58:01.636Z,2026-05-03 07:58:01.636,91789,91,-2538,-2879,280
2026-05-03T11:58:01.676Z,2026-05-03 07:58:01.676,91789,92,-2524,-2871,286
2026-05-03T11:58:01.716Z,2026-05-03 07:58:01.716,91789,93,-2526,-2882,283
2026-05-03T11:58:01.756Z,2026-05-03 07:58:01.756,91789,94,-2518,-2885,289
2026-05-03T11:58:01.796Z,2026-05-03 07:58:01.796,91789,95,-2522,-2876,295
2026-05-03T11:58:01.836Z,2026-05-03 07:58:01.836,91789,96,-2527,-2887,288
2026-05-03T11:58:01.876Z,2026-05-03 07:58:01.876,91789,97,-2525,-2863,291
2026-05-03T11:58:01.916Z,2026-05-03 07:58:01.916,91789,98,-2522,-2879,295
2026-05-03T11:58:01.956Z,2026-05-03 07:58:01.956,91789,99,-2548,-2888,289
2026-05-03T11:58:01.996Z,2026-05-03 07:58:01.996,91789,100,-2531,-2881,292
2026-05-03T11:58:02.036Z,2026-05-03 07:58:02.036,91790,1,-2534,-2874,293
2026-05-03T11:58:02.076Z,2026-05-03 07:58:02.076,91790,2,-2534,-2868,291
2026-05-03T11:58:02.116Z,2026-05-03 07:58:02.116,91790,3,-2521,-2874,290
2026-05-03T11:58:02.156Z,2026-05-03 07:58:02.156,91790,4,-2530,-2879,292
2026-05-03T11:58:02.196Z,2026-05-03 07:58:02.196,91790,5,-2536,-2880,283
2026-05-03T11:58:02.236Z,2026-05-03 07:58:02.236,91790,6,-2523,-2890,279
2026-05-03T11:58:02.276Z,2026-05-03 07:58:02.276,91790,7,-2537,-2878,291
2026-05-03T11:58:02.316Z,2026-05-03 07:58:02.316,91790,8,-2530,-2880,297
2026-05-03T11:58:02.356Z,2026-05-03 07:58:02.356,91790,9,-2527,-2867,290
2026-05-03T11:58:02.396Z,2026-05-03 07:58:02.396,91790,10,-2527,-2891,299
2026-05-03T11:58:02.436Z,2026-05-03 07:58:02.436,91790,11,-2527,-2876,291
2026-05-03T11:58:02.476Z,2026-05-03 07:58:02.476,91790,12,-2524,-2871,293
2026-05-03T11:58:02.516Z,2026-05-03 07:58:02.516,91790,13,-2526,-2871,285
2026-05-03T11:58:02.556Z,2026-05-03 07:58:02.556,91790,14,-2529,-2874,291
2026-05-03T11:58:02.596Z,2026-05-03 07:58:02.596,91790,15,-2536,-2880,289
2026-05-03T11:58:02.636Z,2026-05-03 07:58:02.636,91790,16,-2524,-2880,278
2026-05-03T11:58:02.676Z,2026-05-03 07:58:02.676,91790,17,-2522,-2879,293
2026-05-03T11:58:02.716Z,2026-05-03 07:58:02.716,91790,18,-2536,-2879,292
2026-05-03T11:58:02.756Z,2026-05-03 07:58:02.756,91790,19,-2512,-2879,284
2026-05-03T11:58:02.796Z,2026-05-03 07:58:02.796,91790,20,-2529,-2873,281
2026-05-03T11:58:02.836Z,2026-05-03 07:58:02.836,91790,21,-2526,-2880,287
2026-05-03T11:58:02.876Z,2026-05-03 07:58:02.876,91790,22,-2517,-2870,274
2026-05-03T11:58:02.916Z,2026-05-03 07:58:02.916,91790,23,-2524,-2871,282
2026-05-03T11:58:02.956Z,2026-05-03 07:58:02.956,91790,24,-2525,-2887,287
2026-05-03T11:58:02.996Z,2026-05-03 07:58:02.996,91790,25,-2529,-2865,297
2026-05-03T11:58:03.036Z,2026-05-03 07:58:03.036,91790,26,-2516,-2896,286
2026-05-03T11:58:03.076Z,2026-05-03 07:58:03.076,91790,27,-2517,-2872,293
2026-05-03T11:58:03.116Z,2026-05-03 07:58:03.116,91790,28,-2513,-2883,278
2026-05-03T11:58:03.156Z,2026-05-03 07:58:03.156,91790,29,-2536,-2887,275
2026-05-03T11:58:03.196Z,2026-05-03 07:58:03.196,91790,30,-2527,-2872,296
2026-05-03T11:58:03.236Z,2026-05-03 07:58:03.236,91790,31,-2528,-2880,286
2026-05-03T11:58:03.276Z,2026-05-03 07:58:03.276,91790,32,-2527,-2878,276
2026-05-03T11:58:03.316Z,2026-05-03 07:58:03.316,91790,33,-2531,-2875,285
2026-05-03T11:58:03.356Z,2026-05-03 07:58:03.356,91790,34,-2524,-2886,297
2026-05-03T11:58:03.396Z,2026-05-03 07:58:03.396,91790,35,-2522,-2879,280
2026-05-03T11:58:03.436Z,2026-05-03 07:58:03.436,91790,36,-2543,-2871,288
2026-05-03T11:58:03.476Z,2026-05-03 07:58:03.476,91790,37,-2520,-2884,294
2026-05-03T11:58:03.516Z,2026-05-03 07:58:03.516,91790,38,-2523,-2877,292
2026-05-03T11:58:03.556Z,2026-05-03 07:58:03.556,91790,39,-2531,-2882,278
2026-05-03T11:58:03.596Z,2026-05-03 07:58:03.596,91790,40,-2526,-2880,289
2026-05-03T11:58:03.636Z,2026-05-03 07:58:03.636,91790,41,-2540,-2871,287
2026-05-03T11:58:03.676Z,2026-05-03 07:58:03.676,91790,42,-2532,-2876,293
2026-05-03T11:58:03.716Z,2026-05-03 07:58:03.716,91790,43,-2526,-2870,290
2026-05-03T11:58:03.756Z,2026-05-03 07:58:03.756,91790,44,-2529,-2864,291
2026-05-03T11:58:03.796Z,2026-05-03 07:58:03.796,91790,45,-2519,-2883,286
2026-05-03T11:58:03.836Z,2026-05-03 07:58:03.836,91790,46,-2527,-2868,287
2026-05-03T11:58:03.876Z,2026-05-03 07:58:03.876,91790,47,-2525,-2875,288
2026-05-03T11:58:03.916Z,2026-05-03 07:58:03.916,91790,48,-2523,-2882,297
2026-05-03T11:58:03.956Z,2026-05-03 07:58:03.956,91790,49,-2534,-2876,278
2026-05-03T11:58:03.996Z,2026-05-03 07:58:03.996,91790,50,-2527,-2883,285
2026-05-03T11:58:04.036Z,2026-05-03 07:58:04.036,91790,51,-2525,-2876,293
2026-05-03T11:58:04.076Z,2026-05-03 07:58:04.076,91790,52,-2528,-2887,289
2026-05-03T11:58:04.116Z,2026-05-03 07:58:04.116,91790,53,-2533,-2874,287
2026-05-03T11:58:04.156Z,2026-05-03 07:58:04.156,91790,54,-2533,-2879,297
2026-05-03T11:58:04.196Z,2026-05-03 07:58:04.196,91790,55,-2525,-2880,286
2026-05-03T11:58:04.236Z,2026-05-03 07:58:04.236,91790,56,-2537,-2884,294
2026-05-03T11:58:04.276Z,2026-05-03 07:58:04.276,91790,57,-2524,-2875,291
2026-05-03T11:58:04.316Z,2026-05-03 07:58:04.316,91790,58,-2529,-2877,276
2026-05-03T11:58:04.356Z,2026-05-03 07:58:04.356,91790,59,-2516,-2879,293
2026-05-03T11:58:04.396Z,2026-05-03 07:58:04.396,91790,60,-2525,-2874,290
2026-05-03T11:58:04.436Z,2026-05-03 07:58:04.436,91790,61,-2533,-2871,294
2026-05-03T11:58:04.476Z,2026-05-03 07:58:04.476,91790,62,-2539,-2871,294
2026-05-03T11:58:04.516Z,2026-05-03 07:58:04.516,91790,63,-2524,-2865,292
2026-05-03T11:58:04.556Z,2026-05-03 07:58:04.556,91790,64,-2531,-2880,293
2026-05-03T11:58:04.596Z,2026-05-03 07:58:04.596,91790,65,-2526,-2875,284
2026-05-03T11:58:04.636Z,2026-05-03 07:58:04.636,91790,66,-2522,-2865,292
2026-05-03T11:58:04.676Z,2026-05-03 07:58:04.676,91790,67,-2534,-2884,283
2026-05-03T11:58:04.716Z,2026-05-03 07:58:04.716,91790,68,-2523,-2890,289
2026-05-03T11:58:04.756Z,2026-05-03 07:58:04.756,91790,69,-2528,-2881,287
2026-05-03T11:58:04.796Z,2026-05-03 07:58:04.796,91790,70,-2526,-2879,299
2026-05-03T11:58:04.836Z,2026-05-03 07:58:04.836,91790,71,-2528,-2881,287
2026-05-03T11:58:04.876Z,2026-05-03 07:58:04.876,91790,72,-2528,-2869,287
2026-05-03T11:58:04.916Z,2026-05-03 07:58:04.916,91790,73,-2529,-2886,289
2026-05-03T11:58:04.956Z,2026-05-03 07:58:04.956,91790,74,-2523,-2879,289
2026-05-03T11:58:04.996Z,2026-05-03 07:58:04.996,91790,75,-2524,-2879,292
2026-05-03T11:58:05.036Z,2026-05-03 07:58:05.036,91790,76,-2535,-2887,294
2026-05-03T11:58:05.076Z,2026-05-03 07:58:05.076,91790,77,-2513,-2885,290
2026-05-03T11:58:05.116Z,2026-05-03 07:58:05.116,91790,78,-2524,-2879,292
2026-05-03T11:58:05.156Z,2026-05-03 07:58:05.156,91790,79,-2536,-2881,289
2026-05-03T11:58:05.196Z,2026-05-03 07:58:05.196,91790,80,-2526,-2880,288
2026-05-03T11:58:05.236Z,2026-05-03 07:58:05.236,91790,81,-2517,-2879,285
2026-05-03T11:58:05.276Z,2026-05-03 07:58:05.276,91790,82,-2535,-2880,295
2026-05-03T11:58:05.316Z,2026-05-03 07:58:05.316,91790,83,-2525,-2886,289
2026-05-03T11:58:05.356Z,2026-05-03 07:58:05.356,91790,84,-2535,-2883,287
2026-05-03T11:58:05.396Z,2026-05-03 07:58:05.396,91790,85,-2534,-2867,290
2026-05-03T11:58:05.436Z,2026-05-03 07:58:05.436,91790,86,-2526,-2870,286
2026-05-03T11:58:05.476Z,2026-05-03 07:58:05.476,91790,87,-2519,-2866,284
2026-05-03T11:58:05.516Z,2026-05-03 07:58:05.516,91790,88,-2521,-2873,281
2026-05-03T11:58:05.556Z,2026-05-03 07:58:05.556,91790,89,-2525,-2887,289
2026-05-03T11:58:05.596Z,2026-05-03 07:58:05.596,91790,90,-2514,-2874,280
2026-05-03T11:58:05.636Z,2026-05-03 07:58:05.636,91790,91,-2530,-2881,289
2026-05-03T11:58:05.676Z,2026-05-03 07:58:05.676,91790,92,-2533,-2866,282
2026-05-03T11:58:05.716Z,2026-05-03 07:58:05.716,91790,93,-2511,-2875,296
2026-05-03T11:58:05.756Z,2026-05-03 07:58:05.756,91790,94,-2520,-2870,304
2026-05-03T11:58:05.796Z,2026-05-03 07:58:05.796,91790,95,-2524,-2878,292
2026-05-03T11:58:05.836Z,2026-05-03 07:58:05.836,91790,96,-2536,-2880,290
2026-05-03T11:58:05.876Z,2026-05-03 07:58:05.876,91790,97,-2525,-2885,290
2026-05-03T11:58:05.916Z,2026-05-03 07:58:05.916,91790,98,-2532,-2883,288
2026-05-03T11:58:05.956Z,2026-05-03 07:58:05.956,91790,99,-2525,-2880,293
2026-05-03T11:58:05.996Z,2026-05-03 07:58:05.996,91790,100,-2531,-2874,296
2026-05-03T11:58:06.036Z,2026-05-03 07:58:06.036,91791,1,-2536,-2872,294
2026-05-03T11:58:06.076Z,2026-05-03 07:58:06.076,91791,2,-2531,-2872,292
2026-05-03T11:58:06.116Z,2026-05-03 07:58:06.116,91791,3,-2526,-2880,283
2026-05-03T11:58:06.156Z,2026-05-03 07:58:06.156,91791,4,-2526,-2871,289
2026-05-03T11:58:06.196Z,2026-05-03 07:58:06.196,91791,5,-2529,-2885,301
2026-05-03T11:58:06.236Z,2026-05-03 07:58:06.236,91791,6,-2536,-2883,280
2026-05-03T11:58:06.276Z,2026-05-03 07:58:06.276,91791,7,-2534,-2892,274
2026-05-03T11:58:06.316Z,2026-05-03 07:58:06.316,91791,8,-2530,-2871,300
2026-05-03T11:58:06.356Z,2026-05-03 07:58:06.356,91791,9,-2521,-2880,287
2026-05-03T11:58:06.396Z,2026-05-03 07:58:06.396,91791,10,-2522,-2879,282
2026-05-03T11:58:06.436Z,2026-05-03 07:58:06.436,91791,11,-2513,-2876,286
2026-05-03T11:58:06.476Z,2026-05-03 07:58:06.476,91791,12,-2542,-2879,283
2026-05-03T11:58:06.516Z,2026-05-03 07:58:06.516,91791,13,-2532,-2876,296
2026-05-03T11:58:06.556Z,2026-05-03 07:58:06.556,91791,14,-2533,-2871,289
2026-05-03T11:58:06.596Z,2026-05-03 07:58:06.596,91791,15,-2532,-2879,297
2026-05-03T11:58:06.636Z,2026-05-03 07:58:06.636,91791,16,-2523,-2871,291
2026-05-03T11:58:06.676Z,2026-05-03 07:58:06.676,91791,17,-2544,-2879,292
2026-05-03T11:58:06.716Z,2026-05-03 07:58:06.716,91791,18,-2523,-2879,284
2026-05-03T11:58:06.756Z,2026-05-03 07:58:06.756,91791,19,-2530,-2888,310
2026-05-03T11:58:06.796Z,2026-05-03 07:58:06.796,91791,20,-2528,-2884,278
2026-05-03T11:58:06.836Z,2026-05-03 07:58:06.836,91791,21,-2537,-2887,280
2026-05-03T11:58:06.876Z,2026-05-03 07:58:06.876,91791,22,-2527,-2876,288
2026-05-03T11:58:06.916Z,2026-05-03 07:58:06.916,91791,23,-2531,-2879,279
2026-05-03T11:58:06.956Z,2026-05-03 07:58:06.956,91791,24,-2526,-2868,301
2026-05-03T11:58:06.996Z,2026-05-03 07:58:06.996,91791,25,-2521,-2872,288
2026-05-03T11:58:07.036Z,2026-05-03 07:58:07.036,91791,26,-2523,-2880,280
2026-05-03T11:58:07.076Z,2026-05-03 07:58:07.076,91791,27,-2531,-2870,291
2026-05-03T11:58:07.116Z,2026-05-03 07:58:07.116,91791,28,-2528,-2879,294
2026-05-03T11:58:07.156Z,2026-05-03 07:58:07.156,91791,29,-2525,-2876,284
2026-05-03T11:58:07.196Z,2026-05-03 07:58:07.196,91791,30,-2533,-2880,289
2026-05-03T11:58:07.236Z,2026-05-03 07:58:07.236,91791,31,-2524,-2879,290
2026-05-03T11:58:07.276Z,2026-05-03 07:58:07.276,91791,32,-2528,-2877,282
2026-05-03T11:58:07.316Z,2026-05-03 07:58:07.316,91791,33,-2525,-2879,287
2026-05-03T11:58:07.356Z,2026-05-03 07:58:07.356,91791,34,-2521,-2873,281
2026-05-03T11:58:07.396Z,2026-05-03 07:58:07.396,91791,35,-2525,-2873,280
2026-05-03T11:58:07.436Z,2026-05-03 07:58:07.436,91791,36,-2509,-2867,281
2026-05-03T11:58:07.476Z,2026-05-03 07:58:07.476,91791,37,-2528,-2871,293
2026-05-03T11:58:07.516Z,2026-05-03 07:58:07.516,91791,38,-2527,-2873,291
2026-05-03T11:58:07.556Z,2026-05-03 07:58:07.556,91791,39,-2535,-2880,292
2026-05-03T11:58:07.596Z,2026-05-03 07:58:07.596,91791,40,-2523,-2874,282
2026-05-03T11:58:07.636Z,2026-05-03 07:58:07.636,91791,41,-2527,-2880,297
2026-05-03T11:58:07.676Z,2026-05-03 07:58:07.676,91791,42,-2523,-2868,290
2026-05-03T11:58:07.716Z,2026-05-03 07:58:07.716,91791,43,-2541,-2879,278
2026-05-03T11:58:07.756Z,2026-05-03 07:58:07.756,91791,44,-2530,-2882,288
2026-05-03T11:58:07.796Z,2026-05-03 07:58:07.796,91791,45,-2539,-2875,294
2026-05-03T11:58:07.836Z,2026-05-03 07:58:07.836,91791,46,-2514,-2871,288
2026-05-03T11:58:07.876Z,2026-05-03 07:58:07.876,91791,47,-2524,-2863,281
2026-05-03T11:58:07.916Z,2026-05-03 07:58:07.916,91791,48,-2529,-2877,292
2026-05-03T11:58:07.956Z,2026-05-03 07:58:07.956,91791,49,-2529,-2880,293
2026-05-03T11:58:07.996Z,2026-05-03 07:58:07.996,91791,50,-2528,-2882,298
2026-05-03T11:58:08.036Z,2026-05-03 07:58:08.036,91791,51,-2536,-2888,287
2026-05-03T11:58:08.076Z,2026-05-03 07:58:08.076,91791,52,-2521,-2871,285
2026-05-03T11:58:08.116Z,2026-05-03 07:58:08.116,91791,53,-2521,-2883,284
2026-05-03T11:58:08.156Z,2026-05-03 07:58:08.156,91791,54,-2524,-2872,291
2026-05-03T11:58:08.196Z,2026-05-03 07:58:08.196,91791,55,-2519,-2879,301
2026-05-03T11:58:08.236Z,2026-05-03 07:58:08.236,91791,56,-2538,-2882,300
2026-05-03T11:58:08.276Z,2026-05-03 07:58:08.276,91791,57,-2517,-2874,295
2026-05-03T11:58:08.316Z,2026-05-03 07:58:08.316,91791,58,-2530,-2874,288
2026-05-03T11:58:08.356Z,2026-05-03 07:58:08.356,91791,59,-2518,-2874,291
2026-05-03T11:58:08.396Z,2026-05-03 07:58:08.396,91791,60,-2526,-2874,295
2026-05-03T11:58:08.436Z,2026-05-03 07:58:08.436,91791,61,-2523,-2874,292
2026-05-03T11:58:08.476Z,2026-05-03 07:58:08.476,91791,62,-2519,-2874,296
2026-05-03T11:58:08.516Z,2026-05-03 07:58:08.516,91791,63,-2526,-2867,287
2026-05-03T11:58:08.556Z,2026-05-03 07:58:08.556,91791,64,-2526,-2880,296
2026-05-03T11:58:08.596Z,2026-05-03 07:58:08.596,91791,65,-2524,-2872,293
2026-05-03T11:58:08.636Z,2026-05-03 07:58:08.636,91791,66,-2524,-2878,291
2026-05-03T11:58:08.676Z,2026-05-03 07:58:08.676,91791,67,-2522,-2871,288
2026-05-03T11:58:08.716Z,2026-05-03 07:58:08.716,91791,68,-2517,-2875,294
2026-05-03T11:58:08.756Z,2026-05-03 07:58:08.756,91791,69,-2513,-2879,286
2026-05-03T11:58:08.796Z,2026-05-03 07:58:08.796,91791,70,-2523,-2864,286
2026-05-03T11:58:08.836Z,2026-05-03 07:58:08.836,91791,71,-2544,-2876,287
2026-05-03T11:58:08.876Z,2026-05-03 07:58:08.876,91791,72,-2525,-2876,289
2026-05-03T11:58:08.916Z,2026-05-03 07:58:08.916,91791,73,-2532,-2873,285
2026-05-03T11:58:08.956Z,2026-05-03 07:58:08.956,91791,74,-2517,-2876,289
2026-05-03T11:58:08.996Z,2026-05-03 07:58:08.996,91791,75,-2528,-2866,281
2026-05-03T11:58:09.036Z,2026-05-03 07:58:09.036,91791,76,-2521,-2879,292
2026-05-03T11:58:09.076Z,2026-05-03 07:58:09.076,91791,77,-2528,-2876,295
2026-05-03T11:58:09.116Z,2026-05-03 07:58:09.116,91791,78,-2525,-2875,289
2026-05-03T11:58:09.156Z,2026-05-03 07:58:09.156,91791,79,-2531,-2871,294
2026-05-03T11:58:09.196Z,2026-05-03 07:58:09.196,91791,80,-2517,-2891,291
2026-05-03T11:58:09.236Z,2026-05-03 07:58:09.236,91791,81,-2525,-2890,291
2026-05-03T11:58:09.276Z,2026-05-03 07:58:09.276,91791,82,-2531,-2872,291
2026-05-03T11:58:09.316Z,2026-05-03 07:58:09.316,91791,83,-2542,-2872,289
2026-05-03T11:58:09.356Z,2026-05-03 07:58:09.356,91791,84,-2526,-2882,290
2026-05-03T11:58:09.396Z,2026-05-03 07:58:09.396,91791,85,-2531,-2880,291
2026-05-03T11:58:09.436Z,2026-05-03 07:58:09.436,91791,86,-2538,-2872,292
2026-05-03T11:58:09.476Z,2026-05-03 07:58:09.476,91791,87,-2521,-2873,279
2026-05-03T11:58:09.516Z,2026-05-03 07:58:09.516,91791,88,-2536,-2881,293
2026-05-03T11:58:09.556Z,2026-05-03 07:58:09.556,91791,89,-2528,-2874,285
2026-05-03T11:58:09.596Z,2026-05-03 07:58:09.596,91791,90,-2532,-2872,280
2026-05-03T11:58:09.636Z,2026-05-03 07:58:09.636,91791,91,-2530,-2881,295
2026-05-03T11:58:09.676Z,2026-05-03 07:58:09.676,91791,92,-2535,-2886,296
2026-05-03T11:58:09.716Z,2026-05-03 07:58:09.716,91791,93,-2530,-2866,286
2026-05-03T11:58:09.756Z,2026-05-03 07:58:09.756,91791,94,-2540,-2883,280
2026-05-03T11:58:09.796Z,2026-05-03 07:58:09.796,91791,95,-2527,-2888,291
2026-05-03T11:58:09.836Z,2026-05-03 07:58:09.836,91791,96,-2535,-2870,296
2026-05-03T11:58:09.876Z,2026-05-03 07:58:09.876,91791,97,-2529,-2885,284
2026-05-03T11:58:09.916Z,2026-05-03 07:58:09.916,91791,98,-2529,-2869,292
2026-05-03T11:58:09.956Z,2026-05-03 07:58:09.956,91791,99,-2529,-2884,294
2026-05-03T11:58:09.996Z,2026-05-03 07:58:09.996,91791,100,-2529,-2875,293
2026-05-03T11:58:10.036Z,2026-05-03 07:58:10.036,91792,1,-2521,-2871,297
2026-05-03T11:58:10.076Z,2026-05-03 07:58:10.076,91792,2,-2527,-2885,286
2026-05-03T11:58:10.116Z,2026-05-03 07:58:10.116,91792,3,-2532,-2880,287
2026-05-03T11:58:10.156Z,2026-05-03 07:58:10.156,91792,4,-2526,-2872,291
2026-05-03T11:58:10.196Z,2026-05-03 07:58:10.196,91792,5,-2524,-2871,282
2026-05-03T11:58:10.236Z,2026-05-03 07:58:10.236,91792,6,-2532,-2888,290
2026-05-03T11:58:10.276Z,2026-05-03 07:58:10.276,91792,7,-2517,-2866,286
2026-05-03T11:58:10.316Z,2026-05-03 07:58:10.316,91792,8,-2528,-2872,285
2026-05-03T11:58:10.356Z,2026-05-03 07:58:10.356,91792,9,-2523,-2872,287
2026-05-03T11:58:10.396Z,2026-05-03 07:58:10.396,91792,10,-2517,-2880,279
2026-05-03T11:58:10.436Z,2026-05-03 07:58:10.436,91792,11,-2533,-2863,287
2026-05-03T11:58:10.476Z,2026-05-03 07:58:10.476,91792,12,-2523,-2890,298
2026-05-03T11:58:10.516Z,2026-05-03 07:58:10.516,91792,13,-2534,-2875,278
2026-05-03T11:58:10.556Z,2026-05-03 07:58:10.556,91792,14,-2530,-2876,289
2026-05-03T11:58:10.596Z,2026-05-03 07:58:10.596,91792,15,-2518,-2875,281
2026-05-03T11:58:10.636Z,2026-05-03 07:58:10.636,91792,16,-2539,-2871,287
2026-05-03T11:58:10.676Z,2026-05-03 07:58:10.676,91792,17,-2545,-2888,284
2026-05-03T11:58:10.716Z,2026-05-03 07:58:10.716,91792,18,-2528,-2883,288
2026-05-03T11:58:10.756Z,2026-05-03 07:58:10.756,91792,19,-2513,-2867,285
2026-05-03T11:58:10.796Z,2026-05-03 07:58:10.796,91792,20,-2526,-2866,293
2026-05-03T11:58:10.836Z,2026-05-03 07:58:10.836,91792,21,-2526,-2879,292
2026-05-03T11:58:10.876Z,2026-05-03 07:58:10.876,91792,22,-2520,-2880,282
2026-05-03T11:58:10.916Z,2026-05-03 07:58:10.916,91792,23,-2530,-2883,294
2026-05-03T11:58:10.956Z,2026-05-03 07:58:10.956,91792,24,-2530,-2887,293
2026-05-03T11:58:10.996Z,2026-05-03 07:58:10.996,91792,25,-2540,-2876,288
2026-05-03T11:58:11.036Z,2026-05-03 07:58:11.036,91792,26,-2526,-2870,283
2026-05-03T11:58:11.076Z,2026-05-03 07:58:11.076,91792,27,-2523,-2871,277
2026-05-03T11:58:11.116Z,2026-05-03 07:58:11.116,91792,28,-2526,-2884,298
2026-05-03T11:58:11.156Z,2026-05-03 07:58:11.156,91792,29,-2524,-2881,287
2026-05-03T11:58:11.196Z,2026-05-03 07:58:11.196,91792,30,-2522,-2875,284
2026-05-03T11:58:11.236Z,2026-05-03 07:58:11.236,91792,31,-2509,-2876,296
2026-05-03T11:58:11.276Z,2026-05-03 07:58:11.276,91792,32,-2533,-2878,293
2026-05-03T11:58:11.316Z,2026-05-03 07:58:11.316,91792,33,-2533,-2882,286
2026-05-03T11:58:11.356Z,2026-05-03 07:58:11.356,91792,34,-2522,-2876,282
2026-05-03T11:58:11.396Z,2026-05-03 07:58:11.396,91792,35,-2536,-2881,296
2026-05-03T11:58:11.436Z,2026-05-03 07:58:11.436,91792,36,-2536,-2865,289
2026-05-03T11:58:11.476Z,2026-05-03 07:58:11.476,91792,37,-2523,-2887,294
2026-05-03T11:58:11.516Z,2026-05-03 07:58:11.516,91792,38,-2538,-2879,289
2026-05-03T11:58:11.556Z,2026-05-03 07:58:11.556,91792,39,-2522,-2883,292
2026-05-03T11:58:11.596Z,2026-05-03 07:58:11.596,91792,40,-2533,-2878,286
2026-05-03T11:58:11.636Z,2026-05-03 07:58:11.636,91792,41,-2522,-2873,287
2026-05-03T11:58:11.676Z,2026-05-03 07:58:11.676,91792,42,-2515,-2883,276
2026-05-03T11:58:11.716Z,2026-05-03 07:58:11.716,91792,43,-2515,-2880,283
2026-05-03T11:58:11.756Z,2026-05-03 07:58:11.756,91792,44,-2527,-2879,290
2026-05-03T11:58:11.796Z,2026-05-03 07:58:11.796,91792,45,-2528,-2883,283
2026-05-03T11:58:11.836Z,2026-05-03 07:58:11.836,91792,46,-2538,-2879,290
2026-05-03T11:58:11.876Z,2026-05-03 07:58:11.876,91792,47,-2532,-2891,304
2026-05-03T11:58:11.916Z,2026-05-03 07:58:11.916,91792,48,-2524,-2886,293
2026-05-03T11:58:11.956Z,2026-05-03 07:58:11.956,91792,49,-2522,-2873,295
2026-05-03T11:58:11.996Z,2026-05-03 07:58:11.996,91792,50,-2516,-2874,281
2026-05-03T11:58:12.036Z,2026-05-03 07:58:12.036,91792,51,-2521,-2875,290
2026-05-03T11:58:12.076Z,2026-05-03 07:58:12.076,91792,52,-2525,-2875,285
2026-05-03T11:58:12.116Z,2026-05-03 07:58:12.116,91792,53,-2528,-2879,283
2026-05-03T11:58:12.156Z,2026-05-03 07:58:12.156,91792,54,-2530,-2868,295
2026-05-03T11:58:12.196Z,2026-05-03 07:58:12.196,91792,55,-2521,-2867,294
2026-05-03T11:58:12.236Z,2026-05-03 07:58:12.236,91792,56,-2532,-2882,307
2026-05-03T11:58:12.276Z,2026-05-03 07:58:12.276,91792,57,-2528,-2876,285
2026-05-03T11:58:12.316Z,2026-05-03 07:58:12.316,91792,58,-2523,-2880,290
2026-05-03T11:58:12.356Z,2026-05-03 07:58:12.356,91792,59,-2532,-2885,294
2026-05-03T11:58:12.396Z,2026-05-03 07:58:12.396,91792,60,-2540,-2884,295
2026-05-03T11:58:12.436Z,2026-05-03 07:58:12.436,91792,61,-2531,-2870,289
2026-05-03T11:58:12.476Z,2026-05-03 07:58:12.476,91792,62,-2525,-2880,291
2026-05-03T11:58:12.516Z,2026-05-03 07:58:12.516,91792,63,-2528,-2876,293
2026-05-03T11:58:12.556Z,2026-05-03 07:58:12.556,91792,64,-2529,-2879,294
2026-05-03T11:58:12.596Z,2026-05-03 07:58:12.596,91792,65,-2521,-2871,297
2026-05-03T11:58:12.636Z,2026-05-03 07:58:12.636,91792,66,-2529,-2876,295
2026-05-03T11:58:12.676Z,2026-05-03 07:58:12.676,91792,67,-2524,-2875,277
2026-05-03T11:58:12.716Z,2026-05-03 07:58:12.716,91792,68,-2526,-2889,285
2026-05-03T11:58:12.756Z,2026-05-03 07:58:12.756,91792,69,-2527,-2876,279
2026-05-03T11:58:12.796Z,2026-05-03 07:58:12.796,91792,70,-2522,-2866,281
2026-05-03T11:58:12.836Z,2026-05-03 07:58:12.836,91792,71,-2532,-2886,286
2026-05-03T11:58:12.876Z,2026-05-03 07:58:12.876,91792,72,-2518,-2889,295
2026-05-03T11:58:12.916Z,2026-05-03 07:58:12.916,91792,73,-2536,-2887,286
2026-05-03T11:58:12.956Z,2026-05-03 07:58:12.956,91792,74,-2526,-2879,292
2026-05-03T11:58:12.996Z,2026-05-03 07:58:12.996,91792,75,-2523,-2883,279
2026-05-03T11:58:13.036Z,2026-05-03 07:58:13.036,91792,76,-2534,-2882,297
2026-05-03T11:58:13.076Z,2026-05-03 07:58:13.076,91792,77,-2525,-2872,290
2026-05-03T11:58:13.116Z,2026-05-03 07:58:13.116,91792,78,-2524,-2869,286
2026-05-03T11:58:13.156Z,2026-05-03 07:58:13.156,91792,79,-2523,-2867,299
2026-05-03T11:58:13.196Z,2026-05-03 07:58:13.196,91792,80,-2525,-2883,297
2026-05-03T11:58:13.236Z,2026-05-03 07:58:13.236,91792,81,-2528,-2886,282
2026-05-03T11:58:13.276Z,2026-05-03 07:58:13.276,91792,82,-2519,-2864,295
2026-05-03T11:58:13.316Z,2026-05-03 07:58:13.316,91792,83,-2521,-2883,292
2026-05-03T11:58:13.356Z,2026-05-03 07:58:13.356,91792,84,-2536,-2883,287
2026-05-03T11:58:13.396Z,2026-05-03 07:58:13.396,91792,85,-2531,-2866,280
2026-05-03T11:58:13.436Z,2026-05-03 07:58:13.436,91792,86,-2520,-2878,280
2026-05-03T11:58:13.476Z,2026-05-03 07:58:13.476,91792,87,-2527,-2872,294
2026-05-03T11:58:13.516Z,2026-05-03 07:58:13.516,91792,88,-2525,-2887,291
2026-05-03T11:58:13.556Z,2026-05-03 07:58:13.556,91792,89,-2518,-2868,293
2026-05-03T11:58:13.596Z,2026-05-03 07:58:13.596,91792,90,-2524,-2867,290
2026-05-03T11:58:13.636Z,2026-05-03 07:58:13.636,91792,91,-2521,-2881,284
2026-05-03T11:58:13.676Z,2026-05-03 07:58:13.676,91792,92,-2532,-2876,300
2026-05-03T11:58:13.716Z,2026-05-03 07:58:13.716,91792,93,-2529,-2865,290
2026-05-03T11:58:13.756Z,2026-05-03 07:58:13.756,91792,94,-2525,-2870,286
2026-05-03T11:58:13.796Z,2026-05-03 07:58:13.796,91792,95,-2530,-2860,291
2026-05-03T11:58:13.836Z,2026-05-03 07:58:13.836,91792,96,-2526,-2883,293
2026-05-03T11:58:13.876Z,2026-05-03 07:58:13.876,91792,97,-2522,-2884,293
2026-05-03T11:58:13.916Z,2026-05-03 07:58:13.916,91792,98,-2536,-2880,282
2026-05-03T11:58:13.956Z,2026-05-03 07:58:13.956,91792,99,-2513,-2886,277
2026-05-03T11:58:13.996Z,2026-05-03 07:58:13.996,91792,100,-2517,-2879,298
2026-05-03T11:58:14.036Z,2026-05-03 07:58:14.036,91793,1,-2529,-2864,301
2026-05-03T11:58:14.076Z,2026-05-03 07:58:14.076,91793,2,-2519,-2879,278
2026-05-03T11:58:14.116Z,2026-05-03 07:58:14.116,91793,3,-2525,-2884,301
2026-05-03T11:58:14.156Z,2026-05-03 07:58:14.156,91793,4,-2518,-2880,288
2026-05-03T11:58:14.196Z,2026-05-03 07:58:14.196,91793,5,-2527,-2869,293
2026-05-03T11:58:14.236Z,2026-05-03 07:58:14.236,91793,6,-2525,-2876,273
2026-05-03T11:58:14.276Z,2026-05-03 07:58:14.276,91793,7,-2520,-2879,277
2026-05-03T11:58:14.316Z,2026-05-03 07:58:14.316,91793,8,-2533,-2886,289
2026-05-03T11:58:14.356Z,2026-05-03 07:58:14.356,91793,9,-2519,-2895,291
2026-05-03T11:58:14.396Z,2026-05-03 07:58:14.396,91793,10,-2521,-2880,268
2026-05-03T11:58:14.436Z,2026-05-03 07:58:14.436,91793,11,-2527,-2886,292
2026-05-03T11:58:14.476Z,2026-05-03 07:58:14.476,91793,12,-2534,-2875,283
2026-05-03T11:58:14.516Z,2026-05-03 07:58:14.516,91793,13,-2529,-2883,274
2026-05-03T11:58:14.556Z,2026-05-03 07:58:14.556,91793,14,-2532,-2883,289
2026-05-03T11:58:14.596Z,2026-05-03 07:58:14.596,91793,15,-2523,-2894,286
2026-05-03T11:58:14.636Z,2026-05-03 07:58:14.636,91793,16,-2531,-2869,268
2026-05-03T11:58:14.676Z,2026-05-03 07:58:14.676,91793,17,-2533,-2863,300
2026-05-03T11:58:14.716Z,2026-05-03 07:58:14.716,91793,18,-2522,-2879,292
2026-05-03T11:58:14.756Z,2026-05-03 07:58:14.756,91793,19,-2535,-2878,279
2026-05-03T11:58:14.796Z,2026-05-03 07:58:14.796,91793,20,-2518,-2879,284
2026-05-03T11:58:14.836Z,2026-05-03 07:58:14.836,91793,21,-2524,-2867,292
2026-05-03T11:58:14.876Z,2026-05-03 07:58:14.876,91793,22,-2512,-2870,291
2026-05-03T11:58:14.916Z,2026-05-03 07:58:14.916,91793,23,-2523,-2882,293
2026-05-03T11:58:14.956Z,2026-05-03 07:58:14.956,91793,24,-2532,-2871,287
2026-05-03T11:58:14.996Z,2026-05-03 07:58:14.996,91793,25,-2528,-2887,289
2026-05-03T11:58:15.036Z,2026-05-03 07:58:15.036,91793,26,-2536,-2879,281
2026-05-03T11:58:15.076Z,2026-05-03 07:58:15.076,91793,27,-2522,-2889,291
2026-05-03T11:58:15.116Z,2026-05-03 07:58:15.116,91793,28,-2515,-2880,297
2026-05-03T11:58:15.156Z,2026-05-03 07:58:15.156,91793,29,-2519,-2875,285
2026-05-03T11:58:15.196Z,2026-05-03 07:58:15.196,91793,30,-2534,-2879,292
2026-05-03T11:58:15.236Z,2026-05-03 07:58:15.236,91793,31,-2533,-2875,302
2026-05-03T11:58:15.276Z,2026-05-03 07:58:15.276,91793,32,-2535,-2881,276
2026-05-03T11:58:15.316Z,2026-05-03 07:58:15.316,91793,33,-2534,-2883,286
2026-05-03T11:58:15.356Z,2026-05-03 07:58:15.356,91793,34,-2534,-2883,295
2026-05-03T11:58:15.396Z,2026-05-03 07:58:15.396,91793,35,-2516,-2870,282
2026-05-03T11:58:15.436Z,2026-05-03 07:58:15.436,91793,36,-2521,-2883,293
2026-05-03T11:58:15.476Z,2026-05-03 07:58:15.476,91793,37,-2537,-2884,293
2026-05-03T11:58:15.516Z,2026-05-03 07:58:15.516,91793,38,-2525,-2866,299
2026-05-03T11:58:15.556Z,2026-05-03 07:58:15.556,91793,39,-2537,-2875,289
2026-05-03T11:58:15.596Z,2026-05-03 07:58:15.596,91793,40,-2530,-2883,284
2026-05-03T11:58:15.636Z,2026-05-03 07:58:15.636,91793,41,-2522,-2868,292
2026-05-03T11:58:15.676Z,2026-05-03 07:58:15.676,91793,42,-2525,-2874,298
2026-05-03T11:58:15.716Z,2026-05-03 07:58:15.716,91793,43,-2527,-2875,287
2026-05-03T11:58:15.756Z,2026-05-03 07:58:15.756,91793,44,-2527,-2879,281
2026-05-03T11:58:15.796Z,2026-05-03 07:58:15.796,91793,45,-2542,-2876,282
2026-05-03T11:58:15.836Z,2026-05-03 07:58:15.836,91793,46,-2524,-2879,287
2026-05-03T11:58:15.876Z,2026-05-03 07:58:15.876,91793,47,-2533,-2880,306
2026-05-03T11:58:15.916Z,2026-05-03 07:58:15.916,91793,48,-2519,-2867,282
2026-05-03T11:58:15.956Z,2026-05-03 07:58:15.956,91793,49,-2522,-2882,288
2026-05-03T11:58:15.996Z,2026-05-03 07:58:15.996,91793,50,-2520,-2874,286
2026-05-03T11:58:16.036Z,2026-05-03 07:58:16.036,91793,51,-2514,-2886,296
2026-05-03T11:58:16.076Z,2026-05-03 07:58:16.076,91793,52,-2519,-2879,294
2026-05-03T11:58:16.116Z,2026-05-03 07:58:16.116,91793,53,-2530,-2871,298
2026-05-03T11:58:16.156Z,2026-05-03 07:58:16.156,91793,54,-2527,-2884,297
2026-05-03T11:58:16.196Z,2026-05-03 07:58:16.196,91793,55,-2525,-2880,296
2026-05-03T11:58:16.236Z,2026-05-03 07:58:16.236,91793,56,-2530,-2888,290
2026-05-03T11:58:16.276Z,2026-05-03 07:58:16.276,91793,57,-2531,-2882,292
2026-05-03T11:58:16.316Z,2026-05-03 07:58:16.316,91793,58,-2532,-2880,279
2026-05-03T11:58:16.356Z,2026-05-03 07:58:16.356,91793,59,-2534,-2879,279
2026-05-03T11:58:16.396Z,2026-05-03 07:58:16.396,91793,60,-2531,-2879,287
2026-05-03T11:58:16.436Z,2026-05-03 07:58:16.436,91793,61,-2526,-2877,286
2026-05-03T11:58:16.476Z,2026-05-03 07:58:16.476,91793,62,-2516,-2876,280
2026-05-03T11:58:16.516Z,2026-05-03 07:58:16.516,91793,63,-2540,-2867,276
2026-05-03T11:58:16.556Z,2026-05-03 07:58:16.556,91793,64,-2525,-2880,281
2026-05-03T11:58:16.596Z,2026-05-03 07:58:16.596,91793,65,-2534,-2865,286
2026-05-03T11:58:16.636Z,2026-05-03 07:58:16.636,91793,66,-2521,-2880,290
2026-05-03T11:58:16.676Z,2026-05-03 07:58:16.676,91793,67,-2520,-2879,291
2026-05-03T11:58:16.716Z,2026-05-03 07:58:16.716,91793,68,-2538,-2888,282
2026-05-03T11:58:16.756Z,2026-05-03 07:58:16.756,91793,69,-2529,-2867,295
2026-05-03T11:58:16.796Z,2026-05-03 07:58:16.796,91793,70,-2524,-2879,279
2026-05-03T11:58:16.836Z,2026-05-03 07:58:16.836,91793,71,-2523,-2875,299
2026-05-03T11:58:16.876Z,2026-05-03 07:58:16.876,91793,72,-2532,-2879,294
2026-05-03T11:58:16.916Z,2026-05-03 07:58:16.916,91793,73,-2537,-2879,286
2026-05-03T11:58:16.956Z,2026-05-03 07:58:16.956,91793,74,-2528,-2868,282
2026-05-03T11:58:16.996Z,2026-05-03 07:58:16.996,91793,75,-2534,-2880,288
2026-05-03T11:58:17.036Z,2026-05-03 07:58:17.036,91793,76,-2525,-2873,290
2026-05-03T11:58:17.076Z,2026-05-03 07:58:17.076,91793,77,-2529,-2882,282
2026-05-03T11:58:17.116Z,2026-05-03 07:58:17.116,91793,78,-2519,-2871,289
2026-05-03T11:58:17.156Z,2026-05-03 07:58:17.156,91793,79,-2526,-2868,303
2026-05-03T11:58:17.196Z,2026-05-03 07:58:17.196,91793,80,-2523,-2880,290
2026-05-03T11:58:17.236Z,2026-05-03 07:58:17.236,91793,81,-2531,-2882,278
2026-05-03T11:58:17.276Z,2026-05-03 07:58:17.276,91793,82,-2517,-2872,295
2026-05-03T11:58:17.316Z,2026-05-03 07:58:17.316,91793,83,-2532,-2865,284
2026-05-03T11:58:17.356Z,2026-05-03 07:58:17.356,91793,84,-2531,-2878,282
2026-05-03T11:58:17.396Z,2026-05-03 07:58:17.396,91793,85,-2511,-2874,293
2026-05-03T11:58:17.436Z,2026-05-03 07:58:17.436,91793,86,-2534,-2873,288
2026-05-03T11:58:17.476Z,2026-05-03 07:58:17.476,91793,87,-2526,-2883,288
2026-05-03T11:58:17.516Z,2026-05-03 07:58:17.516,91793,88,-2523,-2873,293
2026-05-03T11:58:17.556Z,2026-05-03 07:58:17.556,91793,89,-2529,-2869,289
2026-05-03T11:58:17.596Z,2026-05-03 07:58:17.596,91793,90,-2517,-2879,296
2026-05-03T11:58:17.636Z,2026-05-03 07:58:17.636,91793,91,-2513,-2881,293
2026-05-03T11:58:17.676Z,2026-05-03 07:58:17.676,91793,92,-2538,-2871,301
2026-05-03T11:58:17.716Z,2026-05-03 07:58:17.716,91793,93,-2529,-2879,285
2026-05-03T11:58:17.756Z,2026-05-03 07:58:17.756,91793,94,-2533,-2882,280
2026-05-03T11:58:17.796Z,2026-05-03 07:58:17.796,91793,95,-2527,-2876,288
2026-05-03T11:58:17.836Z,2026-05-03 07:58:17.836,91793,96,-2527,-2880,285
2026-05-03T11:58:17.876Z,2026-05-03 07:58:17.876,91793,97,-2521,-2880,286
2026-05-03T11:58:17.916Z,2026-05-03 07:58:17.916,91793,98,-2519,-2873,288
2026-05-03T11:58:17.956Z,2026-05-03 07:58:17.956,91793,99,-2518,-2874,294
2026-05-03T11:58:17.996Z,2026-05-03 07:58:17.996,91793,100,-2529,-2875,276
2026-05-03T11:58:18.036Z,2026-05-03 07:58:18.036,91794,1,-2532,-2875,282
2026-05-03T11:58:18.076Z,2026-05-03 07:58:18.076,91794,2,-2522,-2869,287
2026-05-03T11:58:18.116Z,2026-05-03 07:58:18.116,91794,3,-2541,-2875,274
2026-05-03T11:58:18.156Z,2026-05-03 07:58:18.156,91794,4,-2519,-2888,309
2026-05-03T11:58:18.196Z,2026-05-03 07:58:18.196,91794,5,-2548,-2864,280
2026-05-03T11:58:18.236Z,2026-05-03 07:58:18.236,91794,6,-2524,-2876,293
2026-05-03T11:58:18.276Z,2026-05-03 07:58:18.276,91794,7,-2517,-2881,279
2026-05-03T11:58:18.316Z,2026-05-03 07:58:18.316,91794,8,-2517,-2871,276
2026-05-03T11:58:18.356Z,2026-05-03 07:58:18.356,91794,9,-2534,-2880,287
2026-05-03T11:58:18.396Z,2026-05-03 07:58:18.396,91794,10,-2529,-2875,283
2026-05-03T11:58:18.436Z,2026-05-03 07:58:18.436,91794,11,-2526,-2882,292
2026-05-03T11:58:18.476Z,2026-05-03 07:58:18.476,91794,12,-2527,-2882,289
2026-05-03T11:58:18.516Z,2026-05-03 07:58:18.516,91794,13,-2524,-2880,292
2026-05-03T11:58:18.556Z,2026-05-03 07:58:18.556,91794,14,-2522,-2876,285
2026-05-03T11:58:18.596Z,2026-05-03 07:58:18.596,91794,15,-2520,-2868,287
2026-05-03T11:58:18.636Z,2026-05-03 07:58:18.636,91794,16,-2527,-2870,282
2026-05-03T11:58:18.676Z,2026-05-03 07:58:18.676,91794,17,-2521,-2884,296
2026-05-03T11:58:18.716Z,2026-05-03 07:58:18.716,91794,18,-2524,-2875,283
2026-05-03T11:58:18.756Z,2026-05-03 07:58:18.756,91794,19,-2526,-2874,292
2026-05-03T11:58:18.796Z,2026-05-03 07:58:18.796,91794,20,-2520,-2888,289
2026-05-03T11:58:18.836Z,2026-05-03 07:58:18.836,91794,21,-2530,-2884,289
2026-05-03T11:58:18.876Z,2026-05-03 07:58:18.876,91794,22,-2530,-2883,282
2026-05-03T11:58:18.916Z,2026-05-03 07:58:18.916,91794,23,-2527,-2871,280
2026-05-03T11:58:18.956Z,2026-05-03 07:58:18.956,91794,24,-2531,-2879,288
2026-05-03T11:58:18.996Z,2026-05-03 07:58:18.996,91794,25,-2521,-2882,288
2026-05-03T11:58:19.036Z,2026-05-03 07:58:19.036,91794,26,-2538,-2876,295
2026-05-03T11:58:19.076Z,2026-05-03 07:58:19.076,91794,27,-2519,-2882,287
2026-05-03T11:58:19.116Z,2026-05-03 07:58:19.116,91794,28,-2520,-2873,293
2026-05-03T11:58:19.156Z,2026-05-03 07:58:19.156,91794,29,-2529,-2876,287
2026-05-03T11:58:19.196Z,2026-05-03 07:58:19.196,91794,30,-2530,-2878,279
2026-05-03T11:58:19.236Z,2026-05-03 07:58:19.236,91794,31,-2527,-2869,282
2026-05-03T11:58:19.276Z,2026-05-03 07:58:19.276,91794,32,-2524,-2882,283
2026-05-03T11:58:19.316Z,2026-05-03 07:58:19.316,91794,33,-2523,-2871,291
2026-05-03T11:58:19.356Z,2026-05-03 07:58:19.356,91794,34,-2523,-2867,288
2026-05-03T11:58:19.396Z,2026-05-03 07:58:19.396,91794,35,-2513,-2881,293
2026-05-03T11:58:19.436Z,2026-05-03 07:58:19.436,91794,36,-2529,-2880,289
2026-05-03T11:58:19.476Z,2026-05-03 07:58:19.476,91794,37,-2523,-2884,291
2026-05-03T11:58:19.516Z,2026-05-03 07:58:19.516,91794,38,-2520,-2880,285
2026-05-03T11:58:19.556Z,2026-05-03 07:58:19.556,91794,39,-2526,-2878,296
2026-05-03T11:58:19.596Z,2026-05-03 07:58:19.596,91794,40,-2519,-2884,287
2026-05-03T11:58:19.636Z,2026-05-03 07:58:19.636,91794,41,-2534,-2882,288
2026-05-03T11:58:19.676Z,2026-05-03 07:58:19.676,91794,42,-2533,-2871,293
2026-05-03T11:58:19.716Z,2026-05-03 07:58:19.716,91794,43,-2520,-2873,303
2026-05-03T11:58:19.756Z,2026-05-03 07:58:19.756,91794,44,-2530,-2884,287
2026-05-03T11:58:19.796Z,2026-05-03 07:58:19.796,91794,45,-2522,-2876,280
2026-05-03T11:58:19.836Z,2026-05-03 07:58:19.836,91794,46,-2534,-2879,297
2026-05-03T11:58:19.876Z,2026-05-03 07:58:19.876,91794,47,-2531,-2884,288
2026-05-03T11:58:19.916Z,2026-05-03 07:58:19.916,91794,48,-2520,-2882,288
2026-05-03T11:58:19.956Z,2026-05-03 07:58:19.956,91794,49,-2526,-2875,294
2026-05-03T11:58:19.996Z,2026-05-03 07:58:19.996,91794,50,-2519,-2880,289
2026-05-03T11:58:20.036Z,2026-05-03 07:58:20.036,91794,51,-2531,-2876,294
2026-05-03T11:58:20.076Z,2026-05-03 07:58:20.076,91794,52,-2535,-2879,292
2026-05-03T11:58:20.116Z,2026-05-03 07:58:20.116,91794,53,-2527,-2875,282
2026-05-03T11:58:20.156Z,2026-05-03 07:58:20.156,91794,54,-2521,-2870,290
2026-05-03T11:58:20.196Z,2026-05-03 07:58:20.196,91794,55,-2543,-2873,281
2026-05-03T11:58:20.236Z,2026-05-03 07:58:20.236,91794,56,-2529,-2867,293
2026-05-03T11:58:20.276Z,2026-05-03 07:58:20.276,91794,57,-2517,-2879,286
2026-05-03T11:58:20.316Z,2026-05-03 07:58:20.316,91794,58,-2524,-2878,299
2026-05-03T11:58:20.356Z,2026-05-03 07:58:20.356,91794,59,-2520,-2888,293
2026-05-03T11:58:20.396Z,2026-05-03 07:58:20.396,91794,60,-2522,-2869,284
2026-05-03T11:58:20.436Z,2026-05-03 07:58:20.436,91794,61,-2534,-2880,292
2026-05-03T11:58:20.476Z,2026-05-03 07:58:20.476,91794,62,-2527,-2872,300
2026-05-03T11:58:20.516Z,2026-05-03 07:58:20.516,91794,63,-2520,-2868,293
2026-05-03T11:58:20.556Z,2026-05-03 07:58:20.556,91794,64,-2529,-2880,289
2026-05-03T11:58:20.596Z,2026-05-03 07:58:20.596,91794,65,-2527,-2888,287
2026-05-03T11:58:20.636Z,2026-05-03 07:58:20.636,91794,66,-2523,-2887,293
2026-05-03T11:58:20.676Z,2026-05-03 07:58:20.676,91794,67,-2525,-2880,292
2026-05-03T11:58:20.716Z,2026-05-03 07:58:20.716,91794,68,-2536,-2883,302
2026-05-03T11:58:20.756Z,2026-05-03 07:58:20.756,91794,69,-2534,-2872,289
2026-05-03T11:58:20.796Z,2026-05-03 07:58:20.796,91794,70,-2534,-2885,283
2026-05-03T11:58:20.836Z,2026-05-03 07:58:20.836,91794,71,-2517,-2875,289
2026-05-03T11:58:20.876Z,2026-05-03 07:58:20.876,91794,72,-2535,-2888,290
2026-05-03T11:58:20.916Z,2026-05-03 07:58:20.916,91794,73,-2526,-2873,298
2026-05-03T11:58:20.956Z,2026-05-03 07:58:20.956,91794,74,-2521,-2877,283
2026-05-03T11:58:20.996Z,2026-05-03 07:58:20.996,91794,75,-2536,-2872,287
2026-05-03T11:58:21.036Z,2026-05-03 07:58:21.036,91794,76,-2534,-2879,290
2026-05-03T11:58:21.076Z,2026-05-03 07:58:21.076,91794,77,-2522,-2890,288
2026-05-03T11:58:21.116Z,2026-05-03 07:58:21.116,91794,78,-2528,-2885,300
2026-05-03T11:58:21.156Z,2026-05-03 07:58:21.156,91794,79,-2538,-2879,291
2026-05-03T11:58:21.196Z,2026-05-03 07:58:21.196,91794,80,-2528,-2872,278
2026-05-03T11:58:21.236Z,2026-05-03 07:58:21.236,91794,81,-2522,-2880,289
2026-05-03T11:58:21.276Z,2026-05-03 07:58:21.276,91794,82,-2531,-2869,291
2026-05-03T11:58:21.316Z,2026-05-03 07:58:21.316,91794,83,-2536,-2880,292
2026-05-03T11:58:21.356Z,2026-05-03 07:58:21.356,91794,84,-2526,-2887,279
2026-05-03T11:58:21.396Z,2026-05-03 07:58:21.396,91794,85,-2530,-2879,298
2026-05-03T11:58:21.436Z,2026-05-03 07:58:21.436,91794,86,-2527,-2878,298
2026-05-03T11:58:21.476Z,2026-05-03 07:58:21.476,91794,87,-2521,-2890,291
2026-05-03T11:58:21.516Z,2026-05-03 07:58:21.516,91794,88,-2515,-2868,296
2026-05-03T11:58:21.556Z,2026-05-03 07:58:21.556,91794,89,-2530,-2880,296
2026-05-03T11:58:21.596Z,2026-05-03 07:58:21.596,91794,90,-2534,-2871,292
2026-05-03T11:58:21.636Z,2026-05-03 07:58:21.636,91794,91,-2524,-2871,289
2026-05-03T11:58:21.676Z,2026-05-03 07:58:21.676,91794,92,-2525,-2881,300
2026-05-03T11:58:21.716Z,2026-05-03 07:58:21.716,91794,93,-2530,-2867,289
2026-05-03T11:58:21.756Z,2026-05-03 07:58:21.756,91794,94,-2532,-2879,292
2026-05-03T11:58:21.796Z,2026-05-03 07:58:21.796,91794,95,-2519,-2884,286
2026-05-03T11:58:21.836Z,2026-05-03 07:58:21.836,91794,96,-2526,-2883,279
2026-05-03T11:58:21.876Z,2026-05-03 07:58:21.876,91794,97,-2527,-2873,292
2026-05-03T11:58:21.916Z,2026-05-03 07:58:21.916,91794,98,-2525,-2876,289
2026-05-03T11:58:21.956Z,2026-05-03 07:58:21.956,91794,99,-2521,-2873,302
2026-05-03T11:58:21.996Z,2026-05-03 07:58:21.996,91794,100,-2524,-2879,295
2026-05-03T11:58:22.036Z,2026-05-03 07:58:22.036,91795,1,-2520,-2867,282
2026-05-03T11:58:22.076Z,2026-05-03 07:58:22.076,91795,2,-2528,-2881,298
2026-05-03T11:58:22.116Z,2026-05-03 07:58:22.116,91795,3,-2518,-2864,293
2026-05-03T11:58:22.156Z,2026-05-03 07:58:22.156,91795,4,-2526,-2871,289
2026-05-03T11:58:22.196Z,2026-05-03 07:58:22.196,91795,5,-2526,-2888,301
2026-05-03T11:58:22.236Z,2026-05-03 07:58:22.236,91795,6,-2533,-2875,288
2026-05-03T11:58:22.276Z,2026-05-03 07:58:22.276,91795,7,-2537,-2879,289
2026-05-03T11:58:22.316Z,2026-05-03 07:58:22.316,91795,8,-2528,-2875,287
2026-05-03T11:58:22.356Z,2026-05-03 07:58:22.356,91795,9,-2532,-2884,277
2026-05-03T11:58:22.396Z,2026-05-03 07:58:22.396,91795,10,-2527,-2867,294
2026-05-03T11:58:22.436Z,2026-05-03 07:58:22.436,91795,11,-2534,-2888,291
2026-05-03T11:58:22.476Z,2026-05-03 07:58:22.476,91795,12,-2518,-2884,291
2026-05-03T11:58:22.516Z,2026-05-03 07:58:22.516,91795,13,-2525,-2876,292
2026-05-03T11:58:22.556Z,2026-05-03 07:58:22.556,91795,14,-2530,-2879,298
2026-05-03T11:58:22.596Z,2026-05-03 07:58:22.596,91795,15,-2536,-2886,289
2026-05-03T11:58:22.636Z,2026-05-03 07:58:22.636,91795,16,-2523,-2880,277
2026-05-03T11:58:22.676Z,2026-05-03 07:58:22.676,91795,17,-2519,-2876,289
2026-05-03T11:58:22.716Z,2026-05-03 07:58:22.716,91795,18,-2532,-2870,283
2026-05-03T11:58:22.756Z,2026-05-03 07:58:22.756,91795,19,-2521,-2867,296
2026-05-03T11:58:22.796Z,2026-05-03 07:58:22.796,91795,20,-2539,-2867,297
2026-05-03T11:58:22.836Z,2026-05-03 07:58:22.836,91795,21,-2523,-2872,289
2026-05-03T11:58:22.876Z,2026-05-03 07:58:22.876,91795,22,-2544,-2887,289
2026-05-03T11:58:22.916Z,2026-05-03 07:58:22.916,91795,23,-2528,-2871,287
2026-05-03T11:58:22.956Z,2026-05-03 07:58:22.956,91795,24,-2527,-2872,279
2026-05-03T11:58:22.996Z,2026-05-03 07:58:22.996,91795,25,-2536,-2880,289
2026-05-03T11:58:23.036Z,2026-05-03 07:58:23.036,91795,26,-2530,-2884,278
2026-05-03T11:58:23.076Z,2026-05-03 07:58:23.076,91795,27,-2520,-2883,279
2026-05-03T11:58:23.116Z,2026-05-03 07:58:23.116,91795,28,-2538,-2881,280
2026-05-03T11:58:23.156Z,2026-05-03 07:58:23.156,91795,29,-2518,-2867,272
2026-05-03T11:58:23.196Z,2026-05-03 07:58:23.196,91795,30,-2525,-2871,293
2026-05-03T11:58:23.236Z,2026-05-03 07:58:23.236,91795,31,-2526,-2884,287
2026-05-03T11:58:23.276Z,2026-05-03 07:58:23.276,91795,32,-2531,-2878,286
2026-05-03T11:58:23.316Z,2026-05-03 07:58:23.316,91795,33,-2524,-2865,296
2026-05-03T11:58:23.356Z,2026-05-03 07:58:23.356,91795,34,-2503,-2891,285
2026-05-03T11:58:23.396Z,2026-05-03 07:58:23.396,91795,35,-2521,-2873,299
2026-05-03T11:58:23.436Z,2026-05-03 07:58:23.436,91795,36,-2526,-2868,278
2026-05-03T11:58:23.476Z,2026-05-03 07:58:23.476,91795,37,-2531,-2874,295
2026-05-03T11:58:23.516Z,2026-05-03 07:58:23.516,91795,38,-2523,-2883,284
2026-05-03T11:58:23.556Z,2026-05-03 07:58:23.556,91795,39,-2522,-2879,277
2026-05-03T11:58:23.596Z,2026-05-03 07:58:23.596,91795,40,-2533,-2874,298
2026-05-03T11:58:23.636Z,2026-05-03 07:58:23.636,91795,41,-2534,-2872,290
2026-05-03T11:58:23.676Z,2026-05-03 07:58:23.676,91795,42,-2531,-2880,290
2026-05-03T11:58:23.716Z,2026-05-03 07:58:23.716,91795,43,-2521,-2879,297
2026-05-03T11:58:23.756Z,2026-05-03 07:58:23.756,91795,44,-2530,-2880,283
2026-05-03T11:58:23.796Z,2026-05-03 07:58:23.796,91795,45,-2526,-2871,286
2026-05-03T11:58:23.836Z,2026-05-03 07:58:23.836,91795,46,-2533,-2867,290
2026-05-03T11:58:23.876Z,2026-05-03 07:58:23.876,91795,47,-2532,-2864,288
2026-05-03T11:58:23.916Z,2026-05-03 07:58:23.916,91795,48,-2523,-2867,288
2026-05-03T11:58:23.956Z,2026-05-03 07:58:23.956,91795,49,-2529,-2880,290
2026-05-03T11:58:23.996Z,2026-05-03 07:58:23.996,91795,50,-2522,-2880,291
2026-05-03T11:58:24.036Z,2026-05-03 07:58:24.036,91795,51,-2530,-2867,291
2026-05-03T11:58:24.076Z,2026-05-03 07:58:24.076,91795,52,-2530,-2874,289
2026-05-03T11:58:24.116Z,2026-05-03 07:58:24.116,91795,53,-2512,-2876,290
2026-05-03T11:58:24.156Z,2026-05-03 07:58:24.156,91795,54,-2533,-2882,293
2026-05-03T11:58:24.196Z,2026-05-03 07:58:24.196,91795,55,-2529,-2879,292
2026-05-03T11:58:24.236Z,2026-05-03 07:58:24.236,91795,56,-2515,-2888,295
2026-05-03T11:58:24.276Z,2026-05-03 07:58:24.276,91795,57,-2535,-2883,286
2026-05-03T11:58:24.316Z,2026-05-03 07:58:24.316,91795,58,-2529,-2888,293
2026-05-03T11:58:24.356Z,2026-05-03 07:58:24.356,91795,59,-2526,-2878,286
2026-05-03T11:58:24.396Z,2026-05-03 07:58:24.396,91795,60,-2539,-2875,289
2026-05-03T11:58:24.436Z,2026-05-03 07:58:24.436,91795,61,-2519,-2872,289
2026-05-03T11:58:24.476Z,2026-05-03 07:58:24.476,91795,62,-2522,-2879,297
2026-05-03T11:58:24.516Z,2026-05-03 07:58:24.516,91795,63,-2527,-2870,287
2026-05-03T11:58:24.556Z,2026-05-03 07:58:24.556,91795,64,-2531,-2865,305
2026-05-03T11:58:24.596Z,2026-05-03 07:58:24.596,91795,65,-2539,-2872,296
2026-05-03T11:58:24.636Z,2026-05-03 07:58:24.636,91795,66,-2533,-2884,282
2026-05-03T11:58:24.676Z,2026-05-03 07:58:24.676,91795,67,-2524,-2875,295
2026-05-03T11:58:24.716Z,2026-05-03 07:58:24.716,91795,68,-2535,-2879,288
2026-05-03T11:58:24.756Z,2026-05-03 07:58:24.756,91795,69,-2526,-2883,287
2026-05-03T11:58:24.796Z,2026-05-03 07:58:24.796,91795,70,-2529,-2874,282
2026-05-03T11:58:24.836Z,2026-05-03 07:58:24.836,91795,71,-2525,-2873,284
2026-05-03T11:58:24.876Z,2026-05-03 07:58:24.876,91795,72,-2537,-2875,292
2026-05-03T11:58:24.916Z,2026-05-03 07:58:24.916,91795,73,-2532,-2867,288
2026-05-03T11:58:24.956Z,2026-05-03 07:58:24.956,91795,74,-2535,-2876,275
2026-05-03T11:58:24.996Z,2026-05-03 07:58:24.996,91795,75,-2518,-2875,290
2026-05-03T11:58:25.036Z,2026-05-03 07:58:25.036,91795,76,-2516,-2875,288
2026-05-03T11:58:25.076Z,2026-05-03 07:58:25.076,91795,77,-2536,-2868,283
2026-05-03T11:58:25.116Z,2026-05-03 07:58:25.116,91795,78,-2535,-2872,297
2026-05-03T11:58:25.156Z,2026-05-03 07:58:25.156,91795,79,-2522,-2883,281
2026-05-03T11:58:25.196Z,2026-05-03 07:58:25.196,91795,80,-2528,-2883,289
2026-05-03T11:58:25.236Z,2026-05-03 07:58:25.236,91795,81,-2524,-2875,301
2026-05-03T11:58:25.276Z,2026-05-03 07:58:25.276,91795,82,-2542,-2869,281
2026-05-03T11:58:25.316Z,2026-05-03 07:58:25.316,91795,83,-2523,-2884,279
2026-05-03T11:58:25.356Z,2026-05-03 07:58:25.356,91795,84,-2523,-2889,287
2026-05-03T11:58:25.396Z,2026-05-03 07:58:25.396,91795,85,-2534,-2875,284
2026-05-03T11:58:25.436Z,2026-05-03 07:58:25.436,91795,86,-2527,-2883,286
2026-05-03T11:58:25.476Z,2026-05-03 07:58:25.476,91795,87,-2521,-2885,280
2026-05-03T11:58:25.516Z,2026-05-03 07:58:25.516,91795,88,-2534,-2879,288
2026-05-03T11:58:25.556Z,2026-05-03 07:58:25.556,91795,89,-2524,-2867,285
2026-05-03T11:58:25.596Z,2026-05-03 07:58:25.596,91795,90,-2528,-2868,282
2026-05-03T11:58:25.636Z,2026-05-03 07:58:25.636,91795,91,-2523,-2871,285
2026-05-03T11:58:25.676Z,2026-05-03 07:58:25.676,91795,92,-2527,-2884,285
2026-05-03T11:58:25.716Z,2026-05-03 07:58:25.716,91795,93,-2533,-2888,287
2026-05-03T11:58:25.756Z,2026-05-03 07:58:25.756,91795,94,-2537,-2871,279
2026-05-03T11:58:25.796Z,2026-05-03 07:58:25.796,91795,95,-2518,-2863,290
2026-05-03T11:58:25.836Z,2026-05-03 07:58:25.836,91795,96,-2526,-2870,286
2026-05-03T11:58:25.876Z,2026-05-03 07:58:25.876,91795,97,-2523,-2866,296
2026-05-03T11:58:25.916Z,2026-05-03 07:58:25.916,91795,98,-2525,-2881,297
2026-05-03T11:58:25.956Z,2026-05-03 07:58:25.956,91795,99,-2527,-2879,291
2026-05-03T11:58:25.996Z,2026-05-03 07:58:25.996,91795,100,-2528,-2870,292
2026-05-03T11:58:26.036Z,2026-05-03 07:58:26.036,91796,1,-2522,-2879,283
2026-05-03T11:58:26.076Z,2026-05-03 07:58:26.076,91796,2,-2521,-2882,278
2026-05-03T11:58:26.116Z,2026-05-03 07:58:26.116,91796,3,-2543,-2881,288
2026-05-03T11:58:26.156Z,2026-05-03 07:58:26.156,91796,4,-2524,-2872,290
2026-05-03T11:58:26.196Z,2026-05-03 07:58:26.196,91796,5,-2530,-2878,298
2026-05-03T11:58:26.236Z,2026-05-03 07:58:26.236,91796,6,-2530,-2878,296
2026-05-03T11:58:26.276Z,2026-05-03 07:58:26.276,91796,7,-2533,-2863,280
2026-05-03T11:58:26.316Z,2026-05-03 07:58:26.316,91796,8,-2530,-2881,290
2026-05-03T11:58:26.356Z,2026-05-03 07:58:26.356,91796,9,-2521,-2880,293
2026-05-03T11:58:26.396Z,2026-05-03 07:58:26.396,91796,10,-2531,-2868,288
2026-05-03T11:58:26.436Z,2026-05-03 07:58:26.436,91796,11,-2522,-2864,288
2026-05-03T11:58:26.476Z,2026-05-03 07:58:26.476,91796,12,-2531,-2882,280
2026-05-03T11:58:26.516Z,2026-05-03 07:58:26.516,91796,13,-2528,-2872,297
2026-05-03T11:58:26.556Z,2026-05-03 07:58:26.556,91796,14,-2528,-2867,287
2026-05-03T11:58:26.596Z,2026-05-03 07:58:26.596,91796,15,-2527,-2871,283
2026-05-03T11:58:26.636Z,2026-05-03 07:58:26.636,91796,16,-2520,-2883,298
2026-05-03T11:58:26.676Z,2026-05-03 07:58:26.676,91796,17,-2532,-2866,296
2026-05-03T11:58:26.716Z,2026-05-03 07:58:26.716,91796,18,-2536,-2879,284
2026-05-03T11:58:26.756Z,2026-05-03 07:58:26.756,91796,19,-2523,-2864,297
2026-05-03T11:58:26.796Z,2026-05-03 07:58:26.796,91796,20,-2526,-2877,282
2026-05-03T11:58:26.836Z,2026-05-03 07:58:26.836,91796,21,-2521,-2872,286
2026-05-03T11:58:26.876Z,2026-05-03 07:58:26.876,91796,22,-2526,-2873,291
2026-05-03T11:58:26.916Z,2026-05-03 07:58:26.916,91796,23,-2532,-2872,290
2026-05-03T11:58:26.956Z,2026-05-03 07:58:26.956,91796,24,-2517,-2871,283
2026-05-03T11:58:26.996Z,2026-05-03 07:58:26.996,91796,25,-2532,-2883,293
2026-05-03T11:58:27.036Z,2026-05-03 07:58:27.036,91796,26,-2537,-2885,285
2026-05-03T11:58:27.076Z,2026-05-03 07:58:27.076,91796,27,-2520,-2883,290
2026-05-03T11:58:27.116Z,2026-05-03 07:58:27.116,91796,28,-2529,-2865,298
2026-05-03T11:58:27.156Z,2026-05-03 07:58:27.156,91796,29,-2526,-2882,292
2026-05-03T11:58:27.196Z,2026-05-03 07:58:27.196,91796,30,-2520,-2888,292
2026-05-03T11:58:27.236Z,2026-05-03 07:58:27.236,91796,31,-2523,-2883,282
2026-05-03T11:58:27.276Z,2026-05-03 07:58:27.276,91796,32,-2527,-2864,288
2026-05-03T11:58:27.316Z,2026-05-03 07:58:27.316,91796,33,-2525,-2885,293
2026-05-03T11:58:27.356Z,2026-05-03 07:58:27.356,91796,34,-2520,-2888,285
2026-05-03T11:58:27.396Z,2026-05-03 07:58:27.396,91796,35,-2529,-2880,284
2026-05-03T11:58:27.436Z,2026-05-03 07:58:27.436,91796,36,-2527,-2866,288
2026-05-03T11:58:27.476Z,2026-05-03 07:58:27.476,91796,37,-2527,-2868,297
2026-05-03T11:58:27.516Z,2026-05-03 07:58:27.516,91796,38,-2530,-2881,294
2026-05-03T11:58:27.556Z,2026-05-03 07:58:27.556,91796,39,-2535,-2868,294
2026-05-03T11:58:27.596Z,2026-05-03 07:58:27.596,91796,40,-2535,-2872,281
2026-05-03T11:58:27.636Z,2026-05-03 07:58:27.636,91796,41,-2516,-2875,282
2026-05-03T11:58:27.676Z,2026-05-03 07:58:27.676,91796,42,-2526,-2883,290
2026-05-03T11:58:27.716Z,2026-05-03 07:58:27.716,91796,43,-2527,-2887,293
2026-05-03T11:58:27.756Z,2026-05-03 07:58:27.756,91796,44,-2529,-2881,289
2026-05-03T11:58:27.796Z,2026-05-03 07:58:27.796,91796,45,-2517,-2883,294
2026-05-03T11:58:27.836Z,2026-05-03 07:58:27.836,91796,46,-2531,-2873,289
2026-05-03T11:58:27.876Z,2026-05-03 07:58:27.876,91796,47,-2540,-2871,289
2026-05-03T11:58:27.916Z,2026-05-03 07:58:27.916,91796,48,-2515,-2875,285
2026-05-03T11:58:27.956Z,2026-05-03 07:58:27.956,91796,49,-2531,-2868,288
2026-05-03T11:58:27.996Z,2026-05-03 07:58:27.996,91796,50,-2533,-2874,276
2026-05-03T11:58:28.036Z,2026-05-03 07:58:28.036,91796,51,-2535,-2882,277
2026-05-03T11:58:28.076Z,2026-05-03 07:58:28.076,91796,52,-2517,-2884,286
2026-05-03T11:58:28.116Z,2026-05-03 07:58:28.116,91796,53,-2527,-2889,290
2026-05-03T11:58:28.156Z,2026-05-03 07:58:28.156,91796,54,-2518,-2872,298
2026-05-03T11:58:28.196Z,2026-05-03 07:58:28.196,91796,55,-2525,-2883,294
2026-05-03T11:58:28.236Z,2026-05-03 07:58:28.236,91796,56,-2520,-2883,292
2026-05-03T11:58:28.276Z,2026-05-03 07:58:28.276,91796,57,-2544,-2875,283
2026-05-03T11:58:28.316Z,2026-05-03 07:58:28.316,91796,58,-2523,-2875,282
2026-05-03T11:58:28.356Z,2026-05-03 07:58:28.356,91796,59,-2533,-2872,295
2026-05-03T11:58:28.396Z,2026-05-03 07:58:28.396,91796,60,-2526,-2874,286
2026-05-03T11:58:28.436Z,2026-05-03 07:58:28.436,91796,61,-2544,-2882,303
2026-05-03T11:58:28.476Z,2026-05-03 07:58:28.476,91796,62,-2533,-2879,289
2026-05-03T11:58:28.516Z,2026-05-03 07:58:28.516,91796,63,-2525,-2883,292
2026-05-03T11:58:28.556Z,2026-05-03 07:58:28.556,91796,64,-2524,-2876,281
2026-05-03T11:58:28.596Z,2026-05-03 07:58:28.596,91796,65,-2537,-2883,285
2026-05-03T11:58:28.636Z,2026-05-03 07:58:28.636,91796,66,-2522,-2866,302
2026-05-03T11:58:28.676Z,2026-05-03 07:58:28.676,91796,67,-2531,-2890,289
2026-05-03T11:58:28.716Z,2026-05-03 07:58:28.716,91796,68,-2530,-2876,292
2026-05-03T11:58:28.756Z,2026-05-03 07:58:28.756,91796,69,-2518,-2864,287
2026-05-03T11:58:28.796Z,2026-05-03 07:58:28.796,91796,70,-2522,-2880,291
2026-05-03T11:58:28.836Z,2026-05-03 07:58:28.836,91796,71,-2529,-2872,292
2026-05-03T11:58:28.876Z,2026-05-03 07:58:28.876,91796,72,-2519,-2874,300
2026-05-03T11:58:28.916Z,2026-05-03 07:58:28.916,91796,73,-2530,-2873,293
2026-05-03T11:58:28.956Z,2026-05-03 07:58:28.956,91796,74,-2536,-2888,282
2026-05-03T11:58:28.996Z,2026-05-03 07:58:28.996,91796,75,-2534,-2882,279
2026-05-03T11:58:29.036Z,2026-05-03 07:58:29.036,91796,76,-2518,-2884,275
2026-05-03T11:58:29.076Z,2026-05-03 07:58:29.076,91796,77,-2526,-2873,284
2026-05-03T11:58:29.116Z,2026-05-03 07:58:29.116,91796,78,-2525,-2873,290
2026-05-03T11:58:29.156Z,2026-05-03 07:58:29.156,91796,79,-2521,-2881,286
2026-05-03T11:58:29.196Z,2026-05-03 07:58:29.196,91796,80,-2521,-2872,280
2026-05-03T11:58:29.236Z,2026-05-03 07:58:29.236,91796,81,-2530,-2878,277
2026-05-03T11:58:29.276Z,2026-05-03 07:58:29.276,91796,82,-2527,-2878,291
2026-05-03T11:58:29.316Z,2026-05-03 07:58:29.316,91796,83,-2532,-2881,299
2026-05-03T11:58:29.356Z,2026-05-03 07:58:29.356,91796,84,-2535,-2860,293
2026-05-03T11:58:29.396Z,2026-05-03 07:58:29.396,91796,85,-2528,-2882,297
2026-05-03T11:58:29.436Z,2026-05-03 07:58:29.436,91796,86,-2533,-2875,298
2026-05-03T11:58:29.476Z,2026-05-03 07:58:29.476,91796,87,-2534,-2868,289
2026-05-03T11:58:29.516Z,2026-05-03 07:58:29.516,91796,88,-2533,-2883,281
2026-05-03T11:58:29.556Z,2026-05-03 07:58:29.556,91796,89,-2525,-2879,282
2026-05-03T11:58:29.596Z,2026-05-03 07:58:29.596,91796,90,-2523,-2871,293
2026-05-03T11:58:29.636Z,2026-05-03 07:58:29.636,91796,91,-2529,-2870,295
2026-05-03T11:58:29.676Z,2026-05-03 07:58:29.676,91796,92,-2519,-2880,281
2026-05-03T11:58:29.716Z,2026-05-03 07:58:29.716,91796,93,-2530,-2872,283
2026-05-03T11:58:29.756Z,2026-05-03 07:58:29.756,91796,94,-2532,-2886,284
2026-05-03T11:58:29.796Z,2026-05-03 07:58:29.796,91796,95,-2527,-2884,285
2026-05-03T11:58:29.836Z,2026-05-03 07:58:29.836,91796,96,-2532,-2880,288
2026-05-03T11:58:29.876Z,2026-05-03 07:58:29.876,91796,97,-2535,-2881,277
2026-05-03T11:58:29.916Z,2026-05-03 07:58:29.916,91796,98,-2518,-2875,289
2026-05-03T11:58:29.956Z,2026-05-03 07:58:29.956,91796,99,-2520,-2880,307
2026-05-03T11:58:29.996Z,2026-05-03 07:58:29.996,91796,100,-2522,-2880,290
2026-05-03T11:58:30.036Z,2026-05-03 07:58:30.036,91797,1,-2526,-2883,283
2026-05-03T11:58:30.076Z,2026-05-03 07:58:30.076,91797,2,-2519,-2868,286
2026-05-03T11:58:30.116Z,2026-05-03 07:58:30.116,91797,3,-2530,-2876,284
2026-05-03T11:58:30.156Z,2026-05-03 07:58:30.156,91797,4,-2536,-2869,286
2026-05-03T11:58:30.196Z,2026-05-03 07:58:30.196,91797,5,-2541,-2880,283
2026-05-03T11:58:30.236Z,2026-05-03 07:58:30.236,91797,6,-2529,-2882,288
2026-05-03T11:58:30.276Z,2026-05-03 07:58:30.276,91797,7,-2527,-2875,290
2026-05-03T11:58:30.316Z,2026-05-03 07:58:30.316,91797,8,-2521,-2889,292
2026-05-03T11:58:30.356Z,2026-05-03 07:58:30.356,91797,9,-2523,-2870,298
2026-05-03T11:58:30.396Z,2026-05-03 07:58:30.396,91797,10,-2515,-2875,277
2026-05-03T11:58:30.436Z,2026-05-03 07:58:30.436,91797,11,-2521,-2885,281
2026-05-03T11:58:30.476Z,2026-05-03 07:58:30.476,91797,12,-2533,-2873,290
2026-05-03T11:58:30.516Z,2026-05-03 07:58:30.516,91797,13,-2518,-2872,285
2026-05-03T11:58:30.556Z,2026-05-03 07:58:30.556,91797,14,-2534,-2872,285
2026-05-03T11:58:30.596Z,2026-05-03 07:58:30.596,91797,15,-2534,-2879,294
2026-05-03T11:58:30.636Z,2026-05-03 07:58:30.636,91797,16,-2522,-2876,276
2026-05-03T11:58:30.676Z,2026-05-03 07:58:30.676,91797,17,-2523,-2878,290
2026-05-03T11:58:30.716Z,2026-05-03 07:58:30.716,91797,18,-2534,-2864,287
2026-05-03T11:58:30.756Z,2026-05-03 07:58:30.756,91797,19,-2527,-2876,295
2026-05-03T11:58:30.796Z,2026-05-03 07:58:30.796,91797,20,-2515,-2874,289
2026-05-03T11:58:30.836Z,2026-05-03 07:58:30.836,91797,21,-2517,-2873,279
2026-05-03T11:58:30.876Z,2026-05-03 07:58:30.876,91797,22,-2529,-2876,288
2026-05-03T11:58:30.916Z,2026-05-03 07:58:30.916,91797,23,-2530,-2875,284
2026-05-03T11:58:30.956Z,2026-05-03 07:58:30.956,91797,24,-2534,-2876,291
2026-05-03T11:58:30.996Z,2026-05-03 07:58:30.996,91797,25,-2528,-2871,301
2026-05-03T11:58:31.036Z,2026-05-03 07:58:31.036,91797,26,-2537,-2883,283
2026-05-03T11:58:31.076Z,2026-05-03 07:58:31.076,91797,27,-2527,-2884,286
2026-05-03T11:58:31.116Z,2026-05-03 07:58:31.116,91797,28,-2528,-2867,286
2026-05-03T11:58:31.156Z,2026-05-03 07:58:31.156,91797,29,-2523,-2879,287
2026-05-03T11:58:31.196Z,2026-05-03 07:58:31.196,91797,30,-2518,-2872,279
2026-05-03T11:58:31.236Z,2026-05-03 07:58:31.236,91797,31,-2540,-2881,294
2026-05-03T11:58:31.276Z,2026-05-03 07:58:31.276,91797,32,-2520,-2872,292
2026-05-03T11:58:31.316Z,2026-05-03 07:58:31.316,91797,33,-2512,-2865,290
2026-05-03T11:58:31.356Z,2026-05-03 07:58:31.356,91797,34,-2524,-2873,291
2026-05-03T11:58:31.396Z,2026-05-03 07:58:31.396,91797,35,-2522,-2878,292
2026-05-03T11:58:31.436Z,2026-05-03 07:58:31.436,91797,36,-2534,-2874,295
2026-05-03T11:58:31.476Z,2026-05-03 07:58:31.476,91797,37,-2523,-2875,287
2026-05-03T11:58:31.516Z,2026-05-03 07:58:31.516,91797,38,-2532,-2876,288
2026-05-03T11:58:31.556Z,2026-05-03 07:58:31.556,91797,39,-2506,-2883,291
2026-05-03T11:58:31.596Z,2026-05-03 07:58:31.596,91797,40,-2526,-2883,284
2026-05-03T11:58:31.636Z,2026-05-03 07:58:31.636,91797,41,-2521,-2880,280
2026-05-03T11:58:31.676Z,2026-05-03 07:58:31.676,91797,42,-2533,-2868,291
2026-05-03T11:58:31.716Z,2026-05-03 07:58:31.716,91797,43,-2523,-2874,288
2026-05-03T11:58:31.756Z,2026-05-03 07:58:31.756,91797,44,-2528,-2894,278
2026-05-03T11:58:31.796Z,2026-05-03 07:58:31.796,91797,45,-2524,-2877,292
2026-05-03T11:58:31.836Z,2026-05-03 07:58:31.836,91797,46,-2524,-2883,285
2026-05-03T11:58:31.876Z,2026-05-03 07:58:31.876,91797,47,-2531,-2879,292
2026-05-03T11:58:31.916Z,2026-05-03 07:58:31.916,91797,48,-2528,-2881,289
2026-05-03T11:58:31.956Z,2026-05-03 07:58:31.956,91797,49,-2522,-2881,286
2026-05-03T11:58:31.996Z,2026-05-03 07:58:31.996,91797,50,-2515,-2880,294
2026-05-03T11:58:32.036Z,2026-05-03 07:58:32.036,91797,51,-2520,-2875,295
2026-05-03T11:58:32.076Z,2026-05-03 07:58:32.076,91797,52,-2541,-2881,280
2026-05-03T11:58:32.116Z,2026-05-03 07:58:32.116,91797,53,-2523,-2882,299
2026-05-03T11:58:32.156Z,2026-05-03 07:58:32.156,91797,54,-2531,-2871,288
2026-05-03T11:58:32.196Z,2026-05-03 07:58:32.196,91797,55,-2524,-2867,281
2026-05-03T11:58:32.236Z,2026-05-03 07:58:32.236,91797,56,-2526,-2881,288
2026-05-03T11:58:32.276Z,2026-05-03 07:58:32.276,91797,57,-2530,-2883,288
2026-05-03T11:58:32.316Z,2026-05-03 07:58:32.316,91797,58,-2524,-2880,293
2026-05-03T11:58:32.356Z,2026-05-03 07:58:32.356,91797,59,-2532,-2873,293
2026-05-03T11:58:32.396Z,2026-05-03 07:58:32.396,91797,60,-2522,-2872,289
2026-05-03T11:58:32.436Z,2026-05-03 07:58:32.436,91797,61,-2541,-2879,288
2026-05-03T11:58:32.476Z,2026-05-03 07:58:32.476,91797,62,-2525,-2871,285
2026-05-03T11:58:32.516Z,2026-05-03 07:58:32.516,91797,63,-2524,-2873,293
2026-05-03T11:58:32.556Z,2026-05-03 07:58:32.556,91797,64,-2518,-2886,287
2026-05-03T11:58:32.596Z,2026-05-03 07:58:32.596,91797,65,-2539,-2873,296
2026-05-03T11:58:32.636Z,2026-05-03 07:58:32.636,91797,66,-2520,-2864,285
2026-05-03T11:58:32.676Z,2026-05-03 07:58:32.676,91797,67,-2524,-2878,285
2026-05-03T11:58:32.716Z,2026-05-03 07:58:32.716,91797,68,-2523,-2884,290
2026-05-03T11:58:32.756Z,2026-05-03 07:58:32.756,91797,69,-2516,-2875,284
2026-05-03T11:58:32.796Z,2026-05-03 07:58:32.796,91797,70,-2528,-2864,299
2026-05-03T11:58:32.836Z,2026-05-03 07:58:32.836,91797,71,-2525,-2886,299
2026-05-03T11:58:32.876Z,2026-05-03 07:58:32.876,91797,72,-2519,-2876,291
2026-05-03T11:58:32.916Z,2026-05-03 07:58:32.916,91797,73,-2524,-2884,293
2026-05-03T11:58:32.956Z,2026-05-03 07:58:32.956,91797,74,-2529,-2879,304
2026-05-03T11:58:32.996Z,2026-05-03 07:58:32.996,91797,75,-2525,-2875,277
2026-05-03T11:58:33.036Z,2026-05-03 07:58:33.036,91797,76,-2527,-2884,287
2026-05-03T11:58:33.076Z,2026-05-03 07:58:33.076,91797,77,-2522,-2883,291
2026-05-03T11:58:33.116Z,2026-05-03 07:58:33.116,91797,78,-2532,-2893,279
2026-05-03T11:58:33.156Z,2026-05-03 07:58:33.156,91797,79,-2539,-2890,287
2026-05-03T11:58:33.196Z,2026-05-03 07:58:33.196,91797,80,-2522,-2864,295
2026-05-03T11:58:33.236Z,2026-05-03 07:58:33.236,91797,81,-2536,-2876,290
2026-05-03T11:58:33.276Z,2026-05-03 07:58:33.276,91797,82,-2528,-2887,289
2026-05-03T11:58:33.316Z,2026-05-03 07:58:33.316,91797,83,-2528,-2883,288
2026-05-03T11:58:33.356Z,2026-05-03 07:58:33.356,91797,84,-2518,-2877,288
2026-05-03T11:58:33.396Z,2026-05-03 07:58:33.396,91797,85,-2513,-2883,291
2026-05-03T11:58:33.436Z,2026-05-03 07:58:33.436,91797,86,-2530,-2876,289
2026-05-03T11:58:33.476Z,2026-05-03 07:58:33.476,91797,87,-2523,-2876,288
2026-05-03T11:58:33.516Z,2026-05-03 07:58:33.516,91797,88,-2532,-2883,276
2026-05-03T11:58:33.556Z,2026-05-03 07:58:33.556,91797,89,-2531,-2875,289
2026-05-03T11:58:33.596Z,2026-05-03 07:58:33.596,91797,90,-2529,-2869,299
2026-05-03T11:58:33.636Z,2026-05-03 07:58:33.636,91797,91,-2524,-2876,298
2026-05-03T11:58:33.676Z,2026-05-03 07:58:33.676,91797,92,-2527,-2878,293
2026-05-03T11:58:33.716Z,2026-05-03 07:58:33.716,91797,93,-2525,-2887,288
2026-05-03T11:58:33.756Z,2026-05-03 07:58:33.756,91797,94,-2532,-2875,285
2026-05-03T11:58:33.796Z,2026-05-03 07:58:33.796,91797,95,-2521,-2866,294
2026-05-03T11:58:33.836Z,2026-05-03 07:58:33.836,91797,96,-2532,-2866,284
2026-05-03T11:58:33.876Z,2026-05-03 07:58:33.876,91797,97,-2515,-2872,272
2026-05-03T11:58:33.916Z,2026-05-03 07:58:33.916,91797,98,-2529,-2879,281
2026-05-03T11:58:33.956Z,2026-05-03 07:58:33.956,91797,99,-2520,-2884,297
2026-05-03T11:58:33.996Z,2026-05-03 07:58:33.996,91797,100,-2530,-2871,290
2026-05-03T11:58:34.036Z,2026-05-03 07:58:34.036,91798,1,-2529,-2881,282
2026-05-03T11:58:34.076Z,2026-05-03 07:58:34.076,91798,2,-2532,-2874,290
2026-05-03T11:58:34.116Z,2026-05-03 07:58:34.116,91798,3,-2523,-2879,286
2026-05-03T11:58:34.156Z,2026-05-03 07:58:34.156,91798,4,-2523,-2884,284
2026-05-03T11:58:34.196Z,2026-05-03 07:58:34.196,91798,5,-2542,-2872,285
2026-05-03T11:58:34.236Z,2026-05-03 07:58:34.236,91798,6,-2528,-2879,291
2026-05-03T11:58:34.276Z,2026-05-03 07:58:34.276,91798,7,-2526,-2876,289
2026-05-03T11:58:34.316Z,2026-05-03 07:58:34.316,91798,8,-2534,-2890,280
2026-05-03T11:58:34.356Z,2026-05-03 07:58:34.356,91798,9,-2521,-2872,289
2026-05-03T11:58:34.396Z,2026-05-03 07:58:34.396,91798,10,-2519,-2877,286
2026-05-03T11:58:34.436Z,2026-05-03 07:58:34.436,91798,11,-2523,-2880,279
2026-05-03T11:58:34.476Z,2026-05-03 07:58:34.476,91798,12,-2545,-2881,286
2026-05-03T11:58:34.516Z,2026-05-03 07:58:34.516,91798,13,-2531,-2872,297
2026-05-03T11:58:34.556Z,2026-05-03 07:58:34.556,91798,14,-2518,-2872,272
2026-05-03T11:58:34.596Z,2026-05-03 07:58:34.596,91798,15,-2529,-2887,291
2026-05-03T11:58:34.636Z,2026-05-03 07:58:34.636,91798,16,-2531,-2872,279
2026-05-03T11:58:34.676Z,2026-05-03 07:58:34.676,91798,17,-2522,-2895,283
2026-05-03T11:58:34.716Z,2026-05-03 07:58:34.716,91798,18,-2525,-2870,285
2026-05-03T11:58:34.756Z,2026-05-03 07:58:34.756,91798,19,-2519,-2875,289
2026-05-03T11:58:34.796Z,2026-05-03 07:58:34.796,91798,20,-2535,-2880,296
2026-05-03T11:58:34.836Z,2026-05-03 07:58:34.836,91798,21,-2521,-2872,300
2026-05-03T11:58:34.876Z,2026-05-03 07:58:34.876,91798,22,-2522,-2881,281
2026-05-03T11:58:34.916Z,2026-05-03 07:58:34.916,91798,23,-2529,-2865,278
2026-05-03T11:58:34.956Z,2026-05-03 07:58:34.956,91798,24,-2526,-2879,283
2026-05-03T11:58:34.996Z,2026-05-03 07:58:34.996,91798,25,-2519,-2888,286
2026-05-03T11:58:35.036Z,2026-05-03 07:58:35.036,91798,26,-2529,-2873,280
2026-05-03T11:58:35.076Z,2026-05-03 07:58:35.076,91798,27,-2515,-2883,284
2026-05-03T11:58:35.116Z,2026-05-03 07:58:35.116,91798,28,-2528,-2873,278
2026-05-03T11:58:35.156Z,2026-05-03 07:58:35.156,91798,29,-2537,-2876,289
2026-05-03T11:58:35.196Z,2026-05-03 07:58:35.196,91798,30,-2520,-2873,292
2026-05-03T11:58:35.236Z,2026-05-03 07:58:35.236,91798,31,-2522,-2883,290
2026-05-03T11:58:35.276Z,2026-05-03 07:58:35.276,91798,32,-2532,-2880,285
2026-05-03T11:58:35.316Z,2026-05-03 07:58:35.316,91798,33,-2521,-2874,281
2026-05-03T11:58:35.356Z,2026-05-03 07:58:35.356,91798,34,-2522,-2875,285
2026-05-03T11:58:35.396Z,2026-05-03 07:58:35.396,91798,35,-2532,-2871,297
2026-05-03T11:58:35.436Z,2026-05-03 07:58:35.436,91798,36,-2528,-2879,283
2026-05-03T11:58:35.476Z,2026-05-03 07:58:35.476,91798,37,-2536,-2883,285
2026-05-03T11:58:35.516Z,2026-05-03 07:58:35.516,91798,38,-2523,-2872,293
2026-05-03T11:58:35.556Z,2026-05-03 07:58:35.556,91798,39,-2535,-2871,289
2026-05-03T11:58:35.596Z,2026-05-03 07:58:35.596,91798,40,-2530,-2881,294
2026-05-03T11:58:35.636Z,2026-05-03 07:58:35.636,91798,41,-2529,-2867,294
2026-05-03T11:58:35.676Z,2026-05-03 07:58:35.676,91798,42,-2529,-2887,284
2026-05-03T11:58:35.716Z,2026-05-03 07:58:35.716,91798,43,-2522,-2867,268
2026-05-03T11:58:35.756Z,2026-05-03 07:58:35.756,91798,44,-2536,-2865,303
2026-05-03T11:58:35.796Z,2026-05-03 07:58:35.796,91798,45,-2534,-2892,290
2026-05-03T11:58:35.836Z,2026-05-03 07:58:35.836,91798,46,-2533,-2861,279
2026-05-03T11:58:35.876Z,2026-05-03 07:58:35.876,91798,47,-2523,-2876,293
2026-05-03T11:58:35.916Z,2026-05-03 07:58:35.916,91798,48,-2541,-2888,275
2026-05-03T11:58:35.956Z,2026-05-03 07:58:35.956,91798,49,-2519,-2875,281
2026-05-03T11:58:35.996Z,2026-05-03 07:58:35.996,91798,50,-2536,-2879,290
2026-05-03T11:58:36.036Z,2026-05-03 07:58:36.036,91798,51,-2540,-2880,278
2026-05-03T11:58:36.076Z,2026-05-03 07:58:36.076,91798,52,-2523,-2880,280
2026-05-03T11:58:36.116Z,2026-05-03 07:58:36.116,91798,53,-2533,-2879,291
2026-05-03T11:58:36.156Z,2026-05-03 07:58:36.156,91798,54,-2531,-2875,293
2026-05-03T11:58:36.196Z,2026-05-03 07:58:36.196,91798,55,-2526,-2874,276
2026-05-03T11:58:36.236Z,2026-05-03 07:58:36.236,91798,56,-2526,-2881,275
2026-05-03T11:58:36.276Z,2026-05-03 07:58:36.276,91798,57,-2533,-2880,286
2026-05-03T11:58:36.316Z,2026-05-03 07:58:36.316,91798,58,-2523,-2879,278
2026-05-03T11:58:36.356Z,2026-05-03 07:58:36.356,91798,59,-2532,-2874,290
2026-05-03T11:58:36.396Z,2026-05-03 07:58:36.396,91798,60,-2532,-2874,294
2026-05-03T11:58:36.436Z,2026-05-03 07:58:36.436,91798,61,-2536,-2882,288
2026-05-03T11:58:36.476Z,2026-05-03 07:58:36.476,91798,62,-2531,-2869,292
2026-05-03T11:58:36.516Z,2026-05-03 07:58:36.516,91798,63,-2522,-2881,280
2026-05-03T11:58:36.556Z,2026-05-03 07:58:36.556,91798,64,-2527,-2872,293
2026-05-03T11:58:36.596Z,2026-05-03 07:58:36.596,91798,65,-2521,-2880,286
2026-05-03T11:58:36.636Z,2026-05-03 07:58:36.636,91798,66,-2516,-2876,290
2026-05-03T11:58:36.676Z,2026-05-03 07:58:36.676,91798,67,-2533,-2874,296
2026-05-03T11:58:36.716Z,2026-05-03 07:58:36.716,91798,68,-2528,-2872,289
2026-05-03T11:58:36.756Z,2026-05-03 07:58:36.756,91798,69,-2528,-2881,291
2026-05-03T11:58:36.796Z,2026-05-03 07:58:36.796,91798,70,-2517,-2875,289
2026-05-03T11:58:36.836Z,2026-05-03 07:58:36.836,91798,71,-2522,-2875,296
2026-05-03T11:58:36.876Z,2026-05-03 07:58:36.876,91798,72,-2524,-2874,288
2026-05-03T11:58:36.916Z,2026-05-03 07:58:36.916,91798,73,-2532,-2879,286
2026-05-03T11:58:36.956Z,2026-05-03 07:58:36.956,91798,74,-2525,-2872,281
2026-05-03T11:58:36.996Z,2026-05-03 07:58:36.996,91798,75,-2526,-2871,290
2026-05-03T11:58:37.036Z,2026-05-03 07:58:37.036,91798,76,-2531,-2874,292
2026-05-03T11:58:37.076Z,2026-05-03 07:58:37.076,91798,77,-2532,-2883,295
2026-05-03T11:58:37.116Z,2026-05-03 07:58:37.116,91798,78,-2534,-2876,298
2026-05-03T11:58:37.156Z,2026-05-03 07:58:37.156,91798,79,-2517,-2871,281
2026-05-03T11:58:37.196Z,2026-05-03 07:58:37.196,91798,80,-2526,-2867,291
2026-05-03T11:58:37.236Z,2026-05-03 07:58:37.236,91798,81,-2531,-2879,293
2026-05-03T11:58:37.276Z,2026-05-03 07:58:37.276,91798,82,-2534,-2877,290
2026-05-03T11:58:37.316Z,2026-05-03 07:58:37.316,91798,83,-2527,-2871,284
2026-05-03T11:58:37.356Z,2026-05-03 07:58:37.356,91798,84,-2532,-2884,282
2026-05-03T11:58:37.396Z,2026-05-03 07:58:37.396,91798,85,-2520,-2872,276
2026-05-03T11:58:37.436Z,2026-05-03 07:58:37.436,91798,86,-2533,-2891,294
2026-05-03T11:58:37.476Z,2026-05-03 07:58:37.476,91798,87,-2533,-2876,292
2026-05-03T11:58:37.516Z,2026-05-03 07:58:37.516,91798,88,-2531,-2875,287
2026-05-03T11:58:37.556Z,2026-05-03 07:58:37.556,91798,89,-2528,-2882,299
2026-05-03T11:58:37.596Z,2026-05-03 07:58:37.596,91798,90,-2523,-2872,298
2026-05-03T11:58:37.636Z,2026-05-03 07:58:37.636,91798,91,-2525,-2866,280
2026-05-03T11:58:37.676Z,2026-05-03 07:58:37.676,91798,92,-2533,-2874,295
2026-05-03T11:58:37.716Z,2026-05-03 07:58:37.716,91798,93,-2538,-2869,292
2026-05-03T11:58:37.756Z,2026-05-03 07:58:37.756,91798,94,-2525,-2880,284
2026-05-03T11:58:37.796Z,2026-05-03 07:58:37.796,91798,95,-2535,-2884,295
2026-05-03T11:58:37.836Z,2026-05-03 07:58:37.836,91798,96,-2526,-2873,288
2026-05-03T11:58:37.876Z,2026-05-03 07:58:37.876,91798,97,-2530,-2871,280
2026-05-03T11:58:37.916Z,2026-05-03 07:58:37.916,91798,98,-2521,-2883,297
2026-05-03T11:58:37.956Z,2026-05-03 07:58:37.956,91798,99,-2525,-2879,297
2026-05-03T11:58:37.996Z,2026-05-03 07:58:37.996,91798,100,-2541,-2879,280
2026-05-03T11:58:38.036Z,2026-05-03 07:58:38.036,91799,1,-2523,-2879,291
2026-05-03T11:58:38.076Z,2026-05-03 07:58:38.076,91799,2,-2530,-2881,283
2026-05-03T11:58:38.116Z,2026-05-03 07:58:38.116,91799,3,-2533,-2877,283
2026-05-03T11:58:38.156Z,2026-05-03 07:58:38.156,91799,4,-2523,-2874,270
2026-05-03T11:58:38.196Z,2026-05-03 07:58:38.196,91799,5,-2513,-2880,286
2026-05-03T11:58:38.236Z,2026-05-03 07:58:38.236,91799,6,-2535,-2884,277
2026-05-03T11:58:38.276Z,2026-05-03 07:58:38.276,91799,7,-2539,-2884,294
2026-05-03T11:58:38.316Z,2026-05-03 07:58:38.316,91799,8,-2531,-2883,286
2026-05-03T11:58:38.356Z,2026-05-03 07:58:38.356,91799,9,-2526,-2874,292
2026-05-03T11:58:38.396Z,2026-05-03 07:58:38.396,91799,10,-2523,-2879,284
2026-05-03T11:58:38.436Z,2026-05-03 07:58:38.436,91799,11,-2524,-2881,284
2026-05-03T11:58:38.476Z,2026-05-03 07:58:38.476,91799,12,-2540,-2869,281
2026-05-03T11:58:38.516Z,2026-05-03 07:58:38.516,91799,13,-2529,-2875,288
2026-05-03T11:58:38.556Z,2026-05-03 07:58:38.556,91799,14,-2533,-2880,275
2026-05-03T11:58:38.596Z,2026-05-03 07:58:38.596,91799,15,-2514,-2866,278
2026-05-03T11:58:38.636Z,2026-05-03 07:58:38.636,91799,16,-2532,-2888,287
2026-05-03T11:58:38.676Z,2026-05-03 07:58:38.676,91799,17,-2509,-2881,287
2026-05-03T11:58:38.716Z,2026-05-03 07:58:38.716,91799,18,-2535,-2877,276
2026-05-03T11:58:38.756Z,2026-05-03 07:58:38.756,91799,19,-2524,-2874,271
2026-05-03T11:58:38.796Z,2026-05-03 07:58:38.796,91799,20,-2531,-2865,281
2026-05-03T11:58:38.836Z,2026-05-03 07:58:38.836,91799,21,-2538,-2876,282
2026-05-03T11:58:38.876Z,2026-05-03 07:58:38.876,91799,22,-2537,-2880,283
2026-05-03T11:58:38.916Z,2026-05-03 07:58:38.916,91799,23,-2516,-2864,284
2026-05-03T11:58:38.956Z,2026-05-03 07:58:38.956,91799,24,-2532,-2872,285
2026-05-03T11:58:38.996Z,2026-05-03 07:58:38.996,91799,25,-2534,-2884,289
2026-05-03T11:58:39.036Z,2026-05-03 07:58:39.036,91799,26,-2539,-2872,296
2026-05-03T11:58:39.076Z,2026-05-03 07:58:39.076,91799,27,-2515,-2884,278
2026-05-03T11:58:39.116Z,2026-05-03 07:58:39.116,91799,28,-2528,-2869,293
2026-05-03T11:58:39.156Z,2026-05-03 07:58:39.156,91799,29,-2534,-2864,286
2026-05-03T11:58:39.196Z,2026-05-03 07:58:39.196,91799,30,-2526,-2874,273
2026-05-03T11:58:39.236Z,2026-05-03 07:58:39.236,91799,31,-2520,-2880,281
2026-05-03T11:58:39.276Z,2026-05-03 07:58:39.276,91799,32,-2534,-2875,280
2026-05-03T11:58:39.316Z,2026-05-03 07:58:39.316,91799,33,-2535,-2879,296
2026-05-03T11:58:39.356Z,2026-05-03 07:58:39.356,91799,34,-2523,-2893,288
2026-05-03T11:58:39.396Z,2026-05-03 07:58:39.396,91799,35,-2521,-2876,290
2026-05-03T11:58:39.436Z,2026-05-03 07:58:39.436,91799,36,-2532,-2882,299
2026-05-03T11:58:39.476Z,2026-05-03 07:58:39.476,91799,37,-2537,-2888,287
2026-05-03T11:58:39.516Z,2026-05-03 07:58:39.516,91799,38,-2528,-2887,283
2026-05-03T11:58:39.556Z,2026-05-03 07:58:39.556,91799,39,-2521,-2872,291
2026-05-03T11:58:39.596Z,2026-05-03 07:58:39.596,91799,40,-2524,-2874,295
2026-05-03T11:58:39.636Z,2026-05-03 07:58:39.636,91799,41,-2533,-2875,288
2026-05-03T11:58:39.676Z,2026-05-03 07:58:39.676,91799,42,-2532,-2874,285
2026-05-03T11:58:39.716Z,2026-05-03 07:58:39.716,91799,43,-2519,-2881,281
2026-05-03T11:58:39.756Z,2026-05-03 07:58:39.756,91799,44,-2537,-2875,288
2026-05-03T11:58:39.796Z,2026-05-03 07:58:39.796,91799,45,-2521,-2873,287
2026-05-03T11:58:39.836Z,2026-05-03 07:58:39.836,91799,46,-2519,-2884,295
2026-05-03T11:58:39.876Z,2026-05-03 07:58:39.876,91799,47,-2543,-2880,291
2026-05-03T11:58:39.916Z,2026-05-03 07:58:39.916,91799,48,-2520,-2880,287
2026-05-03T11:58:39.956Z,2026-05-03 07:58:39.956,91799,49,-2528,-2870,284
2026-05-03T11:58:39.996Z,2026-05-03 07:58:39.996,91799,50,-2527,-2874,287
2026-05-03T11:58:40.036Z,2026-05-03 07:58:40.036,91799,51,-2520,-2876,284
2026-05-03T11:58:40.076Z,2026-05-03 07:58:40.076,91799,52,-2531,-2879,287
2026-05-03T11:58:40.116Z,2026-05-03 07:58:40.116,91799,53,-2524,-2879,283
2026-05-03T11:58:40.156Z,2026-05-03 07:58:40.156,91799,54,-2532,-2882,295
2026-05-03T11:58:40.196Z,2026-05-03 07:58:40.196,91799,55,-2522,-2870,276
2026-05-03T11:58:40.236Z,2026-05-03 07:58:40.236,91799,56,-2524,-2873,279
2026-05-03T11:58:40.276Z,2026-05-03 07:58:40.276,91799,57,-2523,-2872,288
2026-05-03T11:58:40.316Z,2026-05-03 07:58:40.316,91799,58,-2538,-2866,282
2026-05-03T11:58:40.356Z,2026-05-03 07:58:40.356,91799,59,-2534,-2873,284
2026-05-03T11:58:40.396Z,2026-05-03 07:58:40.396,91799,60,-2525,-2872,283
2026-05-03T11:58:40.436Z,2026-05-03 07:58:40.436,91799,61,-2525,-2876,288
2026-05-03T11:58:40.476Z,2026-05-03 07:58:40.476,91799,62,-2537,-2867,290
2026-05-03T11:58:40.516Z,2026-05-03 07:58:40.516,91799,63,-2527,-2879,300
2026-05-03T11:58:40.556Z,2026-05-03 07:58:40.556,91799,64,-2531,-2872,288
2026-05-03T11:58:40.596Z,2026-05-03 07:58:40.596,91799,65,-2517,-2885,291
2026-05-03T11:58:40.636Z,2026-05-03 07:58:40.636,91799,66,-2529,-2875,287
2026-05-03T11:58:40.676Z,2026-05-03 07:58:40.676,91799,67,-2535,-2879,286
2026-05-03T11:58:40.716Z,2026-05-03 07:58:40.716,91799,68,-2534,-2870,289
2026-05-03T11:58:40.756Z,2026-05-03 07:58:40.756,91799,69,-2522,-2878,291
2026-05-03T11:58:40.796Z,2026-05-03 07:58:40.796,91799,70,-2522,-2883,288
2026-05-03T11:58:40.836Z,2026-05-03 07:58:40.836,91799,71,-2526,-2874,286
2026-05-03T11:58:40.876Z,2026-05-03 07:58:40.876,91799,72,-2529,-2868,298
2026-05-03T11:58:40.916Z,2026-05-03 07:58:40.916,91799,73,-2528,-2870,301
2026-05-03T11:58:40.956Z,2026-05-03 07:58:40.956,91799,74,-2531,-2886,285
2026-05-03T11:58:40.996Z,2026-05-03 07:58:40.996,91799,75,-2537,-2882,287
2026-05-03T11:58:41.036Z,2026-05-03 07:58:41.036,91799,76,-2531,-2875,295
2026-05-03T11:58:41.076Z,2026-05-03 07:58:41.076,91799,77,-2527,-2884,280
2026-05-03T11:58:41.116Z,2026-05-03 07:58:41.116,91799,78,-2524,-2879,276
2026-05-03T11:58:41.156Z,2026-05-03 07:58:41.156,91799,79,-2528,-2880,275
2026-05-03T11:58:41.196Z,2026-05-03 07:58:41.196,91799,80,-2522,-2889,279
2026-05-03T11:58:41.236Z,2026-05-03 07:58:41.236,91799,81,-2529,-2887,283
2026-05-03T11:58:41.276Z,2026-05-03 07:58:41.276,91799,82,-2533,-2876,290
2026-05-03T11:58:41.316Z,2026-05-03 07:58:41.316,91799,83,-2528,-2875,288
2026-05-03T11:58:41.356Z,2026-05-03 07:58:41.356,91799,84,-2539,-2881,293
2026-05-03T11:58:41.396Z,2026-05-03 07:58:41.396,91799,85,-2514,-2892,279
2026-05-03T11:58:41.436Z,2026-05-03 07:58:41.436,91799,86,-2520,-2881,292
2026-05-03T11:58:41.476Z,2026-05-03 07:58:41.476,91799,87,-2524,-2882,300
2026-05-03T11:58:41.516Z,2026-05-03 07:58:41.516,91799,88,-2516,-2873,292
2026-05-03T11:58:41.556Z,2026-05-03 07:58:41.556,91799,89,-2534,-2875,293
2026-05-03T11:58:41.596Z,2026-05-03 07:58:41.596,91799,90,-2528,-2876,290
2026-05-03T11:58:41.636Z,2026-05-03 07:58:41.636,91799,91,-2524,-2872,291
2026-05-03T11:58:41.676Z,2026-05-03 07:58:41.676,91799,92,-2521,-2875,291
2026-05-03T11:58:41.716Z,2026-05-03 07:58:41.716,91799,93,-2538,-2880,298
2026-05-03T11:58:41.756Z,2026-05-03 07:58:41.756,91799,94,-2518,-2867,279
2026-05-03T11:58:41.796Z,2026-05-03 07:58:41.796,91799,95,-2522,-2873,290
2026-05-03T11:58:41.836Z,2026-05-03 07:58:41.836,91799,96,-2529,-2868,288
2026-05-03T11:58:41.876Z,2026-05-03 07:58:41.876,91799,97,-2523,-2882,287
2026-05-03T11:58:41.916Z,2026-05-03 07:58:41.916,91799,98,-2523,-2872,292
2026-05-03T11:58:41.956Z,2026-05-03 07:58:41.956,91799,99,-2536,-2880,292
2026-05-03T11:58:41.996Z,2026-05-03 07:58:41.996,91799,100,-2530,-2885,286
2026-05-03T11:58:42.036Z,2026-05-03 07:58:42.036,91800,1,-2534,-2879,287
2026-05-03T11:58:42.076Z,2026-05-03 07:58:42.076,91800,2,-2531,-2877,294
2026-05-03T11:58:42.116Z,2026-05-03 07:58:42.116,91800,3,-2516,-2871,297
2026-05-03T11:58:42.156Z,2026-05-03 07:58:42.156,91800,4,-2518,-2885,286
2026-05-03T11:58:42.196Z,2026-05-03 07:58:42.196,91800,5,-2533,-2872,286
2026-05-03T11:58:42.236Z,2026-05-03 07:58:42.236,91800,6,-2524,-2875,289
2026-05-03T11:58:42.276Z,2026-05-03 07:58:42.276,91800,7,-2529,-2871,290
2026-05-03T11:58:42.316Z,2026-05-03 07:58:42.316,91800,8,-2521,-2884,291
2026-05-03T11:58:42.356Z,2026-05-03 07:58:42.356,91800,9,-2519,-2881,298
2026-05-03T11:58:42.396Z,2026-05-03 07:58:42.396,91800,10,-2522,-2881,297
2026-05-03T11:58:42.436Z,2026-05-03 07:58:42.436,91800,11,-2524,-2871,294
2026-05-03T11:58:42.476Z,2026-05-03 07:58:42.476,91800,12,-2526,-2875,282
2026-05-03T11:58:42.516Z,2026-05-03 07:58:42.516,91800,13,-2526,-2888,301
2026-05-03T11:58:42.556Z,2026-05-03 07:58:42.556,91800,14,-2526,-2883,289
2026-05-03T11:58:42.596Z,2026-05-03 07:58:42.596,91800,15,-2524,-2866,297
2026-05-03T11:58:42.636Z,2026-05-03 07:58:42.636,91800,16,-2529,-2879,302
2026-05-03T11:58:42.676Z,2026-05-03 07:58:42.676,91800,17,-2525,-2877,291
2026-05-03T11:58:42.716Z,2026-05-03 07:58:42.716,91800,18,-2532,-2873,287
2026-05-03T11:58:42.756Z,2026-05-03 07:58:42.756,91800,19,-2526,-2874,295
2026-05-03T11:58:42.796Z,2026-05-03 07:58:42.796,91800,20,-2525,-2881,274
2026-05-03T11:58:42.836Z,2026-05-03 07:58:42.836,91800,21,-2528,-2880,283
2026-05-03T11:58:42.876Z,2026-05-03 07:58:42.876,91800,22,-2522,-2884,285
2026-05-03T11:58:42.916Z,2026-05-03 07:58:42.916,91800,23,-2533,-2868,278
2026-05-03T11:58:42.956Z,2026-05-03 07:58:42.956,91800,24,-2532,-2883,270
2026-05-03T11:58:42.996Z,2026-05-03 07:58:42.996,91800,25,-2528,-2882,297
2026-05-03T11:58:43.036Z,2026-05-03 07:58:43.036,91800,26,-2531,-2882,293
2026-05-03T11:58:43.076Z,2026-05-03 07:58:43.076,91800,27,-2531,-2866,289
2026-05-03T11:58:43.116Z,2026-05-03 07:58:43.116,91800,28,-2528,-2882,279
2026-05-03T11:58:43.156Z,2026-05-03 07:58:43.156,91800,29,-2525,-2875,272
2026-05-03T11:58:43.196Z,2026-05-03 07:58:43.196,91800,30,-2523,-2867,283
2026-05-03T11:58:43.236Z,2026-05-03 07:58:43.236,91800,31,-2525,-2872,303
2026-05-03T11:58:43.276Z,2026-05-03 07:58:43.276,91800,32,-2528,-2893,285
2026-05-03T11:58:43.316Z,2026-05-03 07:58:43.316,91800,33,-2530,-2863,297
2026-05-03T11:58:43.356Z,2026-05-03 07:58:43.356,91800,34,-2533,-2872,283
2026-05-03T11:58:43.396Z,2026-05-03 07:58:43.396,91800,35,-2540,-2876,277
2026-05-03T11:58:43.436Z,2026-05-03 07:58:43.436,91800,36,-2530,-2876,288
2026-05-03T11:58:43.476Z,2026-05-03 07:58:43.476,91800,37,-2520,-2867,277
2026-05-03T11:58:43.516Z,2026-05-03 07:58:43.516,91800,38,-2524,-2883,294
2026-05-03T11:58:43.556Z,2026-05-03 07:58:43.556,91800,39,-2522,-2879,286
2026-05-03T11:58:43.596Z,2026-05-03 07:58:43.596,91800,40,-2517,-2889,289
2026-05-03T11:58:43.636Z,2026-05-03 07:58:43.636,91800,41,-2532,-2880,297
2026-05-03T11:58:43.676Z,2026-05-03 07:58:43.676,91800,42,-2523,-2888,296
2026-05-03T11:58:43.716Z,2026-05-03 07:58:43.716,91800,43,-2532,-2871,288
2026-05-03T11:58:43.756Z,2026-05-03 07:58:43.756,91800,44,-2523,-2883,285
2026-05-03T11:58:43.796Z,2026-05-03 07:58:43.796,91800,45,-2521,-2885,287
2026-05-03T11:58:43.836Z,2026-05-03 07:58:43.836,91800,46,-2528,-2876,278
2026-05-03T11:58:43.876Z,2026-05-03 07:58:43.876,91800,47,-2527,-2876,293
2026-05-03T11:58:43.916Z,2026-05-03 07:58:43.916,91800,48,-2529,-2871,286
2026-05-03T11:58:43.956Z,2026-05-03 07:58:43.956,91800,49,-2528,-2865,295
2026-05-03T11:58:43.996Z,2026-05-03 07:58:43.996,91800,50,-2535,-2876,280
2026-05-03T11:58:44.036Z,2026-05-03 07:58:44.036,91800,51,-2530,-2872,294
2026-05-03T11:58:44.076Z,2026-05-03 07:58:44.076,91800,52,-2531,-2882,290
2026-05-03T11:58:44.116Z,2026-05-03 07:58:44.116,91800,53,-2521,-2875,283
2026-05-03T11:58:44.156Z,2026-05-03 07:58:44.156,91800,54,-2536,-2888,293
2026-05-03T11:58:44.196Z,2026-05-03 07:58:44.196,91800,55,-2526,-2879,290
2026-05-03T11:58:44.236Z,2026-05-03 07:58:44.236,91800,56,-2525,-2873,286
2026-05-03T11:58:44.276Z,2026-05-03 07:58:44.276,91800,57,-2540,-2864,286
2026-05-03T11:58:44.316Z,2026-05-03 07:58:44.316,91800,58,-2521,-2879,290
2026-05-03T11:58:44.356Z,2026-05-03 07:58:44.356,91800,59,-2531,-2884,278
2026-05-03T11:58:44.396Z,2026-05-03 07:58:44.396,91800,60,-2534,-2874,291
2026-05-03T11:58:44.436Z,2026-05-03 07:58:44.436,91800,61,-2512,-2873,289
2026-05-03T11:58:44.476Z,2026-05-03 07:58:44.476,91800,62,-2518,-2864,277
2026-05-03T11:58:44.516Z,2026-05-03 07:58:44.516,91800,63,-2532,-2882,288
2026-05-03T11:58:44.556Z,2026-05-03 07:58:44.556,91800,64,-2529,-2882,289
2026-05-03T11:58:44.596Z,2026-05-03 07:58:44.596,91800,65,-2519,-2867,282
2026-05-03T11:58:44.636Z,2026-05-03 07:58:44.636,91800,66,-2535,-2870,279
2026-05-03T11:58:44.676Z,2026-05-03 07:58:44.676,91800,67,-2537,-2887,294
2026-05-03T11:58:44.716Z,2026-05-03 07:58:44.716,91800,68,-2519,-2880,293
2026-05-03T11:58:44.756Z,2026-05-03 07:58:44.756,91800,69,-2536,-2884,282
2026-05-03T11:58:44.796Z,2026-05-03 07:58:44.796,91800,70,-2535,-2887,299
2026-05-03T11:58:44.836Z,2026-05-03 07:58:44.836,91800,71,-2527,-2872,283
2026-05-03T11:58:44.876Z,2026-05-03 07:58:44.876,91800,72,-2536,-2871,289
2026-05-03T11:58:44.916Z,2026-05-03 07:58:44.916,91800,73,-2521,-2884,295
2026-05-03T11:58:44.956Z,2026-05-03 07:58:44.956,91800,74,-2519,-2871,279
2026-05-03T11:58:44.996Z,2026-05-03 07:58:44.996,91800,75,-2533,-2866,292
2026-05-03T11:58:45.036Z,2026-05-03 07:58:45.036,91800,76,-2529,-2888,292
2026-05-03T11:58:45.076Z,2026-05-03 07:58:45.076,91800,77,-2518,-2871,291
2026-05-03T11:58:45.116Z,2026-05-03 07:58:45.116,91800,78,-2527,-2875,310
2026-05-03T11:58:45.156Z,2026-05-03 07:58:45.156,91800,79,-2514,-2877,283
2026-05-03T11:58:45.196Z,2026-05-03 07:58:45.196,91800,80,-2523,-2882,294
2026-05-03T11:58:45.236Z,2026-05-03 07:58:45.236,91800,81,-2539,-2883,288
2026-05-03T11:58:45.276Z,2026-05-03 07:58:45.276,91800,82,-2533,-2871,302
2026-05-03T11:58:45.316Z,2026-05-03 07:58:45.316,91800,83,-2530,-2883,286
2026-05-03T11:58:45.356Z,2026-05-03 07:58:45.356,91800,84,-2517,-2876,293
2026-05-03T11:58:45.396Z,2026-05-03 07:58:45.396,91800,85,-2540,-2889,282
2026-05-03T11:58:45.436Z,2026-05-03 07:58:45.436,91800,86,-2522,-2883,294
2026-05-03T11:58:45.476Z,2026-05-03 07:58:45.476,91800,87,-2528,-2880,279
2026-05-03T11:58:45.516Z,2026-05-03 07:58:45.516,91800,88,-2523,-2876,279
2026-05-03T11:58:45.556Z,2026-05-03 07:58:45.556,91800,89,-2530,-2883,301
2026-05-03T11:58:45.596Z,2026-05-03 07:58:45.596,91800,90,-2530,-2863,285
2026-05-03T11:58:45.636Z,2026-05-03 07:58:45.636,91800,91,-2538,-2869,291
2026-05-03T11:58:45.676Z,2026-05-03 07:58:45.676,91800,92,-2530,-2901,281
2026-05-03T11:58:45.716Z,2026-05-03 07:58:45.716,91800,93,-2525,-2882,281
2026-05-03T11:58:45.756Z,2026-05-03 07:58:45.756,91800,94,-2529,-2871,289
2026-05-03T11:58:45.796Z,2026-05-03 07:58:45.796,91800,95,-2506,-2871,288
2026-05-03T11:58:45.836Z,2026-05-03 07:58:45.836,91800,96,-2519,-2875,284
2026-05-03T11:58:45.876Z,2026-05-03 07:58:45.876,91800,97,-2525,-2877,300
2026-05-03T11:58:45.916Z,2026-05-03 07:58:45.916,91800,98,-2530,-2883,290
2026-05-03T11:58:45.956Z,2026-05-03 07:58:45.956,91800,99,-2516,-2883,291
2026-05-03T11:58:45.996Z,2026-05-03 07:58:45.996,91800,100,-2542,-2876,282
2026-05-03T11:58:46.036Z,2026-05-03 07:58:46.036,91801,1,-2525,-2871,291
2026-05-03T11:58:46.076Z,2026-05-03 07:58:46.076,91801,2,-2529,-2876,289
2026-05-03T11:58:46.116Z,2026-05-03 07:58:46.116,91801,3,-2527,-2870,281
2026-05-03T11:58:46.156Z,2026-05-03 07:58:46.156,91801,4,-2543,-2863,287
2026-05-03T11:58:46.196Z,2026-05-03 07:58:46.196,91801,5,-2536,-2879,298
2026-05-03T11:58:46.236Z,2026-05-03 07:58:46.236,91801,6,-2524,-2880,292
2026-05-03T11:58:46.276Z,2026-05-03 07:58:46.276,91801,7,-2513,-2872,272
2026-05-03T11:58:46.316Z,2026-05-03 07:58:46.316,91801,8,-2535,-2883,299
2026-05-03T11:58:46.356Z,2026-05-03 07:58:46.356,91801,9,-2541,-2883,293
2026-05-03T11:58:46.396Z,2026-05-03 07:58:46.396,91801,10,-2526,-2880,280
2026-05-03T11:58:46.436Z,2026-05-03 07:58:46.436,91801,11,-2526,-2873,291
2026-05-03T11:58:46.476Z,2026-05-03 07:58:46.476,91801,12,-2519,-2876,282
2026-05-03T11:58:46.516Z,2026-05-03 07:58:46.516,91801,13,-2539,-2881,276
2026-05-03T11:58:46.556Z,2026-05-03 07:58:46.556,91801,14,-2522,-2864,280
2026-05-03T11:58:46.596Z,2026-05-03 07:58:46.596,91801,15,-2516,-2880,292
2026-05-03T11:58:46.636Z,2026-05-03 07:58:46.636,91801,16,-2520,-2870,278
2026-05-03T11:58:46.676Z,2026-05-03 07:58:46.676,91801,17,-2521,-2885,286
2026-05-03T11:58:46.716Z,2026-05-03 07:58:46.716,91801,18,-2530,-2879,282
2026-05-03T11:58:46.756Z,2026-05-03 07:58:46.756,91801,19,-2533,-2874,289
2026-05-03T11:58:46.796Z,2026-05-03 07:58:46.796,91801,20,-2511,-2884,276
2026-05-03T11:58:46.836Z,2026-05-03 07:58:46.836,91801,21,-2540,-2876,284
2026-05-03T11:58:46.876Z,2026-05-03 07:58:46.876,91801,22,-2525,-2874,284
2026-05-03T11:58:46.916Z,2026-05-03 07:58:46.916,91801,23,-2534,-2876,285
2026-05-03T11:58:46.956Z,2026-05-03 07:58:46.956,91801,24,-2530,-2873,297
2026-05-03T11:58:46.996Z,2026-05-03 07:58:46.996,91801,25,-2531,-2879,299
2026-05-03T11:58:47.036Z,2026-05-03 07:58:47.036,91801,26,-2524,-2871,292
2026-05-03T11:58:47.076Z,2026-05-03 07:58:47.076,91801,27,-2534,-2872,290
2026-05-03T11:58:47.116Z,2026-05-03 07:58:47.116,91801,28,-2528,-2891,294
2026-05-03T11:58:47.156Z,2026-05-03 07:58:47.156,91801,29,-2541,-2876,295
2026-05-03T11:58:47.196Z,2026-05-03 07:58:47.196,91801,30,-2526,-2873,288
2026-05-03T11:58:47.236Z,2026-05-03 07:58:47.236,91801,31,-2521,-2868,296
2026-05-03T11:58:47.276Z,2026-05-03 07:58:47.276,91801,32,-2520,-2871,277
2026-05-03T11:58:47.316Z,2026-05-03 07:58:47.316,91801,33,-2530,-2868,284
2026-05-03T11:58:47.356Z,2026-05-03 07:58:47.356,91801,34,-2523,-2879,279
2026-05-03T11:58:47.396Z,2026-05-03 07:58:47.396,91801,35,-2534,-2879,285
2026-05-03T11:58:47.436Z,2026-05-03 07:58:47.436,91801,36,-2527,-2873,289
2026-05-03T11:58:47.476Z,2026-05-03 07:58:47.476,91801,37,-2532,-2871,290
2026-05-03T11:58:47.516Z,2026-05-03 07:58:47.516,91801,38,-2531,-2875,274
2026-05-03T11:58:47.556Z,2026-05-03 07:58:47.556,91801,39,-2522,-2876,284
2026-05-03T11:58:47.596Z,2026-05-03 07:58:47.596,91801,40,-2528,-2870,296
2026-05-03T11:58:47.636Z,2026-05-03 07:58:47.636,91801,41,-2527,-2869,278
2026-05-03T11:58:47.676Z,2026-05-03 07:58:47.676,91801,42,-2529,-2874,294
2026-05-03T11:58:47.716Z,2026-05-03 07:58:47.716,91801,43,-2537,-2881,281
2026-05-03T11:58:47.756Z,2026-05-03 07:58:47.756,91801,44,-2520,-2872,283
2026-05-03T11:58:47.796Z,2026-05-03 07:58:47.796,91801,45,-2519,-2894,286
2026-05-03T11:58:47.836Z,2026-05-03 07:58:47.836,91801,46,-2519,-2872,300
2026-05-03T11:58:47.876Z,2026-05-03 07:58:47.876,91801,47,-2527,-2874,291
2026-05-03T11:58:47.916Z,2026-05-03 07:58:47.916,91801,48,-2530,-2883,288
2026-05-03T11:58:47.956Z,2026-05-03 07:58:47.956,91801,49,-2531,-2880,288
2026-05-03T11:58:47.996Z,2026-05-03 07:58:47.996,91801,50,-2519,-2872,289
2026-05-03T11:58:48.036Z,2026-05-03 07:58:48.036,91801,51,-2524,-2869,290
2026-05-03T11:58:48.076Z,2026-05-03 07:58:48.076,91801,52,-2522,-2871,294
2026-05-03T11:58:48.116Z,2026-05-03 07:58:48.116,91801,53,-2529,-2879,289
2026-05-03T11:58:48.156Z,2026-05-03 07:58:48.156,91801,54,-2523,-2879,293
2026-05-03T11:58:48.196Z,2026-05-03 07:58:48.196,91801,55,-2523,-2865,288
2026-05-03T11:58:48.236Z,2026-05-03 07:58:48.236,91801,56,-2523,-2881,307
2026-05-03T11:58:48.276Z,2026-05-03 07:58:48.276,91801,57,-2520,-2879,297
2026-05-03T11:58:48.316Z,2026-05-03 07:58:48.316,91801,58,-2527,-2873,291
2026-05-03T11:58:48.356Z,2026-05-03 07:58:48.356,91801,59,-2533,-2872,288
2026-05-03T11:58:48.396Z,2026-05-03 07:58:48.396,91801,60,-2515,-2872,282
2026-05-03T11:58:48.436Z,2026-05-03 07:58:48.436,91801,61,-2531,-2882,293
2026-05-03T11:58:48.476Z,2026-05-03 07:58:48.476,91801,62,-2523,-2876,296
2026-05-03T11:58:48.516Z,2026-05-03 07:58:48.516,91801,63,-2525,-2871,278
2026-05-03T11:58:48.556Z,2026-05-03 07:58:48.556,91801,64,-2520,-2872,280
2026-05-03T11:58:48.596Z,2026-05-03 07:58:48.596,91801,65,-2535,-2879,300
2026-05-03T11:58:48.636Z,2026-05-03 07:58:48.636,91801,66,-2548,-2879,282
2026-05-03T11:58:48.676Z,2026-05-03 07:58:48.676,91801,67,-2526,-2879,285
2026-05-03T11:58:48.716Z,2026-05-03 07:58:48.716,91801,68,-2539,-2873,286
2026-05-03T11:58:48.756Z,2026-05-03 07:58:48.756,91801,69,-2527,-2876,285
2026-05-03T11:58:48.796Z,2026-05-03 07:58:48.796,91801,70,-2534,-2888,280
2026-05-03T11:58:48.836Z,2026-05-03 07:58:48.836,91801,71,-2522,-2872,281
2026-05-03T11:58:48.876Z,2026-05-03 07:58:48.876,91801,72,-2533,-2879,287
2026-05-03T11:58:48.916Z,2026-05-03 07:58:48.916,91801,73,-2517,-2873,280
2026-05-03T11:58:48.956Z,2026-05-03 07:58:48.956,91801,74,-2532,-2882,291
2026-05-03T11:58:48.996Z,2026-05-03 07:58:48.996,91801,75,-2523,-2881,283
2026-05-03T11:58:49.036Z,2026-05-03 07:58:49.036,91801,76,-2512,-2878,290
2026-05-03T11:58:49.076Z,2026-05-03 07:58:49.076,91801,77,-2523,-2872,283
2026-05-03T11:58:49.116Z,2026-05-03 07:58:49.116,91801,78,-2530,-2882,282
2026-05-03T11:58:49.156Z,2026-05-03 07:58:49.156,91801,79,-2512,-2880,295
2026-05-03T11:58:49.196Z,2026-05-03 07:58:49.196,91801,80,-2530,-2880,291
2026-05-03T11:58:49.236Z,2026-05-03 07:58:49.236,91801,81,-2529,-2886,282
2026-05-03T11:58:49.276Z,2026-05-03 07:58:49.276,91801,82,-2535,-2882,282
2026-05-03T11:58:49.316Z,2026-05-03 07:58:49.316,91801,83,-2528,-2869,303
2026-05-03T11:58:49.356Z,2026-05-03 07:58:49.356,91801,84,-2518,-2882,282
2026-05-03T11:58:49.396Z,2026-05-03 07:58:49.396,91801,85,-2534,-2874,303
2026-05-03T11:58:49.436Z,2026-05-03 07:58:49.436,91801,86,-2528,-2872,289
2026-05-03T11:58:49.476Z,2026-05-03 07:58:49.476,91801,87,-2526,-2871,290
2026-05-03T11:58:49.516Z,2026-05-03 07:58:49.516,91801,88,-2537,-2879,290
2026-05-03T11:58:49.556Z,2026-05-03 07:58:49.556,91801,89,-2533,-2879,302
2026-05-03T11:58:49.596Z,2026-05-03 07:58:49.596,91801,90,-2525,-2872,288
2026-05-03T11:58:49.636Z,2026-05-03 07:58:49.636,91801,91,-2538,-2888,285
2026-05-03T11:58:49.676Z,2026-05-03 07:58:49.676,91801,92,-2525,-2870,287
2026-05-03T11:58:49.716Z,2026-05-03 07:58:49.716,91801,93,-2530,-2879,287
2026-05-03T11:58:49.756Z,2026-05-03 07:58:49.756,91801,94,-2519,-2880,287
2026-05-03T11:58:49.796Z,2026-05-03 07:58:49.796,91801,95,-2528,-2890,277
2026-05-03T11:58:49.836Z,2026-05-03 07:58:49.836,91801,96,-2519,-2871,278
2026-05-03T11:58:49.876Z,2026-05-03 07:58:49.876,91801,97,-2510,-2884,295
2026-05-03T11:58:49.916Z,2026-05-03 07:58:49.916,91801,98,-2525,-2873,283
2026-05-03T11:58:49.956Z,2026-05-03 07:58:49.956,91801,99,-2527,-2875,286
2026-05-03T11:58:49.996Z,2026-05-03 07:58:49.996,91801,100,-2515,-2881,285
2026-05-03T11:58:50.036Z,2026-05-03 07:58:50.036,91802,1,-2539,-2882,295
2026-05-03T11:58:50.076Z,2026-05-03 07:58:50.076,91802,2,-2529,-2884,291
2026-05-03T11:58:50.116Z,2026-05-03 07:58:50.116,91802,3,-2528,-2880,285
2026-05-03T11:58:50.156Z,2026-05-03 07:58:50.156,91802,4,-2520,-2882,288
2026-05-03T11:58:50.196Z,2026-05-03 07:58:50.196,91802,5,-2521,-2868,287
2026-05-03T11:58:50.236Z,2026-05-03 07:58:50.236,91802,6,-2532,-2880,278
2026-05-03T11:58:50.276Z,2026-05-03 07:58:50.276,91802,7,-2537,-2879,281
2026-05-03T11:58:50.316Z,2026-05-03 07:58:50.316,91802,8,-2534,-2875,289
2026-05-03T11:58:50.356Z,2026-05-03 07:58:50.356,91802,9,-2532,-2884,295
2026-05-03T11:58:50.396Z,2026-05-03 07:58:50.396,91802,10,-2526,-2874,290
2026-05-03T11:58:50.436Z,2026-05-03 07:58:50.436,91802,11,-2536,-2875,289
2026-05-03T11:58:50.476Z,2026-05-03 07:58:50.476,91802,12,-2537,-2870,282
2026-05-03T11:58:50.516Z,2026-05-03 07:58:50.516,91802,13,-2526,-2868,288
2026-05-03T11:58:50.556Z,2026-05-03 07:58:50.556,91802,14,-2524,-2873,288
2026-05-03T11:58:50.596Z,2026-05-03 07:58:50.596,91802,15,-2531,-2878,287
2026-05-03T11:58:50.636Z,2026-05-03 07:58:50.636,91802,16,-2527,-2882,288
2026-05-03T11:58:50.676Z,2026-05-03 07:58:50.676,91802,17,-2523,-2863,276
2026-05-03T11:58:50.716Z,2026-05-03 07:58:50.716,91802,18,-2537,-2881,290
2026-05-03T11:58:50.756Z,2026-05-03 07:58:50.756,91802,19,-2521,-2868,292
2026-05-03T11:58:50.796Z,2026-05-03 07:58:50.796,91802,20,-2531,-2879,287
2026-05-03T11:58:50.836Z,2026-05-03 07:58:50.836,91802,21,-2529,-2871,299
2026-05-03T11:58:50.876Z,2026-05-03 07:58:50.876,91802,22,-2519,-2853,278
2026-05-03T11:58:50.916Z,2026-05-03 07:58:50.916,91802,23,-2526,-2882,273
2026-05-03T11:58:50.956Z,2026-05-03 07:58:50.956,91802,24,-2524,-2866,285
2026-05-03T11:58:50.996Z,2026-05-03 07:58:50.996,91802,25,-2528,-2887,284
2026-05-03T11:58:51.036Z,2026-05-03 07:58:51.036,91802,26,-2528,-2874,292
2026-05-03T11:58:51.076Z,2026-05-03 07:58:51.076,91802,27,-2535,-2880,296
2026-05-03T11:58:51.116Z,2026-05-03 07:58:51.116,91802,28,-2518,-2876,291
2026-05-03T11:58:51.156Z,2026-05-03 07:58:51.156,91802,29,-2523,-2874,285
2026-05-03T11:58:51.196Z,2026-05-03 07:58:51.196,91802,30,-2521,-2876,299
2026-05-03T11:58:51.236Z,2026-05-03 07:58:51.236,91802,31,-2529,-2875,299
2026-05-03T11:58:51.276Z,2026-05-03 07:58:51.276,91802,32,-2529,-2876,274
2026-05-03T11:58:51.316Z,2026-05-03 07:58:51.316,91802,33,-2536,-2871,274
2026-05-03T11:58:51.356Z,2026-05-03 07:58:51.356,91802,34,-2514,-2868,291
2026-05-03T11:58:51.396Z,2026-05-03 07:58:51.396,91802,35,-2530,-2879,293
2026-05-03T11:58:51.436Z,2026-05-03 07:58:51.436,91802,36,-2523,-2885,295
2026-05-03T11:58:51.476Z,2026-05-03 07:58:51.476,91802,37,-2511,-2870,276
2026-05-03T11:58:51.516Z,2026-05-03 07:58:51.516,91802,38,-2524,-2883,294
2026-05-03T11:58:51.556Z,2026-05-03 07:58:51.556,91802,39,-2531,-2867,291
2026-05-03T11:58:51.596Z,2026-05-03 07:58:51.596,91802,40,-2536,-2880,281
2026-05-03T11:58:51.636Z,2026-05-03 07:58:51.636,91802,41,-2526,-2875,304
2026-05-03T11:58:51.676Z,2026-05-03 07:58:51.676,91802,42,-2528,-2884,288
2026-05-03T11:58:51.716Z,2026-05-03 07:58:51.716,91802,43,-2536,-2889,282
2026-05-03T11:58:51.756Z,2026-05-03 07:58:51.756,91802,44,-2528,-2875,283
2026-05-03T11:58:51.796Z,2026-05-03 07:58:51.796,91802,45,-2530,-2880,276
2026-05-03T11:58:51.836Z,2026-05-03 07:58:51.836,91802,46,-2546,-2880,281
2026-05-03T11:58:51.876Z,2026-05-03 07:58:51.876,91802,47,-2523,-2873,293
2026-05-03T11:58:51.916Z,2026-05-03 07:58:51.916,91802,48,-2518,-2864,284
2026-05-03T11:58:51.956Z,2026-05-03 07:58:51.956,91802,49,-2524,-2885,279
2026-05-03T11:58:51.996Z,2026-05-03 07:58:51.996,91802,50,-2528,-2875,296
2026-05-03T11:58:52.036Z,2026-05-03 07:58:52.036,91802,51,-2529,-2864,278
2026-05-03T11:58:52.076Z,2026-05-03 07:58:52.076,91802,52,-2531,-2876,297
2026-05-03T11:58:52.116Z,2026-05-03 07:58:52.116,91802,53,-2527,-2868,286
2026-05-03T11:58:52.156Z,2026-05-03 07:58:52.156,91802,54,-2522,-2882,298
2026-05-03T11:58:52.196Z,2026-05-03 07:58:52.196,91802,55,-2520,-2875,292
2026-05-03T11:58:52.236Z,2026-05-03 07:58:52.236,91802,56,-2530,-2879,281
2026-05-03T11:58:52.276Z,2026-05-03 07:58:52.276,91802,57,-2515,-2879,286
2026-05-03T11:58:52.316Z,2026-05-03 07:58:52.316,91802,58,-2522,-2869,293
2026-05-03T11:58:52.356Z,2026-05-03 07:58:52.356,91802,59,-2524,-2867,284
2026-05-03T11:58:52.396Z,2026-05-03 07:58:52.396,91802,60,-2529,-2874,292
2026-05-03T11:58:52.436Z,2026-05-03 07:58:52.436,91802,61,-2532,-2879,289
2026-05-03T11:58:52.476Z,2026-05-03 07:58:52.476,91802,62,-2515,-2869,280
2026-05-03T11:58:52.516Z,2026-05-03 07:58:52.516,91802,63,-2551,-2878,289
2026-05-03T11:58:52.556Z,2026-05-03 07:58:52.556,91802,64,-2525,-2871,296
2026-05-03T11:58:52.596Z,2026-05-03 07:58:52.596,91802,65,-2520,-2873,291
2026-05-03T11:58:52.636Z,2026-05-03 07:58:52.636,91802,66,-2520,-2875,280
2026-05-03T11:58:52.676Z,2026-05-03 07:58:52.676,91802,67,-2534,-2875,292
2026-05-03T11:58:52.716Z,2026-05-03 07:58:52.716,91802,68,-2530,-2872,285
2026-05-03T11:58:52.756Z,2026-05-03 07:58:52.756,91802,69,-2526,-2879,281
2026-05-03T11:58:52.796Z,2026-05-03 07:58:52.796,91802,70,-2532,-2876,289
2026-05-03T11:58:52.836Z,2026-05-03 07:58:52.836,91802,71,-2515,-2871,290
2026-05-03T11:58:52.876Z,2026-05-03 07:58:52.876,91802,72,-2535,-2877,287
2026-05-03T11:58:52.916Z,2026-05-03 07:58:52.916,91802,73,-2536,-2875,285
2026-05-03T11:58:52.956Z,2026-05-03 07:58:52.956,91802,74,-2526,-2876,289
2026-05-03T11:58:52.996Z,2026-05-03 07:58:52.996,91802,75,-2531,-2871,292
2026-05-03T11:58:53.036Z,2026-05-03 07:58:53.036,91802,76,-2526,-2866,291
2026-05-03T11:58:53.076Z,2026-05-03 07:58:53.076,91802,77,-2528,-2872,293
2026-05-03T11:58:53.116Z,2026-05-03 07:58:53.116,91802,78,-2517,-2880,284
2026-05-03T11:58:53.156Z,2026-05-03 07:58:53.156,91802,79,-2522,-2871,282
2026-05-03T11:58:53.196Z,2026-05-03 07:58:53.196,91802,80,-2542,-2874,285
2026-05-03T11:58:53.236Z,2026-05-03 07:58:53.236,91802,81,-2531,-2872,291
2026-05-03T11:58:53.276Z,2026-05-03 07:58:53.276,91802,82,-2537,-2872,285
2026-05-03T11:58:53.316Z,2026-05-03 07:58:53.316,91802,83,-2534,-2868,283
2026-05-03T11:58:53.356Z,2026-05-03 07:58:53.356,91802,84,-2531,-2885,290
2026-05-03T11:58:53.396Z,2026-05-03 07:58:53.396,91802,85,-2527,-2871,289
2026-05-03T11:58:53.436Z,2026-05-03 07:58:53.436,91802,86,-2519,-2888,283
2026-05-03T11:58:53.476Z,2026-05-03 07:58:53.476,91802,87,-2538,-2879,293
2026-05-03T11:58:53.516Z,2026-05-03 07:58:53.516,91802,88,-2530,-2865,291
2026-05-03T11:58:53.556Z,2026-05-03 07:58:53.556,91802,89,-2519,-2888,285
2026-05-03T11:58:53.596Z,2026-05-03 07:58:53.596,91802,90,-2528,-2880,289
2026-05-03T11:58:53.636Z,2026-05-03 07:58:53.636,91802,91,-2534,-2880,292
2026-05-03T11:58:53.676Z,2026-05-03 07:58:53.676,91802,92,-2524,-2879,283
2026-05-03T11:58:53.716Z,2026-05-03 07:58:53.716,91802,93,-2526,-2871,288
2026-05-03T11:58:53.756Z,2026-05-03 07:58:53.756,91802,94,-2524,-2891,284
2026-05-03T11:58:53.796Z,2026-05-03 07:58:53.796,91802,95,-2521,-2879,295
2026-05-03T11:58:53.836Z,2026-05-03 07:58:53.836,91802,96,-2532,-2876,295
2026-05-03T11:58:53.876Z,2026-05-03 07:58:53.876,91802,97,-2519,-2880,282
2026-05-03T11:58:53.916Z,2026-05-03 07:58:53.916,91802,98,-2530,-2863,292
2026-05-03T11:58:53.956Z,2026-05-03 07:58:53.956,91802,99,-2521,-2875,291
2026-05-03T11:58:53.996Z,2026-05-03 07:58:53.996,91802,100,-2527,-2879,287
2026-05-03T11:58:54.036Z,2026-05-03 07:58:54.036,91803,1,-2524,-2880,278
2026-05-03T11:58:54.076Z,2026-05-03 07:58:54.076,91803,2,-2525,-2880,283
2026-05-03T11:58:54.116Z,2026-05-03 07:58:54.116,91803,3,-2529,-2869,280
2026-05-03T11:58:54.156Z,2026-05-03 07:58:54.156,91803,4,-2516,-2883,295
2026-05-03T11:58:54.196Z,2026-05-03 07:58:54.196,91803,5,-2533,-2884,288
2026-05-03T11:58:54.236Z,2026-05-03 07:58:54.236,91803,6,-2530,-2884,294
2026-05-03T11:58:54.276Z,2026-05-03 07:58:54.276,91803,7,-2519,-2884,278
2026-05-03T11:58:54.316Z,2026-05-03 07:58:54.316,91803,8,-2533,-2879,279
2026-05-03T11:58:54.356Z,2026-05-03 07:58:54.356,91803,9,-2544,-2876,287
2026-05-03T11:58:54.396Z,2026-05-03 07:58:54.396,91803,10,-2518,-2881,294
2026-05-03T11:58:54.436Z,2026-05-03 07:58:54.436,91803,11,-2529,-2875,296
2026-05-03T11:58:54.476Z,2026-05-03 07:58:54.476,91803,12,-2528,-2872,300
2026-05-03T11:58:54.516Z,2026-05-03 07:58:54.516,91803,13,-2523,-2877,270
2026-05-03T11:58:54.556Z,2026-05-03 07:58:54.556,91803,14,-2533,-2880,300
2026-05-03T11:58:54.596Z,2026-05-03 07:58:54.596,91803,15,-2522,-2872,291
2026-05-03T11:58:54.636Z,2026-05-03 07:58:54.636,91803,16,-2528,-2871,291
2026-05-03T11:58:54.676Z,2026-05-03 07:58:54.676,91803,17,-2520,-2876,287
2026-05-03T11:58:54.716Z,2026-05-03 07:58:54.716,91803,18,-2516,-2888,278
2026-05-03T11:58:54.756Z,2026-05-03 07:58:54.756,91803,19,-2533,-2868,283
2026-05-03T11:58:54.796Z,2026-05-03 07:58:54.796,91803,20,-2529,-2879,286
2026-05-03T11:58:54.836Z,2026-05-03 07:58:54.836,91803,21,-2511,-2870,297
2026-05-03T11:58:54.876Z,2026-05-03 07:58:54.876,91803,22,-2527,-2869,292
2026-05-03T11:58:54.916Z,2026-05-03 07:58:54.916,91803,23,-2525,-2884,287
2026-05-03T11:58:54.956Z,2026-05-03 07:58:54.956,91803,24,-2522,-2876,296
2026-05-03T11:58:54.996Z,2026-05-03 07:58:54.996,91803,25,-2527,-2871,295
2026-05-03T11:58:55.036Z,2026-05-03 07:58:55.036,91803,26,-2529,-2886,295
2026-05-03T11:58:55.076Z,2026-05-03 07:58:55.076,91803,27,-2518,-2877,287
2026-05-03T11:58:55.116Z,2026-05-03 07:58:55.116,91803,28,-2531,-2880,287
2026-05-03T11:58:55.156Z,2026-05-03 07:58:55.156,91803,29,-2525,-2885,281
2026-05-03T11:58:55.196Z,2026-05-03 07:58:55.196,91803,30,-2515,-2880,282
2026-05-03T11:58:55.236Z,2026-05-03 07:58:55.236,91803,31,-2529,-2864,292
2026-05-03T11:58:55.276Z,2026-05-03 07:58:55.276,91803,32,-2520,-2875,279
2026-05-03T11:58:55.316Z,2026-05-03 07:58:55.316,91803,33,-2527,-2871,284
2026-05-03T11:58:55.356Z,2026-05-03 07:58:55.356,91803,34,-2526,-2879,291
2026-05-03T11:58:55.396Z,2026-05-03 07:58:55.396,91803,35,-2527,-2888,290
2026-05-03T11:58:55.436Z,2026-05-03 07:58:55.436,91803,36,-2517,-2871,290
2026-05-03T11:58:55.476Z,2026-05-03 07:58:55.476,91803,37,-2537,-2877,288
2026-05-03T11:58:55.516Z,2026-05-03 07:58:55.516,91803,38,-2528,-2873,280
2026-05-03T11:58:55.556Z,2026-05-03 07:58:55.556,91803,39,-2533,-2882,287
2026-05-03T11:58:55.596Z,2026-05-03 07:58:55.596,91803,40,-2528,-2883,288
2026-05-03T11:58:55.636Z,2026-05-03 07:58:55.636,91803,41,-2544,-2887,282
2026-05-03T11:58:55.676Z,2026-05-03 07:58:55.676,91803,42,-2516,-2874,293
2026-05-03T11:58:55.716Z,2026-05-03 07:58:55.716,91803,43,-2511,-2876,293
2026-05-03T11:58:55.756Z,2026-05-03 07:58:55.756,91803,44,-2522,-2865,291
2026-05-03T11:58:55.796Z,2026-05-03 07:58:55.796,91803,45,-2524,-2871,281
2026-05-03T11:58:55.836Z,2026-05-03 07:58:55.836,91803,46,-2518,-2861,291
2026-05-03T11:58:55.876Z,2026-05-03 07:58:55.876,91803,47,-2524,-2873,291
2026-05-03T11:58:55.916Z,2026-05-03 07:58:55.916,91803,48,-2523,-2868,283
2026-05-03T11:58:55.956Z,2026-05-03 07:58:55.956,91803,49,-2525,-2877,295
2026-05-03T11:58:55.996Z,2026-05-03 07:58:55.996,91803,50,-2518,-2867,278
2026-05-03T11:58:56.036Z,2026-05-03 07:58:56.036,91803,51,-2511,-2871,294
2026-05-03T11:58:56.076Z,2026-05-03 07:58:56.076,91803,52,-2515,-2875,284
2026-05-03T11:58:56.116Z,2026-05-03 07:58:56.116,91803,53,-2524,-2877,280
2026-05-03T11:58:56.156Z,2026-05-03 07:58:56.156,91803,54,-2532,-2871,291
2026-05-03T11:58:56.196Z,2026-05-03 07:58:56.196,91803,55,-2538,-2880,284
2026-05-03T11:58:56.236Z,2026-05-03 07:58:56.236,91803,56,-2535,-2879,289
2026-05-03T11:58:56.276Z,2026-05-03 07:58:56.276,91803,57,-2521,-2882,277
2026-05-03T11:58:56.316Z,2026-05-03 07:58:56.316,91803,58,-2527,-2884,297
2026-05-03T11:58:56.356Z,2026-05-03 07:58:56.356,91803,59,-2527,-2883,291
2026-05-03T11:58:56.396Z,2026-05-03 07:58:56.396,91803,60,-2532,-2887,290
2026-05-03T11:58:56.436Z,2026-05-03 07:58:56.436,91803,61,-2536,-2872,300
2026-05-03T11:58:56.476Z,2026-05-03 07:58:56.476,91803,62,-2531,-2880,284
2026-05-03T11:58:56.516Z,2026-05-03 07:58:56.516,91803,63,-2523,-2879,293
2026-05-03T11:58:56.556Z,2026-05-03 07:58:56.556,91803,64,-2517,-2895,291
2026-05-03T11:58:56.596Z,2026-05-03 07:58:56.596,91803,65,-2524,-2890,286
2026-05-03T11:58:56.636Z,2026-05-03 07:58:56.636,91803,66,-2528,-2871,293
2026-05-03T11:58:56.676Z,2026-05-03 07:58:56.676,91803,67,-2517,-2878,294
2026-05-03T11:58:56.716Z,2026-05-03 07:58:56.716,91803,68,-2521,-2879,284
2026-05-03T11:58:56.756Z,2026-05-03 07:58:56.756,91803,69,-2520,-2872,290
2026-05-03T11:58:56.796Z,2026-05-03 07:58:56.796,91803,70,-2536,-2874,288
2026-05-03T11:58:56.836Z,2026-05-03 07:58:56.836,91803,71,-2528,-2874,298
2026-05-03T11:58:56.876Z,2026-05-03 07:58:56.876,91803,72,-2527,-2881,292
2026-05-03T11:58:56.916Z,2026-05-03 07:58:56.916,91803,73,-2526,-2873,296
2026-05-03T11:58:56.956Z,2026-05-03 07:58:56.956,91803,74,-2519,-2872,299
2026-05-03T11:58:56.996Z,2026-05-03 07:58:56.996,91803,75,-2517,-2880,290
2026-05-03T11:58:57.036Z,2026-05-03 07:58:57.036,91803,76,-2528,-2872,290
2026-05-03T11:58:57.076Z,2026-05-03 07:58:57.076,91803,77,-2535,-2884,282
2026-05-03T11:58:57.116Z,2026-05-03 07:58:57.116,91803,78,-2528,-2868,287
2026-05-03T11:58:57.156Z,2026-05-03 07:58:57.156,91803,79,-2530,-2881,289
2026-05-03T11:58:57.196Z,2026-05-03 07:58:57.196,91803,80,-2529,-2881,289
2026-05-03T11:58:57.236Z,2026-05-03 07:58:57.236,91803,81,-2516,-2869,294
2026-05-03T11:58:57.276Z,2026-05-03 07:58:57.276,91803,82,-2530,-2880,278
2026-05-03T11:58:57.316Z,2026-05-03 07:58:57.316,91803,83,-2528,-2871,282
2026-05-03T11:58:57.356Z,2026-05-03 07:58:57.356,91803,84,-2519,-2874,287
2026-05-03T11:58:57.396Z,2026-05-03 07:58:57.396,91803,85,-2526,-2873,274
2026-05-03T11:58:57.436Z,2026-05-03 07:58:57.436,91803,86,-2533,-2880,294
2026-05-03T11:58:57.476Z,2026-05-03 07:58:57.476,91803,87,-2528,-2879,289
2026-05-03T11:58:57.516Z,2026-05-03 07:58:57.516,91803,88,-2520,-2888,288
2026-05-03T11:58:57.556Z,2026-05-03 07:58:57.556,91803,89,-2539,-2879,299
2026-05-03T11:58:57.596Z,2026-05-03 07:58:57.596,91803,90,-2538,-2875,297
2026-05-03T11:58:57.636Z,2026-05-03 07:58:57.636,91803,91,-2543,-2871,283
2026-05-03T11:58:57.676Z,2026-05-03 07:58:57.676,91803,92,-2524,-2865,288
2026-05-03T11:58:57.716Z,2026-05-03 07:58:57.716,91803,93,-2531,-2887,288
2026-05-03T11:58:57.756Z,2026-05-03 07:58:57.756,91803,94,-2514,-2878,286
2026-05-03T11:58:57.796Z,2026-05-03 07:58:57.796,91803,95,-2520,-2868,278
2026-05-03T11:58:57.836Z,2026-05-03 07:58:57.836,91803,96,-2525,-2883,278
2026-05-03T11:58:57.876Z,2026-05-03 07:58:57.876,91803,97,-2527,-2888,282
2026-05-03T11:58:57.916Z,2026-05-03 07:58:57.916,91803,98,-2535,-2883,295
2026-05-03T11:58:57.956Z,2026-05-03 07:58:57.956,91803,99,-2530,-2888,293
2026-05-03T11:58:57.996Z,2026-05-03 07:58:57.996,91803,100,-2537,-2876,286
2026-05-03T11:58:58.036Z,2026-05-03 07:58:58.036,91804,1,-2531,-2878,292
2026-05-03T11:58:58.076Z,2026-05-03 07:58:58.076,91804,2,-2533,-2876,291
2026-05-03T11:58:58.116Z,2026-05-03 07:58:58.116,91804,3,-2520,-2865,296
2026-05-03T11:58:58.156Z,2026-05-03 07:58:58.156,91804,4,-2533,-2870,280
2026-05-03T11:58:58.196Z,2026-05-03 07:58:58.196,91804,5,-2527,-2874,289
2026-05-03T11:58:58.236Z,2026-05-03 07:58:58.236,91804,6,-2534,-2879,290
2026-05-03T11:58:58.276Z,2026-05-03 07:58:58.276,91804,7,-2524,-2885,286
2026-05-03T11:58:58.316Z,2026-05-03 07:58:58.316,91804,8,-2529,-2879,295
2026-05-03T11:58:58.356Z,2026-05-03 07:58:58.356,91804,9,-2545,-2869,279
2026-05-03T11:58:58.396Z,2026-05-03 07:58:58.396,91804,10,-2539,-2879,300
2026-05-03T11:58:58.436Z,2026-05-03 07:58:58.436,91804,11,-2535,-2867,283
2026-05-03T11:58:58.476Z,2026-05-03 07:58:58.476,91804,12,-2514,-2881,289
2026-05-03T11:58:58.516Z,2026-05-03 07:58:58.516,91804,13,-2535,-2867,281
2026-05-03T11:58:58.556Z,2026-05-03 07:58:58.556,91804,14,-2525,-2870,278
2026-05-03T11:58:58.596Z,2026-05-03 07:58:58.596,91804,15,-2523,-2890,298
2026-05-03T11:58:58.636Z,2026-05-03 07:58:58.636,91804,16,-2521,-2888,283
2026-05-03T11:58:58.676Z,2026-05-03 07:58:58.676,91804,17,-2525,-2876,292
2026-05-03T11:58:58.716Z,2026-05-03 07:58:58.716,91804,18,-2523,-2881,282
2026-05-03T11:58:58.756Z,2026-05-03 07:58:58.756,91804,19,-2534,-2878,286
2026-05-03T11:58:58.796Z,2026-05-03 07:58:58.796,91804,20,-2515,-2881,290
2026-05-03T11:58:58.836Z,2026-05-03 07:58:58.836,91804,21,-2534,-2879,284
2026-05-03T11:58:58.876Z,2026-05-03 07:58:58.876,91804,22,-2528,-2869,289
2026-05-03T11:58:58.916Z,2026-05-03 07:58:58.916,91804,23,-2523,-2867,288
2026-05-03T11:58:58.956Z,2026-05-03 07:58:58.956,91804,24,-2533,-2882,295
2026-05-03T11:58:58.996Z,2026-05-03 07:58:58.996,91804,25,-2532,-2872,288
2026-05-03T11:58:59.036Z,2026-05-03 07:58:59.036,91804,26,-2538,-2882,279
2026-05-03T11:58:59.076Z,2026-05-03 07:58:59.076,91804,27,-2529,-2871,291
2026-05-03T11:58:59.116Z,2026-05-03 07:58:59.116,91804,28,-2525,-2871,278
2026-05-03T11:58:59.156Z,2026-05-03 07:58:59.156,91804,29,-2530,-2866,301
2026-05-03T11:58:59.196Z,2026-05-03 07:58:59.196,91804,30,-2523,-2879,287
2026-05-03T11:58:59.236Z,2026-05-03 07:58:59.236,91804,31,-2524,-2872,270
2026-05-03T11:58:59.276Z,2026-05-03 07:58:59.276,91804,32,-2537,-2876,289
2026-05-03T11:58:59.316Z,2026-05-03 07:58:59.316,91804,33,-2524,-2884,294
2026-05-03T11:58:59.356Z,2026-05-03 07:58:59.356,91804,34,-2528,-2880,287
2026-05-03T11:58:59.396Z,2026-05-03 07:58:59.396,91804,35,-2528,-2876,297
2026-05-03T11:58:59.436Z,2026-05-03 07:58:59.436,91804,36,-2535,-2876,284
2026-05-03T11:58:59.476Z,2026-05-03 07:58:59.476,91804,37,-2523,-2876,286
2026-05-03T11:58:59.516Z,2026-05-03 07:58:59.516,91804,38,-2526,-2879,293
2026-05-03T11:58:59.556Z,2026-05-03 07:58:59.556,91804,39,-2528,-2882,288
2026-05-03T11:58:59.596Z,2026-05-03 07:58:59.596,91804,40,-2538,-2876,291
2026-05-03T11:58:59.636Z,2026-05-03 07:58:59.636,91804,41,-2528,-2890,279
2026-05-03T11:58:59.676Z,2026-05-03 07:58:59.676,91804,42,-2536,-2881,274
2026-05-03T11:58:59.716Z,2026-05-03 07:58:59.716,91804,43,-2517,-2883,294
2026-05-03T11:58:59.756Z,2026-05-03 07:58:59.756,91804,44,-2525,-2865,292
2026-05-03T11:58:59.796Z,2026-05-03 07:58:59.796,91804,45,-2521,-2876,280
2026-05-03T11:58:59.836Z,2026-05-03 07:58:59.836,91804,46,-2524,-2882,289
2026-05-03T11:58:59.876Z,2026-05-03 07:58:59.876,91804,47,-2529,-2884,283
2026-05-03T11:58:59.916Z,2026-05-03 07:58:59.916,91804,48,-2514,-2875,299
2026-05-03T11:58:59.956Z,2026-05-03 07:58:59.956,91804,49,-2521,-2872,279
2026-05-03T11:58:59.996Z,2026-05-03 07:58:59.996,91804,50,-2534,-2880,289
