sample_ts_utc,sample_ts_et,batch_id,sample_in_batch,x_raw,y_raw,z_raw
2026-05-03T23:56:00.017Z,2026-05-03 19:56:00.017,102611,26,3806,-65,65
2026-05-03T23:56:00.057Z,2026-05-03 19:56:00.057,102611,27,3805,-62,83
2026-05-03T23:56:00.097Z,2026-05-03 19:56:00.097,102611,28,3823,-65,97
2026-05-03T23:56:00.137Z,2026-05-03 19:56:00.137,102611,29,3817,-50,98
2026-05-03T23:56:00.177Z,2026-05-03 19:56:00.177,102611,30,3827,-44,96
2026-05-03T23:56:00.217Z,2026-05-03 19:56:00.217,102611,31,3816,-45,83
2026-05-03T23:56:00.257Z,2026-05-03 19:56:00.257,102611,32,3823,-55,68
2026-05-03T23:56:00.297Z,2026-05-03 19:56:00.297,102611,33,3812,-47,71
2026-05-03T23:56:00.337Z,2026-05-03 19:56:00.337,102611,34,3815,-50,54
2026-05-03T23:56:00.377Z,2026-05-03 19:56:00.377,102611,35,3819,-65,44
2026-05-03T23:56:00.417Z,2026-05-03 19:56:00.417,102611,36,3815,-57,52
2026-05-03T23:56:00.457Z,2026-05-03 19:56:00.457,102611,37,3820,-47,64
2026-05-03T23:56:00.497Z,2026-05-03 19:56:00.497,102611,38,3813,-52,87
2026-05-03T23:56:00.537Z,2026-05-03 19:56:00.537,102611,39,3804,-41,104
2026-05-03T23:56:00.577Z,2026-05-03 19:56:00.577,102611,40,3802,-57,100
2026-05-03T23:56:00.617Z,2026-05-03 19:56:00.617,102611,41,3818,-62,101
2026-05-03T23:56:00.657Z,2026-05-03 19:56:00.657,102611,42,3813,-54,89
2026-05-03T23:56:00.697Z,2026-05-03 19:56:00.697,102611,43,3824,-43,77
2026-05-03T23:56:00.737Z,2026-05-03 19:56:00.737,102611,44,3798,-49,63
2026-05-03T23:56:00.777Z,2026-05-03 19:56:00.777,102611,45,3812,-57,55
2026-05-03T23:56:00.817Z,2026-05-03 19:56:00.817,102611,46,3814,-55,49
2026-05-03T23:56:00.857Z,2026-05-03 19:56:00.857,102611,47,3811,-48,61
2026-05-03T23:56:00.897Z,2026-05-03 19:56:00.897,102611,48,3817,-45,65
2026-05-03T23:56:00.937Z,2026-05-03 19:56:00.937,102611,49,3806,-49,72
2026-05-03T23:56:00.977Z,2026-05-03 19:56:00.977,102611,50,3811,-47,88
2026-05-03T23:56:01.017Z,2026-05-03 19:56:01.017,102611,51,3825,-47,86
2026-05-03T23:56:01.057Z,2026-05-03 19:56:01.057,102611,52,3824,-39,92
2026-05-03T23:56:01.097Z,2026-05-03 19:56:01.097,102611,53,3810,-51,93
2026-05-03T23:56:01.137Z,2026-05-03 19:56:01.137,102611,54,3830,-46,80
2026-05-03T23:56:01.177Z,2026-05-03 19:56:01.177,102611,55,3813,-43,59
2026-05-03T23:56:01.217Z,2026-05-03 19:56:01.217,102611,56,3815,-48,51
2026-05-03T23:56:01.257Z,2026-05-03 19:56:01.257,102611,57,3811,-60,47
2026-05-03T23:56:01.297Z,2026-05-03 19:56:01.297,102611,58,3805,-39,55
2026-05-03T23:56:01.337Z,2026-05-03 19:56:01.337,102611,59,3792,-65,76
2026-05-03T23:56:01.377Z,2026-05-03 19:56:01.377,102611,60,3808,-46,56
2026-05-03T23:56:01.417Z,2026-05-03 19:56:01.417,102611,61,3803,-50,92
2026-05-03T23:56:01.457Z,2026-05-03 19:56:01.457,102611,62,3823,-47,101
2026-05-03T23:56:01.497Z,2026-05-03 19:56:01.497,102611,63,3815,-53,101
2026-05-03T23:56:01.537Z,2026-05-03 19:56:01.537,102611,64,3830,-48,104
2026-05-03T23:56:01.577Z,2026-05-03 19:56:01.577,102611,65,3808,-39,83
2026-05-03T23:56:01.617Z,2026-05-03 19:56:01.617,102611,66,3795,-56,68
2026-05-03T23:56:01.657Z,2026-05-03 19:56:01.657,102611,67,3817,-49,64
2026-05-03T23:56:01.697Z,2026-05-03 19:56:01.697,102611,68,3818,-54,46
2026-05-03T23:56:01.737Z,2026-05-03 19:56:01.737,102611,69,3806,-54,54
2026-05-03T23:56:01.777Z,2026-05-03 19:56:01.777,102611,70,3814,-64,66
2026-05-03T23:56:01.817Z,2026-05-03 19:56:01.817,102611,71,3809,-43,68
2026-05-03T23:56:01.857Z,2026-05-03 19:56:01.857,102611,72,3812,-45,84
2026-05-03T23:56:01.897Z,2026-05-03 19:56:01.897,102611,73,3831,-50,79
2026-05-03T23:56:01.937Z,2026-05-03 19:56:01.937,102611,74,3821,-58,92
2026-05-03T23:56:01.977Z,2026-05-03 19:56:01.977,102611,75,3824,-50,92
2026-05-03T23:56:02.017Z,2026-05-03 19:56:02.017,102611,76,3809,-58,100
2026-05-03T23:56:02.057Z,2026-05-03 19:56:02.057,102611,77,3806,-50,79
2026-05-03T23:56:02.097Z,2026-05-03 19:56:02.097,102611,78,3810,-49,55
2026-05-03T23:56:02.137Z,2026-05-03 19:56:02.137,102611,79,3807,-51,51
2026-05-03T23:56:02.177Z,2026-05-03 19:56:02.177,102611,80,3820,-57,58
2026-05-03T23:56:02.217Z,2026-05-03 19:56:02.217,102611,81,3812,-44,58
2026-05-03T23:56:02.257Z,2026-05-03 19:56:02.257,102611,82,3820,-49,58
2026-05-03T23:56:02.297Z,2026-05-03 19:56:02.297,102611,83,3819,-56,75
2026-05-03T23:56:02.337Z,2026-05-03 19:56:02.337,102611,84,3810,-41,88
2026-05-03T23:56:02.377Z,2026-05-03 19:56:02.377,102611,85,3813,-44,96
2026-05-03T23:56:02.417Z,2026-05-03 19:56:02.417,102611,86,3812,-49,89
2026-05-03T23:56:02.457Z,2026-05-03 19:56:02.457,102611,87,3814,-52,80
2026-05-03T23:56:02.497Z,2026-05-03 19:56:02.497,102611,88,3821,-45,73
2026-05-03T23:56:02.537Z,2026-05-03 19:56:02.537,102611,89,3804,-53,69
2026-05-03T23:56:02.577Z,2026-05-03 19:56:02.577,102611,90,3809,-57,57
2026-05-03T23:56:02.617Z,2026-05-03 19:56:02.617,102611,91,3816,-43,52
2026-05-03T23:56:02.657Z,2026-05-03 19:56:02.657,102611,92,3803,-51,46
2026-05-03T23:56:02.697Z,2026-05-03 19:56:02.697,102611,93,3800,-52,62
2026-05-03T23:56:02.737Z,2026-05-03 19:56:02.737,102611,94,3818,-58,78
2026-05-03T23:56:02.777Z,2026-05-03 19:56:02.777,102611,95,3819,-55,90
2026-05-03T23:56:02.817Z,2026-05-03 19:56:02.817,102611,96,3809,-64,92
2026-05-03T23:56:02.857Z,2026-05-03 19:56:02.857,102611,97,3809,-41,89
2026-05-03T23:56:02.897Z,2026-05-03 19:56:02.897,102611,98,3818,-48,89
2026-05-03T23:56:02.937Z,2026-05-03 19:56:02.937,102611,99,3817,-58,88
2026-05-03T23:56:02.977Z,2026-05-03 19:56:02.977,102611,100,3807,-50,64
2026-05-03T23:56:03.017Z,2026-05-03 19:56:03.017,102612,1,3811,-56,69
2026-05-03T23:56:03.057Z,2026-05-03 19:56:03.057,102612,2,3814,-53,54
2026-05-03T23:56:03.097Z,2026-05-03 19:56:03.097,102612,3,3817,-48,44
2026-05-03T23:56:03.137Z,2026-05-03 19:56:03.137,102612,4,3815,-62,73
2026-05-03T23:56:03.177Z,2026-05-03 19:56:03.177,102612,5,3808,-51,82
2026-05-03T23:56:03.217Z,2026-05-03 19:56:03.217,102612,6,3812,-43,84
2026-05-03T23:56:03.257Z,2026-05-03 19:56:03.257,102612,7,3811,-41,107
2026-05-03T23:56:03.297Z,2026-05-03 19:56:03.297,102612,8,3817,-55,95
2026-05-03T23:56:03.337Z,2026-05-03 19:56:03.337,102612,9,3799,-57,84
2026-05-03T23:56:03.377Z,2026-05-03 19:56:03.377,102612,10,3811,-49,85
2026-05-03T23:56:03.417Z,2026-05-03 19:56:03.417,102612,11,3808,-47,65
2026-05-03T23:56:03.457Z,2026-05-03 19:56:03.457,102612,12,3811,-55,69
2026-05-03T23:56:03.497Z,2026-05-03 19:56:03.497,102612,13,3811,-54,52
2026-05-03T23:56:03.537Z,2026-05-03 19:56:03.537,102612,14,3803,-52,58
2026-05-03T23:56:03.577Z,2026-05-03 19:56:03.577,102612,15,3807,-52,71
2026-05-03T23:56:03.617Z,2026-05-03 19:56:03.617,102612,16,3823,-44,74
2026-05-03T23:56:03.657Z,2026-05-03 19:56:03.657,102612,17,3795,-49,86
2026-05-03T23:56:03.697Z,2026-05-03 19:56:03.697,102612,18,3822,-56,82
2026-05-03T23:56:03.737Z,2026-05-03 19:56:03.737,102612,19,3813,-49,94
2026-05-03T23:56:03.777Z,2026-05-03 19:56:03.777,102612,20,3814,-63,82
2026-05-03T23:56:03.817Z,2026-05-03 19:56:03.817,102612,21,3818,-53,91
2026-05-03T23:56:03.857Z,2026-05-03 19:56:03.857,102612,22,3805,-59,70
2026-05-03T23:56:03.897Z,2026-05-03 19:56:03.897,102612,23,3811,-56,69
2026-05-03T23:56:03.937Z,2026-05-03 19:56:03.937,102612,24,3804,-54,68
2026-05-03T23:56:03.977Z,2026-05-03 19:56:03.977,102612,25,3810,-64,83
2026-05-03T23:56:04.017Z,2026-05-03 19:56:04.017,102612,26,3815,-41,53
2026-05-03T23:56:04.057Z,2026-05-03 19:56:04.057,102612,27,3809,-45,68
2026-05-03T23:56:04.097Z,2026-05-03 19:56:04.097,102612,28,3826,-60,77
2026-05-03T23:56:04.137Z,2026-05-03 19:56:04.137,102612,29,3813,-53,95
2026-05-03T23:56:04.177Z,2026-05-03 19:56:04.177,102612,30,3818,-52,88
2026-05-03T23:56:04.217Z,2026-05-03 19:56:04.217,102612,31,3807,-52,89
2026-05-03T23:56:04.257Z,2026-05-03 19:56:04.257,102612,32,3806,-52,78
2026-05-03T23:56:04.297Z,2026-05-03 19:56:04.297,102612,33,3800,-52,75
2026-05-03T23:56:04.337Z,2026-05-03 19:56:04.337,102612,34,3810,-48,63
2026-05-03T23:56:04.377Z,2026-05-03 19:56:04.377,102612,35,3823,-58,56
2026-05-03T23:56:04.417Z,2026-05-03 19:56:04.417,102612,36,3809,-68,56
2026-05-03T23:56:04.457Z,2026-05-03 19:56:04.457,102612,37,3818,-49,63
2026-05-03T23:56:04.497Z,2026-05-03 19:56:04.497,102612,38,3814,-56,74
2026-05-03T23:56:04.537Z,2026-05-03 19:56:04.537,102612,39,3818,-40,87
2026-05-03T23:56:04.577Z,2026-05-03 19:56:04.577,102612,40,3802,-62,95
2026-05-03T23:56:04.617Z,2026-05-03 19:56:04.617,102612,41,3808,-53,100
2026-05-03T23:56:04.657Z,2026-05-03 19:56:04.657,102612,42,3833,-57,98
2026-05-03T23:56:04.697Z,2026-05-03 19:56:04.697,102612,43,3827,-41,98
2026-05-03T23:56:04.737Z,2026-05-03 19:56:04.737,102612,44,3817,-42,76
2026-05-03T23:56:04.777Z,2026-05-03 19:56:04.777,102612,45,3824,-60,71
2026-05-03T23:56:04.817Z,2026-05-03 19:56:04.817,102612,46,3811,-46,57
2026-05-03T23:56:04.857Z,2026-05-03 19:56:04.857,102612,47,3812,-59,59
2026-05-03T23:56:04.897Z,2026-05-03 19:56:04.897,102612,48,3821,-54,63
2026-05-03T23:56:04.937Z,2026-05-03 19:56:04.937,102612,49,3812,-56,61
2026-05-03T23:56:04.977Z,2026-05-03 19:56:04.977,102612,50,3835,-63,70
2026-05-03T23:56:05.017Z,2026-05-03 19:56:05.017,102612,51,3832,-50,89
2026-05-03T23:56:05.057Z,2026-05-03 19:56:05.057,102612,52,3809,-43,91
2026-05-03T23:56:05.097Z,2026-05-03 19:56:05.097,102612,53,3819,-57,76
2026-05-03T23:56:05.137Z,2026-05-03 19:56:05.137,102612,54,3809,-53,93
2026-05-03T23:56:05.177Z,2026-05-03 19:56:05.177,102612,55,3823,-56,79
2026-05-03T23:56:05.217Z,2026-05-03 19:56:05.217,102612,56,3811,-58,71
2026-05-03T23:56:05.257Z,2026-05-03 19:56:05.257,102612,57,3806,-50,69
2026-05-03T23:56:05.297Z,2026-05-03 19:56:05.297,102612,58,3812,-50,46
2026-05-03T23:56:05.337Z,2026-05-03 19:56:05.337,102612,59,3827,-48,55
2026-05-03T23:56:05.377Z,2026-05-03 19:56:05.377,102612,60,3820,-48,58
2026-05-03T23:56:05.417Z,2026-05-03 19:56:05.417,102612,61,3803,-47,77
2026-05-03T23:56:05.457Z,2026-05-03 19:56:05.457,102612,62,3840,-51,85
2026-05-03T23:56:05.497Z,2026-05-03 19:56:05.497,102612,63,3818,-58,79
2026-05-03T23:56:05.537Z,2026-05-03 19:56:05.537,102612,64,3802,-54,80
2026-05-03T23:56:05.577Z,2026-05-03 19:56:05.577,102612,65,3808,-63,83
2026-05-03T23:56:05.617Z,2026-05-03 19:56:05.617,102612,66,3823,-48,88
2026-05-03T23:56:05.657Z,2026-05-03 19:56:05.657,102612,67,3794,-54,60
2026-05-03T23:56:05.697Z,2026-05-03 19:56:05.697,102612,68,3818,-47,64
2026-05-03T23:56:05.737Z,2026-05-03 19:56:05.737,102612,69,3815,-52,57
2026-05-03T23:56:05.777Z,2026-05-03 19:56:05.777,102612,70,3793,-60,62
2026-05-03T23:56:05.817Z,2026-05-03 19:56:05.817,102612,71,3819,-55,54
2026-05-03T23:56:05.857Z,2026-05-03 19:56:05.857,102612,72,3823,-59,70
2026-05-03T23:56:05.897Z,2026-05-03 19:56:05.897,102612,73,3821,-58,72
2026-05-03T23:56:05.937Z,2026-05-03 19:56:05.937,102612,74,3811,-59,87
2026-05-03T23:56:05.977Z,2026-05-03 19:56:05.977,102612,75,3821,-37,85
2026-05-03T23:56:06.017Z,2026-05-03 19:56:06.017,102612,76,3815,-45,76
2026-05-03T23:56:06.057Z,2026-05-03 19:56:06.057,102612,77,3814,-46,85
2026-05-03T23:56:06.097Z,2026-05-03 19:56:06.097,102612,78,3818,-56,73
2026-05-03T23:56:06.137Z,2026-05-03 19:56:06.137,102612,79,3818,-53,72
2026-05-03T23:56:06.177Z,2026-05-03 19:56:06.177,102612,80,3806,-50,66
2026-05-03T23:56:06.217Z,2026-05-03 19:56:06.217,102612,81,3819,-52,56
2026-05-03T23:56:06.257Z,2026-05-03 19:56:06.257,102612,82,3830,-50,59
2026-05-03T23:56:06.297Z,2026-05-03 19:56:06.297,102612,83,3809,-54,75
2026-05-03T23:56:06.337Z,2026-05-03 19:56:06.337,102612,84,3813,-48,61
2026-05-03T23:56:06.377Z,2026-05-03 19:56:06.377,102612,85,3823,-55,83
2026-05-03T23:56:06.417Z,2026-05-03 19:56:06.417,102612,86,3803,-40,90
2026-05-03T23:56:06.457Z,2026-05-03 19:56:06.457,102612,87,3812,-49,90
2026-05-03T23:56:06.497Z,2026-05-03 19:56:06.497,102612,88,3808,-52,89
2026-05-03T23:56:06.537Z,2026-05-03 19:56:06.537,102612,89,3792,-47,75
2026-05-03T23:56:06.577Z,2026-05-03 19:56:06.577,102612,90,3817,-53,79
2026-05-03T23:56:06.617Z,2026-05-03 19:56:06.617,102612,91,3811,-58,56
2026-05-03T23:56:06.657Z,2026-05-03 19:56:06.657,102612,92,3808,-61,54
2026-05-03T23:56:06.697Z,2026-05-03 19:56:06.697,102612,93,3809,-47,69
2026-05-03T23:56:06.737Z,2026-05-03 19:56:06.737,102612,94,3808,-46,69
2026-05-03T23:56:06.777Z,2026-05-03 19:56:06.777,102612,95,3812,-51,68
2026-05-03T23:56:06.817Z,2026-05-03 19:56:06.817,102612,96,3814,-52,84
2026-05-03T23:56:06.857Z,2026-05-03 19:56:06.857,102612,97,3818,-59,78
2026-05-03T23:56:06.897Z,2026-05-03 19:56:06.897,102612,98,3812,-51,91
2026-05-03T23:56:06.937Z,2026-05-03 19:56:06.937,102612,99,3810,-42,90
2026-05-03T23:56:06.977Z,2026-05-03 19:56:06.977,102612,100,3830,-58,79
2026-05-03T23:56:07.017Z,2026-05-03 19:56:07.017,102613,1,3817,-45,79
2026-05-03T23:56:07.057Z,2026-05-03 19:56:07.057,102613,2,3814,-44,58
2026-05-03T23:56:07.097Z,2026-05-03 19:56:07.097,102613,3,3812,-47,67
2026-05-03T23:56:07.137Z,2026-05-03 19:56:07.137,102613,4,3824,-47,66
2026-05-03T23:56:07.177Z,2026-05-03 19:56:07.177,102613,5,3821,-60,64
2026-05-03T23:56:07.217Z,2026-05-03 19:56:07.217,102613,6,3827,-52,81
2026-05-03T23:56:07.257Z,2026-05-03 19:56:07.257,102613,7,3813,-54,82
2026-05-03T23:56:07.297Z,2026-05-03 19:56:07.297,102613,8,3802,-50,80
2026-05-03T23:56:07.337Z,2026-05-03 19:56:07.337,102613,9,3806,-59,90
2026-05-03T23:56:07.377Z,2026-05-03 19:56:07.377,102613,10,3816,-43,79
2026-05-03T23:56:07.417Z,2026-05-03 19:56:07.417,102613,11,3823,-55,80
2026-05-03T23:56:07.457Z,2026-05-03 19:56:07.457,102613,12,3794,-45,77
2026-05-03T23:56:07.497Z,2026-05-03 19:56:07.497,102613,13,3808,-43,62
2026-05-03T23:56:07.537Z,2026-05-03 19:56:07.537,102613,14,3823,-52,68
2026-05-03T23:56:07.577Z,2026-05-03 19:56:07.577,102613,15,3804,-47,63
2026-05-03T23:56:07.617Z,2026-05-03 19:56:07.617,102613,16,3813,-65,66
2026-05-03T23:56:07.657Z,2026-05-03 19:56:07.657,102613,17,3823,-46,75
2026-05-03T23:56:07.697Z,2026-05-03 19:56:07.697,102613,18,3837,-59,72
2026-05-03T23:56:07.737Z,2026-05-03 19:56:07.737,102613,19,3800,-49,83
2026-05-03T23:56:07.777Z,2026-05-03 19:56:07.777,102613,20,3820,-65,96
2026-05-03T23:56:07.817Z,2026-05-03 19:56:07.817,102613,21,3824,-61,92
2026-05-03T23:56:07.857Z,2026-05-03 19:56:07.857,102613,22,3814,-54,89
2026-05-03T23:56:07.897Z,2026-05-03 19:56:07.897,102613,23,3808,-55,71
2026-05-03T23:56:07.937Z,2026-05-03 19:56:07.937,102613,24,3818,-48,53
2026-05-03T23:56:07.977Z,2026-05-03 19:56:07.977,102613,25,3815,-59,56
2026-05-03T23:56:08.017Z,2026-05-03 19:56:08.017,102613,26,3811,-59,57
2026-05-03T23:56:08.057Z,2026-05-03 19:56:08.057,102613,27,3814,-55,63
2026-05-03T23:56:08.097Z,2026-05-03 19:56:08.097,102613,28,3824,-56,67
2026-05-03T23:56:08.137Z,2026-05-03 19:56:08.137,102613,29,3817,-53,76
2026-05-03T23:56:08.177Z,2026-05-03 19:56:08.177,102613,30,3816,-42,87
2026-05-03T23:56:08.217Z,2026-05-03 19:56:08.217,102613,31,3814,-48,87
2026-05-03T23:56:08.257Z,2026-05-03 19:56:08.257,102613,32,3829,-42,86
2026-05-03T23:56:08.297Z,2026-05-03 19:56:08.297,102613,33,3792,-57,80
2026-05-03T23:56:08.337Z,2026-05-03 19:56:08.337,102613,34,3840,-64,83
2026-05-03T23:56:08.377Z,2026-05-03 19:56:08.377,102613,35,3811,-46,69
2026-05-03T23:56:08.417Z,2026-05-03 19:56:08.417,102613,36,3807,-48,61
2026-05-03T23:56:08.457Z,2026-05-03 19:56:08.457,102613,37,3824,-50,61
2026-05-03T23:56:08.497Z,2026-05-03 19:56:08.497,102613,38,3821,-51,76
2026-05-03T23:56:08.537Z,2026-05-03 19:56:08.537,102613,39,3819,-53,79
2026-05-03T23:56:08.577Z,2026-05-03 19:56:08.577,102613,40,3809,-56,81
2026-05-03T23:56:08.617Z,2026-05-03 19:56:08.617,102613,41,3806,-45,79
2026-05-03T23:56:08.657Z,2026-05-03 19:56:08.657,102613,42,3816,-51,75
2026-05-03T23:56:08.697Z,2026-05-03 19:56:08.697,102613,43,3819,-58,77
2026-05-03T23:56:08.737Z,2026-05-03 19:56:08.737,102613,44,3810,-42,83
2026-05-03T23:56:08.777Z,2026-05-03 19:56:08.777,102613,45,3808,-44,82
2026-05-03T23:56:08.817Z,2026-05-03 19:56:08.817,102613,46,3844,-41,85
2026-05-03T23:56:08.857Z,2026-05-03 19:56:08.857,102613,47,3822,-47,66
2026-05-03T23:56:08.897Z,2026-05-03 19:56:08.897,102613,48,3810,-41,54
2026-05-03T23:56:08.937Z,2026-05-03 19:56:08.937,102613,49,3813,-49,69
2026-05-03T23:56:08.977Z,2026-05-03 19:56:08.977,102613,50,3806,-54,67
2026-05-03T23:56:09.017Z,2026-05-03 19:56:09.017,102613,51,3811,-50,72
2026-05-03T23:56:09.057Z,2026-05-03 19:56:09.057,102613,52,3820,-39,82
2026-05-03T23:56:09.097Z,2026-05-03 19:56:09.097,102613,53,3811,-49,85
2026-05-03T23:56:09.137Z,2026-05-03 19:56:09.137,102613,54,3815,-49,77
2026-05-03T23:56:09.177Z,2026-05-03 19:56:09.177,102613,55,3810,-36,96
2026-05-03T23:56:09.217Z,2026-05-03 19:56:09.217,102613,56,3817,-54,83
2026-05-03T23:56:09.257Z,2026-05-03 19:56:09.257,102613,57,3813,-47,70
2026-05-03T23:56:09.297Z,2026-05-03 19:56:09.297,102613,58,3804,-59,75
2026-05-03T23:56:09.337Z,2026-05-03 19:56:09.337,102613,59,3803,-54,52
2026-05-03T23:56:09.377Z,2026-05-03 19:56:09.377,102613,60,3814,-70,68
2026-05-03T23:56:09.417Z,2026-05-03 19:56:09.417,102613,61,3815,-40,72
2026-05-03T23:56:09.457Z,2026-05-03 19:56:09.457,102613,62,3827,-59,79
2026-05-03T23:56:09.497Z,2026-05-03 19:56:09.497,102613,63,3820,-52,83
2026-05-03T23:56:09.537Z,2026-05-03 19:56:09.537,102613,64,3814,-49,98
2026-05-03T23:56:09.577Z,2026-05-03 19:56:09.577,102613,65,3821,-39,86
2026-05-03T23:56:09.617Z,2026-05-03 19:56:09.617,102613,66,3816,-58,88
2026-05-03T23:56:09.657Z,2026-05-03 19:56:09.657,102613,67,3823,-59,76
2026-05-03T23:56:09.697Z,2026-05-03 19:56:09.697,102613,68,3805,-58,70
2026-05-03T23:56:09.737Z,2026-05-03 19:56:09.737,102613,69,3818,-64,69
2026-05-03T23:56:09.777Z,2026-05-03 19:56:09.777,102613,70,3818,-53,75
2026-05-03T23:56:09.817Z,2026-05-03 19:56:09.817,102613,71,3808,-64,73
2026-05-03T23:56:09.857Z,2026-05-03 19:56:09.857,102613,72,3822,-56,64
2026-05-03T23:56:09.897Z,2026-05-03 19:56:09.897,102613,73,3811,-52,65
2026-05-03T23:56:09.937Z,2026-05-03 19:56:09.937,102613,74,3819,-45,70
2026-05-03T23:56:09.977Z,2026-05-03 19:56:09.977,102613,75,3817,-56,97
2026-05-03T23:56:10.017Z,2026-05-03 19:56:10.017,102613,76,3811,-49,88
2026-05-03T23:56:10.057Z,2026-05-03 19:56:10.057,102613,77,3811,-52,81
2026-05-03T23:56:10.097Z,2026-05-03 19:56:10.097,102613,78,3814,-44,88
2026-05-03T23:56:10.137Z,2026-05-03 19:56:10.137,102613,79,3813,-53,77
2026-05-03T23:56:10.177Z,2026-05-03 19:56:10.177,102613,80,3827,-50,67
2026-05-03T23:56:10.217Z,2026-05-03 19:56:10.217,102613,81,3824,-57,53
2026-05-03T23:56:10.257Z,2026-05-03 19:56:10.257,102613,82,3815,-50,65
2026-05-03T23:56:10.297Z,2026-05-03 19:56:10.297,102613,83,3807,-59,59
2026-05-03T23:56:10.337Z,2026-05-03 19:56:10.337,102613,84,3819,-58,62
2026-05-03T23:56:10.377Z,2026-05-03 19:56:10.377,102613,85,3823,-50,80
2026-05-03T23:56:10.417Z,2026-05-03 19:56:10.417,102613,86,3816,-45,69
2026-05-03T23:56:10.457Z,2026-05-03 19:56:10.457,102613,87,3803,-55,78
2026-05-03T23:56:10.497Z,2026-05-03 19:56:10.497,102613,88,3812,-49,83
2026-05-03T23:56:10.537Z,2026-05-03 19:56:10.537,102613,89,3819,-60,78
2026-05-03T23:56:10.577Z,2026-05-03 19:56:10.577,102613,90,3811,-51,78
2026-05-03T23:56:10.617Z,2026-05-03 19:56:10.617,102613,91,3827,-49,72
2026-05-03T23:56:10.657Z,2026-05-03 19:56:10.657,102613,92,3820,-61,70
2026-05-03T23:56:10.697Z,2026-05-03 19:56:10.697,102613,93,3815,-46,55
2026-05-03T23:56:10.737Z,2026-05-03 19:56:10.737,102613,94,3812,-47,62
2026-05-03T23:56:10.777Z,2026-05-03 19:56:10.777,102613,95,3814,-49,66
2026-05-03T23:56:10.817Z,2026-05-03 19:56:10.817,102613,96,3834,-62,79
2026-05-03T23:56:10.857Z,2026-05-03 19:56:10.857,102613,97,3821,-58,83
2026-05-03T23:56:10.897Z,2026-05-03 19:56:10.897,102613,98,3832,-49,95
2026-05-03T23:56:10.937Z,2026-05-03 19:56:10.937,102613,99,3810,-49,91
2026-05-03T23:56:10.977Z,2026-05-03 19:56:10.977,102613,100,3836,-51,89
2026-05-03T23:56:11.017Z,2026-05-03 19:56:11.017,102614,1,3804,-53,79
2026-05-03T23:56:11.057Z,2026-05-03 19:56:11.057,102614,2,3819,-46,65
2026-05-03T23:56:11.097Z,2026-05-03 19:56:11.097,102614,3,3821,-51,69
2026-05-03T23:56:11.137Z,2026-05-03 19:56:11.137,102614,4,3820,-45,80
2026-05-03T23:56:11.177Z,2026-05-03 19:56:11.177,102614,5,3813,-51,70
2026-05-03T23:56:11.217Z,2026-05-03 19:56:11.217,102614,6,3805,-53,68
2026-05-03T23:56:11.257Z,2026-05-03 19:56:11.257,102614,7,3810,-49,68
2026-05-03T23:56:11.297Z,2026-05-03 19:56:11.297,102614,8,3810,-57,83
2026-05-03T23:56:11.337Z,2026-05-03 19:56:11.337,102614,9,3814,-68,90
2026-05-03T23:56:11.377Z,2026-05-03 19:56:11.377,102614,10,3813,-63,79
2026-05-03T23:56:11.417Z,2026-05-03 19:56:11.417,102614,11,3821,-50,79
2026-05-03T23:56:11.457Z,2026-05-03 19:56:11.457,102614,12,3813,-54,77
2026-05-03T23:56:11.497Z,2026-05-03 19:56:11.497,102614,13,3821,-57,79
2026-05-03T23:56:11.537Z,2026-05-03 19:56:11.537,102614,14,3812,-49,74
2026-05-03T23:56:11.577Z,2026-05-03 19:56:11.577,102614,15,3820,-44,54
2026-05-03T23:56:11.617Z,2026-05-03 19:56:11.617,102614,16,3823,-62,68
2026-05-03T23:56:11.657Z,2026-05-03 19:56:11.657,102614,17,3805,-45,75
2026-05-03T23:56:11.697Z,2026-05-03 19:56:11.697,102614,18,3815,-55,79
2026-05-03T23:56:11.737Z,2026-05-03 19:56:11.737,102614,19,3796,-54,74
2026-05-03T23:56:11.777Z,2026-05-03 19:56:11.777,102614,20,3818,-51,71
2026-05-03T23:56:11.817Z,2026-05-03 19:56:11.817,102614,21,3829,-46,76
2026-05-03T23:56:11.857Z,2026-05-03 19:56:11.857,102614,22,3813,-63,94
2026-05-03T23:56:11.897Z,2026-05-03 19:56:11.897,102614,23,3800,-60,78
2026-05-03T23:56:11.937Z,2026-05-03 19:56:11.937,102614,24,3822,-56,74
2026-05-03T23:56:11.977Z,2026-05-03 19:56:11.977,102614,25,3812,-60,66
2026-05-03T23:56:12.017Z,2026-05-03 19:56:12.017,102614,26,3817,-47,62
2026-05-03T23:56:12.057Z,2026-05-03 19:56:12.057,102614,27,3808,-47,76
2026-05-03T23:56:12.097Z,2026-05-03 19:56:12.097,102614,28,3833,-56,59
2026-05-03T23:56:12.137Z,2026-05-03 19:56:12.137,102614,29,3811,-68,66
2026-05-03T23:56:12.177Z,2026-05-03 19:56:12.177,102614,30,3818,-48,68
2026-05-03T23:56:12.217Z,2026-05-03 19:56:12.217,102614,31,3805,-60,90
2026-05-03T23:56:12.257Z,2026-05-03 19:56:12.257,102614,32,3824,-56,77
2026-05-03T23:56:12.297Z,2026-05-03 19:56:12.297,102614,33,3814,-49,77
2026-05-03T23:56:12.337Z,2026-05-03 19:56:12.337,102614,34,3797,-45,77
2026-05-03T23:56:12.377Z,2026-05-03 19:56:12.377,102614,35,3814,-51,76
2026-05-03T23:56:12.417Z,2026-05-03 19:56:12.417,102614,36,3812,-52,64
2026-05-03T23:56:12.457Z,2026-05-03 19:56:12.457,102614,37,3818,-61,58
2026-05-03T23:56:12.497Z,2026-05-03 19:56:12.497,102614,38,3811,-46,69
2026-05-03T23:56:12.537Z,2026-05-03 19:56:12.537,102614,39,3812,-59,70
2026-05-03T23:56:12.577Z,2026-05-03 19:56:12.577,102614,40,3807,-66,76
2026-05-03T23:56:12.617Z,2026-05-03 19:56:12.617,102614,41,3822,-65,79
2026-05-03T23:56:12.657Z,2026-05-03 19:56:12.657,102614,42,3818,-62,70
2026-05-03T23:56:12.697Z,2026-05-03 19:56:12.697,102614,43,3813,-47,71
2026-05-03T23:56:12.737Z,2026-05-03 19:56:12.737,102614,44,3812,-43,79
2026-05-03T23:56:12.777Z,2026-05-03 19:56:12.777,102614,45,3815,-53,79
2026-05-03T23:56:12.817Z,2026-05-03 19:56:12.817,102614,46,3808,-59,60
2026-05-03T23:56:12.857Z,2026-05-03 19:56:12.857,102614,47,3817,-45,76
2026-05-03T23:56:12.897Z,2026-05-03 19:56:12.897,102614,48,3820,-52,72
2026-05-03T23:56:12.937Z,2026-05-03 19:56:12.937,102614,49,3806,-68,60
2026-05-03T23:56:12.977Z,2026-05-03 19:56:12.977,102614,50,3825,-55,58
2026-05-03T23:56:13.017Z,2026-05-03 19:56:13.017,102614,51,3819,-56,70
2026-05-03T23:56:13.057Z,2026-05-03 19:56:13.057,102614,52,3821,-43,69
2026-05-03T23:56:13.097Z,2026-05-03 19:56:13.097,102614,53,3802,-46,87
2026-05-03T23:56:13.137Z,2026-05-03 19:56:13.137,102614,54,3823,-50,80
2026-05-03T23:56:13.177Z,2026-05-03 19:56:13.177,102614,55,3805,-44,78
2026-05-03T23:56:13.217Z,2026-05-03 19:56:13.217,102614,56,3805,-54,79
2026-05-03T23:56:13.257Z,2026-05-03 19:56:13.257,102614,57,3816,-57,66
2026-05-03T23:56:13.297Z,2026-05-03 19:56:13.297,102614,58,3807,-50,68
2026-05-03T23:56:13.337Z,2026-05-03 19:56:13.337,102614,59,3809,-52,77
2026-05-03T23:56:13.377Z,2026-05-03 19:56:13.377,102614,60,3816,-43,86
2026-05-03T23:56:13.417Z,2026-05-03 19:56:13.417,102614,61,3810,-55,68
2026-05-03T23:56:13.457Z,2026-05-03 19:56:13.457,102614,62,3817,-45,51
2026-05-03T23:56:13.497Z,2026-05-03 19:56:13.497,102614,63,3811,-53,65
2026-05-03T23:56:13.537Z,2026-05-03 19:56:13.537,102614,64,3845,-53,72
2026-05-03T23:56:13.577Z,2026-05-03 19:56:13.577,102614,65,3811,-51,73
2026-05-03T23:56:13.617Z,2026-05-03 19:56:13.617,102614,66,3800,-55,81
2026-05-03T23:56:13.657Z,2026-05-03 19:56:13.657,102614,67,3811,-59,75
2026-05-03T23:56:13.697Z,2026-05-03 19:56:13.697,102614,68,3817,-58,74
2026-05-03T23:56:13.737Z,2026-05-03 19:56:13.737,102614,69,3829,-60,86
2026-05-03T23:56:13.777Z,2026-05-03 19:56:13.777,102614,70,3817,-58,75
2026-05-03T23:56:13.817Z,2026-05-03 19:56:13.817,102614,71,3803,-56,64
2026-05-03T23:56:13.857Z,2026-05-03 19:56:13.857,102614,72,3831,-51,66
2026-05-03T23:56:13.897Z,2026-05-03 19:56:13.897,102614,73,3812,-50,60
2026-05-03T23:56:13.937Z,2026-05-03 19:56:13.937,102614,74,3813,-55,68
2026-05-03T23:56:13.977Z,2026-05-03 19:56:13.977,102614,75,3808,-53,66
2026-05-03T23:56:14.017Z,2026-05-03 19:56:14.017,102614,76,3812,-37,81
2026-05-03T23:56:14.057Z,2026-05-03 19:56:14.057,102614,77,3829,-49,86
2026-05-03T23:56:14.097Z,2026-05-03 19:56:14.097,102614,78,3811,-50,79
2026-05-03T23:56:14.137Z,2026-05-03 19:56:14.137,102614,79,3824,-50,58
2026-05-03T23:56:14.177Z,2026-05-03 19:56:14.177,102614,80,3810,-48,63
2026-05-03T23:56:14.217Z,2026-05-03 19:56:14.217,102614,81,3815,-55,71
2026-05-03T23:56:14.257Z,2026-05-03 19:56:14.257,102614,82,3809,-53,72
2026-05-03T23:56:14.297Z,2026-05-03 19:56:14.297,102614,83,3814,-44,67
2026-05-03T23:56:14.337Z,2026-05-03 19:56:14.337,102614,84,3809,-53,77
2026-05-03T23:56:14.377Z,2026-05-03 19:56:14.377,102614,85,3808,-44,64
2026-05-03T23:56:14.417Z,2026-05-03 19:56:14.417,102614,86,3815,-60,65
2026-05-03T23:56:14.457Z,2026-05-03 19:56:14.457,102614,87,3808,-50,82
2026-05-03T23:56:14.497Z,2026-05-03 19:56:14.497,102614,88,3794,-50,79
2026-05-03T23:56:14.537Z,2026-05-03 19:56:14.537,102614,89,3814,-56,93
2026-05-03T23:56:14.577Z,2026-05-03 19:56:14.577,102614,90,3819,-60,72
2026-05-03T23:56:14.617Z,2026-05-03 19:56:14.617,102614,91,3817,-48,76
2026-05-03T23:56:14.657Z,2026-05-03 19:56:14.657,102614,92,3806,-49,85
2026-05-03T23:56:14.697Z,2026-05-03 19:56:14.697,102614,93,3812,-58,56
2026-05-03T23:56:14.737Z,2026-05-03 19:56:14.737,102614,94,3816,-50,67
2026-05-03T23:56:14.777Z,2026-05-03 19:56:14.777,102614,95,3802,-54,75
2026-05-03T23:56:14.817Z,2026-05-03 19:56:14.817,102614,96,3832,-59,70
2026-05-03T23:56:14.857Z,2026-05-03 19:56:14.857,102614,97,3807,-63,68
2026-05-03T23:56:14.897Z,2026-05-03 19:56:14.897,102614,98,3801,-53,80
2026-05-03T23:56:14.937Z,2026-05-03 19:56:14.937,102614,99,3801,-52,78
2026-05-03T23:56:14.977Z,2026-05-03 19:56:14.977,102614,100,3818,-46,99
2026-05-03T23:56:15.017Z,2026-05-03 19:56:15.017,102615,1,3813,-62,85
2026-05-03T23:56:15.057Z,2026-05-03 19:56:15.057,102615,2,3820,-49,77
2026-05-03T23:56:15.097Z,2026-05-03 19:56:15.097,102615,3,3807,-58,65
2026-05-03T23:56:15.137Z,2026-05-03 19:56:15.137,102615,4,3804,-46,75
2026-05-03T23:56:15.177Z,2026-05-03 19:56:15.177,102615,5,3831,-41,64
2026-05-03T23:56:15.217Z,2026-05-03 19:56:15.217,102615,6,3822,-52,69
2026-05-03T23:56:15.257Z,2026-05-03 19:56:15.257,102615,7,3813,-51,79
2026-05-03T23:56:15.297Z,2026-05-03 19:56:15.297,102615,8,3807,-55,72
2026-05-03T23:56:15.337Z,2026-05-03 19:56:15.337,102615,9,3821,-47,77
2026-05-03T23:56:15.377Z,2026-05-03 19:56:15.377,102615,10,3813,-58,81
2026-05-03T23:56:15.417Z,2026-05-03 19:56:15.417,102615,11,3817,-60,75
2026-05-03T23:56:15.457Z,2026-05-03 19:56:15.457,102615,12,3810,-56,77
2026-05-03T23:56:15.497Z,2026-05-03 19:56:15.497,102615,13,3842,-44,70
2026-05-03T23:56:15.537Z,2026-05-03 19:56:15.537,102615,14,3815,-42,77
2026-05-03T23:56:15.577Z,2026-05-03 19:56:15.577,102615,15,3804,-62,64
2026-05-03T23:56:15.617Z,2026-05-03 19:56:15.617,102615,16,3813,-49,67
2026-05-03T23:56:15.657Z,2026-05-03 19:56:15.657,102615,17,3808,-43,67
2026-05-03T23:56:15.697Z,2026-05-03 19:56:15.697,102615,18,3810,-60,81
2026-05-03T23:56:15.737Z,2026-05-03 19:56:15.737,102615,19,3816,-58,70
2026-05-03T23:56:15.777Z,2026-05-03 19:56:15.777,102615,20,3808,-57,77
2026-05-03T23:56:15.817Z,2026-05-03 19:56:15.817,102615,21,3809,-48,90
2026-05-03T23:56:15.857Z,2026-05-03 19:56:15.857,102615,22,3816,-46,76
2026-05-03T23:56:15.897Z,2026-05-03 19:56:15.897,102615,23,3812,-59,78
2026-05-03T23:56:15.937Z,2026-05-03 19:56:15.937,102615,24,3823,-62,81
2026-05-03T23:56:15.977Z,2026-05-03 19:56:15.977,102615,25,3803,-48,68
2026-05-03T23:56:16.017Z,2026-05-03 19:56:16.017,102615,26,3827,-39,68
2026-05-03T23:56:16.057Z,2026-05-03 19:56:16.057,102615,27,3805,-55,64
2026-05-03T23:56:16.097Z,2026-05-03 19:56:16.097,102615,28,3817,-42,58
2026-05-03T23:56:16.137Z,2026-05-03 19:56:16.137,102615,29,3817,-37,63
2026-05-03T23:56:16.177Z,2026-05-03 19:56:16.177,102615,30,3819,-53,77
2026-05-03T23:56:16.217Z,2026-05-03 19:56:16.217,102615,31,3809,-49,78
2026-05-03T23:56:16.257Z,2026-05-03 19:56:16.257,102615,32,3818,-48,79
2026-05-03T23:56:16.297Z,2026-05-03 19:56:16.297,102615,33,3812,-56,65
2026-05-03T23:56:16.337Z,2026-05-03 19:56:16.337,102615,34,3804,-49,82
2026-05-03T23:56:16.377Z,2026-05-03 19:56:16.377,102615,35,3832,-44,86
2026-05-03T23:56:16.417Z,2026-05-03 19:56:16.417,102615,36,3817,-46,76
2026-05-03T23:56:16.457Z,2026-05-03 19:56:16.457,102615,37,3810,-52,65
2026-05-03T23:56:16.497Z,2026-05-03 19:56:16.497,102615,38,3815,-54,69
2026-05-03T23:56:16.537Z,2026-05-03 19:56:16.537,102615,39,3817,-70,73
2026-05-03T23:56:16.577Z,2026-05-03 19:56:16.577,102615,40,3809,-65,73
2026-05-03T23:56:16.617Z,2026-05-03 19:56:16.617,102615,41,3809,-66,70
2026-05-03T23:56:16.657Z,2026-05-03 19:56:16.657,102615,42,3802,-53,88
2026-05-03T23:56:16.697Z,2026-05-03 19:56:16.697,102615,43,3804,-52,79
2026-05-03T23:56:16.737Z,2026-05-03 19:56:16.737,102615,44,3818,-47,63
2026-05-03T23:56:16.777Z,2026-05-03 19:56:16.777,102615,45,3807,-53,77
2026-05-03T23:56:16.817Z,2026-05-03 19:56:16.817,102615,46,3817,-50,84
2026-05-03T23:56:16.857Z,2026-05-03 19:56:16.857,102615,47,3802,-49,64
2026-05-03T23:56:16.897Z,2026-05-03 19:56:16.897,102615,48,3839,-53,79
2026-05-03T23:56:16.937Z,2026-05-03 19:56:16.937,102615,49,3818,-46,69
2026-05-03T23:56:16.977Z,2026-05-03 19:56:16.977,102615,50,3800,-57,76
2026-05-03T23:56:17.017Z,2026-05-03 19:56:17.017,102615,51,3806,-44,60
2026-05-03T23:56:17.057Z,2026-05-03 19:56:17.057,102615,52,3824,-47,70
2026-05-03T23:56:17.097Z,2026-05-03 19:56:17.097,102615,53,3812,-45,81
2026-05-03T23:56:17.137Z,2026-05-03 19:56:17.137,102615,54,3806,-46,68
2026-05-03T23:56:17.177Z,2026-05-03 19:56:17.177,102615,55,3822,-46,73
2026-05-03T23:56:17.217Z,2026-05-03 19:56:17.217,102615,56,3805,-49,89
2026-05-03T23:56:17.257Z,2026-05-03 19:56:17.257,102615,57,3826,-54,82
2026-05-03T23:56:17.297Z,2026-05-03 19:56:17.297,102615,58,3810,-49,77
2026-05-03T23:56:17.337Z,2026-05-03 19:56:17.337,102615,59,3814,-51,80
2026-05-03T23:56:17.377Z,2026-05-03 19:56:17.377,102615,60,3821,-54,68
2026-05-03T23:56:17.417Z,2026-05-03 19:56:17.417,102615,61,3809,-48,75
2026-05-03T23:56:17.457Z,2026-05-03 19:56:17.457,102615,62,3807,-60,56
2026-05-03T23:56:17.497Z,2026-05-03 19:56:17.497,102615,63,3824,-54,72
2026-05-03T23:56:17.537Z,2026-05-03 19:56:17.537,102615,64,3808,-51,70
2026-05-03T23:56:17.577Z,2026-05-03 19:56:17.577,102615,65,3818,-51,87
2026-05-03T23:56:17.617Z,2026-05-03 19:56:17.617,102615,66,3819,-45,80
2026-05-03T23:56:17.657Z,2026-05-03 19:56:17.657,102615,67,3792,-47,81
2026-05-03T23:56:17.697Z,2026-05-03 19:56:17.697,102615,68,3824,-51,76
2026-05-03T23:56:17.737Z,2026-05-03 19:56:17.737,102615,69,3811,-40,70
2026-05-03T23:56:17.777Z,2026-05-03 19:56:17.777,102615,70,3806,-49,69
2026-05-03T23:56:17.817Z,2026-05-03 19:56:17.817,102615,71,3829,-45,78
2026-05-03T23:56:17.857Z,2026-05-03 19:56:17.857,102615,72,3817,-50,71
2026-05-03T23:56:17.897Z,2026-05-03 19:56:17.897,102615,73,3803,-47,70
2026-05-03T23:56:17.937Z,2026-05-03 19:56:17.937,102615,74,3818,-55,69
2026-05-03T23:56:17.977Z,2026-05-03 19:56:17.977,102615,75,3806,-51,64
2026-05-03T23:56:18.017Z,2026-05-03 19:56:18.017,102615,76,3800,-55,68
2026-05-03T23:56:18.057Z,2026-05-03 19:56:18.057,102615,77,3820,-42,87
2026-05-03T23:56:18.097Z,2026-05-03 19:56:18.097,102615,78,3816,-55,77
2026-05-03T23:56:18.137Z,2026-05-03 19:56:18.137,102615,79,3798,-40,85
2026-05-03T23:56:18.177Z,2026-05-03 19:56:18.177,102615,80,3821,-45,84
2026-05-03T23:56:18.217Z,2026-05-03 19:56:18.217,102615,81,3821,-49,73
2026-05-03T23:56:18.257Z,2026-05-03 19:56:18.257,102615,82,3808,-51,85
2026-05-03T23:56:18.297Z,2026-05-03 19:56:18.297,102615,83,3820,-44,65
2026-05-03T23:56:18.337Z,2026-05-03 19:56:18.337,102615,84,3809,-59,62
2026-05-03T23:56:18.377Z,2026-05-03 19:56:18.377,102615,85,3812,-58,67
2026-05-03T23:56:18.417Z,2026-05-03 19:56:18.417,102615,86,3832,-68,67
2026-05-03T23:56:18.457Z,2026-05-03 19:56:18.457,102615,87,3821,-50,84
2026-05-03T23:56:18.497Z,2026-05-03 19:56:18.497,102615,88,3824,-53,82
2026-05-03T23:56:18.537Z,2026-05-03 19:56:18.537,102615,89,3812,-54,59
2026-05-03T23:56:18.577Z,2026-05-03 19:56:18.577,102615,90,3803,-50,83
2026-05-03T23:56:18.617Z,2026-05-03 19:56:18.617,102615,91,3813,-48,73
2026-05-03T23:56:18.657Z,2026-05-03 19:56:18.657,102615,92,3816,-46,75
2026-05-03T23:56:18.697Z,2026-05-03 19:56:18.697,102615,93,3813,-59,72
2026-05-03T23:56:18.737Z,2026-05-03 19:56:18.737,102615,94,3811,-41,75
2026-05-03T23:56:18.777Z,2026-05-03 19:56:18.777,102615,95,3825,-46,81
2026-05-03T23:56:18.817Z,2026-05-03 19:56:18.817,102615,96,3812,-63,65
2026-05-03T23:56:18.857Z,2026-05-03 19:56:18.857,102615,97,3810,-45,63
2026-05-03T23:56:18.897Z,2026-05-03 19:56:18.897,102615,98,3801,-48,75
2026-05-03T23:56:18.937Z,2026-05-03 19:56:18.937,102615,99,3812,-44,81
2026-05-03T23:56:18.977Z,2026-05-03 19:56:18.977,102615,100,3812,-52,70
2026-05-03T23:56:19.017Z,2026-05-03 19:56:19.017,102616,1,3810,-57,81
2026-05-03T23:56:19.057Z,2026-05-03 19:56:19.057,102616,2,3820,-57,76
2026-05-03T23:56:19.097Z,2026-05-03 19:56:19.097,102616,3,3814,-37,72
2026-05-03T23:56:19.137Z,2026-05-03 19:56:19.137,102616,4,3831,-59,77
2026-05-03T23:56:19.177Z,2026-05-03 19:56:19.177,102616,5,3822,-46,77
2026-05-03T23:56:19.217Z,2026-05-03 19:56:19.217,102616,6,3823,-58,70
2026-05-03T23:56:19.257Z,2026-05-03 19:56:19.257,102616,7,3816,-45,70
2026-05-03T23:56:19.297Z,2026-05-03 19:56:19.297,102616,8,3811,-49,67
2026-05-03T23:56:19.337Z,2026-05-03 19:56:19.337,102616,9,3805,-47,71
2026-05-03T23:56:19.377Z,2026-05-03 19:56:19.377,102616,10,3814,-48,80
2026-05-03T23:56:19.417Z,2026-05-03 19:56:19.417,102616,11,3821,-44,75
2026-05-03T23:56:19.457Z,2026-05-03 19:56:19.457,102616,12,3819,-47,80
2026-05-03T23:56:19.497Z,2026-05-03 19:56:19.497,102616,13,3812,-47,81
2026-05-03T23:56:19.537Z,2026-05-03 19:56:19.537,102616,14,3819,-52,68
2026-05-03T23:56:19.577Z,2026-05-03 19:56:19.577,102616,15,3814,-60,80
2026-05-03T23:56:19.617Z,2026-05-03 19:56:19.617,102616,16,3813,-48,62
2026-05-03T23:56:19.657Z,2026-05-03 19:56:19.657,102616,17,3817,-45,71
2026-05-03T23:56:19.697Z,2026-05-03 19:56:19.697,102616,18,3822,-52,61
2026-05-03T23:56:19.737Z,2026-05-03 19:56:19.737,102616,19,3814,-49,66
2026-05-03T23:56:19.777Z,2026-05-03 19:56:19.777,102616,20,3805,-45,76
2026-05-03T23:56:19.817Z,2026-05-03 19:56:19.817,102616,21,3826,-58,70
2026-05-03T23:56:19.857Z,2026-05-03 19:56:19.857,102616,22,3819,-35,74
2026-05-03T23:56:19.897Z,2026-05-03 19:56:19.897,102616,23,3825,-50,64
2026-05-03T23:56:19.937Z,2026-05-03 19:56:19.937,102616,24,3798,-52,71
2026-05-03T23:56:19.977Z,2026-05-03 19:56:19.977,102616,25,3798,-33,77
2026-05-03T23:56:20.017Z,2026-05-03 19:56:20.017,102616,26,3810,-68,73
2026-05-03T23:56:20.057Z,2026-05-03 19:56:20.057,102616,27,3818,-68,68
2026-05-03T23:56:20.097Z,2026-05-03 19:56:20.097,102616,28,3819,-48,69
2026-05-03T23:56:20.137Z,2026-05-03 19:56:20.137,102616,29,3815,-57,68
2026-05-03T23:56:20.177Z,2026-05-03 19:56:20.177,102616,30,3809,-54,67
2026-05-03T23:56:20.217Z,2026-05-03 19:56:20.217,102616,31,3807,-59,74
2026-05-03T23:56:20.257Z,2026-05-03 19:56:20.257,102616,32,3813,-58,73
2026-05-03T23:56:20.297Z,2026-05-03 19:56:20.297,102616,33,3812,-66,82
2026-05-03T23:56:20.337Z,2026-05-03 19:56:20.337,102616,34,3823,-47,67
2026-05-03T23:56:20.377Z,2026-05-03 19:56:20.377,102616,35,3821,-44,91
2026-05-03T23:56:20.417Z,2026-05-03 19:56:20.417,102616,36,3798,-39,81
2026-05-03T23:56:20.457Z,2026-05-03 19:56:20.457,102616,37,3811,-50,81
2026-05-03T23:56:20.497Z,2026-05-03 19:56:20.497,102616,38,3811,-47,59
2026-05-03T23:56:20.537Z,2026-05-03 19:56:20.537,102616,39,3813,-56,80
2026-05-03T23:56:20.577Z,2026-05-03 19:56:20.577,102616,40,3827,-46,68
2026-05-03T23:56:20.617Z,2026-05-03 19:56:20.617,102616,41,3800,-51,73
2026-05-03T23:56:20.657Z,2026-05-03 19:56:20.657,102616,42,3823,-49,76
2026-05-03T23:56:20.697Z,2026-05-03 19:56:20.697,102616,43,3812,-59,81
2026-05-03T23:56:20.737Z,2026-05-03 19:56:20.737,102616,44,3831,-48,74
2026-05-03T23:56:20.777Z,2026-05-03 19:56:20.777,102616,45,3805,-47,70
2026-05-03T23:56:20.817Z,2026-05-03 19:56:20.817,102616,46,3821,-51,68
2026-05-03T23:56:20.857Z,2026-05-03 19:56:20.857,102616,47,3816,-53,70
2026-05-03T23:56:20.897Z,2026-05-03 19:56:20.897,102616,48,3817,-50,61
2026-05-03T23:56:20.937Z,2026-05-03 19:56:20.937,102616,49,3822,-57,70
2026-05-03T23:56:20.977Z,2026-05-03 19:56:20.977,102616,50,3800,-55,68
2026-05-03T23:56:21.017Z,2026-05-03 19:56:21.017,102616,51,3826,-58,61
2026-05-03T23:56:21.057Z,2026-05-03 19:56:21.057,102616,52,3811,-40,69
2026-05-03T23:56:21.097Z,2026-05-03 19:56:21.097,102616,53,3834,-47,73
2026-05-03T23:56:21.137Z,2026-05-03 19:56:21.137,102616,54,3818,-49,77
2026-05-03T23:56:21.177Z,2026-05-03 19:56:21.177,102616,55,3806,-57,71
2026-05-03T23:56:21.217Z,2026-05-03 19:56:21.217,102616,56,3826,-43,77
2026-05-03T23:56:21.257Z,2026-05-03 19:56:21.257,102616,57,3805,-62,73
2026-05-03T23:56:21.297Z,2026-05-03 19:56:21.297,102616,58,3817,-55,69
2026-05-03T23:56:21.337Z,2026-05-03 19:56:21.337,102616,59,3806,-55,76
2026-05-03T23:56:21.377Z,2026-05-03 19:56:21.377,102616,60,3817,-47,70
2026-05-03T23:56:21.417Z,2026-05-03 19:56:21.417,102616,61,3809,-47,74
2026-05-03T23:56:21.457Z,2026-05-03 19:56:21.457,102616,62,3812,-43,68
2026-05-03T23:56:21.497Z,2026-05-03 19:56:21.497,102616,63,3802,-51,65
2026-05-03T23:56:21.537Z,2026-05-03 19:56:21.537,102616,64,3826,-52,66
2026-05-03T23:56:21.577Z,2026-05-03 19:56:21.577,102616,65,3805,-57,71
2026-05-03T23:56:21.617Z,2026-05-03 19:56:21.617,102616,66,3821,-42,65
2026-05-03T23:56:21.657Z,2026-05-03 19:56:21.657,102616,67,3807,-60,79
2026-05-03T23:56:21.697Z,2026-05-03 19:56:21.697,102616,68,3813,-39,83
2026-05-03T23:56:21.737Z,2026-05-03 19:56:21.737,102616,69,3822,-53,76
2026-05-03T23:56:21.777Z,2026-05-03 19:56:21.777,102616,70,3826,-48,82
2026-05-03T23:56:21.817Z,2026-05-03 19:56:21.817,102616,71,3813,-54,64
2026-05-03T23:56:21.857Z,2026-05-03 19:56:21.857,102616,72,3825,-37,69
2026-05-03T23:56:21.897Z,2026-05-03 19:56:21.897,102616,73,3815,-51,73
2026-05-03T23:56:21.937Z,2026-05-03 19:56:21.937,102616,74,3822,-56,78
2026-05-03T23:56:21.977Z,2026-05-03 19:56:21.977,102616,75,3836,-55,69
2026-05-03T23:56:22.017Z,2026-05-03 19:56:22.017,102616,76,3799,-50,70
2026-05-03T23:56:22.057Z,2026-05-03 19:56:22.057,102616,77,3817,-41,78
2026-05-03T23:56:22.097Z,2026-05-03 19:56:22.097,102616,78,3824,-52,74
2026-05-03T23:56:22.137Z,2026-05-03 19:56:22.137,102616,79,3816,-60,74
2026-05-03T23:56:22.177Z,2026-05-03 19:56:22.177,102616,80,3804,-58,82
2026-05-03T23:56:22.217Z,2026-05-03 19:56:22.217,102616,81,3829,-59,74
2026-05-03T23:56:22.257Z,2026-05-03 19:56:22.257,102616,82,3808,-41,76
2026-05-03T23:56:22.297Z,2026-05-03 19:56:22.297,102616,83,3817,-66,69
2026-05-03T23:56:22.337Z,2026-05-03 19:56:22.337,102616,84,3831,-68,78
2026-05-03T23:56:22.377Z,2026-05-03 19:56:22.377,102616,85,3812,-52,74
2026-05-03T23:56:22.417Z,2026-05-03 19:56:22.417,102616,86,3805,-48,68
2026-05-03T23:56:22.457Z,2026-05-03 19:56:22.457,102616,87,3812,-34,71
2026-05-03T23:56:22.497Z,2026-05-03 19:56:22.497,102616,88,3806,-53,69
2026-05-03T23:56:22.537Z,2026-05-03 19:56:22.537,102616,89,3829,-67,73
2026-05-03T23:56:22.577Z,2026-05-03 19:56:22.577,102616,90,3810,-47,82
2026-05-03T23:56:22.617Z,2026-05-03 19:56:22.617,102616,91,3828,-56,78
2026-05-03T23:56:22.657Z,2026-05-03 19:56:22.657,102616,92,3802,-57,76
2026-05-03T23:56:22.697Z,2026-05-03 19:56:22.697,102616,93,3815,-54,69
2026-05-03T23:56:22.737Z,2026-05-03 19:56:22.737,102616,94,3818,-41,70
2026-05-03T23:56:22.777Z,2026-05-03 19:56:22.777,102616,95,3815,-50,66
2026-05-03T23:56:22.817Z,2026-05-03 19:56:22.817,102616,96,3804,-53,75
2026-05-03T23:56:22.857Z,2026-05-03 19:56:22.857,102616,97,3812,-52,76
2026-05-03T23:56:22.897Z,2026-05-03 19:56:22.897,102616,98,3809,-49,71
2026-05-03T23:56:22.937Z,2026-05-03 19:56:22.937,102616,99,3812,-45,79
2026-05-03T23:56:22.977Z,2026-05-03 19:56:22.977,102616,100,3815,-49,75
2026-05-03T23:56:23.017Z,2026-05-03 19:56:23.017,102617,1,3812,-41,78
2026-05-03T23:56:23.057Z,2026-05-03 19:56:23.057,102617,2,3825,-53,84
2026-05-03T23:56:23.097Z,2026-05-03 19:56:23.097,102617,3,3806,-52,80
2026-05-03T23:56:23.137Z,2026-05-03 19:56:23.137,102617,4,3818,-56,72
2026-05-03T23:56:23.177Z,2026-05-03 19:56:23.177,102617,5,3811,-51,76
2026-05-03T23:56:23.217Z,2026-05-03 19:56:23.217,102617,6,3805,-50,62
2026-05-03T23:56:23.257Z,2026-05-03 19:56:23.257,102617,7,3825,-49,87
2026-05-03T23:56:23.297Z,2026-05-03 19:56:23.297,102617,8,3820,-44,73
2026-05-03T23:56:23.337Z,2026-05-03 19:56:23.337,102617,9,3819,-58,70
2026-05-03T23:56:23.377Z,2026-05-03 19:56:23.377,102617,10,3807,-56,76
2026-05-03T23:56:23.417Z,2026-05-03 19:56:23.417,102617,11,3811,-48,81
2026-05-03T23:56:23.457Z,2026-05-03 19:56:23.457,102617,12,3816,-45,64
2026-05-03T23:56:23.497Z,2026-05-03 19:56:23.497,102617,13,3817,-44,76
2026-05-03T23:56:23.537Z,2026-05-03 19:56:23.537,102617,14,3805,-62,71
2026-05-03T23:56:23.577Z,2026-05-03 19:56:23.577,102617,15,3820,-33,68
2026-05-03T23:56:23.617Z,2026-05-03 19:56:23.617,102617,16,3820,-55,82
2026-05-03T23:56:23.657Z,2026-05-03 19:56:23.657,102617,17,3825,-53,81
2026-05-03T23:56:23.697Z,2026-05-03 19:56:23.697,102617,18,3809,-53,75
2026-05-03T23:56:23.737Z,2026-05-03 19:56:23.737,102617,19,3821,-55,68
2026-05-03T23:56:23.777Z,2026-05-03 19:56:23.777,102617,20,3817,-49,77
2026-05-03T23:56:23.817Z,2026-05-03 19:56:23.817,102617,21,3814,-47,67
2026-05-03T23:56:23.857Z,2026-05-03 19:56:23.857,102617,22,3813,-43,79
2026-05-03T23:56:23.897Z,2026-05-03 19:56:23.897,102617,23,3799,-56,74
2026-05-03T23:56:23.937Z,2026-05-03 19:56:23.937,102617,24,3823,-52,84
2026-05-03T23:56:23.977Z,2026-05-03 19:56:23.977,102617,25,3807,-56,79
2026-05-03T23:56:24.017Z,2026-05-03 19:56:24.017,102617,26,3827,-58,76
2026-05-03T23:56:24.057Z,2026-05-03 19:56:24.057,102617,27,3807,-39,78
2026-05-03T23:56:24.097Z,2026-05-03 19:56:24.097,102617,28,3812,-46,74
2026-05-03T23:56:24.137Z,2026-05-03 19:56:24.137,102617,29,3821,-49,68
2026-05-03T23:56:24.177Z,2026-05-03 19:56:24.177,102617,30,3822,-57,70
2026-05-03T23:56:24.217Z,2026-05-03 19:56:24.217,102617,31,3818,-65,79
2026-05-03T23:56:24.257Z,2026-05-03 19:56:24.257,102617,32,3815,-57,84
2026-05-03T23:56:24.297Z,2026-05-03 19:56:24.297,102617,33,3813,-46,87
2026-05-03T23:56:24.337Z,2026-05-03 19:56:24.337,102617,34,3812,-62,72
2026-05-03T23:56:24.377Z,2026-05-03 19:56:24.377,102617,35,3808,-58,75
2026-05-03T23:56:24.417Z,2026-05-03 19:56:24.417,102617,36,3825,-57,79
2026-05-03T23:56:24.457Z,2026-05-03 19:56:24.457,102617,37,3821,-47,76
2026-05-03T23:56:24.497Z,2026-05-03 19:56:24.497,102617,38,3814,-48,65
2026-05-03T23:56:24.537Z,2026-05-03 19:56:24.537,102617,39,3809,-51,79
2026-05-03T23:56:24.577Z,2026-05-03 19:56:24.577,102617,40,3810,-46,68
2026-05-03T23:56:24.617Z,2026-05-03 19:56:24.617,102617,41,3823,-64,61
2026-05-03T23:56:24.657Z,2026-05-03 19:56:24.657,102617,42,3814,-54,60
2026-05-03T23:56:24.697Z,2026-05-03 19:56:24.697,102617,43,3800,-52,75
2026-05-03T23:56:24.737Z,2026-05-03 19:56:24.737,102617,44,3820,-48,73
2026-05-03T23:56:24.777Z,2026-05-03 19:56:24.777,102617,45,3819,-52,84
2026-05-03T23:56:24.817Z,2026-05-03 19:56:24.817,102617,46,3811,-58,76
2026-05-03T23:56:24.857Z,2026-05-03 19:56:24.857,102617,47,3814,-61,87
2026-05-03T23:56:24.897Z,2026-05-03 19:56:24.897,102617,48,3812,-58,76
2026-05-03T23:56:24.937Z,2026-05-03 19:56:24.937,102617,49,3812,-54,63
2026-05-03T23:56:24.977Z,2026-05-03 19:56:24.977,102617,50,3820,-42,69
2026-05-03T23:56:25.017Z,2026-05-03 19:56:25.017,102617,51,3814,-39,70
2026-05-03T23:56:25.057Z,2026-05-03 19:56:25.057,102617,52,3811,-49,74
2026-05-03T23:56:25.097Z,2026-05-03 19:56:25.097,102617,53,3821,-53,78
2026-05-03T23:56:25.137Z,2026-05-03 19:56:25.137,102617,54,3815,-46,72
2026-05-03T23:56:25.177Z,2026-05-03 19:56:25.177,102617,55,3832,-54,63
2026-05-03T23:56:25.217Z,2026-05-03 19:56:25.217,102617,56,3811,-56,79
2026-05-03T23:56:25.257Z,2026-05-03 19:56:25.257,102617,57,3808,-49,85
2026-05-03T23:56:25.297Z,2026-05-03 19:56:25.297,102617,58,3795,-56,81
2026-05-03T23:56:25.337Z,2026-05-03 19:56:25.337,102617,59,3810,-44,85
2026-05-03T23:56:25.377Z,2026-05-03 19:56:25.377,102617,60,3809,-51,76
2026-05-03T23:56:25.417Z,2026-05-03 19:56:25.417,102617,61,3800,-58,77
2026-05-03T23:56:25.457Z,2026-05-03 19:56:25.457,102617,62,3833,-45,69
2026-05-03T23:56:25.497Z,2026-05-03 19:56:25.497,102617,63,3815,-55,72
2026-05-03T23:56:25.537Z,2026-05-03 19:56:25.537,102617,64,3823,-57,77
2026-05-03T23:56:25.577Z,2026-05-03 19:56:25.577,102617,65,3809,-42,81
2026-05-03T23:56:25.617Z,2026-05-03 19:56:25.617,102617,66,3823,-52,75
2026-05-03T23:56:25.657Z,2026-05-03 19:56:25.657,102617,67,3816,-56,77
2026-05-03T23:56:25.697Z,2026-05-03 19:56:25.697,102617,68,3804,-46,70
2026-05-03T23:56:25.737Z,2026-05-03 19:56:25.737,102617,69,3801,-48,81
2026-05-03T23:56:25.777Z,2026-05-03 19:56:25.777,102617,70,3816,-52,78
2026-05-03T23:56:25.817Z,2026-05-03 19:56:25.817,102617,71,3825,-49,77
2026-05-03T23:56:25.857Z,2026-05-03 19:56:25.857,102617,72,3826,-49,67
2026-05-03T23:56:25.897Z,2026-05-03 19:56:25.897,102617,73,3826,-46,79
2026-05-03T23:56:25.937Z,2026-05-03 19:56:25.937,102617,74,3824,-52,78
2026-05-03T23:56:25.977Z,2026-05-03 19:56:25.977,102617,75,3816,-49,69
2026-05-03T23:56:26.017Z,2026-05-03 19:56:26.017,102617,76,3821,-46,72
2026-05-03T23:56:26.057Z,2026-05-03 19:56:26.057,102617,77,3808,-42,74
2026-05-03T23:56:26.097Z,2026-05-03 19:56:26.097,102617,78,3806,-53,70
2026-05-03T23:56:26.137Z,2026-05-03 19:56:26.137,102617,79,3815,-48,81
2026-05-03T23:56:26.177Z,2026-05-03 19:56:26.177,102617,80,3811,-64,80
2026-05-03T23:56:26.217Z,2026-05-03 19:56:26.217,102617,81,3809,-53,62
2026-05-03T23:56:26.257Z,2026-05-03 19:56:26.257,102617,82,3815,-63,76
2026-05-03T23:56:26.297Z,2026-05-03 19:56:26.297,102617,83,3821,-52,78
2026-05-03T23:56:26.337Z,2026-05-03 19:56:26.337,102617,84,3815,-37,69
2026-05-03T23:56:26.377Z,2026-05-03 19:56:26.377,102617,85,3807,-65,69
2026-05-03T23:56:26.417Z,2026-05-03 19:56:26.417,102617,86,3823,-57,68
2026-05-03T23:56:26.457Z,2026-05-03 19:56:26.457,102617,87,3808,-58,79
2026-05-03T23:56:26.497Z,2026-05-03 19:56:26.497,102617,88,3814,-56,79
2026-05-03T23:56:26.537Z,2026-05-03 19:56:26.537,102617,89,3812,-51,90
2026-05-03T23:56:26.577Z,2026-05-03 19:56:26.577,102617,90,3814,-48,72
2026-05-03T23:56:26.617Z,2026-05-03 19:56:26.617,102617,91,3811,-46,68
2026-05-03T23:56:26.657Z,2026-05-03 19:56:26.657,102617,92,3824,-56,75
2026-05-03T23:56:26.697Z,2026-05-03 19:56:26.697,102617,93,3809,-54,89
2026-05-03T23:56:26.737Z,2026-05-03 19:56:26.737,102617,94,3803,-46,67
2026-05-03T23:56:26.777Z,2026-05-03 19:56:26.777,102617,95,3827,-55,65
2026-05-03T23:56:26.817Z,2026-05-03 19:56:26.817,102617,96,3801,-48,68
2026-05-03T23:56:26.857Z,2026-05-03 19:56:26.857,102617,97,3802,-69,76
2026-05-03T23:56:26.897Z,2026-05-03 19:56:26.897,102617,98,3802,-48,67
2026-05-03T23:56:26.937Z,2026-05-03 19:56:26.937,102617,99,3808,-45,69
2026-05-03T23:56:26.977Z,2026-05-03 19:56:26.977,102617,100,3821,-49,77
2026-05-03T23:56:27.017Z,2026-05-03 19:56:27.017,102618,1,3809,-54,74
2026-05-03T23:56:27.057Z,2026-05-03 19:56:27.057,102618,2,3814,-53,78
2026-05-03T23:56:27.097Z,2026-05-03 19:56:27.097,102618,3,3819,-43,79
2026-05-03T23:56:27.137Z,2026-05-03 19:56:27.137,102618,4,3802,-56,79
2026-05-03T23:56:27.177Z,2026-05-03 19:56:27.177,102618,5,3826,-49,82
2026-05-03T23:56:27.217Z,2026-05-03 19:56:27.217,102618,6,3838,-48,68
2026-05-03T23:56:27.257Z,2026-05-03 19:56:27.257,102618,7,3808,-47,78
2026-05-03T23:56:27.297Z,2026-05-03 19:56:27.297,102618,8,3820,-51,73
2026-05-03T23:56:27.337Z,2026-05-03 19:56:27.337,102618,9,3818,-54,60
2026-05-03T23:56:27.377Z,2026-05-03 19:56:27.377,102618,10,3808,-46,77
2026-05-03T23:56:27.417Z,2026-05-03 19:56:27.417,102618,11,3821,-63,79
2026-05-03T23:56:27.457Z,2026-05-03 19:56:27.457,102618,12,3804,-48,62
2026-05-03T23:56:27.497Z,2026-05-03 19:56:27.497,102618,13,3808,-35,71
2026-05-03T23:56:27.537Z,2026-05-03 19:56:27.537,102618,14,3816,-49,72
2026-05-03T23:56:27.577Z,2026-05-03 19:56:27.577,102618,15,3817,-52,76
2026-05-03T23:56:27.617Z,2026-05-03 19:56:27.617,102618,16,3821,-50,67
2026-05-03T23:56:27.657Z,2026-05-03 19:56:27.657,102618,17,3817,-44,76
2026-05-03T23:56:27.697Z,2026-05-03 19:56:27.697,102618,18,3816,-44,68
2026-05-03T23:56:27.737Z,2026-05-03 19:56:27.737,102618,19,3804,-47,62
2026-05-03T23:56:27.777Z,2026-05-03 19:56:27.777,102618,20,3820,-49,67
2026-05-03T23:56:27.817Z,2026-05-03 19:56:27.817,102618,21,3813,-45,70
2026-05-03T23:56:27.857Z,2026-05-03 19:56:27.857,102618,22,3814,-55,83
2026-05-03T23:56:27.897Z,2026-05-03 19:56:27.897,102618,23,3816,-45,78
2026-05-03T23:56:27.937Z,2026-05-03 19:56:27.937,102618,24,3815,-48,76
2026-05-03T23:56:27.977Z,2026-05-03 19:56:27.977,102618,25,3812,-51,75
2026-05-03T23:56:28.017Z,2026-05-03 19:56:28.017,102618,26,3811,-49,64
2026-05-03T23:56:28.057Z,2026-05-03 19:56:28.057,102618,27,3809,-64,77
2026-05-03T23:56:28.097Z,2026-05-03 19:56:28.097,102618,28,3809,-51,80
2026-05-03T23:56:28.137Z,2026-05-03 19:56:28.137,102618,29,3810,-47,75
2026-05-03T23:56:28.177Z,2026-05-03 19:56:28.177,102618,30,3816,-53,84
2026-05-03T23:56:28.217Z,2026-05-03 19:56:28.217,102618,31,3814,-41,78
2026-05-03T23:56:28.257Z,2026-05-03 19:56:28.257,102618,32,3824,-58,75
2026-05-03T23:56:28.297Z,2026-05-03 19:56:28.297,102618,33,3804,-61,73
2026-05-03T23:56:28.337Z,2026-05-03 19:56:28.337,102618,34,3802,-54,79
2026-05-03T23:56:28.377Z,2026-05-03 19:56:28.377,102618,35,3819,-49,78
2026-05-03T23:56:28.417Z,2026-05-03 19:56:28.417,102618,36,3817,-47,85
2026-05-03T23:56:28.457Z,2026-05-03 19:56:28.457,102618,37,3810,-41,75
2026-05-03T23:56:28.497Z,2026-05-03 19:56:28.497,102618,38,3806,-52,65
2026-05-03T23:56:28.537Z,2026-05-03 19:56:28.537,102618,39,3811,-49,72
2026-05-03T23:56:28.577Z,2026-05-03 19:56:28.577,102618,40,3804,-40,75
2026-05-03T23:56:28.617Z,2026-05-03 19:56:28.617,102618,41,3804,-60,73
2026-05-03T23:56:28.657Z,2026-05-03 19:56:28.657,102618,42,3813,-48,62
2026-05-03T23:56:28.697Z,2026-05-03 19:56:28.697,102618,43,3818,-51,82
2026-05-03T23:56:28.737Z,2026-05-03 19:56:28.737,102618,44,3808,-44,73
2026-05-03T23:56:28.777Z,2026-05-03 19:56:28.777,102618,45,3815,-50,89
2026-05-03T23:56:28.817Z,2026-05-03 19:56:28.817,102618,46,3819,-44,71
2026-05-03T23:56:28.857Z,2026-05-03 19:56:28.857,102618,47,3824,-48,61
2026-05-03T23:56:28.897Z,2026-05-03 19:56:28.897,102618,48,3821,-59,68
2026-05-03T23:56:28.937Z,2026-05-03 19:56:28.937,102618,49,3809,-49,73
2026-05-03T23:56:28.977Z,2026-05-03 19:56:28.977,102618,50,3807,-54,77
2026-05-03T23:56:29.017Z,2026-05-03 19:56:29.017,102618,51,3816,-51,77
2026-05-03T23:56:29.057Z,2026-05-03 19:56:29.057,102618,52,3818,-55,75
2026-05-03T23:56:29.097Z,2026-05-03 19:56:29.097,102618,53,3813,-44,75
2026-05-03T23:56:29.137Z,2026-05-03 19:56:29.137,102618,54,3814,-58,77
2026-05-03T23:56:29.177Z,2026-05-03 19:56:29.177,102618,55,3826,-66,76
2026-05-03T23:56:29.217Z,2026-05-03 19:56:29.217,102618,56,3832,-55,71
2026-05-03T23:56:29.257Z,2026-05-03 19:56:29.257,102618,57,3814,-61,78
2026-05-03T23:56:29.297Z,2026-05-03 19:56:29.297,102618,58,3814,-47,86
2026-05-03T23:56:29.337Z,2026-05-03 19:56:29.337,102618,59,3811,-41,69
2026-05-03T23:56:29.377Z,2026-05-03 19:56:29.377,102618,60,3818,-52,67
2026-05-03T23:56:29.417Z,2026-05-03 19:56:29.417,102618,61,3807,-58,66
2026-05-03T23:56:29.457Z,2026-05-03 19:56:29.457,102618,62,3818,-45,66
2026-05-03T23:56:29.497Z,2026-05-03 19:56:29.497,102618,63,3823,-55,63
2026-05-03T23:56:29.537Z,2026-05-03 19:56:29.537,102618,64,3811,-53,77
2026-05-03T23:56:29.577Z,2026-05-03 19:56:29.577,102618,65,3804,-50,78
2026-05-03T23:56:29.617Z,2026-05-03 19:56:29.617,102618,66,3809,-54,79
2026-05-03T23:56:29.657Z,2026-05-03 19:56:29.657,102618,67,3811,-51,68
2026-05-03T23:56:29.697Z,2026-05-03 19:56:29.697,102618,68,3810,-65,75
2026-05-03T23:56:29.737Z,2026-05-03 19:56:29.737,102618,69,3813,-44,70
2026-05-03T23:56:29.777Z,2026-05-03 19:56:29.777,102618,70,3804,-66,64
2026-05-03T23:56:29.817Z,2026-05-03 19:56:29.817,102618,71,3805,-48,80
2026-05-03T23:56:29.857Z,2026-05-03 19:56:29.857,102618,72,3815,-53,75
2026-05-03T23:56:29.897Z,2026-05-03 19:56:29.897,102618,73,3810,-44,79
2026-05-03T23:56:29.937Z,2026-05-03 19:56:29.937,102618,74,3800,-45,60
2026-05-03T23:56:29.977Z,2026-05-03 19:56:29.977,102618,75,3817,-59,72
2026-05-03T23:56:30.017Z,2026-05-03 19:56:30.017,102618,76,3810,-52,70
2026-05-03T23:56:30.057Z,2026-05-03 19:56:30.057,102618,77,3817,-61,72
2026-05-03T23:56:30.097Z,2026-05-03 19:56:30.097,102618,78,3815,-56,74
2026-05-03T23:56:30.137Z,2026-05-03 19:56:30.137,102618,79,3816,-36,77
2026-05-03T23:56:30.177Z,2026-05-03 19:56:30.177,102618,80,3834,-61,75
2026-05-03T23:56:30.217Z,2026-05-03 19:56:30.217,102618,81,3814,-34,73
2026-05-03T23:56:30.257Z,2026-05-03 19:56:30.257,102618,82,3822,-62,72
2026-05-03T23:56:30.297Z,2026-05-03 19:56:30.297,102618,83,3813,-66,75
2026-05-03T23:56:30.337Z,2026-05-03 19:56:30.337,102618,84,3829,-55,58
2026-05-03T23:56:30.377Z,2026-05-03 19:56:30.377,102618,85,3815,-44,69
2026-05-03T23:56:30.417Z,2026-05-03 19:56:30.417,102618,86,3813,-53,62
2026-05-03T23:56:30.457Z,2026-05-03 19:56:30.457,102618,87,3821,-38,79
2026-05-03T23:56:30.497Z,2026-05-03 19:56:30.497,102618,88,3826,-64,76
2026-05-03T23:56:30.537Z,2026-05-03 19:56:30.537,102618,89,3821,-59,71
2026-05-03T23:56:30.577Z,2026-05-03 19:56:30.577,102618,90,3811,-66,73
2026-05-03T23:56:30.617Z,2026-05-03 19:56:30.617,102618,91,3814,-47,67
2026-05-03T23:56:30.657Z,2026-05-03 19:56:30.657,102618,92,3817,-44,81
2026-05-03T23:56:30.697Z,2026-05-03 19:56:30.697,102618,93,3815,-63,71
2026-05-03T23:56:30.737Z,2026-05-03 19:56:30.737,102618,94,3827,-54,74
2026-05-03T23:56:30.777Z,2026-05-03 19:56:30.777,102618,95,3819,-42,76
2026-05-03T23:56:30.817Z,2026-05-03 19:56:30.817,102618,96,3812,-43,79
2026-05-03T23:56:30.857Z,2026-05-03 19:56:30.857,102618,97,3811,-57,82
2026-05-03T23:56:30.897Z,2026-05-03 19:56:30.897,102618,98,3810,-47,69
2026-05-03T23:56:30.937Z,2026-05-03 19:56:30.937,102618,99,3817,-54,76
2026-05-03T23:56:30.977Z,2026-05-03 19:56:30.977,102618,100,3813,-63,70
2026-05-03T23:56:31.017Z,2026-05-03 19:56:31.017,102619,1,3837,-67,72
2026-05-03T23:56:31.057Z,2026-05-03 19:56:31.057,102619,2,3802,-39,78
2026-05-03T23:56:31.097Z,2026-05-03 19:56:31.097,102619,3,3799,-44,77
2026-05-03T23:56:31.137Z,2026-05-03 19:56:31.137,102619,4,3818,-51,74
2026-05-03T23:56:31.177Z,2026-05-03 19:56:31.177,102619,5,3820,-53,82
2026-05-03T23:56:31.217Z,2026-05-03 19:56:31.217,102619,6,3810,-60,67
2026-05-03T23:56:31.257Z,2026-05-03 19:56:31.257,102619,7,3823,-62,73
2026-05-03T23:56:31.297Z,2026-05-03 19:56:31.297,102619,8,3818,-53,69
2026-05-03T23:56:31.337Z,2026-05-03 19:56:31.337,102619,9,3816,-47,79
2026-05-03T23:56:31.377Z,2026-05-03 19:56:31.377,102619,10,3808,-49,55
2026-05-03T23:56:31.417Z,2026-05-03 19:56:31.417,102619,11,3814,-49,65
2026-05-03T23:56:31.457Z,2026-05-03 19:56:31.457,102619,12,3829,-64,67
2026-05-03T23:56:31.497Z,2026-05-03 19:56:31.497,102619,13,3817,-43,67
2026-05-03T23:56:31.537Z,2026-05-03 19:56:31.537,102619,14,3802,-43,76
2026-05-03T23:56:31.577Z,2026-05-03 19:56:31.577,102619,15,3801,-55,68
2026-05-03T23:56:31.617Z,2026-05-03 19:56:31.617,102619,16,3813,-45,88
2026-05-03T23:56:31.657Z,2026-05-03 19:56:31.657,102619,17,3814,-53,78
2026-05-03T23:56:31.697Z,2026-05-03 19:56:31.697,102619,18,3810,-59,67
2026-05-03T23:56:31.737Z,2026-05-03 19:56:31.737,102619,19,3816,-50,72
2026-05-03T23:56:31.777Z,2026-05-03 19:56:31.777,102619,20,3803,-65,77
2026-05-03T23:56:31.817Z,2026-05-03 19:56:31.817,102619,21,3803,-54,83
2026-05-03T23:56:31.857Z,2026-05-03 19:56:31.857,102619,22,3811,-60,73
2026-05-03T23:56:31.897Z,2026-05-03 19:56:31.897,102619,23,3831,-45,89
2026-05-03T23:56:31.937Z,2026-05-03 19:56:31.937,102619,24,3818,-53,74
2026-05-03T23:56:31.977Z,2026-05-03 19:56:31.977,102619,25,3806,-58,76
2026-05-03T23:56:32.017Z,2026-05-03 19:56:32.017,102619,26,3809,-56,84
2026-05-03T23:56:32.057Z,2026-05-03 19:56:32.057,102619,27,3815,-39,77
2026-05-03T23:56:32.097Z,2026-05-03 19:56:32.097,102619,28,3827,-39,91
2026-05-03T23:56:32.137Z,2026-05-03 19:56:32.137,102619,29,3822,-60,86
2026-05-03T23:56:32.177Z,2026-05-03 19:56:32.177,102619,30,3806,-51,73
2026-05-03T23:56:32.217Z,2026-05-03 19:56:32.217,102619,31,3803,-56,70
2026-05-03T23:56:32.257Z,2026-05-03 19:56:32.257,102619,32,3805,-51,70
2026-05-03T23:56:32.297Z,2026-05-03 19:56:32.297,102619,33,3818,-60,76
2026-05-03T23:56:32.337Z,2026-05-03 19:56:32.337,102619,34,3808,-54,76
2026-05-03T23:56:32.377Z,2026-05-03 19:56:32.377,102619,35,3812,-60,74
2026-05-03T23:56:32.417Z,2026-05-03 19:56:32.417,102619,36,3821,-49,70
2026-05-03T23:56:32.457Z,2026-05-03 19:56:32.457,102619,37,3818,-49,72
2026-05-03T23:56:32.497Z,2026-05-03 19:56:32.497,102619,38,3825,-58,75
2026-05-03T23:56:32.537Z,2026-05-03 19:56:32.537,102619,39,3829,-48,66
2026-05-03T23:56:32.577Z,2026-05-03 19:56:32.577,102619,40,3812,-56,78
2026-05-03T23:56:32.617Z,2026-05-03 19:56:32.617,102619,41,3817,-48,64
2026-05-03T23:56:32.657Z,2026-05-03 19:56:32.657,102619,42,3812,-56,75
2026-05-03T23:56:32.697Z,2026-05-03 19:56:32.697,102619,43,3810,-45,75
2026-05-03T23:56:32.737Z,2026-05-03 19:56:32.737,102619,44,3821,-55,63
2026-05-03T23:56:32.777Z,2026-05-03 19:56:32.777,102619,45,3818,-61,68
2026-05-03T23:56:32.817Z,2026-05-03 19:56:32.817,102619,46,3808,-66,72
2026-05-03T23:56:32.857Z,2026-05-03 19:56:32.857,102619,47,3800,-45,78
2026-05-03T23:56:32.897Z,2026-05-03 19:56:32.897,102619,48,3829,-58,81
2026-05-03T23:56:32.937Z,2026-05-03 19:56:32.937,102619,49,3804,-65,70
2026-05-03T23:56:32.977Z,2026-05-03 19:56:32.977,102619,50,3813,-60,72
2026-05-03T23:56:33.017Z,2026-05-03 19:56:33.017,102619,51,3818,-51,71
2026-05-03T23:56:33.057Z,2026-05-03 19:56:33.057,102619,52,3810,-50,76
2026-05-03T23:56:33.097Z,2026-05-03 19:56:33.097,102619,53,3813,-53,79
2026-05-03T23:56:33.137Z,2026-05-03 19:56:33.137,102619,54,3822,-51,81
2026-05-03T23:56:33.177Z,2026-05-03 19:56:33.177,102619,55,3815,-51,69
2026-05-03T23:56:33.217Z,2026-05-03 19:56:33.217,102619,56,3812,-41,68
2026-05-03T23:56:33.257Z,2026-05-03 19:56:33.257,102619,57,3831,-53,74
2026-05-03T23:56:33.297Z,2026-05-03 19:56:33.297,102619,58,3808,-50,76
2026-05-03T23:56:33.337Z,2026-05-03 19:56:33.337,102619,59,3802,-56,66
2026-05-03T23:56:33.377Z,2026-05-03 19:56:33.377,102619,60,3813,-47,76
2026-05-03T23:56:33.417Z,2026-05-03 19:56:33.417,102619,61,3801,-38,84
2026-05-03T23:56:33.457Z,2026-05-03 19:56:33.457,102619,62,3821,-45,69
2026-05-03T23:56:33.497Z,2026-05-03 19:56:33.497,102619,63,3816,-50,83
2026-05-03T23:56:33.537Z,2026-05-03 19:56:33.537,102619,64,3815,-50,58
2026-05-03T23:56:33.577Z,2026-05-03 19:56:33.577,102619,65,3809,-52,66
2026-05-03T23:56:33.617Z,2026-05-03 19:56:33.617,102619,66,3813,-52,73
2026-05-03T23:56:33.657Z,2026-05-03 19:56:33.657,102619,67,3810,-45,76
2026-05-03T23:56:33.697Z,2026-05-03 19:56:33.697,102619,68,3811,-42,80
2026-05-03T23:56:33.737Z,2026-05-03 19:56:33.737,102619,69,3813,-52,79
2026-05-03T23:56:33.777Z,2026-05-03 19:56:33.777,102619,70,3820,-49,60
2026-05-03T23:56:33.817Z,2026-05-03 19:56:33.817,102619,71,3818,-59,74
2026-05-03T23:56:33.857Z,2026-05-03 19:56:33.857,102619,72,3817,-47,69
2026-05-03T23:56:33.897Z,2026-05-03 19:56:33.897,102619,73,3809,-55,57
2026-05-03T23:56:33.937Z,2026-05-03 19:56:33.937,102619,74,3811,-33,80
2026-05-03T23:56:33.977Z,2026-05-03 19:56:33.977,102619,75,3803,-63,75
2026-05-03T23:56:34.017Z,2026-05-03 19:56:34.017,102619,76,3808,-53,77
2026-05-03T23:56:34.057Z,2026-05-03 19:56:34.057,102619,77,3813,-45,81
2026-05-03T23:56:34.097Z,2026-05-03 19:56:34.097,102619,78,3813,-54,78
2026-05-03T23:56:34.137Z,2026-05-03 19:56:34.137,102619,79,3811,-58,88
2026-05-03T23:56:34.177Z,2026-05-03 19:56:34.177,102619,80,3807,-52,83
2026-05-03T23:56:34.217Z,2026-05-03 19:56:34.217,102619,81,3817,-56,64
2026-05-03T23:56:34.257Z,2026-05-03 19:56:34.257,102619,82,3813,-37,64
2026-05-03T23:56:34.297Z,2026-05-03 19:56:34.297,102619,83,3818,-40,62
2026-05-03T23:56:34.337Z,2026-05-03 19:56:34.337,102619,84,3811,-39,84
2026-05-03T23:56:34.377Z,2026-05-03 19:56:34.377,102619,85,3808,-49,76
2026-05-03T23:56:34.417Z,2026-05-03 19:56:34.417,102619,86,3816,-53,61
2026-05-03T23:56:34.457Z,2026-05-03 19:56:34.457,102619,87,3809,-57,72
2026-05-03T23:56:34.497Z,2026-05-03 19:56:34.497,102619,88,3807,-44,69
2026-05-03T23:56:34.537Z,2026-05-03 19:56:34.537,102619,89,3820,-52,74
2026-05-03T23:56:34.577Z,2026-05-03 19:56:34.577,102619,90,3808,-56,67
2026-05-03T23:56:34.617Z,2026-05-03 19:56:34.617,102619,91,3803,-45,75
2026-05-03T23:56:34.657Z,2026-05-03 19:56:34.657,102619,92,3825,-51,68
2026-05-03T23:56:34.697Z,2026-05-03 19:56:34.697,102619,93,3820,-50,87
2026-05-03T23:56:34.737Z,2026-05-03 19:56:34.737,102619,94,3823,-57,75
2026-05-03T23:56:34.777Z,2026-05-03 19:56:34.777,102619,95,3816,-52,84
2026-05-03T23:56:34.817Z,2026-05-03 19:56:34.817,102619,96,3803,-50,77
2026-05-03T23:56:34.857Z,2026-05-03 19:56:34.857,102619,97,3822,-64,84
2026-05-03T23:56:34.897Z,2026-05-03 19:56:34.897,102619,98,3812,-52,79
2026-05-03T23:56:34.937Z,2026-05-03 19:56:34.937,102619,99,3802,-56,65
2026-05-03T23:56:34.977Z,2026-05-03 19:56:34.977,102619,100,3807,-58,68
2026-05-03T23:56:35.017Z,2026-05-03 19:56:35.017,102620,1,3815,-50,72
2026-05-03T23:56:35.057Z,2026-05-03 19:56:35.057,102620,2,3820,-49,77
2026-05-03T23:56:35.097Z,2026-05-03 19:56:35.097,102620,3,3824,-52,80
2026-05-03T23:56:35.137Z,2026-05-03 19:56:35.137,102620,4,3802,-54,65
2026-05-03T23:56:35.177Z,2026-05-03 19:56:35.177,102620,5,3816,-42,67
2026-05-03T23:56:35.217Z,2026-05-03 19:56:35.217,102620,6,3802,-35,72
2026-05-03T23:56:35.257Z,2026-05-03 19:56:35.257,102620,7,3823,-43,82
2026-05-03T23:56:35.297Z,2026-05-03 19:56:35.297,102620,8,3821,-55,80
2026-05-03T23:56:35.337Z,2026-05-03 19:56:35.337,102620,9,3819,-46,78
2026-05-03T23:56:35.377Z,2026-05-03 19:56:35.377,102620,10,3814,-64,69
2026-05-03T23:56:35.417Z,2026-05-03 19:56:35.417,102620,11,3805,-54,75
2026-05-03T23:56:35.457Z,2026-05-03 19:56:35.457,102620,12,3820,-43,73
2026-05-03T23:56:35.497Z,2026-05-03 19:56:35.497,102620,13,3815,-44,87
2026-05-03T23:56:35.537Z,2026-05-03 19:56:35.537,102620,14,3812,-48,81
2026-05-03T23:56:35.577Z,2026-05-03 19:56:35.577,102620,15,3805,-33,70
2026-05-03T23:56:35.617Z,2026-05-03 19:56:35.617,102620,16,3832,-56,71
2026-05-03T23:56:35.657Z,2026-05-03 19:56:35.657,102620,17,3827,-47,75
2026-05-03T23:56:35.697Z,2026-05-03 19:56:35.697,102620,18,3823,-37,86
2026-05-03T23:56:35.737Z,2026-05-03 19:56:35.737,102620,19,3813,-49,91
2026-05-03T23:56:35.777Z,2026-05-03 19:56:35.777,102620,20,3817,-52,73
2026-05-03T23:56:35.817Z,2026-05-03 19:56:35.817,102620,21,3829,-60,77
2026-05-03T23:56:35.857Z,2026-05-03 19:56:35.857,102620,22,3810,-48,67
2026-05-03T23:56:35.897Z,2026-05-03 19:56:35.897,102620,23,3840,-58,80
2026-05-03T23:56:35.937Z,2026-05-03 19:56:35.937,102620,24,3811,-54,73
2026-05-03T23:56:35.977Z,2026-05-03 19:56:35.977,102620,25,3812,-52,70
2026-05-03T23:56:36.017Z,2026-05-03 19:56:36.017,102620,26,3803,-53,65
2026-05-03T23:56:36.057Z,2026-05-03 19:56:36.057,102620,27,3806,-55,69
2026-05-03T23:56:36.097Z,2026-05-03 19:56:36.097,102620,28,3834,-54,69
2026-05-03T23:56:36.137Z,2026-05-03 19:56:36.137,102620,29,3808,-50,76
2026-05-03T23:56:36.177Z,2026-05-03 19:56:36.177,102620,30,3816,-63,67
2026-05-03T23:56:36.217Z,2026-05-03 19:56:36.217,102620,31,3813,-60,64
2026-05-03T23:56:36.257Z,2026-05-03 19:56:36.257,102620,32,3814,-58,72
2026-05-03T23:56:36.297Z,2026-05-03 19:56:36.297,102620,33,3810,-41,72
2026-05-03T23:56:36.337Z,2026-05-03 19:56:36.337,102620,34,3813,-58,75
2026-05-03T23:56:36.377Z,2026-05-03 19:56:36.377,102620,35,3823,-38,82
2026-05-03T23:56:36.417Z,2026-05-03 19:56:36.417,102620,36,3807,-45,72
2026-05-03T23:56:36.457Z,2026-05-03 19:56:36.457,102620,37,3811,-57,88
2026-05-03T23:56:36.497Z,2026-05-03 19:56:36.497,102620,38,3825,-48,72
2026-05-03T23:56:36.537Z,2026-05-03 19:56:36.537,102620,39,3805,-53,63
2026-05-03T23:56:36.577Z,2026-05-03 19:56:36.577,102620,40,3833,-65,81
2026-05-03T23:56:36.617Z,2026-05-03 19:56:36.617,102620,41,3813,-47,76
2026-05-03T23:56:36.657Z,2026-05-03 19:56:36.657,102620,42,3816,-52,79
2026-05-03T23:56:36.697Z,2026-05-03 19:56:36.697,102620,43,3806,-50,81
2026-05-03T23:56:36.737Z,2026-05-03 19:56:36.737,102620,44,3820,-47,82
2026-05-03T23:56:36.777Z,2026-05-03 19:56:36.777,102620,45,3804,-64,84
2026-05-03T23:56:36.817Z,2026-05-03 19:56:36.817,102620,46,3813,-60,78
2026-05-03T23:56:36.857Z,2026-05-03 19:56:36.857,102620,47,3816,-54,85
2026-05-03T23:56:36.897Z,2026-05-03 19:56:36.897,102620,48,3819,-56,69
2026-05-03T23:56:36.937Z,2026-05-03 19:56:36.937,102620,49,3823,-40,79
2026-05-03T23:56:36.977Z,2026-05-03 19:56:36.977,102620,50,3815,-47,77
2026-05-03T23:56:37.017Z,2026-05-03 19:56:37.017,102620,51,3813,-42,62
2026-05-03T23:56:37.057Z,2026-05-03 19:56:37.057,102620,52,3800,-43,76
2026-05-03T23:56:37.097Z,2026-05-03 19:56:37.097,102620,53,3814,-64,75
2026-05-03T23:56:37.137Z,2026-05-03 19:56:37.137,102620,54,3808,-51,69
2026-05-03T23:56:37.177Z,2026-05-03 19:56:37.177,102620,55,3821,-57,81
2026-05-03T23:56:37.217Z,2026-05-03 19:56:37.217,102620,56,3813,-60,76
2026-05-03T23:56:37.257Z,2026-05-03 19:56:37.257,102620,57,3812,-55,70
2026-05-03T23:56:37.297Z,2026-05-03 19:56:37.297,102620,58,3809,-43,77
2026-05-03T23:56:37.337Z,2026-05-03 19:56:37.337,102620,59,3818,-54,73
2026-05-03T23:56:37.377Z,2026-05-03 19:56:37.377,102620,60,3820,-57,72
2026-05-03T23:56:37.417Z,2026-05-03 19:56:37.417,102620,61,3810,-48,66
2026-05-03T23:56:37.457Z,2026-05-03 19:56:37.457,102620,62,3802,-55,72
2026-05-03T23:56:37.497Z,2026-05-03 19:56:37.497,102620,63,3808,-43,71
2026-05-03T23:56:37.537Z,2026-05-03 19:56:37.537,102620,64,3812,-60,68
2026-05-03T23:56:37.577Z,2026-05-03 19:56:37.577,102620,65,3808,-50,75
2026-05-03T23:56:37.617Z,2026-05-03 19:56:37.617,102620,66,3807,-57,89
2026-05-03T23:56:37.657Z,2026-05-03 19:56:37.657,102620,67,3830,-50,72
2026-05-03T23:56:37.697Z,2026-05-03 19:56:37.697,102620,68,3816,-53,63
2026-05-03T23:56:37.737Z,2026-05-03 19:56:37.737,102620,69,3810,-51,66
2026-05-03T23:56:37.777Z,2026-05-03 19:56:37.777,102620,70,3803,-64,70
2026-05-03T23:56:37.817Z,2026-05-03 19:56:37.817,102620,71,3809,-52,71
2026-05-03T23:56:37.857Z,2026-05-03 19:56:37.857,102620,72,3801,-54,72
2026-05-03T23:56:37.897Z,2026-05-03 19:56:37.897,102620,73,3814,-44,68
2026-05-03T23:56:37.937Z,2026-05-03 19:56:37.937,102620,74,3800,-47,76
2026-05-03T23:56:37.977Z,2026-05-03 19:56:37.977,102620,75,3812,-65,71
2026-05-03T23:56:38.017Z,2026-05-03 19:56:38.017,102620,76,3805,-53,70
2026-05-03T23:56:38.057Z,2026-05-03 19:56:38.057,102620,77,3812,-61,79
2026-05-03T23:56:38.097Z,2026-05-03 19:56:38.097,102620,78,3820,-53,76
2026-05-03T23:56:38.137Z,2026-05-03 19:56:38.137,102620,79,3817,-50,76
2026-05-03T23:56:38.177Z,2026-05-03 19:56:38.177,102620,80,3816,-55,89
2026-05-03T23:56:38.217Z,2026-05-03 19:56:38.217,102620,81,3819,-41,82
2026-05-03T23:56:38.257Z,2026-05-03 19:56:38.257,102620,82,3823,-50,69
2026-05-03T23:56:38.297Z,2026-05-03 19:56:38.297,102620,83,3833,-53,64
2026-05-03T23:56:38.337Z,2026-05-03 19:56:38.337,102620,84,3822,-59,73
2026-05-03T23:56:38.377Z,2026-05-03 19:56:38.377,102620,85,3814,-49,70
2026-05-03T23:56:38.417Z,2026-05-03 19:56:38.417,102620,86,3810,-43,72
2026-05-03T23:56:38.457Z,2026-05-03 19:56:38.457,102620,87,3812,-52,85
2026-05-03T23:56:38.497Z,2026-05-03 19:56:38.497,102620,88,3820,-39,71
2026-05-03T23:56:38.537Z,2026-05-03 19:56:38.537,102620,89,3802,-48,75
2026-05-03T23:56:38.577Z,2026-05-03 19:56:38.577,102620,90,3811,-43,70
2026-05-03T23:56:38.617Z,2026-05-03 19:56:38.617,102620,91,3817,-49,73
2026-05-03T23:56:38.657Z,2026-05-03 19:56:38.657,102620,92,3830,-55,75
2026-05-03T23:56:38.697Z,2026-05-03 19:56:38.697,102620,93,3814,-50,67
2026-05-03T23:56:38.737Z,2026-05-03 19:56:38.737,102620,94,3831,-53,72
2026-05-03T23:56:38.777Z,2026-05-03 19:56:38.777,102620,95,3800,-54,77
2026-05-03T23:56:38.817Z,2026-05-03 19:56:38.817,102620,96,3820,-50,65
2026-05-03T23:56:38.857Z,2026-05-03 19:56:38.857,102620,97,3825,-58,74
2026-05-03T23:56:38.897Z,2026-05-03 19:56:38.897,102620,98,3812,-43,76
2026-05-03T23:56:38.937Z,2026-05-03 19:56:38.937,102620,99,3816,-60,65
2026-05-03T23:56:38.977Z,2026-05-03 19:56:38.977,102620,100,3809,-52,73
2026-05-03T23:56:39.017Z,2026-05-03 19:56:39.017,102621,1,3809,-40,75
2026-05-03T23:56:39.057Z,2026-05-03 19:56:39.057,102621,2,3814,-64,83
2026-05-03T23:56:39.097Z,2026-05-03 19:56:39.097,102621,3,3801,-45,76
2026-05-03T23:56:39.137Z,2026-05-03 19:56:39.137,102621,4,3801,-69,71
2026-05-03T23:56:39.177Z,2026-05-03 19:56:39.177,102621,5,3829,-54,67
2026-05-03T23:56:39.217Z,2026-05-03 19:56:39.217,102621,6,3812,-61,73
2026-05-03T23:56:39.257Z,2026-05-03 19:56:39.257,102621,7,3820,-43,79
2026-05-03T23:56:39.297Z,2026-05-03 19:56:39.297,102621,8,3815,-52,67
2026-05-03T23:56:39.337Z,2026-05-03 19:56:39.337,102621,9,3822,-56,79
2026-05-03T23:56:39.377Z,2026-05-03 19:56:39.377,102621,10,3816,-48,72
2026-05-03T23:56:39.417Z,2026-05-03 19:56:39.417,102621,11,3814,-53,65
2026-05-03T23:56:39.457Z,2026-05-03 19:56:39.457,102621,12,3818,-39,76
2026-05-03T23:56:39.497Z,2026-05-03 19:56:39.497,102621,13,3822,-47,74
2026-05-03T23:56:39.537Z,2026-05-03 19:56:39.537,102621,14,3813,-45,65
2026-05-03T23:56:39.577Z,2026-05-03 19:56:39.577,102621,15,3822,-52,71
2026-05-03T23:56:39.617Z,2026-05-03 19:56:39.617,102621,16,3817,-56,84
2026-05-03T23:56:39.657Z,2026-05-03 19:56:39.657,102621,17,3816,-57,76
2026-05-03T23:56:39.697Z,2026-05-03 19:56:39.697,102621,18,3811,-47,81
2026-05-03T23:56:39.737Z,2026-05-03 19:56:39.737,102621,19,3825,-53,71
2026-05-03T23:56:39.777Z,2026-05-03 19:56:39.777,102621,20,3808,-56,86
2026-05-03T23:56:39.817Z,2026-05-03 19:56:39.817,102621,21,3811,-60,71
2026-05-03T23:56:39.857Z,2026-05-03 19:56:39.857,102621,22,3815,-53,78
2026-05-03T23:56:39.897Z,2026-05-03 19:56:39.897,102621,23,3824,-61,69
2026-05-03T23:56:39.937Z,2026-05-03 19:56:39.937,102621,24,3799,-38,74
2026-05-03T23:56:39.977Z,2026-05-03 19:56:39.977,102621,25,3814,-54,82
2026-05-03T23:56:40.017Z,2026-05-03 19:56:40.017,102621,26,3805,-60,70
2026-05-03T23:56:40.057Z,2026-05-03 19:56:40.057,102621,27,3811,-49,57
2026-05-03T23:56:40.097Z,2026-05-03 19:56:40.097,102621,28,3806,-56,69
2026-05-03T23:56:40.137Z,2026-05-03 19:56:40.137,102621,29,3830,-43,70
2026-05-03T23:56:40.177Z,2026-05-03 19:56:40.177,102621,30,3801,-47,68
2026-05-03T23:56:40.217Z,2026-05-03 19:56:40.217,102621,31,3818,-44,66
2026-05-03T23:56:40.257Z,2026-05-03 19:56:40.257,102621,32,3805,-41,72
2026-05-03T23:56:40.297Z,2026-05-03 19:56:40.297,102621,33,3809,-56,58
2026-05-03T23:56:40.337Z,2026-05-03 19:56:40.337,102621,34,3794,-52,75
2026-05-03T23:56:40.377Z,2026-05-03 19:56:40.377,102621,35,3840,-51,81
2026-05-03T23:56:40.417Z,2026-05-03 19:56:40.417,102621,36,3832,-52,63
2026-05-03T23:56:40.457Z,2026-05-03 19:56:40.457,102621,37,3806,-54,72
2026-05-03T23:56:40.497Z,2026-05-03 19:56:40.497,102621,38,3813,-52,63
2026-05-03T23:56:40.537Z,2026-05-03 19:56:40.537,102621,39,3821,-55,68
2026-05-03T23:56:40.577Z,2026-05-03 19:56:40.577,102621,40,3819,-62,65
2026-05-03T23:56:40.617Z,2026-05-03 19:56:40.617,102621,41,3815,-57,70
2026-05-03T23:56:40.657Z,2026-05-03 19:56:40.657,102621,42,3827,-60,71
2026-05-03T23:56:40.697Z,2026-05-03 19:56:40.697,102621,43,3814,-60,72
2026-05-03T23:56:40.737Z,2026-05-03 19:56:40.737,102621,44,3815,-61,75
2026-05-03T23:56:40.777Z,2026-05-03 19:56:40.777,102621,45,3821,-60,69
2026-05-03T23:56:40.817Z,2026-05-03 19:56:40.817,102621,46,3814,-49,71
2026-05-03T23:56:40.857Z,2026-05-03 19:56:40.857,102621,47,3813,-46,79
2026-05-03T23:56:40.897Z,2026-05-03 19:56:40.897,102621,48,3813,-45,73
2026-05-03T23:56:40.937Z,2026-05-03 19:56:40.937,102621,49,3805,-52,76
2026-05-03T23:56:40.977Z,2026-05-03 19:56:40.977,102621,50,3809,-56,74
2026-05-03T23:56:41.017Z,2026-05-03 19:56:41.017,102621,51,3810,-49,81
2026-05-03T23:56:41.057Z,2026-05-03 19:56:41.057,102621,52,3825,-65,78
2026-05-03T23:56:41.097Z,2026-05-03 19:56:41.097,102621,53,3812,-55,87
2026-05-03T23:56:41.137Z,2026-05-03 19:56:41.137,102621,54,3827,-50,70
2026-05-03T23:56:41.177Z,2026-05-03 19:56:41.177,102621,55,3819,-51,60
2026-05-03T23:56:41.217Z,2026-05-03 19:56:41.217,102621,56,3811,-59,68
2026-05-03T23:56:41.257Z,2026-05-03 19:56:41.257,102621,57,3812,-53,70
2026-05-03T23:56:41.297Z,2026-05-03 19:56:41.297,102621,58,3823,-58,71
2026-05-03T23:56:41.337Z,2026-05-03 19:56:41.337,102621,59,3808,-55,62
2026-05-03T23:56:41.377Z,2026-05-03 19:56:41.377,102621,60,3818,-43,74
2026-05-03T23:56:41.417Z,2026-05-03 19:56:41.417,102621,61,3826,-50,75
2026-05-03T23:56:41.457Z,2026-05-03 19:56:41.457,102621,62,3811,-48,79
2026-05-03T23:56:41.497Z,2026-05-03 19:56:41.497,102621,63,3822,-53,79
2026-05-03T23:56:41.537Z,2026-05-03 19:56:41.537,102621,64,3814,-39,85
2026-05-03T23:56:41.577Z,2026-05-03 19:56:41.577,102621,65,3814,-33,77
2026-05-03T23:56:41.617Z,2026-05-03 19:56:41.617,102621,66,3810,-47,69
2026-05-03T23:56:41.657Z,2026-05-03 19:56:41.657,102621,67,3817,-40,65
2026-05-03T23:56:41.697Z,2026-05-03 19:56:41.697,102621,68,3811,-47,79
2026-05-03T23:56:41.737Z,2026-05-03 19:56:41.737,102621,69,3820,-61,80
2026-05-03T23:56:41.777Z,2026-05-03 19:56:41.777,102621,70,3803,-57,74
2026-05-03T23:56:41.817Z,2026-05-03 19:56:41.817,102621,71,3803,-65,66
2026-05-03T23:56:41.857Z,2026-05-03 19:56:41.857,102621,72,3804,-55,72
2026-05-03T23:56:41.897Z,2026-05-03 19:56:41.897,102621,73,3812,-51,81
2026-05-03T23:56:41.937Z,2026-05-03 19:56:41.937,102621,74,3814,-54,68
2026-05-03T23:56:41.977Z,2026-05-03 19:56:41.977,102621,75,3797,-53,69
2026-05-03T23:56:42.017Z,2026-05-03 19:56:42.017,102621,76,3819,-46,75
2026-05-03T23:56:42.057Z,2026-05-03 19:56:42.057,102621,77,3803,-58,75
2026-05-03T23:56:42.097Z,2026-05-03 19:56:42.097,102621,78,3801,-63,73
2026-05-03T23:56:42.137Z,2026-05-03 19:56:42.137,102621,79,3828,-43,74
2026-05-03T23:56:42.177Z,2026-05-03 19:56:42.177,102621,80,3816,-52,78
2026-05-03T23:56:42.217Z,2026-05-03 19:56:42.217,102621,81,3815,-52,68
2026-05-03T23:56:42.257Z,2026-05-03 19:56:42.257,102621,82,3815,-49,71
2026-05-03T23:56:42.297Z,2026-05-03 19:56:42.297,102621,83,3825,-59,67
2026-05-03T23:56:42.337Z,2026-05-03 19:56:42.337,102621,84,3820,-58,70
2026-05-03T23:56:42.377Z,2026-05-03 19:56:42.377,102621,85,3816,-53,73
2026-05-03T23:56:42.417Z,2026-05-03 19:56:42.417,102621,86,3815,-56,84
2026-05-03T23:56:42.457Z,2026-05-03 19:56:42.457,102621,87,3823,-55,82
2026-05-03T23:56:42.497Z,2026-05-03 19:56:42.497,102621,88,3804,-52,82
2026-05-03T23:56:42.537Z,2026-05-03 19:56:42.537,102621,89,3812,-52,70
2026-05-03T23:56:42.577Z,2026-05-03 19:56:42.577,102621,90,3808,-60,74
2026-05-03T23:56:42.617Z,2026-05-03 19:56:42.617,102621,91,3801,-43,68
2026-05-03T23:56:42.657Z,2026-05-03 19:56:42.657,102621,92,3816,-41,76
2026-05-03T23:56:42.697Z,2026-05-03 19:56:42.697,102621,93,3813,-46,75
2026-05-03T23:56:42.737Z,2026-05-03 19:56:42.737,102621,94,3803,-62,78
2026-05-03T23:56:42.777Z,2026-05-03 19:56:42.777,102621,95,3802,-58,68
2026-05-03T23:56:42.817Z,2026-05-03 19:56:42.817,102621,96,3817,-58,76
2026-05-03T23:56:42.857Z,2026-05-03 19:56:42.857,102621,97,3802,-46,79
2026-05-03T23:56:42.897Z,2026-05-03 19:56:42.897,102621,98,3816,-49,69
2026-05-03T23:56:42.937Z,2026-05-03 19:56:42.937,102621,99,3821,-47,75
2026-05-03T23:56:42.977Z,2026-05-03 19:56:42.977,102621,100,3808,-49,58
2026-05-03T23:56:43.017Z,2026-05-03 19:56:43.017,102622,1,3812,-54,80
2026-05-03T23:56:43.057Z,2026-05-03 19:56:43.057,102622,2,3818,-49,72
2026-05-03T23:56:43.097Z,2026-05-03 19:56:43.097,102622,3,3817,-56,77
2026-05-03T23:56:43.137Z,2026-05-03 19:56:43.137,102622,4,3820,-55,78
2026-05-03T23:56:43.177Z,2026-05-03 19:56:43.177,102622,5,3807,-50,72
2026-05-03T23:56:43.217Z,2026-05-03 19:56:43.217,102622,6,3804,-53,67
2026-05-03T23:56:43.257Z,2026-05-03 19:56:43.257,102622,7,3808,-60,88
2026-05-03T23:56:43.297Z,2026-05-03 19:56:43.297,102622,8,3799,-39,73
2026-05-03T23:56:43.337Z,2026-05-03 19:56:43.337,102622,9,3818,-47,83
2026-05-03T23:56:43.377Z,2026-05-03 19:56:43.377,102622,10,3823,-47,85
2026-05-03T23:56:43.417Z,2026-05-03 19:56:43.417,102622,11,3808,-47,72
2026-05-03T23:56:43.457Z,2026-05-03 19:56:43.457,102622,12,3825,-55,62
2026-05-03T23:56:43.497Z,2026-05-03 19:56:43.497,102622,13,3808,-52,68
2026-05-03T23:56:43.537Z,2026-05-03 19:56:43.537,102622,14,3804,-46,76
2026-05-03T23:56:43.577Z,2026-05-03 19:56:43.577,102622,15,3807,-45,68
2026-05-03T23:56:43.617Z,2026-05-03 19:56:43.617,102622,16,3815,-56,76
2026-05-03T23:56:43.657Z,2026-05-03 19:56:43.657,102622,17,3833,-53,85
2026-05-03T23:56:43.697Z,2026-05-03 19:56:43.697,102622,18,3800,-50,77
2026-05-03T23:56:43.737Z,2026-05-03 19:56:43.737,102622,19,3811,-56,88
2026-05-03T23:56:43.777Z,2026-05-03 19:56:43.777,102622,20,3817,-48,66
2026-05-03T23:56:43.817Z,2026-05-03 19:56:43.817,102622,21,3803,-66,89
2026-05-03T23:56:43.857Z,2026-05-03 19:56:43.857,102622,22,3806,-51,70
2026-05-03T23:56:43.897Z,2026-05-03 19:56:43.897,102622,23,3813,-42,70
2026-05-03T23:56:43.937Z,2026-05-03 19:56:43.937,102622,24,3817,-56,79
2026-05-03T23:56:43.977Z,2026-05-03 19:56:43.977,102622,25,3824,-59,76
2026-05-03T23:56:44.017Z,2026-05-03 19:56:44.017,102622,26,3814,-57,76
2026-05-03T23:56:44.057Z,2026-05-03 19:56:44.057,102622,27,3815,-37,69
2026-05-03T23:56:44.097Z,2026-05-03 19:56:44.097,102622,28,3815,-63,73
2026-05-03T23:56:44.137Z,2026-05-03 19:56:44.137,102622,29,3805,-55,80
2026-05-03T23:56:44.177Z,2026-05-03 19:56:44.177,102622,30,3815,-63,75
2026-05-03T23:56:44.217Z,2026-05-03 19:56:44.217,102622,31,3806,-51,87
2026-05-03T23:56:44.257Z,2026-05-03 19:56:44.257,102622,32,3819,-45,75
2026-05-03T23:56:44.297Z,2026-05-03 19:56:44.297,102622,33,3815,-54,76
2026-05-03T23:56:44.337Z,2026-05-03 19:56:44.337,102622,34,3809,-54,74
2026-05-03T23:56:44.377Z,2026-05-03 19:56:44.377,102622,35,3817,-56,69
2026-05-03T23:56:44.417Z,2026-05-03 19:56:44.417,102622,36,3801,-52,68
2026-05-03T23:56:44.457Z,2026-05-03 19:56:44.457,102622,37,3819,-59,70
2026-05-03T23:56:44.497Z,2026-05-03 19:56:44.497,102622,38,3806,-54,68
2026-05-03T23:56:44.537Z,2026-05-03 19:56:44.537,102622,39,3811,-57,74
2026-05-03T23:56:44.577Z,2026-05-03 19:56:44.577,102622,40,3810,-49,72
2026-05-03T23:56:44.617Z,2026-05-03 19:56:44.617,102622,41,3810,-63,67
2026-05-03T23:56:44.657Z,2026-05-03 19:56:44.657,102622,42,3825,-35,78
2026-05-03T23:56:44.697Z,2026-05-03 19:56:44.697,102622,43,3817,-46,73
2026-05-03T23:56:44.737Z,2026-05-03 19:56:44.737,102622,44,3806,-46,60
2026-05-03T23:56:44.777Z,2026-05-03 19:56:44.777,102622,45,3816,-46,65
2026-05-03T23:56:44.817Z,2026-05-03 19:56:44.817,102622,46,3815,-57,77
2026-05-03T23:56:44.857Z,2026-05-03 19:56:44.857,102622,47,3825,-57,82
2026-05-03T23:56:44.897Z,2026-05-03 19:56:44.897,102622,48,3810,-50,65
2026-05-03T23:56:44.937Z,2026-05-03 19:56:44.937,102622,49,3815,-71,83
2026-05-03T23:56:44.977Z,2026-05-03 19:56:44.977,102622,50,3812,-54,68
2026-05-03T23:56:45.017Z,2026-05-03 19:56:45.017,102622,51,3819,-52,73
2026-05-03T23:56:45.057Z,2026-05-03 19:56:45.057,102622,52,3824,-60,86
2026-05-03T23:56:45.097Z,2026-05-03 19:56:45.097,102622,53,3818,-50,73
2026-05-03T23:56:45.137Z,2026-05-03 19:56:45.137,102622,54,3818,-56,75
2026-05-03T23:56:45.177Z,2026-05-03 19:56:45.177,102622,55,3821,-42,62
2026-05-03T23:56:45.217Z,2026-05-03 19:56:45.217,102622,56,3823,-44,80
2026-05-03T23:56:45.257Z,2026-05-03 19:56:45.257,102622,57,3818,-47,77
2026-05-03T23:56:45.297Z,2026-05-03 19:56:45.297,102622,58,3816,-50,70
2026-05-03T23:56:45.337Z,2026-05-03 19:56:45.337,102622,59,3814,-50,79
2026-05-03T23:56:45.377Z,2026-05-03 19:56:45.377,102622,60,3814,-56,67
2026-05-03T23:56:45.417Z,2026-05-03 19:56:45.417,102622,61,3822,-51,72
2026-05-03T23:56:45.457Z,2026-05-03 19:56:45.457,102622,62,3813,-49,82
2026-05-03T23:56:45.497Z,2026-05-03 19:56:45.497,102622,63,3811,-37,60
2026-05-03T23:56:45.537Z,2026-05-03 19:56:45.537,102622,64,3821,-54,72
2026-05-03T23:56:45.577Z,2026-05-03 19:56:45.577,102622,65,3808,-54,75
2026-05-03T23:56:45.617Z,2026-05-03 19:56:45.617,102622,66,3813,-56,67
2026-05-03T23:56:45.657Z,2026-05-03 19:56:45.657,102622,67,3816,-45,81
2026-05-03T23:56:45.697Z,2026-05-03 19:56:45.697,102622,68,3807,-44,71
2026-05-03T23:56:45.737Z,2026-05-03 19:56:45.737,102622,69,3804,-50,83
2026-05-03T23:56:45.777Z,2026-05-03 19:56:45.777,102622,70,3817,-47,78
2026-05-03T23:56:45.817Z,2026-05-03 19:56:45.817,102622,71,3814,-54,67
2026-05-03T23:56:45.857Z,2026-05-03 19:56:45.857,102622,72,3835,-61,83
2026-05-03T23:56:45.897Z,2026-05-03 19:56:45.897,102622,73,3805,-51,78
2026-05-03T23:56:45.937Z,2026-05-03 19:56:45.937,102622,74,3807,-45,75
2026-05-03T23:56:45.977Z,2026-05-03 19:56:45.977,102622,75,3821,-62,79
2026-05-03T23:56:46.017Z,2026-05-03 19:56:46.017,102622,76,3813,-54,79
2026-05-03T23:56:46.057Z,2026-05-03 19:56:46.057,102622,77,3824,-54,71
2026-05-03T23:56:46.097Z,2026-05-03 19:56:46.097,102622,78,3818,-56,64
2026-05-03T23:56:46.137Z,2026-05-03 19:56:46.137,102622,79,3817,-50,77
2026-05-03T23:56:46.177Z,2026-05-03 19:56:46.177,102622,80,3822,-62,72
2026-05-03T23:56:46.217Z,2026-05-03 19:56:46.217,102622,81,3807,-45,75
2026-05-03T23:56:46.257Z,2026-05-03 19:56:46.257,102622,82,3824,-45,67
2026-05-03T23:56:46.297Z,2026-05-03 19:56:46.297,102622,83,3814,-58,73
2026-05-03T23:56:46.337Z,2026-05-03 19:56:46.337,102622,84,3814,-52,80
2026-05-03T23:56:46.377Z,2026-05-03 19:56:46.377,102622,85,3814,-45,79
2026-05-03T23:56:46.417Z,2026-05-03 19:56:46.417,102622,86,3815,-50,78
2026-05-03T23:56:46.457Z,2026-05-03 19:56:46.457,102622,87,3810,-54,82
2026-05-03T23:56:46.497Z,2026-05-03 19:56:46.497,102622,88,3806,-61,64
2026-05-03T23:56:46.537Z,2026-05-03 19:56:46.537,102622,89,3815,-52,71
2026-05-03T23:56:46.577Z,2026-05-03 19:56:46.577,102622,90,3813,-48,72
2026-05-03T23:56:46.617Z,2026-05-03 19:56:46.617,102622,91,3809,-39,74
2026-05-03T23:56:46.657Z,2026-05-03 19:56:46.657,102622,92,3813,-47,62
2026-05-03T23:56:46.697Z,2026-05-03 19:56:46.697,102622,93,3813,-52,70
2026-05-03T23:56:46.737Z,2026-05-03 19:56:46.737,102622,94,3815,-47,79
2026-05-03T23:56:46.777Z,2026-05-03 19:56:46.777,102622,95,3819,-49,79
2026-05-03T23:56:46.817Z,2026-05-03 19:56:46.817,102622,96,3821,-47,78
2026-05-03T23:56:46.857Z,2026-05-03 19:56:46.857,102622,97,3822,-52,85
2026-05-03T23:56:46.897Z,2026-05-03 19:56:46.897,102622,98,3824,-44,73
2026-05-03T23:56:46.937Z,2026-05-03 19:56:46.937,102622,99,3834,-45,68
2026-05-03T23:56:46.977Z,2026-05-03 19:56:46.977,102622,100,3822,-54,62
2026-05-03T23:56:47.017Z,2026-05-03 19:56:47.017,102623,1,3821,-58,74
2026-05-03T23:56:47.057Z,2026-05-03 19:56:47.057,102623,2,3812,-54,71
2026-05-03T23:56:47.097Z,2026-05-03 19:56:47.097,102623,3,3809,-52,67
2026-05-03T23:56:47.137Z,2026-05-03 19:56:47.137,102623,4,3819,-48,73
2026-05-03T23:56:47.177Z,2026-05-03 19:56:47.177,102623,5,3821,-57,79
2026-05-03T23:56:47.217Z,2026-05-03 19:56:47.217,102623,6,3813,-56,70
2026-05-03T23:56:47.257Z,2026-05-03 19:56:47.257,102623,7,3828,-49,82
2026-05-03T23:56:47.297Z,2026-05-03 19:56:47.297,102623,8,3810,-58,71
2026-05-03T23:56:47.337Z,2026-05-03 19:56:47.337,102623,9,3834,-45,73
2026-05-03T23:56:47.377Z,2026-05-03 19:56:47.377,102623,10,3815,-51,85
2026-05-03T23:56:47.417Z,2026-05-03 19:56:47.417,102623,11,3815,-52,74
2026-05-03T23:56:47.457Z,2026-05-03 19:56:47.457,102623,12,3816,-47,68
2026-05-03T23:56:47.497Z,2026-05-03 19:56:47.497,102623,13,3805,-59,73
2026-05-03T23:56:47.537Z,2026-05-03 19:56:47.537,102623,14,3814,-46,65
2026-05-03T23:56:47.577Z,2026-05-03 19:56:47.577,102623,15,3808,-55,82
2026-05-03T23:56:47.617Z,2026-05-03 19:56:47.617,102623,16,3804,-48,64
2026-05-03T23:56:47.657Z,2026-05-03 19:56:47.657,102623,17,3812,-49,68
2026-05-03T23:56:47.697Z,2026-05-03 19:56:47.697,102623,18,3832,-55,83
2026-05-03T23:56:47.737Z,2026-05-03 19:56:47.737,102623,19,3806,-56,72
2026-05-03T23:56:47.777Z,2026-05-03 19:56:47.777,102623,20,3806,-48,77
2026-05-03T23:56:47.817Z,2026-05-03 19:56:47.817,102623,21,3817,-53,75
2026-05-03T23:56:47.857Z,2026-05-03 19:56:47.857,102623,22,3810,-60,70
2026-05-03T23:56:47.897Z,2026-05-03 19:56:47.897,102623,23,3816,-61,69
2026-05-03T23:56:47.937Z,2026-05-03 19:56:47.937,102623,24,3816,-55,72
2026-05-03T23:56:47.977Z,2026-05-03 19:56:47.977,102623,25,3819,-52,72
2026-05-03T23:56:48.017Z,2026-05-03 19:56:48.017,102623,26,3813,-44,77
2026-05-03T23:56:48.057Z,2026-05-03 19:56:48.057,102623,27,3819,-60,84
2026-05-03T23:56:48.097Z,2026-05-03 19:56:48.097,102623,28,3824,-52,70
2026-05-03T23:56:48.137Z,2026-05-03 19:56:48.137,102623,29,3812,-47,80
2026-05-03T23:56:48.177Z,2026-05-03 19:56:48.177,102623,30,3808,-49,73
2026-05-03T23:56:48.217Z,2026-05-03 19:56:48.217,102623,31,3821,-45,74
2026-05-03T23:56:48.257Z,2026-05-03 19:56:48.257,102623,32,3824,-39,75
2026-05-03T23:56:48.297Z,2026-05-03 19:56:48.297,102623,33,3818,-49,76
2026-05-03T23:56:48.337Z,2026-05-03 19:56:48.337,102623,34,3809,-64,66
2026-05-03T23:56:48.377Z,2026-05-03 19:56:48.377,102623,35,3806,-59,71
2026-05-03T23:56:48.417Z,2026-05-03 19:56:48.417,102623,36,3819,-45,80
2026-05-03T23:56:48.457Z,2026-05-03 19:56:48.457,102623,37,3817,-58,75
2026-05-03T23:56:48.497Z,2026-05-03 19:56:48.497,102623,38,3807,-67,74
2026-05-03T23:56:48.537Z,2026-05-03 19:56:48.537,102623,39,3822,-53,75
2026-05-03T23:56:48.577Z,2026-05-03 19:56:48.577,102623,40,3806,-61,78
2026-05-03T23:56:48.617Z,2026-05-03 19:56:48.617,102623,41,3806,-53,76
2026-05-03T23:56:48.657Z,2026-05-03 19:56:48.657,102623,42,3808,-52,79
2026-05-03T23:56:48.697Z,2026-05-03 19:56:48.697,102623,43,3810,-45,63
2026-05-03T23:56:48.737Z,2026-05-03 19:56:48.737,102623,44,3796,-50,79
2026-05-03T23:56:48.777Z,2026-05-03 19:56:48.777,102623,45,3811,-51,80
2026-05-03T23:56:48.817Z,2026-05-03 19:56:48.817,102623,46,3811,-47,77
2026-05-03T23:56:48.857Z,2026-05-03 19:56:48.857,102623,47,3810,-55,71
2026-05-03T23:56:48.897Z,2026-05-03 19:56:48.897,102623,48,3810,-58,65
2026-05-03T23:56:48.937Z,2026-05-03 19:56:48.937,102623,49,3793,-47,76
2026-05-03T23:56:48.977Z,2026-05-03 19:56:48.977,102623,50,3810,-64,81
2026-05-03T23:56:49.017Z,2026-05-03 19:56:49.017,102623,51,3828,-54,71
2026-05-03T23:56:49.057Z,2026-05-03 19:56:49.057,102623,52,3807,-66,78
2026-05-03T23:56:49.097Z,2026-05-03 19:56:49.097,102623,53,3818,-57,64
2026-05-03T23:56:49.137Z,2026-05-03 19:56:49.137,102623,54,3818,-48,73
2026-05-03T23:56:49.177Z,2026-05-03 19:56:49.177,102623,55,3799,-56,79
2026-05-03T23:56:49.217Z,2026-05-03 19:56:49.217,102623,56,3835,-58,63
2026-05-03T23:56:49.257Z,2026-05-03 19:56:49.257,102623,57,3808,-56,79
2026-05-03T23:56:49.297Z,2026-05-03 19:56:49.297,102623,58,3813,-47,62
2026-05-03T23:56:49.337Z,2026-05-03 19:56:49.337,102623,59,3811,-47,79
2026-05-03T23:56:49.377Z,2026-05-03 19:56:49.377,102623,60,3833,-58,69
2026-05-03T23:56:49.417Z,2026-05-03 19:56:49.417,102623,61,3812,-53,67
2026-05-03T23:56:49.457Z,2026-05-03 19:56:49.457,102623,62,3812,-57,73
2026-05-03T23:56:49.497Z,2026-05-03 19:56:49.497,102623,63,3821,-50,81
2026-05-03T23:56:49.537Z,2026-05-03 19:56:49.537,102623,64,3810,-48,83
2026-05-03T23:56:49.577Z,2026-05-03 19:56:49.577,102623,65,3816,-48,70
2026-05-03T23:56:49.617Z,2026-05-03 19:56:49.617,102623,66,3802,-55,69
2026-05-03T23:56:49.657Z,2026-05-03 19:56:49.657,102623,67,3804,-49,70
2026-05-03T23:56:49.697Z,2026-05-03 19:56:49.697,102623,68,3824,-55,76
2026-05-03T23:56:49.737Z,2026-05-03 19:56:49.737,102623,69,3803,-51,77
2026-05-03T23:56:49.777Z,2026-05-03 19:56:49.777,102623,70,3812,-52,71
2026-05-03T23:56:49.817Z,2026-05-03 19:56:49.817,102623,71,3825,-56,76
2026-05-03T23:56:49.857Z,2026-05-03 19:56:49.857,102623,72,3814,-41,70
2026-05-03T23:56:49.897Z,2026-05-03 19:56:49.897,102623,73,3809,-43,79
2026-05-03T23:56:49.937Z,2026-05-03 19:56:49.937,102623,74,3829,-47,73
2026-05-03T23:56:49.977Z,2026-05-03 19:56:49.977,102623,75,3816,-52,78
2026-05-03T23:56:50.017Z,2026-05-03 19:56:50.017,102623,76,3809,-34,63
2026-05-03T23:56:50.057Z,2026-05-03 19:56:50.057,102623,77,3813,-53,72
2026-05-03T23:56:50.097Z,2026-05-03 19:56:50.097,102623,78,3818,-57,79
2026-05-03T23:56:50.137Z,2026-05-03 19:56:50.137,102623,79,3813,-58,76
2026-05-03T23:56:50.177Z,2026-05-03 19:56:50.177,102623,80,3818,-70,84
2026-05-03T23:56:50.217Z,2026-05-03 19:56:50.217,102623,81,3817,-44,80
2026-05-03T23:56:50.257Z,2026-05-03 19:56:50.257,102623,82,3807,-41,75
2026-05-03T23:56:50.297Z,2026-05-03 19:56:50.297,102623,83,3808,-54,77
2026-05-03T23:56:50.337Z,2026-05-03 19:56:50.337,102623,84,3826,-45,74
2026-05-03T23:56:50.377Z,2026-05-03 19:56:50.377,102623,85,3817,-55,66
2026-05-03T23:56:50.417Z,2026-05-03 19:56:50.417,102623,86,3816,-48,78
2026-05-03T23:56:50.457Z,2026-05-03 19:56:50.457,102623,87,3813,-53,70
2026-05-03T23:56:50.497Z,2026-05-03 19:56:50.497,102623,88,3813,-52,70
2026-05-03T23:56:50.537Z,2026-05-03 19:56:50.537,102623,89,3810,-56,63
2026-05-03T23:56:50.577Z,2026-05-03 19:56:50.577,102623,90,3812,-45,73
2026-05-03T23:56:50.617Z,2026-05-03 19:56:50.617,102623,91,3820,-58,89
2026-05-03T23:56:50.657Z,2026-05-03 19:56:50.657,102623,92,3814,-50,68
2026-05-03T23:56:50.697Z,2026-05-03 19:56:50.697,102623,93,3825,-46,77
2026-05-03T23:56:50.737Z,2026-05-03 19:56:50.737,102623,94,3815,-57,70
2026-05-03T23:56:50.777Z,2026-05-03 19:56:50.777,102623,95,3827,-54,73
2026-05-03T23:56:50.817Z,2026-05-03 19:56:50.817,102623,96,3827,-53,68
2026-05-03T23:56:50.857Z,2026-05-03 19:56:50.857,102623,97,3823,-48,75
2026-05-03T23:56:50.897Z,2026-05-03 19:56:50.897,102623,98,3804,-46,64
2026-05-03T23:56:50.937Z,2026-05-03 19:56:50.937,102623,99,3819,-39,65
2026-05-03T23:56:50.977Z,2026-05-03 19:56:50.977,102623,100,3827,-50,83
2026-05-03T23:56:51.017Z,2026-05-03 19:56:51.017,102624,1,3812,-47,75
2026-05-03T23:56:51.057Z,2026-05-03 19:56:51.057,102624,2,3813,-54,69
2026-05-03T23:56:51.097Z,2026-05-03 19:56:51.097,102624,3,3823,-61,73
2026-05-03T23:56:51.137Z,2026-05-03 19:56:51.137,102624,4,3819,-48,64
2026-05-03T23:56:51.177Z,2026-05-03 19:56:51.177,102624,5,3831,-52,70
2026-05-03T23:56:51.217Z,2026-05-03 19:56:51.217,102624,6,3816,-47,73
2026-05-03T23:56:51.257Z,2026-05-03 19:56:51.257,102624,7,3817,-55,76
2026-05-03T23:56:51.297Z,2026-05-03 19:56:51.297,102624,8,3810,-53,77
2026-05-03T23:56:51.337Z,2026-05-03 19:56:51.337,102624,9,3819,-48,76
2026-05-03T23:56:51.377Z,2026-05-03 19:56:51.377,102624,10,3819,-71,80
2026-05-03T23:56:51.417Z,2026-05-03 19:56:51.417,102624,11,3825,-55,70
2026-05-03T23:56:51.457Z,2026-05-03 19:56:51.457,102624,12,3810,-45,62
2026-05-03T23:56:51.497Z,2026-05-03 19:56:51.497,102624,13,3811,-66,83
2026-05-03T23:56:51.537Z,2026-05-03 19:56:51.537,102624,14,3818,-57,74
2026-05-03T23:56:51.577Z,2026-05-03 19:56:51.577,102624,15,3810,-53,74
2026-05-03T23:56:51.617Z,2026-05-03 19:56:51.617,102624,16,3820,-48,73
2026-05-03T23:56:51.657Z,2026-05-03 19:56:51.657,102624,17,3809,-56,75
2026-05-03T23:56:51.697Z,2026-05-03 19:56:51.697,102624,18,3816,-43,65
2026-05-03T23:56:51.737Z,2026-05-03 19:56:51.737,102624,19,3804,-55,69
2026-05-03T23:56:51.777Z,2026-05-03 19:56:51.777,102624,20,3828,-47,69
2026-05-03T23:56:51.817Z,2026-05-03 19:56:51.817,102624,21,3824,-41,71
2026-05-03T23:56:51.857Z,2026-05-03 19:56:51.857,102624,22,3817,-48,75
2026-05-03T23:56:51.897Z,2026-05-03 19:56:51.897,102624,23,3819,-61,77
2026-05-03T23:56:51.937Z,2026-05-03 19:56:51.937,102624,24,3830,-57,68
2026-05-03T23:56:51.977Z,2026-05-03 19:56:51.977,102624,25,3821,-65,82
2026-05-03T23:56:52.017Z,2026-05-03 19:56:52.017,102624,26,3813,-49,72
2026-05-03T23:56:52.057Z,2026-05-03 19:56:52.057,102624,27,3816,-51,74
2026-05-03T23:56:52.097Z,2026-05-03 19:56:52.097,102624,28,3814,-63,77
2026-05-03T23:56:52.137Z,2026-05-03 19:56:52.137,102624,29,3816,-62,64
2026-05-03T23:56:52.177Z,2026-05-03 19:56:52.177,102624,30,3813,-61,79
2026-05-03T23:56:52.217Z,2026-05-03 19:56:52.217,102624,31,3817,-62,77
2026-05-03T23:56:52.257Z,2026-05-03 19:56:52.257,102624,32,3811,-48,73
2026-05-03T23:56:52.297Z,2026-05-03 19:56:52.297,102624,33,3825,-67,77
2026-05-03T23:56:52.337Z,2026-05-03 19:56:52.337,102624,34,3816,-45,74
2026-05-03T23:56:52.377Z,2026-05-03 19:56:52.377,102624,35,3810,-56,76
2026-05-03T23:56:52.417Z,2026-05-03 19:56:52.417,102624,36,3825,-50,62
2026-05-03T23:56:52.457Z,2026-05-03 19:56:52.457,102624,37,3813,-57,67
2026-05-03T23:56:52.497Z,2026-05-03 19:56:52.497,102624,38,3807,-57,81
2026-05-03T23:56:52.537Z,2026-05-03 19:56:52.537,102624,39,3816,-60,80
2026-05-03T23:56:52.577Z,2026-05-03 19:56:52.577,102624,40,3810,-49,85
2026-05-03T23:56:52.617Z,2026-05-03 19:56:52.617,102624,41,3819,-60,74
2026-05-03T23:56:52.657Z,2026-05-03 19:56:52.657,102624,42,3813,-55,78
2026-05-03T23:56:52.697Z,2026-05-03 19:56:52.697,102624,43,3814,-58,82
2026-05-03T23:56:52.737Z,2026-05-03 19:56:52.737,102624,44,3810,-54,76
2026-05-03T23:56:52.777Z,2026-05-03 19:56:52.777,102624,45,3816,-42,62
2026-05-03T23:56:52.817Z,2026-05-03 19:56:52.817,102624,46,3829,-55,82
2026-05-03T23:56:52.857Z,2026-05-03 19:56:52.857,102624,47,3822,-51,76
2026-05-03T23:56:52.897Z,2026-05-03 19:56:52.897,102624,48,3805,-54,73
2026-05-03T23:56:52.937Z,2026-05-03 19:56:52.937,102624,49,3805,-50,88
2026-05-03T23:56:52.977Z,2026-05-03 19:56:52.977,102624,50,3806,-56,80
2026-05-03T23:56:53.017Z,2026-05-03 19:56:53.017,102624,51,3823,-54,80
2026-05-03T23:56:53.057Z,2026-05-03 19:56:53.057,102624,52,3810,-54,73
2026-05-03T23:56:53.097Z,2026-05-03 19:56:53.097,102624,53,3812,-53,61
2026-05-03T23:56:53.137Z,2026-05-03 19:56:53.137,102624,54,3801,-61,73
2026-05-03T23:56:53.177Z,2026-05-03 19:56:53.177,102624,55,3806,-47,80
2026-05-03T23:56:53.217Z,2026-05-03 19:56:53.217,102624,56,3812,-50,88
2026-05-03T23:56:53.257Z,2026-05-03 19:56:53.257,102624,57,3800,-39,78
2026-05-03T23:56:53.297Z,2026-05-03 19:56:53.297,102624,58,3803,-56,77
2026-05-03T23:56:53.337Z,2026-05-03 19:56:53.337,102624,59,3822,-49,80
2026-05-03T23:56:53.377Z,2026-05-03 19:56:53.377,102624,60,3817,-44,76
2026-05-03T23:56:53.417Z,2026-05-03 19:56:53.417,102624,61,3796,-57,81
2026-05-03T23:56:53.457Z,2026-05-03 19:56:53.457,102624,62,3814,-56,76
2026-05-03T23:56:53.497Z,2026-05-03 19:56:53.497,102624,63,3813,-47,55
2026-05-03T23:56:53.537Z,2026-05-03 19:56:53.537,102624,64,3816,-51,73
2026-05-03T23:56:53.577Z,2026-05-03 19:56:53.577,102624,65,3805,-59,81
2026-05-03T23:56:53.617Z,2026-05-03 19:56:53.617,102624,66,3810,-37,78
2026-05-03T23:56:53.657Z,2026-05-03 19:56:53.657,102624,67,3821,-49,80
2026-05-03T23:56:53.697Z,2026-05-03 19:56:53.697,102624,68,3826,-56,68
2026-05-03T23:56:53.737Z,2026-05-03 19:56:53.737,102624,69,3824,-62,66
2026-05-03T23:56:53.777Z,2026-05-03 19:56:53.777,102624,70,3817,-47,86
2026-05-03T23:56:53.817Z,2026-05-03 19:56:53.817,102624,71,3809,-56,72
2026-05-03T23:56:53.857Z,2026-05-03 19:56:53.857,102624,72,3803,-39,67
2026-05-03T23:56:53.897Z,2026-05-03 19:56:53.897,102624,73,3830,-40,67
2026-05-03T23:56:53.937Z,2026-05-03 19:56:53.937,102624,74,3819,-60,72
2026-05-03T23:56:53.977Z,2026-05-03 19:56:53.977,102624,75,3841,-50,72
2026-05-03T23:56:54.017Z,2026-05-03 19:56:54.017,102624,76,3815,-52,73
2026-05-03T23:56:54.057Z,2026-05-03 19:56:54.057,102624,77,3818,-39,72
2026-05-03T23:56:54.097Z,2026-05-03 19:56:54.097,102624,78,3819,-44,68
2026-05-03T23:56:54.137Z,2026-05-03 19:56:54.137,102624,79,3807,-56,75
2026-05-03T23:56:54.177Z,2026-05-03 19:56:54.177,102624,80,3808,-51,80
2026-05-03T23:56:54.217Z,2026-05-03 19:56:54.217,102624,81,3800,-47,84
2026-05-03T23:56:54.257Z,2026-05-03 19:56:54.257,102624,82,3819,-37,73
2026-05-03T23:56:54.297Z,2026-05-03 19:56:54.297,102624,83,3807,-43,71
2026-05-03T23:56:54.337Z,2026-05-03 19:56:54.337,102624,84,3815,-47,70
2026-05-03T23:56:54.377Z,2026-05-03 19:56:54.377,102624,85,3817,-61,87
2026-05-03T23:56:54.417Z,2026-05-03 19:56:54.417,102624,86,3828,-57,71
2026-05-03T23:56:54.457Z,2026-05-03 19:56:54.457,102624,87,3805,-47,81
2026-05-03T23:56:54.497Z,2026-05-03 19:56:54.497,102624,88,3807,-40,74
2026-05-03T23:56:54.537Z,2026-05-03 19:56:54.537,102624,89,3809,-58,78
2026-05-03T23:56:54.577Z,2026-05-03 19:56:54.577,102624,90,3815,-64,81
2026-05-03T23:56:54.617Z,2026-05-03 19:56:54.617,102624,91,3823,-58,64
2026-05-03T23:56:54.657Z,2026-05-03 19:56:54.657,102624,92,3807,-43,82
2026-05-03T23:56:54.697Z,2026-05-03 19:56:54.697,102624,93,3808,-60,92
2026-05-03T23:56:54.737Z,2026-05-03 19:56:54.737,102624,94,3795,-55,78
2026-05-03T23:56:54.777Z,2026-05-03 19:56:54.777,102624,95,3818,-57,72
2026-05-03T23:56:54.817Z,2026-05-03 19:56:54.817,102624,96,3812,-45,77
2026-05-03T23:56:54.857Z,2026-05-03 19:56:54.857,102624,97,3815,-47,68
2026-05-03T23:56:54.897Z,2026-05-03 19:56:54.897,102624,98,3811,-62,77
2026-05-03T23:56:54.937Z,2026-05-03 19:56:54.937,102624,99,3810,-60,76
2026-05-03T23:56:54.977Z,2026-05-03 19:56:54.977,102624,100,3814,-50,71
2026-05-03T23:56:55.017Z,2026-05-03 19:56:55.017,102625,1,3835,-57,73
2026-05-03T23:56:55.057Z,2026-05-03 19:56:55.057,102625,2,3815,-39,76
2026-05-03T23:56:55.097Z,2026-05-03 19:56:55.097,102625,3,3800,-60,69
2026-05-03T23:56:55.137Z,2026-05-03 19:56:55.137,102625,4,3815,-55,67
2026-05-03T23:56:55.177Z,2026-05-03 19:56:55.177,102625,5,3824,-44,78
2026-05-03T23:56:55.217Z,2026-05-03 19:56:55.217,102625,6,3803,-58,73
2026-05-03T23:56:55.257Z,2026-05-03 19:56:55.257,102625,7,3810,-58,76
2026-05-03T23:56:55.297Z,2026-05-03 19:56:55.297,102625,8,3800,-56,75
2026-05-03T23:56:55.337Z,2026-05-03 19:56:55.337,102625,9,3820,-54,77
2026-05-03T23:56:55.377Z,2026-05-03 19:56:55.377,102625,10,3821,-60,74
2026-05-03T23:56:55.417Z,2026-05-03 19:56:55.417,102625,11,3815,-48,70
2026-05-03T23:56:55.457Z,2026-05-03 19:56:55.457,102625,12,3824,-57,81
2026-05-03T23:56:55.497Z,2026-05-03 19:56:55.497,102625,13,3814,-58,78
2026-05-03T23:56:55.537Z,2026-05-03 19:56:55.537,102625,14,3806,-64,69
2026-05-03T23:56:55.577Z,2026-05-03 19:56:55.577,102625,15,3806,-52,73
2026-05-03T23:56:55.617Z,2026-05-03 19:56:55.617,102625,16,3832,-47,70
2026-05-03T23:56:55.657Z,2026-05-03 19:56:55.657,102625,17,3835,-53,76
2026-05-03T23:56:55.697Z,2026-05-03 19:56:55.697,102625,18,3813,-57,72
2026-05-03T23:56:55.737Z,2026-05-03 19:56:55.737,102625,19,3815,-48,64
2026-05-03T23:56:55.777Z,2026-05-03 19:56:55.777,102625,20,3814,-56,67
2026-05-03T23:56:55.817Z,2026-05-03 19:56:55.817,102625,21,3809,-52,77
2026-05-03T23:56:55.857Z,2026-05-03 19:56:55.857,102625,22,3814,-49,71
2026-05-03T23:56:55.897Z,2026-05-03 19:56:55.897,102625,23,3811,-50,73
2026-05-03T23:56:55.937Z,2026-05-03 19:56:55.937,102625,24,3818,-42,89
2026-05-03T23:56:55.977Z,2026-05-03 19:56:55.977,102625,25,3815,-51,76
2026-05-03T23:56:56.017Z,2026-05-03 19:56:56.017,102625,26,3800,-44,67
2026-05-03T23:56:56.057Z,2026-05-03 19:56:56.057,102625,27,3813,-53,79
2026-05-03T23:56:56.097Z,2026-05-03 19:56:56.097,102625,28,3809,-57,78
2026-05-03T23:56:56.137Z,2026-05-03 19:56:56.137,102625,29,3829,-55,77
2026-05-03T23:56:56.177Z,2026-05-03 19:56:56.177,102625,30,3831,-46,71
2026-05-03T23:56:56.217Z,2026-05-03 19:56:56.217,102625,31,3805,-56,71
2026-05-03T23:56:56.257Z,2026-05-03 19:56:56.257,102625,32,3810,-60,75
2026-05-03T23:56:56.297Z,2026-05-03 19:56:56.297,102625,33,3806,-50,72
2026-05-03T23:56:56.337Z,2026-05-03 19:56:56.337,102625,34,3831,-52,75
2026-05-03T23:56:56.377Z,2026-05-03 19:56:56.377,102625,35,3818,-44,80
2026-05-03T23:56:56.417Z,2026-05-03 19:56:56.417,102625,36,3823,-47,75
2026-05-03T23:56:56.457Z,2026-05-03 19:56:56.457,102625,37,3802,-53,79
2026-05-03T23:56:56.497Z,2026-05-03 19:56:56.497,102625,38,3816,-54,85
2026-05-03T23:56:56.537Z,2026-05-03 19:56:56.537,102625,39,3814,-58,64
2026-05-03T23:56:56.577Z,2026-05-03 19:56:56.577,102625,40,3812,-43,93
2026-05-03T23:56:56.617Z,2026-05-03 19:56:56.617,102625,41,3823,-56,70
2026-05-03T23:56:56.657Z,2026-05-03 19:56:56.657,102625,42,3820,-56,64
2026-05-03T23:56:56.697Z,2026-05-03 19:56:56.697,102625,43,3818,-53,78
2026-05-03T23:56:56.737Z,2026-05-03 19:56:56.737,102625,44,3817,-44,79
2026-05-03T23:56:56.777Z,2026-05-03 19:56:56.777,102625,45,3829,-52,74
2026-05-03T23:56:56.817Z,2026-05-03 19:56:56.817,102625,46,3813,-51,66
2026-05-03T23:56:56.857Z,2026-05-03 19:56:56.857,102625,47,3811,-57,74
2026-05-03T23:56:56.897Z,2026-05-03 19:56:56.897,102625,48,3807,-52,76
2026-05-03T23:56:56.937Z,2026-05-03 19:56:56.937,102625,49,3811,-51,79
2026-05-03T23:56:56.977Z,2026-05-03 19:56:56.977,102625,50,3807,-41,75
2026-05-03T23:56:57.017Z,2026-05-03 19:56:57.017,102625,51,3833,-49,70
2026-05-03T23:56:57.057Z,2026-05-03 19:56:57.057,102625,52,3806,-42,73
2026-05-03T23:56:57.097Z,2026-05-03 19:56:57.097,102625,53,3806,-58,71
2026-05-03T23:56:57.137Z,2026-05-03 19:56:57.137,102625,54,3814,-47,64
2026-05-03T23:56:57.177Z,2026-05-03 19:56:57.177,102625,55,3804,-62,68
2026-05-03T23:56:57.217Z,2026-05-03 19:56:57.217,102625,56,3823,-48,74
2026-05-03T23:56:57.257Z,2026-05-03 19:56:57.257,102625,57,3804,-56,75
2026-05-03T23:56:57.297Z,2026-05-03 19:56:57.297,102625,58,3823,-46,49
2026-05-03T23:56:57.337Z,2026-05-03 19:56:57.337,102625,59,3815,-38,71
2026-05-03T23:56:57.377Z,2026-05-03 19:56:57.377,102625,60,3819,-53,73
2026-05-03T23:56:57.417Z,2026-05-03 19:56:57.417,102625,61,3811,-46,86
2026-05-03T23:56:57.457Z,2026-05-03 19:56:57.457,102625,62,3808,-47,74
2026-05-03T23:56:57.497Z,2026-05-03 19:56:57.497,102625,63,3822,-50,85
2026-05-03T23:56:57.537Z,2026-05-03 19:56:57.537,102625,64,3808,-53,73
2026-05-03T23:56:57.577Z,2026-05-03 19:56:57.577,102625,65,3821,-53,79
2026-05-03T23:56:57.617Z,2026-05-03 19:56:57.617,102625,66,3811,-52,74
2026-05-03T23:56:57.657Z,2026-05-03 19:56:57.657,102625,67,3802,-69,82
2026-05-03T23:56:57.697Z,2026-05-03 19:56:57.697,102625,68,3825,-47,75
2026-05-03T23:56:57.737Z,2026-05-03 19:56:57.737,102625,69,3806,-50,69
2026-05-03T23:56:57.777Z,2026-05-03 19:56:57.777,102625,70,3812,-47,78
2026-05-03T23:56:57.817Z,2026-05-03 19:56:57.817,102625,71,3816,-64,58
2026-05-03T23:56:57.857Z,2026-05-03 19:56:57.857,102625,72,3800,-49,72
2026-05-03T23:56:57.897Z,2026-05-03 19:56:57.897,102625,73,3824,-55,69
2026-05-03T23:56:57.937Z,2026-05-03 19:56:57.937,102625,74,3804,-66,76
2026-05-03T23:56:57.977Z,2026-05-03 19:56:57.977,102625,75,3816,-44,79
2026-05-03T23:56:58.017Z,2026-05-03 19:56:58.017,102625,76,3809,-43,77
2026-05-03T23:56:58.057Z,2026-05-03 19:56:58.057,102625,77,3808,-56,78
2026-05-03T23:56:58.097Z,2026-05-03 19:56:58.097,102625,78,3810,-43,81
2026-05-03T23:56:58.137Z,2026-05-03 19:56:58.137,102625,79,3812,-49,56
2026-05-03T23:56:58.177Z,2026-05-03 19:56:58.177,102625,80,3801,-48,72
2026-05-03T23:56:58.217Z,2026-05-03 19:56:58.217,102625,81,3821,-46,81
2026-05-03T23:56:58.257Z,2026-05-03 19:56:58.257,102625,82,3813,-46,78
2026-05-03T23:56:58.297Z,2026-05-03 19:56:58.297,102625,83,3802,-60,72
2026-05-03T23:56:58.337Z,2026-05-03 19:56:58.337,102625,84,3810,-53,66
2026-05-03T23:56:58.377Z,2026-05-03 19:56:58.377,102625,85,3808,-61,75
2026-05-03T23:56:58.417Z,2026-05-03 19:56:58.417,102625,86,3805,-49,66
2026-05-03T23:56:58.457Z,2026-05-03 19:56:58.457,102625,87,3820,-45,79
2026-05-03T23:56:58.497Z,2026-05-03 19:56:58.497,102625,88,3810,-51,78
2026-05-03T23:56:58.537Z,2026-05-03 19:56:58.537,102625,89,3827,-60,84
2026-05-03T23:56:58.577Z,2026-05-03 19:56:58.577,102625,90,3812,-47,71
2026-05-03T23:56:58.617Z,2026-05-03 19:56:58.617,102625,91,3819,-55,74
2026-05-03T23:56:58.657Z,2026-05-03 19:56:58.657,102625,92,3819,-42,69
2026-05-03T23:56:58.697Z,2026-05-03 19:56:58.697,102625,93,3805,-47,68
2026-05-03T23:56:58.737Z,2026-05-03 19:56:58.737,102625,94,3812,-51,77
2026-05-03T23:56:58.777Z,2026-05-03 19:56:58.777,102625,95,3816,-41,88
2026-05-03T23:56:58.817Z,2026-05-03 19:56:58.817,102625,96,3814,-57,78
2026-05-03T23:56:58.857Z,2026-05-03 19:56:58.857,102625,97,3818,-56,65
2026-05-03T23:56:58.897Z,2026-05-03 19:56:58.897,102625,98,3810,-47,79
2026-05-03T23:56:58.937Z,2026-05-03 19:56:58.937,102625,99,3810,-56,77
2026-05-03T23:56:58.977Z,2026-05-03 19:56:58.977,102625,100,3813,-53,72
2026-05-03T23:56:59.017Z,2026-05-03 19:56:59.017,102626,1,3805,-47,75
2026-05-03T23:56:59.057Z,2026-05-03 19:56:59.057,102626,2,3798,-43,71
2026-05-03T23:56:59.097Z,2026-05-03 19:56:59.097,102626,3,3822,-58,69
2026-05-03T23:56:59.137Z,2026-05-03 19:56:59.137,102626,4,3801,-47,82
2026-05-03T23:56:59.177Z,2026-05-03 19:56:59.177,102626,5,3826,-56,79
2026-05-03T23:56:59.217Z,2026-05-03 19:56:59.217,102626,6,3820,-44,69
2026-05-03T23:56:59.257Z,2026-05-03 19:56:59.257,102626,7,3817,-54,58
2026-05-03T23:56:59.297Z,2026-05-03 19:56:59.297,102626,8,3806,-47,66
2026-05-03T23:56:59.337Z,2026-05-03 19:56:59.337,102626,9,3818,-56,79
2026-05-03T23:56:59.377Z,2026-05-03 19:56:59.377,102626,10,3805,-50,81
2026-05-03T23:56:59.417Z,2026-05-03 19:56:59.417,102626,11,3803,-64,73
2026-05-03T23:56:59.457Z,2026-05-03 19:56:59.457,102626,12,3814,-46,71
2026-05-03T23:56:59.497Z,2026-05-03 19:56:59.497,102626,13,3807,-51,62
2026-05-03T23:56:59.537Z,2026-05-03 19:56:59.537,102626,14,3807,-59,75
2026-05-03T23:56:59.577Z,2026-05-03 19:56:59.577,102626,15,3807,-40,79
2026-05-03T23:56:59.617Z,2026-05-03 19:56:59.617,102626,16,3818,-55,69
2026-05-03T23:56:59.657Z,2026-05-03 19:56:59.657,102626,17,3810,-51,75
2026-05-03T23:56:59.697Z,2026-05-03 19:56:59.697,102626,18,3817,-54,81
2026-05-03T23:56:59.737Z,2026-05-03 19:56:59.737,102626,19,3812,-54,67
2026-05-03T23:56:59.777Z,2026-05-03 19:56:59.777,102626,20,3826,-42,72
2026-05-03T23:56:59.817Z,2026-05-03 19:56:59.817,102626,21,3830,-43,79
2026-05-03T23:56:59.857Z,2026-05-03 19:56:59.857,102626,22,3816,-43,72
2026-05-03T23:56:59.897Z,2026-05-03 19:56:59.897,102626,23,3820,-59,80
2026-05-03T23:56:59.937Z,2026-05-03 19:56:59.937,102626,24,3809,-35,69
2026-05-03T23:56:59.977Z,2026-05-03 19:56:59.977,102626,25,3800,-60,73
2026-05-03T23:57:00.017Z,2026-05-03 19:57:00.017,102626,26,3821,-42,72
2026-05-03T23:57:00.057Z,2026-05-03 19:57:00.057,102626,27,3808,-53,84
2026-05-03T23:57:00.097Z,2026-05-03 19:57:00.097,102626,28,3797,-61,67
2026-05-03T23:57:00.137Z,2026-05-03 19:57:00.137,102626,29,3823,-49,83
2026-05-03T23:57:00.177Z,2026-05-03 19:57:00.177,102626,30,3812,-36,84
2026-05-03T23:57:00.217Z,2026-05-03 19:57:00.217,102626,31,3819,-54,89
2026-05-03T23:57:00.257Z,2026-05-03 19:57:00.257,102626,32,3819,-35,76
2026-05-03T23:57:00.297Z,2026-05-03 19:57:00.297,102626,33,3806,-47,89
2026-05-03T23:57:00.337Z,2026-05-03 19:57:00.337,102626,34,3811,-56,78
2026-05-03T23:57:00.377Z,2026-05-03 19:57:00.377,102626,35,3820,-60,80
2026-05-03T23:57:00.417Z,2026-05-03 19:57:00.417,102626,36,3801,-50,70
2026-05-03T23:57:00.457Z,2026-05-03 19:57:00.457,102626,37,3811,-45,75
2026-05-03T23:57:00.497Z,2026-05-03 19:57:00.497,102626,38,3822,-38,75
2026-05-03T23:57:00.537Z,2026-05-03 19:57:00.537,102626,39,3814,-59,74
2026-05-03T23:57:00.577Z,2026-05-03 19:57:00.577,102626,40,3813,-49,76
2026-05-03T23:57:00.617Z,2026-05-03 19:57:00.617,102626,41,3814,-46,76
2026-05-03T23:57:00.657Z,2026-05-03 19:57:00.657,102626,42,3831,-59,64
2026-05-03T23:57:00.697Z,2026-05-03 19:57:00.697,102626,43,3807,-48,70
2026-05-03T23:57:00.737Z,2026-05-03 19:57:00.737,102626,44,3810,-48,63
2026-05-03T23:57:00.777Z,2026-05-03 19:57:00.777,102626,45,3818,-55,75
2026-05-03T23:57:00.817Z,2026-05-03 19:57:00.817,102626,46,3822,-52,79
2026-05-03T23:57:00.857Z,2026-05-03 19:57:00.857,102626,47,3832,-58,70
2026-05-03T23:57:00.897Z,2026-05-03 19:57:00.897,102626,48,3809,-52,61
2026-05-03T23:57:00.937Z,2026-05-03 19:57:00.937,102626,49,3807,-55,78
2026-05-03T23:57:00.977Z,2026-05-03 19:57:00.977,102626,50,3815,-54,79
2026-05-03T23:57:01.017Z,2026-05-03 19:57:01.017,102626,51,3819,-51,72
2026-05-03T23:57:01.057Z,2026-05-03 19:57:01.057,102626,52,3815,-50,73
2026-05-03T23:57:01.097Z,2026-05-03 19:57:01.097,102626,53,3810,-48,78
2026-05-03T23:57:01.137Z,2026-05-03 19:57:01.137,102626,54,3829,-55,77
2026-05-03T23:57:01.177Z,2026-05-03 19:57:01.177,102626,55,3817,-56,77
2026-05-03T23:57:01.217Z,2026-05-03 19:57:01.217,102626,56,3814,-51,75
2026-05-03T23:57:01.257Z,2026-05-03 19:57:01.257,102626,57,3823,-58,79
2026-05-03T23:57:01.297Z,2026-05-03 19:57:01.297,102626,58,3805,-47,75
2026-05-03T23:57:01.337Z,2026-05-03 19:57:01.337,102626,59,3819,-50,80
2026-05-03T23:57:01.377Z,2026-05-03 19:57:01.377,102626,60,3811,-48,76
2026-05-03T23:57:01.417Z,2026-05-03 19:57:01.417,102626,61,3808,-49,75
2026-05-03T23:57:01.457Z,2026-05-03 19:57:01.457,102626,62,3825,-55,76
2026-05-03T23:57:01.497Z,2026-05-03 19:57:01.497,102626,63,3810,-41,71
2026-05-03T23:57:01.537Z,2026-05-03 19:57:01.537,102626,64,3831,-54,84
2026-05-03T23:57:01.577Z,2026-05-03 19:57:01.577,102626,65,3815,-45,76
2026-05-03T23:57:01.617Z,2026-05-03 19:57:01.617,102626,66,3799,-57,82
2026-05-03T23:57:01.657Z,2026-05-03 19:57:01.657,102626,67,3804,-55,76
2026-05-03T23:57:01.697Z,2026-05-03 19:57:01.697,102626,68,3825,-46,83
2026-05-03T23:57:01.737Z,2026-05-03 19:57:01.737,102626,69,3824,-63,64
2026-05-03T23:57:01.777Z,2026-05-03 19:57:01.777,102626,70,3792,-43,74
2026-05-03T23:57:01.817Z,2026-05-03 19:57:01.817,102626,71,3814,-60,75
2026-05-03T23:57:01.857Z,2026-05-03 19:57:01.857,102626,72,3793,-52,87
2026-05-03T23:57:01.897Z,2026-05-03 19:57:01.897,102626,73,3806,-59,81
2026-05-03T23:57:01.937Z,2026-05-03 19:57:01.937,102626,74,3814,-53,67
2026-05-03T23:57:01.977Z,2026-05-03 19:57:01.977,102626,75,3832,-45,81
2026-05-03T23:57:02.017Z,2026-05-03 19:57:02.017,102626,76,3808,-49,75
2026-05-03T23:57:02.057Z,2026-05-03 19:57:02.057,102626,77,3819,-60,69
2026-05-03T23:57:02.097Z,2026-05-03 19:57:02.097,102626,78,3799,-39,69
2026-05-03T23:57:02.137Z,2026-05-03 19:57:02.137,102626,79,3804,-55,52
2026-05-03T23:57:02.177Z,2026-05-03 19:57:02.177,102626,80,3809,-55,68
2026-05-03T23:57:02.217Z,2026-05-03 19:57:02.217,102626,81,3819,-47,80
2026-05-03T23:57:02.257Z,2026-05-03 19:57:02.257,102626,82,3832,-57,78
2026-05-03T23:57:02.297Z,2026-05-03 19:57:02.297,102626,83,3814,-55,75
2026-05-03T23:57:02.337Z,2026-05-03 19:57:02.337,102626,84,3828,-52,72
2026-05-03T23:57:02.377Z,2026-05-03 19:57:02.377,102626,85,3797,-51,77
2026-05-03T23:57:02.417Z,2026-05-03 19:57:02.417,102626,86,3813,-56,77
2026-05-03T23:57:02.457Z,2026-05-03 19:57:02.457,102626,87,3809,-64,83
2026-05-03T23:57:02.497Z,2026-05-03 19:57:02.497,102626,88,3805,-43,79
2026-05-03T23:57:02.537Z,2026-05-03 19:57:02.537,102626,89,3810,-53,70
2026-05-03T23:57:02.577Z,2026-05-03 19:57:02.577,102626,90,3818,-50,70
2026-05-03T23:57:02.617Z,2026-05-03 19:57:02.617,102626,91,3813,-60,60
2026-05-03T23:57:02.657Z,2026-05-03 19:57:02.657,102626,92,3821,-55,83
2026-05-03T23:57:02.697Z,2026-05-03 19:57:02.697,102626,93,3815,-45,69
2026-05-03T23:57:02.737Z,2026-05-03 19:57:02.737,102626,94,3814,-54,76
2026-05-03T23:57:02.777Z,2026-05-03 19:57:02.777,102626,95,3804,-51,87
2026-05-03T23:57:02.817Z,2026-05-03 19:57:02.817,102626,96,3801,-52,78
2026-05-03T23:57:02.857Z,2026-05-03 19:57:02.857,102626,97,3809,-45,64
2026-05-03T23:57:02.897Z,2026-05-03 19:57:02.897,102626,98,3812,-46,80
2026-05-03T23:57:02.937Z,2026-05-03 19:57:02.937,102626,99,3798,-50,76
2026-05-03T23:57:02.977Z,2026-05-03 19:57:02.977,102626,100,3806,-52,78
2026-05-03T23:57:03.017Z,2026-05-03 19:57:03.017,102627,1,3813,-63,80
2026-05-03T23:57:03.057Z,2026-05-03 19:57:03.057,102627,2,3804,-59,68
2026-05-03T23:57:03.097Z,2026-05-03 19:57:03.097,102627,3,3805,-42,79
2026-05-03T23:57:03.137Z,2026-05-03 19:57:03.137,102627,4,3811,-60,70
2026-05-03T23:57:03.177Z,2026-05-03 19:57:03.177,102627,5,3816,-52,72
2026-05-03T23:57:03.217Z,2026-05-03 19:57:03.217,102627,6,3823,-58,68
2026-05-03T23:57:03.257Z,2026-05-03 19:57:03.257,102627,7,3804,-54,75
2026-05-03T23:57:03.297Z,2026-05-03 19:57:03.297,102627,8,3818,-49,73
2026-05-03T23:57:03.337Z,2026-05-03 19:57:03.337,102627,9,3819,-63,75
2026-05-03T23:57:03.377Z,2026-05-03 19:57:03.377,102627,10,3810,-49,74
2026-05-03T23:57:03.417Z,2026-05-03 19:57:03.417,102627,11,3810,-66,80
2026-05-03T23:57:03.457Z,2026-05-03 19:57:03.457,102627,12,3806,-53,72
2026-05-03T23:57:03.497Z,2026-05-03 19:57:03.497,102627,13,3825,-50,69
2026-05-03T23:57:03.537Z,2026-05-03 19:57:03.537,102627,14,3816,-61,76
2026-05-03T23:57:03.577Z,2026-05-03 19:57:03.577,102627,15,3813,-44,78
2026-05-03T23:57:03.617Z,2026-05-03 19:57:03.617,102627,16,3816,-47,79
2026-05-03T23:57:03.657Z,2026-05-03 19:57:03.657,102627,17,3814,-50,72
2026-05-03T23:57:03.697Z,2026-05-03 19:57:03.697,102627,18,3817,-47,71
2026-05-03T23:57:03.737Z,2026-05-03 19:57:03.737,102627,19,3822,-57,73
2026-05-03T23:57:03.777Z,2026-05-03 19:57:03.777,102627,20,3827,-51,81
2026-05-03T23:57:03.817Z,2026-05-03 19:57:03.817,102627,21,3814,-45,70
2026-05-03T23:57:03.857Z,2026-05-03 19:57:03.857,102627,22,3813,-51,66
2026-05-03T23:57:03.897Z,2026-05-03 19:57:03.897,102627,23,3802,-50,66
2026-05-03T23:57:03.937Z,2026-05-03 19:57:03.937,102627,24,3810,-52,84
2026-05-03T23:57:03.977Z,2026-05-03 19:57:03.977,102627,25,3819,-67,68
2026-05-03T23:57:04.017Z,2026-05-03 19:57:04.017,102627,26,3817,-44,78
2026-05-03T23:57:04.057Z,2026-05-03 19:57:04.057,102627,27,3823,-55,85
2026-05-03T23:57:04.097Z,2026-05-03 19:57:04.097,102627,28,3800,-46,81
2026-05-03T23:57:04.137Z,2026-05-03 19:57:04.137,102627,29,3817,-60,72
2026-05-03T23:57:04.177Z,2026-05-03 19:57:04.177,102627,30,3811,-62,74
2026-05-03T23:57:04.217Z,2026-05-03 19:57:04.217,102627,31,3815,-52,79
2026-05-03T23:57:04.257Z,2026-05-03 19:57:04.257,102627,32,3814,-47,66
2026-05-03T23:57:04.297Z,2026-05-03 19:57:04.297,102627,33,3813,-48,74
2026-05-03T23:57:04.337Z,2026-05-03 19:57:04.337,102627,34,3805,-56,85
2026-05-03T23:57:04.377Z,2026-05-03 19:57:04.377,102627,35,3814,-63,62
2026-05-03T23:57:04.417Z,2026-05-03 19:57:04.417,102627,36,3806,-55,66
2026-05-03T23:57:04.457Z,2026-05-03 19:57:04.457,102627,37,3811,-53,77
2026-05-03T23:57:04.497Z,2026-05-03 19:57:04.497,102627,38,3817,-47,81
2026-05-03T23:57:04.537Z,2026-05-03 19:57:04.537,102627,39,3833,-55,70
2026-05-03T23:57:04.577Z,2026-05-03 19:57:04.577,102627,40,3803,-53,81
2026-05-03T23:57:04.617Z,2026-05-03 19:57:04.617,102627,41,3810,-51,69
2026-05-03T23:57:04.657Z,2026-05-03 19:57:04.657,102627,42,3817,-59,77
2026-05-03T23:57:04.697Z,2026-05-03 19:57:04.697,102627,43,3817,-50,80
2026-05-03T23:57:04.737Z,2026-05-03 19:57:04.737,102627,44,3817,-54,80
2026-05-03T23:57:04.777Z,2026-05-03 19:57:04.777,102627,45,3809,-40,65
2026-05-03T23:57:04.817Z,2026-05-03 19:57:04.817,102627,46,3809,-44,80
2026-05-03T23:57:04.857Z,2026-05-03 19:57:04.857,102627,47,3819,-49,70
2026-05-03T23:57:04.897Z,2026-05-03 19:57:04.897,102627,48,3822,-58,78
2026-05-03T23:57:04.937Z,2026-05-03 19:57:04.937,102627,49,3817,-41,78
2026-05-03T23:57:04.977Z,2026-05-03 19:57:04.977,102627,50,3828,-61,74
2026-05-03T23:57:05.017Z,2026-05-03 19:57:05.017,102627,51,3798,-43,75
2026-05-03T23:57:05.057Z,2026-05-03 19:57:05.057,102627,52,3803,-35,68
2026-05-03T23:57:05.097Z,2026-05-03 19:57:05.097,102627,53,3795,-46,75
2026-05-03T23:57:05.137Z,2026-05-03 19:57:05.137,102627,54,3820,-34,62
2026-05-03T23:57:05.177Z,2026-05-03 19:57:05.177,102627,55,3808,-54,75
2026-05-03T23:57:05.217Z,2026-05-03 19:57:05.217,102627,56,3815,-49,71
2026-05-03T23:57:05.257Z,2026-05-03 19:57:05.257,102627,57,3805,-51,88
2026-05-03T23:57:05.297Z,2026-05-03 19:57:05.297,102627,58,3814,-38,71
2026-05-03T23:57:05.337Z,2026-05-03 19:57:05.337,102627,59,3817,-53,73
2026-05-03T23:57:05.377Z,2026-05-03 19:57:05.377,102627,60,3822,-60,64
2026-05-03T23:57:05.417Z,2026-05-03 19:57:05.417,102627,61,3817,-56,63
2026-05-03T23:57:05.457Z,2026-05-03 19:57:05.457,102627,62,3824,-50,78
2026-05-03T23:57:05.497Z,2026-05-03 19:57:05.497,102627,63,3816,-50,71
2026-05-03T23:57:05.537Z,2026-05-03 19:57:05.537,102627,64,3798,-56,85
2026-05-03T23:57:05.577Z,2026-05-03 19:57:05.577,102627,65,3821,-60,68
2026-05-03T23:57:05.617Z,2026-05-03 19:57:05.617,102627,66,3825,-56,72
2026-05-03T23:57:05.657Z,2026-05-03 19:57:05.657,102627,67,3820,-49,77
2026-05-03T23:57:05.697Z,2026-05-03 19:57:05.697,102627,68,3824,-52,74
2026-05-03T23:57:05.737Z,2026-05-03 19:57:05.737,102627,69,3824,-52,71
2026-05-03T23:57:05.777Z,2026-05-03 19:57:05.777,102627,70,3808,-48,81
2026-05-03T23:57:05.817Z,2026-05-03 19:57:05.817,102627,71,3826,-47,76
2026-05-03T23:57:05.857Z,2026-05-03 19:57:05.857,102627,72,3815,-53,82
2026-05-03T23:57:05.897Z,2026-05-03 19:57:05.897,102627,73,3821,-39,58
2026-05-03T23:57:05.937Z,2026-05-03 19:57:05.937,102627,74,3817,-48,60
2026-05-03T23:57:05.977Z,2026-05-03 19:57:05.977,102627,75,3806,-54,77
2026-05-03T23:57:06.017Z,2026-05-03 19:57:06.017,102627,76,3827,-56,73
2026-05-03T23:57:06.057Z,2026-05-03 19:57:06.057,102627,77,3808,-59,73
2026-05-03T23:57:06.097Z,2026-05-03 19:57:06.097,102627,78,3811,-66,73
2026-05-03T23:57:06.137Z,2026-05-03 19:57:06.137,102627,79,3816,-56,69
2026-05-03T23:57:06.177Z,2026-05-03 19:57:06.177,102627,80,3809,-47,78
2026-05-03T23:57:06.217Z,2026-05-03 19:57:06.217,102627,81,3830,-60,63
2026-05-03T23:57:06.257Z,2026-05-03 19:57:06.257,102627,82,3805,-59,73
2026-05-03T23:57:06.297Z,2026-05-03 19:57:06.297,102627,83,3811,-45,70
2026-05-03T23:57:06.337Z,2026-05-03 19:57:06.337,102627,84,3829,-35,83
2026-05-03T23:57:06.377Z,2026-05-03 19:57:06.377,102627,85,3819,-54,93
2026-05-03T23:57:06.417Z,2026-05-03 19:57:06.417,102627,86,3819,-48,77
2026-05-03T23:57:06.457Z,2026-05-03 19:57:06.457,102627,87,3814,-46,63
2026-05-03T23:57:06.497Z,2026-05-03 19:57:06.497,102627,88,3812,-60,92
2026-05-03T23:57:06.537Z,2026-05-03 19:57:06.537,102627,89,3829,-42,67
2026-05-03T23:57:06.577Z,2026-05-03 19:57:06.577,102627,90,3816,-50,74
2026-05-03T23:57:06.617Z,2026-05-03 19:57:06.617,102627,91,3827,-51,85
2026-05-03T23:57:06.657Z,2026-05-03 19:57:06.657,102627,92,3810,-51,91
2026-05-03T23:57:06.697Z,2026-05-03 19:57:06.697,102627,93,3808,-50,67
2026-05-03T23:57:06.737Z,2026-05-03 19:57:06.737,102627,94,3824,-64,70
2026-05-03T23:57:06.777Z,2026-05-03 19:57:06.777,102627,95,3810,-51,81
2026-05-03T23:57:06.817Z,2026-05-03 19:57:06.817,102627,96,3805,-50,74
2026-05-03T23:57:06.857Z,2026-05-03 19:57:06.857,102627,97,3806,-52,68
2026-05-03T23:57:06.897Z,2026-05-03 19:57:06.897,102627,98,3832,-57,94
2026-05-03T23:57:06.937Z,2026-05-03 19:57:06.937,102627,99,3815,-54,75
2026-05-03T23:57:06.977Z,2026-05-03 19:57:06.977,102627,100,3825,-58,70
2026-05-03T23:57:07.017Z,2026-05-03 19:57:07.017,102628,1,3811,-57,70
2026-05-03T23:57:07.057Z,2026-05-03 19:57:07.057,102628,2,3797,-35,70
2026-05-03T23:57:07.097Z,2026-05-03 19:57:07.097,102628,3,3807,-54,78
2026-05-03T23:57:07.137Z,2026-05-03 19:57:07.137,102628,4,3807,-67,75
2026-05-03T23:57:07.177Z,2026-05-03 19:57:07.177,102628,5,3813,-57,89
2026-05-03T23:57:07.217Z,2026-05-03 19:57:07.217,102628,6,3825,-55,72
2026-05-03T23:57:07.257Z,2026-05-03 19:57:07.257,102628,7,3818,-54,81
2026-05-03T23:57:07.297Z,2026-05-03 19:57:07.297,102628,8,3808,-46,67
2026-05-03T23:57:07.337Z,2026-05-03 19:57:07.337,102628,9,3812,-47,70
2026-05-03T23:57:07.377Z,2026-05-03 19:57:07.377,102628,10,3816,-50,70
2026-05-03T23:57:07.417Z,2026-05-03 19:57:07.417,102628,11,3819,-66,70
2026-05-03T23:57:07.457Z,2026-05-03 19:57:07.457,102628,12,3814,-42,85
2026-05-03T23:57:07.497Z,2026-05-03 19:57:07.497,102628,13,3813,-50,77
2026-05-03T23:57:07.537Z,2026-05-03 19:57:07.537,102628,14,3809,-38,57
2026-05-03T23:57:07.577Z,2026-05-03 19:57:07.577,102628,15,3809,-63,77
2026-05-03T23:57:07.617Z,2026-05-03 19:57:07.617,102628,16,3829,-58,70
2026-05-03T23:57:07.657Z,2026-05-03 19:57:07.657,102628,17,3804,-43,62
2026-05-03T23:57:07.697Z,2026-05-03 19:57:07.697,102628,18,3830,-44,75
2026-05-03T23:57:07.737Z,2026-05-03 19:57:07.737,102628,19,3816,-49,73
2026-05-03T23:57:07.777Z,2026-05-03 19:57:07.777,102628,20,3813,-57,85
2026-05-03T23:57:07.817Z,2026-05-03 19:57:07.817,102628,21,3819,-56,84
2026-05-03T23:57:07.857Z,2026-05-03 19:57:07.857,102628,22,3816,-49,70
2026-05-03T23:57:07.897Z,2026-05-03 19:57:07.897,102628,23,3809,-53,77
2026-05-03T23:57:07.937Z,2026-05-03 19:57:07.937,102628,24,3824,-64,75
2026-05-03T23:57:07.977Z,2026-05-03 19:57:07.977,102628,25,3798,-53,68
2026-05-03T23:57:08.017Z,2026-05-03 19:57:08.017,102628,26,3818,-56,70
2026-05-03T23:57:08.057Z,2026-05-03 19:57:08.057,102628,27,3818,-47,68
2026-05-03T23:57:08.097Z,2026-05-03 19:57:08.097,102628,28,3800,-51,73
2026-05-03T23:57:08.137Z,2026-05-03 19:57:08.137,102628,29,3812,-66,88
2026-05-03T23:57:08.177Z,2026-05-03 19:57:08.177,102628,30,3816,-52,85
2026-05-03T23:57:08.217Z,2026-05-03 19:57:08.217,102628,31,3811,-55,61
2026-05-03T23:57:08.257Z,2026-05-03 19:57:08.257,102628,32,3802,-44,94
2026-05-03T23:57:08.297Z,2026-05-03 19:57:08.297,102628,33,3806,-43,89
2026-05-03T23:57:08.337Z,2026-05-03 19:57:08.337,102628,34,3822,-51,78
2026-05-03T23:57:08.377Z,2026-05-03 19:57:08.377,102628,35,3801,-50,74
2026-05-03T23:57:08.417Z,2026-05-03 19:57:08.417,102628,36,3815,-50,71
2026-05-03T23:57:08.457Z,2026-05-03 19:57:08.457,102628,37,3817,-46,60
2026-05-03T23:57:08.497Z,2026-05-03 19:57:08.497,102628,38,3820,-52,62
2026-05-03T23:57:08.537Z,2026-05-03 19:57:08.537,102628,39,3814,-51,80
2026-05-03T23:57:08.577Z,2026-05-03 19:57:08.577,102628,40,3814,-45,79
2026-05-03T23:57:08.617Z,2026-05-03 19:57:08.617,102628,41,3805,-43,70
2026-05-03T23:57:08.657Z,2026-05-03 19:57:08.657,102628,42,3814,-65,73
2026-05-03T23:57:08.697Z,2026-05-03 19:57:08.697,102628,43,3804,-55,68
2026-05-03T23:57:08.737Z,2026-05-03 19:57:08.737,102628,44,3811,-48,78
2026-05-03T23:57:08.777Z,2026-05-03 19:57:08.777,102628,45,3810,-51,77
2026-05-03T23:57:08.817Z,2026-05-03 19:57:08.817,102628,46,3823,-47,78
2026-05-03T23:57:08.857Z,2026-05-03 19:57:08.857,102628,47,3813,-44,69
2026-05-03T23:57:08.897Z,2026-05-03 19:57:08.897,102628,48,3811,-37,84
2026-05-03T23:57:08.937Z,2026-05-03 19:57:08.937,102628,49,3814,-59,75
2026-05-03T23:57:08.977Z,2026-05-03 19:57:08.977,102628,50,3816,-51,68
2026-05-03T23:57:09.017Z,2026-05-03 19:57:09.017,102628,51,3818,-49,72
2026-05-03T23:57:09.057Z,2026-05-03 19:57:09.057,102628,52,3818,-46,83
2026-05-03T23:57:09.097Z,2026-05-03 19:57:09.097,102628,53,3818,-49,77
2026-05-03T23:57:09.137Z,2026-05-03 19:57:09.137,102628,54,3826,-62,81
2026-05-03T23:57:09.177Z,2026-05-03 19:57:09.177,102628,55,3817,-53,86
2026-05-03T23:57:09.217Z,2026-05-03 19:57:09.217,102628,56,3819,-47,75
2026-05-03T23:57:09.257Z,2026-05-03 19:57:09.257,102628,57,3812,-41,77
2026-05-03T23:57:09.297Z,2026-05-03 19:57:09.297,102628,58,3812,-58,69
2026-05-03T23:57:09.337Z,2026-05-03 19:57:09.337,102628,59,3813,-41,72
2026-05-03T23:57:09.377Z,2026-05-03 19:57:09.377,102628,60,3816,-60,77
2026-05-03T23:57:09.417Z,2026-05-03 19:57:09.417,102628,61,3818,-54,75
2026-05-03T23:57:09.457Z,2026-05-03 19:57:09.457,102628,62,3825,-52,88
2026-05-03T23:57:09.497Z,2026-05-03 19:57:09.497,102628,63,3800,-53,70
2026-05-03T23:57:09.537Z,2026-05-03 19:57:09.537,102628,64,3812,-50,69
2026-05-03T23:57:09.577Z,2026-05-03 19:57:09.577,102628,65,3817,-52,81
2026-05-03T23:57:09.617Z,2026-05-03 19:57:09.617,102628,66,3805,-62,71
2026-05-03T23:57:09.657Z,2026-05-03 19:57:09.657,102628,67,3800,-56,71
2026-05-03T23:57:09.697Z,2026-05-03 19:57:09.697,102628,68,3809,-59,74
2026-05-03T23:57:09.737Z,2026-05-03 19:57:09.737,102628,69,3805,-57,87
2026-05-03T23:57:09.777Z,2026-05-03 19:57:09.777,102628,70,3813,-60,75
2026-05-03T23:57:09.817Z,2026-05-03 19:57:09.817,102628,71,3808,-39,75
2026-05-03T23:57:09.857Z,2026-05-03 19:57:09.857,102628,72,3810,-55,71
2026-05-03T23:57:09.897Z,2026-05-03 19:57:09.897,102628,73,3825,-44,73
2026-05-03T23:57:09.937Z,2026-05-03 19:57:09.937,102628,74,3828,-64,81
2026-05-03T23:57:09.977Z,2026-05-03 19:57:09.977,102628,75,3818,-62,74
2026-05-03T23:57:10.017Z,2026-05-03 19:57:10.017,102628,76,3808,-49,69
2026-05-03T23:57:10.057Z,2026-05-03 19:57:10.057,102628,77,3810,-51,74
2026-05-03T23:57:10.097Z,2026-05-03 19:57:10.097,102628,78,3802,-55,66
2026-05-03T23:57:10.137Z,2026-05-03 19:57:10.137,102628,79,3809,-43,71
2026-05-03T23:57:10.177Z,2026-05-03 19:57:10.177,102628,80,3812,-52,59
2026-05-03T23:57:10.217Z,2026-05-03 19:57:10.217,102628,81,3811,-44,70
2026-05-03T23:57:10.257Z,2026-05-03 19:57:10.257,102628,82,3814,-59,68
2026-05-03T23:57:10.297Z,2026-05-03 19:57:10.297,102628,83,3807,-51,67
2026-05-03T23:57:10.337Z,2026-05-03 19:57:10.337,102628,84,3805,-57,71
2026-05-03T23:57:10.377Z,2026-05-03 19:57:10.377,102628,85,3816,-46,72
2026-05-03T23:57:10.417Z,2026-05-03 19:57:10.417,102628,86,3817,-40,81
2026-05-03T23:57:10.457Z,2026-05-03 19:57:10.457,102628,87,3795,-63,70
2026-05-03T23:57:10.497Z,2026-05-03 19:57:10.497,102628,88,3808,-59,65
2026-05-03T23:57:10.537Z,2026-05-03 19:57:10.537,102628,89,3803,-66,82
2026-05-03T23:57:10.577Z,2026-05-03 19:57:10.577,102628,90,3822,-60,58
2026-05-03T23:57:10.617Z,2026-05-03 19:57:10.617,102628,91,3833,-44,72
2026-05-03T23:57:10.657Z,2026-05-03 19:57:10.657,102628,92,3809,-51,81
2026-05-03T23:57:10.697Z,2026-05-03 19:57:10.697,102628,93,3812,-48,79
2026-05-03T23:57:10.737Z,2026-05-03 19:57:10.737,102628,94,3818,-67,68
2026-05-03T23:57:10.777Z,2026-05-03 19:57:10.777,102628,95,3811,-45,68
2026-05-03T23:57:10.817Z,2026-05-03 19:57:10.817,102628,96,3816,-64,82
2026-05-03T23:57:10.857Z,2026-05-03 19:57:10.857,102628,97,3815,-53,78
2026-05-03T23:57:10.897Z,2026-05-03 19:57:10.897,102628,98,3815,-50,70
2026-05-03T23:57:10.937Z,2026-05-03 19:57:10.937,102628,99,3814,-44,63
2026-05-03T23:57:10.977Z,2026-05-03 19:57:10.977,102628,100,3816,-51,75
2026-05-03T23:57:11.017Z,2026-05-03 19:57:11.017,102629,1,3800,-46,85
2026-05-03T23:57:11.057Z,2026-05-03 19:57:11.057,102629,2,3816,-44,64
2026-05-03T23:57:11.097Z,2026-05-03 19:57:11.097,102629,3,3799,-60,81
2026-05-03T23:57:11.137Z,2026-05-03 19:57:11.137,102629,4,3803,-49,68
2026-05-03T23:57:11.177Z,2026-05-03 19:57:11.177,102629,5,3815,-42,57
2026-05-03T23:57:11.217Z,2026-05-03 19:57:11.217,102629,6,3819,-59,72
2026-05-03T23:57:11.257Z,2026-05-03 19:57:11.257,102629,7,3831,-50,65
2026-05-03T23:57:11.297Z,2026-05-03 19:57:11.297,102629,8,3818,-48,80
2026-05-03T23:57:11.337Z,2026-05-03 19:57:11.337,102629,9,3829,-55,75
2026-05-03T23:57:11.377Z,2026-05-03 19:57:11.377,102629,10,3819,-48,81
2026-05-03T23:57:11.417Z,2026-05-03 19:57:11.417,102629,11,3806,-49,81
2026-05-03T23:57:11.457Z,2026-05-03 19:57:11.457,102629,12,3809,-36,57
2026-05-03T23:57:11.497Z,2026-05-03 19:57:11.497,102629,13,3813,-61,71
2026-05-03T23:57:11.537Z,2026-05-03 19:57:11.537,102629,14,3827,-58,66
2026-05-03T23:57:11.577Z,2026-05-03 19:57:11.577,102629,15,3835,-50,68
2026-05-03T23:57:11.617Z,2026-05-03 19:57:11.617,102629,16,3818,-51,67
2026-05-03T23:57:11.657Z,2026-05-03 19:57:11.657,102629,17,3815,-53,62
2026-05-03T23:57:11.697Z,2026-05-03 19:57:11.697,102629,18,3808,-49,83
2026-05-03T23:57:11.737Z,2026-05-03 19:57:11.737,102629,19,3805,-50,74
2026-05-03T23:57:11.777Z,2026-05-03 19:57:11.777,102629,20,3817,-49,76
2026-05-03T23:57:11.817Z,2026-05-03 19:57:11.817,102629,21,3817,-45,70
2026-05-03T23:57:11.857Z,2026-05-03 19:57:11.857,102629,22,3814,-39,80
2026-05-03T23:57:11.897Z,2026-05-03 19:57:11.897,102629,23,3821,-52,63
2026-05-03T23:57:11.937Z,2026-05-03 19:57:11.937,102629,24,3808,-51,86
2026-05-03T23:57:11.977Z,2026-05-03 19:57:11.977,102629,25,3806,-57,78
2026-05-03T23:57:12.017Z,2026-05-03 19:57:12.017,102629,26,3804,-66,55
2026-05-03T23:57:12.057Z,2026-05-03 19:57:12.057,102629,27,3813,-54,71
2026-05-03T23:57:12.097Z,2026-05-03 19:57:12.097,102629,28,3810,-47,87
2026-05-03T23:57:12.137Z,2026-05-03 19:57:12.137,102629,29,3806,-49,83
2026-05-03T23:57:12.177Z,2026-05-03 19:57:12.177,102629,30,3816,-41,83
2026-05-03T23:57:12.217Z,2026-05-03 19:57:12.217,102629,31,3822,-57,91
2026-05-03T23:57:12.257Z,2026-05-03 19:57:12.257,102629,32,3805,-52,83
2026-05-03T23:57:12.297Z,2026-05-03 19:57:12.297,102629,33,3807,-55,75
2026-05-03T23:57:12.337Z,2026-05-03 19:57:12.337,102629,34,3828,-35,72
2026-05-03T23:57:12.377Z,2026-05-03 19:57:12.377,102629,35,3799,-39,86
2026-05-03T23:57:12.417Z,2026-05-03 19:57:12.417,102629,36,3809,-63,76
2026-05-03T23:57:12.457Z,2026-05-03 19:57:12.457,102629,37,3812,-77,60
2026-05-03T23:57:12.497Z,2026-05-03 19:57:12.497,102629,38,3820,-59,61
2026-05-03T23:57:12.537Z,2026-05-03 19:57:12.537,102629,39,3816,-30,46
2026-05-03T23:57:12.577Z,2026-05-03 19:57:12.577,102629,40,3805,-33,53
2026-05-03T23:57:12.617Z,2026-05-03 19:57:12.617,102629,41,3813,-54,81
2026-05-03T23:57:12.657Z,2026-05-03 19:57:12.657,102629,42,3821,-79,99
2026-05-03T23:57:12.697Z,2026-05-03 19:57:12.697,102629,43,3810,-63,88
2026-05-03T23:57:12.737Z,2026-05-03 19:57:12.737,102629,44,3818,-54,88
2026-05-03T23:57:12.777Z,2026-05-03 19:57:12.777,102629,45,3811,-28,94
2026-05-03T23:57:12.817Z,2026-05-03 19:57:12.817,102629,46,3809,-43,71
2026-05-03T23:57:12.857Z,2026-05-03 19:57:12.857,102629,47,3811,-105,59
2026-05-03T23:57:12.897Z,2026-05-03 19:57:12.897,102629,48,3810,-242,24
2026-05-03T23:57:12.937Z,2026-05-03 19:57:12.937,102629,49,3796,-439,-11
2026-05-03T23:57:12.977Z,2026-05-03 19:57:12.977,102629,50,3791,-610,-68
2026-05-03T23:57:13.017Z,2026-05-03 19:57:13.017,102629,51,3797,-561,-156
2026-05-03T23:57:13.057Z,2026-05-03 19:57:13.057,102629,52,3818,-346,-268
2026-05-03T23:57:13.097Z,2026-05-03 19:57:13.097,102629,53,3804,-274,-300
2026-05-03T23:57:13.137Z,2026-05-03 19:57:13.137,102629,54,3804,-204,60
2026-05-03T23:57:13.177Z,2026-05-03 19:57:13.177,102629,55,3829,-15,342
2026-05-03T23:57:13.217Z,2026-05-03 19:57:13.217,102629,56,3828,-93,340
2026-05-03T23:57:13.257Z,2026-05-03 19:57:13.257,102629,57,3805,-102,339
2026-05-03T23:57:13.297Z,2026-05-03 19:57:13.297,102629,58,3825,108,470
2026-05-03T23:57:13.337Z,2026-05-03 19:57:13.337,102629,59,3830,50,434
2026-05-03T23:57:13.377Z,2026-05-03 19:57:13.377,102629,60,3809,24,270
2026-05-03T23:57:13.417Z,2026-05-03 19:57:13.417,102629,61,3814,132,161
2026-05-03T23:57:13.457Z,2026-05-03 19:57:13.457,102629,62,3788,195,7
2026-05-03T23:57:13.497Z,2026-05-03 19:57:13.497,102629,63,3785,201,-129
2026-05-03T23:57:13.537Z,2026-05-03 19:57:13.537,102629,64,3786,375,-180
2026-05-03T23:57:13.577Z,2026-05-03 19:57:13.577,102629,65,3798,534,-154
2026-05-03T23:57:13.617Z,2026-05-03 19:57:13.617,102629,66,3800,623,-52
2026-05-03T23:57:13.657Z,2026-05-03 19:57:13.657,102629,67,3799,726,91
2026-05-03T23:57:13.697Z,2026-05-03 19:57:13.697,102629,68,3826,811,224
2026-05-03T23:57:13.737Z,2026-05-03 19:57:13.737,102629,69,3831,770,354
2026-05-03T23:57:13.777Z,2026-05-03 19:57:13.777,102629,70,3820,725,391
2026-05-03T23:57:13.817Z,2026-05-03 19:57:13.817,102629,71,3822,630,404
2026-05-03T23:57:13.857Z,2026-05-03 19:57:13.857,102629,72,3825,699,353
2026-05-03T23:57:13.897Z,2026-05-03 19:57:13.897,102629,73,3810,1051,307
2026-05-03T23:57:13.937Z,2026-05-03 19:57:13.937,102629,74,3839,1505,107
2026-05-03T23:57:13.977Z,2026-05-03 19:57:13.977,102629,75,3760,1195,152
2026-05-03T23:57:14.017Z,2026-05-03 19:57:14.017,102629,76,3801,1481,-6
2026-05-03T23:57:14.057Z,2026-05-03 19:57:14.057,102629,77,3730,1292,172
2026-05-03T23:57:14.097Z,2026-05-03 19:57:14.097,102629,78,3732,1430,90
2026-05-03T23:57:14.137Z,2026-05-03 19:57:14.137,102629,79,3723,1397,204
2026-05-03T23:57:14.177Z,2026-05-03 19:57:14.177,102629,80,4285,896,126
2026-05-03T23:57:14.217Z,2026-05-03 19:57:14.217,102629,81,3695,-3093,3035
2026-05-03T23:57:14.257Z,2026-05-03 19:57:14.257,102629,82,3704,174,-531
2026-05-03T23:57:14.297Z,2026-05-03 19:57:14.297,102629,83,3625,-1948,-730
2026-05-03T23:57:14.337Z,2026-05-03 19:57:14.337,102629,84,3631,-884,332
2026-05-03T23:57:14.377Z,2026-05-03 19:57:14.377,102629,85,3501,-1030,-1225
2026-05-03T23:57:14.417Z,2026-05-03 19:57:14.417,102629,86,3710,-1353,-1692
2026-05-03T23:57:14.457Z,2026-05-03 19:57:14.457,102629,87,3557,-526,-1992
2026-05-03T23:57:14.497Z,2026-05-03 19:57:14.497,102629,88,3673,-1356,-923
2026-05-03T23:57:14.537Z,2026-05-03 19:57:14.537,102629,89,3692,-1075,-650
2026-05-03T23:57:14.577Z,2026-05-03 19:57:14.577,102629,90,3680,-925,106
2026-05-03T23:57:14.617Z,2026-05-03 19:57:14.617,102629,91,3771,-1451,581
2026-05-03T23:57:14.657Z,2026-05-03 19:57:14.657,102629,92,3775,-697,327
2026-05-03T23:57:14.697Z,2026-05-03 19:57:14.697,102629,93,3729,-1557,914
2026-05-03T23:57:14.737Z,2026-05-03 19:57:14.737,102629,94,3719,-779,609
2026-05-03T23:57:14.777Z,2026-05-03 19:57:14.777,102629,95,3738,-1483,891
2026-05-03T23:57:14.817Z,2026-05-03 19:57:14.817,102629,96,3691,-847,-19
2026-05-03T23:57:14.857Z,2026-05-03 19:57:14.857,102629,97,3713,-1374,188
2026-05-03T23:57:14.897Z,2026-05-03 19:57:14.897,102629,98,3625,-918,-478
2026-05-03T23:57:14.937Z,2026-05-03 19:57:14.937,102629,99,3633,-1286,-741
2026-05-03T23:57:14.977Z,2026-05-03 19:57:14.977,102629,100,3587,-860,-1060
2026-05-03T23:57:15.017Z,2026-05-03 19:57:15.017,102630,1,3941,-33,-968
2026-05-03T23:57:15.057Z,2026-05-03 19:57:15.057,102630,2,4108,2364,-1554
2026-05-03T23:57:15.097Z,2026-05-03 19:57:15.097,102630,3,3549,827,-850
2026-05-03T23:57:15.137Z,2026-05-03 19:57:15.137,102630,4,3830,1895,-240
2026-05-03T23:57:15.177Z,2026-05-03 19:57:15.177,102630,5,3882,1297,1065
2026-05-03T23:57:15.217Z,2026-05-03 19:57:15.217,102630,6,3825,1189,948
2026-05-03T23:57:15.257Z,2026-05-03 19:57:15.257,102630,7,3835,1502,703
2026-05-03T23:57:15.297Z,2026-05-03 19:57:15.297,102630,8,3768,990,1358
2026-05-03T23:57:15.337Z,2026-05-03 19:57:15.337,102630,9,3918,1640,1101
2026-05-03T23:57:15.377Z,2026-05-03 19:57:15.377,102630,10,3703,807,1441
2026-05-03T23:57:15.417Z,2026-05-03 19:57:15.417,102630,11,3867,1387,1040
2026-05-03T23:57:15.457Z,2026-05-03 19:57:15.457,102630,12,3984,1216,1087
2026-05-03T23:57:15.497Z,2026-05-03 19:57:15.497,102630,13,3961,-713,1627
2026-05-03T23:57:15.537Z,2026-05-03 19:57:15.537,102630,14,3798,-1716,2138
2026-05-03T23:57:15.577Z,2026-05-03 19:57:15.577,102630,15,3841,-1122,1101
2026-05-03T23:57:15.617Z,2026-05-03 19:57:15.617,102630,16,3638,-1362,-1390
2026-05-03T23:57:15.657Z,2026-05-03 19:57:15.657,102630,17,3580,-648,-2389
2026-05-03T23:57:15.697Z,2026-05-03 19:57:15.697,102630,18,3584,-1366,-2385
2026-05-03T23:57:15.737Z,2026-05-03 19:57:15.737,102630,19,3569,-860,-2350
2026-05-03T23:57:15.777Z,2026-05-03 19:57:15.777,102630,20,3643,-1134,-1776
2026-05-03T23:57:15.817Z,2026-05-03 19:57:15.817,102630,21,3670,-1029,-489
2026-05-03T23:57:15.857Z,2026-05-03 19:57:15.857,102630,22,3754,-1334,1264
2026-05-03T23:57:15.897Z,2026-05-03 19:57:15.897,102630,23,3812,-1140,1687
2026-05-03T23:57:15.937Z,2026-05-03 19:57:15.937,102630,24,3804,-954,1299
2026-05-03T23:57:15.977Z,2026-05-03 19:57:15.977,102630,25,3928,213,1776
2026-05-03T23:57:16.017Z,2026-05-03 19:57:16.017,102630,26,4041,1355,1364
2026-05-03T23:57:16.057Z,2026-05-03 19:57:16.057,102630,27,3819,1443,192
2026-05-03T23:57:16.097Z,2026-05-03 19:57:16.097,102630,28,3739,1282,114
2026-05-03T23:57:16.137Z,2026-05-03 19:57:16.137,102630,29,3896,1722,67
2026-05-03T23:57:16.177Z,2026-05-03 19:57:16.177,102630,30,3715,1124,255
2026-05-03T23:57:16.217Z,2026-05-03 19:57:16.217,102630,31,3886,1775,-729
2026-05-03T23:57:16.257Z,2026-05-03 19:57:16.257,102630,32,3691,1050,-33
2026-05-03T23:57:16.297Z,2026-05-03 19:57:16.297,102630,33,3916,1218,-319
2026-05-03T23:57:16.337Z,2026-05-03 19:57:16.337,102630,34,3693,-1711,172
2026-05-03T23:57:16.377Z,2026-05-03 19:57:16.377,102630,35,3900,-834,427
2026-05-03T23:57:16.417Z,2026-05-03 19:57:16.417,102630,36,3637,-1611,181
2026-05-03T23:57:16.457Z,2026-05-03 19:57:16.457,102630,37,3737,-949,92
2026-05-03T23:57:16.497Z,2026-05-03 19:57:16.497,102630,38,3665,-1345,-527
2026-05-03T23:57:16.537Z,2026-05-03 19:57:16.537,102630,39,3741,-886,-1183
2026-05-03T23:57:16.577Z,2026-05-03 19:57:16.577,102630,40,3641,-1312,-571
2026-05-03T23:57:16.617Z,2026-05-03 19:57:16.617,102630,41,3698,-802,-527
2026-05-03T23:57:16.657Z,2026-05-03 19:57:16.657,102630,42,3714,-1148,-242
2026-05-03T23:57:16.697Z,2026-05-03 19:57:16.697,102630,43,3837,308,-545
2026-05-03T23:57:16.737Z,2026-05-03 19:57:16.737,102630,44,3910,772,-416
2026-05-03T23:57:16.777Z,2026-05-03 19:57:16.777,102630,45,3831,1231,41
2026-05-03T23:57:16.817Z,2026-05-03 19:57:16.817,102630,46,3844,1355,789
2026-05-03T23:57:16.857Z,2026-05-03 19:57:16.857,102630,47,3900,1210,523
2026-05-03T23:57:16.897Z,2026-05-03 19:57:16.897,102630,48,3814,374,1172
2026-05-03T23:57:16.937Z,2026-05-03 19:57:16.937,102630,49,3892,-61,1289
2026-05-03T23:57:16.977Z,2026-05-03 19:57:16.977,102630,50,3807,-656,1294
2026-05-03T23:57:17.017Z,2026-05-03 19:57:17.017,102630,51,3814,-666,1030
2026-05-03T23:57:17.057Z,2026-05-03 19:57:17.057,102630,52,3854,-219,524
2026-05-03T23:57:17.097Z,2026-05-03 19:57:17.097,102630,53,3785,16,-249
2026-05-03T23:57:17.137Z,2026-05-03 19:57:17.137,102630,54,3771,322,-856
2026-05-03T23:57:17.177Z,2026-05-03 19:57:17.177,102630,55,3753,371,-1282
2026-05-03T23:57:17.217Z,2026-05-03 19:57:17.217,102630,56,3745,-61,-1314
2026-05-03T23:57:17.257Z,2026-05-03 19:57:17.257,102630,57,3747,-298,-958
2026-05-03T23:57:17.297Z,2026-05-03 19:57:17.297,102630,58,3745,-831,-305
2026-05-03T23:57:17.337Z,2026-05-03 19:57:17.337,102630,59,3775,-775,329
2026-05-03T23:57:17.377Z,2026-05-03 19:57:17.377,102630,60,3839,-509,654
2026-05-03T23:57:17.417Z,2026-05-03 19:57:17.417,102630,61,3862,-194,783
2026-05-03T23:57:17.457Z,2026-05-03 19:57:17.457,102630,62,3866,164,731
2026-05-03T23:57:17.497Z,2026-05-03 19:57:17.497,102630,63,3866,675,528
2026-05-03T23:57:17.537Z,2026-05-03 19:57:17.537,102630,64,3866,898,388
2026-05-03T23:57:17.577Z,2026-05-03 19:57:17.577,102630,65,3857,496,178
2026-05-03T23:57:17.617Z,2026-05-03 19:57:17.617,102630,66,3802,-74,81
2026-05-03T23:57:17.657Z,2026-05-03 19:57:17.657,102630,67,3789,-324,79
2026-05-03T23:57:17.697Z,2026-05-03 19:57:17.697,102630,68,3779,-482,-7
2026-05-03T23:57:17.737Z,2026-05-03 19:57:17.737,102630,69,3771,-467,-181
2026-05-03T23:57:17.777Z,2026-05-03 19:57:17.777,102630,70,3775,-266,-330
2026-05-03T23:57:17.817Z,2026-05-03 19:57:17.817,102630,71,3804,83,-386
2026-05-03T23:57:17.857Z,2026-05-03 19:57:17.857,102630,72,3796,218,-259
2026-05-03T23:57:17.897Z,2026-05-03 19:57:17.897,102630,73,3824,145,-47
2026-05-03T23:57:17.937Z,2026-05-03 19:57:17.937,102630,74,3809,-121,165
2026-05-03T23:57:17.977Z,2026-05-03 19:57:17.977,102630,75,3823,-298,354
2026-05-03T23:57:18.017Z,2026-05-03 19:57:18.017,102630,76,3828,-221,474
2026-05-03T23:57:18.057Z,2026-05-03 19:57:18.057,102630,77,3845,-45,451
2026-05-03T23:57:18.097Z,2026-05-03 19:57:18.097,102630,78,3834,136,319
2026-05-03T23:57:18.137Z,2026-05-03 19:57:18.137,102630,79,3826,263,96
2026-05-03T23:57:18.177Z,2026-05-03 19:57:18.177,102630,80,3810,66,-44
2026-05-03T23:57:18.217Z,2026-05-03 19:57:18.217,102630,81,3778,-153,-152
2026-05-03T23:57:18.257Z,2026-05-03 19:57:18.257,102630,82,3790,-269,-189
2026-05-03T23:57:18.297Z,2026-05-03 19:57:18.297,102630,83,3788,-212,-184
2026-05-03T23:57:18.337Z,2026-05-03 19:57:18.337,102630,84,3808,-16,-131
2026-05-03T23:57:18.377Z,2026-05-03 19:57:18.377,102630,85,3819,99,3
2026-05-03T23:57:18.417Z,2026-05-03 19:57:18.417,102630,86,3814,98,162
2026-05-03T23:57:18.457Z,2026-05-03 19:57:18.457,102630,87,3828,-49,299
2026-05-03T23:57:18.497Z,2026-05-03 19:57:18.497,102630,88,3818,-191,334
2026-05-03T23:57:18.537Z,2026-05-03 19:57:18.537,102630,89,3809,-164,318
2026-05-03T23:57:18.577Z,2026-05-03 19:57:18.577,102630,90,3823,-4,233
2026-05-03T23:57:18.617Z,2026-05-03 19:57:18.617,102630,91,3833,62,70
2026-05-03T23:57:18.657Z,2026-05-03 19:57:18.657,102630,92,3802,-214,-94
2026-05-03T23:57:18.697Z,2026-05-03 19:57:18.697,102630,93,3788,-261,-150
2026-05-03T23:57:18.737Z,2026-05-03 19:57:18.737,102630,94,3812,-29,-257
2026-05-03T23:57:18.777Z,2026-05-03 19:57:18.777,102630,95,3779,-291,-202
2026-05-03T23:57:18.817Z,2026-05-03 19:57:18.817,102630,96,3796,-333,-113
2026-05-03T23:57:18.857Z,2026-05-03 19:57:18.857,102630,97,3802,-257,-40
2026-05-03T23:57:18.897Z,2026-05-03 19:57:18.897,102630,98,3807,-202,58
2026-05-03T23:57:18.937Z,2026-05-03 19:57:18.937,102630,99,3824,-67,91
2026-05-03T23:57:18.977Z,2026-05-03 19:57:18.977,102630,100,3819,-71,162
2026-05-03T23:57:19.017Z,2026-05-03 19:57:19.017,102631,1,3819,-168,301
2026-05-03T23:57:19.057Z,2026-05-03 19:57:19.057,102631,2,3819,-185,368
2026-05-03T23:57:19.097Z,2026-05-03 19:57:19.097,102631,3,3824,-111,371
2026-05-03T23:57:19.137Z,2026-05-03 19:57:19.137,102631,4,3822,-67,356
2026-05-03T23:57:19.177Z,2026-05-03 19:57:19.177,102631,5,3800,-51,252
2026-05-03T23:57:19.217Z,2026-05-03 19:57:19.217,102631,6,3820,78,69
2026-05-03T23:57:19.257Z,2026-05-03 19:57:19.257,102631,7,3814,-17,41
2026-05-03T23:57:19.297Z,2026-05-03 19:57:19.297,102631,8,3796,60,-75
2026-05-03T23:57:19.337Z,2026-05-03 19:57:19.337,102631,9,3797,131,-196
2026-05-03T23:57:19.377Z,2026-05-03 19:57:19.377,102631,10,3801,189,-125
2026-05-03T23:57:19.417Z,2026-05-03 19:57:19.417,102631,11,3794,257,-27
2026-05-03T23:57:19.457Z,2026-05-03 19:57:19.457,102631,12,3806,356,75
2026-05-03T23:57:19.497Z,2026-05-03 19:57:19.497,102631,13,3825,409,172
2026-05-03T23:57:19.537Z,2026-05-03 19:57:19.537,102631,14,3800,390,299
2026-05-03T23:57:19.577Z,2026-05-03 19:57:19.577,102631,15,3834,484,307
2026-05-03T23:57:19.617Z,2026-05-03 19:57:19.617,102631,16,3825,412,328
2026-05-03T23:57:19.657Z,2026-05-03 19:57:19.657,102631,17,3820,303,314
2026-05-03T23:57:19.697Z,2026-05-03 19:57:19.697,102631,18,3808,234,243
2026-05-03T23:57:19.737Z,2026-05-03 19:57:19.737,102631,19,3809,182,155
2026-05-03T23:57:19.777Z,2026-05-03 19:57:19.777,102631,20,3821,280,55
2026-05-03T23:57:19.817Z,2026-05-03 19:57:19.817,102631,21,3824,278,-1
2026-05-03T23:57:19.857Z,2026-05-03 19:57:19.857,102631,22,3793,225,-28
2026-05-03T23:57:19.897Z,2026-05-03 19:57:19.897,102631,23,3813,193,-35
2026-05-03T23:57:19.937Z,2026-05-03 19:57:19.937,102631,24,3817,160,-1
2026-05-03T23:57:19.977Z,2026-05-03 19:57:19.977,102631,25,3810,167,55
2026-05-03T23:57:20.017Z,2026-05-03 19:57:20.017,102631,26,3816,177,127
2026-05-03T23:57:20.057Z,2026-05-03 19:57:20.057,102631,27,3799,142,223
2026-05-03T23:57:20.097Z,2026-05-03 19:57:20.097,102631,28,3826,154,249
2026-05-03T23:57:20.137Z,2026-05-03 19:57:20.137,102631,29,3820,120,248
2026-05-03T23:57:20.177Z,2026-05-03 19:57:20.177,102631,30,3802,161,217
2026-05-03T23:57:20.217Z,2026-05-03 19:57:20.217,102631,31,3822,207,150
2026-05-03T23:57:20.257Z,2026-05-03 19:57:20.257,102631,32,3808,155,90
2026-05-03T23:57:20.297Z,2026-05-03 19:57:20.297,102631,33,3801,191,17
2026-05-03T23:57:20.337Z,2026-05-03 19:57:20.337,102631,34,3814,138,-13
2026-05-03T23:57:20.377Z,2026-05-03 19:57:20.377,102631,35,3809,194,-14
2026-05-03T23:57:20.417Z,2026-05-03 19:57:20.417,102631,36,3806,205,40
2026-05-03T23:57:20.457Z,2026-05-03 19:57:20.457,102631,37,3813,233,87
2026-05-03T23:57:20.497Z,2026-05-03 19:57:20.497,102631,38,3797,187,143
2026-05-03T23:57:20.537Z,2026-05-03 19:57:20.537,102631,39,3824,216,190
2026-05-03T23:57:20.577Z,2026-05-03 19:57:20.577,102631,40,3813,232,231
2026-05-03T23:57:20.617Z,2026-05-03 19:57:20.617,102631,41,3819,215,230
2026-05-03T23:57:20.657Z,2026-05-03 19:57:20.657,102631,42,3822,321,191
2026-05-03T23:57:20.697Z,2026-05-03 19:57:20.697,102631,43,3821,298,156
2026-05-03T23:57:20.737Z,2026-05-03 19:57:20.737,102631,44,3798,628,92
2026-05-03T23:57:20.777Z,2026-05-03 19:57:20.777,102631,45,3799,1076,104
2026-05-03T23:57:20.817Z,2026-05-03 19:57:20.817,102631,46,3845,1519,47
2026-05-03T23:57:20.857Z,2026-05-03 19:57:20.857,102631,47,3762,1198,217
2026-05-03T23:57:20.897Z,2026-05-03 19:57:20.897,102631,48,3826,1463,76
2026-05-03T23:57:20.937Z,2026-05-03 19:57:20.937,102631,49,3757,1243,360
2026-05-03T23:57:20.977Z,2026-05-03 19:57:20.977,102631,50,3770,1420,230
2026-05-03T23:57:21.017Z,2026-05-03 19:57:21.017,102631,51,3725,1333,368
2026-05-03T23:57:21.057Z,2026-05-03 19:57:21.057,102631,52,3741,1386,408
2026-05-03T23:57:21.097Z,2026-05-03 19:57:21.097,102631,53,4232,1004,361
2026-05-03T23:57:21.137Z,2026-05-03 19:57:21.137,102631,54,3748,-3101,2915
2026-05-03T23:57:21.177Z,2026-05-03 19:57:21.177,102631,55,3686,314,-971
2026-05-03T23:57:21.217Z,2026-05-03 19:57:21.217,102631,56,3640,-2128,-514
2026-05-03T23:57:21.257Z,2026-05-03 19:57:21.257,102631,57,3563,-764,65
2026-05-03T23:57:21.297Z,2026-05-03 19:57:21.297,102631,58,3537,-1123,-1456
2026-05-03T23:57:21.337Z,2026-05-03 19:57:21.337,102631,59,3661,-1254,-1841
2026-05-03T23:57:21.377Z,2026-05-03 19:57:21.377,102631,60,3547,-631,-1814
2026-05-03T23:57:21.417Z,2026-05-03 19:57:21.417,102631,61,3659,-1362,-831
2026-05-03T23:57:21.457Z,2026-05-03 19:57:21.457,102631,62,3666,-1026,-652
2026-05-03T23:57:21.497Z,2026-05-03 19:57:21.497,102631,63,3701,-951,23
2026-05-03T23:57:21.537Z,2026-05-03 19:57:21.537,102631,64,3755,-1394,591
2026-05-03T23:57:21.577Z,2026-05-03 19:57:21.577,102631,65,3758,-805,543
2026-05-03T23:57:21.617Z,2026-05-03 19:57:21.617,102631,66,3727,-1486,973
2026-05-03T23:57:21.657Z,2026-05-03 19:57:21.657,102631,67,3743,-817,653
2026-05-03T23:57:21.697Z,2026-05-03 19:57:21.697,102631,68,3755,-1472,928
2026-05-03T23:57:21.737Z,2026-05-03 19:57:21.737,102631,69,3695,-880,114
2026-05-03T23:57:21.777Z,2026-05-03 19:57:21.777,102631,70,3718,-1403,247
2026-05-03T23:57:21.817Z,2026-05-03 19:57:21.817,102631,71,3635,-913,-414
2026-05-03T23:57:21.857Z,2026-05-03 19:57:21.857,102631,72,3606,-1317,-731
2026-05-03T23:57:21.897Z,2026-05-03 19:57:21.897,102631,73,3593,-808,-1056
2026-05-03T23:57:21.937Z,2026-05-03 19:57:21.937,102631,74,3931,97,-784
2026-05-03T23:57:21.977Z,2026-05-03 19:57:21.977,102631,75,4065,2185,-1494
2026-05-03T23:57:22.017Z,2026-05-03 19:57:22.017,102631,76,3564,943,-1062
2026-05-03T23:57:22.057Z,2026-05-03 19:57:22.057,102631,77,3817,1826,-99
2026-05-03T23:57:22.097Z,2026-05-03 19:57:22.097,102631,78,3874,1351,1112
2026-05-03T23:57:22.137Z,2026-05-03 19:57:22.137,102631,79,3800,1137,978
2026-05-03T23:57:22.177Z,2026-05-03 19:57:22.177,102631,80,3844,1570,681
2026-05-03T23:57:22.217Z,2026-05-03 19:57:22.217,102631,81,3771,978,1397
2026-05-03T23:57:22.257Z,2026-05-03 19:57:22.257,102631,82,3918,1585,1157
2026-05-03T23:57:22.297Z,2026-05-03 19:57:22.297,102631,83,3704,899,1381
2026-05-03T23:57:22.337Z,2026-05-03 19:57:22.337,102631,84,3830,1323,1059
2026-05-03T23:57:22.377Z,2026-05-03 19:57:22.377,102631,85,4018,1247,1077
2026-05-03T23:57:22.417Z,2026-05-03 19:57:22.417,102631,86,3991,-754,1723
2026-05-03T23:57:22.457Z,2026-05-03 19:57:22.457,102631,87,3799,-1727,2095
2026-05-03T23:57:22.497Z,2026-05-03 19:57:22.497,102631,88,3814,-1101,890
2026-05-03T23:57:22.537Z,2026-05-03 19:57:22.537,102631,89,3675,-1411,-1498
2026-05-03T23:57:22.577Z,2026-05-03 19:57:22.577,102631,90,3565,-621,-2172
2026-05-03T23:57:22.617Z,2026-05-03 19:57:22.617,102631,91,3606,-1429,-2264
2026-05-03T23:57:22.657Z,2026-05-03 19:57:22.657,102631,92,3570,-863,-2211
2026-05-03T23:57:22.697Z,2026-05-03 19:57:22.697,102631,93,3636,-1122,-1562
2026-05-03T23:57:22.737Z,2026-05-03 19:57:22.737,102631,94,3669,-1101,-403
2026-05-03T23:57:22.777Z,2026-05-03 19:57:22.777,102631,95,3765,-1270,1287
2026-05-03T23:57:22.817Z,2026-05-03 19:57:22.817,102631,96,3797,-1292,1605
2026-05-03T23:57:22.857Z,2026-05-03 19:57:22.857,102631,97,3761,-801,1157
2026-05-03T23:57:22.897Z,2026-05-03 19:57:22.897,102631,98,4014,119,1962
2026-05-03T23:57:22.937Z,2026-05-03 19:57:22.937,102631,99,4060,1498,1454
2026-05-03T23:57:22.977Z,2026-05-03 19:57:22.977,102631,100,3763,1312,82
2026-05-03T23:57:23.017Z,2026-05-03 19:57:23.017,102632,1,3767,1425,-243
2026-05-03T23:57:23.057Z,2026-05-03 19:57:23.057,102632,2,3877,1655,49
2026-05-03T23:57:23.097Z,2026-05-03 19:57:23.097,102632,3,3704,1218,20
2026-05-03T23:57:23.137Z,2026-05-03 19:57:23.137,102632,4,3866,1747,-897
2026-05-03T23:57:23.177Z,2026-05-03 19:57:23.177,102632,5,3693,1100,-64
2026-05-03T23:57:23.217Z,2026-05-03 19:57:23.217,102632,6,3945,1477,-418
2026-05-03T23:57:23.257Z,2026-05-03 19:57:23.257,102632,7,3734,-1766,-4
2026-05-03T23:57:23.297Z,2026-05-03 19:57:23.297,102632,8,3904,-784,210
2026-05-03T23:57:23.337Z,2026-05-03 19:57:23.337,102632,9,3634,-1590,254
2026-05-03T23:57:23.377Z,2026-05-03 19:57:23.377,102632,10,3677,-973,60
2026-05-03T23:57:23.417Z,2026-05-03 19:57:23.417,102632,11,3706,-1299,-102
2026-05-03T23:57:23.457Z,2026-05-03 19:57:23.457,102632,12,3721,-1192,-577
2026-05-03T23:57:23.497Z,2026-05-03 19:57:23.497,102632,13,3649,-1026,-510
2026-05-03T23:57:23.537Z,2026-05-03 19:57:23.537,102632,14,3720,-1128,-664
2026-05-03T23:57:23.577Z,2026-05-03 19:57:23.577,102632,15,3711,-872,-730
2026-05-03T23:57:23.617Z,2026-05-03 19:57:23.617,102632,16,3826,86,-587
2026-05-03T23:57:23.657Z,2026-05-03 19:57:23.657,102632,17,3912,951,-425
2026-05-03T23:57:23.697Z,2026-05-03 19:57:23.697,102632,18,3839,1211,39
2026-05-03T23:57:23.737Z,2026-05-03 19:57:23.737,102632,19,3854,1343,664
2026-05-03T23:57:23.777Z,2026-05-03 19:57:23.777,102632,20,3916,1238,714
2026-05-03T23:57:23.817Z,2026-05-03 19:57:23.817,102632,21,3844,395,1344
2026-05-03T23:57:23.857Z,2026-05-03 19:57:23.857,102632,22,3885,-116,1347
2026-05-03T23:57:23.897Z,2026-05-03 19:57:23.897,102632,23,3822,-717,1334
2026-05-03T23:57:23.937Z,2026-05-03 19:57:23.937,102632,24,3811,-718,1044
2026-05-03T23:57:23.977Z,2026-05-03 19:57:23.977,102632,25,3866,-315,627
2026-05-03T23:57:24.017Z,2026-05-03 19:57:24.017,102632,26,3786,126,-272
2026-05-03T23:57:24.057Z,2026-05-03 19:57:24.057,102632,27,3769,435,-991
2026-05-03T23:57:24.097Z,2026-05-03 19:57:24.097,102632,28,3748,465,-1357
2026-05-03T23:57:24.137Z,2026-05-03 19:57:24.137,102632,29,3751,-3,-1349
2026-05-03T23:57:24.177Z,2026-05-03 19:57:24.177,102632,30,3730,-339,-990
2026-05-03T23:57:24.217Z,2026-05-03 19:57:24.217,102632,31,3729,-889,-322
2026-05-03T23:57:24.257Z,2026-05-03 19:57:24.257,102632,32,3782,-892,346
2026-05-03T23:57:24.297Z,2026-05-03 19:57:24.297,102632,33,3820,-574,730
2026-05-03T23:57:24.337Z,2026-05-03 19:57:24.337,102632,34,3857,-221,852
2026-05-03T23:57:24.377Z,2026-05-03 19:57:24.377,102632,35,3839,180,740
2026-05-03T23:57:24.417Z,2026-05-03 19:57:24.417,102632,36,3887,819,507
2026-05-03T23:57:24.457Z,2026-05-03 19:57:24.457,102632,37,3872,970,397
2026-05-03T23:57:24.497Z,2026-05-03 19:57:24.497,102632,38,3845,516,180
2026-05-03T23:57:24.537Z,2026-05-03 19:57:24.537,102632,39,3815,-82,54
2026-05-03T23:57:24.577Z,2026-05-03 19:57:24.577,102632,40,3805,-334,73
2026-05-03T23:57:24.617Z,2026-05-03 19:57:24.617,102632,41,3778,-517,-12
2026-05-03T23:57:24.657Z,2026-05-03 19:57:24.657,102632,42,3779,-556,-176
2026-05-03T23:57:24.697Z,2026-05-03 19:57:24.697,102632,43,3789,-304,-321
2026-05-03T23:57:24.737Z,2026-05-03 19:57:24.737,102632,44,3806,83,-382
2026-05-03T23:57:24.777Z,2026-05-03 19:57:24.777,102632,45,3818,235,-270
2026-05-03T23:57:24.817Z,2026-05-03 19:57:24.817,102632,46,3823,179,-83
2026-05-03T23:57:24.857Z,2026-05-03 19:57:24.857,102632,47,3803,-87,151
2026-05-03T23:57:24.897Z,2026-05-03 19:57:24.897,102632,48,3813,-291,356
2026-05-03T23:57:24.937Z,2026-05-03 19:57:24.937,102632,49,3817,-261,499
2026-05-03T23:57:24.977Z,2026-05-03 19:57:24.977,102632,50,3832,-83,481
2026-05-03T23:57:25.017Z,2026-05-03 19:57:25.017,102632,51,3845,127,327
2026-05-03T23:57:25.057Z,2026-05-03 19:57:25.057,102632,52,3835,260,134
2026-05-03T23:57:25.097Z,2026-05-03 19:57:25.097,102632,53,3815,118,-62
2026-05-03T23:57:25.137Z,2026-05-03 19:57:25.137,102632,54,3809,-112,-177
2026-05-03T23:57:25.177Z,2026-05-03 19:57:25.177,102632,55,3795,-276,-206
2026-05-03T23:57:25.217Z,2026-05-03 19:57:25.217,102632,56,3789,-291,-198
2026-05-03T23:57:25.257Z,2026-05-03 19:57:25.257,102632,57,3812,-112,-114
2026-05-03T23:57:25.297Z,2026-05-03 19:57:25.297,102632,58,3829,83,4
2026-05-03T23:57:25.337Z,2026-05-03 19:57:25.337,102632,59,3834,117,144
2026-05-03T23:57:25.377Z,2026-05-03 19:57:25.377,102632,60,3820,21,293
2026-05-03T23:57:25.417Z,2026-05-03 19:57:25.417,102632,61,3829,-137,360
2026-05-03T23:57:25.457Z,2026-05-03 19:57:25.457,102632,62,3819,-158,361
2026-05-03T23:57:25.497Z,2026-05-03 19:57:25.497,102632,63,3816,-70,272
2026-05-03T23:57:25.537Z,2026-05-03 19:57:25.537,102632,64,3840,60,101
2026-05-03T23:57:25.577Z,2026-05-03 19:57:25.577,102632,65,3817,77,-61
2026-05-03T23:57:25.617Z,2026-05-03 19:57:25.617,102632,66,3801,-41,-146
2026-05-03T23:57:25.657Z,2026-05-03 19:57:25.657,102632,67,3800,-140,-197
2026-05-03T23:57:25.697Z,2026-05-03 19:57:25.697,102632,68,3805,-213,-139
2026-05-03T23:57:25.737Z,2026-05-03 19:57:25.737,102632,69,3810,-112,-30
2026-05-03T23:57:25.777Z,2026-05-03 19:57:25.777,102632,70,3813,12,71
2026-05-03T23:57:25.817Z,2026-05-03 19:57:25.817,102632,71,3832,84,198
2026-05-03T23:57:25.857Z,2026-05-03 19:57:25.857,102632,72,3822,34,283
2026-05-03T23:57:25.897Z,2026-05-03 19:57:25.897,102632,73,3820,-90,307
2026-05-03T23:57:25.937Z,2026-05-03 19:57:25.937,102632,74,3819,-138,276
2026-05-03T23:57:25.977Z,2026-05-03 19:57:25.977,102632,75,3825,-100,190
2026-05-03T23:57:26.017Z,2026-05-03 19:57:26.017,102632,76,3826,-1,41
2026-05-03T23:57:26.057Z,2026-05-03 19:57:26.057,102632,77,3814,-2,-58
2026-05-03T23:57:26.097Z,2026-05-03 19:57:26.097,102632,78,3808,-132,-151
2026-05-03T23:57:26.137Z,2026-05-03 19:57:26.137,102632,79,3802,-212,-169
2026-05-03T23:57:26.177Z,2026-05-03 19:57:26.177,102632,80,3796,-211,-158
2026-05-03T23:57:26.217Z,2026-05-03 19:57:26.217,102632,81,3799,-333,-88
2026-05-03T23:57:26.257Z,2026-05-03 19:57:26.257,102632,82,3813,-317,-34
2026-05-03T23:57:26.297Z,2026-05-03 19:57:26.297,102632,83,3817,-210,22
2026-05-03T23:57:26.337Z,2026-05-03 19:57:26.337,102632,84,3826,-152,59
2026-05-03T23:57:26.377Z,2026-05-03 19:57:26.377,102632,85,3829,-66,109
2026-05-03T23:57:26.417Z,2026-05-03 19:57:26.417,102632,86,3834,-95,229
2026-05-03T23:57:26.457Z,2026-05-03 19:57:26.457,102632,87,3821,-140,305
2026-05-03T23:57:26.497Z,2026-05-03 19:57:26.497,102632,88,3838,-124,317
2026-05-03T23:57:26.537Z,2026-05-03 19:57:26.537,102632,89,3813,-139,296
2026-05-03T23:57:26.577Z,2026-05-03 19:57:26.577,102632,90,3814,-80,211
2026-05-03T23:57:26.617Z,2026-05-03 19:57:26.617,102632,91,3813,-39,141
2026-05-03T23:57:26.657Z,2026-05-03 19:57:26.657,102632,92,3807,43,44
2026-05-03T23:57:26.697Z,2026-05-03 19:57:26.697,102632,93,3799,119,-31
2026-05-03T23:57:26.737Z,2026-05-03 19:57:26.737,102632,94,3777,108,-53
2026-05-03T23:57:26.777Z,2026-05-03 19:57:26.777,102632,95,3809,188,-53
2026-05-03T23:57:26.817Z,2026-05-03 19:57:26.817,102632,96,3814,214,-19
2026-05-03T23:57:26.857Z,2026-05-03 19:57:26.857,102632,97,3792,166,70
2026-05-03T23:57:26.897Z,2026-05-03 19:57:26.897,102632,98,3813,196,117
2026-05-03T23:57:26.937Z,2026-05-03 19:57:26.937,102632,99,3804,226,194
2026-05-03T23:57:26.977Z,2026-05-03 19:57:26.977,102632,100,3813,273,273
2026-05-03T23:57:27.017Z,2026-05-03 19:57:27.017,102633,1,3824,347,287
2026-05-03T23:57:27.057Z,2026-05-03 19:57:27.057,102633,2,3800,296,267
2026-05-03T23:57:27.097Z,2026-05-03 19:57:27.097,102633,3,3814,294,212
2026-05-03T23:57:27.137Z,2026-05-03 19:57:27.137,102633,4,3812,275,141
2026-05-03T23:57:27.177Z,2026-05-03 19:57:27.177,102633,5,3797,190,84
2026-05-03T23:57:27.217Z,2026-05-03 19:57:27.217,102633,6,3804,212,-2
2026-05-03T23:57:27.257Z,2026-05-03 19:57:27.257,102633,7,3790,153,-26
2026-05-03T23:57:27.297Z,2026-05-03 19:57:27.297,102633,8,3807,208,-23
2026-05-03T23:57:27.337Z,2026-05-03 19:57:27.337,102633,9,3809,248,32
2026-05-03T23:57:27.377Z,2026-05-03 19:57:27.377,102633,10,3809,275,108
2026-05-03T23:57:27.417Z,2026-05-03 19:57:27.417,102633,11,3835,271,158
2026-05-03T23:57:27.457Z,2026-05-03 19:57:27.457,102633,12,3811,260,214
2026-05-03T23:57:27.497Z,2026-05-03 19:57:27.497,102633,13,3813,277,225
2026-05-03T23:57:27.537Z,2026-05-03 19:57:27.537,102633,14,3801,265,217
2026-05-03T23:57:27.577Z,2026-05-03 19:57:27.577,102633,15,3825,315,162
2026-05-03T23:57:27.617Z,2026-05-03 19:57:27.617,102633,16,3810,306,131
2026-05-03T23:57:27.657Z,2026-05-03 19:57:27.657,102633,17,3800,322,105
2026-05-03T23:57:27.697Z,2026-05-03 19:57:27.697,102633,18,3814,307,76
2026-05-03T23:57:27.737Z,2026-05-03 19:57:27.737,102633,19,3806,292,68
2026-05-03T23:57:27.777Z,2026-05-03 19:57:27.777,102633,20,3799,276,72
2026-05-03T23:57:27.817Z,2026-05-03 19:57:27.817,102633,21,3804,390,89
2026-05-03T23:57:27.857Z,2026-05-03 19:57:27.857,102633,22,3815,444,127
2026-05-03T23:57:27.897Z,2026-05-03 19:57:27.897,102633,23,3805,372,151
2026-05-03T23:57:27.937Z,2026-05-03 19:57:27.937,102633,24,3817,319,143
2026-05-03T23:57:27.977Z,2026-05-03 19:57:27.977,102633,25,3793,254,174
2026-05-03T23:57:28.017Z,2026-05-03 19:57:28.017,102633,26,3808,265,182
2026-05-03T23:57:28.057Z,2026-05-03 19:57:28.057,102633,27,3796,354,171
2026-05-03T23:57:28.097Z,2026-05-03 19:57:28.097,102633,28,3812,349,147
2026-05-03T23:57:28.137Z,2026-05-03 19:57:28.137,102633,29,3807,327,133
2026-05-03T23:57:28.177Z,2026-05-03 19:57:28.177,102633,30,3809,360,100
2026-05-03T23:57:28.217Z,2026-05-03 19:57:28.217,102633,31,3792,357,90
2026-05-03T23:57:28.257Z,2026-05-03 19:57:28.257,102633,32,3817,343,87
2026-05-03T23:57:28.297Z,2026-05-03 19:57:28.297,102633,33,3802,380,113
2026-05-03T23:57:28.337Z,2026-05-03 19:57:28.337,102633,34,3822,451,126
2026-05-03T23:57:28.377Z,2026-05-03 19:57:28.377,102633,35,3802,376,158
2026-05-03T23:57:28.417Z,2026-05-03 19:57:28.417,102633,36,3800,475,166
2026-05-03T23:57:28.457Z,2026-05-03 19:57:28.457,102633,37,3806,513,171
2026-05-03T23:57:28.497Z,2026-05-03 19:57:28.497,102633,38,3798,672,168
2026-05-03T23:57:28.537Z,2026-05-03 19:57:28.537,102633,39,3818,884,181
2026-05-03T23:57:28.577Z,2026-05-03 19:57:28.577,102633,40,3791,1207,219
2026-05-03T23:57:28.617Z,2026-05-03 19:57:28.617,102633,41,3812,1306,102
2026-05-03T23:57:28.657Z,2026-05-03 19:57:28.657,102633,42,3798,1249,171
2026-05-03T23:57:28.697Z,2026-05-03 19:57:28.697,102633,43,3782,1229,248
2026-05-03T23:57:28.737Z,2026-05-03 19:57:28.737,102633,44,3795,1350,156
2026-05-03T23:57:28.777Z,2026-05-03 19:57:28.777,102633,45,3739,1192,317
2026-05-03T23:57:28.817Z,2026-05-03 19:57:28.817,102633,46,3773,1422,184
2026-05-03T23:57:28.857Z,2026-05-03 19:57:28.857,102633,47,3698,1206,326
2026-05-03T23:57:28.897Z,2026-05-03 19:57:28.897,102633,48,3714,1455,186
2026-05-03T23:57:28.937Z,2026-05-03 19:57:28.937,102633,49,3638,1285,331
2026-05-03T23:57:28.977Z,2026-05-03 19:57:28.977,102633,50,4189,1507,592
2026-05-03T23:57:29.017Z,2026-05-03 19:57:29.017,102633,51,3984,-3539,1443
2026-05-03T23:57:29.057Z,2026-05-03 19:57:29.057,102633,52,3702,903,-552
2026-05-03T23:57:29.097Z,2026-05-03 19:57:29.097,102633,53,3499,-3382,2220
2026-05-03T23:57:29.137Z,2026-05-03 19:57:29.137,102633,54,3602,375,-471
2026-05-03T23:57:29.177Z,2026-05-03 19:57:29.177,102633,55,3703,-1847,-286
2026-05-03T23:57:29.217Z,2026-05-03 19:57:29.217,102633,56,3625,-878,-637
2026-05-03T23:57:29.257Z,2026-05-03 19:57:29.257,102633,57,3591,-921,-590
2026-05-03T23:57:29.297Z,2026-05-03 19:57:29.297,102633,58,3728,-1419,-843
2026-05-03T23:57:29.337Z,2026-05-03 19:57:29.337,102633,59,3620,-507,-916
2026-05-03T23:57:29.377Z,2026-05-03 19:57:29.377,102633,60,3730,-1477,362
2026-05-03T23:57:29.417Z,2026-05-03 19:57:29.417,102633,61,3714,-736,153
2026-05-03T23:57:29.457Z,2026-05-03 19:57:29.457,102633,62,3772,-1267,837
2026-05-03T23:57:29.497Z,2026-05-03 19:57:29.497,102633,63,3744,-968,773
2026-05-03T23:57:29.537Z,2026-05-03 19:57:29.537,102633,64,3761,-1079,890
2026-05-03T23:57:29.577Z,2026-05-03 19:57:29.577,102633,65,3767,-1101,787
2026-05-03T23:57:29.617Z,2026-05-03 19:57:29.617,102633,66,3728,-861,255
2026-05-03T23:57:29.657Z,2026-05-03 19:57:29.657,102633,67,3740,-1234,323
2026-05-03T23:57:29.697Z,2026-05-03 19:57:29.697,102633,68,3715,-699,-330
2026-05-03T23:57:29.737Z,2026-05-03 19:57:29.737,102633,69,3726,-1254,-309
2026-05-03T23:57:29.777Z,2026-05-03 19:57:29.777,102633,70,3684,-650,-895
2026-05-03T23:57:29.817Z,2026-05-03 19:57:29.817,102633,71,3701,-1196,-654
2026-05-03T23:57:29.857Z,2026-05-03 19:57:29.857,102633,72,3688,-797,-634
2026-05-03T23:57:29.897Z,2026-05-03 19:57:29.897,102633,73,3694,-1120,-187
2026-05-03T23:57:29.937Z,2026-05-03 19:57:29.937,102633,74,3731,-962,-27
2026-05-03T23:57:29.977Z,2026-05-03 19:57:29.977,102633,75,3725,-1010,179
2026-05-03T23:57:30.017Z,2026-05-03 19:57:30.017,102633,76,3710,-1146,543
2026-05-03T23:57:30.057Z,2026-05-03 19:57:30.057,102633,77,3709,-1009,568
2026-05-03T23:57:30.097Z,2026-05-03 19:57:30.097,102633,78,3695,-1193,537
2026-05-03T23:57:30.137Z,2026-05-03 19:57:30.137,102633,79,3661,-1018,297
2026-05-03T23:57:30.177Z,2026-05-03 19:57:30.177,102633,80,3664,-1203,229
2026-05-03T23:57:30.217Z,2026-05-03 19:57:30.217,102633,81,3606,-1063,-67
2026-05-03T23:57:30.257Z,2026-05-03 19:57:30.257,102633,82,3581,-1150,-277
2026-05-03T23:57:30.297Z,2026-05-03 19:57:30.297,102633,83,3676,-928,-619
2026-05-03T23:57:30.337Z,2026-05-03 19:57:30.337,102633,84,4444,2196,-1350
2026-05-03T23:57:30.377Z,2026-05-03 19:57:30.377,102633,85,3322,383,-1089
2026-05-03T23:57:30.417Z,2026-05-03 19:57:30.417,102633,86,3998,2521,-1094
2026-05-03T23:57:30.457Z,2026-05-03 19:57:30.457,102633,87,3494,371,1350
2026-05-03T23:57:30.497Z,2026-05-03 19:57:30.497,102633,88,4105,2269,299
2026-05-03T23:57:30.537Z,2026-05-03 19:57:30.537,102633,89,3586,394,1787
2026-05-03T23:57:30.577Z,2026-05-03 19:57:30.577,102633,90,4027,1898,954
2026-05-03T23:57:30.617Z,2026-05-03 19:57:30.617,102633,91,3756,911,1654
2026-05-03T23:57:30.657Z,2026-05-03 19:57:30.657,102633,92,3833,1249,1225
2026-05-03T23:57:30.697Z,2026-05-03 19:57:30.697,102633,93,3871,1487,955
2026-05-03T23:57:30.737Z,2026-05-03 19:57:30.737,102633,94,3734,946,1032
2026-05-03T23:57:30.777Z,2026-05-03 19:57:30.777,102633,95,3921,1668,605
2026-05-03T23:57:30.817Z,2026-05-03 19:57:30.817,102633,96,3721,973,638
2026-05-03T23:57:30.857Z,2026-05-03 19:57:30.857,102633,97,3840,1731,-425
2026-05-03T23:57:30.897Z,2026-05-03 19:57:30.897,102633,98,3601,1130,-282
2026-05-03T23:57:30.937Z,2026-05-03 19:57:30.937,102633,99,3700,1668,-994
2026-05-03T23:57:30.977Z,2026-05-03 19:57:30.977,102633,100,4171,1132,-1324
2026-05-03T23:57:31.017Z,2026-05-03 19:57:31.017,102634,1,3793,-3151,1971
2026-05-03T23:57:31.057Z,2026-05-03 19:57:31.057,102634,2,3534,24,-573
2026-05-03T23:57:31.097Z,2026-05-03 19:57:31.097,102634,3,3718,-1913,154
2026-05-03T23:57:31.137Z,2026-05-03 19:57:31.137,102634,4,3703,-869,-12
2026-05-03T23:57:31.177Z,2026-05-03 19:57:31.177,102634,5,3636,-1120,60
2026-05-03T23:57:31.217Z,2026-05-03 19:57:31.217,102634,6,3781,-1485,256
2026-05-03T23:57:31.257Z,2026-05-03 19:57:31.257,102634,7,3657,-576,-552
2026-05-03T23:57:31.297Z,2026-05-03 19:57:31.297,102634,8,3782,-1698,485
2026-05-03T23:57:31.337Z,2026-05-03 19:57:31.337,102634,9,3706,-619,-163
2026-05-03T23:57:31.377Z,2026-05-03 19:57:31.377,102634,10,3750,-1516,297
2026-05-03T23:57:31.417Z,2026-05-03 19:57:31.417,102634,11,3768,-836,-248
2026-05-03T23:57:31.457Z,2026-05-03 19:57:31.457,102634,12,3689,-1228,39
2026-05-03T23:57:31.497Z,2026-05-03 19:57:31.497,102634,13,3765,-1051,-74
2026-05-03T23:57:31.537Z,2026-05-03 19:57:31.537,102634,14,3673,-1138,3
2026-05-03T23:57:31.577Z,2026-05-03 19:57:31.577,102634,15,3731,-1065,-22
2026-05-03T23:57:31.617Z,2026-05-03 19:57:31.617,102634,16,3693,-1180,-71
2026-05-03T23:57:31.657Z,2026-05-03 19:57:31.657,102634,17,3682,-1012,-54
2026-05-03T23:57:31.697Z,2026-05-03 19:57:31.697,102634,18,3673,-1263,47
2026-05-03T23:57:31.737Z,2026-05-03 19:57:31.737,102634,19,3657,-1016,-49
2026-05-03T23:57:31.777Z,2026-05-03 19:57:31.777,102634,20,3620,-1257,43
2026-05-03T23:57:31.817Z,2026-05-03 19:57:31.817,102634,21,3829,-948,-259
2026-05-03T23:57:31.857Z,2026-05-03 19:57:31.857,102634,22,4321,2497,-1625
2026-05-03T23:57:31.897Z,2026-05-03 19:57:31.897,102634,23,3369,426,-996
2026-05-03T23:57:31.937Z,2026-05-03 19:57:31.937,102634,24,4015,2458,-528
2026-05-03T23:57:31.977Z,2026-05-03 19:57:31.977,102634,25,3576,495,1445
2026-05-03T23:57:32.017Z,2026-05-03 19:57:32.017,102634,26,4069,2071,70
2026-05-03T23:57:32.057Z,2026-05-03 19:57:32.057,102634,27,3684,727,1511
2026-05-03T23:57:32.097Z,2026-05-03 19:57:32.097,102634,28,3971,1624,1112
2026-05-03T23:57:32.137Z,2026-05-03 19:57:32.137,102634,29,3833,1109,1452
2026-05-03T23:57:32.177Z,2026-05-03 19:57:32.177,102634,30,3849,1281,976
2026-05-03T23:57:32.217Z,2026-05-03 19:57:32.217,102634,31,3856,1397,854
2026-05-03T23:57:32.257Z,2026-05-03 19:57:32.257,102634,32,3761,1118,811
2026-05-03T23:57:32.297Z,2026-05-03 19:57:32.297,102634,33,3852,1569,250
2026-05-03T23:57:32.337Z,2026-05-03 19:57:32.337,102634,34,3930,1081,478
2026-05-03T23:57:32.377Z,2026-05-03 19:57:32.377,102634,35,3916,-968,-1193
2026-05-03T23:57:32.417Z,2026-05-03 19:57:32.417,102634,36,3771,-1302,395
2026-05-03T23:57:32.457Z,2026-05-03 19:57:32.457,102634,37,3554,-1697,975
2026-05-03T23:57:32.497Z,2026-05-03 19:57:32.497,102634,38,3718,-747,-1095
2026-05-03T23:57:32.537Z,2026-05-03 19:57:32.537,102634,39,3728,-1357,-1047
2026-05-03T23:57:32.577Z,2026-05-03 19:57:32.577,102634,40,3618,-949,-807
2026-05-03T23:57:32.617Z,2026-05-03 19:57:32.617,102634,41,3695,-1348,-363
2026-05-03T23:57:32.657Z,2026-05-03 19:57:32.657,102634,42,3723,-991,-819
2026-05-03T23:57:32.697Z,2026-05-03 19:57:32.697,102634,43,3704,-1143,304
2026-05-03T23:57:32.737Z,2026-05-03 19:57:32.737,102634,44,3719,-1321,702
2026-05-03T23:57:32.777Z,2026-05-03 19:57:32.777,102634,45,3743,-1057,528
2026-05-03T23:57:32.817Z,2026-05-03 19:57:32.817,102634,46,3726,-1303,722
2026-05-03T23:57:32.857Z,2026-05-03 19:57:32.857,102634,47,3708,-1075,629
2026-05-03T23:57:32.897Z,2026-05-03 19:57:32.897,102634,48,3684,-1314,550
2026-05-03T23:57:32.937Z,2026-05-03 19:57:32.937,102634,49,3813,-969,-139
2026-05-03T23:57:32.977Z,2026-05-03 19:57:32.977,102634,50,4061,1610,-1167
2026-05-03T23:57:33.017Z,2026-05-03 19:57:33.017,102634,51,3661,1102,-1415
2026-05-03T23:57:33.057Z,2026-05-03 19:57:33.057,102634,52,3861,1865,-841
2026-05-03T23:57:33.097Z,2026-05-03 19:57:33.097,102634,53,3636,967,230
2026-05-03T23:57:33.137Z,2026-05-03 19:57:33.137,102634,54,3996,1952,-104
2026-05-03T23:57:33.177Z,2026-05-03 19:57:33.177,102634,55,3725,764,1500
2026-05-03T23:57:33.217Z,2026-05-03 19:57:33.217,102634,56,3989,1695,913
2026-05-03T23:57:33.257Z,2026-05-03 19:57:33.257,102634,57,3757,803,1469
2026-05-03T23:57:33.297Z,2026-05-03 19:57:33.297,102634,58,3998,1246,1164
2026-05-03T23:57:33.337Z,2026-05-03 19:57:33.337,102634,59,3906,-635,1461
2026-05-03T23:57:33.377Z,2026-05-03 19:57:33.377,102634,60,3791,-1300,1344
2026-05-03T23:57:33.417Z,2026-05-03 19:57:33.417,102634,61,3753,-1195,1104
2026-05-03T23:57:33.457Z,2026-05-03 19:57:33.457,102634,62,3784,-1186,604
2026-05-03T23:57:33.497Z,2026-05-03 19:57:33.497,102634,63,3692,-1428,230
2026-05-03T23:57:33.537Z,2026-05-03 19:57:33.537,102634,64,3654,-926,-1630
2026-05-03T23:57:33.577Z,2026-05-03 19:57:33.577,102634,65,3665,-461,-2704
2026-05-03T23:57:33.617Z,2026-05-03 19:57:33.617,102634,66,3648,-35,-2384
2026-05-03T23:57:33.657Z,2026-05-03 19:57:33.657,102634,67,3697,304,-1771
2026-05-03T23:57:33.697Z,2026-05-03 19:57:33.697,102634,68,3763,288,-982
2026-05-03T23:57:33.737Z,2026-05-03 19:57:33.737,102634,69,3802,108,198
2026-05-03T23:57:33.777Z,2026-05-03 19:57:33.777,102634,70,3863,-508,1516
2026-05-03T23:57:33.817Z,2026-05-03 19:57:33.817,102634,71,3918,-16,1803
2026-05-03T23:57:33.857Z,2026-05-03 19:57:33.857,102634,72,3860,237,1561
2026-05-03T23:57:33.897Z,2026-05-03 19:57:33.897,102634,73,3751,385,1155
2026-05-03T23:57:33.937Z,2026-05-03 19:57:33.937,102634,74,3830,611,1256
2026-05-03T23:57:33.977Z,2026-05-03 19:57:33.977,102634,75,3972,434,1662
2026-05-03T23:57:34.017Z,2026-05-03 19:57:34.017,102634,76,3816,59,962
2026-05-03T23:57:34.057Z,2026-05-03 19:57:34.057,102634,77,3757,-92,131
2026-05-03T23:57:34.097Z,2026-05-03 19:57:34.097,102634,78,3878,439,-370
2026-05-03T23:57:34.137Z,2026-05-03 19:57:34.137,102634,79,3699,-652,-674
2026-05-03T23:57:34.177Z,2026-05-03 19:57:34.177,102634,80,3732,125,-1519
2026-05-03T23:57:34.217Z,2026-05-03 19:57:34.217,102634,81,3658,-834,-1752
2026-05-03T23:57:34.257Z,2026-05-03 19:57:34.257,102634,82,3711,-367,-1679
2026-05-03T23:57:34.297Z,2026-05-03 19:57:34.297,102634,83,3724,-755,-463
2026-05-03T23:57:34.337Z,2026-05-03 19:57:34.337,102634,84,3813,-365,471
2026-05-03T23:57:34.377Z,2026-05-03 19:57:34.377,102634,85,3838,-363,840
2026-05-03T23:57:34.417Z,2026-05-03 19:57:34.417,102634,86,3847,-267,1036
2026-05-03T23:57:34.457Z,2026-05-03 19:57:34.457,102634,87,3904,578,1138
2026-05-03T23:57:34.497Z,2026-05-03 19:57:34.497,102634,88,3880,768,1144
2026-05-03T23:57:34.537Z,2026-05-03 19:57:34.537,102634,89,3881,825,828
2026-05-03T23:57:34.577Z,2026-05-03 19:57:34.577,102634,90,3835,338,494
2026-05-03T23:57:34.617Z,2026-05-03 19:57:34.617,102634,91,3805,-89,111
2026-05-03T23:57:34.657Z,2026-05-03 19:57:34.657,102634,92,3828,-180,-117
2026-05-03T23:57:34.697Z,2026-05-03 19:57:34.697,102634,93,3757,-502,-354
2026-05-03T23:57:34.737Z,2026-05-03 19:57:34.737,102634,94,3763,-372,-646
2026-05-03T23:57:34.777Z,2026-05-03 19:57:34.777,102634,95,3733,-482,-773
2026-05-03T23:57:34.817Z,2026-05-03 19:57:34.817,102634,96,3780,-139,-802
2026-05-03T23:57:34.857Z,2026-05-03 19:57:34.857,102634,97,3779,26,-382
2026-05-03T23:57:34.897Z,2026-05-03 19:57:34.897,102634,98,3823,112,89
2026-05-03T23:57:34.937Z,2026-05-03 19:57:34.937,102634,99,3826,-61,396
2026-05-03T23:57:34.977Z,2026-05-03 19:57:34.977,102634,100,3834,-143,624
2026-05-03T23:57:35.017Z,2026-05-03 19:57:35.017,102635,1,3861,-89,813
2026-05-03T23:57:35.057Z,2026-05-03 19:57:35.057,102635,2,3853,7,811
2026-05-03T23:57:35.097Z,2026-05-03 19:57:35.097,102635,3,3863,259,510
2026-05-03T23:57:35.137Z,2026-05-03 19:57:35.137,102635,4,3819,227,193
2026-05-03T23:57:35.177Z,2026-05-03 19:57:35.177,102635,5,3822,33,-133
2026-05-03T23:57:35.217Z,2026-05-03 19:57:35.217,102635,6,3773,-157,-357
2026-05-03T23:57:35.257Z,2026-05-03 19:57:35.257,102635,7,3777,-236,-464
2026-05-03T23:57:35.297Z,2026-05-03 19:57:35.297,102635,8,3767,-324,-446
2026-05-03T23:57:35.337Z,2026-05-03 19:57:35.337,102635,9,3767,-288,-339
2026-05-03T23:57:35.377Z,2026-05-03 19:57:35.377,102635,10,3791,-114,-80
2026-05-03T23:57:35.417Z,2026-05-03 19:57:35.417,102635,11,3833,27,162
2026-05-03T23:57:35.457Z,2026-05-03 19:57:35.457,102635,12,3830,-202,370
2026-05-03T23:57:35.497Z,2026-05-03 19:57:35.497,102635,13,3831,-209,424
2026-05-03T23:57:35.537Z,2026-05-03 19:57:35.537,102635,14,3828,-101,390
2026-05-03T23:57:35.577Z,2026-05-03 19:57:35.577,102635,15,3816,-85,279
2026-05-03T23:57:35.617Z,2026-05-03 19:57:35.617,102635,16,3823,-81,104
2026-05-03T23:57:35.657Z,2026-05-03 19:57:35.657,102635,17,3837,-32,5
2026-05-03T23:57:35.697Z,2026-05-03 19:57:35.697,102635,18,3820,-74,-36
2026-05-03T23:57:35.737Z,2026-05-03 19:57:35.737,102635,19,3810,-148,-53
2026-05-03T23:57:35.777Z,2026-05-03 19:57:35.777,102635,20,3805,-257,-63
2026-05-03T23:57:35.817Z,2026-05-03 19:57:35.817,102635,21,3805,-305,-18
2026-05-03T23:57:35.857Z,2026-05-03 19:57:35.857,102635,22,3804,-256,29
2026-05-03T23:57:35.897Z,2026-05-03 19:57:35.897,102635,23,3805,-251,81
2026-05-03T23:57:35.937Z,2026-05-03 19:57:35.937,102635,24,3796,-210,148
2026-05-03T23:57:35.977Z,2026-05-03 19:57:35.977,102635,25,3815,-144,193
2026-05-03T23:57:36.017Z,2026-05-03 19:57:36.017,102635,26,3796,-82,204
2026-05-03T23:57:36.057Z,2026-05-03 19:57:36.057,102635,27,3796,-12,187
2026-05-03T23:57:36.097Z,2026-05-03 19:57:36.097,102635,28,3798,66,145
2026-05-03T23:57:36.137Z,2026-05-03 19:57:36.137,102635,29,3793,148,110
2026-05-03T23:57:36.177Z,2026-05-03 19:57:36.177,102635,30,3807,218,84
2026-05-03T23:57:36.217Z,2026-05-03 19:57:36.217,102635,31,3802,279,63
2026-05-03T23:57:36.257Z,2026-05-03 19:57:36.257,102635,32,3794,328,64
2026-05-03T23:57:36.297Z,2026-05-03 19:57:36.297,102635,33,3798,388,79
2026-05-03T23:57:36.337Z,2026-05-03 19:57:36.337,102635,34,3798,420,95
2026-05-03T23:57:36.377Z,2026-05-03 19:57:36.377,102635,35,3800,447,134
2026-05-03T23:57:36.417Z,2026-05-03 19:57:36.417,102635,36,3803,497,156
2026-05-03T23:57:36.457Z,2026-05-03 19:57:36.457,102635,37,3819,499,172
2026-05-03T23:57:36.497Z,2026-05-03 19:57:36.497,102635,38,3809,440,186
2026-05-03T23:57:36.537Z,2026-05-03 19:57:36.537,102635,39,3808,436,203
2026-05-03T23:57:36.577Z,2026-05-03 19:57:36.577,102635,40,3809,452,177
2026-05-03T23:57:36.617Z,2026-05-03 19:57:36.617,102635,41,3818,437,173
2026-05-03T23:57:36.657Z,2026-05-03 19:57:36.657,102635,42,3817,500,157
2026-05-03T23:57:36.697Z,2026-05-03 19:57:36.697,102635,43,3820,418,141
2026-05-03T23:57:36.737Z,2026-05-03 19:57:36.737,102635,44,3813,473,106
2026-05-03T23:57:36.777Z,2026-05-03 19:57:36.777,102635,45,3814,500,95
2026-05-03T23:57:36.817Z,2026-05-03 19:57:36.817,102635,46,3795,523,97
2026-05-03T23:57:36.857Z,2026-05-03 19:57:36.857,102635,47,3795,711,122
2026-05-03T23:57:36.897Z,2026-05-03 19:57:36.897,102635,48,3799,1003,125
2026-05-03T23:57:36.937Z,2026-05-03 19:57:36.937,102635,49,3809,1226,203
2026-05-03T23:57:36.977Z,2026-05-03 19:57:36.977,102635,50,3813,1328,209
2026-05-03T23:57:37.017Z,2026-05-03 19:57:37.017,102635,51,3784,1228,295
2026-05-03T23:57:37.057Z,2026-05-03 19:57:37.057,102635,52,3796,1316,288
2026-05-03T23:57:37.097Z,2026-05-03 19:57:37.097,102635,53,3771,1280,297
2026-05-03T23:57:37.137Z,2026-05-03 19:57:37.137,102635,54,3762,1308,290
2026-05-03T23:57:37.177Z,2026-05-03 19:57:37.177,102635,55,3747,1347,253
2026-05-03T23:57:37.217Z,2026-05-03 19:57:37.217,102635,56,3702,1339,263
2026-05-03T23:57:37.257Z,2026-05-03 19:57:37.257,102635,57,3668,1398,227
2026-05-03T23:57:37.297Z,2026-05-03 19:57:37.297,102635,58,4326,1486,682
2026-05-03T23:57:37.337Z,2026-05-03 19:57:37.337,102635,59,3860,-3711,2539
2026-05-03T23:57:37.377Z,2026-05-03 19:57:37.377,102635,60,3651,968,-1314
2026-05-03T23:57:37.417Z,2026-05-03 19:57:37.417,102635,61,3642,-3072,1298
2026-05-03T23:57:37.457Z,2026-05-03 19:57:37.457,102635,62,3536,-13,-218
2026-05-03T23:57:37.497Z,2026-05-03 19:57:37.497,102635,63,3649,-1690,-931
2026-05-03T23:57:37.537Z,2026-05-03 19:57:37.537,102635,64,3635,-862,-1094
2026-05-03T23:57:37.577Z,2026-05-03 19:57:37.577,102635,65,3573,-983,-904
2026-05-03T23:57:37.617Z,2026-05-03 19:57:37.617,102635,66,3697,-1281,-580
2026-05-03T23:57:37.657Z,2026-05-03 19:57:37.657,102635,67,3659,-836,-586
2026-05-03T23:57:37.697Z,2026-05-03 19:57:37.697,102635,68,3745,-1171,221
2026-05-03T23:57:37.737Z,2026-05-03 19:57:37.737,102635,69,3725,-1043,313
2026-05-03T23:57:37.777Z,2026-05-03 19:57:37.777,102635,70,3769,-1043,700
2026-05-03T23:57:37.817Z,2026-05-03 19:57:37.817,102635,71,3762,-1184,891
2026-05-03T23:57:37.857Z,2026-05-03 19:57:37.857,102635,72,3750,-960,657
2026-05-03T23:57:37.897Z,2026-05-03 19:57:37.897,102635,73,3752,-1209,540
2026-05-03T23:57:37.937Z,2026-05-03 19:57:37.937,102635,74,3720,-858,-60
2026-05-03T23:57:37.977Z,2026-05-03 19:57:37.977,102635,75,3731,-1224,22
2026-05-03T23:57:38.017Z,2026-05-03 19:57:38.017,102635,76,3678,-826,-611
2026-05-03T23:57:38.057Z,2026-05-03 19:57:38.057,102635,77,3711,-1152,-567
2026-05-03T23:57:38.097Z,2026-05-03 19:57:38.097,102635,78,3663,-904,-709
2026-05-03T23:57:38.137Z,2026-05-03 19:57:38.137,102635,79,3681,-1075,-515
2026-05-03T23:57:38.177Z,2026-05-03 19:57:38.177,102635,80,3691,-1048,-268
2026-05-03T23:57:38.217Z,2026-05-03 19:57:38.217,102635,81,3672,-1057,68
2026-05-03T23:57:38.257Z,2026-05-03 19:57:38.257,102635,82,3690,-1184,437
2026-05-03T23:57:38.297Z,2026-05-03 19:57:38.297,102635,83,3660,-1073,407
2026-05-03T23:57:38.337Z,2026-05-03 19:57:38.337,102635,84,3649,-1231,529
2026-05-03T23:57:38.377Z,2026-05-03 19:57:38.377,102635,85,3613,-1104,422
2026-05-03T23:57:38.417Z,2026-05-03 19:57:38.417,102635,86,3642,-1217,366
2026-05-03T23:57:38.457Z,2026-05-03 19:57:38.457,102635,87,4571,1531,75
2026-05-03T23:57:38.497Z,2026-05-03 19:57:38.497,102635,88,3410,662,-391
2026-05-03T23:57:38.537Z,2026-05-03 19:57:38.537,102635,89,3964,2185,-888
2026-05-03T23:57:38.577Z,2026-05-03 19:57:38.577,102635,90,3506,580,446
2026-05-03T23:57:38.617Z,2026-05-03 19:57:38.617,102635,91,4042,2277,-308
2026-05-03T23:57:38.657Z,2026-05-03 19:57:38.657,102635,92,3594,421,1525
2026-05-03T23:57:38.697Z,2026-05-03 19:57:38.697,102635,93,4072,2120,228
2026-05-03T23:57:38.737Z,2026-05-03 19:57:38.737,102635,94,3670,682,1301
2026-05-03T23:57:38.777Z,2026-05-03 19:57:38.777,102635,95,3957,1697,667
2026-05-03T23:57:38.817Z,2026-05-03 19:57:38.817,102635,96,3774,1016,1316
2026-05-03T23:57:38.857Z,2026-05-03 19:57:38.857,102635,97,3860,1375,665
2026-05-03T23:57:38.897Z,2026-05-03 19:57:38.897,102635,98,3800,1339,408
2026-05-03T23:57:38.937Z,2026-05-03 19:57:38.937,102635,99,3751,1214,296
2026-05-03T23:57:38.977Z,2026-05-03 19:57:38.977,102635,100,3815,1634,-385
2026-05-03T23:57:39.017Z,2026-05-03 19:57:39.017,102636,1,3601,1094,-104
2026-05-03T23:57:39.057Z,2026-05-03 19:57:39.057,102636,2,3808,1810,-718
2026-05-03T23:57:39.097Z,2026-05-03 19:57:39.097,102636,3,4162,21,-774
2026-05-03T23:57:39.137Z,2026-05-03 19:57:39.137,102636,4,3710,-2471,2463
2026-05-03T23:57:39.177Z,2026-05-03 19:57:39.177,102636,5,3621,-681,148
2026-05-03T23:57:39.217Z,2026-05-03 19:57:39.217,102636,6,3750,-1179,-433
2026-05-03T23:57:39.257Z,2026-05-03 19:57:39.257,102636,7,3712,-1453,520
2026-05-03T23:57:39.297Z,2026-05-03 19:57:39.297,102636,8,3641,-716,-480
2026-05-03T23:57:39.337Z,2026-05-03 19:57:39.337,102636,9,3778,-1689,89
2026-05-03T23:57:39.377Z,2026-05-03 19:57:39.377,102636,10,3671,-535,-806
2026-05-03T23:57:39.417Z,2026-05-03 19:57:39.417,102636,11,3759,-1536,125
2026-05-03T23:57:39.457Z,2026-05-03 19:57:39.457,102636,12,3715,-877,-174
2026-05-03T23:57:39.497Z,2026-05-03 19:57:39.497,102636,13,3698,-1225,121
2026-05-03T23:57:39.537Z,2026-05-03 19:57:39.537,102636,14,3764,-1107,-100
2026-05-03T23:57:39.577Z,2026-05-03 19:57:39.577,102636,15,3700,-1073,112
2026-05-03T23:57:39.617Z,2026-05-03 19:57:39.617,102636,16,3746,-1208,371
2026-05-03T23:57:39.657Z,2026-05-03 19:57:39.657,102636,17,3712,-1111,243
2026-05-03T23:57:39.697Z,2026-05-03 19:57:39.697,102636,18,3716,-1168,111
2026-05-03T23:57:39.737Z,2026-05-03 19:57:39.737,102636,19,3695,-1153,-68
2026-05-03T23:57:39.777Z,2026-05-03 19:57:39.777,102636,20,3659,-1125,-155
2026-05-03T23:57:39.817Z,2026-05-03 19:57:39.817,102636,21,3634,-1201,-167
2026-05-03T23:57:39.857Z,2026-05-03 19:57:39.857,102636,22,3646,-1044,-327
2026-05-03T23:57:39.897Z,2026-05-03 19:57:39.897,102636,23,4293,983,52
2026-05-03T23:57:39.937Z,2026-05-03 19:57:39.937,102636,24,3686,1272,-637
2026-05-03T23:57:39.977Z,2026-05-03 19:57:39.977,102636,25,3834,1696,-173
2026-05-03T23:57:40.017Z,2026-05-03 19:57:40.017,102636,26,3673,948,684
2026-05-03T23:57:40.057Z,2026-05-03 19:57:40.057,102636,27,4044,2061,176
2026-05-03T23:57:40.097Z,2026-05-03 19:57:40.097,102636,28,3630,518,1477
2026-05-03T23:57:40.137Z,2026-05-03 19:57:40.137,102636,29,4045,2028,633
2026-05-03T23:57:40.177Z,2026-05-03 19:57:40.177,102636,30,3683,634,1787
2026-05-03T23:57:40.217Z,2026-05-03 19:57:40.217,102636,31,3982,1820,693
2026-05-03T23:57:40.257Z,2026-05-03 19:57:40.257,102636,32,3691,879,1154
2026-05-03T23:57:40.297Z,2026-05-03 19:57:40.297,102636,33,3891,1629,279
2026-05-03T23:57:40.337Z,2026-05-03 19:57:40.337,102636,34,3735,1100,571
2026-05-03T23:57:40.377Z,2026-05-03 19:57:40.377,102636,35,4162,1519,149
2026-05-03T23:57:40.417Z,2026-05-03 19:57:40.417,102636,36,3836,-2041,-827
2026-05-03T23:57:40.457Z,2026-05-03 19:57:40.457,102636,37,3651,-278,-947
2026-05-03T23:57:40.497Z,2026-05-03 19:57:40.497,102636,38,3598,-2322,415
2026-05-03T23:57:40.537Z,2026-05-03 19:57:40.537,102636,39,3606,-376,-1222
2026-05-03T23:57:40.577Z,2026-05-03 19:57:40.577,102636,40,3712,-1479,-993
2026-05-03T23:57:40.617Z,2026-05-03 19:57:40.617,102636,41,3686,-1007,-706
2026-05-03T23:57:40.657Z,2026-05-03 19:57:40.657,102636,42,3650,-1253,26
2026-05-03T23:57:40.697Z,2026-05-03 19:57:40.697,102636,43,3735,-1191,-403
2026-05-03T23:57:40.737Z,2026-05-03 19:57:40.737,102636,44,3758,-974,67
2026-05-03T23:57:40.777Z,2026-05-03 19:57:40.777,102636,45,3713,-1432,910
2026-05-03T23:57:40.817Z,2026-05-03 19:57:40.817,102636,46,3740,-1065,806
2026-05-03T23:57:40.857Z,2026-05-03 19:57:40.857,102636,47,3725,-1335,613
2026-05-03T23:57:40.897Z,2026-05-03 19:57:40.897,102636,48,3699,-1047,219
2026-05-03T23:57:40.937Z,2026-05-03 19:57:40.937,102636,49,3774,-1276,336
2026-05-03T23:57:40.977Z,2026-05-03 19:57:40.977,102636,50,4161,1562,-739
2026-05-03T23:57:41.017Z,2026-05-03 19:57:41.017,102636,51,3679,1083,-1182
2026-05-03T23:57:41.057Z,2026-05-03 19:57:41.057,102636,52,3882,1853,-593
2026-05-03T23:57:41.097Z,2026-05-03 19:57:41.097,102636,53,3643,934,96
2026-05-03T23:57:41.137Z,2026-05-03 19:57:41.137,102636,54,3994,2016,-418
2026-05-03T23:57:41.177Z,2026-05-03 19:57:41.177,102636,55,3683,728,1546
2026-05-03T23:57:41.217Z,2026-05-03 19:57:41.217,102636,56,4009,1821,611
2026-05-03T23:57:41.257Z,2026-05-03 19:57:41.257,102636,57,3728,796,1167
2026-05-03T23:57:41.297Z,2026-05-03 19:57:41.297,102636,58,3946,1349,900
2026-05-03T23:57:41.337Z,2026-05-03 19:57:41.337,102636,59,3889,-461,1412
2026-05-03T23:57:41.377Z,2026-05-03 19:57:41.377,102636,60,3818,-1436,1476
2026-05-03T23:57:41.417Z,2026-05-03 19:57:41.417,102636,61,3761,-1029,438
2026-05-03T23:57:41.457Z,2026-05-03 19:57:41.457,102636,62,3671,-1298,-308
2026-05-03T23:57:41.497Z,2026-05-03 19:57:41.497,102636,63,3672,-1278,-343
2026-05-03T23:57:41.537Z,2026-05-03 19:57:41.537,102636,64,3598,-1187,-1259
2026-05-03T23:57:41.577Z,2026-05-03 19:57:41.577,102636,65,3636,-790,-2307
2026-05-03T23:57:41.617Z,2026-05-03 19:57:41.617,102636,66,3660,-764,-2040
2026-05-03T23:57:41.657Z,2026-05-03 19:57:41.657,102636,67,3679,-378,-1199
2026-05-03T23:57:41.697Z,2026-05-03 19:57:41.697,102636,68,3829,433,-548
2026-05-03T23:57:41.737Z,2026-05-03 19:57:41.737,102636,69,3861,690,251
2026-05-03T23:57:41.777Z,2026-05-03 19:57:41.777,102636,70,3909,1069,1050
2026-05-03T23:57:41.817Z,2026-05-03 19:57:41.817,102636,71,3893,748,1539
2026-05-03T23:57:41.857Z,2026-05-03 19:57:41.857,102636,72,3898,202,2614
2026-05-03T23:57:41.897Z,2026-05-03 19:57:41.897,102636,73,3893,-135,2525
2026-05-03T23:57:41.937Z,2026-05-03 19:57:41.937,102636,74,3875,-292,1527
2026-05-03T23:57:41.977Z,2026-05-03 19:57:41.977,102636,75,3802,-173,701
2026-05-03T23:57:42.017Z,2026-05-03 19:57:42.017,102636,76,3839,242,-193
2026-05-03T23:57:42.057Z,2026-05-03 19:57:42.057,102636,77,3729,259,-1109
2026-05-03T23:57:42.097Z,2026-05-03 19:57:42.097,102636,78,3737,80,-1794
2026-05-03T23:57:42.137Z,2026-05-03 19:57:42.137,102636,79,3689,-314,-1832
2026-05-03T23:57:42.177Z,2026-05-03 19:57:42.177,102636,80,3682,-743,-1463
2026-05-03T23:57:42.217Z,2026-05-03 19:57:42.217,102636,81,3691,-729,-632
2026-05-03T23:57:42.257Z,2026-05-03 19:57:42.257,102636,82,3778,-463,-11
2026-05-03T23:57:42.297Z,2026-05-03 19:57:42.297,102636,83,3881,-192,680
2026-05-03T23:57:42.337Z,2026-05-03 19:57:42.337,102636,84,3849,-157,1304
2026-05-03T23:57:42.377Z,2026-05-03 19:57:42.377,102636,85,3895,491,1398
2026-05-03T23:57:42.417Z,2026-05-03 19:57:42.417,102636,86,3878,649,1154
2026-05-03T23:57:42.457Z,2026-05-03 19:57:42.457,102636,87,3891,680,837
2026-05-03T23:57:42.497Z,2026-05-03 19:57:42.497,102636,88,3810,89,698
2026-05-03T23:57:42.537Z,2026-05-03 19:57:42.537,102636,89,3832,-91,196
2026-05-03T23:57:42.577Z,2026-05-03 19:57:42.577,102636,90,3776,-264,-513
2026-05-03T23:57:42.617Z,2026-05-03 19:57:42.617,102636,91,3749,-422,-903
2026-05-03T23:57:42.657Z,2026-05-03 19:57:42.657,102636,92,3740,-409,-933
2026-05-03T23:57:42.697Z,2026-05-03 19:57:42.697,102636,93,3752,-343,-803
2026-05-03T23:57:42.737Z,2026-05-03 19:57:42.737,102636,94,3760,-43,-511
2026-05-03T23:57:42.777Z,2026-05-03 19:57:42.777,102636,95,3806,135,-217
2026-05-03T23:57:42.817Z,2026-05-03 19:57:42.817,102636,96,3831,54,331
2026-05-03T23:57:42.857Z,2026-05-03 19:57:42.857,102636,97,3845,-127,899
2026-05-03T23:57:42.897Z,2026-05-03 19:57:42.897,102636,98,3860,-79,1108
2026-05-03T23:57:42.937Z,2026-05-03 19:57:42.937,102636,99,3853,13,970
2026-05-03T23:57:42.977Z,2026-05-03 19:57:42.977,102636,100,3865,191,650
2026-05-03T23:57:43.017Z,2026-05-03 19:57:43.017,102637,1,3816,103,280
2026-05-03T23:57:43.057Z,2026-05-03 19:57:43.057,102637,2,3792,-27,-167
2026-05-03T23:57:43.097Z,2026-05-03 19:57:43.097,102637,3,3772,-134,-564
2026-05-03T23:57:43.137Z,2026-05-03 19:57:43.137,102637,4,3759,-153,-783
2026-05-03T23:57:43.177Z,2026-05-03 19:57:43.177,102637,5,3749,-216,-751
2026-05-03T23:57:43.217Z,2026-05-03 19:57:43.217,102637,6,3785,-150,-499
2026-05-03T23:57:43.257Z,2026-05-03 19:57:43.257,102637,7,3809,-31,-53
2026-05-03T23:57:43.297Z,2026-05-03 19:57:43.297,102637,8,3844,45,346
2026-05-03T23:57:43.337Z,2026-05-03 19:57:43.337,102637,9,3836,-6,672
2026-05-03T23:57:43.377Z,2026-05-03 19:57:43.377,102637,10,3851,-38,838
2026-05-03T23:57:43.417Z,2026-05-03 19:57:43.417,102637,11,3847,-25,813
2026-05-03T23:57:43.457Z,2026-05-03 19:57:43.457,102637,12,3839,1,565
2026-05-03T23:57:43.497Z,2026-05-03 19:57:43.497,102637,13,3814,-10,152
2026-05-03T23:57:43.537Z,2026-05-03 19:57:43.537,102637,14,3800,-37,-219
2026-05-03T23:57:43.577Z,2026-05-03 19:57:43.577,102637,15,3777,-66,-514
2026-05-03T23:57:43.617Z,2026-05-03 19:57:43.617,102637,16,3777,-101,-640
2026-05-03T23:57:43.657Z,2026-05-03 19:57:43.657,102637,17,3788,-132,-576
2026-05-03T23:57:43.697Z,2026-05-03 19:57:43.697,102637,18,3790,-88,-318
2026-05-03T23:57:43.737Z,2026-05-03 19:57:43.737,102637,19,3812,-50,60
2026-05-03T23:57:43.777Z,2026-05-03 19:57:43.777,102637,20,3839,-11,414
2026-05-03T23:57:43.817Z,2026-05-03 19:57:43.817,102637,21,3842,-7,662
2026-05-03T23:57:43.857Z,2026-05-03 19:57:43.857,102637,22,3847,-14,745
2026-05-03T23:57:43.897Z,2026-05-03 19:57:43.897,102637,23,3837,-18,642
2026-05-03T23:57:43.937Z,2026-05-03 19:57:43.937,102637,24,3820,-14,374
2026-05-03T23:57:43.977Z,2026-05-03 19:57:43.977,102637,25,3805,-52,28
2026-05-03T23:57:44.017Z,2026-05-03 19:57:44.017,102637,26,3788,-52,-315
2026-05-03T23:57:44.057Z,2026-05-03 19:57:44.057,102637,27,3784,-63,-511
2026-05-03T23:57:44.097Z,2026-05-03 19:57:44.097,102637,28,3771,-91,-537
2026-05-03T23:57:44.137Z,2026-05-03 19:57:44.137,102637,29,3788,-95,-392
2026-05-03T23:57:44.177Z,2026-05-03 19:57:44.177,102637,30,3788,-66,-116
2026-05-03T23:57:44.217Z,2026-05-03 19:57:44.217,102637,31,3810,-41,196
2026-05-03T23:57:44.257Z,2026-05-03 19:57:44.257,102637,32,3843,-34,481
2026-05-03T23:57:44.297Z,2026-05-03 19:57:44.297,102637,33,3850,-21,660
2026-05-03T23:57:44.337Z,2026-05-03 19:57:44.337,102637,34,3847,-14,654
2026-05-03T23:57:44.377Z,2026-05-03 19:57:44.377,102637,35,3836,-23,465
2026-05-03T23:57:44.417Z,2026-05-03 19:57:44.417,102637,36,3826,-42,188
2026-05-03T23:57:44.457Z,2026-05-03 19:57:44.457,102637,37,3809,-67,-115
2026-05-03T23:57:44.497Z,2026-05-03 19:57:44.497,102637,38,3780,-71,-369
2026-05-03T23:57:44.537Z,2026-05-03 19:57:44.537,102637,39,3793,-81,-487
2026-05-03T23:57:44.577Z,2026-05-03 19:57:44.577,102637,40,3786,-81,-420
2026-05-03T23:57:44.617Z,2026-05-03 19:57:44.617,102637,41,3821,-69,-224
2026-05-03T23:57:44.657Z,2026-05-03 19:57:44.657,102637,42,3828,-60,76
2026-05-03T23:57:44.697Z,2026-05-03 19:57:44.697,102637,43,3824,-60,352
2026-05-03T23:57:44.737Z,2026-05-03 19:57:44.737,102637,44,3837,-33,548
2026-05-03T23:57:44.777Z,2026-05-03 19:57:44.777,102637,45,3825,-12,598
2026-05-03T23:57:44.817Z,2026-05-03 19:57:44.817,102637,46,3835,-3,511
2026-05-03T23:57:44.857Z,2026-05-03 19:57:44.857,102637,47,3816,-30,297
2026-05-03T23:57:44.897Z,2026-05-03 19:57:44.897,102637,48,3803,-68,2
2026-05-03T23:57:44.937Z,2026-05-03 19:57:44.937,102637,49,3795,-66,-250
2026-05-03T23:57:44.977Z,2026-05-03 19:57:44.977,102637,50,3787,-74,-415
2026-05-03T23:57:45.017Z,2026-05-03 19:57:45.017,102637,51,3778,-71,-464
2026-05-03T23:57:45.057Z,2026-05-03 19:57:45.057,102637,52,3809,-54,-312
2026-05-03T23:57:45.097Z,2026-05-03 19:57:45.097,102637,53,3803,-32,-61
2026-05-03T23:57:45.137Z,2026-05-03 19:57:45.137,102637,54,3828,-67,216
2026-05-03T23:57:45.177Z,2026-05-03 19:57:45.177,102637,55,3848,-33,484
2026-05-03T23:57:45.217Z,2026-05-03 19:57:45.217,102637,56,3841,-15,571
2026-05-03T23:57:45.257Z,2026-05-03 19:57:45.257,102637,57,3831,-37,543
2026-05-03T23:57:45.297Z,2026-05-03 19:57:45.297,102637,58,3831,-51,356
2026-05-03T23:57:45.337Z,2026-05-03 19:57:45.337,102637,59,3829,-57,91
2026-05-03T23:57:45.377Z,2026-05-03 19:57:45.377,102637,60,3808,-157,-169
2026-05-03T23:57:45.417Z,2026-05-03 19:57:45.417,102637,61,3781,-101,-363
2026-05-03T23:57:45.457Z,2026-05-03 19:57:45.457,102637,62,3809,4,-380
2026-05-03T23:57:45.497Z,2026-05-03 19:57:45.497,102637,63,3793,-82,-274
2026-05-03T23:57:45.537Z,2026-05-03 19:57:45.537,102637,64,3801,-294,-99
2026-05-03T23:57:45.577Z,2026-05-03 19:57:45.577,102637,65,3809,-442,92
2026-05-03T23:57:45.617Z,2026-05-03 19:57:45.617,102637,66,3805,-403,208
2026-05-03T23:57:45.657Z,2026-05-03 19:57:45.657,102637,67,3822,-290,250
2026-05-03T23:57:45.697Z,2026-05-03 19:57:45.697,102637,68,3823,-211,386
2026-05-03T23:57:45.737Z,2026-05-03 19:57:45.737,102637,69,3828,-59,364
2026-05-03T23:57:45.777Z,2026-05-03 19:57:45.777,102637,70,3830,-99,301
2026-05-03T23:57:45.817Z,2026-05-03 19:57:45.817,102637,71,3801,-174,61
2026-05-03T23:57:45.857Z,2026-05-03 19:57:45.857,102637,72,3796,-160,-132
2026-05-03T23:57:45.897Z,2026-05-03 19:57:45.897,102637,73,3792,-202,-181
2026-05-03T23:57:45.937Z,2026-05-03 19:57:45.937,102637,74,3791,-177,-213
2026-05-03T23:57:45.977Z,2026-05-03 19:57:45.977,102637,75,3787,-1,-138
2026-05-03T23:57:46.017Z,2026-05-03 19:57:46.017,102637,76,3814,124,5
2026-05-03T23:57:46.057Z,2026-05-03 19:57:46.057,102637,77,3803,213,169
2026-05-03T23:57:46.097Z,2026-05-03 19:57:46.097,102637,78,3810,280,288
2026-05-03T23:57:46.137Z,2026-05-03 19:57:46.137,102637,79,3821,356,369
2026-05-03T23:57:46.177Z,2026-05-03 19:57:46.177,102637,80,3820,414,398
2026-05-03T23:57:46.217Z,2026-05-03 19:57:46.217,102637,81,3812,382,325
2026-05-03T23:57:46.257Z,2026-05-03 19:57:46.257,102637,82,3808,376,169
2026-05-03T23:57:46.297Z,2026-05-03 19:57:46.297,102637,83,3803,374,12
2026-05-03T23:57:46.337Z,2026-05-03 19:57:46.337,102637,84,3799,300,-78
2026-05-03T23:57:46.377Z,2026-05-03 19:57:46.377,102637,85,3786,271,-157
2026-05-03T23:57:46.417Z,2026-05-03 19:57:46.417,102637,86,3806,356,-130
2026-05-03T23:57:46.457Z,2026-05-03 19:57:46.457,102637,87,3804,358,-23
2026-05-03T23:57:46.497Z,2026-05-03 19:57:46.497,102637,88,3816,402,101
2026-05-03T23:57:46.537Z,2026-05-03 19:57:46.537,102637,89,3810,419,256
2026-05-03T23:57:46.577Z,2026-05-03 19:57:46.577,102637,90,3823,529,356
2026-05-03T23:57:46.617Z,2026-05-03 19:57:46.617,102637,91,3833,785,352
2026-05-03T23:57:46.657Z,2026-05-03 19:57:46.657,102637,92,3849,960,340
2026-05-03T23:57:46.697Z,2026-05-03 19:57:46.697,102637,93,3794,904,329
2026-05-03T23:57:46.737Z,2026-05-03 19:57:46.737,102637,94,3809,1068,117
2026-05-03T23:57:46.777Z,2026-05-03 19:57:46.777,102637,95,3798,1211,-21
2026-05-03T23:57:46.817Z,2026-05-03 19:57:46.817,102637,96,3777,1186,-41
2026-05-03T23:57:46.857Z,2026-05-03 19:57:46.857,102637,97,3794,1326,-63
2026-05-03T23:57:46.897Z,2026-05-03 19:57:46.897,102637,98,3741,1243,76
2026-05-03T23:57:46.937Z,2026-05-03 19:57:46.937,102637,99,3754,1328,167
2026-05-03T23:57:46.977Z,2026-05-03 19:57:46.977,102637,100,3717,1307,281
2026-05-03T23:57:47.017Z,2026-05-03 19:57:47.017,102638,1,3733,1341,414
2026-05-03T23:57:47.057Z,2026-05-03 19:57:47.057,102638,2,4233,-13,-507
2026-05-03T23:57:47.097Z,2026-05-03 19:57:47.097,102638,3,3589,-2264,2237
2026-05-03T23:57:47.137Z,2026-05-03 19:57:47.137,102638,4,3617,-794,-9
2026-05-03T23:57:47.177Z,2026-05-03 19:57:47.177,102638,5,3732,-884,-1225
2026-05-03T23:57:47.217Z,2026-05-03 19:57:47.217,102638,6,3648,-1520,98
2026-05-03T23:57:47.257Z,2026-05-03 19:57:47.257,102638,7,3583,-530,-959
2026-05-03T23:57:47.297Z,2026-05-03 19:57:47.297,102638,8,3728,-1788,-198
2026-05-03T23:57:47.337Z,2026-05-03 19:57:47.337,102638,9,3631,-365,-1183
2026-05-03T23:57:47.377Z,2026-05-03 19:57:47.377,102638,10,3712,-1565,-235
2026-05-03T23:57:47.417Z,2026-05-03 19:57:47.417,102638,11,3702,-804,-437
2026-05-03T23:57:47.457Z,2026-05-03 19:57:47.457,102638,12,3714,-1214,246
2026-05-03T23:57:47.497Z,2026-05-03 19:57:47.497,102638,13,3740,-1107,33
2026-05-03T23:57:47.537Z,2026-05-03 19:57:47.537,102638,14,3755,-964,102
2026-05-03T23:57:47.577Z,2026-05-03 19:57:47.577,102638,15,3730,-1270,488
2026-05-03T23:57:47.617Z,2026-05-03 19:57:47.617,102638,16,3716,-929,344
2026-05-03T23:57:47.657Z,2026-05-03 19:57:47.657,102638,17,3735,-1354,371
2026-05-03T23:57:47.697Z,2026-05-03 19:57:47.697,102638,18,3709,-894,-174
2026-05-03T23:57:47.737Z,2026-05-03 19:57:47.737,102638,19,3703,-1305,-68
2026-05-03T23:57:47.777Z,2026-05-03 19:57:47.777,102638,20,3635,-951,-432
2026-05-03T23:57:47.817Z,2026-05-03 19:57:47.817,102638,21,3647,-1230,-350
2026-05-03T23:57:47.857Z,2026-05-03 19:57:47.857,102638,22,3615,-1087,-407
2026-05-03T23:57:47.897Z,2026-05-03 19:57:47.897,102638,23,3627,-1147,-281
2026-05-03T23:57:47.937Z,2026-05-03 19:57:47.937,102638,24,4143,-193,236
2026-05-03T23:57:47.977Z,2026-05-03 19:57:47.977,102638,25,3980,2666,-787
2026-05-03T23:57:48.017Z,2026-05-03 19:57:48.017,102638,26,3646,1300,463
2026-05-03T23:57:48.057Z,2026-05-03 19:57:48.057,102638,27,3814,1875,342
2026-05-03T23:57:48.097Z,2026-05-03 19:57:48.097,102638,28,3876,1910,844
2026-05-03T23:57:48.137Z,2026-05-03 19:57:48.137,102638,29,3779,1290,1148
2026-05-03T23:57:48.177Z,2026-05-03 19:57:48.177,102638,30,3912,1660,601
2026-05-03T23:57:48.217Z,2026-05-03 19:57:48.217,102638,31,3727,914,807
2026-05-03T23:57:48.257Z,2026-05-03 19:57:48.257,102638,32,3873,1428,-365
2026-05-03T23:57:48.297Z,2026-05-03 19:57:48.297,102638,33,3693,1133,-391
2026-05-03T23:57:48.337Z,2026-05-03 19:57:48.337,102638,34,3793,1566,-572
2026-05-03T23:57:48.377Z,2026-05-03 19:57:48.377,102638,35,3684,1193,-496
2026-05-03T23:57:48.417Z,2026-05-03 19:57:48.417,102638,36,4044,610,-1001
2026-05-03T23:57:48.457Z,2026-05-03 19:57:48.457,102638,37,3696,-2845,1723
2026-05-03T23:57:48.497Z,2026-05-03 19:57:48.497,102638,38,3643,-159,-517
2026-05-03T23:57:48.537Z,2026-05-03 19:57:48.537,102638,39,3745,-1782,222
2026-05-03T23:57:48.577Z,2026-05-03 19:57:48.577,102638,40,3726,-893,72
2026-05-03T23:57:48.617Z,2026-05-03 19:57:48.617,102638,41,3685,-1195,183
2026-05-03T23:57:48.657Z,2026-05-03 19:57:48.657,102638,42,3758,-1464,303
2026-05-03T23:57:48.697Z,2026-05-03 19:57:48.697,102638,43,3686,-661,-762
2026-05-03T23:57:48.737Z,2026-05-03 19:57:48.737,102638,44,3738,-1744,120
2026-05-03T23:57:48.777Z,2026-05-03 19:57:48.777,102638,45,3654,-583,-744
2026-05-03T23:57:48.817Z,2026-05-03 19:57:48.817,102638,46,3708,-1635,-135
2026-05-03T23:57:48.857Z,2026-05-03 19:57:48.857,102638,47,3696,-822,-534
2026-05-03T23:57:48.897Z,2026-05-03 19:57:48.897,102638,48,3660,-1346,53
2026-05-03T23:57:48.937Z,2026-05-03 19:57:48.937,102638,49,3751,-1115,85
2026-05-03T23:57:48.977Z,2026-05-03 19:57:48.977,102638,50,4116,968,220
2026-05-03T23:57:49.017Z,2026-05-03 19:57:49.017,102638,51,3886,1977,139
2026-05-03T23:57:49.057Z,2026-05-03 19:57:49.057,102638,52,3816,1821,520
2026-05-03T23:57:49.097Z,2026-05-03 19:57:49.097,102638,53,3771,1490,658
2026-05-03T23:57:49.137Z,2026-05-03 19:57:49.137,102638,54,3937,1840,317
2026-05-03T23:57:49.177Z,2026-05-03 19:57:49.177,102638,55,3707,906,944
2026-05-03T23:57:49.217Z,2026-05-03 19:57:49.217,102638,56,3880,1362,-26
2026-05-03T23:57:49.257Z,2026-05-03 19:57:49.257,102638,57,3750,1225,-12
2026-05-03T23:57:49.297Z,2026-05-03 19:57:49.297,102638,58,3984,853,-457
2026-05-03T23:57:49.337Z,2026-05-03 19:57:49.337,102638,59,3745,-2411,374
2026-05-03T23:57:49.377Z,2026-05-03 19:57:49.377,102638,60,3654,-309,-757
2026-05-03T23:57:49.417Z,2026-05-03 19:57:49.417,102638,61,3692,-1909,-100
2026-05-03T23:57:49.457Z,2026-05-03 19:57:49.457,102638,62,3687,-734,-592
2026-05-03T23:57:49.497Z,2026-05-03 19:57:49.497,102638,63,3664,-1465,-183
2026-05-03T23:57:49.537Z,2026-05-03 19:57:49.537,102638,64,3751,-1105,-266
2026-05-03T23:57:49.577Z,2026-05-03 19:57:49.577,102638,65,3667,-1194,-85
2026-05-03T23:57:49.617Z,2026-05-03 19:57:49.617,102638,66,3779,-1137,140
2026-05-03T23:57:49.657Z,2026-05-03 19:57:49.657,102638,67,3846,-507,539
2026-05-03T23:57:49.697Z,2026-05-03 19:57:49.697,102638,68,4008,2007,-282
2026-05-03T23:57:49.737Z,2026-05-03 19:57:49.737,102638,69,3750,1513,-196
2026-05-03T23:57:49.777Z,2026-05-03 19:57:49.777,102638,70,3878,2022,167
2026-05-03T23:57:49.817Z,2026-05-03 19:57:49.817,102638,71,3756,1151,493
2026-05-03T23:57:49.857Z,2026-05-03 19:57:49.857,102638,72,3928,970,285
2026-05-03T23:57:49.897Z,2026-05-03 19:57:49.897,102638,73,3815,-801,460
2026-05-03T23:57:49.937Z,2026-05-03 19:57:49.937,102638,74,3761,-1545,527
2026-05-03T23:57:49.977Z,2026-05-03 19:57:49.977,102638,75,3712,-1121,157
2026-05-03T23:57:50.017Z,2026-05-03 19:57:50.017,102638,76,3702,-1168,-153
2026-05-03T23:57:50.057Z,2026-05-03 19:57:50.057,102638,77,3767,-591,-508
2026-05-03T23:57:50.097Z,2026-05-03 19:57:50.097,102638,78,3800,512,-841
2026-05-03T23:57:50.137Z,2026-05-03 19:57:50.137,102638,79,3822,982,-745
2026-05-03T23:57:50.177Z,2026-05-03 19:57:50.177,102638,80,3853,982,-384
2026-05-03T23:57:50.217Z,2026-05-03 19:57:50.217,102638,81,3814,135,240
2026-05-03T23:57:50.257Z,2026-05-03 19:57:50.257,102638,82,3802,-690,707
2026-05-03T23:57:50.297Z,2026-05-03 19:57:50.297,102638,83,3793,-910,983
2026-05-03T23:57:50.337Z,2026-05-03 19:57:50.337,102638,84,3847,-272,875
2026-05-03T23:57:50.377Z,2026-05-03 19:57:50.377,102638,85,3868,432,587
2026-05-03T23:57:50.417Z,2026-05-03 19:57:50.417,102638,86,3861,651,202
2026-05-03T23:57:50.457Z,2026-05-03 19:57:50.457,102638,87,3793,181,-209
2026-05-03T23:57:50.497Z,2026-05-03 19:57:50.497,102638,88,3753,-390,-555
2026-05-03T23:57:50.537Z,2026-05-03 19:57:50.537,102638,89,3736,-583,-699
2026-05-03T23:57:50.577Z,2026-05-03 19:57:50.577,102638,90,3744,-349,-629
2026-05-03T23:57:50.617Z,2026-05-03 19:57:50.617,102638,91,3801,150,-395
2026-05-03T23:57:50.657Z,2026-05-03 19:57:50.657,102638,92,3822,366,61
2026-05-03T23:57:50.697Z,2026-05-03 19:57:50.697,102638,93,3844,166,472
2026-05-03T23:57:50.737Z,2026-05-03 19:57:50.737,102638,94,3838,-223,749
2026-05-03T23:57:50.777Z,2026-05-03 19:57:50.777,102638,95,3830,-389,856
2026-05-03T23:57:50.817Z,2026-05-03 19:57:50.817,102638,96,3828,-147,654
2026-05-03T23:57:50.857Z,2026-05-03 19:57:50.857,102638,97,3851,187,331
2026-05-03T23:57:50.897Z,2026-05-03 19:57:50.897,102638,98,3820,236,-53
2026-05-03T23:57:50.937Z,2026-05-03 19:57:50.937,102638,99,3803,-8,-426
2026-05-03T23:57:50.977Z,2026-05-03 19:57:50.977,102638,100,3766,-293,-626
2026-05-03T23:57:51.017Z,2026-05-03 19:57:51.017,102639,1,3765,-325,-631
2026-05-03T23:57:51.057Z,2026-05-03 19:57:51.057,102639,2,3797,-85,-413
2026-05-03T23:57:51.097Z,2026-05-03 19:57:51.097,102639,3,3806,152,-34
2026-05-03T23:57:51.137Z,2026-05-03 19:57:51.137,102639,4,3835,146,371
2026-05-03T23:57:51.177Z,2026-05-03 19:57:51.177,102639,5,3839,-53,674
2026-05-03T23:57:51.217Z,2026-05-03 19:57:51.217,102639,6,3842,-221,787
2026-05-03T23:57:51.257Z,2026-05-03 19:57:51.257,102639,7,3831,-176,672
2026-05-03T23:57:51.297Z,2026-05-03 19:57:51.297,102639,8,3832,22,390
2026-05-03T23:57:51.337Z,2026-05-03 19:57:51.337,102639,9,3807,140,-4
2026-05-03T23:57:51.377Z,2026-05-03 19:57:51.377,102639,10,3801,39,-341
2026-05-03T23:57:51.417Z,2026-05-03 19:57:51.417,102639,11,3776,-142,-555
2026-05-03T23:57:51.457Z,2026-05-03 19:57:51.457,102639,12,3768,-243,-580
2026-05-03T23:57:51.497Z,2026-05-03 19:57:51.497,102639,13,3777,-139,-400
2026-05-03T23:57:51.537Z,2026-05-03 19:57:51.537,102639,14,3816,50,-70
2026-05-03T23:57:51.577Z,2026-05-03 19:57:51.577,102639,15,3821,101,290
2026-05-03T23:57:51.617Z,2026-05-03 19:57:51.617,102639,16,3835,4,562
2026-05-03T23:57:51.657Z,2026-05-03 19:57:51.657,102639,17,3848,-142,717
2026-05-03T23:57:51.697Z,2026-05-03 19:57:51.697,102639,18,3818,-139,673
2026-05-03T23:57:51.737Z,2026-05-03 19:57:51.737,102639,19,3830,-30,435
2026-05-03T23:57:51.777Z,2026-05-03 19:57:51.777,102639,20,3800,62,82
2026-05-03T23:57:51.817Z,2026-05-03 19:57:51.817,102639,21,3803,10,-275
2026-05-03T23:57:51.857Z,2026-05-03 19:57:51.857,102639,22,3777,-117,-482
2026-05-03T23:57:51.897Z,2026-05-03 19:57:51.897,102639,23,3769,-174,-559
2026-05-03T23:57:51.937Z,2026-05-03 19:57:51.937,102639,24,3779,-115,-424
2026-05-03T23:57:51.977Z,2026-05-03 19:57:51.977,102639,25,3797,-4,-121
2026-05-03T23:57:52.017Z,2026-05-03 19:57:52.017,102639,26,3834,56,210
2026-05-03T23:57:52.057Z,2026-05-03 19:57:52.057,102639,27,3831,-19,509
2026-05-03T23:57:52.097Z,2026-05-03 19:57:52.097,102639,28,3839,-100,659
2026-05-03T23:57:52.137Z,2026-05-03 19:57:52.137,102639,29,3834,-105,609
2026-05-03T23:57:52.177Z,2026-05-03 19:57:52.177,102639,30,3827,-46,427
2026-05-03T23:57:52.217Z,2026-05-03 19:57:52.217,102639,31,3811,27,125
2026-05-03T23:57:52.257Z,2026-05-03 19:57:52.257,102639,32,3813,-8,-196
2026-05-03T23:57:52.297Z,2026-05-03 19:57:52.297,102639,33,3791,-86,-420
2026-05-03T23:57:52.337Z,2026-05-03 19:57:52.337,102639,34,3762,-125,-671
2026-05-03T23:57:52.377Z,2026-05-03 19:57:52.377,102639,35,3821,-77,-478
2026-05-03T23:57:52.417Z,2026-05-03 19:57:52.417,102639,36,3800,-71,5
2026-05-03T23:57:52.457Z,2026-05-03 19:57:52.457,102639,37,3811,2,238
2026-05-03T23:57:52.497Z,2026-05-03 19:57:52.497,102639,38,3851,-37,472
2026-05-03T23:57:52.537Z,2026-05-03 19:57:52.537,102639,39,3827,-77,606
2026-05-03T23:57:52.577Z,2026-05-03 19:57:52.577,102639,40,3832,-167,534
2026-05-03T23:57:52.617Z,2026-05-03 19:57:52.617,102639,41,3829,-136,441
2026-05-03T23:57:52.657Z,2026-05-03 19:57:52.657,102639,42,3826,-81,166
2026-05-03T23:57:52.697Z,2026-05-03 19:57:52.697,102639,43,3808,-93,-180
2026-05-03T23:57:52.737Z,2026-05-03 19:57:52.737,102639,44,3790,-136,-347
2026-05-03T23:57:52.777Z,2026-05-03 19:57:52.777,102639,45,3791,-192,-481
2026-05-03T23:57:52.817Z,2026-05-03 19:57:52.817,102639,46,3782,-261,-425
2026-05-03T23:57:52.857Z,2026-05-03 19:57:52.857,102639,47,3806,-261,-271
2026-05-03T23:57:52.897Z,2026-05-03 19:57:52.897,102639,48,3820,-187,73
2026-05-03T23:57:52.937Z,2026-05-03 19:57:52.937,102639,49,3792,-519,367
2026-05-03T23:57:52.977Z,2026-05-03 19:57:52.977,102639,50,3837,-512,595
2026-05-03T23:57:53.017Z,2026-05-03 19:57:53.017,102639,51,3841,-395,573
2026-05-03T23:57:53.057Z,2026-05-03 19:57:53.057,102639,52,3846,-405,498
2026-05-03T23:57:53.097Z,2026-05-03 19:57:53.097,102639,53,3807,-391,334
2026-05-03T23:57:53.137Z,2026-05-03 19:57:53.137,102639,54,3807,-231,52
2026-05-03T23:57:53.177Z,2026-05-03 19:57:53.177,102639,55,3756,-215,-244
2026-05-03T23:57:53.217Z,2026-05-03 19:57:53.217,102639,56,3774,75,-463
2026-05-03T23:57:53.257Z,2026-05-03 19:57:53.257,102639,57,3772,130,-382
2026-05-03T23:57:53.297Z,2026-05-03 19:57:53.297,102639,58,3783,265,-313
2026-05-03T23:57:53.337Z,2026-05-03 19:57:53.337,102639,59,3801,396,-11
2026-05-03T23:57:53.377Z,2026-05-03 19:57:53.377,102639,60,3813,444,311
2026-05-03T23:57:53.417Z,2026-05-03 19:57:53.417,102639,61,3815,479,597
2026-05-03T23:57:53.457Z,2026-05-03 19:57:53.457,102639,62,3846,627,664
2026-05-03T23:57:53.497Z,2026-05-03 19:57:53.497,102639,63,3834,526,614
2026-05-03T23:57:53.537Z,2026-05-03 19:57:53.537,102639,64,3817,648,454
2026-05-03T23:57:53.577Z,2026-05-03 19:57:53.577,102639,65,3803,699,151
2026-05-03T23:57:53.617Z,2026-05-03 19:57:53.617,102639,66,3787,581,-197
2026-05-03T23:57:53.657Z,2026-05-03 19:57:53.657,102639,67,3748,310,-290
2026-05-03T23:57:53.697Z,2026-05-03 19:57:53.697,102639,68,3772,411,-369
2026-05-03T23:57:53.737Z,2026-05-03 19:57:53.737,102639,69,3787,490,-214
2026-05-03T23:57:53.777Z,2026-05-03 19:57:53.777,102639,70,3827,573,10
2026-05-03T23:57:53.817Z,2026-05-03 19:57:53.817,102639,71,3790,392,292
2026-05-03T23:57:53.857Z,2026-05-03 19:57:53.857,102639,72,3826,634,374
2026-05-03T23:57:53.897Z,2026-05-03 19:57:53.897,102639,73,3820,648,482
2026-05-03T23:57:53.937Z,2026-05-03 19:57:53.937,102639,74,3821,625,386
2026-05-03T23:57:53.977Z,2026-05-03 19:57:53.977,102639,75,3824,607,354
2026-05-03T23:57:54.017Z,2026-05-03 19:57:54.017,102639,76,3815,546,249
2026-05-03T23:57:54.057Z,2026-05-03 19:57:54.057,102639,77,3811,528,82
2026-05-03T23:57:54.097Z,2026-05-03 19:57:54.097,102639,78,3772,636,-76
2026-05-03T23:57:54.137Z,2026-05-03 19:57:54.137,102639,79,3803,1020,-254
2026-05-03T23:57:54.177Z,2026-05-03 19:57:54.177,102639,80,3762,1026,-269
2026-05-03T23:57:54.217Z,2026-05-03 19:57:54.217,102639,81,3820,1283,-217
2026-05-03T23:57:54.257Z,2026-05-03 19:57:54.257,102639,82,3753,1019,171
2026-05-03T23:57:54.297Z,2026-05-03 19:57:54.297,102639,83,3804,1215,202
2026-05-03T23:57:54.337Z,2026-05-03 19:57:54.337,102639,84,3782,1086,524
2026-05-03T23:57:54.377Z,2026-05-03 19:57:54.377,102639,85,3788,1127,550
2026-05-03T23:57:54.417Z,2026-05-03 19:57:54.417,102639,86,3781,1208,475
2026-05-03T23:57:54.457Z,2026-05-03 19:57:54.457,102639,87,3716,1237,464
2026-05-03T23:57:54.497Z,2026-05-03 19:57:54.497,102639,88,3697,1316,148
2026-05-03T23:57:54.537Z,2026-05-03 19:57:54.537,102639,89,3650,1405,15
2026-05-03T23:57:54.577Z,2026-05-03 19:57:54.577,102639,90,4628,1694,178
2026-05-03T23:57:54.617Z,2026-05-03 19:57:54.617,102639,91,3831,-4167,2485
2026-05-03T23:57:54.657Z,2026-05-03 19:57:54.657,102639,92,3470,1413,-2579
2026-05-03T23:57:54.697Z,2026-05-03 19:57:54.697,102639,93,3741,-3227,1425
2026-05-03T23:57:54.737Z,2026-05-03 19:57:54.737,102639,94,3500,161,16
2026-05-03T23:57:54.777Z,2026-05-03 19:57:54.777,102639,95,3683,-1981,-248
2026-05-03T23:57:54.817Z,2026-05-03 19:57:54.817,102639,96,3686,-594,-766
2026-05-03T23:57:54.857Z,2026-05-03 19:57:54.857,102639,97,3602,-1122,-128
2026-05-03T23:57:54.897Z,2026-05-03 19:57:54.897,102639,98,3725,-1375,198
2026-05-03T23:57:54.937Z,2026-05-03 19:57:54.937,102639,99,3641,-534,-582
2026-05-03T23:57:54.977Z,2026-05-03 19:57:54.977,102639,100,3769,-1581,149
2026-05-03T23:57:55.017Z,2026-05-03 19:57:55.017,102640,1,3692,-512,-173
2026-05-03T23:57:55.057Z,2026-05-03 19:57:55.057,102640,2,3749,-1560,710
2026-05-03T23:57:55.097Z,2026-05-03 19:57:55.097,102640,3,3727,-854,-10
2026-05-03T23:57:55.137Z,2026-05-03 19:57:55.137,102640,4,3707,-1364,103
2026-05-03T23:57:55.177Z,2026-05-03 19:57:55.177,102640,5,3750,-1141,-54
2026-05-03T23:57:55.217Z,2026-05-03 19:57:55.217,102640,6,3693,-1050,-32
2026-05-03T23:57:55.257Z,2026-05-03 19:57:55.257,102640,7,3731,-1104,-19
2026-05-03T23:57:55.297Z,2026-05-03 19:57:55.297,102640,8,3708,-923,-294
2026-05-03T23:57:55.337Z,2026-05-03 19:57:55.337,102640,9,3704,-1083,-190
2026-05-03T23:57:55.377Z,2026-05-03 19:57:55.377,102640,10,3715,-1003,-167
2026-05-03T23:57:55.417Z,2026-05-03 19:57:55.417,102640,11,3701,-1047,-17
2026-05-03T23:57:55.457Z,2026-05-03 19:57:55.457,102640,12,3699,-1075,28
2026-05-03T23:57:55.497Z,2026-05-03 19:57:55.497,102640,13,3695,-1063,59
2026-05-03T23:57:55.537Z,2026-05-03 19:57:55.537,102640,14,3670,-1115,129
2026-05-03T23:57:55.577Z,2026-05-03 19:57:55.577,102640,15,3659,-1115,151
2026-05-03T23:57:55.617Z,2026-05-03 19:57:55.617,102640,16,3647,-1152,144
2026-05-03T23:57:55.657Z,2026-05-03 19:57:55.657,102640,17,3605,-1144,84
2026-05-03T23:57:55.697Z,2026-05-03 19:57:55.697,102640,18,3565,-1146,23
2026-05-03T23:57:55.737Z,2026-05-03 19:57:55.737,102640,19,4199,-512,958
2026-05-03T23:57:55.777Z,2026-05-03 19:57:55.777,102640,20,3937,2939,-1054
2026-05-03T23:57:55.817Z,2026-05-03 19:57:55.817,102640,21,3536,1244,-432
2026-05-03T23:57:55.857Z,2026-05-03 19:57:55.857,102640,22,3791,1999,-364
2026-05-03T23:57:55.897Z,2026-05-03 19:57:55.897,102640,23,3816,2023,450
2026-05-03T23:57:55.937Z,2026-05-03 19:57:55.937,102640,24,3710,1373,837
2026-05-03T23:57:55.977Z,2026-05-03 19:57:55.977,102640,25,3933,1991,418
2026-05-03T23:57:56.017Z,2026-05-03 19:57:56.017,102640,26,3765,1374,909
2026-05-03T23:57:56.057Z,2026-05-03 19:57:56.057,102640,27,3924,1222,-150
2026-05-03T23:57:56.097Z,2026-05-03 19:57:56.097,102640,28,3708,884,555
2026-05-03T23:57:56.137Z,2026-05-03 19:57:56.137,102640,29,3889,1627,-33
2026-05-03T23:57:56.177Z,2026-05-03 19:57:56.177,102640,30,3659,875,-220
2026-05-03T23:57:56.217Z,2026-05-03 19:57:56.217,102640,31,3850,1794,-495
2026-05-03T23:57:56.257Z,2026-05-03 19:57:56.257,102640,32,3867,1101,181
2026-05-03T23:57:56.297Z,2026-05-03 19:57:56.297,102640,33,3926,-1890,-866
2026-05-03T23:57:56.337Z,2026-05-03 19:57:56.337,102640,34,3691,-594,499
2026-05-03T23:57:56.377Z,2026-05-03 19:57:56.377,102640,35,3626,-2382,2042
2026-05-03T23:57:56.417Z,2026-05-03 19:57:56.417,102640,36,3720,-86,-151
2026-05-03T23:57:56.457Z,2026-05-03 19:57:56.457,102640,37,3784,-2444,919
2026-05-03T23:57:56.497Z,2026-05-03 19:57:56.497,102640,38,3671,104,-724
2026-05-03T23:57:56.537Z,2026-05-03 19:57:56.537,102640,39,3763,-2346,938
2026-05-03T23:57:56.577Z,2026-05-03 19:57:56.577,102640,40,3698,-221,-625
2026-05-03T23:57:56.617Z,2026-05-03 19:57:56.617,102640,41,3738,-1796,146
2026-05-03T23:57:56.657Z,2026-05-03 19:57:56.657,102640,42,3728,-790,-387
2026-05-03T23:57:56.697Z,2026-05-03 19:57:56.697,102640,43,3680,-1272,-11
2026-05-03T23:57:56.737Z,2026-05-03 19:57:56.737,102640,44,3754,-1239,20
2026-05-03T23:57:56.777Z,2026-05-03 19:57:56.777,102640,45,3661,-951,-152
2026-05-03T23:57:56.817Z,2026-05-03 19:57:56.817,102640,46,3713,-1433,408
2026-05-03T23:57:56.857Z,2026-05-03 19:57:56.857,102640,47,3647,-946,90
2026-05-03T23:57:56.897Z,2026-05-03 19:57:56.897,102640,48,3722,-1286,429
2026-05-03T23:57:56.937Z,2026-05-03 19:57:56.937,102640,49,4237,734,707
2026-05-03T23:57:56.977Z,2026-05-03 19:57:56.977,102640,50,3856,2179,81
2026-05-03T23:57:57.017Z,2026-05-03 19:57:57.017,102640,51,3781,1960,21
2026-05-03T23:57:57.057Z,2026-05-03 19:57:57.057,102640,52,3722,1562,33
2026-05-03T23:57:57.097Z,2026-05-03 19:57:57.097,102640,53,3929,2171,-326
2026-05-03T23:57:57.137Z,2026-05-03 19:57:57.137,102640,54,3730,1272,571
2026-05-03T23:57:57.177Z,2026-05-03 19:57:57.177,102640,55,3885,1119,71
2026-05-03T23:57:57.217Z,2026-05-03 19:57:57.217,102640,56,3811,1161,684
2026-05-03T23:57:57.257Z,2026-05-03 19:57:57.257,102640,57,3871,1183,597
2026-05-03T23:57:57.297Z,2026-05-03 19:57:57.297,102640,58,4021,354,-187
2026-05-03T23:57:57.337Z,2026-05-03 19:57:57.337,102640,59,3719,-2632,1213
2026-05-03T23:57:57.377Z,2026-05-03 19:57:57.377,102640,60,3716,-306,-403
2026-05-03T23:57:57.417Z,2026-05-03 19:57:57.417,102640,61,3700,-1816,-190
2026-05-03T23:57:57.457Z,2026-05-03 19:57:57.457,102640,62,3701,-898,-301
2026-05-03T23:57:57.497Z,2026-05-03 19:57:57.497,102640,63,3648,-1290,-372
2026-05-03T23:57:57.537Z,2026-05-03 19:57:57.537,102640,64,3737,-1277,-357
2026-05-03T23:57:57.577Z,2026-05-03 19:57:57.577,102640,65,3652,-997,-525
2026-05-03T23:57:57.617Z,2026-05-03 19:57:57.617,102640,66,3728,-1352,-23
2026-05-03T23:57:57.657Z,2026-05-03 19:57:57.657,102640,67,3742,-962,-116
2026-05-03T23:57:57.697Z,2026-05-03 19:57:57.697,102640,68,4000,829,235
2026-05-03T23:57:57.737Z,2026-05-03 19:57:57.737,102640,69,4019,2166,428
2026-05-03T23:57:57.777Z,2026-05-03 19:57:57.777,102640,70,3808,1832,818
2026-05-03T23:57:57.817Z,2026-05-03 19:57:57.817,102640,71,3930,1949,570
2026-05-03T23:57:57.857Z,2026-05-03 19:57:57.857,102640,72,3863,848,711
2026-05-03T23:57:57.897Z,2026-05-03 19:57:57.897,102640,73,3927,238,588
2026-05-03T23:57:57.937Z,2026-05-03 19:57:57.937,102640,74,3767,-1619,318
2026-05-03T23:57:57.977Z,2026-05-03 19:57:57.977,102640,75,3745,-999,-44
2026-05-03T23:57:58.017Z,2026-05-03 19:57:58.017,102640,76,3683,-1512,-58
2026-05-03T23:57:58.057Z,2026-05-03 19:57:58.057,102640,77,3705,-877,-681
2026-05-03T23:57:58.097Z,2026-05-03 19:57:58.097,102640,78,3757,-713,-641
2026-05-03T23:57:58.137Z,2026-05-03 19:57:58.137,102640,79,3843,789,-844
2026-05-03T23:57:58.177Z,2026-05-03 19:57:58.177,102640,80,3826,1084,-379
2026-05-03T23:57:58.217Z,2026-05-03 19:57:58.217,102640,81,3880,1306,-63
2026-05-03T23:57:58.257Z,2026-05-03 19:57:58.257,102640,82,3836,93,544
2026-05-03T23:57:58.297Z,2026-05-03 19:57:58.297,102640,83,3796,-920,974
2026-05-03T23:57:58.337Z,2026-05-03 19:57:58.337,102640,84,3807,-1056,866
2026-05-03T23:57:58.377Z,2026-05-03 19:57:58.377,102640,85,3822,-352,691
2026-05-03T23:57:58.417Z,2026-05-03 19:57:58.417,102640,86,3859,610,311
2026-05-03T23:57:58.457Z,2026-05-03 19:57:58.457,102640,87,3857,826,-151
2026-05-03T23:57:58.497Z,2026-05-03 19:57:58.497,102640,88,3787,139,-413
2026-05-03T23:57:58.537Z,2026-05-03 19:57:58.537,102640,89,3751,-532,-696
2026-05-03T23:57:58.577Z,2026-05-03 19:57:58.577,102640,90,3748,-725,-682
2026-05-03T23:57:58.617Z,2026-05-03 19:57:58.617,102640,91,3766,-338,-411
2026-05-03T23:57:58.657Z,2026-05-03 19:57:58.657,102640,92,3816,325,-99
2026-05-03T23:57:58.697Z,2026-05-03 19:57:58.697,102640,93,3857,511,365
2026-05-03T23:57:58.737Z,2026-05-03 19:57:58.737,102640,94,3859,170,752
2026-05-03T23:57:58.777Z,2026-05-03 19:57:58.777,102640,95,3840,-351,864
2026-05-03T23:57:58.817Z,2026-05-03 19:57:58.817,102640,96,3809,-525,747
2026-05-03T23:57:58.857Z,2026-05-03 19:57:58.857,102640,97,3806,-124,381
2026-05-03T23:57:58.897Z,2026-05-03 19:57:58.897,102640,98,3826,319,-58
2026-05-03T23:57:58.937Z,2026-05-03 19:57:58.937,102640,99,3808,338,-390
2026-05-03T23:57:58.977Z,2026-05-03 19:57:58.977,102640,100,3772,-57,-576
2026-05-03T23:57:59.017Z,2026-05-03 19:57:59.017,102641,1,3742,-415,-585
2026-05-03T23:57:59.057Z,2026-05-03 19:57:59.057,102641,2,3780,-410,-422
2026-05-03T23:57:59.097Z,2026-05-03 19:57:59.097,102641,3,3806,-18,-109
2026-05-03T23:57:59.137Z,2026-05-03 19:57:59.137,102641,4,3827,293,263
2026-05-03T23:57:59.177Z,2026-05-03 19:57:59.177,102641,5,3862,214,580
2026-05-03T23:57:59.217Z,2026-05-03 19:57:59.217,102641,6,3852,-115,779
2026-05-03T23:57:59.257Z,2026-05-03 19:57:59.257,102641,7,3820,-349,740
2026-05-03T23:57:59.297Z,2026-05-03 19:57:59.297,102641,8,3825,-234,470
2026-05-03T23:57:59.337Z,2026-05-03 19:57:59.337,102641,9,3811,100,67
2026-05-03T23:57:59.377Z,2026-05-03 19:57:59.377,102641,10,3821,238,-300
2026-05-03T23:57:59.417Z,2026-05-03 19:57:59.417,102641,11,3790,58,-524
2026-05-03T23:57:59.457Z,2026-05-03 19:57:59.457,102641,12,3774,-227,-570
2026-05-03T23:57:59.497Z,2026-05-03 19:57:59.497,102641,13,3776,-327,-427
2026-05-03T23:57:59.537Z,2026-05-03 19:57:59.537,102641,14,3819,-99,-148
2026-05-03T23:57:59.577Z,2026-05-03 19:57:59.577,102641,15,3818,151,197
2026-05-03T23:57:59.617Z,2026-05-03 19:57:59.617,102641,16,3846,171,518
2026-05-03T23:57:59.657Z,2026-05-03 19:57:59.657,102641,17,3853,-44,706
2026-05-03T23:57:59.697Z,2026-05-03 19:57:59.697,102641,18,3826,-233,693
2026-05-03T23:57:59.737Z,2026-05-03 19:57:59.737,102641,19,3823,-209,470
2026-05-03T23:57:59.777Z,2026-05-03 19:57:59.777,102641,20,3831,-4,129
2026-05-03T23:57:59.817Z,2026-05-03 19:57:59.817,102641,21,3815,155,-280
2026-05-03T23:57:59.857Z,2026-05-03 19:57:59.857,102641,22,3802,85,-541
2026-05-03T23:57:59.897Z,2026-05-03 19:57:59.897,102641,23,3772,-161,-548
2026-05-03T23:57:59.937Z,2026-05-03 19:57:59.937,102641,24,3770,-251,-394
2026-05-03T23:57:59.977Z,2026-05-03 19:57:59.977,102641,25,3792,-122,-115
2026-05-03T23:58:00.017Z,2026-05-03 19:58:00.017,102641,26,3826,71,233
2026-05-03T23:58:00.057Z,2026-05-03 19:58:00.057,102641,27,3838,96,463
2026-05-03T23:58:00.097Z,2026-05-03 19:58:00.097,102641,28,3845,-19,612
2026-05-03T23:58:00.137Z,2026-05-03 19:58:00.137,102641,29,3841,-139,645
2026-05-03T23:58:00.177Z,2026-05-03 19:58:00.177,102641,30,3826,-99,433
2026-05-03T23:58:00.217Z,2026-05-03 19:58:00.217,102641,31,3822,-30,169
2026-05-03T23:58:00.257Z,2026-05-03 19:58:00.257,102641,32,3803,35,-142
2026-05-03T23:58:00.297Z,2026-05-03 19:58:00.297,102641,33,3788,-18,-435
2026-05-03T23:58:00.337Z,2026-05-03 19:58:00.337,102641,34,3756,-78,-529
2026-05-03T23:58:00.377Z,2026-05-03 19:58:00.377,102641,35,3783,-166,-414
2026-05-03T23:58:00.417Z,2026-05-03 19:58:00.417,102641,36,3798,-91,-208
2026-05-03T23:58:00.457Z,2026-05-03 19:58:00.457,102641,37,3818,-16,177
2026-05-03T23:58:00.497Z,2026-05-03 19:58:00.497,102641,38,3843,24,451
2026-05-03T23:58:00.537Z,2026-05-03 19:58:00.537,102641,39,3837,-116,613
2026-05-03T23:58:00.577Z,2026-05-03 19:58:00.577,102641,40,3818,-206,641
2026-05-03T23:58:00.617Z,2026-05-03 19:58:00.617,102641,41,3845,41,368
2026-05-03T23:58:00.657Z,2026-05-03 19:58:00.657,102641,42,3821,-45,141
2026-05-03T23:58:00.697Z,2026-05-03 19:58:00.697,102641,43,3783,-164,-131
2026-05-03T23:58:00.737Z,2026-05-03 19:58:00.737,102641,44,3798,-183,-395
2026-05-03T23:58:00.777Z,2026-05-03 19:58:00.777,102641,45,3784,-129,-473
2026-05-03T23:58:00.817Z,2026-05-03 19:58:00.817,102641,46,3785,-60,-401
2026-05-03T23:58:00.857Z,2026-05-03 19:58:00.857,102641,47,3798,-30,-201
2026-05-03T23:58:00.897Z,2026-05-03 19:58:00.897,102641,48,3820,-20,110
2026-05-03T23:58:00.937Z,2026-05-03 19:58:00.937,102641,49,3822,-61,341
2026-05-03T23:58:00.977Z,2026-05-03 19:58:00.977,102641,50,3884,75,620
2026-05-03T23:58:01.017Z,2026-05-03 19:58:01.017,102641,51,3816,-445,624
2026-05-03T23:58:01.057Z,2026-05-03 19:58:01.057,102641,52,3883,-159,451
2026-05-03T23:58:01.097Z,2026-05-03 19:58:01.097,102641,53,3822,-212,347
2026-05-03T23:58:01.137Z,2026-05-03 19:58:01.137,102641,54,3793,-252,-130
2026-05-03T23:58:01.177Z,2026-05-03 19:58:01.177,102641,55,3802,-129,-308
2026-05-03T23:58:01.217Z,2026-05-03 19:58:01.217,102641,56,3763,-253,-293
2026-05-03T23:58:01.257Z,2026-05-03 19:58:01.257,102641,57,3765,-181,-525
2026-05-03T23:58:01.297Z,2026-05-03 19:58:01.297,102641,58,3784,-26,-308
2026-05-03T23:58:01.337Z,2026-05-03 19:58:01.337,102641,59,3779,-18,1
2026-05-03T23:58:01.377Z,2026-05-03 19:58:01.377,102641,60,3821,105,274
2026-05-03T23:58:01.417Z,2026-05-03 19:58:01.417,102641,61,3818,141,501
2026-05-03T23:58:01.457Z,2026-05-03 19:58:01.457,102641,62,3837,244,560
2026-05-03T23:58:01.497Z,2026-05-03 19:58:01.497,102641,63,3852,258,548
2026-05-03T23:58:01.537Z,2026-05-03 19:58:01.537,102641,64,3839,186,360
2026-05-03T23:58:01.577Z,2026-05-03 19:58:01.577,102641,65,3807,67,213
2026-05-03T23:58:01.617Z,2026-05-03 19:58:01.617,102641,66,3814,210,-157
2026-05-03T23:58:01.657Z,2026-05-03 19:58:01.657,102641,67,3762,43,-344
2026-05-03T23:58:01.697Z,2026-05-03 19:58:01.697,102641,68,3783,169,-396
2026-05-03T23:58:01.737Z,2026-05-03 19:58:01.737,102641,69,3788,70,-272
2026-05-03T23:58:01.777Z,2026-05-03 19:58:01.777,102641,70,3771,41,-102
2026-05-03T23:58:01.817Z,2026-05-03 19:58:01.817,102641,71,3809,310,122
2026-05-03T23:58:01.857Z,2026-05-03 19:58:01.857,102641,72,3812,166,457
2026-05-03T23:58:01.897Z,2026-05-03 19:58:01.897,102641,73,3788,63,529
2026-05-03T23:58:01.937Z,2026-05-03 19:58:01.937,102641,74,3838,316,419
2026-05-03T23:58:01.977Z,2026-05-03 19:58:01.977,102641,75,3814,356,358
2026-05-03T23:58:02.017Z,2026-05-03 19:58:02.017,102641,76,3809,436,153
2026-05-03T23:58:02.057Z,2026-05-03 19:58:02.057,102641,77,3809,419,-54
2026-05-03T23:58:02.097Z,2026-05-03 19:58:02.097,102641,78,3789,532,-179
2026-05-03T23:58:02.137Z,2026-05-03 19:58:02.137,102641,79,3777,479,-270
2026-05-03T23:58:02.177Z,2026-05-03 19:58:02.177,102641,80,3801,532,-219
2026-05-03T23:58:02.217Z,2026-05-03 19:58:02.217,102641,81,3788,582,-54
2026-05-03T23:58:02.257Z,2026-05-03 19:58:02.257,102641,82,3811,731,59
2026-05-03T23:58:02.297Z,2026-05-03 19:58:02.297,102641,83,3841,708,349
2026-05-03T23:58:02.337Z,2026-05-03 19:58:02.337,102641,84,3828,691,445
2026-05-03T23:58:02.377Z,2026-05-03 19:58:02.377,102641,85,3809,518,503
2026-05-03T23:58:02.417Z,2026-05-03 19:58:02.417,102641,86,3815,705,347
2026-05-03T23:58:02.457Z,2026-05-03 19:58:02.457,102641,87,3839,1044,230
2026-05-03T23:58:02.497Z,2026-05-03 19:58:02.497,102641,88,3785,1068,54
2026-05-03T23:58:02.537Z,2026-05-03 19:58:02.537,102641,89,3786,1185,-155
2026-05-03T23:58:02.577Z,2026-05-03 19:58:02.577,102641,90,3761,1205,-144
2026-05-03T23:58:02.617Z,2026-05-03 19:58:02.617,102641,91,3758,1197,-157
2026-05-03T23:58:02.657Z,2026-05-03 19:58:02.657,102641,92,3753,1262,-46
2026-05-03T23:58:02.697Z,2026-05-03 19:58:02.697,102641,93,3735,1267,152
2026-05-03T23:58:02.737Z,2026-05-03 19:58:02.737,102641,94,3709,1337,274
2026-05-03T23:58:02.777Z,2026-05-03 19:58:02.777,102641,95,3692,1347,446
2026-05-03T23:58:02.817Z,2026-05-03 19:58:02.817,102641,96,4507,1320,189
2026-05-03T23:58:02.857Z,2026-05-03 19:58:02.857,102641,97,3608,-3611,2490
2026-05-03T23:58:02.897Z,2026-05-03 19:58:02.897,102641,98,3508,607,-1988
2026-05-03T23:58:02.937Z,2026-05-03 19:58:02.937,102641,99,3708,-2186,17
2026-05-03T23:58:02.977Z,2026-05-03 19:58:02.977,102641,100,3555,-618,-85
2026-05-03T23:58:03.017Z,2026-05-03 19:58:03.017,102642,1,3638,-1265,-579
2026-05-03T23:58:03.057Z,2026-05-03 19:58:03.057,102642,2,3700,-1265,-615
2026-05-03T23:58:03.097Z,2026-05-03 19:58:03.097,102642,3,3596,-517,-1227
2026-05-03T23:58:03.137Z,2026-05-03 19:58:03.137,102642,4,3714,-1733,-65
2026-05-03T23:58:03.177Z,2026-05-03 19:58:03.177,102642,5,3657,-464,-655
2026-05-03T23:58:03.217Z,2026-05-03 19:58:03.217,102642,6,3745,-1553,151
2026-05-03T23:58:03.257Z,2026-05-03 19:58:03.257,102642,7,3710,-673,-384
2026-05-03T23:58:03.297Z,2026-05-03 19:58:03.297,102642,8,3741,-1273,424
2026-05-03T23:58:03.337Z,2026-05-03 19:58:03.337,102642,9,3747,-1029,314
2026-05-03T23:58:03.377Z,2026-05-03 19:58:03.377,102642,10,3732,-1043,252
2026-05-03T23:58:03.417Z,2026-05-03 19:58:03.417,102642,11,3738,-1199,261
2026-05-03T23:58:03.457Z,2026-05-03 19:58:03.457,102642,12,3700,-900,-10
2026-05-03T23:58:03.497Z,2026-05-03 19:58:03.497,102642,13,3731,-1301,131
2026-05-03T23:58:03.537Z,2026-05-03 19:58:03.537,102642,14,3673,-856,-421
2026-05-03T23:58:03.577Z,2026-05-03 19:58:03.577,102642,15,3693,-1262,-243
2026-05-03T23:58:03.617Z,2026-05-03 19:58:03.617,102642,16,3649,-965,-439
2026-05-03T23:58:03.657Z,2026-05-03 19:58:03.657,102642,17,3644,-1221,-196
2026-05-03T23:58:03.697Z,2026-05-03 19:58:03.697,102642,18,3622,-1092,-178
2026-05-03T23:58:03.737Z,2026-05-03 19:58:03.737,102642,19,3609,-1156,-16
2026-05-03T23:58:03.777Z,2026-05-03 19:58:03.777,102642,20,3745,-1169,227
2026-05-03T23:58:03.817Z,2026-05-03 19:58:03.817,102642,21,4553,2889,-279
2026-05-03T23:58:03.857Z,2026-05-03 19:58:03.857,102642,22,3352,578,1476
2026-05-03T23:58:03.897Z,2026-05-03 19:58:03.897,102642,23,4190,3087,209
2026-05-03T23:58:03.937Z,2026-05-03 19:58:03.937,102642,24,3453,484,1328
2026-05-03T23:58:03.977Z,2026-05-03 19:58:03.977,102642,25,4239,3199,-608
2026-05-03T23:58:04.017Z,2026-05-03 19:58:04.017,102642,26,3500,604,1128
2026-05-03T23:58:04.057Z,2026-05-03 19:58:04.057,102642,27,4008,1746,-708
2026-05-03T23:58:04.097Z,2026-05-03 19:58:04.097,102642,28,3704,868,166
2026-05-03T23:58:04.137Z,2026-05-03 19:58:04.137,102642,29,3851,1509,194
2026-05-03T23:58:04.177Z,2026-05-03 19:58:04.177,102642,30,3742,999,-286
2026-05-03T23:58:04.217Z,2026-05-03 19:58:04.217,102642,31,3789,1514,-89
2026-05-03T23:58:04.257Z,2026-05-03 19:58:04.257,102642,32,3811,1282,248
2026-05-03T23:58:04.297Z,2026-05-03 19:58:04.297,102642,33,3936,-566,-474
2026-05-03T23:58:04.337Z,2026-05-03 19:58:04.337,102642,34,3699,-2006,1524
2026-05-03T23:58:04.377Z,2026-05-03 19:58:04.377,102642,35,3718,-1088,567
2026-05-03T23:58:04.417Z,2026-05-03 19:58:04.417,102642,36,3714,-979,-369
2026-05-03T23:58:04.457Z,2026-05-03 19:58:04.457,102642,37,3759,-1693,611
2026-05-03T23:58:04.497Z,2026-05-03 19:58:04.497,102642,38,3660,-539,-378
2026-05-03T23:58:04.537Z,2026-05-03 19:58:04.537,102642,39,3790,-1976,336
2026-05-03T23:58:04.577Z,2026-05-03 19:58:04.577,102642,40,3676,-319,-972
2026-05-03T23:58:04.617Z,2026-05-03 19:58:04.617,102642,41,3741,-1874,221
2026-05-03T23:58:04.657Z,2026-05-03 19:58:04.657,102642,42,3690,-677,-432
2026-05-03T23:58:04.697Z,2026-05-03 19:58:04.697,102642,43,3705,-1452,50
2026-05-03T23:58:04.737Z,2026-05-03 19:58:04.737,102642,44,3714,-1083,-149
2026-05-03T23:58:04.777Z,2026-05-03 19:58:04.777,102642,45,3668,-1110,98
2026-05-03T23:58:04.817Z,2026-05-03 19:58:04.817,102642,46,3761,-1267,563
2026-05-03T23:58:04.857Z,2026-05-03 19:58:04.857,102642,47,4226,1471,245
2026-05-03T23:58:04.897Z,2026-05-03 19:58:04.897,102642,48,3737,1805,199
2026-05-03T23:58:04.937Z,2026-05-03 19:58:04.937,102642,49,3884,2251,254
2026-05-03T23:58:04.977Z,2026-05-03 19:58:04.977,102642,50,3705,1461,496
2026-05-03T23:58:05.017Z,2026-05-03 19:58:05.017,102642,51,3948,1844,-390
2026-05-03T23:58:05.057Z,2026-05-03 19:58:05.057,102642,52,3676,838,662
2026-05-03T23:58:05.097Z,2026-05-03 19:58:05.097,102642,53,3891,1513,-214
2026-05-03T23:58:05.137Z,2026-05-03 19:58:05.137,102642,54,3899,1112,76
2026-05-03T23:58:05.177Z,2026-05-03 19:58:05.177,102642,55,3789,-1003,-333
2026-05-03T23:58:05.217Z,2026-05-03 19:58:05.217,102642,56,3748,-1624,351
2026-05-03T23:58:05.257Z,2026-05-03 19:58:05.257,102642,57,3711,-1192,384
2026-05-03T23:58:05.297Z,2026-05-03 19:58:05.297,102642,58,3711,-1072,-388
2026-05-03T23:58:05.337Z,2026-05-03 19:58:05.337,102642,59,3765,-1464,7
2026-05-03T23:58:05.377Z,2026-05-03 19:58:05.377,102642,60,3662,-823,-426
2026-05-03T23:58:05.417Z,2026-05-03 19:58:05.417,102642,61,3731,-1624,226
2026-05-03T23:58:05.457Z,2026-05-03 19:58:05.457,102642,62,3717,-800,-401
2026-05-03T23:58:05.497Z,2026-05-03 19:58:05.497,102642,63,3810,-919,42
2026-05-03T23:58:05.537Z,2026-05-03 19:58:05.537,102642,64,4022,1985,-354
2026-05-03T23:58:05.577Z,2026-05-03 19:58:05.577,102642,65,3661,1505,293
2026-05-03T23:58:05.617Z,2026-05-03 19:58:05.617,102642,66,3995,2407,-177
2026-05-03T23:58:05.657Z,2026-05-03 19:58:05.657,102642,67,3713,913,882
2026-05-03T23:58:05.697Z,2026-05-03 19:58:05.697,102642,68,3929,569,297
2026-05-03T23:58:05.737Z,2026-05-03 19:58:05.737,102642,69,3786,-1407,295
2026-05-03T23:58:05.777Z,2026-05-03 19:58:05.777,102642,70,3717,-1281,573
2026-05-03T23:58:05.817Z,2026-05-03 19:58:05.817,102642,71,3745,-1420,254
2026-05-03T23:58:05.857Z,2026-05-03 19:58:05.857,102642,72,3739,-802,-470
2026-05-03T23:58:05.897Z,2026-05-03 19:58:05.897,102642,73,3791,56,-413
2026-05-03T23:58:05.937Z,2026-05-03 19:58:05.937,102642,74,3833,978,-566
2026-05-03T23:58:05.977Z,2026-05-03 19:58:05.977,102642,75,3837,1141,-398
2026-05-03T23:58:06.017Z,2026-05-03 19:58:06.017,102642,76,3828,506,-120
2026-05-03T23:58:06.057Z,2026-05-03 19:58:06.057,102642,77,3807,-497,88
2026-05-03T23:58:06.097Z,2026-05-03 19:58:06.097,102642,78,3770,-1019,648
2026-05-03T23:58:06.137Z,2026-05-03 19:58:06.137,102642,79,3810,-605,831
2026-05-03T23:58:06.177Z,2026-05-03 19:58:06.177,102642,80,3871,345,756
2026-05-03T23:58:06.217Z,2026-05-03 19:58:06.217,102642,81,3861,770,521
2026-05-03T23:58:06.257Z,2026-05-03 19:58:06.257,102642,82,3844,416,8
2026-05-03T23:58:06.297Z,2026-05-03 19:58:06.297,102642,83,3762,-442,-247
2026-05-03T23:58:06.337Z,2026-05-03 19:58:06.337,102642,84,3749,-739,-435
2026-05-03T23:58:06.377Z,2026-05-03 19:58:06.377,102642,85,3753,-373,-554
2026-05-03T23:58:06.417Z,2026-05-03 19:58:06.417,102642,86,3810,262,-427
2026-05-03T23:58:06.457Z,2026-05-03 19:58:06.457,102642,87,3823,561,-253
2026-05-03T23:58:06.497Z,2026-05-03 19:58:06.497,102642,88,3832,154,100
2026-05-03T23:58:06.537Z,2026-05-03 19:58:06.537,102642,89,3809,-444,487
2026-05-03T23:58:06.577Z,2026-05-03 19:58:06.577,102642,90,3836,-552,684
2026-05-03T23:58:06.617Z,2026-05-03 19:58:06.617,102642,91,3844,-92,709
2026-05-03T23:58:06.657Z,2026-05-03 19:58:06.657,102642,92,3848,396,531
2026-05-03T23:58:06.697Z,2026-05-03 19:58:06.697,102642,93,3843,402,158
2026-05-03T23:58:06.737Z,2026-05-03 19:58:06.737,102642,94,3795,-112,-148
2026-05-03T23:58:06.777Z,2026-05-03 19:58:06.777,102642,95,3760,-475,-415
2026-05-03T23:58:06.817Z,2026-05-03 19:58:06.817,102642,96,3768,-376,-528
2026-05-03T23:58:06.857Z,2026-05-03 19:58:06.857,102642,97,3784,68,-425
2026-05-03T23:58:06.897Z,2026-05-03 19:58:06.897,102642,98,3838,366,-251
2026-05-03T23:58:06.937Z,2026-05-03 19:58:06.937,102642,99,3826,183,74
2026-05-03T23:58:06.977Z,2026-05-03 19:58:06.977,102642,100,3841,-259,420
2026-05-03T23:58:07.017Z,2026-05-03 19:58:07.017,102643,1,3825,-409,596
2026-05-03T23:58:07.057Z,2026-05-03 19:58:07.057,102643,2,3843,-164,666
2026-05-03T23:58:07.097Z,2026-05-03 19:58:07.097,102643,3,3848,224,507
2026-05-03T23:58:07.137Z,2026-05-03 19:58:07.137,102643,4,3853,308,195
2026-05-03T23:58:07.177Z,2026-05-03 19:58:07.177,102643,5,3802,-17,-79
2026-05-03T23:58:07.217Z,2026-05-03 19:58:07.217,102643,6,3777,-350,-353
2026-05-03T23:58:07.257Z,2026-05-03 19:58:07.257,102643,7,3770,-366,-475
2026-05-03T23:58:07.297Z,2026-05-03 19:58:07.297,102643,8,3795,-21,-414
2026-05-03T23:58:07.337Z,2026-05-03 19:58:07.337,102643,9,3814,270,-261
2026-05-03T23:58:07.377Z,2026-05-03 19:58:07.377,102643,10,3829,165,45
2026-05-03T23:58:07.417Z,2026-05-03 19:58:07.417,102643,11,3825,-167,374
2026-05-03T23:58:07.457Z,2026-05-03 19:58:07.457,102643,12,3807,-331,569
2026-05-03T23:58:07.497Z,2026-05-03 19:58:07.497,102643,13,3825,-162,625
2026-05-03T23:58:07.537Z,2026-05-03 19:58:07.537,102643,14,3845,164,491
2026-05-03T23:58:07.577Z,2026-05-03 19:58:07.577,102643,15,3848,256,219
2026-05-03T23:58:07.617Z,2026-05-03 19:58:07.617,102643,16,3806,-6,-36
2026-05-03T23:58:07.657Z,2026-05-03 19:58:07.657,102643,17,3783,-282,-303
2026-05-03T23:58:07.697Z,2026-05-03 19:58:07.697,102643,18,3776,-312,-434
2026-05-03T23:58:07.737Z,2026-05-03 19:58:07.737,102643,19,3797,-39,-411
2026-05-03T23:58:07.777Z,2026-05-03 19:58:07.777,102643,20,3820,193,-251
2026-05-03T23:58:07.817Z,2026-05-03 19:58:07.817,102643,21,3814,128,35
2026-05-03T23:58:07.857Z,2026-05-03 19:58:07.857,102643,22,3810,-132,334
2026-05-03T23:58:07.897Z,2026-05-03 19:58:07.897,102643,23,3822,-283,545
2026-05-03T23:58:07.937Z,2026-05-03 19:58:07.937,102643,24,3821,-148,594
2026-05-03T23:58:07.977Z,2026-05-03 19:58:07.977,102643,25,3842,114,466
2026-05-03T23:58:08.017Z,2026-05-03 19:58:08.017,102643,26,3850,191,238
2026-05-03T23:58:08.057Z,2026-05-03 19:58:08.057,102643,27,3809,12,-21
2026-05-03T23:58:08.097Z,2026-05-03 19:58:08.097,102643,28,3793,-240,-258
2026-05-03T23:58:08.137Z,2026-05-03 19:58:08.137,102643,29,3783,-259,-400
2026-05-03T23:58:08.177Z,2026-05-03 19:58:08.177,102643,30,3791,-51,-396
2026-05-03T23:58:08.217Z,2026-05-03 19:58:08.217,102643,31,3835,136,-244
2026-05-03T23:58:08.257Z,2026-05-03 19:58:08.257,102643,32,3827,105,19
2026-05-03T23:58:08.297Z,2026-05-03 19:58:08.297,102643,33,3831,-117,301
2026-05-03T23:58:08.337Z,2026-05-03 19:58:08.337,102643,34,3829,-251,498
2026-05-03T23:58:08.377Z,2026-05-03 19:58:08.377,102643,35,3838,-134,573
2026-05-03T23:58:08.417Z,2026-05-03 19:58:08.417,102643,36,3868,78,469
2026-05-03T23:58:08.457Z,2026-05-03 19:58:08.457,102643,37,3828,151,244
2026-05-03T23:58:08.497Z,2026-05-03 19:58:08.497,102643,38,3802,-6,-4
2026-05-03T23:58:08.537Z,2026-05-03 19:58:08.537,102643,39,3787,-204,-236
2026-05-03T23:58:08.577Z,2026-05-03 19:58:08.577,102643,40,3776,-244,-369
2026-05-03T23:58:08.617Z,2026-05-03 19:58:08.617,102643,41,3783,-40,-373
2026-05-03T23:58:08.657Z,2026-05-03 19:58:08.657,102643,42,3805,114,-229
2026-05-03T23:58:08.697Z,2026-05-03 19:58:08.697,102643,43,3809,85,7
2026-05-03T23:58:08.737Z,2026-05-03 19:58:08.737,102643,44,3819,-102,262
2026-05-03T23:58:08.777Z,2026-05-03 19:58:08.777,102643,45,3822,-195,454
2026-05-03T23:58:08.817Z,2026-05-03 19:58:08.817,102643,46,3836,-120,543
2026-05-03T23:58:08.857Z,2026-05-03 19:58:08.857,102643,47,3836,59,447
2026-05-03T23:58:08.897Z,2026-05-03 19:58:08.897,102643,48,3837,121,251
2026-05-03T23:58:08.937Z,2026-05-03 19:58:08.937,102643,49,3795,-14,20
2026-05-03T23:58:08.977Z,2026-05-03 19:58:08.977,102643,50,3784,-179,-204
2026-05-03T23:58:09.017Z,2026-05-03 19:58:09.017,102643,51,3789,-199,-339
2026-05-03T23:58:09.057Z,2026-05-03 19:58:09.057,102643,52,3778,-42,-351
2026-05-03T23:58:09.097Z,2026-05-03 19:58:09.097,102643,53,3834,91,-234
2026-05-03T23:58:09.137Z,2026-05-03 19:58:09.137,102643,54,3838,52,-18
2026-05-03T23:58:09.177Z,2026-05-03 19:58:09.177,102643,55,3826,-93,246
2026-05-03T23:58:09.217Z,2026-05-03 19:58:09.217,102643,56,3836,-191,431
2026-05-03T23:58:09.257Z,2026-05-03 19:58:09.257,102643,57,3830,-106,502
2026-05-03T23:58:09.297Z,2026-05-03 19:58:09.297,102643,58,3830,60,441
2026-05-03T23:58:09.337Z,2026-05-03 19:58:09.337,102643,59,3853,109,261
2026-05-03T23:58:09.377Z,2026-05-03 19:58:09.377,102643,60,3822,-18,42
2026-05-03T23:58:09.417Z,2026-05-03 19:58:09.417,102643,61,3792,-173,-159
2026-05-03T23:58:09.457Z,2026-05-03 19:58:09.457,102643,62,3782,-163,-310
2026-05-03T23:58:09.497Z,2026-05-03 19:58:09.497,102643,63,3785,-38,-334
2026-05-03T23:58:09.537Z,2026-05-03 19:58:09.537,102643,64,3809,80,-223
2026-05-03T23:58:09.577Z,2026-05-03 19:58:09.577,102643,65,3829,46,-38
2026-05-03T23:58:09.617Z,2026-05-03 19:58:09.617,102643,66,3822,-100,208
2026-05-03T23:58:09.657Z,2026-05-03 19:58:09.657,102643,67,3822,-171,400
2026-05-03T23:58:09.697Z,2026-05-03 19:58:09.697,102643,68,3836,-99,473
2026-05-03T23:58:09.737Z,2026-05-03 19:58:09.737,102643,69,3831,33,426
2026-05-03T23:58:09.777Z,2026-05-03 19:58:09.777,102643,70,3818,87,253
2026-05-03T23:58:09.817Z,2026-05-03 19:58:09.817,102643,71,3810,-33,56
2026-05-03T23:58:09.857Z,2026-05-03 19:58:09.857,102643,72,3779,-146,-154
2026-05-03T23:58:09.897Z,2026-05-03 19:58:09.897,102643,73,3780,-151,-271
2026-05-03T23:58:09.937Z,2026-05-03 19:58:09.937,102643,74,3795,-59,-284
2026-05-03T23:58:09.977Z,2026-05-03 19:58:09.977,102643,75,3805,48,-205
2026-05-03T23:58:10.017Z,2026-05-03 19:58:10.017,102643,76,3809,23,-28
2026-05-03T23:58:10.057Z,2026-05-03 19:58:10.057,102643,77,3812,-87,187
2026-05-03T23:58:10.097Z,2026-05-03 19:58:10.097,102643,78,3826,-147,362
2026-05-03T23:58:10.137Z,2026-05-03 19:58:10.137,102643,79,3834,-77,440
2026-05-03T23:58:10.177Z,2026-05-03 19:58:10.177,102643,80,3836,42,417
2026-05-03T23:58:10.217Z,2026-05-03 19:58:10.217,102643,81,3840,61,271
2026-05-03T23:58:10.257Z,2026-05-03 19:58:10.257,102643,82,3812,-24,77
2026-05-03T23:58:10.297Z,2026-05-03 19:58:10.297,102643,83,3797,-145,-116
2026-05-03T23:58:10.337Z,2026-05-03 19:58:10.337,102643,84,3803,-135,-273
2026-05-03T23:58:10.377Z,2026-05-03 19:58:10.377,102643,85,3796,-37,-281
2026-05-03T23:58:10.417Z,2026-05-03 19:58:10.417,102643,86,3796,34,-211
2026-05-03T23:58:10.457Z,2026-05-03 19:58:10.457,102643,87,3805,17,-42
2026-05-03T23:58:10.497Z,2026-05-03 19:58:10.497,102643,88,3816,-82,169
2026-05-03T23:58:10.537Z,2026-05-03 19:58:10.537,102643,89,3818,-134,347
2026-05-03T23:58:10.577Z,2026-05-03 19:58:10.577,102643,90,3837,-74,432
2026-05-03T23:58:10.617Z,2026-05-03 19:58:10.617,102643,91,3834,45,388
2026-05-03T23:58:10.657Z,2026-05-03 19:58:10.657,102643,92,3814,58,245
2026-05-03T23:58:10.697Z,2026-05-03 19:58:10.697,102643,93,3807,-44,83
2026-05-03T23:58:10.737Z,2026-05-03 19:58:10.737,102643,94,3793,-132,-109
2026-05-03T23:58:10.777Z,2026-05-03 19:58:10.777,102643,95,3806,-126,-239
2026-05-03T23:58:10.817Z,2026-05-03 19:58:10.817,102643,96,3801,-31,-262
2026-05-03T23:58:10.857Z,2026-05-03 19:58:10.857,102643,97,3805,27,-199
2026-05-03T23:58:10.897Z,2026-05-03 19:58:10.897,102643,98,3837,2,-45
2026-05-03T23:58:10.937Z,2026-05-03 19:58:10.937,102643,99,3814,-95,161
2026-05-03T23:58:10.977Z,2026-05-03 19:58:10.977,102643,100,3822,-131,315
2026-05-03T23:58:11.017Z,2026-05-03 19:58:11.017,102644,1,3847,-62,413
2026-05-03T23:58:11.057Z,2026-05-03 19:58:11.057,102644,2,3852,18,371
2026-05-03T23:58:11.097Z,2026-05-03 19:58:11.097,102644,3,3840,44,266
2026-05-03T23:58:11.137Z,2026-05-03 19:58:11.137,102644,4,3808,-41,97
2026-05-03T23:58:11.177Z,2026-05-03 19:58:11.177,102644,5,3808,-113,-78
2026-05-03T23:58:11.217Z,2026-05-03 19:58:11.217,102644,6,3790,-127,-210
2026-05-03T23:58:11.257Z,2026-05-03 19:58:11.257,102644,7,3805,-33,-247
2026-05-03T23:58:11.297Z,2026-05-03 19:58:11.297,102644,8,3808,14,-195
2026-05-03T23:58:11.337Z,2026-05-03 19:58:11.337,102644,9,3815,-4,-34
2026-05-03T23:58:11.377Z,2026-05-03 19:58:11.377,102644,10,3814,-81,148
2026-05-03T23:58:11.417Z,2026-05-03 19:58:11.417,102644,11,3823,-127,301
2026-05-03T23:58:11.457Z,2026-05-03 19:58:11.457,102644,12,3827,-63,389
2026-05-03T23:58:11.497Z,2026-05-03 19:58:11.497,102644,13,3828,14,354
2026-05-03T23:58:11.537Z,2026-05-03 19:58:11.537,102644,14,3833,22,251
2026-05-03T23:58:11.577Z,2026-05-03 19:58:11.577,102644,15,3821,-47,102
2026-05-03T23:58:11.617Z,2026-05-03 19:58:11.617,102644,16,3800,-109,-59
2026-05-03T23:58:11.657Z,2026-05-03 19:58:11.657,102644,17,3799,-106,-190
2026-05-03T23:58:11.697Z,2026-05-03 19:58:11.697,102644,18,3792,-32,-230
2026-05-03T23:58:11.737Z,2026-05-03 19:58:11.737,102644,19,3801,20,-182
2026-05-03T23:58:11.777Z,2026-05-03 19:58:11.777,102644,20,3809,-15,-35
2026-05-03T23:58:11.817Z,2026-05-03 19:58:11.817,102644,21,3820,-80,133
2026-05-03T23:58:11.857Z,2026-05-03 19:58:11.857,102644,22,3830,-91,288
2026-05-03T23:58:11.897Z,2026-05-03 19:58:11.897,102644,23,3827,-41,352
2026-05-03T23:58:11.937Z,2026-05-03 19:58:11.937,102644,24,3838,-4,350
2026-05-03T23:58:11.977Z,2026-05-03 19:58:11.977,102644,25,3835,13,232
2026-05-03T23:58:12.017Z,2026-05-03 19:58:12.017,102644,26,3803,-60,98
2026-05-03T23:58:12.057Z,2026-05-03 19:58:12.057,102644,27,3802,-108,-57
2026-05-03T23:58:12.097Z,2026-05-03 19:58:12.097,102644,28,3798,-73,-173
2026-05-03T23:58:12.137Z,2026-05-03 19:58:12.137,102644,29,3794,-32,-205
2026-05-03T23:58:12.177Z,2026-05-03 19:58:12.177,102644,30,3796,8,-164
2026-05-03T23:58:12.217Z,2026-05-03 19:58:12.217,102644,31,3817,-10,-31
2026-05-03T23:58:12.257Z,2026-05-03 19:58:12.257,102644,32,3821,-83,134
2026-05-03T23:58:12.297Z,2026-05-03 19:58:12.297,102644,33,3813,-110,267
2026-05-03T23:58:12.337Z,2026-05-03 19:58:12.337,102644,34,3827,-45,334
2026-05-03T23:58:12.377Z,2026-05-03 19:58:12.377,102644,35,3827,18,339
2026-05-03T23:58:12.417Z,2026-05-03 19:58:12.417,102644,36,3818,8,236
2026-05-03T23:58:12.457Z,2026-05-03 19:58:12.457,102644,37,3821,-61,101
2026-05-03T23:58:12.497Z,2026-05-03 19:58:12.497,102644,38,3813,-104,-49
2026-05-03T23:58:12.537Z,2026-05-03 19:58:12.537,102644,39,3798,-85,-165
2026-05-03T23:58:12.577Z,2026-05-03 19:58:12.577,102644,40,3791,-26,-201
2026-05-03T23:58:12.617Z,2026-05-03 19:58:12.617,102644,41,3811,-7,-145
2026-05-03T23:58:12.657Z,2026-05-03 19:58:12.657,102644,42,3803,-40,-40
2026-05-03T23:58:12.697Z,2026-05-03 19:58:12.697,102644,43,3813,-98,134
2026-05-03T23:58:12.737Z,2026-05-03 19:58:12.737,102644,44,3808,-83,257
2026-05-03T23:58:12.777Z,2026-05-03 19:58:12.777,102644,45,3821,-43,322
2026-05-03T23:58:12.817Z,2026-05-03 19:58:12.817,102644,46,3850,1,325
2026-05-03T23:58:12.857Z,2026-05-03 19:58:12.857,102644,47,3841,-8,232
2026-05-03T23:58:12.897Z,2026-05-03 19:58:12.897,102644,48,3819,-61,108
2026-05-03T23:58:12.937Z,2026-05-03 19:58:12.937,102644,49,3797,-99,-40
2026-05-03T23:58:12.977Z,2026-05-03 19:58:12.977,102644,50,3798,-63,-156
2026-05-03T23:58:13.017Z,2026-05-03 19:58:13.017,102644,51,3805,-34,-189
2026-05-03T23:58:13.057Z,2026-05-03 19:58:13.057,102644,52,3808,-21,-158
2026-05-03T23:58:13.097Z,2026-05-03 19:58:13.097,102644,53,3806,-39,-34
2026-05-03T23:58:13.137Z,2026-05-03 19:58:13.137,102644,54,3816,-80,119
2026-05-03T23:58:13.177Z,2026-05-03 19:58:13.177,102644,55,3807,-88,253
2026-05-03T23:58:13.217Z,2026-05-03 19:58:13.217,102644,56,3826,-41,319
2026-05-03T23:58:13.257Z,2026-05-03 19:58:13.257,102644,57,3824,-1,317
2026-05-03T23:58:13.297Z,2026-05-03 19:58:13.297,102644,58,3818,-5,229
2026-05-03T23:58:13.337Z,2026-05-03 19:58:13.337,102644,59,3814,-57,103
2026-05-03T23:58:13.377Z,2026-05-03 19:58:13.377,102644,60,3815,-76,-23
2026-05-03T23:58:13.417Z,2026-05-03 19:58:13.417,102644,61,3791,-73,-139
2026-05-03T23:58:13.457Z,2026-05-03 19:58:13.457,102644,62,3808,-33,-174
2026-05-03T23:58:13.497Z,2026-05-03 19:58:13.497,102644,63,3805,-17,-150
2026-05-03T23:58:13.537Z,2026-05-03 19:58:13.537,102644,64,3803,-33,-44
2026-05-03T23:58:13.577Z,2026-05-03 19:58:13.577,102644,65,3812,-81,112
2026-05-03T23:58:13.617Z,2026-05-03 19:58:13.617,102644,66,3814,-71,243
2026-05-03T23:58:13.657Z,2026-05-03 19:58:13.657,102644,67,3818,-40,302
2026-05-03T23:58:13.697Z,2026-05-03 19:58:13.697,102644,68,3827,5,307
2026-05-03T23:58:13.737Z,2026-05-03 19:58:13.737,102644,69,3819,-24,245
2026-05-03T23:58:13.777Z,2026-05-03 19:58:13.777,102644,70,3805,-58,115
2026-05-03T23:58:13.817Z,2026-05-03 19:58:13.817,102644,71,3791,-89,-17
2026-05-03T23:58:13.857Z,2026-05-03 19:58:13.857,102644,72,3798,-77,-126
2026-05-03T23:58:13.897Z,2026-05-03 19:58:13.897,102644,73,3804,-30,-156
2026-05-03T23:58:13.937Z,2026-05-03 19:58:13.937,102644,74,3799,-14,-136
2026-05-03T23:58:13.977Z,2026-05-03 19:58:13.977,102644,75,3827,-51,-39
2026-05-03T23:58:14.017Z,2026-05-03 19:58:14.017,102644,76,3819,-75,103
2026-05-03T23:58:14.057Z,2026-05-03 19:58:14.057,102644,77,3822,-74,222
2026-05-03T23:58:14.097Z,2026-05-03 19:58:14.097,102644,78,3816,-41,297
2026-05-03T23:58:14.137Z,2026-05-03 19:58:14.137,102644,79,3823,-10,288
2026-05-03T23:58:14.177Z,2026-05-03 19:58:14.177,102644,80,3825,-17,224
2026-05-03T23:58:14.217Z,2026-05-03 19:58:14.217,102644,81,3810,-56,110
2026-05-03T23:58:14.257Z,2026-05-03 19:58:14.257,102644,82,3804,-92,-20
2026-05-03T23:58:14.297Z,2026-05-03 19:58:14.297,102644,83,3812,-68,-114
2026-05-03T23:58:14.337Z,2026-05-03 19:58:14.337,102644,84,3807,-31,-158
2026-05-03T23:58:14.377Z,2026-05-03 19:58:14.377,102644,85,3812,-23,-132
2026-05-03T23:58:14.417Z,2026-05-03 19:58:14.417,102644,86,3811,-42,-29
2026-05-03T23:58:14.457Z,2026-05-03 19:58:14.457,102644,87,3821,-60,102
2026-05-03T23:58:14.497Z,2026-05-03 19:58:14.497,102644,88,3832,-82,228
2026-05-03T23:58:14.537Z,2026-05-03 19:58:14.537,102644,89,3837,-28,296
2026-05-03T23:58:14.577Z,2026-05-03 19:58:14.577,102644,90,3828,-2,297
2026-05-03T23:58:14.617Z,2026-05-03 19:58:14.617,102644,91,3826,-13,237
2026-05-03T23:58:14.657Z,2026-05-03 19:58:14.657,102644,92,3819,-49,121
2026-05-03T23:58:14.697Z,2026-05-03 19:58:14.697,102644,93,3824,-75,-20
2026-05-03T23:58:14.737Z,2026-05-03 19:58:14.737,102644,94,3792,-84,-116
2026-05-03T23:58:14.777Z,2026-05-03 19:58:14.777,102644,95,3804,-23,-152
2026-05-03T23:58:14.817Z,2026-05-03 19:58:14.817,102644,96,3803,-20,-117
2026-05-03T23:58:14.857Z,2026-05-03 19:58:14.857,102644,97,3792,-51,-44
2026-05-03T23:58:14.897Z,2026-05-03 19:58:14.897,102644,98,3809,-68,90
2026-05-03T23:58:14.937Z,2026-05-03 19:58:14.937,102644,99,3832,-67,205
2026-05-03T23:58:14.977Z,2026-05-03 19:58:14.977,102644,100,3826,-42,278
2026-05-03T23:58:15.017Z,2026-05-03 19:58:15.017,102645,1,3837,-19,293
2026-05-03T23:58:15.057Z,2026-05-03 19:58:15.057,102645,2,3830,-25,227
2026-05-03T23:58:15.097Z,2026-05-03 19:58:15.097,102645,3,3811,-51,123
2026-05-03T23:58:15.137Z,2026-05-03 19:58:15.137,102645,4,3806,-79,-12
2026-05-03T23:58:15.177Z,2026-05-03 19:58:15.177,102645,5,3799,-53,-96
2026-05-03T23:58:15.217Z,2026-05-03 19:58:15.217,102645,6,3806,-32,-158
2026-05-03T23:58:15.257Z,2026-05-03 19:58:15.257,102645,7,3810,-24,-112
2026-05-03T23:58:15.297Z,2026-05-03 19:58:15.297,102645,8,3825,-33,-24
2026-05-03T23:58:15.337Z,2026-05-03 19:58:15.337,102645,9,3813,-68,86
2026-05-03T23:58:15.377Z,2026-05-03 19:58:15.377,102645,10,3817,-63,199
2026-05-03T23:58:15.417Z,2026-05-03 19:58:15.417,102645,11,3824,-46,277
2026-05-03T23:58:15.457Z,2026-05-03 19:58:15.457,102645,12,3843,-8,270
2026-05-03T23:58:15.497Z,2026-05-03 19:58:15.497,102645,13,3813,-24,220
2026-05-03T23:58:15.537Z,2026-05-03 19:58:15.537,102645,14,3827,-64,129
2026-05-03T23:58:15.577Z,2026-05-03 19:58:15.577,102645,15,3802,-75,2
2026-05-03T23:58:15.617Z,2026-05-03 19:58:15.617,102645,16,3805,-56,-92
2026-05-03T23:58:15.657Z,2026-05-03 19:58:15.657,102645,17,3817,-28,-143
2026-05-03T23:58:15.697Z,2026-05-03 19:58:15.697,102645,18,3814,-31,-116
2026-05-03T23:58:15.737Z,2026-05-03 19:58:15.737,102645,19,3800,-51,-30
2026-05-03T23:58:15.777Z,2026-05-03 19:58:15.777,102645,20,3813,-69,87
2026-05-03T23:58:15.817Z,2026-05-03 19:58:15.817,102645,21,3833,-45,201
2026-05-03T23:58:15.857Z,2026-05-03 19:58:15.857,102645,22,3829,-33,264
2026-05-03T23:58:15.897Z,2026-05-03 19:58:15.897,102645,23,3831,-5,275
2026-05-03T23:58:15.937Z,2026-05-03 19:58:15.937,102645,24,3820,-27,217
2026-05-03T23:58:15.977Z,2026-05-03 19:58:15.977,102645,25,3809,-61,121
2026-05-03T23:58:16.017Z,2026-05-03 19:58:16.017,102645,26,3803,-82,10
2026-05-03T23:58:16.057Z,2026-05-03 19:58:16.057,102645,27,3815,-56,-88
2026-05-03T23:58:16.097Z,2026-05-03 19:58:16.097,102645,28,3807,-28,-115
2026-05-03T23:58:16.137Z,2026-05-03 19:58:16.137,102645,29,3809,-48,-102
2026-05-03T23:58:16.177Z,2026-05-03 19:58:16.177,102645,30,3807,-49,-22
2026-05-03T23:58:16.217Z,2026-05-03 19:58:16.217,102645,31,3814,-84,92
2026-05-03T23:58:16.257Z,2026-05-03 19:58:16.257,102645,32,3815,-59,192
2026-05-03T23:58:16.297Z,2026-05-03 19:58:16.297,102645,33,3824,-31,252
2026-05-03T23:58:16.337Z,2026-05-03 19:58:16.337,102645,34,3828,-15,263
2026-05-03T23:58:16.377Z,2026-05-03 19:58:16.377,102645,35,3847,-31,220
2026-05-03T23:58:16.417Z,2026-05-03 19:58:16.417,102645,36,3825,-48,127
2026-05-03T23:58:16.457Z,2026-05-03 19:58:16.457,102645,37,3812,-76,6
2026-05-03T23:58:16.497Z,2026-05-03 19:58:16.497,102645,38,3806,-62,-71
2026-05-03T23:58:16.537Z,2026-05-03 19:58:16.537,102645,39,3811,-33,-117
2026-05-03T23:58:16.577Z,2026-05-03 19:58:16.577,102645,40,3797,-37,-104
2026-05-03T23:58:16.617Z,2026-05-03 19:58:16.617,102645,41,3814,-50,-19
2026-05-03T23:58:16.657Z,2026-05-03 19:58:16.657,102645,42,3817,-65,91
2026-05-03T23:58:16.697Z,2026-05-03 19:58:16.697,102645,43,3824,-56,184
2026-05-03T23:58:16.737Z,2026-05-03 19:58:16.737,102645,44,3837,-28,259
2026-05-03T23:58:16.777Z,2026-05-03 19:58:16.777,102645,45,3838,-12,246
2026-05-03T23:58:16.817Z,2026-05-03 19:58:16.817,102645,46,3832,-36,193
2026-05-03T23:58:16.857Z,2026-05-03 19:58:16.857,102645,47,3812,-64,111
2026-05-03T23:58:16.897Z,2026-05-03 19:58:16.897,102645,48,3813,-74,18
2026-05-03T23:58:16.937Z,2026-05-03 19:58:16.937,102645,49,3799,-44,-74
2026-05-03T23:58:16.977Z,2026-05-03 19:58:16.977,102645,50,3802,-35,-111
2026-05-03T23:58:17.017Z,2026-05-03 19:58:17.017,102645,51,3818,-48,-96
2026-05-03T23:58:17.057Z,2026-05-03 19:58:17.057,102645,52,3810,-56,-29
2026-05-03T23:58:17.097Z,2026-05-03 19:58:17.097,102645,53,3820,-74,91
2026-05-03T23:58:17.137Z,2026-05-03 19:58:17.137,102645,54,3800,-41,182
2026-05-03T23:58:17.177Z,2026-05-03 19:58:17.177,102645,55,3825,-31,234
2026-05-03T23:58:17.217Z,2026-05-03 19:58:17.217,102645,56,3829,-19,252
2026-05-03T23:58:17.257Z,2026-05-03 19:58:17.257,102645,57,3821,-28,216
2026-05-03T23:58:17.297Z,2026-05-03 19:58:17.297,102645,58,3814,-56,107
2026-05-03T23:58:17.337Z,2026-05-03 19:58:17.337,102645,59,3811,-50,11
2026-05-03T23:58:17.377Z,2026-05-03 19:58:17.377,102645,60,3806,-39,-59
2026-05-03T23:58:17.417Z,2026-05-03 19:58:17.417,102645,61,3815,-44,-101
2026-05-03T23:58:17.457Z,2026-05-03 19:58:17.457,102645,62,3800,-46,-83
2026-05-03T23:58:17.497Z,2026-05-03 19:58:17.497,102645,63,3803,-53,-24
2026-05-03T23:58:17.537Z,2026-05-03 19:58:17.537,102645,64,3814,-58,85
2026-05-03T23:58:17.577Z,2026-05-03 19:58:17.577,102645,65,3831,-51,165
2026-05-03T23:58:17.617Z,2026-05-03 19:58:17.617,102645,66,3823,-25,236
2026-05-03T23:58:17.657Z,2026-05-03 19:58:17.657,102645,67,3817,-29,251
2026-05-03T23:58:17.697Z,2026-05-03 19:58:17.697,102645,68,3825,-40,209
2026-05-03T23:58:17.737Z,2026-05-03 19:58:17.737,102645,69,3827,-50,121
2026-05-03T23:58:17.777Z,2026-05-03 19:58:17.777,102645,70,3824,-58,29
2026-05-03T23:58:17.817Z,2026-05-03 19:58:17.817,102645,71,3820,-48,-74
2026-05-03T23:58:17.857Z,2026-05-03 19:58:17.857,102645,72,3805,-36,-103
2026-05-03T23:58:17.897Z,2026-05-03 19:58:17.897,102645,73,3800,-32,-96
2026-05-03T23:58:17.937Z,2026-05-03 19:58:17.937,102645,74,3813,-51,-15
2026-05-03T23:58:17.977Z,2026-05-03 19:58:17.977,102645,75,3804,-61,89
2026-05-03T23:58:18.017Z,2026-05-03 19:58:18.017,102645,76,3812,-54,185
2026-05-03T23:58:18.057Z,2026-05-03 19:58:18.057,102645,77,3822,-32,240
2026-05-03T23:58:18.097Z,2026-05-03 19:58:18.097,102645,78,3824,-33,239
2026-05-03T23:58:18.137Z,2026-05-03 19:58:18.137,102645,79,3831,-32,192
2026-05-03T23:58:18.177Z,2026-05-03 19:58:18.177,102645,80,3804,-56,108
2026-05-03T23:58:18.217Z,2026-05-03 19:58:18.217,102645,81,3816,-61,38
2026-05-03T23:58:18.257Z,2026-05-03 19:58:18.257,102645,82,3807,-40,-65
2026-05-03T23:58:18.297Z,2026-05-03 19:58:18.297,102645,83,3817,-42,-86
2026-05-03T23:58:18.337Z,2026-05-03 19:58:18.337,102645,84,3837,-47,-74
2026-05-03T23:58:18.377Z,2026-05-03 19:58:18.377,102645,85,3809,-53,-14
2026-05-03T23:58:18.417Z,2026-05-03 19:58:18.417,102645,86,3805,-66,76
2026-05-03T23:58:18.457Z,2026-05-03 19:58:18.457,102645,87,3809,-45,165
2026-05-03T23:58:18.497Z,2026-05-03 19:58:18.497,102645,88,3829,-37,223
2026-05-03T23:58:18.537Z,2026-05-03 19:58:18.537,102645,89,3817,-23,240
2026-05-03T23:58:18.577Z,2026-05-03 19:58:18.577,102645,90,3820,-36,199
2026-05-03T23:58:18.617Z,2026-05-03 19:58:18.617,102645,91,3812,-58,109
2026-05-03T23:58:18.657Z,2026-05-03 19:58:18.657,102645,92,3806,-53,18
2026-05-03T23:58:18.697Z,2026-05-03 19:58:18.697,102645,93,3788,-60,-50
2026-05-03T23:58:18.737Z,2026-05-03 19:58:18.737,102645,94,3811,-30,-92
2026-05-03T23:58:18.777Z,2026-05-03 19:58:18.777,102645,95,3802,-42,-71
2026-05-03T23:58:18.817Z,2026-05-03 19:58:18.817,102645,96,3807,-42,-5
2026-05-03T23:58:18.857Z,2026-05-03 19:58:18.857,102645,97,3823,-52,97
2026-05-03T23:58:18.897Z,2026-05-03 19:58:18.897,102645,98,3821,-47,167
2026-05-03T23:58:18.937Z,2026-05-03 19:58:18.937,102645,99,3805,-30,214
2026-05-03T23:58:18.977Z,2026-05-03 19:58:18.977,102645,100,3812,-23,228
2026-05-03T23:58:19.017Z,2026-05-03 19:58:19.017,102646,1,3802,-38,185
2026-05-03T23:58:19.057Z,2026-05-03 19:58:19.057,102646,2,3810,-67,117
2026-05-03T23:58:19.097Z,2026-05-03 19:58:19.097,102646,3,3817,-67,43
2026-05-03T23:58:19.137Z,2026-05-03 19:58:19.137,102646,4,3811,-40,-52
2026-05-03T23:58:19.177Z,2026-05-03 19:58:19.177,102646,5,3804,-47,-82
2026-05-03T23:58:19.217Z,2026-05-03 19:58:19.217,102646,6,3827,-37,-67
2026-05-03T23:58:19.257Z,2026-05-03 19:58:19.257,102646,7,3796,-54,-27
2026-05-03T23:58:19.297Z,2026-05-03 19:58:19.297,102646,8,3824,-45,84
2026-05-03T23:58:19.337Z,2026-05-03 19:58:19.337,102646,9,3810,-46,154
2026-05-03T23:58:19.377Z,2026-05-03 19:58:19.377,102646,10,3826,-31,220
2026-05-03T23:58:19.417Z,2026-05-03 19:58:19.417,102646,11,3820,-31,233
2026-05-03T23:58:19.457Z,2026-05-03 19:58:19.457,102646,12,3828,-52,192
2026-05-03T23:58:19.497Z,2026-05-03 19:58:19.497,102646,13,3798,-46,115
2026-05-03T23:58:19.537Z,2026-05-03 19:58:19.537,102646,14,3803,-55,25
2026-05-03T23:58:19.577Z,2026-05-03 19:58:19.577,102646,15,3808,-48,-42
2026-05-03T23:58:19.617Z,2026-05-03 19:58:19.617,102646,16,3806,-43,-67
2026-05-03T23:58:19.657Z,2026-05-03 19:58:19.657,102646,17,3810,-61,-70
2026-05-03T23:58:19.697Z,2026-05-03 19:58:19.697,102646,18,3801,-46,-8
2026-05-03T23:58:19.737Z,2026-05-03 19:58:19.737,102646,19,3825,-46,77
2026-05-03T23:58:19.777Z,2026-05-03 19:58:19.777,102646,20,3833,-50,146
2026-05-03T23:58:19.817Z,2026-05-03 19:58:19.817,102646,21,3808,-24,210
2026-05-03T23:58:19.857Z,2026-05-03 19:58:19.857,102646,22,3826,-31,218
2026-05-03T23:58:19.897Z,2026-05-03 19:58:19.897,102646,23,3834,-35,183
2026-05-03T23:58:19.937Z,2026-05-03 19:58:19.937,102646,24,3813,-49,116
2026-05-03T23:58:19.977Z,2026-05-03 19:58:19.977,102646,25,3814,-47,33
2026-05-03T23:58:20.017Z,2026-05-03 19:58:20.017,102646,26,3808,-51,-48
2026-05-03T23:58:20.057Z,2026-05-03 19:58:20.057,102646,27,3807,-50,-74
2026-05-03T23:58:20.097Z,2026-05-03 19:58:20.097,102646,28,3796,-47,-55
2026-05-03T23:58:20.137Z,2026-05-03 19:58:20.137,102646,29,3813,-45,-10
2026-05-03T23:58:20.177Z,2026-05-03 19:58:20.177,102646,30,3821,-58,81
2026-05-03T23:58:20.217Z,2026-05-03 19:58:20.217,102646,31,3813,-47,146
2026-05-03T23:58:20.257Z,2026-05-03 19:58:20.257,102646,32,3808,-31,225
2026-05-03T23:58:20.297Z,2026-05-03 19:58:20.297,102646,33,3832,-29,218
2026-05-03T23:58:20.337Z,2026-05-03 19:58:20.337,102646,34,3822,-53,182
2026-05-03T23:58:20.377Z,2026-05-03 19:58:20.377,102646,35,3814,-54,121
2026-05-03T23:58:20.417Z,2026-05-03 19:58:20.417,102646,36,3812,-41,23
2026-05-03T23:58:20.457Z,2026-05-03 19:58:20.457,102646,37,3820,-56,-41
2026-05-03T23:58:20.497Z,2026-05-03 19:58:20.497,102646,38,3807,-37,-66
2026-05-03T23:58:20.537Z,2026-05-03 19:58:20.537,102646,39,3807,-47,-47
2026-05-03T23:58:20.577Z,2026-05-03 19:58:20.577,102646,40,3818,-61,-1
2026-05-03T23:58:20.617Z,2026-05-03 19:58:20.617,102646,41,3800,-56,77
2026-05-03T23:58:20.657Z,2026-05-03 19:58:20.657,102646,42,3809,-45,140
2026-05-03T23:58:20.697Z,2026-05-03 19:58:20.697,102646,43,3816,-54,205
2026-05-03T23:58:20.737Z,2026-05-03 19:58:20.737,102646,44,3818,-40,209
2026-05-03T23:58:20.777Z,2026-05-03 19:58:20.777,102646,45,3821,-44,184
2026-05-03T23:58:20.817Z,2026-05-03 19:58:20.817,102646,46,3816,-57,120
2026-05-03T23:58:20.857Z,2026-05-03 19:58:20.857,102646,47,3808,-44,41
2026-05-03T23:58:20.897Z,2026-05-03 19:58:20.897,102646,48,3809,-32,-25
2026-05-03T23:58:20.937Z,2026-05-03 19:58:20.937,102646,49,3817,-48,-61
2026-05-03T23:58:20.977Z,2026-05-03 19:58:20.977,102646,50,3806,-54,-59
2026-05-03T23:58:21.017Z,2026-05-03 19:58:21.017,102646,51,3813,-55,-14
2026-05-03T23:58:21.057Z,2026-05-03 19:58:21.057,102646,52,3821,-51,67
2026-05-03T23:58:21.097Z,2026-05-03 19:58:21.097,102646,53,3825,-42,135
2026-05-03T23:58:21.137Z,2026-05-03 19:58:21.137,102646,54,3810,-49,211
2026-05-03T23:58:21.177Z,2026-05-03 19:58:21.177,102646,55,3826,-45,193
2026-05-03T23:58:21.217Z,2026-05-03 19:58:21.217,102646,56,3807,-56,185
2026-05-03T23:58:21.257Z,2026-05-03 19:58:21.257,102646,57,3828,-56,109
2026-05-03T23:58:21.297Z,2026-05-03 19:58:21.297,102646,58,3814,-60,46
2026-05-03T23:58:21.337Z,2026-05-03 19:58:21.337,102646,59,3820,-43,-21
2026-05-03T23:58:21.377Z,2026-05-03 19:58:21.377,102646,60,3828,-33,-48
2026-05-03T23:58:21.417Z,2026-05-03 19:58:21.417,102646,61,3806,-57,-46
2026-05-03T23:58:21.457Z,2026-05-03 19:58:21.457,102646,62,3809,-51,-1
2026-05-03T23:58:21.497Z,2026-05-03 19:58:21.497,102646,63,3810,-42,77
2026-05-03T23:58:21.537Z,2026-05-03 19:58:21.537,102646,64,3815,-42,140
2026-05-03T23:58:21.577Z,2026-05-03 19:58:21.577,102646,65,3810,-39,196
2026-05-03T23:58:21.617Z,2026-05-03 19:58:21.617,102646,66,3817,-37,207
2026-05-03T23:58:21.657Z,2026-05-03 19:58:21.657,102646,67,3823,-47,181
2026-05-03T23:58:21.697Z,2026-05-03 19:58:21.697,102646,68,3818,-60,122
2026-05-03T23:58:21.737Z,2026-05-03 19:58:21.737,102646,69,3813,-64,35
2026-05-03T23:58:21.777Z,2026-05-03 19:58:21.777,102646,70,3823,-45,-24
2026-05-03T23:58:21.817Z,2026-05-03 19:58:21.817,102646,71,3810,-47,-63
2026-05-03T23:58:21.857Z,2026-05-03 19:58:21.857,102646,72,3821,-54,-44
2026-05-03T23:58:21.897Z,2026-05-03 19:58:21.897,102646,73,3820,-48,-4
2026-05-03T23:58:21.937Z,2026-05-03 19:58:21.937,102646,74,3831,-56,74
2026-05-03T23:58:21.977Z,2026-05-03 19:58:21.977,102646,75,3817,-47,135
2026-05-03T23:58:22.017Z,2026-05-03 19:58:22.017,102646,76,3834,-40,195
2026-05-03T23:58:22.057Z,2026-05-03 19:58:22.057,102646,77,3842,-43,192
2026-05-03T23:58:22.097Z,2026-05-03 19:58:22.097,102646,78,3821,-63,176
2026-05-03T23:58:22.137Z,2026-05-03 19:58:22.137,102646,79,3832,-54,112
2026-05-03T23:58:22.177Z,2026-05-03 19:58:22.177,102646,80,3811,-63,48
2026-05-03T23:58:22.217Z,2026-05-03 19:58:22.217,102646,81,3813,-50,-18
2026-05-03T23:58:22.257Z,2026-05-03 19:58:22.257,102646,82,3816,-50,-47
2026-05-03T23:58:22.297Z,2026-05-03 19:58:22.297,102646,83,3802,-47,-39
2026-05-03T23:58:22.337Z,2026-05-03 19:58:22.337,102646,84,3808,-44,21
2026-05-03T23:58:22.377Z,2026-05-03 19:58:22.377,102646,85,3818,-60,78
2026-05-03T23:58:22.417Z,2026-05-03 19:58:22.417,102646,86,3809,-38,133
2026-05-03T23:58:22.457Z,2026-05-03 19:58:22.457,102646,87,3831,-43,198
2026-05-03T23:58:22.497Z,2026-05-03 19:58:22.497,102646,88,3827,-26,195
2026-05-03T23:58:22.537Z,2026-05-03 19:58:22.537,102646,89,3807,-53,176
2026-05-03T23:58:22.577Z,2026-05-03 19:58:22.577,102646,90,3823,-54,101
2026-05-03T23:58:22.617Z,2026-05-03 19:58:22.617,102646,91,3806,-56,32
2026-05-03T23:58:22.657Z,2026-05-03 19:58:22.657,102646,92,3819,-35,-21
2026-05-03T23:58:22.697Z,2026-05-03 19:58:22.697,102646,93,3797,-46,-45
2026-05-03T23:58:22.737Z,2026-05-03 19:58:22.737,102646,94,3794,-41,-27
2026-05-03T23:58:22.777Z,2026-05-03 19:58:22.777,102646,95,3821,-58,13
2026-05-03T23:58:22.817Z,2026-05-03 19:58:22.817,102646,96,3809,-47,79
2026-05-03T23:58:22.857Z,2026-05-03 19:58:22.857,102646,97,3811,-36,132
2026-05-03T23:58:22.897Z,2026-05-03 19:58:22.897,102646,98,3819,-34,172
2026-05-03T23:58:22.937Z,2026-05-03 19:58:22.937,102646,99,3828,-47,187
2026-05-03T23:58:22.977Z,2026-05-03 19:58:22.977,102646,100,3813,-45,172
2026-05-03T23:58:23.017Z,2026-05-03 19:58:23.017,102647,1,3820,-57,127
2026-05-03T23:58:23.057Z,2026-05-03 19:58:23.057,102647,2,3807,-54,54
2026-05-03T23:58:23.097Z,2026-05-03 19:58:23.097,102647,3,3817,-33,-4
2026-05-03T23:58:23.137Z,2026-05-03 19:58:23.137,102647,4,3799,-43,-46
2026-05-03T23:58:23.177Z,2026-05-03 19:58:23.177,102647,5,3806,-61,-36
2026-05-03T23:58:23.217Z,2026-05-03 19:58:23.217,102647,6,3807,-66,3
2026-05-03T23:58:23.257Z,2026-05-03 19:58:23.257,102647,7,3814,-55,74
2026-05-03T23:58:23.297Z,2026-05-03 19:58:23.297,102647,8,3806,-41,148
2026-05-03T23:58:23.337Z,2026-05-03 19:58:23.337,102647,9,3820,-46,189
2026-05-03T23:58:23.377Z,2026-05-03 19:58:23.377,102647,10,3815,-38,179
2026-05-03T23:58:23.417Z,2026-05-03 19:58:23.417,102647,11,3816,-51,151
2026-05-03T23:58:23.457Z,2026-05-03 19:58:23.457,102647,12,3832,-67,111
2026-05-03T23:58:23.497Z,2026-05-03 19:58:23.497,102647,13,3794,-49,41
2026-05-03T23:58:23.537Z,2026-05-03 19:58:23.537,102647,14,3796,-37,-9
2026-05-03T23:58:23.577Z,2026-05-03 19:58:23.577,102647,15,3807,-42,-25
2026-05-03T23:58:23.617Z,2026-05-03 19:58:23.617,102647,16,3811,-61,-27
2026-05-03T23:58:23.657Z,2026-05-03 19:58:23.657,102647,17,3822,-65,4
2026-05-03T23:58:23.697Z,2026-05-03 19:58:23.697,102647,18,3821,-45,72
2026-05-03T23:58:23.737Z,2026-05-03 19:58:23.737,102647,19,3829,-41,126
2026-05-03T23:58:23.777Z,2026-05-03 19:58:23.777,102647,20,3814,-39,166
2026-05-03T23:58:23.817Z,2026-05-03 19:58:23.817,102647,21,3814,-41,193
2026-05-03T23:58:23.857Z,2026-05-03 19:58:23.857,102647,22,3824,-46,160
2026-05-03T23:58:23.897Z,2026-05-03 19:58:23.897,102647,23,3819,-51,113
2026-05-03T23:58:23.937Z,2026-05-03 19:58:23.937,102647,24,3823,-48,55
2026-05-03T23:58:23.977Z,2026-05-03 19:58:23.977,102647,25,3807,-40,-27
2026-05-03T23:58:24.017Z,2026-05-03 19:58:24.017,102647,26,3807,-41,-41
2026-05-03T23:58:24.057Z,2026-05-03 19:58:24.057,102647,27,3792,-47,-20
2026-05-03T23:58:24.097Z,2026-05-03 19:58:24.097,102647,28,3816,-42,18
2026-05-03T23:58:24.137Z,2026-05-03 19:58:24.137,102647,29,3813,-50,84
2026-05-03T23:58:24.177Z,2026-05-03 19:58:24.177,102647,30,3817,-41,135
2026-05-03T23:58:24.217Z,2026-05-03 19:58:24.217,102647,31,3823,-43,159
2026-05-03T23:58:24.257Z,2026-05-03 19:58:24.257,102647,32,3820,-48,170
2026-05-03T23:58:24.297Z,2026-05-03 19:58:24.297,102647,33,3820,-43,159
2026-05-03T23:58:24.337Z,2026-05-03 19:58:24.337,102647,34,3831,-50,108
2026-05-03T23:58:24.377Z,2026-05-03 19:58:24.377,102647,35,3813,-39,56
2026-05-03T23:58:24.417Z,2026-05-03 19:58:24.417,102647,36,3812,-42,2
2026-05-03T23:58:24.457Z,2026-05-03 19:58:24.457,102647,37,3798,-42,-34
2026-05-03T23:58:24.497Z,2026-05-03 19:58:24.497,102647,38,3812,-48,-24
2026-05-03T23:58:24.537Z,2026-05-03 19:58:24.537,102647,39,3829,-53,18
2026-05-03T23:58:24.577Z,2026-05-03 19:58:24.577,102647,40,3814,-43,60
2026-05-03T23:58:24.617Z,2026-05-03 19:58:24.617,102647,41,3825,-54,121
2026-05-03T23:58:24.657Z,2026-05-03 19:58:24.657,102647,42,3845,-42,160
2026-05-03T23:58:24.697Z,2026-05-03 19:58:24.697,102647,43,3814,-56,180
2026-05-03T23:58:24.737Z,2026-05-03 19:58:24.737,102647,44,3809,-44,142
2026-05-03T23:58:24.777Z,2026-05-03 19:58:24.777,102647,45,3806,-48,103
2026-05-03T23:58:24.817Z,2026-05-03 19:58:24.817,102647,46,3820,-43,45
2026-05-03T23:58:24.857Z,2026-05-03 19:58:24.857,102647,47,3821,-49,-13
2026-05-03T23:58:24.897Z,2026-05-03 19:58:24.897,102647,48,3808,-41,-24
2026-05-03T23:58:24.937Z,2026-05-03 19:58:24.937,102647,49,3802,-44,-20
2026-05-03T23:58:24.977Z,2026-05-03 19:58:24.977,102647,50,3806,-51,6
2026-05-03T23:58:25.017Z,2026-05-03 19:58:25.017,102647,51,3815,-56,71
2026-05-03T23:58:25.057Z,2026-05-03 19:58:25.057,102647,52,3810,-45,114
2026-05-03T23:58:25.097Z,2026-05-03 19:58:25.097,102647,53,3815,-44,154
2026-05-03T23:58:25.137Z,2026-05-03 19:58:25.137,102647,54,3826,-47,175
2026-05-03T23:58:25.177Z,2026-05-03 19:58:25.177,102647,55,3806,-48,154
2026-05-03T23:58:25.217Z,2026-05-03 19:58:25.217,102647,56,3835,-31,119
2026-05-03T23:58:25.257Z,2026-05-03 19:58:25.257,102647,57,3812,-43,51
2026-05-03T23:58:25.297Z,2026-05-03 19:58:25.297,102647,58,3813,-33,-1
2026-05-03T23:58:25.337Z,2026-05-03 19:58:25.337,102647,59,3808,-45,-36
2026-05-03T23:58:25.377Z,2026-05-03 19:58:25.377,102647,60,3809,-49,-36
2026-05-03T23:58:25.417Z,2026-05-03 19:58:25.417,102647,61,3810,-54,14
2026-05-03T23:58:25.457Z,2026-05-03 19:58:25.457,102647,62,3826,-48,64
2026-05-03T23:58:25.497Z,2026-05-03 19:58:25.497,102647,63,3825,-39,118
2026-05-03T23:58:25.537Z,2026-05-03 19:58:25.537,102647,64,3819,-42,172
2026-05-03T23:58:25.577Z,2026-05-03 19:58:25.577,102647,65,3825,-47,165
2026-05-03T23:58:25.617Z,2026-05-03 19:58:25.617,102647,66,3814,-44,155
2026-05-03T23:58:25.657Z,2026-05-03 19:58:25.657,102647,67,3825,-36,114
2026-05-03T23:58:25.697Z,2026-05-03 19:58:25.697,102647,68,3813,-48,50
2026-05-03T23:58:25.737Z,2026-05-03 19:58:25.737,102647,69,3813,-60,-1
2026-05-03T23:58:25.777Z,2026-05-03 19:58:25.777,102647,70,3800,-41,-20
2026-05-03T23:58:25.817Z,2026-05-03 19:58:25.817,102647,71,3811,-48,-28
2026-05-03T23:58:25.857Z,2026-05-03 19:58:25.857,102647,72,3805,-46,15
2026-05-03T23:58:25.897Z,2026-05-03 19:58:25.897,102647,73,3822,-45,72
2026-05-03T23:58:25.937Z,2026-05-03 19:58:25.937,102647,74,3816,-43,118
2026-05-03T23:58:25.977Z,2026-05-03 19:58:25.977,102647,75,3817,-49,157
2026-05-03T23:58:26.017Z,2026-05-03 19:58:26.017,102647,76,3825,-37,179
2026-05-03T23:58:26.057Z,2026-05-03 19:58:26.057,102647,77,3821,-43,152
2026-05-03T23:58:26.097Z,2026-05-03 19:58:26.097,102647,78,3811,-51,107
2026-05-03T23:58:26.137Z,2026-05-03 19:58:26.137,102647,79,3804,-43,43
2026-05-03T23:58:26.177Z,2026-05-03 19:58:26.177,102647,80,3821,-45,-3
2026-05-03T23:58:26.217Z,2026-05-03 19:58:26.217,102647,81,3801,-52,-18
2026-05-03T23:58:26.257Z,2026-05-03 19:58:26.257,102647,82,3811,-60,-18
2026-05-03T23:58:26.297Z,2026-05-03 19:58:26.297,102647,83,3815,-42,13
2026-05-03T23:58:26.337Z,2026-05-03 19:58:26.337,102647,84,3825,-46,68
2026-05-03T23:58:26.377Z,2026-05-03 19:58:26.377,102647,85,3813,-41,118
2026-05-03T23:58:26.417Z,2026-05-03 19:58:26.417,102647,86,3822,-40,154
2026-05-03T23:58:26.457Z,2026-05-03 19:58:26.457,102647,87,3825,-39,176
2026-05-03T23:58:26.497Z,2026-05-03 19:58:26.497,102647,88,3824,-47,152
2026-05-03T23:58:26.537Z,2026-05-03 19:58:26.537,102647,89,3814,-45,105
2026-05-03T23:58:26.577Z,2026-05-03 19:58:26.577,102647,90,3825,-39,42
2026-05-03T23:58:26.617Z,2026-05-03 19:58:26.617,102647,91,3811,-46,-5
2026-05-03T23:58:26.657Z,2026-05-03 19:58:26.657,102647,92,3822,-62,-4
2026-05-03T23:58:26.697Z,2026-05-03 19:58:26.697,102647,93,3804,-48,-19
2026-05-03T23:58:26.737Z,2026-05-03 19:58:26.737,102647,94,3815,-59,25
2026-05-03T23:58:26.777Z,2026-05-03 19:58:26.777,102647,95,3813,-51,60
2026-05-03T23:58:26.817Z,2026-05-03 19:58:26.817,102647,96,3804,-40,111
2026-05-03T23:58:26.857Z,2026-05-03 19:58:26.857,102647,97,3823,-47,145
2026-05-03T23:58:26.897Z,2026-05-03 19:58:26.897,102647,98,3820,-52,164
2026-05-03T23:58:26.937Z,2026-05-03 19:58:26.937,102647,99,3819,-44,143
2026-05-03T23:58:26.977Z,2026-05-03 19:58:26.977,102647,100,3830,-36,110
2026-05-03T23:58:27.017Z,2026-05-03 19:58:27.017,102648,1,3816,-34,57
2026-05-03T23:58:27.057Z,2026-05-03 19:58:27.057,102648,2,3812,-44,5
2026-05-03T23:58:27.097Z,2026-05-03 19:58:27.097,102648,3,3809,-54,-24
2026-05-03T23:58:27.137Z,2026-05-03 19:58:27.137,102648,4,3797,-58,-4
2026-05-03T23:58:27.177Z,2026-05-03 19:58:27.177,102648,5,3820,-35,21
2026-05-03T23:58:27.217Z,2026-05-03 19:58:27.217,102648,6,3820,-38,62
2026-05-03T23:58:27.257Z,2026-05-03 19:58:27.257,102648,7,3812,-42,119
2026-05-03T23:58:27.297Z,2026-05-03 19:58:27.297,102648,8,3818,-38,151
2026-05-03T23:58:27.337Z,2026-05-03 19:58:27.337,102648,9,3826,-49,164
2026-05-03T23:58:27.377Z,2026-05-03 19:58:27.377,102648,10,3833,-49,144
2026-05-03T23:58:27.417Z,2026-05-03 19:58:27.417,102648,11,3819,-37,92
2026-05-03T23:58:27.457Z,2026-05-03 19:58:27.457,102648,12,3815,-56,52
2026-05-03T23:58:27.497Z,2026-05-03 19:58:27.497,102648,13,3798,-54,17
2026-05-03T23:58:27.537Z,2026-05-03 19:58:27.537,102648,14,3803,-54,-15
2026-05-03T23:58:27.577Z,2026-05-03 19:58:27.577,102648,15,3822,-45,9
2026-05-03T23:58:27.617Z,2026-05-03 19:58:27.617,102648,16,3819,-48,25
2026-05-03T23:58:27.657Z,2026-05-03 19:58:27.657,102648,17,3808,-46,69
2026-05-03T23:58:27.697Z,2026-05-03 19:58:27.697,102648,18,3813,-49,114
2026-05-03T23:58:27.737Z,2026-05-03 19:58:27.737,102648,19,3832,-54,141
2026-05-03T23:58:27.777Z,2026-05-03 19:58:27.777,102648,20,3831,-43,175
2026-05-03T23:58:27.817Z,2026-05-03 19:58:27.817,102648,21,3815,-39,142
2026-05-03T23:58:27.857Z,2026-05-03 19:58:27.857,102648,22,3825,-35,113
2026-05-03T23:58:27.897Z,2026-05-03 19:58:27.897,102648,23,3833,-46,53
2026-05-03T23:58:27.937Z,2026-05-03 19:58:27.937,102648,24,3817,-52,27
2026-05-03T23:58:27.977Z,2026-05-03 19:58:27.977,102648,25,3806,-58,-7
2026-05-03T23:58:28.017Z,2026-05-03 19:58:28.017,102648,26,3808,-40,-4
2026-05-03T23:58:28.057Z,2026-05-03 19:58:28.057,102648,27,3809,-32,25
2026-05-03T23:58:28.097Z,2026-05-03 19:58:28.097,102648,28,3828,-28,82
2026-05-03T23:58:28.137Z,2026-05-03 19:58:28.137,102648,29,3807,-39,115
2026-05-03T23:58:28.177Z,2026-05-03 19:58:28.177,102648,30,3820,-55,127
2026-05-03T23:58:28.217Z,2026-05-03 19:58:28.217,102648,31,3836,-44,143
2026-05-03T23:58:28.257Z,2026-05-03 19:58:28.257,102648,32,3814,-38,126
2026-05-03T23:58:28.297Z,2026-05-03 19:58:28.297,102648,33,3812,-43,85
2026-05-03T23:58:28.337Z,2026-05-03 19:58:28.337,102648,34,3827,-58,42
2026-05-03T23:58:28.377Z,2026-05-03 19:58:28.377,102648,35,3806,-62,32
2026-05-03T23:58:28.417Z,2026-05-03 19:58:28.417,102648,36,3806,-43,-4
2026-05-03T23:58:28.457Z,2026-05-03 19:58:28.457,102648,37,3821,-44,11
2026-05-03T23:58:28.497Z,2026-05-03 19:58:28.497,102648,38,3823,-50,26
2026-05-03T23:58:28.537Z,2026-05-03 19:58:28.537,102648,39,3825,-55,80
2026-05-03T23:58:28.577Z,2026-05-03 19:58:28.577,102648,40,3821,-45,104
2026-05-03T23:58:28.617Z,2026-05-03 19:58:28.617,102648,41,3809,-40,134
2026-05-03T23:58:28.657Z,2026-05-03 19:58:28.657,102648,42,3811,-29,167
2026-05-03T23:58:28.697Z,2026-05-03 19:58:28.697,102648,43,3831,-35,133
2026-05-03T23:58:28.737Z,2026-05-03 19:58:28.737,102648,44,3829,-43,102
2026-05-03T23:58:28.777Z,2026-05-03 19:58:28.777,102648,45,3814,-52,61
2026-05-03T23:58:28.817Z,2026-05-03 19:58:28.817,102648,46,3806,-48,11
2026-05-03T23:58:28.857Z,2026-05-03 19:58:28.857,102648,47,3824,-51,2
2026-05-03T23:58:28.897Z,2026-05-03 19:58:28.897,102648,48,3812,-48,2
2026-05-03T23:58:28.937Z,2026-05-03 19:58:28.937,102648,49,3825,-46,34
2026-05-03T23:58:28.977Z,2026-05-03 19:58:28.977,102648,50,3810,-42,71
2026-05-03T23:58:29.017Z,2026-05-03 19:58:29.017,102648,51,3827,-56,103
2026-05-03T23:58:29.057Z,2026-05-03 19:58:29.057,102648,52,3805,-46,137
2026-05-03T23:58:29.097Z,2026-05-03 19:58:29.097,102648,53,3829,-37,153
2026-05-03T23:58:29.137Z,2026-05-03 19:58:29.137,102648,54,3827,-48,138
2026-05-03T23:58:29.177Z,2026-05-03 19:58:29.177,102648,55,3816,-61,110
2026-05-03T23:58:29.217Z,2026-05-03 19:58:29.217,102648,56,3826,-44,61
2026-05-03T23:58:29.257Z,2026-05-03 19:58:29.257,102648,57,3806,-63,23
2026-05-03T23:58:29.297Z,2026-05-03 19:58:29.297,102648,58,3815,-63,-11
2026-05-03T23:58:29.337Z,2026-05-03 19:58:29.337,102648,59,3817,-42,4
2026-05-03T23:58:29.377Z,2026-05-03 19:58:29.377,102648,60,3804,-37,40
2026-05-03T23:58:29.417Z,2026-05-03 19:58:29.417,102648,61,3831,-49,77
2026-05-03T23:58:29.457Z,2026-05-03 19:58:29.457,102648,62,3822,-50,119
2026-05-03T23:58:29.497Z,2026-05-03 19:58:29.497,102648,63,3834,-47,144
2026-05-03T23:58:29.537Z,2026-05-03 19:58:29.537,102648,64,3830,-42,146
2026-05-03T23:58:29.577Z,2026-05-03 19:58:29.577,102648,65,3816,-29,132
2026-05-03T23:58:29.617Z,2026-05-03 19:58:29.617,102648,66,3822,-43,95
2026-05-03T23:58:29.657Z,2026-05-03 19:58:29.657,102648,67,3816,-56,64
2026-05-03T23:58:29.697Z,2026-05-03 19:58:29.697,102648,68,3836,-62,23
2026-05-03T23:58:29.737Z,2026-05-03 19:58:29.737,102648,69,3819,-57,17
2026-05-03T23:58:29.777Z,2026-05-03 19:58:29.777,102648,70,3810,-44,2
2026-05-03T23:58:29.817Z,2026-05-03 19:58:29.817,102648,71,3810,-49,29
2026-05-03T23:58:29.857Z,2026-05-03 19:58:29.857,102648,72,3822,-59,68
2026-05-03T23:58:29.897Z,2026-05-03 19:58:29.897,102648,73,3807,-50,106
2026-05-03T23:58:29.937Z,2026-05-03 19:58:29.937,102648,74,3821,-52,139
2026-05-03T23:58:29.977Z,2026-05-03 19:58:29.977,102648,75,3811,-40,148
2026-05-03T23:58:30.017Z,2026-05-03 19:58:30.017,102648,76,3824,-40,130
2026-05-03T23:58:30.057Z,2026-05-03 19:58:30.057,102648,77,3836,-41,96
2026-05-03T23:58:30.097Z,2026-05-03 19:58:30.097,102648,78,3814,-41,53
2026-05-03T23:58:30.137Z,2026-05-03 19:58:30.137,102648,79,3811,-47,6
2026-05-03T23:58:30.177Z,2026-05-03 19:58:30.177,102648,80,3810,-41,11
2026-05-03T23:58:30.217Z,2026-05-03 19:58:30.217,102648,81,3810,-39,8
2026-05-03T23:58:30.257Z,2026-05-03 19:58:30.257,102648,82,3813,-54,36
2026-05-03T23:58:30.297Z,2026-05-03 19:58:30.297,102648,83,3814,-43,69
2026-05-03T23:58:30.337Z,2026-05-03 19:58:30.337,102648,84,3825,-45,112
2026-05-03T23:58:30.377Z,2026-05-03 19:58:30.377,102648,85,3821,-52,127
2026-05-03T23:58:30.417Z,2026-05-03 19:58:30.417,102648,86,3809,-43,146
2026-05-03T23:58:30.457Z,2026-05-03 19:58:30.457,102648,87,3814,-51,135
2026-05-03T23:58:30.497Z,2026-05-03 19:58:30.497,102648,88,3806,-39,100
2026-05-03T23:58:30.537Z,2026-05-03 19:58:30.537,102648,89,3824,-49,68
2026-05-03T23:58:30.577Z,2026-05-03 19:58:30.577,102648,90,3806,-56,25
2026-05-03T23:58:30.617Z,2026-05-03 19:58:30.617,102648,91,3802,-45,-1
2026-05-03T23:58:30.657Z,2026-05-03 19:58:30.657,102648,92,3818,-36,9
2026-05-03T23:58:30.697Z,2026-05-03 19:58:30.697,102648,93,3819,-53,36
2026-05-03T23:58:30.737Z,2026-05-03 19:58:30.737,102648,94,3819,-55,65
2026-05-03T23:58:30.777Z,2026-05-03 19:58:30.777,102648,95,3824,-49,113
2026-05-03T23:58:30.817Z,2026-05-03 19:58:30.817,102648,96,3816,-40,137
2026-05-03T23:58:30.857Z,2026-05-03 19:58:30.857,102648,97,3827,-53,130
2026-05-03T23:58:30.897Z,2026-05-03 19:58:30.897,102648,98,3810,-46,135
2026-05-03T23:58:30.937Z,2026-05-03 19:58:30.937,102648,99,3814,-56,97
2026-05-03T23:58:30.977Z,2026-05-03 19:58:30.977,102648,100,3813,-50,66
2026-05-03T23:58:31.017Z,2026-05-03 19:58:31.017,102649,1,3812,-49,22
2026-05-03T23:58:31.057Z,2026-05-03 19:58:31.057,102649,2,3808,-44,11
2026-05-03T23:58:31.097Z,2026-05-03 19:58:31.097,102649,3,3809,-32,7
2026-05-03T23:58:31.137Z,2026-05-03 19:58:31.137,102649,4,3795,-60,51
2026-05-03T23:58:31.177Z,2026-05-03 19:58:31.177,102649,5,3812,-42,69
2026-05-03T23:58:31.217Z,2026-05-03 19:58:31.217,102649,6,3815,-43,114
2026-05-03T23:58:31.257Z,2026-05-03 19:58:31.257,102649,7,3815,-41,121
2026-05-03T23:58:31.297Z,2026-05-03 19:58:31.297,102649,8,3833,-40,147
2026-05-03T23:58:31.337Z,2026-05-03 19:58:31.337,102649,9,3812,-41,133
2026-05-03T23:58:31.377Z,2026-05-03 19:58:31.377,102649,10,3814,-53,97
2026-05-03T23:58:31.417Z,2026-05-03 19:58:31.417,102649,11,3819,-60,65
2026-05-03T23:58:31.457Z,2026-05-03 19:58:31.457,102649,12,3814,-46,25
2026-05-03T23:58:31.497Z,2026-05-03 19:58:31.497,102649,13,3820,-44,20
2026-05-03T23:58:31.537Z,2026-05-03 19:58:31.537,102649,14,3816,-37,17
2026-05-03T23:58:31.577Z,2026-05-03 19:58:31.577,102649,15,3810,-37,38
2026-05-03T23:58:31.617Z,2026-05-03 19:58:31.617,102649,16,3816,-37,68
2026-05-03T23:58:31.657Z,2026-05-03 19:58:31.657,102649,17,3833,-43,125
2026-05-03T23:58:31.697Z,2026-05-03 19:58:31.697,102649,18,3828,-40,133
2026-05-03T23:58:31.737Z,2026-05-03 19:58:31.737,102649,19,3839,-40,138
2026-05-03T23:58:31.777Z,2026-05-03 19:58:31.777,102649,20,3808,-39,128
2026-05-03T23:58:31.817Z,2026-05-03 19:58:31.817,102649,21,3835,-35,93
2026-05-03T23:58:31.857Z,2026-05-03 19:58:31.857,102649,22,3811,-49,57
2026-05-03T23:58:31.897Z,2026-05-03 19:58:31.897,102649,23,3814,-26,22
2026-05-03T23:58:31.937Z,2026-05-03 19:58:31.937,102649,24,3819,-44,9
2026-05-03T23:58:31.977Z,2026-05-03 19:58:31.977,102649,25,3807,-47,18
2026-05-03T23:58:32.017Z,2026-05-03 19:58:32.017,102649,26,3816,-47,35
2026-05-03T23:58:32.057Z,2026-05-03 19:58:32.057,102649,27,3797,-42,84
2026-05-03T23:58:32.097Z,2026-05-03 19:58:32.097,102649,28,3806,-46,102
2026-05-03T23:58:32.137Z,2026-05-03 19:58:32.137,102649,29,3819,-44,128
2026-05-03T23:58:32.177Z,2026-05-03 19:58:32.177,102649,30,3809,-35,131
2026-05-03T23:58:32.217Z,2026-05-03 19:58:32.217,102649,31,3812,-42,121
2026-05-03T23:58:32.257Z,2026-05-03 19:58:32.257,102649,32,3820,-37,94
2026-05-03T23:58:32.297Z,2026-05-03 19:58:32.297,102649,33,3821,-57,60
2026-05-03T23:58:32.337Z,2026-05-03 19:58:32.337,102649,34,3824,-52,36
2026-05-03T23:58:32.377Z,2026-05-03 19:58:32.377,102649,35,3805,-47,20
2026-05-03T23:58:32.417Z,2026-05-03 19:58:32.417,102649,36,3815,-60,24
2026-05-03T23:58:32.457Z,2026-05-03 19:58:32.457,102649,37,3818,-44,47
2026-05-03T23:58:32.497Z,2026-05-03 19:58:32.497,102649,38,3826,-29,79
2026-05-03T23:58:32.537Z,2026-05-03 19:58:32.537,102649,39,3804,-46,93
2026-05-03T23:58:32.577Z,2026-05-03 19:58:32.577,102649,40,3808,-50,134
2026-05-03T23:58:32.617Z,2026-05-03 19:58:32.617,102649,41,3813,-36,129
2026-05-03T23:58:32.657Z,2026-05-03 19:58:32.657,102649,42,3825,-51,120
2026-05-03T23:58:32.697Z,2026-05-03 19:58:32.697,102649,43,3817,-48,97
2026-05-03T23:58:32.737Z,2026-05-03 19:58:32.737,102649,44,3817,-47,74
2026-05-03T23:58:32.777Z,2026-05-03 19:58:32.777,102649,45,3809,-60,37
2026-05-03T23:58:32.817Z,2026-05-03 19:58:32.817,102649,46,3806,-44,22
2026-05-03T23:58:32.857Z,2026-05-03 19:58:32.857,102649,47,3819,-47,23
2026-05-03T23:58:32.897Z,2026-05-03 19:58:32.897,102649,48,3803,-50,37
2026-05-03T23:58:32.937Z,2026-05-03 19:58:32.937,102649,49,3812,-47,67
2026-05-03T23:58:32.977Z,2026-05-03 19:58:32.977,102649,50,3803,-42,97
2026-05-03T23:58:33.017Z,2026-05-03 19:58:33.017,102649,51,3835,-41,119
2026-05-03T23:58:33.057Z,2026-05-03 19:58:33.057,102649,52,3813,-44,114
2026-05-03T23:58:33.097Z,2026-05-03 19:58:33.097,102649,53,3817,-44,126
2026-05-03T23:58:33.137Z,2026-05-03 19:58:33.137,102649,54,3810,-45,99
2026-05-03T23:58:33.177Z,2026-05-03 19:58:33.177,102649,55,3823,-45,70
2026-05-03T23:58:33.217Z,2026-05-03 19:58:33.217,102649,56,3804,-49,39
2026-05-03T23:58:33.257Z,2026-05-03 19:58:33.257,102649,57,3813,-46,8
2026-05-03T23:58:33.297Z,2026-05-03 19:58:33.297,102649,58,3803,-37,30
2026-05-03T23:58:33.337Z,2026-05-03 19:58:33.337,102649,59,3811,-53,46
2026-05-03T23:58:33.377Z,2026-05-03 19:58:33.377,102649,60,3818,-59,72
2026-05-03T23:58:33.417Z,2026-05-03 19:58:33.417,102649,61,3817,-46,103
2026-05-03T23:58:33.457Z,2026-05-03 19:58:33.457,102649,62,3814,-43,132
2026-05-03T23:58:33.497Z,2026-05-03 19:58:33.497,102649,63,3810,-41,124
2026-05-03T23:58:33.537Z,2026-05-03 19:58:33.537,102649,64,3818,-42,111
2026-05-03T23:58:33.577Z,2026-05-03 19:58:33.577,102649,65,3813,-50,107
2026-05-03T23:58:33.617Z,2026-05-03 19:58:33.617,102649,66,3810,-47,59
2026-05-03T23:58:33.657Z,2026-05-03 19:58:33.657,102649,67,3800,-51,27
2026-05-03T23:58:33.697Z,2026-05-03 19:58:33.697,102649,68,3810,-51,19
2026-05-03T23:58:33.737Z,2026-05-03 19:58:33.737,102649,69,3808,-43,25
2026-05-03T23:58:33.777Z,2026-05-03 19:58:33.777,102649,70,3825,-46,49
2026-05-03T23:58:33.817Z,2026-05-03 19:58:33.817,102649,71,3809,-41,73
2026-05-03T23:58:33.857Z,2026-05-03 19:58:33.857,102649,72,3814,-47,94
2026-05-03T23:58:33.897Z,2026-05-03 19:58:33.897,102649,73,3821,-43,120
2026-05-03T23:58:33.937Z,2026-05-03 19:58:33.937,102649,74,3805,-47,124
2026-05-03T23:58:33.977Z,2026-05-03 19:58:33.977,102649,75,3814,-37,112
2026-05-03T23:58:34.017Z,2026-05-03 19:58:34.017,102649,76,3802,-45,99
2026-05-03T23:58:34.057Z,2026-05-03 19:58:34.057,102649,77,3810,-36,64
2026-05-03T23:58:34.097Z,2026-05-03 19:58:34.097,102649,78,3831,-47,33
2026-05-03T23:58:34.137Z,2026-05-03 19:58:34.137,102649,79,3813,-38,27
2026-05-03T23:58:34.177Z,2026-05-03 19:58:34.177,102649,80,3817,-42,9
2026-05-03T23:58:34.217Z,2026-05-03 19:58:34.217,102649,81,3813,-47,45
2026-05-03T23:58:34.257Z,2026-05-03 19:58:34.257,102649,82,3808,-43,70
2026-05-03T23:58:34.297Z,2026-05-03 19:58:34.297,102649,83,3818,-50,106
2026-05-03T23:58:34.337Z,2026-05-03 19:58:34.337,102649,84,3821,-36,126
2026-05-03T23:58:34.377Z,2026-05-03 19:58:34.377,102649,85,3815,-45,125
2026-05-03T23:58:34.417Z,2026-05-03 19:58:34.417,102649,86,3811,-51,113
2026-05-03T23:58:34.457Z,2026-05-03 19:58:34.457,102649,87,3810,-40,96
2026-05-03T23:58:34.497Z,2026-05-03 19:58:34.497,102649,88,3814,-41,65
2026-05-03T23:58:34.537Z,2026-05-03 19:58:34.537,102649,89,3805,-52,44
2026-05-03T23:58:34.577Z,2026-05-03 19:58:34.577,102649,90,3815,-51,26
2026-05-03T23:58:34.617Z,2026-05-03 19:58:34.617,102649,91,3812,-38,16
2026-05-03T23:58:34.657Z,2026-05-03 19:58:34.657,102649,92,3824,-56,30
2026-05-03T23:58:34.697Z,2026-05-03 19:58:34.697,102649,93,3804,-56,78
2026-05-03T23:58:34.737Z,2026-05-03 19:58:34.737,102649,94,3823,-41,98
2026-05-03T23:58:34.777Z,2026-05-03 19:58:34.777,102649,95,3812,-57,114
2026-05-03T23:58:34.817Z,2026-05-03 19:58:34.817,102649,96,3811,-52,129
2026-05-03T23:58:34.857Z,2026-05-03 19:58:34.857,102649,97,3821,-44,98
2026-05-03T23:58:34.897Z,2026-05-03 19:58:34.897,102649,98,3832,-56,84
2026-05-03T23:58:34.937Z,2026-05-03 19:58:34.937,102649,99,3809,-50,68
2026-05-03T23:58:34.977Z,2026-05-03 19:58:34.977,102649,100,3810,-44,47
2026-05-03T23:58:35.017Z,2026-05-03 19:58:35.017,102650,1,3804,-47,21
2026-05-03T23:58:35.057Z,2026-05-03 19:58:35.057,102650,2,3813,-43,23
2026-05-03T23:58:35.097Z,2026-05-03 19:58:35.097,102650,3,3814,-47,52
2026-05-03T23:58:35.137Z,2026-05-03 19:58:35.137,102650,4,3824,-44,70
2026-05-03T23:58:35.177Z,2026-05-03 19:58:35.177,102650,5,3816,-49,92
2026-05-03T23:58:35.217Z,2026-05-03 19:58:35.217,102650,6,3811,-52,125
2026-05-03T23:58:35.257Z,2026-05-03 19:58:35.257,102650,7,3818,-47,128
2026-05-03T23:58:35.297Z,2026-05-03 19:58:35.297,102650,8,3819,-48,114
2026-05-03T23:58:35.337Z,2026-05-03 19:58:35.337,102650,9,3820,-37,95
2026-05-03T23:58:35.377Z,2026-05-03 19:58:35.377,102650,10,3822,-52,72
2026-05-03T23:58:35.417Z,2026-05-03 19:58:35.417,102650,11,3815,-45,45
2026-05-03T23:58:35.457Z,2026-05-03 19:58:35.457,102650,12,3798,-47,31
2026-05-03T23:58:35.497Z,2026-05-03 19:58:35.497,102650,13,3813,-45,25
2026-05-03T23:58:35.537Z,2026-05-03 19:58:35.537,102650,14,3824,-57,46
2026-05-03T23:58:35.577Z,2026-05-03 19:58:35.577,102650,15,3815,-49,74
2026-05-03T23:58:35.617Z,2026-05-03 19:58:35.617,102650,16,3816,-52,100
2026-05-03T23:58:35.657Z,2026-05-03 19:58:35.657,102650,17,3824,-42,120
2026-05-03T23:58:35.697Z,2026-05-03 19:58:35.697,102650,18,3801,-43,122
2026-05-03T23:58:35.737Z,2026-05-03 19:58:35.737,102650,19,3819,-40,100
2026-05-03T23:58:35.777Z,2026-05-03 19:58:35.777,102650,20,3829,-39,89
2026-05-03T23:58:35.817Z,2026-05-03 19:58:35.817,102650,21,3814,-48,69
2026-05-03T23:58:35.857Z,2026-05-03 19:58:35.857,102650,22,3815,-40,52
2026-05-03T23:58:35.897Z,2026-05-03 19:58:35.897,102650,23,3833,-46,38
2026-05-03T23:58:35.937Z,2026-05-03 19:58:35.937,102650,24,3841,-52,31
2026-05-03T23:58:35.977Z,2026-05-03 19:58:35.977,102650,25,3800,-49,46
2026-05-03T23:58:36.017Z,2026-05-03 19:58:36.017,102650,26,3813,-50,62
2026-05-03T23:58:36.057Z,2026-05-03 19:58:36.057,102650,27,3821,-56,97
2026-05-03T23:58:36.097Z,2026-05-03 19:58:36.097,102650,28,3812,-39,116
2026-05-03T23:58:36.137Z,2026-05-03 19:58:36.137,102650,29,3822,-41,130
2026-05-03T23:58:36.177Z,2026-05-03 19:58:36.177,102650,30,3811,-35,111
2026-05-03T23:58:36.217Z,2026-05-03 19:58:36.217,102650,31,3817,-37,85
2026-05-03T23:58:36.257Z,2026-05-03 19:58:36.257,102650,32,3829,-45,68
2026-05-03T23:58:36.297Z,2026-05-03 19:58:36.297,102650,33,3835,-57,21
2026-05-03T23:58:36.337Z,2026-05-03 19:58:36.337,102650,34,3804,-45,25
2026-05-03T23:58:36.377Z,2026-05-03 19:58:36.377,102650,35,3807,-45,45
2026-05-03T23:58:36.417Z,2026-05-03 19:58:36.417,102650,36,3811,-44,42
2026-05-03T23:58:36.457Z,2026-05-03 19:58:36.457,102650,37,3821,-50,68
2026-05-03T23:58:36.497Z,2026-05-03 19:58:36.497,102650,38,3819,-42,103
2026-05-03T23:58:36.537Z,2026-05-03 19:58:36.537,102650,39,3835,-36,104
2026-05-03T23:58:36.577Z,2026-05-03 19:58:36.577,102650,40,3829,-39,116
2026-05-03T23:58:36.617Z,2026-05-03 19:58:36.617,102650,41,3820,-58,106
2026-05-03T23:58:36.657Z,2026-05-03 19:58:36.657,102650,42,3817,-45,92
2026-05-03T23:58:36.697Z,2026-05-03 19:58:36.697,102650,43,3834,-51,60
2026-05-03T23:58:36.737Z,2026-05-03 19:58:36.737,102650,44,3812,-37,41
2026-05-03T23:58:36.777Z,2026-05-03 19:58:36.777,102650,45,3813,-35,20
2026-05-03T23:58:36.817Z,2026-05-03 19:58:36.817,102650,46,3819,-48,33
2026-05-03T23:58:36.857Z,2026-05-03 19:58:36.857,102650,47,3814,-52,40
2026-05-03T23:58:36.897Z,2026-05-03 19:58:36.897,102650,48,3816,-56,69
2026-05-03T23:58:36.937Z,2026-05-03 19:58:36.937,102650,49,3811,-41,101
2026-05-03T23:58:36.977Z,2026-05-03 19:58:36.977,102650,50,3821,-43,110
2026-05-03T23:58:37.017Z,2026-05-03 19:58:37.017,102650,51,3816,-26,113
2026-05-03T23:58:37.057Z,2026-05-03 19:58:37.057,102650,52,3817,-45,105
2026-05-03T23:58:37.097Z,2026-05-03 19:58:37.097,102650,53,3812,-62,82
2026-05-03T23:58:37.137Z,2026-05-03 19:58:37.137,102650,54,3817,-38,71
2026-05-03T23:58:37.177Z,2026-05-03 19:58:37.177,102650,55,3812,-48,54
2026-05-03T23:58:37.217Z,2026-05-03 19:58:37.217,102650,56,3814,-46,33
2026-05-03T23:58:37.257Z,2026-05-03 19:58:37.257,102650,57,3812,-60,37
2026-05-03T23:58:37.297Z,2026-05-03 19:58:37.297,102650,58,3809,-52,44
2026-05-03T23:58:37.337Z,2026-05-03 19:58:37.337,102650,59,3803,-56,70
2026-05-03T23:58:37.377Z,2026-05-03 19:58:37.377,102650,60,3830,-55,87
2026-05-03T23:58:37.417Z,2026-05-03 19:58:37.417,102650,61,3816,-52,108
2026-05-03T23:58:37.457Z,2026-05-03 19:58:37.457,102650,62,3808,-40,109
2026-05-03T23:58:37.497Z,2026-05-03 19:58:37.497,102650,63,3804,-52,103
2026-05-03T23:58:37.537Z,2026-05-03 19:58:37.537,102650,64,3826,-47,90
2026-05-03T23:58:37.577Z,2026-05-03 19:58:37.577,102650,65,3811,-55,58
2026-05-03T23:58:37.617Z,2026-05-03 19:58:37.617,102650,66,3809,-47,58
2026-05-03T23:58:37.657Z,2026-05-03 19:58:37.657,102650,67,3817,-28,20
2026-05-03T23:58:37.697Z,2026-05-03 19:58:37.697,102650,68,3808,-42,29
2026-05-03T23:58:37.737Z,2026-05-03 19:58:37.737,102650,69,3809,-42,53
2026-05-03T23:58:37.777Z,2026-05-03 19:58:37.777,102650,70,3810,-43,73
2026-05-03T23:58:37.817Z,2026-05-03 19:58:37.817,102650,71,3845,-44,79
2026-05-03T23:58:37.857Z,2026-05-03 19:58:37.857,102650,72,3808,-50,113
2026-05-03T23:58:37.897Z,2026-05-03 19:58:37.897,102650,73,3827,-49,108
2026-05-03T23:58:37.937Z,2026-05-03 19:58:37.937,102650,74,3814,-46,105
2026-05-03T23:58:37.977Z,2026-05-03 19:58:37.977,102650,75,3809,-41,97
2026-05-03T23:58:38.017Z,2026-05-03 19:58:38.017,102650,76,3801,-45,66
2026-05-03T23:58:38.057Z,2026-05-03 19:58:38.057,102650,77,3819,-45,51
2026-05-03T23:58:38.097Z,2026-05-03 19:58:38.097,102650,78,3809,-48,35
2026-05-03T23:58:38.137Z,2026-05-03 19:58:38.137,102650,79,3811,-50,47
2026-05-03T23:58:38.177Z,2026-05-03 19:58:38.177,102650,80,3806,-56,55
2026-05-03T23:58:38.217Z,2026-05-03 19:58:38.217,102650,81,3820,-50,60
2026-05-03T23:58:38.257Z,2026-05-03 19:58:38.257,102650,82,3809,-40,79
2026-05-03T23:58:38.297Z,2026-05-03 19:58:38.297,102650,83,3818,-52,104
2026-05-03T23:58:38.337Z,2026-05-03 19:58:38.337,102650,84,3821,-43,95
2026-05-03T23:58:38.377Z,2026-05-03 19:58:38.377,102650,85,3820,-37,107
2026-05-03T23:58:38.417Z,2026-05-03 19:58:38.417,102650,86,3818,-54,95
2026-05-03T23:58:38.457Z,2026-05-03 19:58:38.457,102650,87,3810,-42,66
2026-05-03T23:58:38.497Z,2026-05-03 19:58:38.497,102650,88,3820,-47,43
2026-05-03T23:58:38.537Z,2026-05-03 19:58:38.537,102650,89,3813,-38,46
2026-05-03T23:58:38.577Z,2026-05-03 19:58:38.577,102650,90,3818,-38,36
2026-05-03T23:58:38.617Z,2026-05-03 19:58:38.617,102650,91,3796,-47,48
2026-05-03T23:58:38.657Z,2026-05-03 19:58:38.657,102650,92,3817,-58,79
2026-05-03T23:58:38.697Z,2026-05-03 19:58:38.697,102650,93,3813,-52,94
2026-05-03T23:58:38.737Z,2026-05-03 19:58:38.737,102650,94,3829,-49,116
2026-05-03T23:58:38.777Z,2026-05-03 19:58:38.777,102650,95,3807,-39,118
2026-05-03T23:58:38.817Z,2026-05-03 19:58:38.817,102650,96,3801,-38,94
2026-05-03T23:58:38.857Z,2026-05-03 19:58:38.857,102650,97,3811,-43,95
2026-05-03T23:58:38.897Z,2026-05-03 19:58:38.897,102650,98,3807,-43,55
2026-05-03T23:58:38.937Z,2026-05-03 19:58:38.937,102650,99,3813,-47,48
2026-05-03T23:58:38.977Z,2026-05-03 19:58:38.977,102650,100,3816,-40,37
2026-05-03T23:58:39.017Z,2026-05-03 19:58:39.017,102651,1,3808,-44,49
2026-05-03T23:58:39.057Z,2026-05-03 19:58:39.057,102651,2,3812,-43,44
2026-05-03T23:58:39.097Z,2026-05-03 19:58:39.097,102651,3,3820,-52,70
2026-05-03T23:58:39.137Z,2026-05-03 19:58:39.137,102651,4,3805,-52,104
2026-05-03T23:58:39.177Z,2026-05-03 19:58:39.177,102651,5,3820,-42,113
2026-05-03T23:58:39.217Z,2026-05-03 19:58:39.217,102651,6,3831,-44,113
2026-05-03T23:58:39.257Z,2026-05-03 19:58:39.257,102651,7,3815,-56,115
2026-05-03T23:58:39.297Z,2026-05-03 19:58:39.297,102651,8,3807,-51,89
2026-05-03T23:58:39.337Z,2026-05-03 19:58:39.337,102651,9,3825,-40,60
2026-05-03T23:58:39.377Z,2026-05-03 19:58:39.377,102651,10,3824,-23,48
2026-05-03T23:58:39.417Z,2026-05-03 19:58:39.417,102651,11,3818,-34,33
2026-05-03T23:58:39.457Z,2026-05-03 19:58:39.457,102651,12,3818,-59,39
2026-05-03T23:58:39.497Z,2026-05-03 19:58:39.497,102651,13,3821,-49,53
2026-05-03T23:58:39.537Z,2026-05-03 19:58:39.537,102651,14,3807,-50,68
2026-05-03T23:58:39.577Z,2026-05-03 19:58:39.577,102651,15,3808,-35,92
2026-05-03T23:58:39.617Z,2026-05-03 19:58:39.617,102651,16,3819,-45,93
2026-05-03T23:58:39.657Z,2026-05-03 19:58:39.657,102651,17,3814,-44,113
2026-05-03T23:58:39.697Z,2026-05-03 19:58:39.697,102651,18,3820,-33,104
2026-05-03T23:58:39.737Z,2026-05-03 19:58:39.737,102651,19,3806,-52,82
2026-05-03T23:58:39.777Z,2026-05-03 19:58:39.777,102651,20,3822,-45,70
2026-05-03T23:58:39.817Z,2026-05-03 19:58:39.817,102651,21,3828,-45,45
2026-05-03T23:58:39.857Z,2026-05-03 19:58:39.857,102651,22,3816,-46,38
2026-05-03T23:58:39.897Z,2026-05-03 19:58:39.897,102651,23,3806,-44,41
2026-05-03T23:58:39.937Z,2026-05-03 19:58:39.937,102651,24,3817,-47,51
2026-05-03T23:58:39.977Z,2026-05-03 19:58:39.977,102651,25,3822,-36,68
2026-05-03T23:58:40.017Z,2026-05-03 19:58:40.017,102651,26,3812,-51,99
2026-05-03T23:58:40.057Z,2026-05-03 19:58:40.057,102651,27,3812,-45,106
2026-05-03T23:58:40.097Z,2026-05-03 19:58:40.097,102651,28,3815,-46,102
2026-05-03T23:58:40.137Z,2026-05-03 19:58:40.137,102651,29,3815,-50,97
2026-05-03T23:58:40.177Z,2026-05-03 19:58:40.177,102651,30,3825,-50,82
2026-05-03T23:58:40.217Z,2026-05-03 19:58:40.217,102651,31,3820,-54,56
2026-05-03T23:58:40.257Z,2026-05-03 19:58:40.257,102651,32,3802,-37,44
2026-05-03T23:58:40.297Z,2026-05-03 19:58:40.297,102651,33,3804,-31,47
2026-05-03T23:58:40.337Z,2026-05-03 19:58:40.337,102651,34,3827,-53,48
2026-05-03T23:58:40.377Z,2026-05-03 19:58:40.377,102651,35,3812,-49,51
2026-05-03T23:58:40.417Z,2026-05-03 19:58:40.417,102651,36,3812,-39,72
2026-05-03T23:58:40.457Z,2026-05-03 19:58:40.457,102651,37,3817,-38,82
2026-05-03T23:58:40.497Z,2026-05-03 19:58:40.497,102651,38,3814,-27,99
2026-05-03T23:58:40.537Z,2026-05-03 19:58:40.537,102651,39,3811,-41,96
2026-05-03T23:58:40.577Z,2026-05-03 19:58:40.577,102651,40,3815,-46,97
2026-05-03T23:58:40.617Z,2026-05-03 19:58:40.617,102651,41,3813,-57,94
2026-05-03T23:58:40.657Z,2026-05-03 19:58:40.657,102651,42,3804,-47,67
2026-05-03T23:58:40.697Z,2026-05-03 19:58:40.697,102651,43,3822,-53,58
2026-05-03T23:58:40.737Z,2026-05-03 19:58:40.737,102651,44,3804,-51,46
2026-05-03T23:58:40.777Z,2026-05-03 19:58:40.777,102651,45,3816,-44,39
2026-05-03T23:58:40.817Z,2026-05-03 19:58:40.817,102651,46,3820,-39,53
2026-05-03T23:58:40.857Z,2026-05-03 19:58:40.857,102651,47,3796,-44,69
2026-05-03T23:58:40.897Z,2026-05-03 19:58:40.897,102651,48,3813,-31,102
2026-05-03T23:58:40.937Z,2026-05-03 19:58:40.937,102651,49,3807,-55,111
2026-05-03T23:58:40.977Z,2026-05-03 19:58:40.977,102651,50,3808,-37,105
2026-05-03T23:58:41.017Z,2026-05-03 19:58:41.017,102651,51,3806,-52,87
2026-05-03T23:58:41.057Z,2026-05-03 19:58:41.057,102651,52,3809,-47,84
2026-05-03T23:58:41.097Z,2026-05-03 19:58:41.097,102651,53,3812,-48,57
2026-05-03T23:58:41.137Z,2026-05-03 19:58:41.137,102651,54,3814,-50,59
2026-05-03T23:58:41.177Z,2026-05-03 19:58:41.177,102651,55,3809,-58,46
2026-05-03T23:58:41.217Z,2026-05-03 19:58:41.217,102651,56,3812,-39,38
2026-05-03T23:58:41.257Z,2026-05-03 19:58:41.257,102651,57,3814,-54,63
2026-05-03T23:58:41.297Z,2026-05-03 19:58:41.297,102651,58,3831,-50,69
2026-05-03T23:58:41.337Z,2026-05-03 19:58:41.337,102651,59,3833,-40,85
2026-05-03T23:58:41.377Z,2026-05-03 19:58:41.377,102651,60,3816,-46,97
2026-05-03T23:58:41.417Z,2026-05-03 19:58:41.417,102651,61,3825,-39,114
2026-05-03T23:58:41.457Z,2026-05-03 19:58:41.457,102651,62,3809,-39,97
2026-05-03T23:58:41.497Z,2026-05-03 19:58:41.497,102651,63,3807,-40,81
2026-05-03T23:58:41.537Z,2026-05-03 19:58:41.537,102651,64,3820,-35,63
2026-05-03T23:58:41.577Z,2026-05-03 19:58:41.577,102651,65,3816,-35,51
2026-05-03T23:58:41.617Z,2026-05-03 19:58:41.617,102651,66,3817,-46,45
2026-05-03T23:58:41.657Z,2026-05-03 19:58:41.657,102651,67,3804,-64,45
2026-05-03T23:58:41.697Z,2026-05-03 19:58:41.697,102651,68,3822,-60,60
2026-05-03T23:58:41.737Z,2026-05-03 19:58:41.737,102651,69,3826,-53,77
2026-05-03T23:58:41.777Z,2026-05-03 19:58:41.777,102651,70,3816,-45,96
2026-05-03T23:58:41.817Z,2026-05-03 19:58:41.817,102651,71,3816,-37,88
2026-05-03T23:58:41.857Z,2026-05-03 19:58:41.857,102651,72,3811,-45,95
2026-05-03T23:58:41.897Z,2026-05-03 19:58:41.897,102651,73,3808,-48,105
2026-05-03T23:58:41.937Z,2026-05-03 19:58:41.937,102651,74,3835,-48,78
2026-05-03T23:58:41.977Z,2026-05-03 19:58:41.977,102651,75,3810,-35,68
2026-05-03T23:58:42.017Z,2026-05-03 19:58:42.017,102651,76,3807,-39,63
2026-05-03T23:58:42.057Z,2026-05-03 19:58:42.057,102651,77,3829,-55,45
2026-05-03T23:58:42.097Z,2026-05-03 19:58:42.097,102651,78,3808,-38,44
2026-05-03T23:58:42.137Z,2026-05-03 19:58:42.137,102651,79,3821,-52,47
2026-05-03T23:58:42.177Z,2026-05-03 19:58:42.177,102651,80,3817,-49,68
2026-05-03T23:58:42.217Z,2026-05-03 19:58:42.217,102651,81,3816,-43,81
2026-05-03T23:58:42.257Z,2026-05-03 19:58:42.257,102651,82,3815,-42,90
2026-05-03T23:58:42.297Z,2026-05-03 19:58:42.297,102651,83,3816,-52,108
2026-05-03T23:58:42.337Z,2026-05-03 19:58:42.337,102651,84,3811,-44,90
2026-05-03T23:58:42.377Z,2026-05-03 19:58:42.377,102651,85,3817,-37,85
2026-05-03T23:58:42.417Z,2026-05-03 19:58:42.417,102651,86,3818,-50,55
2026-05-03T23:58:42.457Z,2026-05-03 19:58:42.457,102651,87,3812,-47,64
2026-05-03T23:58:42.497Z,2026-05-03 19:58:42.497,102651,88,3821,-49,36
2026-05-03T23:58:42.537Z,2026-05-03 19:58:42.537,102651,89,3818,-62,46
2026-05-03T23:58:42.577Z,2026-05-03 19:58:42.577,102651,90,3817,-49,68
2026-05-03T23:58:42.617Z,2026-05-03 19:58:42.617,102651,91,3821,-46,70
2026-05-03T23:58:42.657Z,2026-05-03 19:58:42.657,102651,92,3820,-54,89
2026-05-03T23:58:42.697Z,2026-05-03 19:58:42.697,102651,93,3808,-53,101
2026-05-03T23:58:42.737Z,2026-05-03 19:58:42.737,102651,94,3826,-56,107
2026-05-03T23:58:42.777Z,2026-05-03 19:58:42.777,102651,95,3828,-44,98
2026-05-03T23:58:42.817Z,2026-05-03 19:58:42.817,102651,96,3815,-42,97
2026-05-03T23:58:42.857Z,2026-05-03 19:58:42.857,102651,97,3809,-47,78
2026-05-03T23:58:42.897Z,2026-05-03 19:58:42.897,102651,98,3809,-48,57
2026-05-03T23:58:42.937Z,2026-05-03 19:58:42.937,102651,99,3825,-43,54
2026-05-03T23:58:42.977Z,2026-05-03 19:58:42.977,102651,100,3813,-56,47
2026-05-03T23:58:43.017Z,2026-05-03 19:58:43.017,102652,1,3814,-56,56
2026-05-03T23:58:43.057Z,2026-05-03 19:58:43.057,102652,2,3827,-43,73
2026-05-03T23:58:43.097Z,2026-05-03 19:58:43.097,102652,3,3819,-34,93
2026-05-03T23:58:43.137Z,2026-05-03 19:58:43.137,102652,4,3810,-45,97
2026-05-03T23:58:43.177Z,2026-05-03 19:58:43.177,102652,5,3819,-54,97
2026-05-03T23:58:43.217Z,2026-05-03 19:58:43.217,102652,6,3821,-49,93
2026-05-03T23:58:43.257Z,2026-05-03 19:58:43.257,102652,7,3827,-50,90
2026-05-03T23:58:43.297Z,2026-05-03 19:58:43.297,102652,8,3819,-44,66
2026-05-03T23:58:43.337Z,2026-05-03 19:58:43.337,102652,9,3824,-43,57
2026-05-03T23:58:43.377Z,2026-05-03 19:58:43.377,102652,10,3819,-43,46
2026-05-03T23:58:43.417Z,2026-05-03 19:58:43.417,102652,11,3816,-43,45
2026-05-03T23:58:43.457Z,2026-05-03 19:58:43.457,102652,12,3821,-54,68
2026-05-03T23:58:43.497Z,2026-05-03 19:58:43.497,102652,13,3805,-45,78
2026-05-03T23:58:43.537Z,2026-05-03 19:58:43.537,102652,14,3813,-43,92
2026-05-03T23:58:43.577Z,2026-05-03 19:58:43.577,102652,15,3810,-63,110
2026-05-03T23:58:43.617Z,2026-05-03 19:58:43.617,102652,16,3807,-48,99
2026-05-03T23:58:43.657Z,2026-05-03 19:58:43.657,102652,17,3818,-35,94
2026-05-03T23:58:43.697Z,2026-05-03 19:58:43.697,102652,18,3822,-39,80
2026-05-03T23:58:43.737Z,2026-05-03 19:58:43.737,102652,19,3814,-50,67
2026-05-03T23:58:43.777Z,2026-05-03 19:58:43.777,102652,20,3817,-50,61
2026-05-03T23:58:43.817Z,2026-05-03 19:58:43.817,102652,21,3818,-61,65
2026-05-03T23:58:43.857Z,2026-05-03 19:58:43.857,102652,22,3830,-45,31
2026-05-03T23:58:43.897Z,2026-05-03 19:58:43.897,102652,23,3826,-35,55
2026-05-03T23:58:43.937Z,2026-05-03 19:58:43.937,102652,24,3812,-41,69
2026-05-03T23:58:43.977Z,2026-05-03 19:58:43.977,102652,25,3829,-50,93
2026-05-03T23:58:44.017Z,2026-05-03 19:58:44.017,102652,26,3817,-57,97
2026-05-03T23:58:44.057Z,2026-05-03 19:58:44.057,102652,27,3808,-51,88
2026-05-03T23:58:44.097Z,2026-05-03 19:58:44.097,102652,28,3823,-53,88
2026-05-03T23:58:44.137Z,2026-05-03 19:58:44.137,102652,29,3827,-35,96
2026-05-03T23:58:44.177Z,2026-05-03 19:58:44.177,102652,30,3816,-53,54
2026-05-03T23:58:44.217Z,2026-05-03 19:58:44.217,102652,31,3818,-43,49
2026-05-03T23:58:44.257Z,2026-05-03 19:58:44.257,102652,32,3816,-44,56
2026-05-03T23:58:44.297Z,2026-05-03 19:58:44.297,102652,33,3815,-39,43
2026-05-03T23:58:44.337Z,2026-05-03 19:58:44.337,102652,34,3839,-48,55
2026-05-03T23:58:44.377Z,2026-05-03 19:58:44.377,102652,35,3849,-30,77
2026-05-03T23:58:44.417Z,2026-05-03 19:58:44.417,102652,36,3827,-51,77
2026-05-03T23:58:44.457Z,2026-05-03 19:58:44.457,102652,37,3820,-41,98
2026-05-03T23:58:44.497Z,2026-05-03 19:58:44.497,102652,38,3818,-46,100
2026-05-03T23:58:44.537Z,2026-05-03 19:58:44.537,102652,39,3827,-44,90
2026-05-03T23:58:44.577Z,2026-05-03 19:58:44.577,102652,40,3811,-37,83
2026-05-03T23:58:44.617Z,2026-05-03 19:58:44.617,102652,41,3809,-45,79
2026-05-03T23:58:44.657Z,2026-05-03 19:58:44.657,102652,42,3824,-46,48
2026-05-03T23:58:44.697Z,2026-05-03 19:58:44.697,102652,43,3796,-53,53
2026-05-03T23:58:44.737Z,2026-05-03 19:58:44.737,102652,44,3825,-42,24
2026-05-03T23:58:44.777Z,2026-05-03 19:58:44.777,102652,45,3807,-51,54
2026-05-03T23:58:44.817Z,2026-05-03 19:58:44.817,102652,46,3808,-42,84
2026-05-03T23:58:44.857Z,2026-05-03 19:58:44.857,102652,47,3810,-48,96
2026-05-03T23:58:44.897Z,2026-05-03 19:58:44.897,102652,48,3826,-54,94
2026-05-03T23:58:44.937Z,2026-05-03 19:58:44.937,102652,49,3817,-45,94
2026-05-03T23:58:44.977Z,2026-05-03 19:58:44.977,102652,50,3824,-47,96
2026-05-03T23:58:45.017Z,2026-05-03 19:58:45.017,102652,51,3835,-40,93
2026-05-03T23:58:45.057Z,2026-05-03 19:58:45.057,102652,52,3809,-46,66
2026-05-03T23:58:45.097Z,2026-05-03 19:58:45.097,102652,53,3808,-60,58
2026-05-03T23:58:45.137Z,2026-05-03 19:58:45.137,102652,54,3821,-52,46
2026-05-03T23:58:45.177Z,2026-05-03 19:58:45.177,102652,55,3806,-54,51
2026-05-03T23:58:45.217Z,2026-05-03 19:58:45.217,102652,56,3802,-37,55
2026-05-03T23:58:45.257Z,2026-05-03 19:58:45.257,102652,57,3813,-43,65
2026-05-03T23:58:45.297Z,2026-05-03 19:58:45.297,102652,58,3812,-59,86
2026-05-03T23:58:45.337Z,2026-05-03 19:58:45.337,102652,59,3824,-40,98
2026-05-03T23:58:45.377Z,2026-05-03 19:58:45.377,102652,60,3802,-45,98
2026-05-03T23:58:45.417Z,2026-05-03 19:58:45.417,102652,61,3811,-44,105
2026-05-03T23:58:45.457Z,2026-05-03 19:58:45.457,102652,62,3806,-39,76
2026-05-03T23:58:45.497Z,2026-05-03 19:58:45.497,102652,63,3807,-50,62
2026-05-03T23:58:45.537Z,2026-05-03 19:58:45.537,102652,64,3804,-59,59
2026-05-03T23:58:45.577Z,2026-05-03 19:58:45.577,102652,65,3812,-62,62
2026-05-03T23:58:45.617Z,2026-05-03 19:58:45.617,102652,66,3823,-37,59
2026-05-03T23:58:45.657Z,2026-05-03 19:58:45.657,102652,67,3822,-51,63
2026-05-03T23:58:45.697Z,2026-05-03 19:58:45.697,102652,68,3817,-53,61
2026-05-03T23:58:45.737Z,2026-05-03 19:58:45.737,102652,69,3840,-45,84
2026-05-03T23:58:45.777Z,2026-05-03 19:58:45.777,102652,70,3815,-45,86
2026-05-03T23:58:45.817Z,2026-05-03 19:58:45.817,102652,71,3824,-52,94
2026-05-03T23:58:45.857Z,2026-05-03 19:58:45.857,102652,72,3816,-46,88
2026-05-03T23:58:45.897Z,2026-05-03 19:58:45.897,102652,73,3807,-49,90
2026-05-03T23:58:45.937Z,2026-05-03 19:58:45.937,102652,74,3817,-50,56
2026-05-03T23:58:45.977Z,2026-05-03 19:58:45.977,102652,75,3827,-55,63
2026-05-03T23:58:46.017Z,2026-05-03 19:58:46.017,102652,76,3820,-60,45
2026-05-03T23:58:46.057Z,2026-05-03 19:58:46.057,102652,77,3803,-38,36
2026-05-03T23:58:46.097Z,2026-05-03 19:58:46.097,102652,78,3823,-44,62
2026-05-03T23:58:46.137Z,2026-05-03 19:58:46.137,102652,79,3827,-42,69
2026-05-03T23:58:46.177Z,2026-05-03 19:58:46.177,102652,80,3822,-51,86
2026-05-03T23:58:46.217Z,2026-05-03 19:58:46.217,102652,81,3811,-48,94
2026-05-03T23:58:46.257Z,2026-05-03 19:58:46.257,102652,82,3809,-56,101
2026-05-03T23:58:46.297Z,2026-05-03 19:58:46.297,102652,83,3824,-37,92
2026-05-03T23:58:46.337Z,2026-05-03 19:58:46.337,102652,84,3818,-37,82
2026-05-03T23:58:46.377Z,2026-05-03 19:58:46.377,102652,85,3813,-33,73
2026-05-03T23:58:46.417Z,2026-05-03 19:58:46.417,102652,86,3803,-55,61
2026-05-03T23:58:46.457Z,2026-05-03 19:58:46.457,102652,87,3817,-41,60
2026-05-03T23:58:46.497Z,2026-05-03 19:58:46.497,102652,88,3811,-51,53
2026-05-03T23:58:46.537Z,2026-05-03 19:58:46.537,102652,89,3802,-37,71
2026-05-03T23:58:46.577Z,2026-05-03 19:58:46.577,102652,90,3813,-41,65
2026-05-03T23:58:46.617Z,2026-05-03 19:58:46.617,102652,91,3815,-46,86
2026-05-03T23:58:46.657Z,2026-05-03 19:58:46.657,102652,92,3801,-42,96
2026-05-03T23:58:46.697Z,2026-05-03 19:58:46.697,102652,93,3839,-48,101
2026-05-03T23:58:46.737Z,2026-05-03 19:58:46.737,102652,94,3827,-50,100
2026-05-03T23:58:46.777Z,2026-05-03 19:58:46.777,102652,95,3821,-41,88
2026-05-03T23:58:46.817Z,2026-05-03 19:58:46.817,102652,96,3812,-46,60
2026-05-03T23:58:46.857Z,2026-05-03 19:58:46.857,102652,97,3805,-47,66
2026-05-03T23:58:46.897Z,2026-05-03 19:58:46.897,102652,98,3814,-59,56
2026-05-03T23:58:46.937Z,2026-05-03 19:58:46.937,102652,99,3828,-35,55
2026-05-03T23:58:46.977Z,2026-05-03 19:58:46.977,102652,100,3805,-41,62
2026-05-03T23:58:47.017Z,2026-05-03 19:58:47.017,102653,1,3813,-44,65
2026-05-03T23:58:47.057Z,2026-05-03 19:58:47.057,102653,2,3824,-46,88
2026-05-03T23:58:47.097Z,2026-05-03 19:58:47.097,102653,3,3806,-52,97
2026-05-03T23:58:47.137Z,2026-05-03 19:58:47.137,102653,4,3815,-51,85
2026-05-03T23:58:47.177Z,2026-05-03 19:58:47.177,102653,5,3811,-43,82
2026-05-03T23:58:47.217Z,2026-05-03 19:58:47.217,102653,6,3824,-38,79
2026-05-03T23:58:47.257Z,2026-05-03 19:58:47.257,102653,7,3815,-51,67
2026-05-03T23:58:47.297Z,2026-05-03 19:58:47.297,102653,8,3800,-58,76
2026-05-03T23:58:47.337Z,2026-05-03 19:58:47.337,102653,9,3807,-54,61
2026-05-03T23:58:47.377Z,2026-05-03 19:58:47.377,102653,10,3808,-46,62
2026-05-03T23:58:47.417Z,2026-05-03 19:58:47.417,102653,11,3796,-44,55
2026-05-03T23:58:47.457Z,2026-05-03 19:58:47.457,102653,12,3820,-50,67
2026-05-03T23:58:47.497Z,2026-05-03 19:58:47.497,102653,13,3811,-50,84
2026-05-03T23:58:47.537Z,2026-05-03 19:58:47.537,102653,14,3805,-52,96
2026-05-03T23:58:47.577Z,2026-05-03 19:58:47.577,102653,15,3822,-41,103
2026-05-03T23:58:47.617Z,2026-05-03 19:58:47.617,102653,16,3804,-36,86
2026-05-03T23:58:47.657Z,2026-05-03 19:58:47.657,102653,17,3792,-50,73
2026-05-03T23:58:47.697Z,2026-05-03 19:58:47.697,102653,18,3812,-38,71
2026-05-03T23:58:47.737Z,2026-05-03 19:58:47.737,102653,19,3820,-61,60
2026-05-03T23:58:47.777Z,2026-05-03 19:58:47.777,102653,20,3807,-51,54
2026-05-03T23:58:47.817Z,2026-05-03 19:58:47.817,102653,21,3819,-43,60
2026-05-03T23:58:47.857Z,2026-05-03 19:58:47.857,102653,22,3813,-52,80
2026-05-03T23:58:47.897Z,2026-05-03 19:58:47.897,102653,23,3822,-54,81
2026-05-03T23:58:47.937Z,2026-05-03 19:58:47.937,102653,24,3819,-42,73
2026-05-03T23:58:47.977Z,2026-05-03 19:58:47.977,102653,25,3814,-45,97
2026-05-03T23:58:48.017Z,2026-05-03 19:58:48.017,102653,26,3805,-48,95
2026-05-03T23:58:48.057Z,2026-05-03 19:58:48.057,102653,27,3828,-36,95
2026-05-03T23:58:48.097Z,2026-05-03 19:58:48.097,102653,28,3811,-45,86
2026-05-03T23:58:48.137Z,2026-05-03 19:58:48.137,102653,29,3812,-42,67
2026-05-03T23:58:48.177Z,2026-05-03 19:58:48.177,102653,30,3805,-45,47
2026-05-03T23:58:48.217Z,2026-05-03 19:58:48.217,102653,31,3807,-43,54
2026-05-03T23:58:48.257Z,2026-05-03 19:58:48.257,102653,32,3825,-41,57
2026-05-03T23:58:48.297Z,2026-05-03 19:58:48.297,102653,33,3805,-48,61
2026-05-03T23:58:48.337Z,2026-05-03 19:58:48.337,102653,34,3819,-44,69
2026-05-03T23:58:48.377Z,2026-05-03 19:58:48.377,102653,35,3820,-44,87
2026-05-03T23:58:48.417Z,2026-05-03 19:58:48.417,102653,36,3824,-44,84
2026-05-03T23:58:48.457Z,2026-05-03 19:58:48.457,102653,37,3815,-48,99
2026-05-03T23:58:48.497Z,2026-05-03 19:58:48.497,102653,38,3822,-40,86
2026-05-03T23:58:48.537Z,2026-05-03 19:58:48.537,102653,39,3813,-47,85
2026-05-03T23:58:48.577Z,2026-05-03 19:58:48.577,102653,40,3814,-49,71
2026-05-03T23:58:48.617Z,2026-05-03 19:58:48.617,102653,41,3804,-48,61
2026-05-03T23:58:48.657Z,2026-05-03 19:58:48.657,102653,42,3812,-44,38
2026-05-03T23:58:48.697Z,2026-05-03 19:58:48.697,102653,43,3814,-51,49
2026-05-03T23:58:48.737Z,2026-05-03 19:58:48.737,102653,44,3821,-44,70
2026-05-03T23:58:48.777Z,2026-05-03 19:58:48.777,102653,45,3812,-44,76
2026-05-03T23:58:48.817Z,2026-05-03 19:58:48.817,102653,46,3806,-47,84
2026-05-03T23:58:48.857Z,2026-05-03 19:58:48.857,102653,47,3809,-44,103
2026-05-03T23:58:48.897Z,2026-05-03 19:58:48.897,102653,48,3805,-44,104
2026-05-03T23:58:48.937Z,2026-05-03 19:58:48.937,102653,49,3817,-43,92
2026-05-03T23:58:48.977Z,2026-05-03 19:58:48.977,102653,50,3821,-39,74
2026-05-03T23:58:49.017Z,2026-05-03 19:58:49.017,102653,51,3819,-42,58
2026-05-03T23:58:49.057Z,2026-05-03 19:58:49.057,102653,52,3809,-45,65
2026-05-03T23:58:49.097Z,2026-05-03 19:58:49.097,102653,53,3811,-49,59
2026-05-03T23:58:49.137Z,2026-05-03 19:58:49.137,102653,54,3811,-49,64
2026-05-03T23:58:49.177Z,2026-05-03 19:58:49.177,102653,55,3814,-52,53
2026-05-03T23:58:49.217Z,2026-05-03 19:58:49.217,102653,56,3824,-46,73
2026-05-03T23:58:49.257Z,2026-05-03 19:58:49.257,102653,57,3820,-53,76
2026-05-03T23:58:49.297Z,2026-05-03 19:58:49.297,102653,58,3828,-46,86
2026-05-03T23:58:49.337Z,2026-05-03 19:58:49.337,102653,59,3837,-42,94
2026-05-03T23:58:49.377Z,2026-05-03 19:58:49.377,102653,60,3822,-42,97
2026-05-03T23:58:49.417Z,2026-05-03 19:58:49.417,102653,61,3811,-46,85
2026-05-03T23:58:49.457Z,2026-05-03 19:58:49.457,102653,62,3823,-58,69
2026-05-03T23:58:49.497Z,2026-05-03 19:58:49.497,102653,63,3805,-39,63
2026-05-03T23:58:49.537Z,2026-05-03 19:58:49.537,102653,64,3799,-46,54
2026-05-03T23:58:49.577Z,2026-05-03 19:58:49.577,102653,65,3816,-61,70
2026-05-03T23:58:49.617Z,2026-05-03 19:58:49.617,102653,66,3806,-58,69
2026-05-03T23:58:49.657Z,2026-05-03 19:58:49.657,102653,67,3812,-47,75
2026-05-03T23:58:49.697Z,2026-05-03 19:58:49.697,102653,68,3803,-47,73
2026-05-03T23:58:49.737Z,2026-05-03 19:58:49.737,102653,69,3821,-46,90
2026-05-03T23:58:49.777Z,2026-05-03 19:58:49.777,102653,70,3812,-41,94
2026-05-03T23:58:49.817Z,2026-05-03 19:58:49.817,102653,71,3805,-39,87
2026-05-03T23:58:49.857Z,2026-05-03 19:58:49.857,102653,72,3802,-48,83
2026-05-03T23:58:49.897Z,2026-05-03 19:58:49.897,102653,73,3804,-43,80
2026-05-03T23:58:49.937Z,2026-05-03 19:58:49.937,102653,74,3808,-38,50
2026-05-03T23:58:49.977Z,2026-05-03 19:58:49.977,102653,75,3812,-47,52
2026-05-03T23:58:50.017Z,2026-05-03 19:58:50.017,102653,76,3802,-49,53
2026-05-03T23:58:50.057Z,2026-05-03 19:58:50.057,102653,77,3808,-54,58
2026-05-03T23:58:50.097Z,2026-05-03 19:58:50.097,102653,78,3810,-40,65
2026-05-03T23:58:50.137Z,2026-05-03 19:58:50.137,102653,79,3819,-39,79
2026-05-03T23:58:50.177Z,2026-05-03 19:58:50.177,102653,80,3814,-48,84
2026-05-03T23:58:50.217Z,2026-05-03 19:58:50.217,102653,81,3834,-49,79
2026-05-03T23:58:50.257Z,2026-05-03 19:58:50.257,102653,82,3808,-45,88
2026-05-03T23:58:50.297Z,2026-05-03 19:58:50.297,102653,83,3813,-44,68
2026-05-03T23:58:50.337Z,2026-05-03 19:58:50.337,102653,84,3813,-44,77
2026-05-03T23:58:50.377Z,2026-05-03 19:58:50.377,102653,85,3805,-56,62
2026-05-03T23:58:50.417Z,2026-05-03 19:58:50.417,102653,86,3808,-42,56
2026-05-03T23:58:50.457Z,2026-05-03 19:58:50.457,102653,87,3814,-55,52
2026-05-03T23:58:50.497Z,2026-05-03 19:58:50.497,102653,88,3812,-49,75
2026-05-03T23:58:50.537Z,2026-05-03 19:58:50.537,102653,89,3823,-55,74
2026-05-03T23:58:50.577Z,2026-05-03 19:58:50.577,102653,90,3812,-47,81
2026-05-03T23:58:50.617Z,2026-05-03 19:58:50.617,102653,91,3830,-43,86
2026-05-03T23:58:50.657Z,2026-05-03 19:58:50.657,102653,92,3819,-40,88
2026-05-03T23:58:50.697Z,2026-05-03 19:58:50.697,102653,93,3812,-41,99
2026-05-03T23:58:50.737Z,2026-05-03 19:58:50.737,102653,94,3799,-49,88
2026-05-03T23:58:50.777Z,2026-05-03 19:58:50.777,102653,95,3819,-46,59
2026-05-03T23:58:50.817Z,2026-05-03 19:58:50.817,102653,96,3803,-47,64
2026-05-03T23:58:50.857Z,2026-05-03 19:58:50.857,102653,97,3814,-43,55
2026-05-03T23:58:50.897Z,2026-05-03 19:58:50.897,102653,98,3828,-41,62
2026-05-03T23:58:50.937Z,2026-05-03 19:58:50.937,102653,99,3808,-49,74
2026-05-03T23:58:50.977Z,2026-05-03 19:58:50.977,102653,100,3800,-58,81
2026-05-03T23:58:51.017Z,2026-05-03 19:58:51.017,102654,1,3814,-61,85
2026-05-03T23:58:51.057Z,2026-05-03 19:58:51.057,102654,2,3810,-38,89
2026-05-03T23:58:51.097Z,2026-05-03 19:58:51.097,102654,3,3805,-29,86
2026-05-03T23:58:51.137Z,2026-05-03 19:58:51.137,102654,4,3817,-35,91
2026-05-03T23:58:51.177Z,2026-05-03 19:58:51.177,102654,5,3818,-49,81
2026-05-03T23:58:51.217Z,2026-05-03 19:58:51.217,102654,6,3816,-50,79
2026-05-03T23:58:51.257Z,2026-05-03 19:58:51.257,102654,7,3827,-47,62
2026-05-03T23:58:51.297Z,2026-05-03 19:58:51.297,102654,8,3834,-56,63
2026-05-03T23:58:51.337Z,2026-05-03 19:58:51.337,102654,9,3812,-48,63
2026-05-03T23:58:51.377Z,2026-05-03 19:58:51.377,102654,10,3813,-46,68
2026-05-03T23:58:51.417Z,2026-05-03 19:58:51.417,102654,11,3806,-55,86
2026-05-03T23:58:51.457Z,2026-05-03 19:58:51.457,102654,12,3816,-54,93
2026-05-03T23:58:51.497Z,2026-05-03 19:58:51.497,102654,13,3811,-40,99
2026-05-03T23:58:51.537Z,2026-05-03 19:58:51.537,102654,14,3825,-36,89
2026-05-03T23:58:51.577Z,2026-05-03 19:58:51.577,102654,15,3808,-56,97
2026-05-03T23:58:51.617Z,2026-05-03 19:58:51.617,102654,16,3819,-43,76
2026-05-03T23:58:51.657Z,2026-05-03 19:58:51.657,102654,17,3805,-51,83
2026-05-03T23:58:51.697Z,2026-05-03 19:58:51.697,102654,18,3825,-42,75
2026-05-03T23:58:51.737Z,2026-05-03 19:58:51.737,102654,19,3806,-33,59
2026-05-03T23:58:51.777Z,2026-05-03 19:58:51.777,102654,20,3822,-49,61
2026-05-03T23:58:51.817Z,2026-05-03 19:58:51.817,102654,21,3815,-56,69
2026-05-03T23:58:51.857Z,2026-05-03 19:58:51.857,102654,22,3802,-68,65
2026-05-03T23:58:51.897Z,2026-05-03 19:58:51.897,102654,23,3818,-52,76
2026-05-03T23:58:51.937Z,2026-05-03 19:58:51.937,102654,24,3812,-61,93
2026-05-03T23:58:51.977Z,2026-05-03 19:58:51.977,102654,25,3824,-27,86
2026-05-03T23:58:52.017Z,2026-05-03 19:58:52.017,102654,26,3818,-51,100
2026-05-03T23:58:52.057Z,2026-05-03 19:58:52.057,102654,27,3817,-65,79
2026-05-03T23:58:52.097Z,2026-05-03 19:58:52.097,102654,28,3810,-54,77
2026-05-03T23:58:52.137Z,2026-05-03 19:58:52.137,102654,29,3829,-40,48
2026-05-03T23:58:52.177Z,2026-05-03 19:58:52.177,102654,30,3808,-57,50
2026-05-03T23:58:52.217Z,2026-05-03 19:58:52.217,102654,31,3823,-45,57
2026-05-03T23:58:52.257Z,2026-05-03 19:58:52.257,102654,32,3827,-49,79
2026-05-03T23:58:52.297Z,2026-05-03 19:58:52.297,102654,33,3824,-58,84
2026-05-03T23:58:52.337Z,2026-05-03 19:58:52.337,102654,34,3821,-60,91
2026-05-03T23:58:52.377Z,2026-05-03 19:58:52.377,102654,35,3821,-49,88
2026-05-03T23:58:52.417Z,2026-05-03 19:58:52.417,102654,36,3818,-39,91
2026-05-03T23:58:52.457Z,2026-05-03 19:58:52.457,102654,37,3819,-40,84
2026-05-03T23:58:52.497Z,2026-05-03 19:58:52.497,102654,38,3808,-42,78
2026-05-03T23:58:52.537Z,2026-05-03 19:58:52.537,102654,39,3797,-46,66
2026-05-03T23:58:52.577Z,2026-05-03 19:58:52.577,102654,40,3811,-53,69
2026-05-03T23:58:52.617Z,2026-05-03 19:58:52.617,102654,41,3808,-40,77
2026-05-03T23:58:52.657Z,2026-05-03 19:58:52.657,102654,42,3814,-43,68
2026-05-03T23:58:52.697Z,2026-05-03 19:58:52.697,102654,43,3817,-43,58
2026-05-03T23:58:52.737Z,2026-05-03 19:58:52.737,102654,44,3804,-52,56
2026-05-03T23:58:52.777Z,2026-05-03 19:58:52.777,102654,45,3807,-43,88
2026-05-03T23:58:52.817Z,2026-05-03 19:58:52.817,102654,46,3825,-46,98
2026-05-03T23:58:52.857Z,2026-05-03 19:58:52.857,102654,47,3812,-46,91
2026-05-03T23:58:52.897Z,2026-05-03 19:58:52.897,102654,48,3810,-47,91
2026-05-03T23:58:52.937Z,2026-05-03 19:58:52.937,102654,49,3814,-46,87
2026-05-03T23:58:52.977Z,2026-05-03 19:58:52.977,102654,50,3824,-50,72
2026-05-03T23:58:53.017Z,2026-05-03 19:58:53.017,102654,51,3815,-40,63
2026-05-03T23:58:53.057Z,2026-05-03 19:58:53.057,102654,52,3821,-33,60
2026-05-03T23:58:53.097Z,2026-05-03 19:58:53.097,102654,53,3811,-40,51
2026-05-03T23:58:53.137Z,2026-05-03 19:58:53.137,102654,54,3815,-35,70
2026-05-03T23:58:53.177Z,2026-05-03 19:58:53.177,102654,55,3817,-62,87
2026-05-03T23:58:53.217Z,2026-05-03 19:58:53.217,102654,56,3806,-42,64
2026-05-03T23:58:53.257Z,2026-05-03 19:58:53.257,102654,57,3823,-45,93
2026-05-03T23:58:53.297Z,2026-05-03 19:58:53.297,102654,58,3797,-50,81
2026-05-03T23:58:53.337Z,2026-05-03 19:58:53.337,102654,59,3818,-59,85
2026-05-03T23:58:53.377Z,2026-05-03 19:58:53.377,102654,60,3813,-46,87
2026-05-03T23:58:53.417Z,2026-05-03 19:58:53.417,102654,61,3821,-51,67
2026-05-03T23:58:53.457Z,2026-05-03 19:58:53.457,102654,62,3795,-40,52
2026-05-03T23:58:53.497Z,2026-05-03 19:58:53.497,102654,63,3823,-50,58
2026-05-03T23:58:53.537Z,2026-05-03 19:58:53.537,102654,64,3812,-35,49
2026-05-03T23:58:53.577Z,2026-05-03 19:58:53.577,102654,65,3809,-41,52
2026-05-03T23:58:53.617Z,2026-05-03 19:58:53.617,102654,66,3808,-47,71
2026-05-03T23:58:53.657Z,2026-05-03 19:58:53.657,102654,67,3819,-44,92
2026-05-03T23:58:53.697Z,2026-05-03 19:58:53.697,102654,68,3815,-43,90
2026-05-03T23:58:53.737Z,2026-05-03 19:58:53.737,102654,69,3813,-35,80
2026-05-03T23:58:53.777Z,2026-05-03 19:58:53.777,102654,70,3812,-39,84
2026-05-03T23:58:53.817Z,2026-05-03 19:58:53.817,102654,71,3821,-66,85
2026-05-03T23:58:53.857Z,2026-05-03 19:58:53.857,102654,72,3804,-41,62
2026-05-03T23:58:53.897Z,2026-05-03 19:58:53.897,102654,73,3814,-41,66
2026-05-03T23:58:53.937Z,2026-05-03 19:58:53.937,102654,74,3820,-42,57
2026-05-03T23:58:53.977Z,2026-05-03 19:58:53.977,102654,75,3813,-54,55
2026-05-03T23:58:54.017Z,2026-05-03 19:58:54.017,102654,76,3816,-59,59
2026-05-03T23:58:54.057Z,2026-05-03 19:58:54.057,102654,77,3822,-61,67
2026-05-03T23:58:54.097Z,2026-05-03 19:58:54.097,102654,78,3812,-57,63
2026-05-03T23:58:54.137Z,2026-05-03 19:58:54.137,102654,79,3812,-43,99
2026-05-03T23:58:54.177Z,2026-05-03 19:58:54.177,102654,80,3821,-48,89
2026-05-03T23:58:54.217Z,2026-05-03 19:58:54.217,102654,81,3813,-51,77
2026-05-03T23:58:54.257Z,2026-05-03 19:58:54.257,102654,82,3814,-51,70
2026-05-03T23:58:54.297Z,2026-05-03 19:58:54.297,102654,83,3821,-43,70
2026-05-03T23:58:54.337Z,2026-05-03 19:58:54.337,102654,84,3819,-43,50
2026-05-03T23:58:54.377Z,2026-05-03 19:58:54.377,102654,85,3806,-47,56
2026-05-03T23:58:54.417Z,2026-05-03 19:58:54.417,102654,86,3808,-53,61
2026-05-03T23:58:54.457Z,2026-05-03 19:58:54.457,102654,87,3816,-58,76
2026-05-03T23:58:54.497Z,2026-05-03 19:58:54.497,102654,88,3811,-41,79
2026-05-03T23:58:54.537Z,2026-05-03 19:58:54.537,102654,89,3817,-38,79
2026-05-03T23:58:54.577Z,2026-05-03 19:58:54.577,102654,90,3813,-40,91
2026-05-03T23:58:54.617Z,2026-05-03 19:58:54.617,102654,91,3807,-29,73
2026-05-03T23:58:54.657Z,2026-05-03 19:58:54.657,102654,92,3836,-47,70
2026-05-03T23:58:54.697Z,2026-05-03 19:58:54.697,102654,93,3812,-58,84
2026-05-03T23:58:54.737Z,2026-05-03 19:58:54.737,102654,94,3819,-44,86
2026-05-03T23:58:54.777Z,2026-05-03 19:58:54.777,102654,95,3817,-47,67
2026-05-03T23:58:54.817Z,2026-05-03 19:58:54.817,102654,96,3813,-55,59
2026-05-03T23:58:54.857Z,2026-05-03 19:58:54.857,102654,97,3822,-48,52
2026-05-03T23:58:54.897Z,2026-05-03 19:58:54.897,102654,98,3808,-53,55
2026-05-03T23:58:54.937Z,2026-05-03 19:58:54.937,102654,99,3811,-46,60
2026-05-03T23:58:54.977Z,2026-05-03 19:58:54.977,102654,100,3805,-33,100
2026-05-03T23:58:55.017Z,2026-05-03 19:58:55.017,102655,1,3820,-36,96
2026-05-03T23:58:55.057Z,2026-05-03 19:58:55.057,102655,2,3810,-46,92
2026-05-03T23:58:55.097Z,2026-05-03 19:58:55.097,102655,3,3798,-56,86
2026-05-03T23:58:55.137Z,2026-05-03 19:58:55.137,102655,4,3819,-51,58
2026-05-03T23:58:55.177Z,2026-05-03 19:58:55.177,102655,5,3816,-35,72
2026-05-03T23:58:55.217Z,2026-05-03 19:58:55.217,102655,6,3821,-42,63
2026-05-03T23:58:55.257Z,2026-05-03 19:58:55.257,102655,7,3811,-42,64
2026-05-03T23:58:55.297Z,2026-05-03 19:58:55.297,102655,8,3822,-44,68
2026-05-03T23:58:55.337Z,2026-05-03 19:58:55.337,102655,9,3815,-52,72
2026-05-03T23:58:55.377Z,2026-05-03 19:58:55.377,102655,10,3810,-54,73
2026-05-03T23:58:55.417Z,2026-05-03 19:58:55.417,102655,11,3812,-35,79
2026-05-03T23:58:55.457Z,2026-05-03 19:58:55.457,102655,12,3813,-31,79
2026-05-03T23:58:55.497Z,2026-05-03 19:58:55.497,102655,13,3818,-43,90
2026-05-03T23:58:55.537Z,2026-05-03 19:58:55.537,102655,14,3806,-54,88
2026-05-03T23:58:55.577Z,2026-05-03 19:58:55.577,102655,15,3824,-49,74
2026-05-03T23:58:55.617Z,2026-05-03 19:58:55.617,102655,16,3811,-36,79
2026-05-03T23:58:55.657Z,2026-05-03 19:58:55.657,102655,17,3808,-43,66
2026-05-03T23:58:55.697Z,2026-05-03 19:58:55.697,102655,18,3817,-38,62
2026-05-03T23:58:55.737Z,2026-05-03 19:58:55.737,102655,19,3810,-55,47
2026-05-03T23:58:55.777Z,2026-05-03 19:58:55.777,102655,20,3800,-36,58
2026-05-03T23:58:55.817Z,2026-05-03 19:58:55.817,102655,21,3817,-41,75
2026-05-03T23:58:55.857Z,2026-05-03 19:58:55.857,102655,22,3814,-31,87
2026-05-03T23:58:55.897Z,2026-05-03 19:58:55.897,102655,23,3819,-37,97
2026-05-03T23:58:55.937Z,2026-05-03 19:58:55.937,102655,24,3822,-55,84
2026-05-03T23:58:55.977Z,2026-05-03 19:58:55.977,102655,25,3805,-55,72
2026-05-03T23:58:56.017Z,2026-05-03 19:58:56.017,102655,26,3810,-48,84
2026-05-03T23:58:56.057Z,2026-05-03 19:58:56.057,102655,27,3828,-50,54
2026-05-03T23:58:56.097Z,2026-05-03 19:58:56.097,102655,28,3805,-25,68
2026-05-03T23:58:56.137Z,2026-05-03 19:58:56.137,102655,29,3809,-46,68
2026-05-03T23:58:56.177Z,2026-05-03 19:58:56.177,102655,30,3805,-43,67
2026-05-03T23:58:56.217Z,2026-05-03 19:58:56.217,102655,31,3810,-46,71
2026-05-03T23:58:56.257Z,2026-05-03 19:58:56.257,102655,32,3805,-46,70
2026-05-03T23:58:56.297Z,2026-05-03 19:58:56.297,102655,33,3805,-52,70
2026-05-03T23:58:56.337Z,2026-05-03 19:58:56.337,102655,34,3813,-38,91
2026-05-03T23:58:56.377Z,2026-05-03 19:58:56.377,102655,35,3810,-65,90
2026-05-03T23:58:56.417Z,2026-05-03 19:58:56.417,102655,36,3811,-50,92
2026-05-03T23:58:56.457Z,2026-05-03 19:58:56.457,102655,37,3807,-48,87
2026-05-03T23:58:56.497Z,2026-05-03 19:58:56.497,102655,38,3816,-37,60
2026-05-03T23:58:56.537Z,2026-05-03 19:58:56.537,102655,39,3822,-41,68
2026-05-03T23:58:56.577Z,2026-05-03 19:58:56.577,102655,40,3835,-53,63
2026-05-03T23:58:56.617Z,2026-05-03 19:58:56.617,102655,41,3821,-57,55
2026-05-03T23:58:56.657Z,2026-05-03 19:58:56.657,102655,42,3825,-47,66
2026-05-03T23:58:56.697Z,2026-05-03 19:58:56.697,102655,43,3819,-49,77
2026-05-03T23:58:56.737Z,2026-05-03 19:58:56.737,102655,44,3808,-47,83
2026-05-03T23:58:56.777Z,2026-05-03 19:58:56.777,102655,45,3815,-41,85
2026-05-03T23:58:56.817Z,2026-05-03 19:58:56.817,102655,46,3819,-46,92
2026-05-03T23:58:56.857Z,2026-05-03 19:58:56.857,102655,47,3807,-46,94
2026-05-03T23:58:56.897Z,2026-05-03 19:58:56.897,102655,48,3813,-40,73
2026-05-03T23:58:56.937Z,2026-05-03 19:58:56.937,102655,49,3807,-38,68
2026-05-03T23:58:56.977Z,2026-05-03 19:58:56.977,102655,50,3805,-53,56
2026-05-03T23:58:57.017Z,2026-05-03 19:58:57.017,102655,51,3808,-58,48
2026-05-03T23:58:57.057Z,2026-05-03 19:58:57.057,102655,52,3813,-59,62
2026-05-03T23:58:57.097Z,2026-05-03 19:58:57.097,102655,53,3802,-43,64
2026-05-03T23:58:57.137Z,2026-05-03 19:58:57.137,102655,54,3804,-51,75
2026-05-03T23:58:57.177Z,2026-05-03 19:58:57.177,102655,55,3823,-31,90
2026-05-03T23:58:57.217Z,2026-05-03 19:58:57.217,102655,56,3815,-56,93
2026-05-03T23:58:57.257Z,2026-05-03 19:58:57.257,102655,57,3816,-60,86
2026-05-03T23:58:57.297Z,2026-05-03 19:58:57.297,102655,58,3814,-52,69
2026-05-03T23:58:57.337Z,2026-05-03 19:58:57.337,102655,59,3813,-47,79
2026-05-03T23:58:57.377Z,2026-05-03 19:58:57.377,102655,60,3809,-35,64
2026-05-03T23:58:57.417Z,2026-05-03 19:58:57.417,102655,61,3814,-50,71
2026-05-03T23:58:57.457Z,2026-05-03 19:58:57.457,102655,62,3819,-41,67
2026-05-03T23:58:57.497Z,2026-05-03 19:58:57.497,102655,63,3804,-64,54
2026-05-03T23:58:57.537Z,2026-05-03 19:58:57.537,102655,64,3815,-42,75
2026-05-03T23:58:57.577Z,2026-05-03 19:58:57.577,102655,65,3818,-24,72
2026-05-03T23:58:57.617Z,2026-05-03 19:58:57.617,102655,66,3802,-40,79
2026-05-03T23:58:57.657Z,2026-05-03 19:58:57.657,102655,67,3804,-36,83
2026-05-03T23:58:57.697Z,2026-05-03 19:58:57.697,102655,68,3825,-32,80
2026-05-03T23:58:57.737Z,2026-05-03 19:58:57.737,102655,69,3817,-58,68
2026-05-03T23:58:57.777Z,2026-05-03 19:58:57.777,102655,70,3814,-47,77
2026-05-03T23:58:57.817Z,2026-05-03 19:58:57.817,102655,71,3810,-36,70
2026-05-03T23:58:57.857Z,2026-05-03 19:58:57.857,102655,72,3806,-48,59
2026-05-03T23:58:57.897Z,2026-05-03 19:58:57.897,102655,73,3804,-52,67
2026-05-03T23:58:57.937Z,2026-05-03 19:58:57.937,102655,74,3812,-65,64
2026-05-03T23:58:57.977Z,2026-05-03 19:58:57.977,102655,75,3795,-43,60
2026-05-03T23:58:58.017Z,2026-05-03 19:58:58.017,102655,76,3811,-39,72
2026-05-03T23:58:58.057Z,2026-05-03 19:58:58.057,102655,77,3823,-44,72
2026-05-03T23:58:58.097Z,2026-05-03 19:58:58.097,102655,78,3816,-50,89
2026-05-03T23:58:58.137Z,2026-05-03 19:58:58.137,102655,79,3809,-52,93
2026-05-03T23:58:58.177Z,2026-05-03 19:58:58.177,102655,80,3812,-51,83
2026-05-03T23:58:58.217Z,2026-05-03 19:58:58.217,102655,81,3805,-42,81
2026-05-03T23:58:58.257Z,2026-05-03 19:58:58.257,102655,82,3802,-40,57
2026-05-03T23:58:58.297Z,2026-05-03 19:58:58.297,102655,83,3809,-45,62
2026-05-03T23:58:58.337Z,2026-05-03 19:58:58.337,102655,84,3820,-62,61
2026-05-03T23:58:58.377Z,2026-05-03 19:58:58.377,102655,85,3813,-43,69
2026-05-03T23:58:58.417Z,2026-05-03 19:58:58.417,102655,86,3825,-49,86
2026-05-03T23:58:58.457Z,2026-05-03 19:58:58.457,102655,87,3825,-39,77
2026-05-03T23:58:58.497Z,2026-05-03 19:58:58.497,102655,88,3821,-42,85
2026-05-03T23:58:58.537Z,2026-05-03 19:58:58.537,102655,89,3823,-38,71
2026-05-03T23:58:58.577Z,2026-05-03 19:58:58.577,102655,90,3830,-42,83
2026-05-03T23:58:58.617Z,2026-05-03 19:58:58.617,102655,91,3802,-28,84
2026-05-03T23:58:58.657Z,2026-05-03 19:58:58.657,102655,92,3805,-52,81
2026-05-03T23:58:58.697Z,2026-05-03 19:58:58.697,102655,93,3810,-52,78
2026-05-03T23:58:58.737Z,2026-05-03 19:58:58.737,102655,94,3811,-49,77
2026-05-03T23:58:58.777Z,2026-05-03 19:58:58.777,102655,95,3812,-39,49
2026-05-03T23:58:58.817Z,2026-05-03 19:58:58.817,102655,96,3814,-38,51
2026-05-03T23:58:58.857Z,2026-05-03 19:58:58.857,102655,97,3802,-40,72
2026-05-03T23:58:58.897Z,2026-05-03 19:58:58.897,102655,98,3824,-35,65
2026-05-03T23:58:58.937Z,2026-05-03 19:58:58.937,102655,99,3809,-46,96
2026-05-03T23:58:58.977Z,2026-05-03 19:58:58.977,102655,100,3814,-60,104
2026-05-03T23:58:59.017Z,2026-05-03 19:58:59.017,102656,1,3818,-49,100
2026-05-03T23:58:59.057Z,2026-05-03 19:58:59.057,102656,2,3817,-44,75
2026-05-03T23:58:59.097Z,2026-05-03 19:58:59.097,102656,3,3813,-38,54
2026-05-03T23:58:59.137Z,2026-05-03 19:58:59.137,102656,4,3813,-57,60
2026-05-03T23:58:59.177Z,2026-05-03 19:58:59.177,102656,5,3813,-61,64
2026-05-03T23:58:59.217Z,2026-05-03 19:58:59.217,102656,6,3799,-48,80
2026-05-03T23:58:59.257Z,2026-05-03 19:58:59.257,102656,7,3815,-57,79
2026-05-03T23:58:59.297Z,2026-05-03 19:58:59.297,102656,8,3811,-47,69
2026-05-03T23:58:59.337Z,2026-05-03 19:58:59.337,102656,9,3819,-55,74
2026-05-03T23:58:59.377Z,2026-05-03 19:58:59.377,102656,10,3810,-58,83
2026-05-03T23:58:59.417Z,2026-05-03 19:58:59.417,102656,11,3808,-50,71
2026-05-03T23:58:59.457Z,2026-05-03 19:58:59.457,102656,12,3820,-41,92
2026-05-03T23:58:59.497Z,2026-05-03 19:58:59.497,102656,13,3806,-34,82
2026-05-03T23:58:59.537Z,2026-05-03 19:58:59.537,102656,14,3807,-48,74
2026-05-03T23:58:59.577Z,2026-05-03 19:58:59.577,102656,15,3810,-52,71
2026-05-03T23:58:59.617Z,2026-05-03 19:58:59.617,102656,16,3821,-56,69
2026-05-03T23:58:59.657Z,2026-05-03 19:58:59.657,102656,17,3809,-48,65
2026-05-03T23:58:59.697Z,2026-05-03 19:58:59.697,102656,18,3827,-35,63
2026-05-03T23:58:59.737Z,2026-05-03 19:58:59.737,102656,19,3809,-46,72
2026-05-03T23:58:59.777Z,2026-05-03 19:58:59.777,102656,20,3816,-53,86
2026-05-03T23:58:59.817Z,2026-05-03 19:58:59.817,102656,21,3830,-52,89
2026-05-03T23:58:59.857Z,2026-05-03 19:58:59.857,102656,22,3800,-47,81
2026-05-03T23:58:59.897Z,2026-05-03 19:58:59.897,102656,23,3819,-39,67
2026-05-03T23:58:59.937Z,2026-05-03 19:58:59.937,102656,24,3811,-50,70
2026-05-03T23:58:59.977Z,2026-05-03 19:58:59.977,102656,25,3822,-43,86
